supplier_id,country_risk_band,supplier_industry,business_criticality,inherent_tprm_rating,outsourcing_category,vendor_age_years,years_with_company
VEN-00001,Medium,Professional Services,Medium,Medium,Outsourcing,14.708393870224503,0.6184305306279163
VEN-00002,Low,Payments,High,Low,Material outsourcing,16.98088218332066,4.3113211879390745
VEN-00003,Medium,Facilities,Low,Low,Non-outsourcing,10.44430712847549,5.027722218783346
VEN-00004,Medium,Facilities,Medium,High,Outsourcing,13.997357920672975,8.264498521825564
VEN-00005,Low,Payments,Medium,Medium,Non-outsourcing,3.128514514671508,3.128514514671508
VEN-00006,High,Telecommunications,High,Low,Outsourcing,14.30970585028327,6.949005680055974
VEN-00007,Medium,Facilities,Critical,Medium,Outsourcing,9.06616214164326,9.06616214164326
VEN-00008,Medium,Technology,High,Medium,Non-outsourcing,14.03318560927389,5.612314848648516
VEN-00009,Low,Cloud,Medium,High,Outsourcing,10.684878607895005,1.4330175649960413
VEN-00010,Low,Technology,Medium,Medium,Non-outsourcing,10.615884625060918,4.096435018031956
VEN-00011,Low,Facilities,Medium,Low,Outsourcing,14.25339876180445,4.118876004428595
VEN-00012,High,Professional Services,Medium,Low,Non-outsourcing,9.30304789654717,5.284088784354623
VEN-00013,Low,Facilities,Low,Low,Outsourcing,10.412842945464211,9.551076031434947
VEN-00014,Medium,Telecommunications,High,Medium,Non-outsourcing,25.98708018843974,4.74670379038202
VEN-00015,Low,Telecommunications,High,Medium,Outsourcing,19.71341644201236,4.8240527575320895
VEN-00016,Low,Facilities,Medium,Medium,Non-outsourcing,9.756554671620442,9.756554671620442
VEN-00017,Low,Cloud,High,Medium,Outsourcing,10.791886951679022,2.459217711785964
VEN-00018,Low,Telecommunications,High,Medium,Non-outsourcing,7.925904739954602,5.951673646488003
VEN-00019,Medium,Telecommunications,Medium,Low,Non-outsourcing,9.08297395428634,3.2840842970948176
VEN-00020,Low,Professional Services,Low,Low,Outsourcing,9.309669469705604,6.342495051783101
VEN-00021,Medium,Payments,Low,Medium,Outsourcing,11.57054067628927,10.26887203772143
VEN-00022,Low,Payments,Medium,Medium,Outsourcing,3.3834652391232507,3.3834652391232507
VEN-00023,High,Facilities,Medium,High,Outsourcing,8.95348637694941,5.8763115131605685
VEN-00024,Medium,Facilities,Low,Low,Non-outsourcing,8.184030715375254,4.881742697710914
VEN-00025,Medium,Technology,Low,Medium,Material outsourcing,21.00924954092688,9.34950722508951
VEN-00026,Low,Payments,Low,Low,Non-outsourcing,10.7293990697109,7.980601872061389
VEN-00027,Low,Cloud,High,Medium,Material outsourcing,12.368494562011335,4.923125642324609
VEN-00028,Low,Telecommunications,High,Low,Material outsourcing,8.822440697175832,8.822440697175832
VEN-00029,Low,Telecommunications,Medium,Medium,Non-outsourcing,10.77383844402786,2.9584281026530874
VEN-00030,Medium,Payments,Low,Low,Non-outsourcing,9.082933490112548,9.082933490112548
VEN-00031,Medium,Technology,Low,Low,Outsourcing,11.657455334333015,9.578869858679926
VEN-00032,High,Payments,Low,Medium,Outsourcing,13.981588182421753,1.9261349361983648
VEN-00033,Low,Cloud,Medium,Medium,Non-outsourcing,5.27546944287184,3.182545339721785
VEN-00034,Low,Facilities,Low,Medium,Non-outsourcing,14.963826263093878,5.907354093753322
VEN-00035,Low,Telecommunications,Medium,Medium,Non-outsourcing,6.587705591724166,1.558854286742091
VEN-00036,Low,Professional Services,Critical,High,Outsourcing,26.444804426870384,8.11251559413713
VEN-00037,Low,Professional Services,Medium,Medium,Outsourcing,11.53386000139966,4.769893116874583
VEN-00038,Low,Facilities,High,Medium,Non-outsourcing,12.28324428937103,8.337528188197972
VEN-00039,Low,Cloud,Low,High,Outsourcing,12.526873894110622,7.673455604800559
VEN-00040,Medium,Professional Services,Medium,Medium,Outsourcing,11.167341056382154,4.251596194575885
VEN-00041,Low,Facilities,Critical,Medium,Material outsourcing,7.523409529018158,3.2412603112479204
VEN-00042,Medium,Cloud,Medium,Medium,Non-outsourcing,12.29911906677585,0.8457963220194683
VEN-00043,Medium,Professional Services,Medium,Low,Non-outsourcing,11.95110417515778,11.95110417515778
VEN-00044,Low,Cloud,Critical,Medium,Non-outsourcing,7.058826008848099,7.058826008848099
VEN-00045,Medium,Facilities,Medium,Medium,Outsourcing,5.310309517950922,2.1209843516319484
VEN-00046,Medium,Cloud,Medium,High,Non-outsourcing,17.02366208726783,4.759506562217083
VEN-00047,Low,Professional Services,Medium,High,Non-outsourcing,8.945564206499775,8.945564206499775
VEN-00048,Low,Facilities,Low,Low,Outsourcing,10.057092587546922,5.20913159927642
VEN-00049,Medium,Payments,Low,Low,Outsourcing,11.978394657231592,1.7192032102061694
VEN-00050,Low,Facilities,Low,Medium,Non-outsourcing,7.417529885260564,7.417529885260564
VEN-00051,Low,Payments,High,Medium,Non-outsourcing,12.82905875133837,1.7303506147377732
VEN-00052,Low,Facilities,High,Medium,Non-outsourcing,10.300244182322732,8.663423842105122
VEN-00053,Medium,Telecommunications,Medium,Medium,Non-outsourcing,10.793216084928549,6.464956867119684
VEN-00054,Medium,Professional Services,Low,Medium,Non-outsourcing,18.66381219642787,4.868313450612127
VEN-00055,Medium,Professional Services,High,High,Non-outsourcing,11.759138702863495,4.728769989987059
VEN-00056,Medium,Payments,Critical,Medium,Non-outsourcing,9.809639709970371,4.106925751257977
VEN-00057,Low,Telecommunications,Medium,Low,Material outsourcing,6.279981619564737,6.279981619564737
VEN-00058,Low,Facilities,Medium,Medium,Material outsourcing,12.496581849295543,2.0391536782371484
VEN-00059,Low,Facilities,High,Medium,Non-outsourcing,16.681195590843178,3.412132525511055
VEN-00060,Low,Technology,High,Low,Outsourcing,9.895592122355843,9.895592122355843
VEN-00061,Medium,Technology,Critical,Low,Non-outsourcing,16.61594773663758,16.488096480748247
VEN-00062,Low,Technology,Medium,Medium,Outsourcing,12.582864234190003,4.440762875297677
VEN-00063,Low,Cloud,Low,Medium,Material outsourcing,11.302828474512571,5.481972306947438
VEN-00064,Medium,Cloud,Medium,High,Outsourcing,13.340534460939857,2.3229304858991564
VEN-00065,Low,Technology,Medium,Medium,Outsourcing,5.427531620905191,2.9111937223377167
VEN-00066,Low,Technology,High,Low,Non-outsourcing,9.017353263511016,0.8936693955580307
VEN-00067,Low,Telecommunications,Low,Medium,Non-outsourcing,9.193536758617393,1.408098610209031
VEN-00068,Low,Facilities,Medium,Medium,Outsourcing,10.112508196463056,3.7511599168867207
VEN-00069,Low,Payments,Critical,High,Non-outsourcing,24.31884503194788,8.902318689029764
VEN-00070,Low,Facilities,Critical,Medium,Outsourcing,11.488940933773264,4.877717449830783
VEN-00071,Low,Payments,High,Medium,Outsourcing,4.968402465620822,4.968402465620822
VEN-00072,Low,Payments,Critical,High,Non-outsourcing,7.93066165479347,3.432526731519878
VEN-00073,Medium,Professional Services,Low,Medium,Outsourcing,10.797708013897644,9.985275109230152
VEN-00074,Low,Cloud,Medium,Low,Outsourcing,11.736650394992369,11.736650394992369
VEN-00075,Low,Telecommunications,Low,Medium,Outsourcing,2.0180630865039726,2.0180630865039726
VEN-00076,Low,Payments,Critical,Medium,Outsourcing,13.916182072713616,0.8414858503782064
VEN-00077,Low,Facilities,Critical,Medium,Outsourcing,14.209732196694908,0.8217316599493291
VEN-00078,Medium,Cloud,Low,High,Non-outsourcing,6.128226627397877,1.4822713977867477
VEN-00079,Low,Cloud,Low,Low,Outsourcing,16.452404633542002,2.7849973372429537
VEN-00080,Medium,Telecommunications,Medium,Medium,Non-outsourcing,9.859560490809374,8.526082248722572
VEN-00081,Medium,Technology,Low,Low,Non-outsourcing,6.772207950182965,3.658925043001604
VEN-00082,Low,Payments,High,Low,Material outsourcing,5.892240732769415,5.892240732769415
VEN-00083,Medium,Payments,Low,Medium,Non-outsourcing,13.770987415656707,3.1825535874388318
VEN-00084,Low,Technology,High,High,Non-outsourcing,8.207196901542213,8.207196901542213
VEN-00085,Low,Payments,Medium,Medium,Non-outsourcing,12.349049613209235,11.639507694462536
VEN-00086,Low,Payments,Medium,Medium,Material outsourcing,5.796559272622417,3.472490750702338
VEN-00087,Medium,Facilities,Low,Low,Material outsourcing,9.249915785931664,2.528401212795929
VEN-00088,Low,Professional Services,Critical,Medium,Non-outsourcing,13.331974863015493,11.731869275329208
VEN-00089,Low,Professional Services,Medium,Medium,Outsourcing,18.38338280465165,2.072211857592841
VEN-00090,Low,Payments,Medium,High,Non-outsourcing,19.353712892274867,3.281965693847592
VEN-00091,Low,Technology,Medium,Medium,Outsourcing,18.202384589532084,2.0441543652247507
VEN-00092,Medium,Cloud,Critical,High,Outsourcing,33.078314394784485,5.765716539994855
VEN-00093,Low,Facilities,High,High,Non-outsourcing,12.443685059798607,10.402755383878857
VEN-00094,Low,Payments,High,Medium,Outsourcing,5.702684510120362,3.5672561808226995
VEN-00095,Low,Telecommunications,Medium,Medium,Material outsourcing,8.028555830974174,8.028555830974174
VEN-00096,Low,Telecommunications,High,Medium,Non-outsourcing,19.096156616934746,6.0388255053438735
VEN-00097,Low,Cloud,Medium,High,Non-outsourcing,7.484534921719945,1.993462081985354
VEN-00098,Low,Technology,High,Medium,Material outsourcing,1.674826180493039,1.674826180493039
VEN-00099,Low,Facilities,Medium,Medium,Non-outsourcing,9.42746705393009,1.412217036860908
VEN-00100,High,Cloud,Medium,Medium,Outsourcing,16.285574824227144,1.914222080626936
VEN-00101,High,Telecommunications,Critical,Medium,Outsourcing,7.946519381563492,7.946519381563492
VEN-00102,Medium,Payments,Critical,High,Non-outsourcing,19.563030475354623,5.3824717967271685
VEN-00103,Low,Cloud,Medium,High,Non-outsourcing,25.49690304774696,4.824099484268015
VEN-00104,High,Professional Services,Medium,Low,Non-outsourcing,12.295686075641385,5.293382720270622
VEN-00105,Medium,Professional Services,High,Low,Non-outsourcing,27.738539432375298,2.476120929514944
VEN-00106,Medium,Facilities,Critical,High,Outsourcing,22.31561166611096,3.685006678291571
VEN-00107,Low,Telecommunications,High,Medium,Outsourcing,16.540196077399095,6.3145212602461545
VEN-00108,Low,Technology,Low,High,Non-outsourcing,13.125332229271056,1.1129827996079535
VEN-00109,Low,Facilities,Medium,Medium,Outsourcing,12.543991013889578,0.6537897960674698
VEN-00110,High,Telecommunications,High,High,Non-outsourcing,10.468337491486835,3.1337094081194325
VEN-00111,Low,Facilities,High,Medium,Non-outsourcing,14.454798630295784,2.763759604271356
VEN-00112,Low,Payments,High,Low,Outsourcing,3.3014849764982053,3.3014849764982053
VEN-00113,Low,Technology,High,Low,Non-outsourcing,22.812878715603432,2.470589641031113
VEN-00114,Low,Facilities,Medium,Medium,Outsourcing,27.983160332060898,6.414935929105377
VEN-00115,Low,Telecommunications,Medium,Low,Non-outsourcing,3.1486077566319173,2.7560550128553336
VEN-00116,Medium,Facilities,High,High,Outsourcing,16.042328299353205,6.160996419388538
VEN-00117,Medium,Cloud,Medium,Medium,Material outsourcing,21.90064616132132,5.450634371778459
VEN-00118,Medium,Facilities,High,Medium,Non-outsourcing,11.694838351275148,11.694838351275148
VEN-00119,Low,Facilities,High,Low,Material outsourcing,10.198727535334994,2.288874493823097
VEN-00120,Low,Technology,High,High,Non-outsourcing,9.04523293972489,2.296906634547843
VEN-00121,Low,Facilities,Medium,Medium,Non-outsourcing,8.1542784579687,8.1542784579687
VEN-00122,Low,Payments,High,High,Non-outsourcing,12.83135843321045,10.162661849725444
VEN-00123,Low,Telecommunications,Low,High,Outsourcing,19.48405379844333,3.3252077856614
VEN-00124,Low,Technology,Low,Medium,Outsourcing,3.52982819231901,2.396002297289691
VEN-00125,Low,Cloud,Medium,High,Material outsourcing,6.421361184754085,2.138432226361294
VEN-00126,Low,Payments,Low,Medium,Outsourcing,7.845113997081542,7.845113997081542
VEN-00127,Low,Professional Services,Critical,Medium,Non-outsourcing,4.569503822969029,2.919246378768983
VEN-00128,Low,Technology,Critical,Low,Material outsourcing,15.16764036034641,2.531465031795369
VEN-00129,Low,Payments,Low,Medium,Material outsourcing,14.160151404741066,2.4789424464525185
VEN-00130,Low,Cloud,High,Medium,Outsourcing,17.044289670959106,7.073656482860658
VEN-00131,Low,Payments,Medium,Medium,Outsourcing,2.789300563845784,2.789300563845784
VEN-00132,High,Facilities,High,Medium,Outsourcing,16.02339099097393,10.091219391659711
VEN-00133,Low,Cloud,High,High,Non-outsourcing,19.42708109604989,15.733674509718266
VEN-00134,Low,Facilities,Medium,Medium,Material outsourcing,15.320415549380431,5.457287552810083
VEN-00135,Low,Technology,Low,Low,Material outsourcing,11.212355481544703,5.8536551889804205
VEN-00136,Low,Professional Services,Low,Medium,Outsourcing,10.404060473709162,3.8928006833180544
VEN-00137,High,Professional Services,Medium,Low,Non-outsourcing,13.479835228298924,5.296515386445577
VEN-00138,Low,Payments,Critical,High,Non-outsourcing,12.683422024547856,0.886991450720171
VEN-00139,Medium,Payments,Medium,Medium,Material outsourcing,7.976960043496877,6.2293351364404135
VEN-00140,Low,Facilities,Medium,Medium,Material outsourcing,2.946913324238305,2.946913324238305
VEN-00141,Low,Professional Services,Low,Medium,Outsourcing,8.598513505658254,2.019834604999524
VEN-00142,Low,Payments,Critical,Medium,Material outsourcing,26.350416026666625,14.074293846754454
VEN-00143,High,Professional Services,Medium,Medium,Outsourcing,3.239372920603925,3.1829532296928864
VEN-00144,Low,Professional Services,High,Medium,Material outsourcing,12.576570999746693,11.767319441364249
VEN-00145,Low,Payments,High,Medium,Non-outsourcing,23.219382040685364,7.498647219773861
VEN-00146,Low,Professional Services,Low,High,Non-outsourcing,17.254912317092007,1.827977392485321
VEN-00147,Low,Cloud,Low,Low,Outsourcing,18.59908416528456,9.727966142354012
VEN-00148,Low,Facilities,Medium,Medium,Non-outsourcing,17.552700964730697,4.856596312123348
VEN-00149,Low,Facilities,Medium,Low,Non-outsourcing,4.602430300861739,4.602430300861739
VEN-00150,Low,Cloud,High,Medium,Outsourcing,21.13979143509276,3.965318935562004
VEN-00151,Medium,Facilities,High,Low,Non-outsourcing,22.641069510963103,4.413054545473595
VEN-00152,Medium,Payments,Low,High,Outsourcing,5.4577932971323975,1.131161915637721
VEN-00153,Low,Professional Services,Medium,Low,Non-outsourcing,9.004632062201807,6.990066498722754
VEN-00154,Low,Professional Services,Low,Medium,Outsourcing,11.785928374074988,4.774040529348006
VEN-00155,Low,Professional Services,Low,Low,Non-outsourcing,9.06402617505154,5.8876165003918
VEN-00156,Medium,Technology,High,Medium,Outsourcing,7.593637779674229,6.77018201656632
VEN-00157,Low,Technology,High,Low,Outsourcing,7.69277165583385,6.439039803487147
VEN-00158,Medium,Professional Services,High,Medium,Non-outsourcing,15.996222028090529,7.182366961151261
VEN-00159,Medium,Cloud,Low,High,Non-outsourcing,18.318821923841032,1.1057189694294085
VEN-00160,Medium,Telecommunications,Medium,Low,Non-outsourcing,7.710938034508313,4.0414300307403686
VEN-00161,Low,Cloud,Medium,High,Non-outsourcing,18.25794756554791,1.7967697123456572
VEN-00162,High,Payments,Critical,Medium,Non-outsourcing,9.04240539860711,0.4236339338209886
VEN-00163,Low,Professional Services,High,Medium,Non-outsourcing,5.671179806320558,5.671179806320558
VEN-00164,Low,Facilities,Critical,Medium,Outsourcing,13.310868307526547,13.310868307526547
VEN-00165,Low,Professional Services,Low,Low,Non-outsourcing,11.50725457562248,0.5041131845782467
VEN-00166,Low,Professional Services,Medium,Medium,Non-outsourcing,13.56762335084634,7.020816643874474
VEN-00167,Medium,Professional Services,High,Low,Non-outsourcing,13.454566151801563,3.722258065084829
VEN-00168,Medium,Technology,Medium,Medium,Outsourcing,12.744284466303588,4.433103869895986
VEN-00169,Low,Cloud,Medium,Medium,Outsourcing,10.824288435858682,6.867447931382804
VEN-00170,High,Cloud,Medium,High,Outsourcing,18.05350224345384,6.2359009567293455
VEN-00171,Low,Technology,Critical,Low,Outsourcing,15.389831698120677,3.962859969276576
VEN-00172,Low,Professional Services,Low,High,Outsourcing,9.211224059715857,3.190989789405964
VEN-00173,Low,Facilities,Critical,Low,Non-outsourcing,9.091176445893932,6.283292310017595
VEN-00174,High,Telecommunications,Medium,Medium,Non-outsourcing,4.363766581323091,0.6751888967743012
VEN-00175,Low,Cloud,Medium,Medium,Outsourcing,4.774375472926213,4.774375472926213
VEN-00176,Low,Professional Services,Medium,Low,Non-outsourcing,10.425949655376614,3.734513506259138
VEN-00177,Low,Telecommunications,Medium,Low,Outsourcing,16.912375442376096,11.061129816088702
VEN-00178,High,Cloud,Critical,Medium,Outsourcing,7.021159907173008,4.707330423068696
VEN-00179,Medium,Telecommunications,Critical,Low,Outsourcing,15.74018577205937,10.709066259405253
VEN-00180,Medium,Payments,Critical,Medium,Outsourcing,12.513731543373932,2.214290095355051
VEN-00181,Medium,Telecommunications,Critical,High,Material outsourcing,7.266843346028491,2.0652216538960326
VEN-00182,Medium,Professional Services,High,Medium,Non-outsourcing,11.729439515661069,2.6899705681327606
VEN-00183,Low,Technology,Medium,Low,Non-outsourcing,11.495259920127616,11.495259920127616
VEN-00184,Low,Telecommunications,High,Low,Material outsourcing,7.441797924200617,4.574356177944438
VEN-00185,Medium,Cloud,Low,Low,Outsourcing,15.219938816719852,3.094226405142713
VEN-00186,Medium,Professional Services,High,Medium,Non-outsourcing,17.729613996948277,6.20563453537534
VEN-00187,Low,Professional Services,Medium,Medium,Non-outsourcing,9.64771712247839,2.8106008807900973
VEN-00188,Low,Professional Services,High,Medium,Non-outsourcing,5.979584534668606,5.979584534668606
VEN-00189,Medium,Technology,Medium,Low,Outsourcing,18.156960109641904,4.55344223061199
VEN-00190,Low,Cloud,Medium,Medium,Non-outsourcing,4.599233940490697,3.0073299435292684
VEN-00191,High,Technology,Low,Medium,Non-outsourcing,13.07021071254621,4.737486170082504
VEN-00192,Low,Facilities,Medium,Medium,Non-outsourcing,7.0167105758314,4.742882477189131
VEN-00193,Low,Technology,Medium,High,Material outsourcing,5.696824780762983,5.696824780762983
VEN-00194,Medium,Telecommunications,Low,Medium,Outsourcing,8.4909526620138,1.724442948820424
VEN-00195,Low,Cloud,Low,Medium,Outsourcing,11.487532034480052,3.3884963103061465
VEN-00196,Low,Facilities,Medium,High,Material outsourcing,6.385550247213867,5.529700350286392
VEN-00197,Low,Facilities,Medium,Medium,Non-outsourcing,5.16811080746269,2.571740165322175
VEN-00198,Medium,Telecommunications,High,High,Outsourcing,3.795759106113792,3.795759106113792
VEN-00199,Low,Cloud,Low,High,Outsourcing,23.228663123787,2.963475540037462
VEN-00200,Low,Cloud,Medium,Medium,Outsourcing,13.601635064274618,3.621626999472044
VEN-00201,Medium,Payments,Low,Medium,Outsourcing,7.2957997048018495,2.080088533923612
VEN-00202,High,Facilities,Medium,Medium,Material outsourcing,13.94260322521635,13.94260322521635
VEN-00203,Low,Telecommunications,Medium,Medium,Non-outsourcing,11.429382022963331,0.7128445855936424
VEN-00204,Low,Payments,Medium,Medium,Non-outsourcing,16.018053488521836,2.950231361037006
VEN-00205,Low,Telecommunications,Medium,Medium,Outsourcing,10.052255648320294,4.6863163264704735
VEN-00206,Low,Technology,Medium,High,Non-outsourcing,17.44009349901888,4.65361120927064
VEN-00207,Low,Cloud,Low,Low,Outsourcing,7.871913219698468,7.871913219698468
VEN-00208,Medium,Facilities,Medium,Low,Non-outsourcing,12.46088169735511,1.7080832543454902
VEN-00209,Low,Telecommunications,Medium,Medium,Outsourcing,16.898935390729267,1.1684992041310818
VEN-00210,Low,Telecommunications,High,Low,Outsourcing,12.774745814670334,3.2712613347397044
VEN-00211,Medium,Payments,Medium,Medium,Material outsourcing,26.78313139579976,4.690421763662988
VEN-00212,Low,Professional Services,High,Low,Outsourcing,15.86584329903716,3.804827935315052
VEN-00213,Low,Cloud,Medium,Medium,Material outsourcing,13.824350916329152,8.648391233849447
VEN-00214,Medium,Technology,Low,Medium,Outsourcing,9.30544413400673,1.902958924002696
VEN-00215,Medium,Telecommunications,Medium,Low,Outsourcing,12.597117770200118,3.039400630204568
VEN-00216,Medium,Payments,Low,Low,Outsourcing,19.92559061335912,6.76147242291219
VEN-00217,Low,Facilities,Medium,Medium,Outsourcing,8.68777287076677,4.745940673316002
VEN-00218,Low,Facilities,High,Medium,Outsourcing,6.881767383456717,6.881767383456717
VEN-00219,High,Telecommunications,High,Medium,Non-outsourcing,8.713941366430145,4.754121980839393
VEN-00220,Low,Cloud,Medium,Low,Non-outsourcing,8.468120527944198,1.6889284651931866
VEN-00221,Low,Professional Services,Low,Medium,Outsourcing,14.780486006389744,9.32197549339543
VEN-00222,Low,Payments,High,Low,Non-outsourcing,25.214240067991,8.66416196839763
VEN-00223,Medium,Professional Services,Low,Low,Outsourcing,4.728832597534355,4.728832597534355
VEN-00224,High,Facilities,Medium,High,Non-outsourcing,2.696339202549993,2.696339202549993
VEN-00225,Low,Telecommunications,High,Low,Non-outsourcing,11.5949465024752,4.9081547365079885
VEN-00226,High,Telecommunications,Medium,Low,Outsourcing,6.4015620613035225,5.169393726464274
VEN-00227,Low,Professional Services,Low,High,Non-outsourcing,13.349351479378129,8.524797244699968
VEN-00228,Low,Cloud,Medium,Medium,Material outsourcing,14.14371981514487,5.710242750916154
VEN-00229,Low,Technology,Medium,Medium,Material outsourcing,8.488978926468771,5.12973681246207
VEN-00230,Low,Technology,Low,Medium,Outsourcing,14.984631760656333,1.1435733232767753
VEN-00231,Low,Technology,High,High,Non-outsourcing,7.746123805067757,1.5255303120585857
VEN-00232,Low,Cloud,Medium,Low,Non-outsourcing,7.739083672758193,1.521480058887245
VEN-00233,High,Payments,Medium,Low,Outsourcing,7.107445420646855,3.675294823071268
VEN-00234,Low,Facilities,Low,High,Non-outsourcing,8.764318346750352,8.764318346750352
VEN-00235,High,Telecommunications,High,High,Material outsourcing,11.016983727726055,11.016983727726055
VEN-00236,Medium,Telecommunications,Medium,High,Material outsourcing,10.396728622095218,10.396728622095218
VEN-00237,Low,Cloud,High,Medium,Non-outsourcing,12.135831849382535,11.591202041195528
VEN-00238,Medium,Technology,Medium,High,Outsourcing,14.604201773783997,2.350701934594063
VEN-00239,Low,Professional Services,Low,Medium,Outsourcing,12.217199143074003,4.743217883879836
VEN-00240,Low,Facilities,Medium,Medium,Outsourcing,23.0034897244347,2.107910515226577
VEN-00241,Medium,Telecommunications,Medium,High,Non-outsourcing,11.425994654691488,5.987198298230367
VEN-00242,Medium,Facilities,Medium,Low,Outsourcing,16.283149501725756,3.701880077830583
VEN-00243,Low,Facilities,High,Low,Non-outsourcing,4.357885632565075,1.180809749595802
VEN-00244,Low,Payments,Critical,Medium,Material outsourcing,12.13710089658714,6.506813884445838
VEN-00245,Low,Technology,High,High,Outsourcing,10.33497664213759,2.7526592264201595
VEN-00246,Medium,Professional Services,Medium,Low,Outsourcing,9.853795927900965,4.4069194028288
VEN-00247,Low,Payments,Medium,High,Material outsourcing,19.72602368003957,3.2135800631684925
VEN-00248,Low,Facilities,Medium,Medium,Outsourcing,27.30780222001693,7.087433937786118
VEN-00249,Low,Telecommunications,Medium,Medium,Outsourcing,14.6810387785134,5.261697941328697
VEN-00250,Low,Facilities,High,Medium,Non-outsourcing,3.7655321690767702,3.7655321690767702
VEN-00251,Medium,Facilities,High,High,Outsourcing,8.25476773189307,8.25476773189307
VEN-00252,Medium,Technology,Medium,Low,Non-outsourcing,4.81009231012211,3.376768479688572
VEN-00253,Low,Facilities,Critical,Medium,Material outsourcing,11.97443173211493,6.247993943214735
VEN-00254,Low,Professional Services,High,Low,Non-outsourcing,13.744274729346252,3.4667492567059157
VEN-00255,Low,Technology,Medium,High,Non-outsourcing,4.137034888294974,4.137034888294974
VEN-00256,Medium,Payments,Critical,High,Outsourcing,21.457308659201622,9.547561322639378
VEN-00257,Medium,Telecommunications,Low,Low,Non-outsourcing,5.647551430654475,5.647551430654475
VEN-00258,Low,Cloud,Low,Medium,Material outsourcing,13.422553178699076,5.164847389019706
VEN-00259,Low,Facilities,Medium,Medium,Non-outsourcing,21.22559605109697,9.800041425433127
VEN-00260,Low,Cloud,Medium,Medium,Non-outsourcing,12.09328556066945,1.9476652417102935
VEN-00261,Low,Payments,Medium,High,Outsourcing,7.483226900448532,1.6885922005077043
VEN-00262,Medium,Payments,Critical,Medium,Outsourcing,7.244303339965614,4.070604311960762
VEN-00263,Low,Cloud,Low,Medium,Material outsourcing,12.259898558777332,5.875475858164338
VEN-00264,Low,Payments,Medium,Medium,Non-outsourcing,16.299666486208036,10.458076303404535
VEN-00265,High,Facilities,Medium,Medium,Non-outsourcing,13.18505527830849,4.886120164367812
VEN-00266,Low,Payments,Low,Low,Non-outsourcing,7.156157746128995,4.035046751143507
VEN-00267,Low,Payments,High,Low,Non-outsourcing,10.205398020030248,8.00495050245554
VEN-00268,Low,Professional Services,Medium,Medium,Outsourcing,6.622413241541068,6.622413241541068
VEN-00269,Low,Professional Services,Critical,Medium,Non-outsourcing,6.5813291370663975,6.5813291370663975
VEN-00270,Low,Cloud,High,Low,Outsourcing,6.388080236833273,6.388080236833273
VEN-00271,Low,Cloud,Low,Medium,Material outsourcing,9.046771622088905,9.046771622088905
VEN-00272,Low,Facilities,Low,Low,Non-outsourcing,10.7688396323783,9.275040197906735
VEN-00273,Low,Facilities,Low,Medium,Outsourcing,11.424847371823455,8.380686646537857
VEN-00274,Low,Technology,Critical,Low,Non-outsourcing,12.83153399023891,9.417989877591546
VEN-00275,Medium,Payments,High,Medium,Outsourcing,7.382297016248207,5.996201187987102
VEN-00276,Low,Technology,Medium,Low,Non-outsourcing,10.886410512268174,10.886410512268174
VEN-00277,Low,Cloud,Low,Medium,Outsourcing,11.58427715252438,1.722440978030196
VEN-00278,Low,Payments,High,Low,Non-outsourcing,18.862012885577407,7.294423642818617
VEN-00279,Medium,Professional Services,Low,Medium,Non-outsourcing,4.219793976536962,2.9164491515146747
VEN-00280,Medium,Cloud,High,High,Non-outsourcing,4.935376834302351,4.935376834302351
VEN-00281,Low,Telecommunications,High,Low,Non-outsourcing,14.31006270305147,1.829254220214551
VEN-00282,Low,Facilities,Medium,Medium,Material outsourcing,15.06180512594462,3.6213552550974657
VEN-00283,Low,Technology,Medium,Medium,Non-outsourcing,14.340041789955183,3.984762550130299
VEN-00284,Low,Facilities,Low,Medium,Material outsourcing,14.26493543857132,6.732258328648517
VEN-00285,Low,Facilities,Medium,Medium,Outsourcing,4.469134506321957,3.394761364742372
VEN-00286,Low,Payments,Critical,Medium,Non-outsourcing,25.23707369127241,4.225137317638901
VEN-00287,Low,Telecommunications,High,Medium,Non-outsourcing,17.81130118443257,8.236381498304409
VEN-00288,Low,Cloud,High,High,Non-outsourcing,4.510331457650143,4.510331457650143
VEN-00289,Low,Payments,Medium,High,Outsourcing,9.513862222851882,3.859530742651229
VEN-00290,Low,Payments,Low,Low,Non-outsourcing,9.23688170963431,9.23688170963431
VEN-00291,Medium,Payments,High,Medium,Material outsourcing,10.368403110796685,7.878649706880641
VEN-00292,Low,Cloud,Medium,Low,Non-outsourcing,8.629858129304868,8.629858129304868
VEN-00293,High,Technology,Low,Medium,Non-outsourcing,5.8909358807606935,5.356925594039375
VEN-00294,Low,Cloud,Medium,Low,Non-outsourcing,11.689901211125022,4.168462600599432
VEN-00295,Medium,Telecommunications,Medium,Low,Outsourcing,19.46767246900164,4.805823701196359
VEN-00296,High,Professional Services,High,Medium,Outsourcing,8.49330249962275,6.613198123036217
VEN-00297,High,Facilities,Low,High,Material outsourcing,12.779902760846758,5.278039154759105
VEN-00298,Medium,Cloud,High,Low,Non-outsourcing,10.52270892389917,5.383752033182988
VEN-00299,Medium,Telecommunications,Medium,Medium,Non-outsourcing,14.261558313996996,7.833558085460692
VEN-00300,Low,Payments,Medium,Medium,Outsourcing,10.049236801453038,3.4280716780118707
VEN-00301,Medium,Technology,Low,High,Outsourcing,7.841972699665841,5.74811354245173
VEN-00302,Low,Facilities,High,Medium,Outsourcing,8.741697530207855,1.8106064495762264
VEN-00303,Low,Technology,Medium,Low,Non-outsourcing,19.096335625972536,5.005257695306139
VEN-00304,Low,Technology,Medium,Low,Outsourcing,11.20372409518167,3.9353495163797767
VEN-00305,Medium,Cloud,Low,Medium,Non-outsourcing,11.01849851977229,4.0410698355454615
VEN-00306,Low,Professional Services,High,Low,Material outsourcing,18.80255110934012,2.151539583974768
VEN-00307,Low,Facilities,High,High,Non-outsourcing,20.51488367371208,3.288660531543616
VEN-00308,Low,Payments,Medium,High,Outsourcing,2.753925201690819,2.753925201690819
VEN-00309,Low,Technology,Critical,High,Non-outsourcing,5.006204627503175,2.531387051225798
VEN-00310,Low,Technology,Low,Medium,Outsourcing,16.130613022028438,1.0639176477480108
VEN-00311,Low,Professional Services,Low,Medium,Material outsourcing,11.467973858059256,7.370006073580075
VEN-00312,Low,Technology,Medium,Medium,Material outsourcing,20.553147303553747,16.622508795920623
VEN-00313,Low,Professional Services,High,Low,Outsourcing,4.234085111886555,3.1467441645439944
VEN-00314,Low,Payments,Low,Low,Non-outsourcing,12.308394142680054,1.935634113091928
VEN-00315,Low,Facilities,Medium,Low,Outsourcing,14.627744139715242,14.253665576489526
VEN-00316,Low,Facilities,Medium,Medium,Outsourcing,9.313709772641966,0.948421570104574
VEN-00317,Low,Payments,Medium,High,Outsourcing,15.67491115134279,7.092411131353771
VEN-00318,Medium,Professional Services,High,High,Non-outsourcing,16.285033982099986,2.9070488236658454
VEN-00319,Low,Technology,Critical,Medium,Non-outsourcing,10.587167057031628,10.587167057031628
VEN-00320,High,Payments,Medium,Medium,Non-outsourcing,10.219493800052142,4.491002813613208
VEN-00321,High,Cloud,Medium,Low,Outsourcing,17.069508105160452,3.313566671137325
VEN-00322,Low,Cloud,Medium,Low,Non-outsourcing,12.191064793417588,0.2620299349594644
VEN-00323,Low,Professional Services,Medium,Low,Non-outsourcing,14.132006975928132,8.604876085559168
VEN-00324,Low,Cloud,Low,Medium,Outsourcing,12.159282775675102,8.259174590813398
VEN-00325,Medium,Facilities,Critical,Medium,Outsourcing,11.853379568857202,11.302733213910704
VEN-00326,Medium,Technology,Low,High,Material outsourcing,10.206687802735043,5.976875433047197
VEN-00327,Medium,Cloud,High,High,Non-outsourcing,14.597293545093734,4.158701625290126
VEN-00328,Low,Professional Services,Low,Low,Non-outsourcing,7.039078732428667,7.039078732428667
VEN-00329,Low,Facilities,High,Medium,Outsourcing,4.356533026739033,3.6343302488313487
VEN-00330,Low,Facilities,Low,Low,Non-outsourcing,11.007503345404263,1.6834959697470244
VEN-00331,Medium,Payments,Critical,Medium,Outsourcing,20.70686520644231,6.944131058105417
VEN-00332,Low,Telecommunications,High,Medium,Non-outsourcing,12.200264605145303,9.386194795157673
VEN-00333,Medium,Facilities,Low,Low,Outsourcing,9.728629528425754,1.3870885652779563
VEN-00334,Medium,Professional Services,High,Low,Non-outsourcing,9.0894209064557,5.685879787568782
VEN-00335,Low,Payments,Medium,Low,Outsourcing,8.778229904639552,8.629170363257364
VEN-00336,Low,Telecommunications,Medium,Low,Outsourcing,1.929214381930512,1.929214381930512
VEN-00337,Low,Payments,Medium,High,Non-outsourcing,19.30185879230208,14.136338391345124
VEN-00338,Medium,Technology,High,Medium,Outsourcing,8.313679605444719,3.147280326732851
VEN-00339,Low,Cloud,High,Medium,Outsourcing,11.112172324482618,3.1486836112672787
VEN-00340,High,Payments,Medium,High,Outsourcing,9.431057953336378,3.6708390642085744
VEN-00341,Low,Facilities,High,Medium,Non-outsourcing,7.583755958376754,2.418896335999396
VEN-00342,High,Telecommunications,Medium,Medium,Non-outsourcing,19.78783406608372,3.147012782397067
VEN-00343,Medium,Cloud,Low,High,Outsourcing,6.040143553799981,5.556572035784076
VEN-00344,Low,Facilities,Medium,Low,Outsourcing,14.84688580602018,2.67790453275684
VEN-00345,Medium,Telecommunications,Low,Low,Outsourcing,4.743289783370875,4.743289783370875
VEN-00346,Medium,Cloud,Medium,Medium,Non-outsourcing,10.251882775073856,1.5162806869285292
VEN-00347,High,Cloud,Medium,Medium,Material outsourcing,18.435105355820816,2.705995634577176
VEN-00348,Low,Technology,Medium,High,Non-outsourcing,8.586609683913988,8.586609683913988
VEN-00349,Low,Telecommunications,Low,Low,Non-outsourcing,14.19867679176081,3.0761541159412014
VEN-00350,Low,Payments,High,Medium,Outsourcing,8.381617754687257,4.97032990954516
VEN-00351,Low,Cloud,Medium,Medium,Outsourcing,9.298781094761404,5.255827757988011
VEN-00352,Low,Technology,High,High,Outsourcing,15.828652991483825,2.265677533749876
VEN-00353,Low,Payments,Medium,Low,Non-outsourcing,14.356935852980984,2.867986766927556
VEN-00354,Low,Payments,Medium,Low,Non-outsourcing,20.817701372350484,6.3987046333662105
VEN-00355,Low,Facilities,Medium,High,Outsourcing,8.567833072074517,3.088575814033223
VEN-00356,Low,Technology,High,Medium,Non-outsourcing,13.044777605455131,2.962997695142525
VEN-00357,Medium,Technology,Low,Low,Outsourcing,11.434449435940458,2.855412648626006
VEN-00358,Medium,Facilities,Low,Low,Outsourcing,13.226732262509264,11.19788332723848
VEN-00359,Low,Cloud,High,High,Non-outsourcing,17.738777047046725,9.814146153300056
VEN-00360,Low,Facilities,High,Medium,Outsourcing,7.783727132566879,5.617420583120356
VEN-00361,High,Professional Services,Medium,Medium,Material outsourcing,12.786134820021298,4.428829797926465
VEN-00362,Low,Facilities,Low,High,Outsourcing,19.674726901731542,5.414046746564122
VEN-00363,Low,Facilities,Low,Low,Non-outsourcing,11.440371169262956,6.704394544326751
VEN-00364,Low,Professional Services,Medium,Low,Outsourcing,15.770218839953056,6.733809157727973
VEN-00365,Medium,Facilities,High,Medium,Material outsourcing,3.535665364705974,3.1189804852773197
VEN-00366,Low,Technology,Medium,High,Outsourcing,11.701903342228286,3.8475246126852025
VEN-00367,Medium,Payments,Low,Low,Non-outsourcing,8.828940459865812,3.5766061959677145
VEN-00368,Medium,Telecommunications,Low,Medium,Non-outsourcing,2.4153330012229524,2.4153330012229524
VEN-00369,Low,Professional Services,Medium,Low,Outsourcing,14.24725468116478,10.859474861164658
VEN-00370,Medium,Technology,High,Low,Outsourcing,12.827477027382416,4.989369046675797
VEN-00371,Medium,Technology,Low,High,Material outsourcing,7.0824250100953385,5.307427946880617
VEN-00372,Low,Cloud,Low,Low,Material outsourcing,5.057602781138356,2.679692367934682
VEN-00373,Low,Payments,Medium,Low,Non-outsourcing,25.67966205084123,1.315791592666822
VEN-00374,Low,Technology,Low,High,Outsourcing,13.33509882916794,3.769007234576866
VEN-00375,Low,Telecommunications,Medium,Medium,Non-outsourcing,13.176661770713814,7.629981811635364
VEN-00376,Low,Facilities,Low,Medium,Non-outsourcing,7.669093826813152,2.7242955627655085
VEN-00377,High,Professional Services,Medium,High,Non-outsourcing,9.448200687926246,1.0839468016602738
VEN-00378,Low,Cloud,High,Low,Material outsourcing,19.779020358460343,6.897525915641326
VEN-00379,Low,Payments,Critical,Medium,Non-outsourcing,11.55861645114827,6.436311563898516
VEN-00380,Medium,Facilities,Critical,Medium,Outsourcing,20.111774801329016,3.209203945430488
VEN-00381,Low,Telecommunications,Medium,Low,Non-outsourcing,13.358590619172304,2.932905434003338
VEN-00382,High,Facilities,Low,Medium,Non-outsourcing,17.985790686869144,3.9859844445581776
VEN-00383,Medium,Payments,Medium,Medium,Outsourcing,3.374202209381133,3.374202209381133
VEN-00384,Low,Telecommunications,High,High,Non-outsourcing,7.445982304274569,7.445982304274569
VEN-00385,Low,Telecommunications,Low,High,Non-outsourcing,11.451601083065826,3.905261864922514
VEN-00386,High,Technology,Medium,High,Outsourcing,9.855783123873591,6.134485844665546
VEN-00387,Medium,Technology,Medium,Medium,Outsourcing,14.291899028062302,4.333336833240282
VEN-00388,High,Telecommunications,Low,Low,Outsourcing,5.062253285964276,5.062253285964276
VEN-00389,Low,Technology,High,High,Outsourcing,5.120605300985095,3.286518761825024
VEN-00390,Medium,Cloud,High,Medium,Non-outsourcing,14.028628605733887,3.2022256604493804
VEN-00391,Low,Technology,Medium,Medium,Non-outsourcing,17.608826300160203,4.966501926626516
VEN-00392,Low,Cloud,Critical,High,Non-outsourcing,9.419844005773342,2.890888666632748
VEN-00393,Low,Telecommunications,Low,Low,Material outsourcing,21.118587834884163,3.769960131235227
VEN-00394,Medium,Professional Services,Low,Low,Non-outsourcing,23.522344041753215,7.420116994172302
VEN-00395,Low,Payments,Medium,Medium,Non-outsourcing,10.876061321962888,10.031184223966234
VEN-00396,Low,Professional Services,High,Medium,Material outsourcing,9.249577426100528,9.249577426100528
VEN-00397,Medium,Telecommunications,Medium,Low,Material outsourcing,8.173731134526331,7.055134005405644
VEN-00398,Low,Telecommunications,Low,Medium,Non-outsourcing,7.41680815505195,5.938767197810475
VEN-00399,Low,Payments,Critical,High,Outsourcing,15.38076098551162,2.4602044963616114
VEN-00400,Low,Facilities,Medium,Medium,Non-outsourcing,6.924990018371044,6.924990018371044
VEN-00401,Low,Cloud,Medium,Low,Outsourcing,6.268273837146838,6.268273837146838
VEN-00402,High,Payments,Medium,Medium,Outsourcing,7.238010180832622,3.645698528319127
VEN-00403,Medium,Telecommunications,Critical,High,Material outsourcing,10.92996851969442,10.92996851969442
VEN-00404,Low,Payments,High,High,Non-outsourcing,11.321786457327857,9.925186968413096
VEN-00405,High,Cloud,Critical,Low,Outsourcing,14.97324960369415,7.11054974434939
VEN-00406,Medium,Payments,Low,High,Non-outsourcing,10.4224409361887,4.41513057797864
VEN-00407,Low,Payments,Medium,High,Outsourcing,4.873083791265183,1.8891572715676823
VEN-00408,Medium,Professional Services,High,Medium,Outsourcing,9.035106995133194,9.035106995133194
VEN-00409,Low,Professional Services,Medium,Medium,Outsourcing,11.069344353719774,1.7287791734223523
VEN-00410,High,Payments,Medium,Low,Material outsourcing,7.913015329162458,7.913015329162458
VEN-00411,Medium,Facilities,Critical,Medium,Outsourcing,12.805535854706708,12.805535854706708
VEN-00412,Medium,Technology,Low,Medium,Outsourcing,2.5397487630518856,2.495795604973511
VEN-00413,Low,Cloud,Medium,Medium,Non-outsourcing,10.37375732706458,1.7143909812911582
VEN-00414,Medium,Technology,High,High,Material outsourcing,19.31262930974411,3.565651035447861
VEN-00415,Low,Professional Services,Critical,Low,Outsourcing,17.36518923712197,4.630091605772503
VEN-00416,Low,Cloud,Critical,High,Non-outsourcing,11.749403900137452,3.351360588730961
VEN-00417,Low,Technology,High,Medium,Outsourcing,11.268002843951766,3.525811683264924
VEN-00418,Medium,Technology,Low,High,Non-outsourcing,13.705410123891845,4.750025911268697
VEN-00419,Low,Telecommunications,Critical,Medium,Outsourcing,6.308349721817345,6.308349721817345
VEN-00420,High,Technology,Medium,Medium,Non-outsourcing,16.685514492297727,4.346906190750016
VEN-00421,Medium,Cloud,High,Medium,Non-outsourcing,20.811619371282543,7.480975578404378
VEN-00422,Low,Professional Services,Medium,High,Material outsourcing,10.345370985569025,1.952636440766744
VEN-00423,Low,Cloud,High,Low,Material outsourcing,11.74334906792715,5.196179318938052
VEN-00424,Low,Payments,Medium,Low,Outsourcing,15.07226568627136,3.7709676516436463
VEN-00425,Low,Technology,High,High,Material outsourcing,7.528945140134164,7.326017374729774
VEN-00426,Medium,Cloud,Low,Low,Non-outsourcing,21.136655933751555,1.8265618184856909
VEN-00427,Low,Telecommunications,Low,Medium,Non-outsourcing,25.391365981588727,10.615999360851882
VEN-00428,Medium,Cloud,Medium,Low,Material outsourcing,14.26090107572585,3.661062464696226
VEN-00429,Low,Payments,Low,Low,Outsourcing,21.954782922884583,2.799397513148754
VEN-00430,Medium,Professional Services,High,Medium,Outsourcing,5.870718925142836,5.870718925142836
VEN-00431,High,Facilities,Medium,Medium,Non-outsourcing,12.595855350369275,5.7920751446876215
VEN-00432,Medium,Professional Services,Medium,Medium,Non-outsourcing,3.635208022331725,3.635208022331725
VEN-00433,Medium,Payments,Low,Medium,Non-outsourcing,9.036322281944688,1.811411743625574
VEN-00434,Medium,Professional Services,Low,Medium,Material outsourcing,9.1410790822415,2.471351636818628
VEN-00435,Low,Facilities,Medium,High,Non-outsourcing,7.988792613805194,1.8758653816820217
VEN-00436,Low,Technology,Medium,Low,Outsourcing,5.927316509634308,4.9689197993257626
VEN-00437,Low,Professional Services,Low,Medium,Non-outsourcing,14.18483024029096,9.841157552330596
VEN-00438,Low,Payments,Low,Medium,Outsourcing,7.2214102301560334,6.095467282775226
VEN-00439,Medium,Technology,Low,High,Non-outsourcing,14.192177704470092,5.176761928491054
VEN-00440,Low,Technology,Medium,Medium,Outsourcing,10.71689161769624,4.759772819893912
VEN-00441,Medium,Professional Services,Low,Medium,Outsourcing,12.960723486320344,8.387654858658129
VEN-00442,Low,Technology,Medium,Medium,Non-outsourcing,8.391658624825968,4.184858234570164
VEN-00443,Medium,Professional Services,High,Medium,Non-outsourcing,10.664566924916516,1.4976987202744076
VEN-00444,Low,Facilities,Medium,High,Non-outsourcing,27.59188511917053,9.167609336456012
VEN-00445,Low,Cloud,Medium,Medium,Outsourcing,12.749316824174564,2.1463201512649164
VEN-00446,Medium,Technology,Low,Medium,Outsourcing,21.16626979421623,1.3276034317402383
VEN-00447,High,Professional Services,Critical,Low,Non-outsourcing,20.62985344922623,5.915761521252585
VEN-00448,Low,Technology,Medium,Medium,Outsourcing,32.53398116613473,0.9039093268760926
VEN-00449,Low,Professional Services,Medium,Low,Non-outsourcing,5.342909759379451,4.818791911199597
VEN-00450,Low,Professional Services,Critical,High,Material outsourcing,20.600352288107445,5.429483455046845
VEN-00451,Low,Telecommunications,High,Medium,Material outsourcing,10.661020999659822,6.552189355192681
VEN-00452,Medium,Professional Services,Medium,Low,Outsourcing,9.134779854268324,6.124768916881002
VEN-00453,Medium,Cloud,High,Low,Non-outsourcing,6.416750063591319,1.7202221254218646
VEN-00454,Low,Technology,Low,Medium,Non-outsourcing,5.365367042070828,5.365367042070828
VEN-00455,Low,Technology,High,High,Material outsourcing,13.99342859838599,4.7119128640884025
VEN-00456,Low,Technology,High,Medium,Non-outsourcing,5.254892807419191,3.725668037417743
VEN-00457,High,Professional Services,Medium,Low,Outsourcing,14.282933052240717,1.8212567135367077
VEN-00458,Low,Payments,Low,Medium,Material outsourcing,2.8742418170626545,2.8742418170626545
VEN-00459,Medium,Technology,Low,High,Outsourcing,6.710603865849284,6.710603865849284
VEN-00460,Low,Payments,Critical,High,Outsourcing,9.881949381253914,3.3432914306712487
VEN-00461,Low,Cloud,Low,Low,Outsourcing,11.302822614180002,6.574762194510621
VEN-00462,Low,Telecommunications,Low,Medium,Material outsourcing,6.906869673047595,6.906869673047595
VEN-00463,High,Technology,High,High,Non-outsourcing,5.648816953466344,4.023447203611924
VEN-00464,Low,Cloud,High,High,Material outsourcing,9.327038855854662,9.00185542883179
VEN-00465,Low,Payments,Low,Medium,Non-outsourcing,8.090999052282724,8.090999052282724
VEN-00466,Medium,Professional Services,High,Medium,Outsourcing,8.63125114819531,1.1526671193231774
VEN-00467,Low,Payments,Medium,Medium,Material outsourcing,14.638081397067374,7.461499419830084
VEN-00468,High,Professional Services,High,Low,Outsourcing,19.02232828470009,3.405538861169371
VEN-00469,Low,Telecommunications,Low,Low,Non-outsourcing,9.05767686179256,2.583377549972848
VEN-00470,Low,Telecommunications,Low,Medium,Non-outsourcing,14.645272853083677,0.9247375861730672
VEN-00471,Low,Facilities,Medium,Low,Outsourcing,8.221717430276179,5.1471840590765385
VEN-00472,Low,Facilities,Low,Medium,Outsourcing,7.890294706892218,3.94674159608019
VEN-00473,Low,Telecommunications,Medium,High,Non-outsourcing,9.298111716081156,3.284762797908848
VEN-00474,Low,Payments,Low,High,Material outsourcing,17.66063580452805,7.773633985608512
VEN-00475,Low,Professional Services,High,Low,Material outsourcing,4.599743107741944,4.599743107741944
VEN-00476,Low,Technology,High,Low,Material outsourcing,4.235794064400213,4.235794064400213
VEN-00477,Low,Telecommunications,High,Medium,Outsourcing,23.121709375072744,3.9349743343940258
VEN-00478,Low,Professional Services,Critical,Medium,Material outsourcing,6.792961333451499,6.792961333451499
VEN-00479,Low,Facilities,Critical,Low,Material outsourcing,9.955269156485324,2.2612870546948307
VEN-00480,Low,Facilities,Medium,High,Non-outsourcing,8.593911440330949,3.429652284044979
VEN-00481,Low,Payments,Medium,Low,Material outsourcing,20.90029433225077,5.3857635589043165
VEN-00482,Low,Technology,High,Low,Outsourcing,17.573969304644447,5.424891183955085
VEN-00483,Low,Cloud,Critical,Medium,Material outsourcing,5.614740976425928,5.614740976425928
VEN-00484,Low,Payments,Critical,Medium,Outsourcing,11.352517163002288,11.352517163002288
VEN-00485,Low,Technology,High,Medium,Outsourcing,12.840284669029916,8.430390420069228
VEN-00486,Low,Payments,Low,Medium,Non-outsourcing,14.439583385120432,12.11385108939686
VEN-00487,Low,Cloud,Critical,High,Non-outsourcing,3.384848662505491,3.384848662505491
VEN-00488,Low,Payments,Critical,Low,Non-outsourcing,4.229319631447348,4.229319631447348
VEN-00489,Low,Cloud,High,Medium,Outsourcing,14.949590214986934,4.3986428768894665
VEN-00490,Low,Professional Services,High,Low,Material outsourcing,5.171181800631185,5.171181800631185
VEN-00491,Medium,Cloud,Medium,Medium,Non-outsourcing,12.732883788872275,1.266608062939307
VEN-00492,Low,Facilities,Critical,Medium,Non-outsourcing,5.786738719054606,5.786738719054606
VEN-00493,Medium,Technology,Low,Medium,Outsourcing,4.389589568815941,4.389589568815941
VEN-00494,Low,Facilities,High,Low,Non-outsourcing,6.663828471111771,2.1980751910764478
VEN-00495,Medium,Professional Services,Low,High,Non-outsourcing,10.50553810144881,10.50553810144881
VEN-00496,Low,Payments,Medium,Medium,Non-outsourcing,12.450381766752807,9.495038392670825
VEN-00497,Low,Facilities,Low,High,Outsourcing,13.19770781546261,7.0127488543899865
VEN-00498,Low,Technology,Medium,Medium,Outsourcing,15.822989626846311,4.355553936380398
VEN-00499,Low,Telecommunications,Low,High,Material outsourcing,6.872555038403245,6.872555038403245
VEN-00500,Low,Telecommunications,Critical,Medium,Non-outsourcing,15.38689693642603,1.3662772841855444
VEN-00501,Medium,Technology,Medium,Medium,Non-outsourcing,11.015452987024728,4.699659482247111
VEN-00502,Medium,Professional Services,High,Medium,Outsourcing,11.886753773457755,7.518038371134573
VEN-00503,High,Facilities,Medium,High,Material outsourcing,28.853187641961725,10.06472058017908
VEN-00504,Low,Technology,Low,Medium,Non-outsourcing,14.137522638631191,9.328899002237344
VEN-00505,Low,Professional Services,High,Medium,Material outsourcing,9.536492424484752,2.055519970081336
VEN-00506,Medium,Payments,High,Medium,Outsourcing,8.74192638407245,6.519035258846775
VEN-00507,Low,Technology,Medium,Medium,Material outsourcing,10.55807807356122,5.478890346308672
VEN-00508,Medium,Telecommunications,High,Medium,Non-outsourcing,4.736939093849526,1.17772430431752
VEN-00509,Low,Professional Services,High,High,Non-outsourcing,12.725317688814313,1.9153903816613664
VEN-00510,Low,Telecommunications,Medium,Medium,Non-outsourcing,10.49280452481796,0.9302710750381664
VEN-00511,Low,Facilities,Critical,Medium,Outsourcing,11.814426546649452,1.1733733553915977
VEN-00512,Medium,Cloud,High,Medium,Material outsourcing,10.989569096796412,2.0576997907550902
VEN-00513,Low,Cloud,High,High,Outsourcing,5.022338028563757,4.463339991552495
VEN-00514,Low,Facilities,Medium,Low,Non-outsourcing,14.37325130792745,4.637629608768519
VEN-00515,Low,Professional Services,Low,Low,Non-outsourcing,7.788537625375559,6.381011258245009
VEN-00516,Low,Professional Services,Low,Low,Outsourcing,16.71672868456336,3.048633378890414
VEN-00517,Low,Telecommunications,High,Medium,Material outsourcing,14.967366184578111,10.400878001907136
VEN-00518,Medium,Professional Services,High,Medium,Non-outsourcing,22.49353290352366,8.968568746753395
VEN-00519,Low,Facilities,Medium,Medium,Outsourcing,10.540870534281868,6.206111538439063
VEN-00520,Medium,Payments,Medium,Low,Outsourcing,15.829442777406072,13.231217405081305
VEN-00521,Medium,Cloud,Low,High,Material outsourcing,23.72755585549869,5.841944575486411
VEN-00522,Low,Facilities,Medium,Medium,Outsourcing,7.4307454805452435,1.5394737893278645
VEN-00523,Low,Payments,Critical,Medium,Non-outsourcing,17.70061550884305,7.376680514028162
VEN-00524,Low,Facilities,Medium,Low,Outsourcing,14.011756832343108,5.253232984667957
VEN-00525,Low,Professional Services,Low,Low,Outsourcing,6.186666153365389,3.669908208487193
VEN-00526,Low,Technology,Medium,Low,Material outsourcing,9.903819894808038,4.048941357837573
VEN-00527,High,Cloud,Medium,Medium,Outsourcing,31.084293811851705,6.680914313649483
VEN-00528,High,Cloud,High,Medium,Non-outsourcing,17.228940425656347,6.049235975453116
VEN-00529,Medium,Cloud,Critical,Low,Outsourcing,13.360406122495608,13.360406122495608
VEN-00530,Low,Professional Services,Medium,Medium,Outsourcing,7.541391988611622,5.552527879812429
VEN-00531,Medium,Payments,Medium,Low,Non-outsourcing,2.933133525326794,2.933133525326794
VEN-00532,Medium,Technology,Medium,Medium,Material outsourcing,5.209184936054204,5.20900437938065
VEN-00533,Low,Telecommunications,Medium,Low,Non-outsourcing,10.754680966431268,5.161047623751903
VEN-00534,Low,Payments,Medium,Low,Material outsourcing,10.758405399590242,2.163961938357114
VEN-00535,Low,Cloud,Low,Low,Non-outsourcing,19.513122562846583,3.3302058639928203
VEN-00536,Low,Cloud,High,Medium,Non-outsourcing,6.601662495338598,6.562869251829687
VEN-00537,Low,Technology,Medium,High,Outsourcing,6.297577866232761,1.5380088941241157
VEN-00538,Low,Cloud,Medium,Medium,Outsourcing,14.118336290492138,4.177447932071648
VEN-00539,Low,Technology,Low,Low,Material outsourcing,8.833199770461457,8.833199770461457
VEN-00540,Medium,Professional Services,High,High,Outsourcing,8.780752925804489,4.010128265537626
VEN-00541,High,Professional Services,Low,High,Non-outsourcing,18.565746907379385,12.758898312012542
VEN-00542,Low,Cloud,Medium,Medium,Material outsourcing,6.089872700003886,4.074653330870923
VEN-00543,Medium,Facilities,High,Low,Outsourcing,17.220601648740573,9.347097398374258
VEN-00544,High,Cloud,Medium,Medium,Non-outsourcing,13.278506285388357,5.33366698067283
VEN-00545,Low,Facilities,Critical,High,Material outsourcing,8.364233486972003,2.198212294636249
VEN-00546,Low,Telecommunications,Low,High,Non-outsourcing,10.587703438819712,10.587703438819712
VEN-00547,Low,Cloud,High,Medium,Non-outsourcing,6.9798258536062505,2.025589350679369
VEN-00548,Low,Cloud,Critical,Medium,Outsourcing,9.707716975168903,3.53156325375203
VEN-00549,Medium,Professional Services,Medium,High,Outsourcing,23.089888702731905,15.775205682312716
VEN-00550,Low,Professional Services,High,Low,Outsourcing,7.395335071073916,5.822195958029642
VEN-00551,Low,Cloud,Medium,Low,Material outsourcing,3.927263121029231,2.8498609180135626
VEN-00552,Low,Telecommunications,High,High,Non-outsourcing,10.749659104722957,5.187787939771326
VEN-00553,Low,Cloud,Critical,Low,Material outsourcing,21.11737755428149,7.2655419929236755
VEN-00554,High,Facilities,High,Medium,Non-outsourcing,11.991626461373734,3.99809926037665
VEN-00555,Low,Cloud,Critical,Medium,Non-outsourcing,9.399538949137895,9.399538949137895
VEN-00556,Low,Telecommunications,Medium,Low,Non-outsourcing,9.186154371541855,3.014245542918163
VEN-00557,Low,Telecommunications,Medium,Low,Non-outsourcing,17.466381127228473,0.9348526848824652
VEN-00558,Low,Payments,Medium,Medium,Non-outsourcing,12.743073361213112,8.738560853502381
VEN-00559,Low,Facilities,High,Medium,Material outsourcing,5.786415600452514,4.587088842428477
VEN-00560,Low,Telecommunications,High,Medium,Outsourcing,14.100373139335185,9.33256139881217
VEN-00561,Low,Telecommunications,Medium,Medium,Outsourcing,11.49583965223448,3.8665016743806353
VEN-00562,Low,Cloud,Low,High,Non-outsourcing,16.05593533855018,6.569771494045327
VEN-00563,Medium,Payments,Medium,Medium,Material outsourcing,23.090555490908383,3.729825643168144
VEN-00564,Low,Payments,High,High,Non-outsourcing,24.467568300561165,4.283285324949685
VEN-00565,Low,Cloud,Critical,Medium,Outsourcing,10.658174680744906,1.6283769216807955
VEN-00566,Medium,Cloud,Low,Low,Outsourcing,12.628871536010069,2.137241504419492
VEN-00567,Medium,Payments,Low,High,Non-outsourcing,22.60127262451943,6.128726989466481
VEN-00568,Low,Professional Services,Medium,High,Outsourcing,11.480544470779956,8.73773842261019
VEN-00569,Low,Cloud,Low,Low,Material outsourcing,17.34823095703959,6.519624237390919
VEN-00570,Low,Payments,Critical,Medium,Non-outsourcing,6.723469615053814,2.4827661925146653
VEN-00571,Low,Telecommunications,Medium,Medium,Outsourcing,7.258353129867465,6.936526916489897
VEN-00572,Medium,Technology,Medium,Low,Material outsourcing,25.32079235841434,2.5297657418929536
VEN-00573,Low,Payments,Low,Medium,Non-outsourcing,25.7540397741646,6.064878511155588
VEN-00574,Medium,Telecommunications,Medium,Low,Non-outsourcing,15.389569926604782,3.0314483930243643
VEN-00575,Medium,Facilities,Critical,Low,Outsourcing,9.96558184551388,4.473855570530546
VEN-00576,Low,Facilities,Medium,High,Outsourcing,8.118162240389696,3.259135124345951
VEN-00577,High,Cloud,Low,Medium,Non-outsourcing,9.199754218909654,7.120509863159638
VEN-00578,Low,Payments,Low,High,Outsourcing,5.330575296703896,3.637955583975189
VEN-00579,Medium,Facilities,Critical,Medium,Non-outsourcing,14.758455859632504,7.267620104975436
VEN-00580,Low,Facilities,Critical,High,Material outsourcing,14.03130226424876,0.6517902250868576
VEN-00581,Low,Telecommunications,Low,Medium,Material outsourcing,13.870019147897814,9.027256050291076
VEN-00582,Low,Payments,Medium,Medium,Outsourcing,20.138340560393488,2.4661789866736323
VEN-00583,Low,Facilities,Low,Medium,Material outsourcing,11.154835143241367,11.154835143241367
VEN-00584,Low,Professional Services,Medium,Medium,Outsourcing,13.291329354639892,3.8276335897074287
VEN-00585,High,Facilities,Low,Medium,Material outsourcing,4.038418177615407,4.038418177615407
VEN-00586,Low,Cloud,High,Medium,Non-outsourcing,15.464266141982913,1.144683146891071
VEN-00587,Low,Professional Services,Critical,Medium,Non-outsourcing,14.202129062700518,9.82081883118449
VEN-00588,Low,Telecommunications,Low,Low,Material outsourcing,5.71057756719349,2.7868159487652617
VEN-00589,Low,Cloud,Medium,High,Non-outsourcing,9.987359047526535,9.770230158930977
VEN-00590,Low,Telecommunications,Low,High,Non-outsourcing,18.77760195975236,4.963138061660514
VEN-00591,High,Cloud,Medium,Medium,Outsourcing,13.084689921428662,4.107626518430263
VEN-00592,Low,Facilities,Low,Medium,Outsourcing,7.787439674247433,7.787439674247433
VEN-00593,Low,Payments,Medium,Medium,Non-outsourcing,14.221421713663602,3.397093158982858
VEN-00594,Low,Cloud,Critical,High,Non-outsourcing,24.555790150382,12.744574748175022
VEN-00595,Low,Facilities,Low,Medium,Non-outsourcing,4.794508147397216,4.237126016985232
VEN-00596,Low,Payments,High,Medium,Non-outsourcing,15.19390854062113,5.236935879638399
VEN-00597,Medium,Payments,Low,Low,Non-outsourcing,12.828929201666783,5.63694931696036
VEN-00598,Low,Payments,Medium,Low,Outsourcing,5.414199220752909,2.0590965375605275
VEN-00599,High,Cloud,Medium,High,Outsourcing,13.128931603619971,6.333261812240174
VEN-00600,Low,Technology,Critical,Medium,Non-outsourcing,8.18613426298137,2.782788431378928
VEN-00601,Low,Telecommunications,Low,Low,Non-outsourcing,9.448201955941752,2.3660478807584884
VEN-00602,Medium,Facilities,Low,Low,Outsourcing,14.26172564282171,2.339920416230417
VEN-00603,High,Technology,High,Medium,Non-outsourcing,13.983714182401773,3.820799684010043
VEN-00604,Medium,Facilities,High,Medium,Non-outsourcing,13.84207574804638,11.216963565882892
VEN-00605,High,Telecommunications,High,Medium,Non-outsourcing,31.01595434584341,3.043256977746027
VEN-00606,Medium,Telecommunications,Low,Medium,Outsourcing,10.208267521724956,6.221635426189925
VEN-00607,Medium,Facilities,Low,High,Non-outsourcing,6.069674995793671,6.069674995793671
VEN-00608,Low,Professional Services,High,Medium,Non-outsourcing,15.280143528175085,4.251424967369438
VEN-00609,Medium,Technology,Medium,High,Outsourcing,12.7874779467605,5.570818919337819
VEN-00610,Low,Technology,Medium,Low,Outsourcing,8.402226639560833,8.402226639560833
VEN-00611,Low,Professional Services,Medium,Medium,Outsourcing,8.101026781048972,7.021775065969599
VEN-00612,Medium,Facilities,Medium,Low,Material outsourcing,20.789354411581566,6.479756685181568
VEN-00613,High,Technology,Critical,Low,Outsourcing,3.205915243635869,3.205915243635869
VEN-00614,High,Cloud,High,Low,Non-outsourcing,12.642033550112917,12.519405854058228
VEN-00615,Low,Facilities,Low,Low,Non-outsourcing,7.934204574660263,3.841638489215814
VEN-00616,Medium,Payments,Critical,High,Non-outsourcing,13.53051737433466,3.4821084096534403
VEN-00617,Medium,Cloud,Medium,Medium,Non-outsourcing,7.283963043972147,3.984402239595629
VEN-00618,Low,Payments,Medium,High,Non-outsourcing,13.692258045950606,7.401557859937804
VEN-00619,Low,Cloud,Medium,Medium,Non-outsourcing,18.23845267866855,5.964564177143855
VEN-00620,Low,Payments,High,Medium,Outsourcing,8.52200440523354,2.553357757815628
VEN-00621,Medium,Professional Services,Medium,Low,Outsourcing,9.198985135153745,7.967986439705668
VEN-00622,Low,Professional Services,Medium,Medium,Non-outsourcing,13.436813563076653,6.947620736557377
VEN-00623,High,Cloud,High,Medium,Outsourcing,15.932042059164246,3.057706797904861
VEN-00624,Low,Payments,Low,High,Non-outsourcing,28.10430603918537,6.2706348987494485
VEN-00625,High,Cloud,Critical,High,Outsourcing,9.303338673350725,9.127175335602882
VEN-00626,Low,Professional Services,Medium,Low,Outsourcing,9.19556333408736,4.135791033902132
VEN-00627,Medium,Payments,Medium,Medium,Non-outsourcing,6.308028701977442,1.173512001092212
VEN-00628,Low,Facilities,High,Medium,Non-outsourcing,2.656134915673873,2.656134915673873
VEN-00629,Low,Telecommunications,Medium,Medium,Material outsourcing,18.320332765339906,3.962037843990833
VEN-00630,Medium,Professional Services,Medium,Low,Outsourcing,10.456787224115631,0.8949515308263118
VEN-00631,High,Technology,Medium,Medium,Outsourcing,6.188647907822762,3.5345152271483355
VEN-00632,Medium,Professional Services,Critical,High,Non-outsourcing,16.948192073794857,2.153598583836922
VEN-00633,Low,Facilities,High,Medium,Non-outsourcing,17.630242064250478,10.820137073047857
VEN-00634,Low,Technology,High,Medium,Non-outsourcing,15.26219294543708,10.896049079091744
VEN-00635,Low,Technology,Low,Low,Material outsourcing,9.139157110146474,6.640415488535729
VEN-00636,Low,Cloud,Medium,High,Non-outsourcing,12.905261886699083,4.467728618050604
VEN-00637,Medium,Technology,Medium,Low,Non-outsourcing,6.762537284921823,3.819992119207865
VEN-00638,Medium,Professional Services,Low,Low,Material outsourcing,15.64977649575124,8.704631479428397
VEN-00639,Medium,Telecommunications,High,Medium,Outsourcing,8.27802327168282,4.24621671889466
VEN-00640,Medium,Payments,Medium,High,Non-outsourcing,19.36519628679794,4.821165469001951
VEN-00641,Medium,Professional Services,Medium,Medium,Outsourcing,14.361864293146777,5.825759574500626
VEN-00642,Medium,Technology,Low,Low,Outsourcing,5.507495478180751,5.507495478180751
VEN-00643,Low,Telecommunications,Medium,Low,Material outsourcing,18.346563662206712,1.3264969047937831
VEN-00644,Low,Facilities,Medium,High,Non-outsourcing,17.624446993056686,3.13127550552019
VEN-00645,Low,Cloud,Medium,Medium,Outsourcing,16.472560980246293,1.7553465038091736
VEN-00646,Medium,Cloud,Medium,Low,Non-outsourcing,16.91951770313351,6.520064014033059
VEN-00647,Low,Professional Services,Low,High,Outsourcing,11.19150841778906,1.3632900355253734
VEN-00648,Low,Technology,Low,Low,Outsourcing,12.79141403571458,2.766638159806249
VEN-00649,Medium,Professional Services,High,Medium,Outsourcing,10.12199101956372,5.484125915611242
VEN-00650,Low,Technology,Low,Low,Material outsourcing,4.015281747612278,4.015281747612278
VEN-00651,Low,Facilities,Medium,Medium,Outsourcing,14.244392910891074,4.627871213279815
VEN-00652,Medium,Technology,Medium,High,Non-outsourcing,4.761065746220213,2.8034316377887856
VEN-00653,Medium,Cloud,Medium,Medium,Non-outsourcing,6.29818843686627,3.929313829030444
VEN-00654,Low,Facilities,High,Medium,Non-outsourcing,8.045271553426595,3.798008160869189
VEN-00655,Medium,Payments,Medium,High,Outsourcing,11.54931647124518,8.612018099238034
VEN-00656,Low,Cloud,Critical,High,Non-outsourcing,25.35518597434676,3.025753349061068
VEN-00657,Medium,Telecommunications,High,Medium,Outsourcing,8.008658876409859,8.008658876409859
VEN-00658,Low,Professional Services,Low,Medium,Outsourcing,26.384586168449708,4.561795149543988
VEN-00659,Low,Technology,Low,High,Material outsourcing,17.376009033628193,9.579076101682023
VEN-00660,Low,Professional Services,Medium,Low,Non-outsourcing,13.375483449842612,5.225667443117768
VEN-00661,Low,Facilities,Medium,Low,Outsourcing,7.537294702761653,3.290338419551381
VEN-00662,Medium,Telecommunications,Medium,Low,Outsourcing,11.635930443734203,9.473079350819672
VEN-00663,Low,Payments,Low,High,Material outsourcing,12.11854888938441,12.11854888938441
VEN-00664,Low,Telecommunications,Low,Low,Outsourcing,15.54873612800588,5.4621703153162375
VEN-00665,Low,Payments,Medium,Medium,Non-outsourcing,7.751028695384498,7.751028695384498
VEN-00666,Medium,Payments,High,Medium,Non-outsourcing,17.63986757558435,5.307022066806805
VEN-00667,Medium,Professional Services,High,Low,Material outsourcing,10.965084832254211,2.943292496049588
VEN-00668,High,Technology,Critical,Medium,Outsourcing,14.22292631842316,9.832817146276147
VEN-00669,Low,Professional Services,Low,Medium,Outsourcing,10.512001161162846,1.9790849947956155
VEN-00670,Low,Professional Services,Medium,Low,Outsourcing,20.5720838007611,1.7614584306854784
VEN-00671,Low,Payments,Critical,High,Outsourcing,6.511283172035765,6.511283172035765
VEN-00672,Low,Telecommunications,High,Low,Outsourcing,12.979199493269816,4.041556970416689
VEN-00673,High,Payments,Medium,High,Material outsourcing,5.439514656804516,2.181379821149672
VEN-00674,Medium,Telecommunications,Medium,Medium,Material outsourcing,14.802046696602734,12.784300483090338
VEN-00675,Low,Telecommunications,Low,Low,Non-outsourcing,6.218653592346178,6.218653592346178
VEN-00676,Low,Facilities,High,Low,Non-outsourcing,9.825157198851786,4.631085178853832
VEN-00677,High,Payments,Medium,Medium,Non-outsourcing,9.22908167883855,6.139781420983312
VEN-00678,Low,Telecommunications,Medium,Medium,Non-outsourcing,29.606212568415927,5.676714182616564
VEN-00679,Low,Payments,Medium,Low,Outsourcing,7.65908236634262,7.579087970863526
VEN-00680,Low,Payments,Medium,High,Outsourcing,17.70807461642013,4.509188085246494
VEN-00681,Low,Cloud,Low,Medium,Non-outsourcing,2.582881499241664,2.582881499241664
VEN-00682,Low,Professional Services,High,High,Non-outsourcing,11.56665891796439,5.427148228521576
VEN-00683,Low,Telecommunications,Medium,Low,Outsourcing,21.018091582803905,0.9598222458624964
VEN-00684,Low,Technology,Low,Low,Outsourcing,4.161929136491332,3.4265543472168227
VEN-00685,Low,Facilities,Medium,Medium,Outsourcing,17.326766991731688,7.098946310318885
VEN-00686,Low,Cloud,Critical,Low,Non-outsourcing,10.555510747533097,1.725599260514698
VEN-00687,Low,Telecommunications,Medium,Low,Non-outsourcing,3.116733787456549,3.116733787456549
VEN-00688,High,Facilities,Medium,Low,Outsourcing,18.55255737633109,4.048657067368097
VEN-00689,Medium,Cloud,Medium,Low,Outsourcing,15.157527760766731,12.93714943634859
VEN-00690,Low,Payments,High,High,Outsourcing,7.082788560742106,7.082788560742106
VEN-00691,Low,Professional Services,High,Medium,Material outsourcing,15.617503419326324,1.8007052213525028
VEN-00692,Medium,Technology,High,High,Non-outsourcing,4.360672597844493,4.360672597844493
VEN-00693,Low,Telecommunications,Low,Low,Non-outsourcing,8.307986623286578,3.99206910912688
VEN-00694,Low,Telecommunications,Critical,Medium,Non-outsourcing,11.417326749061736,5.122816047369927
VEN-00695,High,Telecommunications,Critical,Medium,Non-outsourcing,11.116159805901091,4.024756193520722
VEN-00696,Low,Telecommunications,Medium,Medium,Non-outsourcing,14.006375227509498,13.18231825897042
VEN-00697,Medium,Technology,Medium,High,Non-outsourcing,29.239340165876985,12.538122087876053
VEN-00698,Low,Facilities,Low,High,Non-outsourcing,6.176437569594645,3.012828873095535
VEN-00699,Medium,Telecommunications,Medium,Low,Outsourcing,12.540401756547,9.575954163635496
VEN-00700,Low,Payments,Low,Medium,Non-outsourcing,12.712145380684284,3.361288560317593
VEN-00701,Low,Professional Services,Low,High,Outsourcing,19.399043658654936,2.882771282610678
VEN-00702,Low,Cloud,Critical,Low,Non-outsourcing,11.078987723539008,5.433788889436866
VEN-00703,Low,Professional Services,Low,Medium,Non-outsourcing,3.754635466482191,3.754635466482191
VEN-00704,Medium,Telecommunications,Medium,Low,Non-outsourcing,11.912393635996525,2.532226375603445
VEN-00705,Low,Facilities,Medium,Medium,Non-outsourcing,3.457267649947493,1.410693852650863
VEN-00706,Low,Facilities,Medium,Medium,Non-outsourcing,18.50013203781895,5.11574310272753
VEN-00707,Medium,Facilities,Medium,Medium,Outsourcing,11.347182418555027,2.533007551938955
VEN-00708,Medium,Facilities,Medium,High,Material outsourcing,13.719688121134574,4.217130858762216
VEN-00709,Low,Telecommunications,Medium,Medium,Non-outsourcing,6.576691891550373,6.576691891550373
VEN-00710,Low,Cloud,Critical,High,Non-outsourcing,6.75893399434541,4.422663337037189
VEN-00711,High,Payments,Medium,Medium,Non-outsourcing,15.062167141135616,1.348001489315767
VEN-00712,Medium,Cloud,Critical,Medium,Outsourcing,9.814103274505383,9.453529457400723
VEN-00713,Medium,Facilities,High,Medium,Non-outsourcing,7.689602311153624,6.717646527381008
VEN-00714,High,Facilities,Medium,Medium,Non-outsourcing,21.01250118567956,8.514635658190171
VEN-00715,Medium,Payments,Low,High,Material outsourcing,12.069229257147168,4.8744512967244304
VEN-00716,Low,Professional Services,Low,Low,Material outsourcing,8.264438840785086,4.853510698946314
VEN-00717,Low,Facilities,High,High,Outsourcing,12.442394479040676,12.442394479040676
VEN-00718,Low,Professional Services,Medium,Medium,Non-outsourcing,9.048715014926158,6.751369685684064
VEN-00719,Medium,Payments,Medium,Medium,Non-outsourcing,14.42662649350879,9.356899062050454
VEN-00720,High,Telecommunications,High,Medium,Non-outsourcing,6.3616874474363705,6.3616874474363705
VEN-00721,Low,Professional Services,Medium,Medium,Outsourcing,18.64977319795437,16.362131174599632
VEN-00722,Low,Facilities,High,Medium,Outsourcing,9.044477436951206,2.06773963435204
VEN-00723,Low,Technology,Medium,Medium,Non-outsourcing,5.33155812486955,2.4547059243830818
VEN-00724,High,Technology,Critical,Low,Material outsourcing,5.710003835034379,1.756444344471888
VEN-00725,Low,Cloud,Medium,Medium,Outsourcing,10.175764369869666,4.807046820489633
VEN-00726,Low,Technology,Low,Medium,Outsourcing,7.717836126627027,7.717836126627027
VEN-00727,Low,Telecommunications,High,Medium,Non-outsourcing,4.752030722504249,0.2662812754158548
VEN-00728,Low,Cloud,Low,Medium,Non-outsourcing,4.908656191759372,3.3427858170588816
VEN-00729,Low,Professional Services,Critical,Low,Non-outsourcing,11.405808227661447,4.8671614660684535
VEN-00730,Low,Cloud,High,Medium,Outsourcing,12.797797523590624,2.280447643796624
VEN-00731,Low,Professional Services,Low,Medium,Non-outsourcing,11.811174628965388,4.108389654438544
VEN-00732,Low,Cloud,Low,Medium,Non-outsourcing,20.71070905561663,4.303840436992324
VEN-00733,Low,Payments,Critical,Medium,Outsourcing,13.71869876207854,1.6190654777083349
VEN-00734,Low,Professional Services,Medium,Medium,Outsourcing,8.212483612236094,8.212483612236094
VEN-00735,Low,Professional Services,High,Medium,Outsourcing,38.55263414381602,4.143272234209972
VEN-00736,Medium,Telecommunications,Low,Low,Outsourcing,6.923408809263828,2.13771113272454
VEN-00737,Low,Technology,Critical,Low,Outsourcing,4.422680561634462,4.422680561634462
VEN-00738,Low,Telecommunications,Medium,Medium,Outsourcing,15.461713056622605,8.167454030990164
VEN-00739,Low,Technology,High,Low,Non-outsourcing,25.428251087273125,4.623887423551421
VEN-00740,Low,Payments,Medium,Low,Non-outsourcing,17.04855885518966,2.3029653305815425
VEN-00741,Low,Facilities,Low,Low,Non-outsourcing,9.872748337878912,5.55124332916125
VEN-00742,Low,Technology,Critical,Medium,Non-outsourcing,7.3373589906039935,7.3373589906039935
VEN-00743,Medium,Professional Services,Critical,High,Outsourcing,14.927644753358438,3.238790425252109
VEN-00744,Low,Cloud,Medium,Low,Outsourcing,10.154718694174877,2.5807894272124323
VEN-00745,Low,Telecommunications,Critical,Medium,Non-outsourcing,9.585475148267758,3.611416098642412
VEN-00746,Low,Technology,Low,High,Outsourcing,21.53286633322833,2.726499469853749
VEN-00747,Low,Facilities,Low,High,Outsourcing,3.830714092214868,2.814386166820144
VEN-00748,Low,Facilities,Low,Low,Outsourcing,13.377861343567863,1.9504741709285176
VEN-00749,Medium,Technology,Medium,High,Material outsourcing,7.625173191825042,7.625173191825042
VEN-00750,Medium,Facilities,Low,Low,Non-outsourcing,11.156977768891789,7.704838151082844
VEN-00751,Low,Facilities,Medium,High,Non-outsourcing,6.804244580309908,3.9379694873244886
VEN-00752,Low,Telecommunications,Low,Low,Non-outsourcing,10.159045900992655,3.1480272697506284
VEN-00753,Low,Payments,High,Medium,Outsourcing,32.01974094915039,6.358252386609881
VEN-00754,Low,Payments,High,Low,Non-outsourcing,16.256640800803428,5.483162607177839
VEN-00755,Medium,Telecommunications,High,Medium,Material outsourcing,14.92084501805128,5.351629366928293
VEN-00756,Low,Telecommunications,Low,Low,Non-outsourcing,11.315034297743114,11.14892395206759
VEN-00757,Low,Technology,High,Medium,Outsourcing,10.804942738151269,6.850929601636291
VEN-00758,High,Payments,Low,Medium,Outsourcing,11.702152069937435,11.702152069937435
VEN-00759,Low,Facilities,High,Low,Non-outsourcing,14.159272502889936,3.3713555312695918
VEN-00760,Low,Telecommunications,Medium,High,Outsourcing,16.406809079993216,16.069009178368372
VEN-00761,Medium,Payments,Medium,Medium,Outsourcing,26.953781874590334,6.634010425941287
VEN-00762,Low,Payments,Low,Low,Outsourcing,9.851865322138908,2.2263412344458
VEN-00763,Low,Telecommunications,High,Low,Outsourcing,21.27464372099451,2.924058739709818
VEN-00764,Low,Telecommunications,Critical,Medium,Outsourcing,27.102302744859777,7.420353437888281
VEN-00765,High,Cloud,High,Low,Non-outsourcing,17.02452389278653,1.815228976941844
VEN-00766,Low,Telecommunications,Critical,Medium,Outsourcing,10.710002080689442,4.61539876366728
VEN-00767,Low,Cloud,Critical,Medium,Non-outsourcing,17.080114812218135,17.080114812218135
VEN-00768,Low,Payments,Low,Medium,Non-outsourcing,4.619235703684188,0.3939994438912086
VEN-00769,Low,Payments,High,Medium,Non-outsourcing,24.815767833901457,4.593213718936228
VEN-00770,Low,Payments,Medium,High,Outsourcing,17.827220707474275,2.9248232284228464
VEN-00771,Low,Technology,Medium,Medium,Non-outsourcing,10.482596315544896,10.482596315544896
VEN-00772,Low,Telecommunications,Low,Medium,Material outsourcing,10.08658016886293,4.360424308588993
VEN-00773,Low,Facilities,Critical,High,Non-outsourcing,5.255218983845023,2.583053513583486
VEN-00774,Medium,Technology,High,Low,Non-outsourcing,19.175025784502537,1.837967240804016
VEN-00775,Low,Payments,Medium,Medium,Non-outsourcing,10.201773759579044,2.04474729434973
VEN-00776,Medium,Payments,Medium,High,Non-outsourcing,25.895370538780792,14.952215248739565
VEN-00777,Low,Professional Services,Medium,Medium,Non-outsourcing,4.577852793924953,0.6360065972459893
VEN-00778,Low,Professional Services,High,High,Outsourcing,6.876884993393047,6.793298764276966
VEN-00779,Medium,Payments,Critical,Medium,Non-outsourcing,6.4504065937920405,6.4504065937920405
VEN-00780,Medium,Cloud,Medium,Medium,Non-outsourcing,2.449565987998426,2.449565987998426
VEN-00781,Low,Payments,Medium,Medium,Non-outsourcing,15.490622837641222,2.07477509136392
VEN-00782,High,Facilities,Medium,Low,Non-outsourcing,5.870906853686043,5.870906853686043
VEN-00783,Low,Professional Services,Medium,High,Material outsourcing,6.893599254485707,2.457980654055443
VEN-00784,Low,Professional Services,Medium,Low,Non-outsourcing,6.069651159993618,3.0994339625860365
VEN-00785,High,Telecommunications,Low,High,Outsourcing,9.12755946649018,2.703607777715843
VEN-00786,Low,Cloud,Low,Medium,Outsourcing,23.320637118765244,2.8002986826316736
VEN-00787,Medium,Technology,Medium,High,Non-outsourcing,14.159723099867072,8.970911523975529
VEN-00788,Low,Professional Services,Critical,High,Outsourcing,12.33299961739142,4.188097246795284
VEN-00789,Medium,Technology,Medium,Medium,Non-outsourcing,11.171241977874253,7.063291651873614
VEN-00790,Low,Professional Services,Low,High,Material outsourcing,8.369345844695923,7.053111244385241
VEN-00791,Low,Facilities,High,High,Outsourcing,8.435681762072917,4.816866372490517
VEN-00792,Low,Professional Services,Critical,Medium,Non-outsourcing,12.025472748553758,12.025472748553758
VEN-00793,Low,Payments,Medium,Medium,Material outsourcing,22.04401545180255,2.299840681865576
VEN-00794,Low,Payments,Low,Low,Non-outsourcing,8.049348374904085,4.445343999070282
VEN-00795,Low,Payments,High,Low,Material outsourcing,18.10525608552209,0.9831826049982352
VEN-00796,Low,Payments,Medium,Low,Material outsourcing,6.219416568903656,5.043834976391231
VEN-00797,Low,Professional Services,High,Medium,Non-outsourcing,15.43123071016324,8.616103848929152
VEN-00798,Low,Telecommunications,Medium,Low,Non-outsourcing,21.61372246210698,1.609387354410426
VEN-00799,Medium,Technology,Low,Medium,Outsourcing,10.726925559454331,3.190877273418122
VEN-00800,Medium,Technology,Medium,Medium,Non-outsourcing,8.402434208564152,2.74132321617766
VEN-00801,Medium,Facilities,High,Medium,Outsourcing,15.401938207145973,0.3643920663541232
VEN-00802,Low,Telecommunications,Medium,High,Non-outsourcing,24.588774827769896,2.0549970466767213
VEN-00803,Medium,Payments,Low,High,Non-outsourcing,17.70393056263121,7.412625140049455
VEN-00804,Low,Payments,Medium,High,Outsourcing,26.25934640351977,4.670334907504869
VEN-00805,Low,Facilities,High,Medium,Outsourcing,11.2673024362221,5.9808531472280695
VEN-00806,Low,Professional Services,Low,Low,Outsourcing,10.911927807610637,8.637926363032268
VEN-00807,Medium,Telecommunications,High,High,Outsourcing,4.868635220800998,4.868635220800998
VEN-00808,Low,Technology,High,Low,Non-outsourcing,8.210999566828065,2.0435787241203025
VEN-00809,Low,Technology,Medium,Low,Non-outsourcing,10.497503596697593,6.870417637238528
VEN-00810,High,Facilities,Critical,Medium,Non-outsourcing,11.042426389463532,3.0979806671587737
VEN-00811,Low,Professional Services,High,Medium,Non-outsourcing,15.260690200747284,2.2001249672405603
VEN-00812,Low,Telecommunications,Medium,Medium,Non-outsourcing,8.66599593487199,3.8959065728376494
VEN-00813,High,Facilities,Low,Low,Outsourcing,8.941197267773392,7.081042940479368
VEN-00814,Low,Professional Services,Medium,High,Non-outsourcing,28.501660896321564,4.978069281557887
VEN-00815,Low,Technology,Low,Low,Non-outsourcing,2.515316682821009,2.515316682821009
VEN-00816,Medium,Technology,Medium,Medium,Outsourcing,3.026395749422055,3.026395749422055
VEN-00817,Medium,Telecommunications,Critical,Medium,Non-outsourcing,6.767911185400739,6.767911185400739
VEN-00818,Low,Payments,High,Medium,Material outsourcing,2.9272048875891725,2.9272048875891725
VEN-00819,Low,Facilities,Medium,High,Non-outsourcing,3.360070459893966,3.360070459893966
VEN-00820,Low,Telecommunications,Medium,Low,Non-outsourcing,9.24097230281773,4.882777636080221
VEN-00821,Low,Cloud,Low,Low,Material outsourcing,13.14556595450605,2.755207806113858
VEN-00822,Low,Payments,Medium,Low,Outsourcing,9.05151722753306,7.169311860486321
VEN-00823,Low,Technology,Low,High,Outsourcing,13.545781501238428,7.3216437544987265
VEN-00824,Medium,Telecommunications,Critical,High,Non-outsourcing,16.452990752036705,1.909456050231124
VEN-00825,Medium,Telecommunications,High,Medium,Non-outsourcing,12.391406963812104,6.797221915373464
VEN-00826,Low,Payments,Low,Medium,Outsourcing,13.526909409155788,9.36705106181434
VEN-00827,Low,Facilities,High,High,Non-outsourcing,9.664535628236004,2.0819350843034434
VEN-00828,Low,Payments,Medium,Low,Outsourcing,8.65587867762916,5.501926345277753
VEN-00829,Medium,Telecommunications,High,Low,Non-outsourcing,2.7590597273371795,2.1181242766510477
VEN-00830,Low,Telecommunications,Medium,Medium,Non-outsourcing,16.87410016258983,2.288309473279561
VEN-00831,Low,Payments,Low,Low,Non-outsourcing,12.107772709026818,1.2493625767106202
VEN-00832,Low,Professional Services,Medium,Medium,Outsourcing,13.016970484922355,10.15615087289287
VEN-00833,Low,Professional Services,Low,Medium,Non-outsourcing,4.725985494309066,4.725985494309066
VEN-00834,Medium,Technology,Medium,Medium,Material outsourcing,6.998370265799624,6.998370265799624
VEN-00835,Medium,Technology,Low,Medium,Non-outsourcing,9.393081370107776,3.6400991680494985
VEN-00836,Low,Cloud,High,Medium,Outsourcing,5.846361548289183,5.846361548289183
VEN-00837,Medium,Professional Services,High,Low,Non-outsourcing,12.295851288977833,2.1863791327445123
VEN-00838,High,Technology,Low,High,Outsourcing,11.86506737767014,1.8859173105949585
VEN-00839,Low,Technology,Medium,Medium,Outsourcing,11.485447660283558,3.690745015262609
VEN-00840,Low,Professional Services,High,Low,Outsourcing,16.748057641056654,9.057329483708171
VEN-00841,Low,Cloud,Low,Low,Non-outsourcing,12.442363107426058,5.618932831875556
VEN-00842,Medium,Professional Services,Medium,Low,Outsourcing,20.741312309520055,3.3712991219782578
VEN-00843,Low,Cloud,High,Low,Non-outsourcing,12.658680780102149,3.243446968639072
VEN-00844,Low,Professional Services,Medium,Low,Outsourcing,7.771532544959228,7.771532544959228
VEN-00845,Low,Telecommunications,High,Low,Outsourcing,10.937857778989557,7.725201192035912
VEN-00846,Medium,Telecommunications,Medium,High,Non-outsourcing,2.046133514047257,2.046133514047257
VEN-00847,Low,Technology,Medium,High,Outsourcing,13.094150756581396,10.053616576253797
VEN-00848,Medium,Technology,Low,High,Outsourcing,7.115297872007258,1.0422930247456652
VEN-00849,Low,Cloud,Low,Medium,Non-outsourcing,11.722252571674488,9.29985769307057
VEN-00850,High,Cloud,Low,Medium,Non-outsourcing,7.711064044075913,7.711064044075913
VEN-00851,Low,Technology,Critical,Medium,Non-outsourcing,5.848956942959196,2.3713536940073228
VEN-00852,Low,Facilities,High,High,Outsourcing,23.931125751608725,3.6757062208703526
VEN-00853,Medium,Cloud,High,Medium,Outsourcing,7.633055363393016,4.262318481032937
VEN-00854,High,Cloud,Low,Medium,Non-outsourcing,6.899234400307355,6.899234400307355
VEN-00855,Low,Payments,Medium,High,Non-outsourcing,15.57844463054574,5.015739759049671
VEN-00856,Low,Telecommunications,High,Medium,Non-outsourcing,9.238236096086563,7.602461157061178
VEN-00857,Medium,Facilities,High,Low,Non-outsourcing,7.329364342156228,7.329364342156228
VEN-00858,Medium,Cloud,Low,Low,Non-outsourcing,15.796920039268336,3.504342512013217
VEN-00859,Low,Technology,High,Medium,Non-outsourcing,10.769278400305389,10.003235811899712
VEN-00860,Low,Facilities,Low,Low,Non-outsourcing,16.840393749695643,4.641298829848706
VEN-00861,Medium,Technology,Low,Low,Outsourcing,21.104887595983243,19.89525664651024
VEN-00862,Medium,Professional Services,Critical,Low,Outsourcing,9.11615334921724,2.3404987411953053
VEN-00863,Medium,Technology,Medium,Medium,Non-outsourcing,15.152750017265811,4.330489780992686
VEN-00864,Low,Professional Services,Medium,High,Outsourcing,21.590770213317175,9.487299060258644
VEN-00865,Low,Telecommunications,Medium,Medium,Non-outsourcing,24.42934648139529,2.8380751721395843
VEN-00866,High,Facilities,Critical,Low,Non-outsourcing,8.131836761987342,8.131836761987342
VEN-00867,Medium,Payments,Low,Medium,Material outsourcing,18.045720898094903,3.828481359179975
VEN-00868,Medium,Professional Services,High,Medium,Outsourcing,3.052538011136264,2.0601786480729647
VEN-00869,Low,Professional Services,Medium,Medium,Non-outsourcing,12.570900408095149,1.7506600262913048
VEN-00870,Low,Telecommunications,Low,Medium,Non-outsourcing,5.091702267445694,5.091702267445694
VEN-00871,Medium,Payments,Medium,Low,Outsourcing,9.117271864960594,6.549684848770386
VEN-00872,Low,Technology,Medium,Medium,Non-outsourcing,29.745569803220747,2.2454161103751007
VEN-00873,High,Facilities,Low,Low,Material outsourcing,17.007043565702983,6.932295373888084
VEN-00874,Low,Telecommunications,Medium,Medium,Non-outsourcing,5.162555018197654,1.6320546683371977
VEN-00875,Medium,Professional Services,Medium,High,Non-outsourcing,6.120897818054382,3.5447464011177314
VEN-00876,Medium,Payments,Medium,High,Outsourcing,18.93219981531576,4.5629561313515685
VEN-00877,Low,Technology,High,Low,Outsourcing,18.626617758723707,4.3102454479108285
VEN-00878,Low,Cloud,High,Medium,Outsourcing,19.117235172672864,5.298269574318221
VEN-00879,Low,Telecommunications,Medium,High,Material outsourcing,12.540844957406042,4.438702521480247
VEN-00880,Low,Technology,Medium,High,Material outsourcing,16.96903076775224,4.020066960796893
VEN-00881,Low,Technology,Medium,Low,Non-outsourcing,9.343490783423125,4.007607097093027
VEN-00882,Low,Technology,Medium,Medium,Non-outsourcing,9.1272935310727,3.0374669136542973
VEN-00883,High,Professional Services,Low,Low,Non-outsourcing,12.18951487258862,7.02553965963919
VEN-00884,Low,Telecommunications,Medium,Low,Outsourcing,7.260093700976672,4.046263893998774
VEN-00885,Low,Technology,Low,Medium,Outsourcing,6.6307995933357855,2.787531677911865
VEN-00886,Low,Telecommunications,Medium,Medium,Non-outsourcing,14.678169567092096,6.738338108915745
VEN-00887,Low,Technology,Critical,Low,Material outsourcing,15.325883460661816,6.094508334835385
VEN-00888,Low,Telecommunications,Medium,High,Non-outsourcing,6.719879847626373,2.167135172951178
VEN-00889,Low,Payments,Medium,Medium,Outsourcing,8.158226938381333,8.158226938381333
VEN-00890,Medium,Cloud,Medium,High,Outsourcing,13.653870908365697,3.571877418826485
VEN-00891,Low,Professional Services,High,High,Non-outsourcing,13.085792958564742,3.6867613420175935
VEN-00892,High,Payments,Medium,High,Non-outsourcing,12.548272078634124,4.670035035477561
VEN-00893,Low,Payments,Medium,High,Non-outsourcing,6.900898058161568,5.966922408973949
VEN-00894,Low,Telecommunications,High,Low,Material outsourcing,31.75422754473348,4.822973785003068
VEN-00895,Medium,Professional Services,Low,Low,Non-outsourcing,8.701576358900564,2.602527766972844
VEN-00896,Medium,Professional Services,Medium,High,Outsourcing,13.93471006544506,1.1232523744566028
VEN-00897,Low,Telecommunications,Medium,Low,Outsourcing,5.833982656632017,5.833982656632017
VEN-00898,Low,Facilities,High,Medium,Outsourcing,10.771988886478796,2.351112004772818
VEN-00899,Low,Facilities,Critical,Medium,Material outsourcing,6.633232694149662,6.425827495300358
VEN-00900,Low,Professional Services,High,Low,Non-outsourcing,8.516687505952206,4.795827399605519
VEN-00901,Low,Technology,Medium,Low,Outsourcing,12.666050864337626,0.8880409607380892
VEN-00902,Low,Technology,Low,Medium,Non-outsourcing,20.561065028648404,2.9950987661805164
VEN-00903,Low,Technology,Medium,Medium,Non-outsourcing,8.05051919232725,8.05051919232725
VEN-00904,Low,Facilities,High,Medium,Non-outsourcing,12.357935672572037,1.2010923833509135
VEN-00905,High,Facilities,Critical,Low,Non-outsourcing,13.84436582848431,3.7893720085788702
VEN-00906,Medium,Telecommunications,High,Medium,Outsourcing,15.672488708736472,5.964562394143608
VEN-00907,Low,Cloud,Low,Low,Non-outsourcing,3.648246337943064,2.3604382469249394
VEN-00908,Low,Payments,High,Medium,Outsourcing,16.811197437538254,5.153001692419893
VEN-00909,Low,Cloud,High,Low,Non-outsourcing,13.923312497467236,6.804966760406843
VEN-00910,Low,Cloud,High,Low,Outsourcing,12.538437671494464,6.253030076825591
VEN-00911,Medium,Facilities,High,High,Outsourcing,30.71205960484153,5.143665179462156
VEN-00912,Medium,Facilities,Medium,Low,Outsourcing,7.541172783242542,4.227678276303387
VEN-00913,High,Payments,Medium,Medium,Material outsourcing,13.10630693353463,2.4345558550690503
VEN-00914,High,Payments,Medium,Low,Non-outsourcing,27.48705320390351,6.670620303838569
VEN-00915,High,Technology,Low,Low,Non-outsourcing,19.4379140131407,4.732398193832721
VEN-00916,High,Facilities,High,Medium,Outsourcing,9.093397724672965,9.093397724672965
VEN-00917,Low,Professional Services,Critical,High,Non-outsourcing,12.445766075800636,7.77857179905042
VEN-00918,Low,Payments,High,Medium,Outsourcing,12.640616212299625,3.354776306800873
VEN-00919,Low,Technology,Medium,Low,Outsourcing,9.796907468142342,5.541869000310784
VEN-00920,Low,Technology,Low,Medium,Non-outsourcing,5.264353275383407,1.8983946561424545
VEN-00921,Low,Facilities,Medium,Medium,Material outsourcing,9.174153186990395,1.076903776800635
VEN-00922,Medium,Telecommunications,High,High,Non-outsourcing,14.43487092300832,3.275812610528576
VEN-00923,Low,Facilities,High,High,Outsourcing,9.067257338471922,1.609769061738407
VEN-00924,Low,Technology,Critical,Medium,Non-outsourcing,10.76889836393958,7.270569670838761
VEN-00925,Low,Technology,Medium,Medium,Outsourcing,20.68378691669817,12.990037218554408
VEN-00926,Low,Technology,Medium,Medium,Non-outsourcing,10.803521043032788,9.313073589939892
VEN-00927,Low,Telecommunications,High,High,Material outsourcing,11.158917889353244,3.672026182271268
VEN-00928,Medium,Telecommunications,Low,Medium,Material outsourcing,11.891202603097662,7.474466514715393
VEN-00929,Low,Payments,Critical,Low,Outsourcing,8.64076615345412,3.15437242174262
VEN-00930,Medium,Technology,Medium,High,Outsourcing,17.07509342434919,10.069631033590282
VEN-00931,Low,Payments,Low,High,Outsourcing,5.844290087941994,5.844290087941994
VEN-00932,Low,Telecommunications,Low,Medium,Outsourcing,8.617673642162408,4.683866255372265
VEN-00933,Low,Technology,High,Medium,Outsourcing,12.478576641727736,4.475322613990248
VEN-00934,Medium,Telecommunications,Medium,Medium,Outsourcing,9.357669341150132,6.798335266056421
VEN-00935,Medium,Professional Services,High,High,Material outsourcing,23.31569871729972,4.50582774163179
VEN-00936,Low,Technology,High,Medium,Outsourcing,11.214405582971668,8.995647464569169
VEN-00937,High,Cloud,Medium,Medium,Non-outsourcing,11.058726612891563,3.6180181022615914
VEN-00938,Low,Facilities,High,Medium,Material outsourcing,6.710021600715901,4.172573321943035
VEN-00939,Medium,Telecommunications,Critical,Medium,Non-outsourcing,9.457290151602106,4.341500454076887
VEN-00940,Low,Technology,Low,Low,Non-outsourcing,16.708593515075673,3.96355144217831
VEN-00941,Low,Professional Services,High,High,Material outsourcing,7.744122886233207,2.5598695551910358
VEN-00942,Medium,Facilities,Medium,Low,Non-outsourcing,4.1800853832995895,3.4297220162996305
VEN-00943,Low,Facilities,Medium,Medium,Non-outsourcing,10.290524717514211,4.628171853483295
VEN-00944,Low,Technology,Medium,High,Outsourcing,11.48103224280327,4.397878754838218
VEN-00945,Low,Facilities,High,Medium,Outsourcing,8.919398622102003,8.919398622102003
VEN-00946,Low,Cloud,Low,Medium,Non-outsourcing,20.836483131071613,5.984271342229256
VEN-00947,Medium,Telecommunications,Medium,High,Outsourcing,29.708168831213623,10.377549009993322
VEN-00948,Medium,Payments,High,Low,Non-outsourcing,12.437466381830497,1.4422757928953935
VEN-00949,Medium,Cloud,Low,High,Non-outsourcing,9.407670376896288,8.277818721075866
VEN-00950,Low,Telecommunications,High,Low,Non-outsourcing,14.438663239113064,5.986103393105254
VEN-00951,Low,Technology,Critical,Medium,Non-outsourcing,20.90730212212787,4.352629729200199
VEN-00952,Low,Technology,Low,Medium,Material outsourcing,8.06082354317805,2.40346036823688
VEN-00953,Low,Cloud,Low,Medium,Outsourcing,16.276295447908517,7.181387002014816
VEN-00954,Low,Payments,Critical,Medium,Outsourcing,10.28539422398953,6.5497806725730205
VEN-00955,High,Technology,Low,Low,Material outsourcing,18.863508712468164,7.352365741945275
VEN-00956,Medium,Professional Services,Low,Medium,Material outsourcing,6.71166424674365,3.3677263649139464
VEN-00957,Medium,Facilities,Critical,Low,Outsourcing,22.185895744556447,8.969387394261405
VEN-00958,Low,Facilities,High,High,Non-outsourcing,12.642280068683664,6.878282107873277
VEN-00959,Low,Facilities,High,Medium,Outsourcing,14.417293982005852,3.574278757588628
VEN-00960,Low,Cloud,Medium,Medium,Outsourcing,6.136115158436732,6.136115158436732
VEN-00961,Low,Telecommunications,Critical,Low,Non-outsourcing,6.03749773651596,5.433985184655429
VEN-00962,Low,Technology,High,Medium,Non-outsourcing,13.281628703484614,1.1925773430275233
VEN-00963,Low,Technology,High,Medium,Non-outsourcing,14.636475001433986,3.57051562161177
VEN-00964,Low,Technology,High,Low,Outsourcing,9.835075009546031,8.905345502564098
VEN-00965,High,Professional Services,High,Medium,Outsourcing,15.394659201317555,3.647163969747917
VEN-00966,Low,Professional Services,Medium,Low,Outsourcing,6.112726297367816,4.84763784968254
VEN-00967,High,Cloud,Medium,Low,Non-outsourcing,5.051849775108095,5.051849775108095
VEN-00968,Low,Professional Services,Medium,Medium,Non-outsourcing,11.929248338836148,3.678472642940199
VEN-00969,Low,Technology,Medium,Low,Material outsourcing,5.986283985284107,5.986283985284107
VEN-00970,Low,Cloud,Medium,Low,Non-outsourcing,4.24590831121883,1.9515988269008075
VEN-00971,Low,Payments,Medium,Medium,Non-outsourcing,7.002532590394599,5.856093983955327
VEN-00972,Low,Cloud,High,Medium,Outsourcing,14.385933419126824,5.636867892478652
VEN-00973,Low,Telecommunications,Medium,Low,Outsourcing,12.5111084153965,6.184875185663175
VEN-00974,High,Cloud,Low,Low,Outsourcing,21.038431243391106,6.667804765290626
VEN-00975,Low,Telecommunications,Medium,Medium,Outsourcing,12.933130291309322,4.984058279449479
VEN-00976,Low,Technology,Low,Medium,Non-outsourcing,6.2460324136471055,4.604263616428758
VEN-00977,Low,Facilities,High,Medium,Material outsourcing,14.85955514367716,4.832771299666198
VEN-00978,Low,Professional Services,Medium,Medium,Outsourcing,7.943609147872453,7.943609147872453
VEN-00979,Low,Facilities,Medium,High,Outsourcing,9.738284001540691,5.308313316132249
VEN-00980,Low,Telecommunications,High,High,Non-outsourcing,8.022639920375397,8.022639920375397
VEN-00981,High,Facilities,Low,Medium,Outsourcing,5.772361228702964,5.772361228702964
VEN-00982,Medium,Payments,Low,Low,Non-outsourcing,37.46503672362147,5.309905728032272
VEN-00983,Medium,Cloud,High,Low,Outsourcing,7.303427922400476,2.08774574053089
VEN-00984,Low,Facilities,Medium,Low,Outsourcing,3.9174371074525096,3.9174371074525096
VEN-00985,Low,Cloud,High,Medium,Outsourcing,15.734562080253047,4.084646071632662
VEN-00986,High,Payments,High,High,Non-outsourcing,3.3128358052377065,3.3128358052377065
VEN-00987,Low,Cloud,Critical,Medium,Material outsourcing,10.327427411965475,2.938327346612389
VEN-00988,Low,Payments,Low,Low,Non-outsourcing,16.91428972374857,4.816620879866721
VEN-00989,Low,Professional Services,High,Medium,Outsourcing,5.357140468126369,3.973442275992655
VEN-00990,Medium,Cloud,High,High,Non-outsourcing,11.224687153135145,7.6238390071924
VEN-00991,Low,Professional Services,Low,Low,Non-outsourcing,9.53216926335849,9.53216926335849
VEN-00992,Medium,Payments,Critical,High,Material outsourcing,7.236748336026897,4.748831420819841
VEN-00993,Medium,Cloud,Medium,High,Non-outsourcing,21.068516449928868,3.758699294942548
VEN-00994,Low,Cloud,High,Medium,Material outsourcing,9.488685993018416,2.17492978023508
VEN-00995,High,Payments,Medium,Medium,Non-outsourcing,15.576546941889235,3.475678937273121
VEN-00996,Low,Payments,Medium,Medium,Outsourcing,17.62948121591577,11.563945300942787
VEN-00997,Low,Payments,Low,Low,Non-outsourcing,10.095936033129936,4.7947199886707175
VEN-00998,Low,Technology,Critical,Medium,Outsourcing,6.31878077628188,6.31878077628188
VEN-00999,High,Facilities,Medium,Low,Material outsourcing,17.83912530420394,1.667485912566098
VEN-01000,Low,Payments,Low,Medium,Outsourcing,10.338556117539635,1.6133123091285526
VEN-01001,Low,Cloud,Low,High,Non-outsourcing,10.920655805332558,1.4590571454257233
VEN-01002,Low,Payments,High,Medium,Outsourcing,9.177839666849708,9.177839666849708
VEN-01003,Low,Facilities,Low,Medium,Outsourcing,17.51996067900062,4.917887494598794
VEN-01004,Low,Facilities,Medium,Low,Non-outsourcing,5.895487172730824,2.860872839273244
VEN-01005,Low,Facilities,High,Low,Outsourcing,10.992391750385345,8.145760152713246
VEN-01006,Low,Technology,Medium,Medium,Outsourcing,6.402045522575433,3.942154412534828
VEN-01007,High,Professional Services,Medium,Low,Outsourcing,9.159984871136684,8.741640348079752
VEN-01008,Low,Facilities,Low,High,Non-outsourcing,18.69954089329994,4.74145462080533
VEN-01009,Medium,Professional Services,Critical,Low,Non-outsourcing,18.58435198839904,8.818277399007993
VEN-01010,Low,Cloud,High,High,Material outsourcing,9.896686002100648,2.619166050812024
VEN-01011,Medium,Facilities,Medium,Medium,Outsourcing,12.928054494575434,6.305212956875524
VEN-01012,Low,Professional Services,Medium,Medium,Outsourcing,12.803171488914415,7.296803583304277
VEN-01013,Low,Technology,Medium,High,Material outsourcing,6.416717217585791,1.5287063499353195
VEN-01014,High,Payments,Critical,Medium,Non-outsourcing,14.57208844589125,4.921855593511475
VEN-01015,Low,Professional Services,Medium,Low,Non-outsourcing,6.789658346384306,2.13088131645916
VEN-01016,Low,Professional Services,Medium,High,Outsourcing,8.878606588800274,1.6550642739888717
VEN-01017,Medium,Cloud,Critical,Medium,Outsourcing,4.015357996805525,4.015357996805525
VEN-01018,Medium,Telecommunications,Low,Low,Material outsourcing,15.813251881753583,6.474607353230275
VEN-01019,Low,Technology,Medium,Medium,Outsourcing,17.562547520362074,2.9418181467784748
VEN-01020,Low,Facilities,Low,Medium,Non-outsourcing,13.167746150674258,4.276935684335439
VEN-01021,Medium,Professional Services,Medium,Medium,Non-outsourcing,11.257307625035825,3.252525068471411
VEN-01022,Medium,Technology,Medium,High,Non-outsourcing,8.633126418344556,8.37196541561538
VEN-01023,High,Facilities,Critical,Medium,Material outsourcing,16.014143148335407,10.25904629451129
VEN-01024,Low,Facilities,Medium,Low,Non-outsourcing,23.549514037632,17.844960999547634
VEN-01025,Medium,Technology,Low,Low,Outsourcing,7.302925536821043,7.302925536821043
VEN-01026,Low,Professional Services,High,Low,Non-outsourcing,10.020494351599408,6.840543609663053
VEN-01027,High,Telecommunications,High,Medium,Non-outsourcing,6.205532639888782,6.205532639888782
VEN-01028,Low,Payments,High,Low,Non-outsourcing,11.289398170580386,3.2788675270178445
VEN-01029,Medium,Professional Services,High,Medium,Outsourcing,9.108939902621517,4.084109305448832
VEN-01030,Low,Technology,Medium,Medium,Non-outsourcing,10.397570684454454,5.701110791350286
VEN-01031,Low,Payments,Medium,High,Material outsourcing,16.11784030640956,1.4821104971710046
VEN-01032,Medium,Cloud,Low,Low,Material outsourcing,18.37273863413374,3.0973848181525807
VEN-01033,Low,Facilities,Low,Low,Non-outsourcing,5.6827720397883255,5.6827720397883255
VEN-01034,High,Payments,Critical,High,Material outsourcing,12.736297993718106,4.107072443548455
VEN-01035,Low,Professional Services,High,Medium,Non-outsourcing,21.104344813182305,1.2839743471741905
VEN-01036,Low,Payments,Low,Medium,Non-outsourcing,14.130713494515827,3.524192216909237
VEN-01037,Low,Professional Services,Low,Medium,Non-outsourcing,6.492009763866458,5.451710041551607
VEN-01038,Low,Technology,Critical,High,Outsourcing,17.970908218099666,6.6017011373921575
VEN-01039,Low,Facilities,Low,Low,Outsourcing,14.619106407325967,4.749129122691967
VEN-01040,Low,Facilities,Low,High,Non-outsourcing,13.916619143322697,6.180039155472826
VEN-01041,Low,Facilities,Low,Low,Outsourcing,9.87166108117666,3.065390703062216
VEN-01042,Medium,Professional Services,Low,High,Outsourcing,13.49858622328458,10.437017035744084
VEN-01043,Medium,Payments,Medium,Low,Outsourcing,36.34410943909443,9.082360051613652
VEN-01044,Medium,Payments,Critical,Low,Outsourcing,3.6192240484386615,1.1139529917365236
VEN-01045,Low,Payments,Medium,Low,Outsourcing,8.829177048328809,2.3520047971053386
VEN-01046,Low,Professional Services,Medium,High,Outsourcing,9.284036224237926,8.174453921946796
VEN-01047,Low,Professional Services,High,High,Non-outsourcing,2.2957773002506148,2.2957773002506148
VEN-01048,Medium,Telecommunications,Medium,Medium,Outsourcing,27.928483008375597,5.7303610216503
VEN-01049,Medium,Technology,High,Medium,Non-outsourcing,6.203448041152249,5.24950751922753
VEN-01050,Low,Payments,High,Low,Outsourcing,5.991809027135265,5.991809027135265
VEN-01051,Medium,Cloud,Medium,Low,Outsourcing,4.587585067095807,4.587585067095807
VEN-01052,Low,Cloud,Medium,High,Non-outsourcing,8.777476534613594,6.654059249033114
VEN-01053,Low,Cloud,High,Low,Non-outsourcing,13.886878415542212,5.34850968323178
VEN-01054,Low,Payments,High,High,Outsourcing,10.852599239625974,2.522934043200821
VEN-01055,Low,Technology,High,High,Outsourcing,6.706373953668599,6.706373953668599
VEN-01056,Medium,Payments,Low,Low,Outsourcing,13.51149204992154,3.877874967998589
VEN-01057,High,Technology,High,Medium,Outsourcing,10.920653210180946,3.850478277266153
VEN-01058,Low,Cloud,High,High,Non-outsourcing,19.885935272883177,4.39660729086383
VEN-01059,Low,Cloud,Medium,High,Non-outsourcing,7.780789226519142,1.9469129702055523
VEN-01060,Medium,Telecommunications,High,Medium,Outsourcing,7.398089583365441,7.398089583365441
VEN-01061,High,Telecommunications,Medium,Low,Non-outsourcing,16.50322430583531,8.146891480658923
VEN-01062,Low,Professional Services,Low,Low,Outsourcing,6.076438695657219,2.393527629758501
VEN-01063,Low,Professional Services,High,High,Non-outsourcing,4.503470919976641,4.503470919976641
VEN-01064,Low,Cloud,Low,Medium,Non-outsourcing,10.743986996090417,3.423380672642645
VEN-01065,Low,Telecommunications,Medium,Medium,Outsourcing,14.110070495380311,3.835338059044516
VEN-01066,High,Facilities,Medium,Medium,Outsourcing,4.306889517827135,3.393900247610042
VEN-01067,Low,Cloud,High,Medium,Outsourcing,17.400983012577104,10.763381810597048
VEN-01068,Medium,Professional Services,Medium,Low,Non-outsourcing,4.049145239275518,4.049145239275518
VEN-01069,Low,Professional Services,High,Medium,Outsourcing,8.005937807497762,4.485934545385078
VEN-01070,Low,Cloud,High,High,Outsourcing,10.894554222117186,4.735359157886496
VEN-01071,Medium,Professional Services,Medium,Medium,Outsourcing,20.83621623673032,7.939842932361133
VEN-01072,Low,Telecommunications,Critical,Low,Outsourcing,21.46715056663869,7.800209641383273
VEN-01073,Low,Professional Services,High,High,Non-outsourcing,11.95935619827546,4.924435484237181
VEN-01074,High,Payments,Medium,Medium,Outsourcing,8.724293380149042,5.021117017162732
VEN-01075,Medium,Payments,Critical,Medium,Outsourcing,9.009366769111653,8.233308394717994
VEN-01076,Low,Facilities,Medium,High,Outsourcing,26.558115846333703,1.3754670244643517
VEN-01077,Low,Professional Services,Low,Medium,Outsourcing,19.09112984771513,6.376266731209118
VEN-01078,Low,Professional Services,Medium,High,Non-outsourcing,13.219364508486454,6.121983515414032
VEN-01079,Low,Telecommunications,Medium,High,Material outsourcing,12.151165606202465,10.811015475755402
VEN-01080,Low,Technology,Low,Medium,Non-outsourcing,11.58730012266949,6.740105058952431
VEN-01081,Low,Technology,Medium,Medium,Non-outsourcing,3.512012597196535,3.512012597196535
VEN-01082,High,Cloud,Medium,Low,Outsourcing,1.7451773764099827,1.7451773764099827
VEN-01083,High,Facilities,Medium,Medium,Non-outsourcing,9.704615901128829,3.295281582565128
VEN-01084,Medium,Facilities,Low,Medium,Material outsourcing,5.6649534328476765,5.6649534328476765
VEN-01085,High,Technology,High,Medium,Non-outsourcing,12.22642445650955,0.8992690845138057
VEN-01086,Medium,Facilities,Medium,High,Non-outsourcing,11.763700756689136,4.025323184044656
VEN-01087,Medium,Professional Services,Low,Medium,Non-outsourcing,4.4414419775375125,2.058500171222007
VEN-01088,Medium,Facilities,Medium,High,Non-outsourcing,12.35171300764086,3.4140928114985853
VEN-01089,Low,Technology,Medium,Medium,Non-outsourcing,12.71071149127778,1.0971549797899025
VEN-01090,Low,Facilities,Medium,Medium,Non-outsourcing,12.531505205124448,2.243131539288117
VEN-01091,Low,Facilities,Medium,Low,Non-outsourcing,7.827525853104387,7.827525853104387
VEN-01092,Low,Payments,Low,Medium,Non-outsourcing,13.775850716466904,2.120147994283822
VEN-01093,Low,Technology,High,Medium,Non-outsourcing,14.229157685598912,2.7151849735978413
VEN-01094,Low,Cloud,Medium,Low,Non-outsourcing,13.714555143670667,3.611004661014076
VEN-01095,Low,Telecommunications,Low,High,Non-outsourcing,9.460948394571563,7.236540067790222
VEN-01096,Low,Facilities,High,Medium,Non-outsourcing,22.235926332118133,4.402581123267916
VEN-01097,Low,Telecommunications,High,Medium,Non-outsourcing,19.95133010651364,1.4254716416697064
VEN-01098,Medium,Telecommunications,Medium,High,Non-outsourcing,11.271072908820102,0.9786839621097808
VEN-01099,Medium,Technology,Medium,Medium,Non-outsourcing,7.451314854559991,4.011804861623602
VEN-01100,Low,Professional Services,Medium,Medium,Non-outsourcing,6.982731688710926,4.343681193187238
VEN-01101,Low,Cloud,Medium,Medium,Material outsourcing,14.38134436089108,8.558124223498362
VEN-01102,Low,Payments,Low,Low,Non-outsourcing,5.1895579511230086,2.2996603023246007
VEN-01103,Medium,Cloud,Medium,Medium,Non-outsourcing,14.899649406325796,11.582785283341616
VEN-01104,Medium,Technology,Critical,Low,Outsourcing,4.767106733522802,1.4400235141669997
VEN-01105,Low,Payments,High,Low,Outsourcing,10.330617236569324,1.4532225183587195
VEN-01106,Medium,Professional Services,Medium,Medium,Non-outsourcing,14.328957973722463,3.92926263614308
VEN-01107,Low,Facilities,Low,Low,Outsourcing,7.150968815908989,7.150968815908989
VEN-01108,Low,Payments,High,High,Outsourcing,17.236873514959044,5.7147589583923
VEN-01109,High,Payments,Medium,Medium,Material outsourcing,8.882888023700968,2.232700718956624
VEN-01110,Low,Facilities,Low,Medium,Material outsourcing,10.836064443208626,10.836064443208626
VEN-01111,Low,Payments,Low,High,Outsourcing,3.10687791286502,3.10687791286502
VEN-01112,Low,Cloud,High,Medium,Outsourcing,4.687353698951263,4.687353698951263
VEN-01113,Low,Cloud,Medium,Medium,Non-outsourcing,3.2656537955366907,3.2656537955366907
VEN-01114,High,Payments,Low,Medium,Material outsourcing,15.660595888968558,6.027656288910876
VEN-01115,High,Facilities,Low,High,Outsourcing,8.66125203747833,3.490194860230184
VEN-01116,Low,Payments,Medium,Low,Non-outsourcing,18.096974725570245,12.600147088835737
VEN-01117,Low,Professional Services,Medium,Low,Non-outsourcing,2.4998750444098503,2.4998750444098503
VEN-01118,Medium,Telecommunications,High,High,Outsourcing,13.463278213103225,13.463278213103225
VEN-01119,Low,Payments,Low,Low,Outsourcing,3.094829026670717,3.094829026670717
VEN-01120,Medium,Technology,High,Medium,Outsourcing,6.698290137716251,6.698290137716251
VEN-01121,Medium,Payments,Critical,Medium,Non-outsourcing,10.234628730997787,2.1447510784019848
VEN-01122,Low,Cloud,Medium,Medium,Outsourcing,8.514452640768907,4.987561852417002
VEN-01123,Medium,Payments,Low,High,Non-outsourcing,12.534435928218992,7.734343143908199
VEN-01124,Low,Professional Services,High,High,Outsourcing,7.798061324443841,1.7666048721158758
VEN-01125,Low,Facilities,Medium,Low,Non-outsourcing,9.638890634316276,9.638890634316276
VEN-01126,Low,Technology,Low,Medium,Non-outsourcing,6.032125202107398,3.50302646660713
VEN-01127,Low,Payments,Medium,Medium,Non-outsourcing,14.712820917069216,11.19718837784414
VEN-01128,Medium,Payments,Critical,Medium,Non-outsourcing,11.497614592016324,1.9173078919987927
VEN-01129,Medium,Cloud,Medium,High,Non-outsourcing,13.38744561066454,4.910674717041946
VEN-01130,High,Cloud,High,Medium,Outsourcing,10.652773419868687,3.028183491930931
VEN-01131,High,Telecommunications,Medium,Low,Non-outsourcing,16.039662280095328,3.04474784765569
VEN-01132,Low,Payments,Medium,High,Outsourcing,7.877630656408334,2.102714826497984
VEN-01133,Low,Facilities,Low,High,Outsourcing,11.190354982976055,1.981757443833976
VEN-01134,Medium,Facilities,Medium,Low,Non-outsourcing,38.60892778303044,2.304914969992324
VEN-01135,High,Cloud,Low,High,Material outsourcing,5.456036877806,2.2472752817798405
VEN-01136,Low,Technology,Medium,Low,Outsourcing,18.59803798777715,9.74665514167387
VEN-01137,Low,Telecommunications,Medium,Low,Outsourcing,29.893907644058828,10.632424376136132
VEN-01138,Low,Payments,Medium,Low,Outsourcing,14.048616170189629,1.696338338723797
VEN-01139,Low,Facilities,Medium,High,Outsourcing,1.9691662073971916,1.9691662073971916
VEN-01140,Medium,Cloud,Low,Low,Material outsourcing,5.614218050087183,5.614218050087183
VEN-01141,Low,Technology,Medium,Low,Non-outsourcing,3.3454381685216865,3.3454381685216865
VEN-01142,Medium,Technology,Critical,Medium,Non-outsourcing,12.610465034964914,3.9583326590379535
VEN-01143,Medium,Telecommunications,Low,Medium,Outsourcing,10.729726558258092,3.114567674950844
VEN-01144,Medium,Technology,Medium,Low,Non-outsourcing,22.70342218222536,1.722603998106361
VEN-01145,Low,Telecommunications,Medium,Low,Outsourcing,23.077446188021337,12.884224744266414
VEN-01146,Low,Facilities,Medium,High,Non-outsourcing,10.303476476108475,5.960082661406736
VEN-01147,Medium,Professional Services,High,Medium,Non-outsourcing,10.71119196468138,5.299231249994491
VEN-01148,Medium,Cloud,Low,High,Material outsourcing,8.153703331464278,2.5663542947498463
VEN-01149,Low,Cloud,Medium,Low,Non-outsourcing,13.708687520575374,4.643804643627968
VEN-01150,Medium,Payments,Medium,Medium,Non-outsourcing,6.4919529896500165,6.4919529896500165
VEN-01151,Low,Technology,Medium,High,Outsourcing,10.085316674166588,1.5712537563489974
VEN-01152,Medium,Technology,Critical,Low,Outsourcing,6.762031295248911,2.530844516109808
VEN-01153,Low,Technology,Critical,Low,Outsourcing,12.170665677501656,1.849500708775987
VEN-01154,Low,Cloud,Low,Medium,Non-outsourcing,18.007641225989694,11.27359582707548
VEN-01155,Low,Facilities,Medium,Medium,Material outsourcing,4.743560009671453,1.5185769841867198
VEN-01156,Low,Telecommunications,Low,Low,Outsourcing,9.733504360231956,5.770645721979633
VEN-01157,Low,Payments,Low,High,Outsourcing,20.848396821954417,1.866457798708003
VEN-01158,Low,Cloud,Medium,Medium,Non-outsourcing,23.97651596801819,5.3844240596206365
VEN-01159,Low,Telecommunications,Medium,Medium,Non-outsourcing,8.191821924317447,1.817279612190985
VEN-01160,Medium,Telecommunications,Medium,Low,Outsourcing,6.941575916476948,3.307716131393124
VEN-01161,Low,Professional Services,Medium,Medium,Outsourcing,1.5274436421911388,1.5274436421911388
VEN-01162,Medium,Telecommunications,Medium,Medium,Non-outsourcing,19.00216665615949,6.511790762608888
VEN-01163,Medium,Facilities,Critical,High,Outsourcing,18.386009955313817,5.197137773379218
VEN-01164,Low,Professional Services,Critical,Medium,Outsourcing,11.468266472046942,6.22561659047736
VEN-01165,Low,Facilities,Low,High,Non-outsourcing,31.57060562333365,13.002049957826754
VEN-01166,Medium,Payments,High,Medium,Outsourcing,10.726201636462555,5.427162148766306
VEN-01167,Medium,Cloud,Medium,Medium,Non-outsourcing,19.301540769814665,9.316460217119838
VEN-01168,Low,Telecommunications,High,High,Material outsourcing,8.448061882237107,8.448061882237107
VEN-01169,Medium,Telecommunications,Medium,Medium,Outsourcing,9.517520540395868,8.732169649326835
VEN-01170,Low,Telecommunications,High,Medium,Outsourcing,12.580210699449395,12.580210699449395
VEN-01171,Low,Professional Services,Low,High,Material outsourcing,6.807966200200293,6.807966200200293
VEN-01172,Medium,Cloud,Medium,High,Outsourcing,16.675000066853237,8.947868551054615
VEN-01173,Low,Payments,Critical,Low,Non-outsourcing,11.683673759869352,3.3518317721204323
VEN-01174,Medium,Facilities,Low,Low,Outsourcing,3.6026217292825238,3.6026217292825238
VEN-01175,Low,Technology,Low,Medium,Material outsourcing,19.53251606888542,4.772719987917605
VEN-01176,Medium,Payments,High,High,Non-outsourcing,6.4875210818334335,2.522085787755638
VEN-01177,Low,Facilities,High,Medium,Outsourcing,6.851975307453149,2.731705391289632
VEN-01178,Low,Professional Services,High,Medium,Non-outsourcing,9.485784191355991,4.7216051742881255
VEN-01179,Low,Cloud,High,Medium,Outsourcing,13.900983792120435,5.605807535954271
VEN-01180,Low,Facilities,High,Low,Outsourcing,12.992698342673194,12.71321824874166
VEN-01181,Medium,Professional Services,Low,Low,Material outsourcing,22.79070850535349,2.5179977702403784
VEN-01182,Low,Professional Services,Medium,Low,Outsourcing,12.655693987627846,2.411491962511058
VEN-01183,Low,Facilities,High,Low,Non-outsourcing,4.493492484327206,1.609647043618969
VEN-01184,Low,Telecommunications,High,Medium,Outsourcing,5.995293807653935,5.995293807653935
VEN-01185,Low,Payments,Low,Medium,Material outsourcing,4.264368671196676,4.264368671196676
VEN-01186,Medium,Facilities,Low,Low,Non-outsourcing,4.219159391985903,4.219159391985903
VEN-01187,Low,Facilities,High,Medium,Non-outsourcing,8.891419095368006,5.7823161036887
VEN-01188,High,Technology,Low,Medium,Outsourcing,18.82324174501049,4.602043401187112
VEN-01189,Low,Cloud,Low,Medium,Outsourcing,11.649167058805755,7.506634310849131
VEN-01190,Medium,Facilities,High,Medium,Non-outsourcing,14.17977433585196,2.1434986897492734
VEN-01191,Low,Payments,Medium,Low,Non-outsourcing,16.532505710268552,6.525542175447711
VEN-01192,Low,Facilities,Medium,Medium,Non-outsourcing,19.509794316396945,4.598323862538394
VEN-01193,Medium,Telecommunications,Low,Low,Outsourcing,7.262294662425573,7.262294662425573
VEN-01194,High,Cloud,Low,Low,Outsourcing,18.17576198844555,7.994085323782717
VEN-01195,Medium,Technology,High,Low,Outsourcing,16.957041929498338,6.054714661179271
VEN-01196,Low,Professional Services,Medium,Medium,Outsourcing,8.691780690089063,4.103629992026735
VEN-01197,Low,Payments,Low,Low,Non-outsourcing,7.003279795266993,2.589510044238585
VEN-01198,Medium,Facilities,Medium,Medium,Outsourcing,10.016152683746933,7.883940562693392
VEN-01199,Low,Facilities,Low,Low,Non-outsourcing,22.456997841257262,5.0426105506248575
VEN-01200,Medium,Professional Services,Low,Low,Non-outsourcing,19.340445234159866,4.969602483542181
VEN-01201,Low,Cloud,Medium,High,Outsourcing,8.648334796925528,3.664425302395182
VEN-01202,Low,Facilities,Medium,Medium,Outsourcing,18.45513306269268,11.494106474384983
VEN-01203,Medium,Professional Services,Low,Low,Material outsourcing,15.358455871724365,11.814499455625723
VEN-01204,Medium,Technology,Medium,Medium,Non-outsourcing,13.960643343335034,3.8721383236558222
VEN-01205,Low,Payments,Medium,Low,Non-outsourcing,21.53883803966792,2.8674752205519645
VEN-01206,Low,Cloud,Medium,High,Non-outsourcing,12.90178915085731,4.118762987691789
VEN-01207,Low,Professional Services,Low,Low,Outsourcing,11.274122527468595,3.038082106127408
VEN-01208,Low,Cloud,Low,Medium,Non-outsourcing,3.1987729370585662,3.1987729370585662
VEN-01209,Low,Facilities,Low,High,Material outsourcing,16.46177781257543,4.930445916201538
VEN-01210,Low,Facilities,Medium,Low,Outsourcing,6.678484502808625,6.678484502808625
VEN-01211,Medium,Professional Services,High,Low,Outsourcing,6.090564021815927,3.9055086834228216
VEN-01212,Medium,Facilities,Low,Medium,Outsourcing,11.476755370547002,11.476755370547002
VEN-01213,Low,Technology,High,High,Non-outsourcing,6.014185899056828,1.6792072756183558
VEN-01214,Low,Technology,High,Medium,Outsourcing,13.454013078567732,4.813871098003866
VEN-01215,Low,Professional Services,Low,Medium,Outsourcing,12.280911859881694,12.280911859881694
VEN-01216,Low,Facilities,Low,Low,Material outsourcing,11.72730389698463,7.719586190067629
VEN-01217,Low,Facilities,Low,Medium,Outsourcing,10.018218513511153,4.350452289177786
VEN-01218,Low,Professional Services,Low,Low,Non-outsourcing,16.196964780283594,6.206412444883597
VEN-01219,Medium,Payments,Medium,Medium,Non-outsourcing,13.48198887774968,1.9737216485211184
VEN-01220,Low,Telecommunications,Low,Low,Non-outsourcing,13.363816289949298,5.018384502847063
VEN-01221,Low,Facilities,High,Medium,Material outsourcing,7.048441842420678,1.94207591645972
VEN-01222,Low,Technology,Medium,Low,Outsourcing,10.50651108407942,1.1971419886592134
VEN-01223,Medium,Professional Services,High,Medium,Outsourcing,6.98509521978406,6.98509521978406
VEN-01224,Low,Telecommunications,High,Medium,Outsourcing,10.42185711640961,3.156921618061847
VEN-01225,Low,Telecommunications,Medium,High,Non-outsourcing,7.579233456035624,1.833592070030692
VEN-01226,Medium,Payments,Critical,High,Outsourcing,10.290279101641332,3.956664268847976
VEN-01227,Low,Cloud,Critical,Medium,Outsourcing,10.508288211432422,7.407224067540559
VEN-01228,Low,Facilities,Medium,Medium,Non-outsourcing,10.29024513978178,1.950306551276804
VEN-01229,High,Professional Services,Low,Low,Outsourcing,16.3796687749736,3.4622286524783608
VEN-01230,Low,Facilities,Medium,High,Outsourcing,14.398257178599806,7.997882274177416
VEN-01231,Low,Cloud,Low,Medium,Material outsourcing,5.194458185512641,5.182853382457677
VEN-01232,Low,Payments,Medium,Medium,Non-outsourcing,9.722383973760904,9.722383973760904
VEN-01233,Low,Technology,Medium,Medium,Material outsourcing,11.714937747282208,8.078428705643423
VEN-01234,Medium,Professional Services,Medium,High,Material outsourcing,7.405147438060633,6.887541908032276
VEN-01235,Low,Technology,High,High,Material outsourcing,12.291879857054402,7.900751830519568
VEN-01236,Low,Cloud,Medium,High,Non-outsourcing,7.882163032046881,1.633667186152995
VEN-01237,Low,Cloud,Medium,Medium,Non-outsourcing,10.86363980296915,4.77026311106691
VEN-01238,Low,Facilities,Medium,Medium,Outsourcing,6.585060786928225,6.585060786928225
VEN-01239,Low,Cloud,High,High,Non-outsourcing,10.260349172169484,3.700126971528296
VEN-01240,Low,Technology,Medium,Medium,Non-outsourcing,14.580820783156272,4.829022721543573
VEN-01241,Medium,Facilities,Low,Medium,Outsourcing,15.58332705651549,3.2001642553762446
VEN-01242,Low,Professional Services,High,Medium,Non-outsourcing,10.972120083242787,3.180586808507232
VEN-01243,Low,Payments,Low,Medium,Non-outsourcing,27.191611226686703,8.629933054849534
VEN-01244,Low,Payments,High,Medium,Material outsourcing,12.901707684256756,12.901707684256756
VEN-01245,Low,Facilities,Medium,Medium,Non-outsourcing,15.813513062807228,12.136306040799024
VEN-01246,Low,Facilities,Medium,High,Material outsourcing,19.89533323702917,1.0825239827373991
VEN-01247,Low,Technology,High,High,Non-outsourcing,7.477584060608933,4.614114558327788
VEN-01248,Low,Facilities,High,Medium,Non-outsourcing,14.509121027120957,3.755377607484951
VEN-01249,Medium,Cloud,High,Low,Non-outsourcing,12.223490380181296,2.1107002354618567
VEN-01250,High,Technology,Medium,Medium,Non-outsourcing,14.768837752082712,8.861434015213968
VEN-01251,Low,Cloud,High,Medium,Non-outsourcing,17.538489592905453,3.951853263753608
VEN-01252,Low,Facilities,Medium,Medium,Outsourcing,6.814141550615892,2.318083186681914
VEN-01253,Low,Professional Services,High,High,Material outsourcing,26.62979724507985,6.2379468428792775
VEN-01254,Low,Telecommunications,High,Low,Non-outsourcing,11.223796516493714,1.9389343694863428
VEN-01255,Low,Facilities,Low,Medium,Non-outsourcing,9.242969247625002,9.242969247625002
VEN-01256,Medium,Telecommunications,Low,High,Outsourcing,2.6131142362311155,2.6131142362311155
VEN-01257,Medium,Technology,Medium,High,Outsourcing,19.245075802313764,7.800341140085098
VEN-01258,Medium,Technology,Low,Medium,Non-outsourcing,16.945574604231386,6.703362669372051
VEN-01259,Low,Facilities,Medium,Low,Non-outsourcing,9.895728751850251,4.583483008793095
VEN-01260,High,Payments,Low,Medium,Non-outsourcing,3.718603934501484,3.718603934501484
VEN-01261,Low,Payments,Medium,Medium,Outsourcing,11.462930991778473,4.506518022078968
VEN-01262,Low,Professional Services,Low,Medium,Non-outsourcing,4.866012480364978,1.5689126684235242
VEN-01263,Low,Telecommunications,Medium,Low,Outsourcing,18.28045504304468,7.559295690032335
VEN-01264,High,Payments,High,Medium,Non-outsourcing,9.735244236006205,9.735244236006205
VEN-01265,Low,Cloud,Medium,Medium,Non-outsourcing,6.497699293176963,3.2078829673377696
VEN-01266,Medium,Professional Services,Medium,Medium,Outsourcing,12.457518563067191,8.396465988736832
VEN-01267,Low,Technology,High,Medium,Non-outsourcing,13.374640663029147,4.923226939796012
VEN-01268,High,Technology,Critical,Medium,Material outsourcing,14.168377438417515,3.393874252925856
VEN-01269,Low,Cloud,Medium,Medium,Outsourcing,6.725552146962933,0.8668347121750328
VEN-01270,Low,Technology,Low,Medium,Material outsourcing,17.467246289733648,7.718652283004731
VEN-01271,High,Professional Services,Low,High,Outsourcing,9.854625105832325,6.743826903844624
VEN-01272,Low,Telecommunications,Critical,Medium,Non-outsourcing,3.0897558994331464,2.280252271623428
VEN-01273,Low,Facilities,High,Medium,Non-outsourcing,10.453654038608896,4.104934794250054
VEN-01274,Low,Payments,High,Medium,Outsourcing,10.384220363816029,4.8979722873836256
VEN-01275,Low,Technology,High,High,Outsourcing,10.287811363628856,6.173203071439758
VEN-01276,Low,Telecommunications,Low,Medium,Non-outsourcing,12.584270885738189,9.49274281121097
VEN-01277,Low,Professional Services,Medium,Medium,Non-outsourcing,23.793889445131438,4.394086434772169
VEN-01278,Low,Technology,High,High,Non-outsourcing,10.611825256054397,1.3684675530927437
VEN-01279,Medium,Payments,High,Low,Non-outsourcing,11.279725945837898,5.05883597375957
VEN-01280,Low,Facilities,Low,Medium,Non-outsourcing,8.205338914057412,3.701698878102835
VEN-01281,Low,Payments,Medium,Medium,Outsourcing,10.598719224442494,2.810033442607795
VEN-01282,Low,Professional Services,Low,High,Material outsourcing,14.322337858598718,8.589771519560774
VEN-01283,Low,Technology,Critical,Medium,Non-outsourcing,14.490147931711606,2.5919429813458104
VEN-01284,Low,Telecommunications,Low,Low,Non-outsourcing,20.650403059154407,1.794041202817696
VEN-01285,High,Facilities,High,High,Non-outsourcing,3.5581689146435487,3.5053010828897446
VEN-01286,High,Telecommunications,Low,Medium,Non-outsourcing,16.532961283100054,4.826202145617863
VEN-01287,Low,Technology,Medium,Medium,Outsourcing,15.332944833980886,5.271118086212547
VEN-01288,Low,Professional Services,High,Low,Non-outsourcing,4.49907258787129,4.49907258787129
VEN-01289,Low,Payments,Medium,Low,Material outsourcing,20.430723922261876,3.0513108523998445
VEN-01290,Low,Facilities,High,Medium,Material outsourcing,5.060418574931416,5.060418574931416
VEN-01291,Low,Telecommunications,High,Medium,Outsourcing,14.51831621353946,3.511157747996746
VEN-01292,Medium,Payments,High,High,Material outsourcing,3.154468332499402,0.996858113373384
VEN-01293,Low,Telecommunications,Medium,Low,Outsourcing,6.466879534181976,6.466879534181976
VEN-01294,Low,Facilities,High,Medium,Material outsourcing,14.73416544463929,1.5573314384869028
VEN-01295,Low,Telecommunications,Medium,Low,Non-outsourcing,15.041798707816772,5.7637385782543165
VEN-01296,Low,Technology,Medium,Medium,Material outsourcing,10.081432739579617,1.7153147354568787
VEN-01297,Low,Cloud,Medium,Low,Non-outsourcing,21.389658871027112,6.520934767695116
VEN-01298,Low,Professional Services,Medium,Medium,Non-outsourcing,14.56675217215049,2.054590600817842
VEN-01299,Medium,Payments,Low,Low,Material outsourcing,17.68750931783811,1.3098125709912871
VEN-01300,Low,Payments,Medium,Medium,Non-outsourcing,10.317737815083508,4.162841040825089
VEN-01301,Low,Cloud,Low,Medium,Non-outsourcing,5.945446691624943,0.7134491982594471
VEN-01302,Low,Cloud,Medium,High,Non-outsourcing,5.909769423218664,4.427950960229736
VEN-01303,Medium,Technology,Low,Low,Non-outsourcing,9.156207891574944,7.74278835192501
VEN-01304,Low,Professional Services,Low,Medium,Non-outsourcing,6.630737757649159,6.630737757649159
VEN-01305,Medium,Telecommunications,High,Medium,Non-outsourcing,6.38127517906434,5.456086342282499
VEN-01306,High,Facilities,Medium,Low,Outsourcing,4.035121452469452,4.035121452469452
VEN-01307,Low,Payments,Low,Low,Outsourcing,9.475250486398792,9.475250486398792
VEN-01308,Medium,Professional Services,High,Medium,Non-outsourcing,3.976700503417713,1.9161394253400013
VEN-01309,Low,Professional Services,Critical,Medium,Outsourcing,9.371552967933567,2.6192442007931995
VEN-01310,High,Payments,High,High,Outsourcing,3.374930745253528,3.374930745253528
VEN-01311,Low,Cloud,High,Low,Outsourcing,8.907509128257683,3.440434160679047
VEN-01312,High,Payments,Critical,Medium,Outsourcing,14.315464346407415,3.926640088963112
VEN-01313,Low,Telecommunications,Medium,Medium,Material outsourcing,6.498777621680485,5.03206913431342
VEN-01314,Low,Cloud,Critical,Medium,Non-outsourcing,12.667029849141764,2.1121998714042864
VEN-01315,Low,Telecommunications,Critical,Medium,Outsourcing,12.244664532957655,1.3424403059847398
VEN-01316,Medium,Telecommunications,Medium,High,Material outsourcing,7.526865814561667,2.4990829243261965
VEN-01317,Low,Technology,High,Medium,Outsourcing,3.858631120268662,3.694104112464141
VEN-01318,Low,Technology,High,High,Non-outsourcing,21.784049000390542,6.524776095460396
VEN-01319,Medium,Telecommunications,High,Low,Outsourcing,16.581517588239308,4.780113917370934
VEN-01320,Medium,Telecommunications,High,High,Outsourcing,7.494567237915177,7.452242788064385
VEN-01321,Low,Telecommunications,Medium,High,Non-outsourcing,22.798242167065844,4.7293509904365605
VEN-01322,Low,Professional Services,Medium,High,Outsourcing,16.166507693129844,8.173838289388053
VEN-01323,Low,Facilities,Medium,Medium,Outsourcing,14.79921521644534,3.956063301631926
VEN-01324,Medium,Technology,High,High,Outsourcing,5.004979388036954,0.7946475585026607
VEN-01325,Low,Payments,High,Low,Non-outsourcing,14.847330420771724,3.0058638630420864
VEN-01326,Medium,Facilities,High,Medium,Outsourcing,18.70378118915334,5.12546103405887
VEN-01327,Low,Technology,High,Medium,Outsourcing,11.327510210741243,6.999438125574699
VEN-01328,Low,Technology,Critical,Medium,Non-outsourcing,12.768448496599342,3.2355970867070765
VEN-01329,Low,Technology,Low,Medium,Outsourcing,14.360563696250596,5.499655338574486
VEN-01330,Low,Payments,Critical,Low,Non-outsourcing,19.76671093640149,3.561029130715197
VEN-01331,Medium,Cloud,Low,Low,Material outsourcing,13.364722755496423,2.646922077724604
VEN-01332,Low,Telecommunications,Medium,Low,Outsourcing,14.12987100840108,7.0014827800935056
VEN-01333,Low,Cloud,Low,Medium,Outsourcing,12.44526175928975,6.147132314147708
VEN-01334,High,Payments,Medium,High,Outsourcing,23.13901312270121,18.540454506597985
VEN-01335,High,Facilities,Medium,Medium,Non-outsourcing,11.486542903771362,3.2400559167497045
VEN-01336,Medium,Cloud,Low,High,Outsourcing,14.080224214072585,10.471563938524044
VEN-01337,Low,Professional Services,Medium,High,Non-outsourcing,20.36585894627786,1.5583587456827803
VEN-01338,Low,Facilities,High,Medium,Outsourcing,8.600916447040316,8.600916447040316
VEN-01339,Medium,Telecommunications,Low,Medium,Non-outsourcing,25.262821972125067,4.8018549788354425
VEN-01340,Low,Telecommunications,High,Medium,Outsourcing,8.14237041245418,3.697234147163877
VEN-01341,Low,Cloud,Low,Low,Outsourcing,6.551240731248934,6.166042738113071
VEN-01342,Medium,Facilities,Low,Medium,Non-outsourcing,14.29222550947742,6.470124148733179
VEN-01343,Low,Facilities,Low,Medium,Non-outsourcing,7.920759997931419,7.920759997931419
VEN-01344,Low,Cloud,Medium,Medium,Non-outsourcing,22.608720237988035,2.366923621811962
VEN-01345,High,Telecommunications,High,Medium,Non-outsourcing,29.25629032919849,1.5426500667833771
VEN-01346,Low,Professional Services,Medium,Low,Non-outsourcing,6.686779295151017,6.19144899834615
VEN-01347,Low,Facilities,High,High,Material outsourcing,6.338385992506442,5.944232423681935
VEN-01348,Low,Facilities,Medium,Low,Material outsourcing,6.175357379682906,6.175357379682906
VEN-01349,Low,Payments,High,High,Material outsourcing,3.0849634874549627,3.0849634874549627
VEN-01350,Low,Facilities,Critical,Low,Non-outsourcing,7.798255100018549,2.95475537915012
VEN-01351,Medium,Facilities,Medium,Medium,Non-outsourcing,18.301392652164484,6.074409215070311
VEN-01352,Medium,Cloud,Low,Medium,Outsourcing,14.658840915455643,4.984380595770562
VEN-01353,Low,Facilities,Low,Low,Outsourcing,9.8544211588611,6.902051949601004
VEN-01354,Low,Technology,Medium,Medium,Outsourcing,13.80719324728502,2.8219712657819285
VEN-01355,Medium,Cloud,Medium,Low,Outsourcing,3.8851638828893513,3.8851638828893513
VEN-01356,Low,Facilities,Low,Medium,Outsourcing,5.228815769988335,5.228815769988335
VEN-01357,Low,Payments,High,High,Outsourcing,11.45943216020428,9.431068577233363
VEN-01358,Low,Telecommunications,Critical,Medium,Material outsourcing,12.552148136677184,4.303479324725584
VEN-01359,Medium,Professional Services,Low,Medium,Non-outsourcing,12.158322570126137,2.714154241917678
VEN-01360,Low,Professional Services,Low,High,Outsourcing,7.661813889596845,6.318569134465208
VEN-01361,Medium,Cloud,Low,Medium,Outsourcing,7.503720300961737,7.4671870363782
VEN-01362,Low,Cloud,Medium,High,Non-outsourcing,15.348422856056455,1.358714905373745
VEN-01363,Low,Facilities,High,Medium,Material outsourcing,14.862745137510142,14.58789322074282
VEN-01364,Low,Professional Services,Medium,Medium,Material outsourcing,3.1968256613671304,2.9340802254660097
VEN-01365,Low,Cloud,Low,Low,Outsourcing,3.15758860947878,3.15758860947878
VEN-01366,Low,Payments,Medium,Low,Non-outsourcing,28.120762104079347,7.209863248584649
VEN-01367,Low,Telecommunications,Low,Medium,Non-outsourcing,12.75925647757104,4.953891272551784
VEN-01368,Low,Facilities,Medium,High,Outsourcing,12.178106554332183,5.161834159768742
VEN-01369,Low,Cloud,Medium,Low,Non-outsourcing,6.832531273902534,5.249667289531772
VEN-01370,Low,Professional Services,Medium,High,Non-outsourcing,9.223868291935156,0.952808192226525
VEN-01371,Low,Telecommunications,Medium,Medium,Non-outsourcing,8.007743177561427,5.472619203485902
VEN-01372,High,Technology,High,Medium,Non-outsourcing,18.37082035354613,3.384089878592601
VEN-01373,Low,Telecommunications,Low,High,Outsourcing,17.946092653275855,9.306528067464257
VEN-01374,Medium,Technology,High,High,Outsourcing,12.867362388914849,8.27765310876157
VEN-01375,High,Facilities,Low,Medium,Non-outsourcing,11.867566686490813,1.6194661919323037
VEN-01376,Low,Payments,Medium,Low,Outsourcing,14.015403000241813,1.5519706301399627
VEN-01377,Medium,Cloud,High,Low,Non-outsourcing,11.780760260843085,11.780760260843085
VEN-01378,Medium,Telecommunications,High,Low,Non-outsourcing,15.355967864675325,0.5157590002822399
VEN-01379,Low,Technology,Low,High,Outsourcing,21.31301464435405,3.034328076702217
VEN-01380,Low,Cloud,Medium,Medium,Outsourcing,10.623486611871334,1.9788523030898688
VEN-01381,Low,Payments,High,Medium,Non-outsourcing,6.899908030169291,6.899908030169291
VEN-01382,Low,Facilities,Critical,Low,Outsourcing,11.931536614655569,4.43196702935418
VEN-01383,Low,Technology,Medium,Medium,Non-outsourcing,8.203477339622847,2.92342109882946
VEN-01384,High,Technology,Low,Medium,Outsourcing,4.523541202620169,4.523541202620169
VEN-01385,High,Payments,Medium,Medium,Non-outsourcing,5.900140369639275,5.900140369639275
VEN-01386,Low,Facilities,Low,Medium,Outsourcing,19.82730709111209,6.722277425985344
VEN-01387,Medium,Facilities,Low,High,Outsourcing,11.593301198009572,6.630075606394096
VEN-01388,Low,Cloud,Medium,High,Non-outsourcing,9.18400354375867,1.3095908895743993
VEN-01389,High,Technology,High,Medium,Outsourcing,12.504275474264688,9.61793046725162
VEN-01390,Low,Telecommunications,Low,Low,Outsourcing,8.54249145357377,2.337978447851283
VEN-01391,High,Technology,High,High,Non-outsourcing,20.131964164716017,6.353184638968038
VEN-01392,Medium,Payments,High,High,Outsourcing,27.9626430524415,2.714870068776691
VEN-01393,Low,Payments,High,High,Outsourcing,8.792420588734203,5.00292266515285
VEN-01394,Low,Technology,Low,Medium,Non-outsourcing,10.359327871258897,4.823573705071062
VEN-01395,Medium,Facilities,Medium,Low,Material outsourcing,13.349824619979,13.349824619979
VEN-01396,Low,Cloud,Low,High,Non-outsourcing,5.541149905302781,3.5930793990203678
VEN-01397,Low,Telecommunications,Low,Medium,Outsourcing,3.462622168282756,3.462622168282756
VEN-01398,High,Cloud,Medium,Medium,Material outsourcing,19.011331759486552,4.392168706745679
VEN-01399,Low,Facilities,Medium,Medium,Material outsourcing,9.074132249830347,1.8890851832232625
VEN-01400,Low,Technology,Low,Medium,Outsourcing,8.660689529790847,6.346801844182016
VEN-01401,Low,Professional Services,Low,Medium,Outsourcing,13.811149501638784,8.583225945906111
VEN-01402,Low,Telecommunications,Critical,Medium,Non-outsourcing,6.881646035647767,2.113841321852063
VEN-01403,High,Technology,High,Medium,Non-outsourcing,8.559284396834201,4.048844089352377
VEN-01404,Low,Technology,Medium,Medium,Material outsourcing,5.5982920084097625,5.0974776925294485
VEN-01405,Low,Cloud,Critical,Low,Non-outsourcing,3.865001276677924,3.865001276677924
VEN-01406,Low,Technology,Low,High,Outsourcing,8.489017124196241,8.211689250852848
VEN-01407,High,Cloud,Medium,Medium,Non-outsourcing,6.843630271993671,1.2339617321620318
VEN-01408,Low,Telecommunications,High,Medium,Non-outsourcing,6.364807269926253,6.364807269926253
VEN-01409,Medium,Facilities,Medium,Medium,Non-outsourcing,11.24947200913564,6.746344232825759
VEN-01410,Medium,Facilities,Low,Medium,Outsourcing,16.196775398149782,4.9048512163888764
VEN-01411,Medium,Technology,Medium,Medium,Non-outsourcing,16.34392382989551,7.963560872997211
VEN-01412,High,Professional Services,Medium,Low,Non-outsourcing,16.016247359416894,11.229708577595604
VEN-01413,Medium,Telecommunications,Medium,High,Material outsourcing,7.405877981521062,4.346706429798335
VEN-01414,High,Cloud,Medium,Low,Outsourcing,10.679595122313708,3.99764489561009
VEN-01415,Low,Professional Services,Medium,High,Outsourcing,8.299433144564452,1.9168609887623445
VEN-01416,Medium,Cloud,Medium,Medium,Non-outsourcing,7.454935529845235,4.035044137989288
VEN-01417,Low,Telecommunications,Medium,Low,Non-outsourcing,7.705689922541921,7.052994081218919
VEN-01418,Low,Technology,Low,Medium,Outsourcing,6.075227028911535,4.039196331385584
VEN-01419,Medium,Facilities,High,Medium,Non-outsourcing,12.577962548715114,3.928564533322251
VEN-01420,High,Facilities,High,High,Non-outsourcing,18.51163921532769,12.997976580418795
VEN-01421,Medium,Facilities,Medium,High,Material outsourcing,8.19419486998808,5.845802897035604
VEN-01422,Low,Telecommunications,High,Medium,Non-outsourcing,7.731722996800927,5.854600634923357
VEN-01423,Low,Cloud,Low,Medium,Material outsourcing,3.405094914197853,3.405094914197853
VEN-01424,Low,Facilities,Medium,High,Non-outsourcing,14.789129330673198,8.892761412107992
VEN-01425,Low,Payments,Medium,Medium,Non-outsourcing,2.950165887753145,2.950165887753145
VEN-01426,Low,Cloud,Medium,Medium,Non-outsourcing,11.519380789484664,2.593302745976297
VEN-01427,Low,Cloud,High,Medium,Material outsourcing,7.066103556571302,6.694369822554392
VEN-01428,Low,Telecommunications,Critical,Medium,Outsourcing,9.624983651621298,9.624983651621298
VEN-01429,Medium,Facilities,Medium,Medium,Outsourcing,11.851387853961157,6.625940585596148
VEN-01430,Low,Technology,Medium,Medium,Non-outsourcing,11.491153324849003,7.9207310301264595
VEN-01431,High,Professional Services,Medium,High,Material outsourcing,17.408573450520084,3.9293089490494593
VEN-01432,Low,Payments,Medium,Medium,Outsourcing,3.041880163492021,2.9289167467320305
VEN-01433,Low,Facilities,Low,Medium,Outsourcing,16.38167822291825,5.596388300690852
VEN-01434,Low,Telecommunications,Critical,Medium,Outsourcing,12.106461688237356,3.4446160604558336
VEN-01435,Low,Payments,High,High,Outsourcing,18.30342126358284,11.431812241824508
VEN-01436,High,Cloud,Critical,Medium,Outsourcing,11.11372021720615,6.833385157464644
VEN-01437,Low,Technology,Low,High,Non-outsourcing,4.779530608341325,3.621376494359706
VEN-01438,Low,Technology,Low,Medium,Material outsourcing,10.313989187299343,2.2179571987860545
VEN-01439,High,Cloud,Medium,Medium,Non-outsourcing,14.571063098523734,9.440048724248536
VEN-01440,High,Technology,Critical,High,Material outsourcing,15.861491465170417,2.492213912686953
VEN-01441,Low,Telecommunications,Low,High,Non-outsourcing,10.49846593147052,5.001004008373454
VEN-01442,Low,Telecommunications,Low,Medium,Non-outsourcing,9.848651194432518,5.893616392523068
VEN-01443,Low,Payments,Low,Medium,Non-outsourcing,12.003107830435884,2.5175439391619845
VEN-01444,Low,Technology,High,Low,Outsourcing,17.140084987193035,4.505431269435597
VEN-01445,Low,Payments,High,Low,Non-outsourcing,8.5939076200844,8.5939076200844
VEN-01446,Low,Technology,High,High,Outsourcing,13.392878355288712,1.6356761418292218
VEN-01447,High,Telecommunications,Low,High,Outsourcing,24.167345661895688,9.402884431968047
VEN-01448,Low,Cloud,High,Low,Non-outsourcing,31.88781408886753,5.632367805766503
VEN-01449,Low,Cloud,Medium,High,Outsourcing,17.091134438802968,3.1739482626092954
VEN-01450,Low,Telecommunications,Low,Medium,Outsourcing,9.694432431547853,1.5469400636282995
VEN-01451,Medium,Telecommunications,Medium,High,Material outsourcing,5.537549226610467,4.595687905614677
VEN-01452,Low,Cloud,Medium,High,Non-outsourcing,13.042086748291831,3.300676245699868
VEN-01453,Medium,Telecommunications,Medium,High,Material outsourcing,21.53105125558545,4.556449555537177
VEN-01454,High,Facilities,Critical,High,Non-outsourcing,10.509320768679729,7.20945676772117
VEN-01455,Low,Cloud,Medium,High,Outsourcing,18.06934620629684,1.4502960954346662
VEN-01456,Low,Payments,Medium,Medium,Outsourcing,17.366700866546456,5.422947887707765
VEN-01457,Low,Professional Services,High,Low,Non-outsourcing,11.095182612703038,11.095182612703038
VEN-01458,Low,Cloud,High,Medium,Non-outsourcing,16.60422104490859,3.630760820864549
VEN-01459,High,Payments,Low,High,Outsourcing,5.88707332763178,5.88707332763178
VEN-01460,Low,Payments,Medium,Low,Non-outsourcing,9.95521721211014,0.9349573723320004
VEN-01461,Medium,Technology,Low,High,Non-outsourcing,13.790819863455653,1.4418961141888245
VEN-01462,Low,Payments,Medium,Low,Non-outsourcing,10.959684858554365,3.0058022498036268
VEN-01463,Low,Facilities,High,High,Outsourcing,6.220594868652396,6.220594868652396
VEN-01464,Low,Cloud,Medium,Medium,Non-outsourcing,16.61306771181854,3.372521483243112
VEN-01465,Medium,Technology,Medium,High,Outsourcing,13.706236094707972,6.70181579289186
VEN-01466,Medium,Telecommunications,Low,High,Material outsourcing,12.067052462008323,3.3444044024941806
VEN-01467,Low,Telecommunications,Medium,Medium,Outsourcing,19.935271553034926,1.9412795471288729
VEN-01468,Low,Cloud,Medium,Medium,Outsourcing,16.78271027939486,4.198967939548376
VEN-01469,Medium,Telecommunications,Critical,Low,Outsourcing,2.4003290120403,2.4003290120403
VEN-01470,Low,Technology,Medium,High,Non-outsourcing,12.169439787225611,9.45539342130217
VEN-01471,High,Professional Services,High,High,Non-outsourcing,11.981117834194093,4.602851223198805
VEN-01472,Low,Cloud,Medium,Medium,Non-outsourcing,9.24315758869898,6.689053879601326
VEN-01473,Low,Cloud,High,Low,Non-outsourcing,3.054960277206953,3.054960277206953
VEN-01474,Low,Facilities,Low,Medium,Non-outsourcing,7.250448882034366,5.467287538540136
VEN-01475,Low,Cloud,Medium,Low,Outsourcing,2.623706622650066,2.553400621935867
VEN-01476,Low,Telecommunications,Low,High,Non-outsourcing,28.241767189339665,2.756622049794276
VEN-01477,Low,Technology,Low,Low,Non-outsourcing,10.98422097171679,2.097200921041155
VEN-01478,High,Cloud,Critical,High,Material outsourcing,14.160235213976282,3.512843890824702
VEN-01479,Low,Payments,High,High,Non-outsourcing,6.164958417798445,6.164958417798445
VEN-01480,Low,Professional Services,Medium,High,Outsourcing,3.2766330731415456,3.2766330731415456
VEN-01481,Low,Payments,Medium,Medium,Non-outsourcing,8.899305039796346,8.603966368613795
VEN-01482,Low,Telecommunications,Medium,Low,Outsourcing,8.248450563943328,6.483955462465415
VEN-01483,Low,Technology,Medium,High,Non-outsourcing,12.493359874507508,5.04954455133424
VEN-01484,Low,Facilities,High,Medium,Non-outsourcing,9.109907142455071,8.588709745803719
VEN-01485,Low,Cloud,Medium,High,Outsourcing,31.313780916374057,24.309703390259678
VEN-01486,Low,Telecommunications,High,Medium,Outsourcing,18.467001022472967,5.81431965377521
VEN-01487,High,Payments,Medium,Low,Non-outsourcing,22.42841345337196,7.036055715504367
VEN-01488,Low,Cloud,Critical,High,Non-outsourcing,11.019330278265985,5.847481132830976
VEN-01489,Medium,Professional Services,Low,High,Outsourcing,12.373418992595363,12.373418992595363
VEN-01490,Low,Telecommunications,Medium,Low,Non-outsourcing,21.41335368868252,4.498817767039016
VEN-01491,Low,Facilities,High,Medium,Outsourcing,8.737761415865336,2.735361808348816
VEN-01492,Medium,Technology,Low,Low,Outsourcing,13.796450936559394,7.622471120352432
VEN-01493,Low,Technology,Low,Medium,Outsourcing,9.110403278546643,2.742437052636185
VEN-01494,Medium,Payments,Medium,Medium,Outsourcing,14.1862168063774,6.0864903284231895
VEN-01495,Low,Cloud,Medium,Medium,Non-outsourcing,5.140344257165677,5.072760586836745
VEN-01496,Low,Cloud,Critical,Low,Material outsourcing,8.034681389223582,6.606816604707369
VEN-01497,Medium,Professional Services,High,Low,Outsourcing,12.508636459016191,5.224728574432483
VEN-01498,Low,Cloud,Medium,Medium,Outsourcing,13.26735023539389,1.1741199105997993
VEN-01499,Low,Technology,Critical,Low,Outsourcing,15.825746488948106,7.1935636619653005
VEN-01500,Medium,Cloud,Medium,Medium,Outsourcing,5.712117552745114,5.712117552745114
VEN-01501,Medium,Payments,High,Medium,Non-outsourcing,12.259714914101664,9.908128920147922
VEN-01502,High,Technology,Low,Medium,Material outsourcing,4.300695611770694,2.949421032443114
VEN-01503,Low,Telecommunications,Medium,Medium,Material outsourcing,9.38375728966299,1.03204535790134
VEN-01504,Low,Professional Services,Low,Low,Non-outsourcing,11.207389691300603,7.5765930416623375
VEN-01505,Medium,Payments,Low,Low,Outsourcing,10.354421212309193,7.373891806740309
VEN-01506,Low,Telecommunications,High,High,Outsourcing,23.85612799802793,7.091376917563939
VEN-01507,Medium,Payments,Low,High,Material outsourcing,11.261184521619656,0.60696223948244
VEN-01508,Low,Telecommunications,Medium,High,Outsourcing,14.716698532454563,14.716698532454563
VEN-01509,Low,Payments,High,High,Non-outsourcing,12.530004029791282,0.3932328249917782
VEN-01510,Medium,Technology,Low,Medium,Outsourcing,10.890404284610858,1.0187320038580674
VEN-01511,Low,Payments,Medium,High,Non-outsourcing,14.183765656114112,1.8818323554030416
VEN-01512,Low,Facilities,High,Medium,Outsourcing,11.963385550889305,8.110973754059941
VEN-01513,Low,Payments,High,High,Outsourcing,11.441585528535729,10.394248325052816
VEN-01514,Medium,Technology,Medium,High,Outsourcing,9.835240998773411,5.236509759882997
VEN-01515,Medium,Telecommunications,Critical,High,Non-outsourcing,8.73666064828305,7.239035437072841
VEN-01516,Low,Professional Services,High,Medium,Outsourcing,8.101489629065577,2.810301300329108
VEN-01517,Low,Professional Services,High,Medium,Outsourcing,11.45318875076314,2.3006354622625973
VEN-01518,High,Payments,Medium,Medium,Non-outsourcing,11.040982284308129,1.3505297320813527
VEN-01519,Low,Technology,High,Medium,Non-outsourcing,21.095765601858947,7.220985731420039
VEN-01520,Low,Technology,High,High,Non-outsourcing,4.815297560072949,4.815297560072949
VEN-01521,Low,Telecommunications,Medium,Medium,Material outsourcing,24.781020080559134,1.7157223735644878
VEN-01522,Low,Technology,Critical,Low,Outsourcing,5.802739126820686,2.6852427459001835
VEN-01523,Medium,Payments,Critical,Medium,Outsourcing,10.824678346618205,3.459726210215808
VEN-01524,Medium,Cloud,Medium,Medium,Outsourcing,13.336799426785332,1.945618160217043
VEN-01525,Medium,Professional Services,High,Medium,Outsourcing,6.533966202792666,6.166105957405335
VEN-01526,Low,Telecommunications,Medium,Medium,Outsourcing,5.725701620613536,3.84914991121994
VEN-01527,Low,Professional Services,High,Medium,Non-outsourcing,10.204317345769688,10.204317345769688
VEN-01528,Low,Cloud,High,Medium,Non-outsourcing,14.905011357392643,2.8433403040530143
VEN-01529,Low,Telecommunications,Low,Medium,Non-outsourcing,16.89593774495935,8.617862561812938
VEN-01530,Low,Professional Services,Low,High,Outsourcing,5.257876182536014,1.4404238552978177
VEN-01531,Low,Telecommunications,Medium,Medium,Outsourcing,9.984585474789078,3.1299030781113624
VEN-01532,Low,Professional Services,Critical,Medium,Outsourcing,3.889523356528176,3.889523356528176
VEN-01533,Low,Cloud,Medium,Low,Outsourcing,6.621158763099429,6.202645476091055
VEN-01534,Medium,Professional Services,High,Medium,Outsourcing,19.21386377419948,12.02907463822956
VEN-01535,Low,Cloud,Medium,Medium,Material outsourcing,12.958586998077294,6.049657236780842
VEN-01536,Low,Facilities,Medium,Medium,Outsourcing,6.934995636026962,6.114018259325864
VEN-01537,Medium,Facilities,Critical,High,Non-outsourcing,18.320063849934257,2.328292073311464
VEN-01538,Medium,Professional Services,Medium,Medium,Non-outsourcing,7.4873676527305,2.592069593472333
VEN-01539,Medium,Telecommunications,Medium,High,Outsourcing,10.700473016213806,3.418347863650384
VEN-01540,Low,Telecommunications,Low,Medium,Outsourcing,3.415134337179313,3.415134337179313
VEN-01541,Medium,Telecommunications,Low,Medium,Outsourcing,6.949323330158284,4.493134248091372
VEN-01542,Low,Telecommunications,Low,High,Non-outsourcing,12.360069815633953,6.23687085746594
VEN-01543,Low,Technology,Medium,Medium,Outsourcing,12.065606099711582,11.22801715933889
VEN-01544,Low,Cloud,Medium,High,Non-outsourcing,8.727714726927964,4.974345414190262
VEN-01545,Low,Cloud,Medium,High,Non-outsourcing,10.159324020901384,7.931708626184983
VEN-01546,Low,Payments,Low,Low,Outsourcing,15.461613344232273,2.568136676449372
VEN-01547,Low,Cloud,Medium,High,Outsourcing,9.74819790454094,9.74819790454094
VEN-01548,Medium,Facilities,Medium,High,Non-outsourcing,13.352000139153514,4.857342223630192
VEN-01549,Low,Payments,Critical,Medium,Non-outsourcing,7.975900985903362,7.975900985903362
VEN-01550,Low,Payments,Medium,Low,Outsourcing,10.62584998465311,4.063991748106704
VEN-01551,Low,Professional Services,Low,Medium,Non-outsourcing,3.260480381530431,3.260480381530431
VEN-01552,Low,Technology,Medium,High,Non-outsourcing,8.2936004530384,3.073342799023548
VEN-01553,Low,Telecommunications,Critical,High,Outsourcing,11.250371245343274,2.058101804195044
VEN-01554,Low,Telecommunications,High,High,Outsourcing,10.312250590448858,9.051677623234704
VEN-01555,Low,Telecommunications,High,Medium,Non-outsourcing,7.970445499867206,2.6845383640045424
VEN-01556,Medium,Facilities,Critical,Low,Outsourcing,6.184435787449623,6.105577292341898
VEN-01557,High,Professional Services,Medium,Medium,Outsourcing,11.441846582379153,1.8787128163914384
VEN-01558,Low,Telecommunications,Critical,Medium,Non-outsourcing,10.133078785483388,10.133078785483388
VEN-01559,Low,Cloud,Low,Low,Non-outsourcing,12.694545816565585,9.186522315960568
VEN-01560,Medium,Technology,High,Low,Non-outsourcing,7.3554461091143715,7.3554461091143715
VEN-01561,High,Professional Services,High,Low,Non-outsourcing,14.286616941059272,5.444648419743964
VEN-01562,Low,Cloud,Critical,Low,Outsourcing,5.654882272625743,4.481513967547222
VEN-01563,Medium,Cloud,Medium,High,Outsourcing,4.526832699200017,3.2478205424337023
VEN-01564,High,Cloud,High,Medium,Material outsourcing,19.296052082315896,11.986103737098883
VEN-01565,Medium,Payments,Low,Medium,Non-outsourcing,5.853865629526956,1.410664630304353
VEN-01566,Low,Professional Services,Medium,Medium,Outsourcing,11.492595996077496,7.318037268331
VEN-01567,Low,Technology,Medium,High,Outsourcing,9.19888057044456,2.777496909183766
VEN-01568,Low,Cloud,Medium,High,Outsourcing,19.524704225317617,1.8707836758469223
VEN-01569,Low,Facilities,High,Medium,Material outsourcing,14.561958351515,3.797842884998804
VEN-01570,Low,Payments,Medium,Medium,Outsourcing,4.609453583384385,3.841210845460392
VEN-01571,Low,Technology,Low,Medium,Outsourcing,22.35293750588592,6.32422881359376
VEN-01572,Low,Telecommunications,Medium,Medium,Material outsourcing,17.0675387495731,9.78693719805807
VEN-01573,Low,Telecommunications,High,Medium,Material outsourcing,8.62063406069711,4.376082485963742
VEN-01574,Medium,Cloud,High,Medium,Material outsourcing,5.621323522347018,1.0743686913131092
VEN-01575,Low,Cloud,High,Medium,Non-outsourcing,11.894892032254615,2.621795029667859
VEN-01576,Low,Telecommunications,Low,Medium,Non-outsourcing,12.23005850007582,4.334211510904516
VEN-01577,Medium,Telecommunications,High,Low,Non-outsourcing,3.597113438884053,3.521774979430289
VEN-01578,Medium,Telecommunications,High,Medium,Outsourcing,11.473640565839531,7.324082596527034
VEN-01579,High,Cloud,Low,Medium,Non-outsourcing,16.38495489636948,6.155698002086643
VEN-01580,Medium,Professional Services,Medium,Medium,Non-outsourcing,11.163456263743594,8.162025285098071
VEN-01581,Medium,Telecommunications,Medium,Medium,Outsourcing,10.260535622918912,0.6496289720029421
VEN-01582,Low,Telecommunications,Medium,Low,Non-outsourcing,9.637863503211545,9.268651544495976
VEN-01583,Low,Technology,Low,Medium,Outsourcing,6.887530617487895,1.1690761439936466
VEN-01584,Low,Telecommunications,Low,Medium,Non-outsourcing,18.00904438456536,6.962354580775914
VEN-01585,Low,Professional Services,Low,Medium,Outsourcing,8.874352602605676,8.874352602605676
VEN-01586,High,Technology,Low,Medium,Non-outsourcing,11.889866788714578,0.8943059212514286
VEN-01587,Low,Payments,Medium,Low,Outsourcing,5.025638959758275,0.5624385548686219
VEN-01588,Low,Technology,High,Low,Outsourcing,10.075892047781974,4.511234652555876
VEN-01589,Low,Cloud,Medium,Medium,Non-outsourcing,13.670862220415948,3.5398223710875274
VEN-01590,Low,Telecommunications,Medium,Low,Non-outsourcing,8.766331253271982,1.7032647043830431
VEN-01591,Low,Technology,High,Medium,Outsourcing,8.897968390959953,0.5658975344577357
VEN-01592,Low,Facilities,Medium,Medium,Outsourcing,10.613217521300635,9.389385375649558
VEN-01593,High,Facilities,Low,High,Non-outsourcing,13.40179488872747,1.7927527835741528
VEN-01594,Low,Facilities,Low,Medium,Outsourcing,11.432265945738225,11.432265945738225
VEN-01595,Medium,Facilities,Low,Low,Non-outsourcing,26.36255676329352,1.9195113499324827
VEN-01596,Medium,Cloud,Medium,Medium,Outsourcing,19.306624458797938,2.0485015000629976
VEN-01597,Low,Facilities,Medium,High,Outsourcing,7.901522285801811,0.324829461871167
VEN-01598,Low,Facilities,Medium,Low,Outsourcing,17.5262205643037,1.7875489001627984
VEN-01599,Medium,Facilities,Medium,High,Non-outsourcing,3.558975933458515,2.355286031787144
VEN-01600,Low,Professional Services,Critical,Medium,Non-outsourcing,9.173644219936216,4.636438027373993
VEN-01601,High,Cloud,Medium,Low,Non-outsourcing,4.396768028888351,4.396768028888351
VEN-01602,Low,Professional Services,Medium,Low,Non-outsourcing,14.141553045161142,3.0961857288660224
VEN-01603,Medium,Telecommunications,Medium,High,Outsourcing,8.76808381678828,6.912732818446328
VEN-01604,Medium,Facilities,High,High,Outsourcing,5.434157264128246,5.434157264128246
VEN-01605,Low,Telecommunications,High,High,Non-outsourcing,15.590868309315276,3.926131089091106
VEN-01606,Low,Telecommunications,High,Medium,Non-outsourcing,5.858146523239442,3.22996481951448
VEN-01607,High,Telecommunications,Low,High,Outsourcing,14.85568057042032,2.049934404242222
VEN-01608,Low,Facilities,Medium,Low,Outsourcing,12.07791331574177,4.722411592558098
VEN-01609,Low,Facilities,High,Medium,Outsourcing,9.61142167473868,9.61142167473868
VEN-01610,Low,Facilities,Medium,Medium,Non-outsourcing,16.612386358080826,4.559607541182264
VEN-01611,Low,Professional Services,Critical,High,Non-outsourcing,6.484488990526103,6.484488990526103
VEN-01612,Medium,Telecommunications,Medium,Medium,Non-outsourcing,3.900695358775231,3.900695358775231
VEN-01613,Medium,Cloud,Medium,Medium,Outsourcing,5.657273905613232,4.469344966434107
VEN-01614,Low,Telecommunications,Medium,Low,Outsourcing,26.194072032890187,19.110055101401507
VEN-01615,Medium,Telecommunications,Medium,Medium,Non-outsourcing,6.933267953624089,6.056109344837853
VEN-01616,Low,Telecommunications,High,Low,Non-outsourcing,8.514917768375321,8.514917768375321
VEN-01617,Low,Professional Services,Low,High,Outsourcing,21.425269006238988,6.650140963516842
VEN-01618,Low,Technology,Medium,Low,Non-outsourcing,8.521314129202787,4.639765080925462
VEN-01619,High,Professional Services,Medium,Medium,Outsourcing,14.338310588006244,0.5269254085993054
VEN-01620,Low,Telecommunications,High,Low,Non-outsourcing,22.63004548477112,3.0116690212941863
VEN-01621,Low,Telecommunications,Medium,Medium,Non-outsourcing,13.204300860942514,11.699111577412353
VEN-01622,Low,Facilities,Critical,Medium,Non-outsourcing,10.478659001420445,1.000862293174362
VEN-01623,Medium,Telecommunications,High,Medium,Material outsourcing,15.841096931492102,2.697006699182041
VEN-01624,Low,Technology,Medium,Medium,Non-outsourcing,2.853250197796443,2.736764422988042
VEN-01625,Low,Facilities,High,Medium,Non-outsourcing,8.463352846308377,8.463352846308377
VEN-01626,Medium,Telecommunications,Critical,High,Outsourcing,19.46688124860938,12.039609027299951
VEN-01627,Low,Facilities,Low,Medium,Non-outsourcing,6.980920237900351,1.5012027172753282
VEN-01628,Low,Telecommunications,Medium,Medium,Non-outsourcing,2.0583632599451342,2.0583632599451342
VEN-01629,Low,Professional Services,Medium,High,Non-outsourcing,11.40460360726596,8.827051894632428
VEN-01630,Low,Facilities,Medium,Medium,Outsourcing,14.423020597670174,2.865642363837075
VEN-01631,Low,Facilities,Low,High,Non-outsourcing,9.051614667205891,7.026985694818213
VEN-01632,Medium,Telecommunications,High,High,Outsourcing,14.517002517111427,4.011713245625787
VEN-01633,Low,Payments,Medium,High,Outsourcing,12.11958172217117,12.11958172217117
VEN-01634,Medium,Payments,Medium,Medium,Outsourcing,36.44239836413733,3.060671163010663
VEN-01635,High,Professional Services,Low,Medium,Non-outsourcing,15.987088393522331,7.820678672116607
VEN-01636,Low,Payments,High,Medium,Outsourcing,12.125351474334025,3.444127804511565
VEN-01637,Low,Professional Services,Medium,Medium,Material outsourcing,3.266680290441309,3.266680290441309
VEN-01638,High,Professional Services,Medium,High,Outsourcing,7.294305150717658,1.6541056360407818
VEN-01639,Low,Payments,Medium,Low,Non-outsourcing,5.927745692628223,5.927745692628223
VEN-01640,Medium,Professional Services,Low,High,Outsourcing,21.13814870128616,9.908576649568424
VEN-01641,Medium,Facilities,Medium,Medium,Outsourcing,5.513871095936436,1.4099318591372585
VEN-01642,Low,Telecommunications,Critical,Low,Material outsourcing,8.973063176140585,2.5756938255226403
VEN-01643,Low,Payments,Low,Medium,Non-outsourcing,12.843304478543288,9.258469604000435
VEN-01644,Low,Cloud,High,High,Outsourcing,8.012264445679865,3.648431779330625
VEN-01645,Low,Professional Services,Low,Medium,Outsourcing,8.715235635787685,4.369163538429072
VEN-01646,Low,Telecommunications,High,High,Material outsourcing,12.125366025405684,1.9068134047423115
VEN-01647,Low,Technology,Low,Medium,Outsourcing,6.978949241802409,6.978949241802409
VEN-01648,Medium,Payments,Medium,High,Material outsourcing,11.375218394059695,1.6569500300622009
VEN-01649,High,Professional Services,Medium,Medium,Non-outsourcing,15.58399820458113,4.3670204197339775
VEN-01650,Medium,Professional Services,Low,High,Non-outsourcing,7.5623675369245245,3.017431618843998
VEN-01651,Low,Professional Services,Medium,Low,Non-outsourcing,5.803868237833583,5.803868237833583
VEN-01652,Low,Technology,Medium,Medium,Outsourcing,23.406403056622345,19.3336062314897
VEN-01653,Low,Professional Services,Medium,High,Non-outsourcing,23.574296325937336,1.0990340494558075
VEN-01654,Low,Telecommunications,Critical,Low,Outsourcing,10.246778874184445,2.861452209419263
VEN-01655,High,Telecommunications,Medium,Medium,Material outsourcing,11.201065240785908,3.591300024930723
VEN-01656,Low,Payments,Critical,High,Material outsourcing,11.150238896779182,1.5956302827742237
VEN-01657,Low,Professional Services,Medium,Medium,Outsourcing,8.414997881715058,4.716514697379418
VEN-01658,Medium,Facilities,Low,High,Outsourcing,10.110104065556843,8.484280491271216
VEN-01659,Low,Facilities,Low,Medium,Non-outsourcing,3.30431931227968,3.30431931227968
VEN-01660,Low,Telecommunications,Medium,High,Outsourcing,4.816887949615094,4.816887949615094
VEN-01661,Low,Professional Services,Medium,Medium,Outsourcing,8.743082484627973,2.7150772048956875
VEN-01662,Low,Telecommunications,High,Medium,Outsourcing,7.600509765542185,7.254456880378775
VEN-01663,Medium,Cloud,High,High,Non-outsourcing,5.229516785157143,5.229516785157143
VEN-01664,Low,Payments,Medium,Medium,Non-outsourcing,10.09229693903798,1.8309080896717955
VEN-01665,High,Telecommunications,Medium,Low,Outsourcing,14.732383785106872,4.903220019769298
VEN-01666,Medium,Payments,Medium,Medium,Outsourcing,6.985040848685258,3.027354821106065
VEN-01667,Medium,Professional Services,Medium,Medium,Outsourcing,2.596237922410268,2.596237922410268
VEN-01668,Low,Facilities,Low,High,Outsourcing,12.128404001969592,8.852809370621198
VEN-01669,Low,Facilities,Low,Medium,Outsourcing,8.866265802794612,5.302639173039164
VEN-01670,Medium,Facilities,Medium,High,Outsourcing,15.962452251100924,11.126867397836069
VEN-01671,Low,Payments,Low,High,Outsourcing,4.584171508445404,4.584171508445404
VEN-01672,Low,Technology,High,Low,Outsourcing,5.650573099570323,1.855940455050186
VEN-01673,Medium,Cloud,Low,Medium,Non-outsourcing,8.593971372541324,8.593971372541324
VEN-01674,Low,Cloud,Low,Medium,Non-outsourcing,6.337211185295857,1.491549122614192
VEN-01675,Medium,Cloud,Critical,Low,Material outsourcing,18.399366122417455,12.23249948633338
VEN-01676,High,Facilities,Critical,Medium,Non-outsourcing,4.743806752152498,4.743806752152498
VEN-01677,Medium,Cloud,Medium,Medium,Outsourcing,8.435948170130729,4.705755029092851
VEN-01678,Low,Professional Services,Medium,High,Non-outsourcing,26.01576317916429,2.6604239267711973
VEN-01679,Medium,Technology,High,Medium,Outsourcing,4.525234408558067,4.525234408558067
VEN-01680,Low,Payments,Low,Low,Non-outsourcing,10.614831303805158,7.072741800147892
VEN-01681,Medium,Payments,Medium,Medium,Outsourcing,8.955676028909364,6.686437691229306
VEN-01682,Medium,Professional Services,Low,High,Outsourcing,13.040303515070397,5.571396471631297
VEN-01683,Medium,Cloud,Medium,Medium,Non-outsourcing,12.375089762919886,4.257866150215695
VEN-01684,Low,Payments,Critical,Medium,Outsourcing,11.973005988489234,7.647694874075003
VEN-01685,Low,Facilities,High,High,Material outsourcing,16.51022118607586,3.5828094406748403
VEN-01686,Low,Payments,Critical,Low,Outsourcing,16.29781663455047,4.558742354003855
VEN-01687,Low,Facilities,High,Medium,Material outsourcing,7.548837702970495,6.369537571222927
VEN-01688,Low,Facilities,Medium,Medium,Outsourcing,7.393169439534435,4.863579298472323
VEN-01689,Low,Technology,High,Medium,Outsourcing,14.402737780780498,1.5118655796714493
VEN-01690,Low,Professional Services,High,High,Outsourcing,11.417725980261851,5.613665895074999
VEN-01691,Medium,Technology,Medium,Low,Material outsourcing,12.516006614952987,5.6341392355548034
VEN-01692,High,Cloud,Medium,High,Outsourcing,10.697067448332872,5.3046481373533885
VEN-01693,Low,Telecommunications,Medium,Medium,Non-outsourcing,8.125310184060115,4.305723672755145
VEN-01694,Medium,Cloud,Low,High,Outsourcing,14.034387826926856,3.804365659128672
VEN-01695,Medium,Cloud,Medium,High,Material outsourcing,6.806057083753166,4.945262633830546
VEN-01696,Low,Payments,Low,High,Outsourcing,26.300797707279628,2.6985287373418307
VEN-01697,Low,Telecommunications,Medium,Low,Non-outsourcing,25.02384736725373,11.614873224640757
VEN-01698,Medium,Technology,Low,Medium,Outsourcing,29.3016986044082,6.4674877896258485
VEN-01699,High,Cloud,Medium,High,Outsourcing,11.80353323872963,6.008117027753529
VEN-01700,Medium,Telecommunications,Medium,Medium,Non-outsourcing,8.692509941353308,0.6003299289699809
VEN-01701,High,Telecommunications,Low,Medium,Outsourcing,20.551924829827957,9.777721996241874
VEN-01702,High,Cloud,Critical,High,Outsourcing,10.823118448834846,2.420632231242505
VEN-01703,Low,Cloud,Medium,High,Non-outsourcing,15.951834932047973,3.372434567784792
VEN-01704,Low,Cloud,Medium,Medium,Outsourcing,15.89587439187776,3.1638886326535856
VEN-01705,Low,Technology,Low,High,Non-outsourcing,6.910697007123618,6.203837553189239
VEN-01706,High,Technology,High,Low,Outsourcing,13.86756724993461,2.348298735162172
VEN-01707,Low,Cloud,Medium,High,Non-outsourcing,15.545099567360383,8.071899994932378
VEN-01708,Low,Payments,Medium,High,Outsourcing,10.154260706883903,6.08148692318739
VEN-01709,Medium,Professional Services,Low,Low,Non-outsourcing,4.78660812250554,3.019679358540782
VEN-01710,Low,Technology,High,Low,Material outsourcing,20.79197179482924,1.6742893047601448
VEN-01711,Medium,Facilities,Critical,High,Outsourcing,26.005518262366483,5.967457302451687
VEN-01712,Low,Telecommunications,Medium,Medium,Non-outsourcing,11.180305487175142,1.1787735516551592
VEN-01713,High,Cloud,Low,Low,Material outsourcing,9.12338401736473,2.8240013928070944
VEN-01714,Medium,Facilities,Low,Low,Outsourcing,4.296643526926539,4.296643526926539
VEN-01715,Low,Facilities,Low,Medium,Outsourcing,11.49717591971929,4.242433811812431
VEN-01716,Medium,Facilities,High,Medium,Material outsourcing,8.371074416740559,3.08580716989282
VEN-01717,Low,Professional Services,Critical,High,Material outsourcing,4.286028134262221,4.286028134262221
VEN-01718,Low,Facilities,Critical,Medium,Outsourcing,16.626448056002253,2.549805281648313
VEN-01719,Medium,Cloud,High,Medium,Material outsourcing,14.242291672445948,3.054545886869452
VEN-01720,Medium,Payments,Low,Low,Non-outsourcing,7.791862150145634,5.235493773498109
VEN-01721,Low,Professional Services,Critical,Medium,Non-outsourcing,23.49466803534878,5.245771245095944
VEN-01722,Low,Facilities,Medium,Medium,Non-outsourcing,10.397363285316905,1.913512543189225
VEN-01723,Medium,Facilities,Medium,High,Non-outsourcing,11.288123697428247,5.066976879232736
VEN-01724,Low,Technology,High,High,Outsourcing,9.64271579856712,3.320816573299512
VEN-01725,Low,Payments,Low,Medium,Non-outsourcing,17.770934810135305,3.167007226502885
VEN-01726,Low,Facilities,High,High,Outsourcing,13.984778562995324,5.856155478605851
VEN-01727,Low,Telecommunications,Critical,Low,Non-outsourcing,3.28393801865737,2.322342450356322
VEN-01728,Medium,Telecommunications,High,Medium,Non-outsourcing,10.794227584752376,4.07245444753904
VEN-01729,Low,Cloud,High,High,Outsourcing,15.822122453670374,4.642428969488964
VEN-01730,Low,Telecommunications,Medium,Medium,Non-outsourcing,4.292415994714812,4.292415994714812
VEN-01731,High,Facilities,Low,High,Outsourcing,15.738381072613135,2.921789716696525
VEN-01732,Low,Payments,High,Low,Outsourcing,14.146114041386523,6.741377010083802
VEN-01733,Medium,Professional Services,Medium,High,Outsourcing,6.235834538459903,6.235834538459903
VEN-01734,Low,Telecommunications,Critical,Low,Material outsourcing,9.4701649585243,7.829573721906689
VEN-01735,Medium,Professional Services,Low,Low,Material outsourcing,5.169146516745178,1.8224929753442456
VEN-01736,Medium,Telecommunications,Medium,Medium,Non-outsourcing,7.851508161398602,7.69418071552353
VEN-01737,Medium,Technology,Medium,High,Outsourcing,9.38891251784899,7.904240759657575
VEN-01738,Low,Technology,High,Medium,Non-outsourcing,14.788064038008011,13.087792105011442
VEN-01739,Low,Payments,High,Medium,Non-outsourcing,16.273610014764436,2.019321096529907
VEN-01740,Medium,Payments,Critical,Low,Outsourcing,12.05484830441393,10.761201936393178
VEN-01741,Low,Facilities,Medium,Low,Outsourcing,9.173724025267184,1.1531829510172151
VEN-01742,Low,Facilities,Medium,Low,Outsourcing,15.4926453115928,8.07786276667732
VEN-01743,Low,Facilities,Low,High,Outsourcing,11.309138310407516,9.078610174239474
VEN-01744,High,Payments,Low,Low,Outsourcing,12.741543629303354,7.862078669837954
VEN-01745,Medium,Facilities,Medium,Medium,Outsourcing,16.679961883740102,1.4721963894684753
VEN-01746,Low,Technology,Medium,Medium,Non-outsourcing,15.027592316697111,10.336534979913726
VEN-01747,Medium,Professional Services,Medium,Medium,Non-outsourcing,12.697455091165043,12.697455091165043
VEN-01748,Low,Technology,Medium,Medium,Outsourcing,13.977689293315516,2.235711581696263
VEN-01749,Low,Technology,Medium,Low,Outsourcing,7.768947320775205,3.8903928618882224
VEN-01750,Low,Technology,High,Medium,Non-outsourcing,7.210840256182969,2.8677397698725624
VEN-01751,Low,Technology,Low,Medium,Non-outsourcing,25.826932025495804,7.059581143922647
VEN-01752,Low,Professional Services,Medium,Low,Non-outsourcing,6.997850147855379,3.500515291692841
VEN-01753,Medium,Facilities,High,Medium,Outsourcing,16.765696400311015,7.328686676815558
VEN-01754,Medium,Facilities,High,Low,Non-outsourcing,9.104787777396092,4.300534897974069
VEN-01755,Low,Professional Services,High,High,Non-outsourcing,14.73397790566121,5.271027922309136
VEN-01756,Low,Payments,Low,High,Non-outsourcing,3.073839101540768,3.073839101540768
VEN-01757,Low,Technology,Medium,Low,Non-outsourcing,4.946555325750477,1.1861322047461809
VEN-01758,High,Telecommunications,Critical,Medium,Outsourcing,17.254164450404126,5.096339775214531
VEN-01759,High,Cloud,Medium,Medium,Material outsourcing,4.027560420457753,1.510754112184186
VEN-01760,High,Payments,Medium,High,Non-outsourcing,7.831495581014261,1.715024980489275
VEN-01761,Low,Payments,Critical,Medium,Outsourcing,21.015812894691862,10.465180702152374
VEN-01762,Low,Payments,Low,Medium,Outsourcing,16.283557385356946,6.965269156692985
VEN-01763,Low,Payments,High,Low,Outsourcing,8.845623888444532,6.61029409243447
VEN-01764,Low,Payments,High,Low,Non-outsourcing,7.014193391806055,5.151335785743061
VEN-01765,Low,Professional Services,Low,Medium,Non-outsourcing,22.61914961279249,16.30646086997119
VEN-01766,Low,Telecommunications,High,Medium,Material outsourcing,7.350339112848211,5.06505112838672
VEN-01767,High,Telecommunications,Medium,High,Material outsourcing,12.466370748968828,4.495431507342337
VEN-01768,Low,Cloud,High,High,Non-outsourcing,20.10735169820273,4.389112004593962
VEN-01769,Low,Professional Services,Critical,Medium,Outsourcing,13.563051474536447,9.41958409956987
VEN-01770,Medium,Professional Services,High,Medium,Non-outsourcing,20.132481908671288,4.904062579492294
VEN-01771,Low,Professional Services,Low,High,Non-outsourcing,8.65691154439451,5.867097967433305
VEN-01772,Medium,Technology,High,High,Non-outsourcing,5.909632233751371,5.909632233751371
VEN-01773,Low,Professional Services,Critical,High,Outsourcing,15.039897875161154,6.71145254920296
VEN-01774,Medium,Payments,Medium,High,Non-outsourcing,19.01217756428849,8.412309722704174
VEN-01775,Low,Professional Services,Medium,Medium,Non-outsourcing,13.99194334215222,2.851404197489126
VEN-01776,Low,Technology,Low,Medium,Non-outsourcing,6.481129345215308,2.0373543280496027
VEN-01777,Medium,Telecommunications,High,Medium,Non-outsourcing,31.40908225758068,11.7907103561869
VEN-01778,Low,Cloud,Low,Low,Non-outsourcing,5.174298210013701,5.174298210013701
VEN-01779,Low,Cloud,Medium,Medium,Outsourcing,11.800351722622649,7.167527660557953
VEN-01780,Low,Technology,Critical,Medium,Outsourcing,20.062000499925595,6.126394343470293
VEN-01781,Low,Technology,Critical,Medium,Outsourcing,11.21634257438062,4.84860357914312
VEN-01782,Medium,Cloud,Critical,Low,Outsourcing,15.159564221281723,2.9320518511297204
VEN-01783,Low,Cloud,Medium,Medium,Outsourcing,3.844409584480776,2.860496315590126
VEN-01784,Low,Facilities,Low,Medium,Non-outsourcing,14.8556945185378,2.006272822377754
VEN-01785,Low,Payments,Medium,Medium,Non-outsourcing,6.271113900227695,1.532728428528103
VEN-01786,Medium,Facilities,Low,Low,Material outsourcing,11.8993376350262,2.514121568732987
VEN-01787,Low,Facilities,High,Medium,Outsourcing,5.086610639384789,3.744585500129478
VEN-01788,Medium,Cloud,Medium,Low,Outsourcing,15.583570325005772,11.735009557251011
VEN-01789,Medium,Facilities,Medium,Medium,Non-outsourcing,13.877346518861824,1.4787716597931622
VEN-01790,Low,Technology,Low,Medium,Non-outsourcing,11.823547233343966,5.2765908185607255
VEN-01791,Medium,Telecommunications,Medium,High,Non-outsourcing,17.498330168568426,12.441053948838215
VEN-01792,Low,Telecommunications,High,Medium,Material outsourcing,14.59394949032323,9.373524573398804
VEN-01793,Low,Payments,High,Medium,Outsourcing,4.988615932055975,4.921445351764211
VEN-01794,Medium,Technology,Low,High,Non-outsourcing,17.2506910364188,3.0028017663929583
VEN-01795,High,Technology,Low,Medium,Non-outsourcing,14.7101002724995,0.9207505675084524
VEN-01796,Low,Cloud,Medium,High,Non-outsourcing,6.996749284106099,5.382515833854632
VEN-01797,Low,Professional Services,Low,Low,Non-outsourcing,10.957636699409573,7.568156631176908
VEN-01798,Low,Facilities,Critical,Medium,Outsourcing,8.467970749248591,3.0551657926012856
VEN-01799,Low,Cloud,High,Low,Non-outsourcing,27.531573984062923,9.78310834997938
VEN-01800,Low,Technology,Low,Medium,Material outsourcing,5.848147922669342,4.5371814448297325
VEN-01801,Low,Payments,High,High,Outsourcing,8.690184144791957,5.970132734466036
VEN-01802,Low,Telecommunications,Medium,Medium,Material outsourcing,10.560263416145585,4.926826108942257
VEN-01803,Low,Facilities,Low,Medium,Material outsourcing,11.623049254263458,9.701850542139862
VEN-01804,Medium,Technology,Medium,Low,Material outsourcing,8.849310904434255,8.849310904434255
VEN-01805,Medium,Telecommunications,Low,High,Material outsourcing,11.4598942852288,6.874767891715766
VEN-01806,Medium,Technology,Medium,Medium,Non-outsourcing,14.014519953797958,4.017793447892946
VEN-01807,Low,Telecommunications,High,Low,Non-outsourcing,7.387455506034858,4.800288559736553
VEN-01808,Low,Telecommunications,Critical,High,Non-outsourcing,8.856866504286725,8.856866504286725
VEN-01809,Low,Telecommunications,Medium,Medium,Outsourcing,24.51416144295059,12.888491650366426
VEN-01810,Low,Professional Services,Medium,Medium,Outsourcing,1.5958999428189848,1.5958999428189848
VEN-01811,Low,Payments,Low,Low,Non-outsourcing,17.44824196696423,2.10568861840822
VEN-01812,Low,Cloud,Medium,Low,Outsourcing,17.239209399923944,8.726895429499834
VEN-01813,Medium,Facilities,Low,High,Outsourcing,4.851510521712926,3.520267871652761
VEN-01814,Low,Facilities,Medium,Medium,Outsourcing,26.504252575930757,11.391064222474798
VEN-01815,Medium,Technology,Low,High,Non-outsourcing,10.35123030387027,3.029650489110548
VEN-01816,Low,Facilities,Critical,Low,Non-outsourcing,18.216678205993784,3.5512233352106684
VEN-01817,Medium,Facilities,High,Medium,Outsourcing,11.959098046538475,1.9304759366482145
VEN-01818,Low,Payments,Medium,Medium,Non-outsourcing,3.784893752191248,3.784893752191248
VEN-01819,Low,Telecommunications,High,Medium,Outsourcing,9.093384430451875,2.4340449433801203
VEN-01820,Low,Technology,Low,Medium,Non-outsourcing,17.578643232331867,8.292461764076734
VEN-01821,High,Telecommunications,High,Medium,Non-outsourcing,17.83302888858649,4.355388920280542
VEN-01822,Low,Cloud,Medium,Medium,Non-outsourcing,12.21268778294831,3.589586476331992
VEN-01823,Low,Facilities,Low,High,Outsourcing,5.728651103452078,3.443639106329804
VEN-01824,Low,Technology,High,Medium,Non-outsourcing,18.476454913643643,11.245464948217773
VEN-01825,Medium,Facilities,Medium,Medium,Material outsourcing,7.381437084084624,7.381437084084624
VEN-01826,Low,Facilities,Medium,Medium,Non-outsourcing,11.904839434161206,10.491527828293036
VEN-01827,Low,Facilities,Medium,Medium,Material outsourcing,14.452084201987889,1.1428171794998676
VEN-01828,Low,Payments,Low,Low,Non-outsourcing,15.162615782529777,8.318388578068175
VEN-01829,High,Facilities,Low,High,Non-outsourcing,14.193318475825212,4.378532037565171
VEN-01830,Low,Payments,Medium,Low,Material outsourcing,6.7604723688863135,4.564503371461543
VEN-01831,Low,Facilities,Medium,Low,Outsourcing,8.653850614122753,5.661798885868596
VEN-01832,High,Facilities,Low,Medium,Outsourcing,6.654935378224124,4.961301121783391
VEN-01833,Low,Facilities,Medium,Low,Outsourcing,15.764200598370438,6.888164563288657
VEN-01834,Low,Telecommunications,Medium,Low,Non-outsourcing,14.679970304355194,4.240355004878053
VEN-01835,Low,Cloud,High,Low,Outsourcing,7.2728052556612734,7.2728052556612734
VEN-01836,Low,Telecommunications,High,Low,Non-outsourcing,16.94869351519484,5.212560134745364
VEN-01837,Low,Telecommunications,Medium,Medium,Outsourcing,16.90004391704411,5.285855246861285
VEN-01838,Low,Cloud,Medium,High,Material outsourcing,19.75219452545906,4.899469726094058
VEN-01839,Medium,Payments,Medium,Medium,Material outsourcing,14.421066521024644,8.299774994040613
VEN-01840,Medium,Payments,Medium,Medium,Outsourcing,14.890356403247637,3.7582439885722154
VEN-01841,Low,Facilities,Low,Medium,Outsourcing,8.992121458417108,6.902877223532594
VEN-01842,Low,Professional Services,Low,Medium,Outsourcing,10.153344135146924,5.390748841874202
VEN-01843,Low,Telecommunications,High,Medium,Non-outsourcing,18.80312446315775,11.354508523932562
VEN-01844,High,Technology,Low,Medium,Material outsourcing,7.995585388037607,3.930549722321952
VEN-01845,Low,Technology,Medium,Medium,Outsourcing,6.929121945875016,6.929121945875016
VEN-01846,Low,Telecommunications,Medium,Medium,Non-outsourcing,14.96724583051341,6.129729183101612
VEN-01847,Low,Telecommunications,Medium,Low,Outsourcing,3.4070052644293787,3.4070052644293787
VEN-01848,Low,Payments,High,High,Non-outsourcing,7.7453374133973245,5.2712991371062206
VEN-01849,Low,Payments,High,High,Outsourcing,20.13388910708513,3.667483742547695
VEN-01850,Medium,Facilities,Low,High,Outsourcing,22.15069891505939,3.642690974141572
VEN-01851,Low,Professional Services,High,Low,Non-outsourcing,17.857731241732736,5.750801257441526
VEN-01852,High,Payments,Medium,High,Non-outsourcing,11.63030543335189,4.983906577319309
VEN-01853,Low,Facilities,Medium,Medium,Outsourcing,6.9543829929308485,3.830224376196648
VEN-01854,Medium,Telecommunications,High,Low,Non-outsourcing,4.997092690181376,4.997092690181376
VEN-01855,Medium,Telecommunications,High,High,Material outsourcing,9.350829583691745,0.5298812320628742
VEN-01856,High,Telecommunications,Medium,High,Non-outsourcing,5.04935963222373,4.415000371946973
VEN-01857,Low,Facilities,Critical,Low,Non-outsourcing,23.917822539372622,5.093403187808793
VEN-01858,Low,Cloud,Medium,High,Non-outsourcing,25.962429946271087,1.3664913266378669
VEN-01859,Low,Payments,Medium,Low,Outsourcing,9.097627659562658,2.3182842666546613
VEN-01860,Low,Technology,Low,Medium,Outsourcing,9.687495839052971,2.4361893651485005
VEN-01861,Low,Technology,Medium,Low,Outsourcing,16.409680770612272,4.801237100431958
VEN-01862,High,Cloud,Medium,Low,Material outsourcing,4.540497663702409,4.194991399165666
VEN-01863,High,Facilities,Medium,High,Outsourcing,9.828354790900256,4.235450027970618
VEN-01864,Low,Payments,Medium,Medium,Non-outsourcing,11.137548451270511,1.3846096641933476
VEN-01865,Low,Cloud,High,Low,Non-outsourcing,5.1340938167543815,5.1340938167543815
VEN-01866,Medium,Payments,Medium,High,Material outsourcing,6.683911078275232,6.683911078275232
VEN-01867,High,Facilities,High,High,Non-outsourcing,8.079652565257021,1.720043879312009
VEN-01868,Low,Payments,High,High,Material outsourcing,18.19901491294562,4.038910184942051
VEN-01869,Low,Technology,High,High,Material outsourcing,21.813507455675158,4.1698879840839
VEN-01870,Medium,Payments,High,High,Outsourcing,14.013871133426228,6.4515734376708975
VEN-01871,Low,Payments,High,Medium,Outsourcing,10.708344515714105,3.635592773181503
VEN-01872,Low,Facilities,Low,Medium,Material outsourcing,20.162766883173447,8.925878479412154
VEN-01873,High,Technology,High,High,Outsourcing,16.998694672655127,2.191720633697795
VEN-01874,High,Payments,Critical,Low,Outsourcing,29.878397119990588,7.599599937799128
VEN-01875,High,Facilities,Medium,Low,Non-outsourcing,4.083481459441412,4.083481459441412
VEN-01876,Medium,Professional Services,Low,Medium,Outsourcing,11.335022908238251,1.8947892288372412
VEN-01877,Low,Facilities,Critical,Medium,Non-outsourcing,8.318011523457574,3.9144771188588816
VEN-01878,Low,Facilities,Low,Medium,Material outsourcing,4.509069319031397,2.069756072523925
VEN-01879,Low,Cloud,Medium,High,Outsourcing,11.39715120222105,11.39715120222105
VEN-01880,Low,Cloud,Low,Medium,Outsourcing,28.351397771732373,4.446716305671151
VEN-01881,Low,Payments,Medium,Medium,Non-outsourcing,6.04259285608539,3.559732430264894
VEN-01882,Low,Telecommunications,Medium,Medium,Material outsourcing,35.39524036284187,1.184662879987305
VEN-01883,Low,Facilities,Medium,Medium,Non-outsourcing,17.199502516100118,6.089043744052439
VEN-01884,Medium,Facilities,Critical,Low,Outsourcing,20.56442207952675,3.859681691787752
VEN-01885,Low,Telecommunications,Medium,Low,Non-outsourcing,20.489258969342192,7.5418557611528145
VEN-01886,Low,Technology,Medium,Medium,Material outsourcing,14.053844160867609,12.230877055615863
VEN-01887,Low,Professional Services,High,Medium,Outsourcing,9.04230415449278,8.2153585587675
VEN-01888,Low,Telecommunications,High,Medium,Outsourcing,5.029874598057792,2.336980246279664
VEN-01889,Medium,Cloud,Low,Medium,Non-outsourcing,6.091351174467108,3.589557137205422
VEN-01890,Low,Technology,Low,Low,Non-outsourcing,14.99608789408846,1.7546277709070268
VEN-01891,Low,Professional Services,Medium,Medium,Non-outsourcing,9.243284496849306,2.9963502627191723
VEN-01892,Medium,Payments,High,Medium,Non-outsourcing,6.506583951884075,6.506583951884075
VEN-01893,Low,Payments,Medium,Medium,Outsourcing,12.867030251438834,3.161966758340436
VEN-01894,Low,Technology,Low,High,Outsourcing,13.63203613381219,7.593173992548643
VEN-01895,Low,Facilities,High,Medium,Non-outsourcing,16.447305357273816,3.4377471082550928
VEN-01896,Low,Telecommunications,High,Low,Outsourcing,7.280940105001909,7.280940105001909
VEN-01897,Medium,Facilities,Medium,Medium,Non-outsourcing,10.687120698405746,2.295308774681222
VEN-01898,Low,Professional Services,High,Low,Non-outsourcing,7.397136953829719,1.9710991149941504
VEN-01899,Low,Telecommunications,High,Low,Material outsourcing,5.524379827177087,5.524379827177087
VEN-01900,Low,Facilities,High,Medium,Non-outsourcing,18.844095466072844,2.466172919841671
VEN-01901,Low,Cloud,High,Low,Outsourcing,18.20341629659898,9.37077452658923
VEN-01902,Low,Professional Services,High,Medium,Material outsourcing,4.175361018396223,4.175361018396223
VEN-01903,Medium,Payments,Medium,High,Outsourcing,11.684736499834052,2.912911614367752
VEN-01904,Low,Professional Services,Medium,Medium,Outsourcing,20.22150383246649,2.9404717065501207
VEN-01905,Low,Facilities,High,High,Outsourcing,16.73733115542833,4.016521984553824
VEN-01906,Low,Professional Services,Medium,High,Outsourcing,6.843666925045195,6.843666925045195
VEN-01907,Low,Telecommunications,Medium,Medium,Outsourcing,21.35151757523225,3.536665713298997
VEN-01908,Low,Technology,Low,Medium,Non-outsourcing,20.23362022439718,7.562182878183085
VEN-01909,Medium,Facilities,High,Medium,Outsourcing,13.39543076301756,6.280723282140518
VEN-01910,Medium,Professional Services,Medium,Medium,Material outsourcing,9.868218674760891,6.409465670317212
VEN-01911,Low,Payments,Medium,Medium,Outsourcing,6.788442330305776,6.788442330305776
VEN-01912,Low,Facilities,Medium,Low,Non-outsourcing,11.352207510345131,7.176707881003325
VEN-01913,High,Telecommunications,Low,Low,Non-outsourcing,22.89885616272944,6.348957954059403
VEN-01914,Low,Facilities,Critical,High,Outsourcing,6.935276983645826,1.1875233443982351
VEN-01915,Low,Technology,High,Low,Non-outsourcing,23.923975792511943,11.041545652278009
VEN-01916,Low,Technology,Medium,Medium,Outsourcing,16.329987871244025,8.236952853534438
VEN-01917,Medium,Professional Services,Medium,High,Outsourcing,11.347429422263088,6.192276789122778
VEN-01918,Medium,Telecommunications,High,Medium,Non-outsourcing,20.324014095673206,3.9954043894388658
VEN-01919,Low,Payments,Medium,Medium,Non-outsourcing,11.172050275203787,1.2451318792246615
VEN-01920,High,Payments,Critical,Low,Material outsourcing,10.275129567395329,7.069437860231759
VEN-01921,Low,Cloud,Low,High,Material outsourcing,18.431852107052272,5.0318141643666605
VEN-01922,Low,Technology,Low,Medium,Outsourcing,1.6485006071205228,1.6485006071205228
VEN-01923,Low,Technology,Medium,Medium,Material outsourcing,11.598826777901134,7.589763464777797
VEN-01924,Low,Technology,Low,High,Material outsourcing,11.189340230844524,5.480695452090329
VEN-01925,Low,Cloud,Medium,Low,Outsourcing,8.210232642908895,8.210232642908895
VEN-01926,Low,Professional Services,High,Medium,Non-outsourcing,10.163652760946116,5.015171835597332
VEN-01927,Low,Technology,Low,Low,Outsourcing,25.38058564052192,13.68602003539541
VEN-01928,Medium,Payments,Medium,Low,Outsourcing,2.46734564504978,1.0064642935859005
VEN-01929,Low,Cloud,High,Medium,Non-outsourcing,6.819528810379077,6.819528810379077
VEN-01930,Low,Telecommunications,High,Medium,Material outsourcing,7.533894942591369,7.533894942591369
VEN-01931,Low,Payments,Medium,Medium,Non-outsourcing,10.725726166033905,2.670645160614069
VEN-01932,Low,Payments,Low,Medium,Material outsourcing,9.817465797633533,9.817465797633533
VEN-01933,Medium,Technology,Medium,High,Outsourcing,12.54351103894512,0.7632907579717453
VEN-01934,Medium,Telecommunications,Medium,High,Non-outsourcing,3.222838299020228,2.0182431217865218
VEN-01935,Medium,Technology,High,Low,Material outsourcing,12.443643548852355,6.918674130302023
VEN-01936,Low,Payments,Medium,High,Outsourcing,25.28123379108547,11.089167936198882
VEN-01937,Low,Professional Services,Medium,Low,Outsourcing,11.592266646803443,6.247392733663517
VEN-01938,Low,Facilities,High,Medium,Outsourcing,10.00184267221202,1.3261032866649607
VEN-01939,Low,Facilities,Medium,Medium,Non-outsourcing,10.87298476394186,2.88386970327298
VEN-01940,Low,Telecommunications,Low,Medium,Non-outsourcing,9.301724118295958,3.484996734159402
VEN-01941,Low,Payments,Medium,Low,Non-outsourcing,16.32392345911815,6.715093816536522
VEN-01942,Low,Professional Services,Critical,Medium,Non-outsourcing,13.480933908157038,4.634972469474382
VEN-01943,Low,Professional Services,High,Low,Non-outsourcing,13.008593578626442,10.542352168719772
VEN-01944,Low,Technology,Medium,Low,Outsourcing,20.32223507120292,1.2415165408016766
VEN-01945,Medium,Telecommunications,High,Medium,Non-outsourcing,16.410951246498882,7.619431791715174
VEN-01946,High,Facilities,Medium,Medium,Outsourcing,2.4697921547287662,2.0326469277691523
VEN-01947,Low,Professional Services,Medium,Medium,Non-outsourcing,9.193979813484503,9.193979813484503
VEN-01948,High,Cloud,Medium,Medium,Non-outsourcing,5.35610147984318,5.35610147984318
VEN-01949,Low,Payments,Low,Medium,Material outsourcing,7.391710634717602,4.638597200909557
VEN-01950,High,Cloud,Medium,Medium,Material outsourcing,8.291506736365816,3.8877967700890648
VEN-01951,High,Telecommunications,Critical,High,Outsourcing,7.253460087198624,6.51345976898703
VEN-01952,Low,Payments,Low,High,Non-outsourcing,16.78168628580736,10.338782231151605
VEN-01953,Medium,Telecommunications,High,Low,Outsourcing,15.416542346149637,6.303655729012418
VEN-01954,High,Telecommunications,High,Medium,Non-outsourcing,9.172635020131134,4.6179126576796
VEN-01955,High,Professional Services,Medium,Medium,Outsourcing,15.12429063483789,2.467129379071936
VEN-01956,High,Professional Services,Low,Low,Material outsourcing,14.14579565345872,4.474405061919562
VEN-01957,Low,Cloud,Low,Low,Non-outsourcing,12.085840776948393,10.384729352916343
VEN-01958,Low,Technology,Low,Low,Material outsourcing,10.523543141699523,8.451427264092503
VEN-01959,Medium,Technology,Medium,Medium,Outsourcing,4.099994114873542,4.099994114873542
VEN-01960,Low,Facilities,Critical,Medium,Non-outsourcing,17.654029945742515,2.362444841024804
VEN-01961,Low,Cloud,High,Medium,Non-outsourcing,11.182222089301437,1.3105632995834915
VEN-01962,Low,Facilities,Low,Medium,Outsourcing,12.81007068487542,7.969263570648607
VEN-01963,Low,Technology,Medium,Medium,Outsourcing,12.3663665807506,1.625471228740056
VEN-01964,Low,Facilities,Low,Low,Non-outsourcing,8.45914800674852,8.45914800674852
VEN-01965,Medium,Payments,Critical,High,Non-outsourcing,8.209709872468098,8.132228771741426
VEN-01966,Low,Telecommunications,Low,Medium,Material outsourcing,10.157185511976635,6.178595027449363
VEN-01967,Medium,Facilities,Low,Low,Non-outsourcing,16.632518374994856,2.1078142663274706
VEN-01968,Medium,Professional Services,Medium,Low,Material outsourcing,10.711867942952532,5.047044295316557
VEN-01969,Low,Facilities,Medium,Medium,Outsourcing,3.681194643235045,3.681194643235045
VEN-01970,Low,Telecommunications,Low,High,Non-outsourcing,13.450676616626035,6.359039895628349
VEN-01971,Low,Telecommunications,High,Medium,Non-outsourcing,8.664365216417835,8.664365216417835
VEN-01972,High,Professional Services,Low,Low,Outsourcing,7.210839460920994,2.3969768720014164
VEN-01973,Medium,Facilities,Low,Low,Non-outsourcing,15.850001158437518,3.994549495267224
VEN-01974,Low,Technology,Low,Low,Non-outsourcing,15.794175655784723,4.708574295780884
VEN-01975,Low,Professional Services,Medium,Medium,Non-outsourcing,12.13869738236652,11.708044347806892
VEN-01976,Low,Professional Services,Critical,High,Material outsourcing,9.780321473333135,5.415692065552727
VEN-01977,Low,Facilities,Medium,Medium,Outsourcing,8.856518387936138,7.641035049702297
VEN-01978,High,Cloud,High,High,Outsourcing,5.394977453624519,5.394977453624519
VEN-01979,Medium,Cloud,Medium,Low,Non-outsourcing,2.4957489847783125,2.4957489847783125
VEN-01980,Low,Professional Services,High,Medium,Outsourcing,9.18927217283922,4.032534340489534
VEN-01981,Medium,Facilities,Critical,High,Outsourcing,9.29631674643201,9.29631674643201
VEN-01982,Low,Technology,Medium,Medium,Non-outsourcing,22.54484696803454,13.15404317711837
VEN-01983,Medium,Professional Services,Critical,High,Material outsourcing,6.937631160613818,6.937631160613818
VEN-01984,Low,Telecommunications,Medium,Low,Material outsourcing,20.277043326669524,3.1110798478874275
VEN-01985,Low,Telecommunications,High,Medium,Non-outsourcing,8.499234301046858,3.751389593917405
VEN-01986,High,Cloud,Low,Medium,Material outsourcing,12.064274431717458,12.064274431717458
VEN-01987,Low,Professional Services,Medium,Low,Outsourcing,13.335346458762803,8.11681095582718
VEN-01988,Medium,Cloud,Medium,High,Outsourcing,14.26326664524642,4.215265693130952
VEN-01989,High,Cloud,Critical,Medium,Non-outsourcing,7.93019813217875,1.1446905774806186
VEN-01990,Low,Facilities,Critical,Low,Material outsourcing,9.642147103052965,8.229202667287282
VEN-01991,Low,Technology,Medium,High,Outsourcing,11.45793350710372,7.289298712377073
VEN-01992,Medium,Professional Services,Critical,Medium,Outsourcing,7.956168347813977,7.956168347813977
VEN-01993,Low,Telecommunications,High,High,Non-outsourcing,19.3230468153489,2.7697994677075077
VEN-01994,Low,Facilities,Medium,High,Non-outsourcing,30.813510368555537,4.046680030609851
VEN-01995,Low,Cloud,Low,Low,Material outsourcing,13.14586409964064,9.926009466933705
VEN-01996,Medium,Telecommunications,Low,Medium,Outsourcing,13.081163871387984,0.5129656449559153
VEN-01997,Low,Technology,Low,High,Non-outsourcing,18.64073920925981,4.013285422460129
VEN-01998,Low,Cloud,Low,Low,Outsourcing,16.682665249010803,1.5092596769860864
VEN-01999,Medium,Professional Services,Critical,Medium,Non-outsourcing,11.207475920111186,2.51208168917752
VEN-02000,Low,Telecommunications,Low,High,Material outsourcing,24.453530151150176,9.005911814379639
VEN-02001,Medium,Facilities,High,Low,Material outsourcing,8.163746599314806,4.5739236428633765
VEN-02002,Low,Professional Services,Medium,High,Non-outsourcing,15.92773143741366,2.152103828469916
VEN-02003,High,Technology,Medium,Medium,Outsourcing,9.599904768637344,6.908448686722533
VEN-02004,Medium,Technology,Low,High,Material outsourcing,13.922809601520244,3.307805061334403
VEN-02005,Low,Facilities,Medium,Medium,Material outsourcing,9.102584775247534,4.446806171739293
VEN-02006,Medium,Facilities,Medium,Medium,Outsourcing,24.05767622466873,5.720042347046484
VEN-02007,Low,Facilities,Medium,High,Outsourcing,19.095486243920615,11.31786579941109
VEN-02008,Low,Technology,Low,Low,Outsourcing,13.56700476794539,5.720094849631917
VEN-02009,Low,Facilities,High,Medium,Non-outsourcing,16.81891056632734,3.819477734103242
VEN-02010,Medium,Technology,Low,High,Outsourcing,6.956792705205336,6.659753074257279
VEN-02011,Low,Technology,Medium,High,Non-outsourcing,4.8690881483219215,4.8690881483219215
VEN-02012,Low,Professional Services,Medium,High,Non-outsourcing,8.000967353930232,3.5661085530875263
VEN-02013,Low,Facilities,Low,Medium,Non-outsourcing,23.718359298488192,4.572313739083017
VEN-02014,Low,Facilities,High,Medium,Material outsourcing,9.084658753343012,4.932074679902138
VEN-02015,Low,Cloud,Low,Medium,Non-outsourcing,17.35507241622525,10.14859894934193
VEN-02016,Low,Cloud,Critical,Medium,Non-outsourcing,10.054978351749382,0.5615779788946706
VEN-02017,Low,Professional Services,High,Medium,Non-outsourcing,10.379121014209607,6.42091629783148
VEN-02018,Low,Telecommunications,Medium,Low,Non-outsourcing,9.152998344611952,8.587564426302485
VEN-02019,Low,Technology,Medium,Low,Material outsourcing,8.829582696238324,8.829582696238324
VEN-02020,Low,Cloud,Low,Medium,Non-outsourcing,16.73643213442888,1.4082771808116488
VEN-02021,Medium,Professional Services,Critical,Medium,Non-outsourcing,8.903244184533282,1.3674463221789916
VEN-02022,Low,Telecommunications,Medium,Medium,Material outsourcing,8.774395720105947,3.190514248331978
VEN-02023,Low,Cloud,Low,Low,Non-outsourcing,11.274347051833027,7.743169901549773
VEN-02024,Low,Telecommunications,Medium,High,Outsourcing,9.653277568167386,9.215309903969697
VEN-02025,Low,Cloud,Low,High,Outsourcing,7.277425939549712,1.194231916573615
VEN-02026,Low,Technology,Medium,Medium,Outsourcing,15.824166288606373,5.817537141992097
VEN-02027,Medium,Payments,Medium,High,Non-outsourcing,12.594138584888256,8.899807719951854
VEN-02028,Low,Facilities,Low,High,Outsourcing,8.604468487863237,3.6922238742726528
VEN-02029,Low,Facilities,High,Low,Outsourcing,7.289150011291515,6.131640938312708
VEN-02030,Low,Technology,Medium,Low,Outsourcing,18.825820916123146,1.886227704028132
VEN-02031,Low,Telecommunications,Medium,Low,Non-outsourcing,5.724161858691524,5.724161858691524
VEN-02032,Low,Technology,Medium,Low,Outsourcing,2.598323259144641,2.598323259144641
VEN-02033,Low,Cloud,Critical,Medium,Outsourcing,14.802795722467028,4.073535337818299
VEN-02034,Low,Technology,Medium,Medium,Outsourcing,3.598187524274161,3.598187524274161
VEN-02035,Low,Professional Services,Critical,High,Material outsourcing,11.84895206434575,1.0264031764881147
VEN-02036,Medium,Telecommunications,Medium,Medium,Material outsourcing,12.019236869567962,3.274473935324283
VEN-02037,High,Facilities,High,Medium,Outsourcing,5.159203891762385,5.159203891762385
VEN-02038,Low,Telecommunications,Low,High,Non-outsourcing,5.402472773694751,1.1819371131133565
VEN-02039,Low,Telecommunications,High,High,Non-outsourcing,12.230306070714503,1.317030203198001
VEN-02040,Medium,Cloud,Low,High,Outsourcing,5.31027654384274,3.5417909282685227
VEN-02041,Low,Professional Services,Critical,High,Non-outsourcing,20.790032244857457,4.899486458066559
VEN-02042,Medium,Cloud,Critical,High,Outsourcing,8.662790194518765,5.726867619947636
VEN-02043,Low,Facilities,Medium,Medium,Outsourcing,22.573568064249493,14.371770449809064
VEN-02044,High,Cloud,Medium,High,Outsourcing,20.16121205970425,5.8679033353391565
VEN-02045,High,Telecommunications,Medium,Low,Non-outsourcing,10.593709870306505,6.387283431350896
VEN-02046,Low,Technology,Medium,Medium,Material outsourcing,12.43460901082637,9.97928756754213
VEN-02047,Low,Facilities,High,Medium,Outsourcing,18.268917087727573,2.638051372703244
VEN-02048,Low,Cloud,High,Low,Outsourcing,6.262653081877827,6.262653081877827
VEN-02049,Low,Technology,Medium,Low,Outsourcing,9.076557635726676,7.684936552124428
VEN-02050,Low,Cloud,Low,Low,Non-outsourcing,22.293264565731324,7.00789344094745
VEN-02051,High,Technology,Critical,Medium,Outsourcing,17.2272711033384,5.7353177110205324
VEN-02052,Low,Cloud,Low,Low,Non-outsourcing,9.922616262976524,5.462403209468414
VEN-02053,Low,Telecommunications,Medium,Medium,Outsourcing,12.489615825226338,2.157474648278886
VEN-02054,Medium,Technology,Low,High,Non-outsourcing,7.869790993151977,3.836441780933705
VEN-02055,Low,Telecommunications,Low,Medium,Non-outsourcing,9.486235889425808,9.486235889425808
VEN-02056,Low,Technology,Low,Medium,Non-outsourcing,14.686725753121603,3.215299556731793
VEN-02057,High,Facilities,Medium,Low,Non-outsourcing,9.503166692774531,5.116438202000309
VEN-02058,Low,Cloud,Medium,High,Material outsourcing,15.852035928875136,4.887845696628605
VEN-02059,Low,Payments,Medium,Low,Outsourcing,5.312785320441544,5.312785320441544
VEN-02060,Low,Payments,High,Medium,Non-outsourcing,14.603312560941951,4.859580843873604
VEN-02061,High,Professional Services,High,Medium,Non-outsourcing,6.660392110775504,4.320184514736736
VEN-02062,Low,Professional Services,Low,High,Outsourcing,10.442056463223976,8.719728271836935
VEN-02063,Low,Technology,Low,High,Non-outsourcing,7.618655792126047,5.86065149843625
VEN-02064,Low,Professional Services,Medium,High,Outsourcing,14.62286994984429,5.4688277232696265
VEN-02065,Low,Payments,High,Medium,Non-outsourcing,5.621923915934325,3.381627412660206
VEN-02066,High,Technology,Medium,Medium,Outsourcing,15.946140496821414,3.913635328057286
VEN-02067,Low,Payments,Low,Medium,Material outsourcing,11.214091584530117,6.019137322179342
VEN-02068,High,Technology,High,Low,Non-outsourcing,9.986763502059242,9.263321405972716
VEN-02069,Low,Cloud,Low,Low,Material outsourcing,8.168869658623922,8.168869658623922
VEN-02070,Low,Cloud,Medium,High,Material outsourcing,8.992109268588191,6.346888675811389
VEN-02071,Medium,Professional Services,Low,High,Material outsourcing,19.94051439290135,15.95933980543538
VEN-02072,Low,Cloud,High,Medium,Outsourcing,8.080416071830346,4.153315265744343
VEN-02073,Low,Professional Services,Medium,Low,Material outsourcing,20.01273508883078,4.133633095710689
VEN-02074,Medium,Cloud,High,Low,Outsourcing,23.16801380366163,10.41004560660702
VEN-02075,Low,Payments,Low,Medium,Material outsourcing,9.871266164539596,5.633574821829899
VEN-02076,Low,Payments,Medium,Low,Non-outsourcing,4.8671080335693535,3.461522048867
VEN-02077,High,Telecommunications,Low,Medium,Outsourcing,17.615289194506037,5.009104921625684
VEN-02078,Low,Payments,High,Low,Outsourcing,17.519066238492996,2.390516390738211
VEN-02079,Low,Telecommunications,Low,Low,Non-outsourcing,20.15424906340533,4.502631689070129
VEN-02080,Low,Professional Services,Low,Low,Non-outsourcing,10.82219374807896,2.177751797315066
VEN-02081,Low,Professional Services,High,High,Non-outsourcing,13.115730906148285,2.387616299434643
VEN-02082,Low,Professional Services,Low,Medium,Non-outsourcing,8.933184277602832,5.976203195238628
VEN-02083,Medium,Telecommunications,Low,Medium,Non-outsourcing,8.734071827127933,0.751636077074284
VEN-02084,Low,Technology,High,Medium,Non-outsourcing,12.782454342910109,2.198571705694497
VEN-02085,Medium,Telecommunications,High,High,Non-outsourcing,18.350822922802383,2.898413238237372
VEN-02086,Low,Telecommunications,High,Medium,Outsourcing,16.402239912563793,3.805824068075842
VEN-02087,Low,Telecommunications,Medium,Medium,Non-outsourcing,11.463962209820004,7.282003599144161
VEN-02088,Low,Cloud,Medium,Medium,Non-outsourcing,19.09804946041133,3.7110361666986567
VEN-02089,Medium,Telecommunications,High,Medium,Non-outsourcing,5.698568987276288,5.698568987276288
VEN-02090,Low,Facilities,Low,Medium,Non-outsourcing,32.33591984964582,3.1863955046168817
VEN-02091,Low,Professional Services,High,High,Non-outsourcing,6.035757987054316,0.8186218084720656
VEN-02092,Medium,Professional Services,Low,High,Material outsourcing,10.995835856711516,2.3076386478200237
VEN-02093,Low,Telecommunications,Critical,High,Non-outsourcing,12.683680692648746,5.919615113563096
VEN-02094,Low,Professional Services,Medium,High,Non-outsourcing,12.924301098448616,2.3811139427803942
VEN-02095,High,Facilities,Medium,Low,Outsourcing,18.176681864905127,3.123453915434852
VEN-02096,Low,Technology,Medium,Medium,Material outsourcing,7.189140902478421,7.189140902478421
VEN-02097,Low,Payments,Low,Low,Outsourcing,13.351717707871432,12.33446970578211
VEN-02098,Low,Payments,Medium,Low,Non-outsourcing,15.749675547261084,1.6499664864154715
VEN-02099,Low,Professional Services,High,Medium,Outsourcing,19.44904570294535,4.289912961375297
VEN-02100,Low,Facilities,Medium,Medium,Outsourcing,9.816173759862345,5.827633524458955
VEN-02101,Medium,Telecommunications,Medium,Medium,Non-outsourcing,12.107417304043413,8.97013900461879
VEN-02102,Low,Professional Services,Low,High,Material outsourcing,11.296732953357935,3.6815480871174646
VEN-02103,Medium,Technology,High,Medium,Material outsourcing,15.378542510845492,5.796404255752619
VEN-02104,High,Facilities,Medium,High,Outsourcing,15.428103155350884,9.971399033460344
VEN-02105,Low,Technology,Low,High,Non-outsourcing,9.61075764263317,5.113946639034531
VEN-02106,Medium,Cloud,Critical,High,Outsourcing,11.18937047349499,0.4392426307451033
VEN-02107,Medium,Telecommunications,Medium,Low,Material outsourcing,11.605012005868993,4.260151752981859
VEN-02108,High,Payments,Medium,Medium,Material outsourcing,6.577421584644206,2.7334443624968263
VEN-02109,Low,Payments,Critical,Medium,Non-outsourcing,13.716518085703688,2.8796836979402376
VEN-02110,Low,Technology,Medium,High,Non-outsourcing,13.45538066291162,3.0554319616300902
VEN-02111,Low,Professional Services,Critical,Low,Non-outsourcing,6.614082399103006,0.7323279000394988
VEN-02112,Low,Technology,High,Medium,Outsourcing,14.166807481885986,11.82083644719495
VEN-02113,Low,Cloud,Medium,Medium,Outsourcing,34.609284890056216,9.33117117924419
VEN-02114,Low,Technology,Low,Medium,Non-outsourcing,7.622553754770031,7.622553754770031
VEN-02115,Low,Facilities,Low,High,Non-outsourcing,6.577941381236365,6.577941381236365
VEN-02116,High,Facilities,Medium,Low,Non-outsourcing,15.652444343033176,5.659610062297181
VEN-02117,Low,Payments,Low,Medium,Material outsourcing,9.580197702293212,3.4254290895203927
VEN-02118,Low,Telecommunications,Low,Medium,Non-outsourcing,18.204757987241717,6.742431823044703
VEN-02119,Low,Technology,Medium,Medium,Non-outsourcing,10.92588045940237,6.933634742417909
VEN-02120,Low,Cloud,High,Low,Outsourcing,8.414725232168271,3.4158550718369587
VEN-02121,Low,Telecommunications,Low,Medium,Outsourcing,10.836707653696289,3.345778043654976
VEN-02122,Low,Facilities,High,Medium,Outsourcing,15.426111952579776,4.710719021742154
VEN-02123,Low,Cloud,Critical,High,Outsourcing,15.17008804549888,3.1671838991376817
VEN-02124,Low,Professional Services,High,Medium,Non-outsourcing,5.364795836269213,5.364795836269213
VEN-02125,Low,Payments,High,High,Non-outsourcing,15.40425921435762,1.9286560279351384
VEN-02126,Low,Technology,High,Low,Non-outsourcing,11.773352175952612,7.991848724297929
VEN-02127,Low,Cloud,Low,High,Outsourcing,12.257082413976626,11.0611076637201
VEN-02128,Low,Professional Services,Medium,Medium,Material outsourcing,13.721473193595845,13.721473193595845
VEN-02129,Low,Telecommunications,Critical,Medium,Non-outsourcing,6.512961987106717,6.512961987106717
VEN-02130,Low,Payments,High,Medium,Outsourcing,5.244514497490837,5.244514497490837
VEN-02131,Low,Cloud,High,Low,Outsourcing,5.464819275741071,5.464819275741071
VEN-02132,Medium,Cloud,Critical,Low,Material outsourcing,17.66140050818172,1.6590232320480154
VEN-02133,High,Payments,Low,High,Outsourcing,17.590271810781587,5.385295178478569
VEN-02134,High,Professional Services,Medium,High,Non-outsourcing,2.9265691490696155,2.9265691490696155
VEN-02135,Low,Telecommunications,Medium,Low,Outsourcing,11.176944150339557,11.176944150339557
VEN-02136,Low,Payments,Low,Medium,Outsourcing,8.806048672175452,4.095640993431439
VEN-02137,Low,Technology,Medium,Medium,Outsourcing,6.952970635108201,0.9305996303286432
VEN-02138,Medium,Payments,High,Medium,Material outsourcing,19.33850501946626,6.818663164700034
VEN-02139,Medium,Facilities,Medium,Medium,Non-outsourcing,21.20185792775849,1.5710316713049095
VEN-02140,Medium,Technology,Medium,High,Outsourcing,12.547557244621682,6.694663605960833
VEN-02141,Medium,Professional Services,High,Medium,Non-outsourcing,8.536047280109061,7.22405907068863
VEN-02142,Low,Cloud,Low,Medium,Non-outsourcing,9.326364312558022,9.326364312558022
VEN-02143,Medium,Technology,High,Medium,Non-outsourcing,6.34548714545787,1.0303939379816616
VEN-02144,Medium,Technology,Low,Medium,Non-outsourcing,9.249660274154198,9.027212962407066
VEN-02145,Low,Professional Services,High,Low,Non-outsourcing,7.431979958344932,4.741292539948443
VEN-02146,High,Technology,Medium,High,Outsourcing,20.528538852484665,13.813475313025409
VEN-02147,Low,Technology,Medium,Medium,Material outsourcing,4.227755780481983,4.227755780481983
VEN-02148,High,Payments,Medium,High,Non-outsourcing,16.691852033915804,5.689447270832385
VEN-02149,Medium,Technology,Low,High,Non-outsourcing,7.175448385820378,2.665253743886119
VEN-02150,Low,Telecommunications,Medium,Medium,Non-outsourcing,15.33682064752076,5.075937079102398
VEN-02151,Medium,Technology,High,Medium,Non-outsourcing,10.60949121571364,10.429393724710415
VEN-02152,Low,Facilities,High,Low,Non-outsourcing,16.81904063565498,5.098914581040738
VEN-02153,Medium,Telecommunications,Low,Medium,Outsourcing,5.60702398370194,4.984084647692288
VEN-02154,Medium,Facilities,High,Medium,Material outsourcing,8.339508827154182,5.1645638571049215
VEN-02155,Low,Facilities,High,Low,Outsourcing,9.61537772313555,3.429739856325492
VEN-02156,Medium,Professional Services,High,Low,Outsourcing,11.714885142597453,2.445884261929827
VEN-02157,Low,Cloud,Medium,High,Outsourcing,11.62855225129234,2.7518463083814213
VEN-02158,Low,Technology,Low,Medium,Non-outsourcing,6.3133917977630585,5.486718543339188
VEN-02159,Low,Technology,Critical,Medium,Non-outsourcing,5.391513460924773,5.391513460924773
VEN-02160,Low,Cloud,Medium,Low,Non-outsourcing,9.914569980774145,6.003209201665464
VEN-02161,Low,Technology,Medium,Medium,Non-outsourcing,10.972315964341613,10.55780192567847
VEN-02162,Low,Payments,High,Medium,Material outsourcing,9.642753191894323,9.642753191894323
VEN-02163,Low,Payments,Medium,High,Outsourcing,4.22113813713926,4.22113813713926
VEN-02164,Low,Technology,High,Medium,Outsourcing,11.208149752841273,11.208149752841273
VEN-02165,Medium,Technology,Low,Low,Non-outsourcing,14.066375330949048,1.755012643370726
VEN-02166,Low,Facilities,High,Medium,Non-outsourcing,12.537022920688234,7.570053828286314
VEN-02167,Medium,Facilities,Critical,Low,Material outsourcing,10.418604147741922,3.859826415687334
VEN-02168,Low,Technology,Critical,High,Non-outsourcing,12.042899377493406,2.850450202072021
VEN-02169,Low,Cloud,Critical,Low,Outsourcing,7.573803879655891,4.491927813344008
VEN-02170,Low,Technology,High,Low,Non-outsourcing,19.347296848403246,13.198203134255207
VEN-02171,Low,Telecommunications,Medium,Medium,Non-outsourcing,8.718712169619884,8.718712169619884
VEN-02172,Low,Telecommunications,Critical,Low,Non-outsourcing,14.28133754917857,5.526150549108899
VEN-02173,Low,Facilities,Critical,Medium,Material outsourcing,22.363199765550537,8.375333401490522
VEN-02174,Low,Professional Services,Medium,Medium,Non-outsourcing,10.212418035306383,6.914055266825178
VEN-02175,Low,Technology,Medium,High,Outsourcing,17.174348451147708,4.49910637475505
VEN-02176,Low,Payments,Low,Low,Non-outsourcing,8.618267320224179,3.153821458363263
VEN-02177,Low,Cloud,Medium,Medium,Outsourcing,17.248982690338497,5.0720771843467904
VEN-02178,Medium,Professional Services,High,Medium,Outsourcing,20.547737501501143,8.730241022042486
VEN-02179,Low,Technology,Medium,Low,Outsourcing,7.26456159420074,7.26456159420074
VEN-02180,High,Telecommunications,Medium,Medium,Non-outsourcing,16.36333047060467,7.623455336801647
VEN-02181,Medium,Telecommunications,Medium,High,Non-outsourcing,22.76409368146458,3.603726851763014
VEN-02182,High,Technology,Low,High,Material outsourcing,13.01646559931999,2.560802946980327
VEN-02183,Medium,Technology,Critical,High,Outsourcing,18.735587093460808,6.753662677192826
VEN-02184,Low,Technology,Medium,Medium,Non-outsourcing,20.77334148056086,1.062832207520368
VEN-02185,Low,Technology,Low,Medium,Non-outsourcing,17.503727742330337,17.503727742330337
VEN-02186,Low,Facilities,Low,High,Non-outsourcing,7.668458308459337,7.527052437217219
VEN-02187,Medium,Technology,High,Low,Outsourcing,13.8801338261591,11.798595791124054
VEN-02188,Low,Facilities,High,Medium,Non-outsourcing,14.71079049290169,10.052560450757577
VEN-02189,Low,Payments,Low,High,Non-outsourcing,3.908108395589065,3.908108395589065
VEN-02190,High,Cloud,Low,High,Non-outsourcing,10.62895560425826,7.135978758193047
VEN-02191,Low,Telecommunications,Medium,High,Outsourcing,12.077266909746522,9.037740381645516
VEN-02192,Low,Professional Services,Low,Low,Material outsourcing,14.189417657825263,4.217743659405067
VEN-02193,Medium,Professional Services,High,Medium,Outsourcing,6.65328239014908,5.591929123647309
VEN-02194,Low,Technology,Low,Low,Outsourcing,10.211178635503714,9.372096812287705
VEN-02195,Low,Technology,Medium,High,Outsourcing,12.535945957400902,1.7509990041962935
VEN-02196,Medium,Facilities,Medium,Medium,Non-outsourcing,9.170679369503231,5.462901705775397
VEN-02197,Low,Technology,Medium,Low,Outsourcing,3.855270825176494,3.855270825176494
VEN-02198,Low,Facilities,Medium,High,Non-outsourcing,19.78377604722776,0.999516125884356
VEN-02199,Low,Professional Services,Low,Medium,Non-outsourcing,26.651764941070432,7.932354177298953
VEN-02200,Medium,Technology,Low,Medium,Outsourcing,13.357462547387511,6.333030567210462
VEN-02201,Low,Facilities,Low,High,Non-outsourcing,13.479077897149873,5.455967011648518
VEN-02202,High,Facilities,Low,Medium,Outsourcing,11.020120662486551,10.525182288924166
VEN-02203,Medium,Telecommunications,Critical,Medium,Outsourcing,5.431088721721468,5.431088721721468
VEN-02204,Low,Payments,Medium,Low,Non-outsourcing,4.4993384362217625,4.4993384362217625
VEN-02205,Low,Facilities,Medium,Low,Non-outsourcing,2.1096778794755835,2.1096778794755835
VEN-02206,Low,Cloud,Low,Low,Outsourcing,19.05050244934195,4.128920206195337
VEN-02207,Medium,Payments,High,Medium,Outsourcing,25.23163546048378,6.235302930677673
VEN-02208,Low,Cloud,Critical,Medium,Outsourcing,13.992762038153874,7.39757025432367
VEN-02209,Low,Telecommunications,High,Medium,Non-outsourcing,9.112464615901487,8.593114050341477
VEN-02210,Low,Professional Services,Medium,Medium,Outsourcing,10.208495139995575,2.845418314085625
VEN-02211,High,Cloud,High,Low,Non-outsourcing,14.977166309081024,7.080923870021334
VEN-02212,Low,Cloud,Medium,Medium,Non-outsourcing,18.57190501806835,11.298376275169067
VEN-02213,Medium,Payments,High,High,Outsourcing,11.123036526926306,3.136050352533739
VEN-02214,Low,Cloud,High,Low,Non-outsourcing,9.517508661969964,0.9488653979725356
VEN-02215,High,Technology,Low,Medium,Non-outsourcing,6.596013521280592,0.5124004226651266
VEN-02216,Low,Technology,Medium,Low,Non-outsourcing,8.590261800621121,4.096311090374825
VEN-02217,Low,Technology,Medium,Medium,Outsourcing,14.533622720022684,2.4480102774581662
VEN-02218,High,Professional Services,Low,Medium,Material outsourcing,12.936423904343698,7.7152038256681506
VEN-02219,High,Cloud,High,Low,Material outsourcing,12.403450714980774,6.898878930042211
VEN-02220,Low,Facilities,Low,Medium,Non-outsourcing,6.729445018171397,1.1838095103628952
VEN-02221,Low,Facilities,High,High,Outsourcing,9.945932307696204,9.945932307696204
VEN-02222,Low,Technology,Critical,Low,Outsourcing,16.46933987845237,3.3454737507407564
VEN-02223,Low,Facilities,Medium,Medium,Non-outsourcing,21.89066062897108,2.7131786539568914
VEN-02224,Low,Professional Services,Medium,Medium,Non-outsourcing,16.06883057604056,6.667586231924086
VEN-02225,Medium,Professional Services,Medium,Low,Non-outsourcing,18.537406623867952,3.8763388388304847
VEN-02226,Low,Payments,High,Medium,Outsourcing,3.919537966830825,3.919537966830825
VEN-02227,Medium,Payments,Low,Medium,Outsourcing,20.08946668780361,4.901061731063176
VEN-02228,Low,Cloud,Low,Low,Non-outsourcing,13.897379612593998,11.767730383250427
VEN-02229,Low,Facilities,Medium,High,Non-outsourcing,12.46370752211381,6.370937629791641
VEN-02230,Medium,Professional Services,Critical,Medium,Outsourcing,13.08847738889077,4.504071639924542
VEN-02231,Low,Technology,Medium,Medium,Outsourcing,23.96845205669448,5.330803618255598
VEN-02232,Medium,Telecommunications,Medium,Low,Non-outsourcing,8.926792747564319,8.926792747564319
VEN-02233,Low,Professional Services,Critical,Low,Non-outsourcing,13.09496540960247,2.870709349510567
VEN-02234,High,Professional Services,Low,Medium,Material outsourcing,10.556274253790816,7.988583108010645
VEN-02235,Medium,Telecommunications,Low,Medium,Outsourcing,6.930546814388855,5.539028135096659
VEN-02236,Medium,Technology,Medium,Low,Outsourcing,4.8915475605956535,4.8915475605956535
VEN-02237,Low,Facilities,Low,Medium,Outsourcing,6.869923991759514,2.459806888817828
VEN-02238,Low,Cloud,Low,Medium,Material outsourcing,7.816834607518411,4.115314761808273
VEN-02239,Low,Professional Services,Medium,Medium,Non-outsourcing,10.794077391154635,3.540680805420552
VEN-02240,Low,Technology,High,High,Non-outsourcing,18.537579697586786,5.519195818817106
VEN-02241,Low,Payments,Medium,Medium,Non-outsourcing,6.881377598211799,1.8172270737781475
VEN-02242,Low,Technology,Medium,Medium,Outsourcing,7.743829336449549,0.8648871893937404
VEN-02243,Low,Facilities,Medium,High,Non-outsourcing,23.72271818098927,3.856600469176564
VEN-02244,Low,Professional Services,Medium,Medium,Non-outsourcing,9.074332661098454,9.074332661098454
VEN-02245,Low,Technology,High,High,Non-outsourcing,8.244854327341521,7.528372342830268
VEN-02246,Low,Telecommunications,High,High,Outsourcing,8.408248333058587,5.138736592271598
VEN-02247,Low,Payments,High,Medium,Outsourcing,11.97463818421233,2.5980344908919437
VEN-02248,Low,Professional Services,High,Medium,Non-outsourcing,10.856334261319258,0.4625373570590036
VEN-02249,Low,Cloud,High,High,Non-outsourcing,7.938568006069943,3.3269709966343286
VEN-02250,Low,Technology,Low,High,Outsourcing,9.340554012192111,4.659012278374312
VEN-02251,Low,Payments,Critical,Low,Non-outsourcing,16.720375660841075,2.2036003965868427
VEN-02252,Medium,Payments,High,Low,Outsourcing,12.752708170490308,7.165699044144023
VEN-02253,Low,Facilities,Medium,Medium,Non-outsourcing,20.885402358454897,7.048717444153285
VEN-02254,Low,Payments,Low,High,Material outsourcing,9.836452643139303,3.809409743661397
VEN-02255,High,Cloud,Medium,High,Non-outsourcing,16.68942669541656,4.857307687309244
VEN-02256,Low,Technology,Medium,High,Outsourcing,16.973963849982695,4.786690013655605
VEN-02257,High,Cloud,High,Low,Non-outsourcing,7.686946401012198,6.737334735539377
VEN-02258,Medium,Facilities,Medium,High,Non-outsourcing,13.58421107075663,2.8039430936370557
VEN-02259,Low,Technology,Low,Low,Outsourcing,11.55711447820578,11.55711447820578
VEN-02260,Low,Technology,Low,Medium,Outsourcing,4.0525686939142895,1.8072424511329124
VEN-02261,Medium,Technology,High,Medium,Outsourcing,5.041565328546502,2.8349204636119816
VEN-02262,High,Payments,Low,Medium,Outsourcing,12.200813308328987,6.0994329428203145
VEN-02263,Low,Payments,High,Medium,Outsourcing,4.248759669754939,4.248759669754939
VEN-02264,Low,Facilities,Medium,Low,Material outsourcing,3.701188168656537,3.594206787483953
VEN-02265,Low,Payments,Medium,Low,Non-outsourcing,11.418178522375811,2.5264380536362494
VEN-02266,Low,Telecommunications,Medium,High,Material outsourcing,2.7663390783474453,2.7663390783474453
VEN-02267,Medium,Payments,Low,Low,Non-outsourcing,6.305244879637481,6.305244879637481
VEN-02268,Low,Payments,High,Medium,Non-outsourcing,11.39225971723574,8.40338525611423
VEN-02269,Medium,Payments,High,Low,Outsourcing,10.43296381361528,7.50372500365911
VEN-02270,Medium,Payments,Low,Medium,Non-outsourcing,10.430045725020031,10.430045725020031
VEN-02271,Low,Cloud,Medium,Low,Non-outsourcing,14.847545624110086,8.431226716845163
VEN-02272,Low,Payments,High,Medium,Non-outsourcing,17.89350624927774,9.51941330612511
VEN-02273,Medium,Payments,High,Medium,Outsourcing,18.79166621334905,10.11915584522504
VEN-02274,Medium,Cloud,Medium,Medium,Outsourcing,24.74923476510652,2.2979024722017773
VEN-02275,Medium,Facilities,High,High,Non-outsourcing,2.973740243372492,2.973740243372492
VEN-02276,Low,Payments,Low,Low,Non-outsourcing,7.40409932543883,2.8743687734948664
VEN-02277,Low,Cloud,Low,High,Non-outsourcing,6.077468029516629,3.077769443939114
VEN-02278,Low,Payments,High,Low,Non-outsourcing,25.135427497161835,4.070115738954533
VEN-02279,Medium,Technology,High,High,Non-outsourcing,11.51542367404468,6.630557339253395
VEN-02280,Low,Professional Services,High,Low,Non-outsourcing,10.69804495403992,10.69804495403992
VEN-02281,Low,Telecommunications,Low,Medium,Outsourcing,8.805811776584463,7.919494183933072
VEN-02282,Low,Payments,Medium,Medium,Outsourcing,8.559213213549507,7.025967866616354
VEN-02283,Low,Telecommunications,High,Medium,Non-outsourcing,8.531752431847162,4.136340569862245
VEN-02284,Medium,Technology,Low,High,Non-outsourcing,8.917286184567915,8.917286184567915
VEN-02285,Low,Telecommunications,Medium,Low,Non-outsourcing,8.461831754293204,1.6975306506731502
VEN-02286,Low,Technology,Medium,Medium,Non-outsourcing,22.230912563862265,8.572416105129408
VEN-02287,Medium,Professional Services,Low,High,Non-outsourcing,29.297738708217985,0.9455927528963496
VEN-02288,Medium,Facilities,Medium,High,Material outsourcing,28.422557907064597,5.802911521442214
VEN-02289,Low,Payments,Low,Medium,Outsourcing,3.9499620614979785,3.9499620614979785
VEN-02290,Low,Facilities,Critical,Medium,Outsourcing,7.881685456102362,5.371714706058605
VEN-02291,High,Telecommunications,Low,High,Non-outsourcing,2.5930698454367467,2.5930698454367467
VEN-02292,Medium,Facilities,Low,High,Outsourcing,3.401274927234641,2.591808165682255
VEN-02293,Low,Professional Services,Low,High,Material outsourcing,28.937422134386388,0.4336501609304932
VEN-02294,Low,Telecommunications,Low,High,Non-outsourcing,13.380011962629258,1.8133015261127845
VEN-02295,Low,Telecommunications,Low,Medium,Outsourcing,16.468073233623443,4.21212102838541
VEN-02296,Low,Payments,Medium,Medium,Non-outsourcing,10.26015395069772,6.652155139619589
VEN-02297,Medium,Telecommunications,Low,Medium,Outsourcing,10.721641735803155,3.2844486461652243
VEN-02298,Low,Cloud,Medium,Low,Non-outsourcing,19.785535740136545,5.825572293997738
VEN-02299,Low,Telecommunications,Low,High,Outsourcing,11.45852060458686,7.557627576864159
VEN-02300,Medium,Telecommunications,Medium,Medium,Non-outsourcing,11.702951654078095,2.7302081484794845
VEN-02301,High,Telecommunications,Low,Low,Outsourcing,15.776847894876944,2.7940930530475585
VEN-02302,Medium,Telecommunications,Medium,Medium,Outsourcing,14.83793859853601,1.5046533730031837
VEN-02303,Low,Payments,High,Medium,Outsourcing,11.25685658349854,11.25685658349854
VEN-02304,Low,Telecommunications,High,Low,Outsourcing,8.690045412284036,8.690045412284036
VEN-02305,Low,Payments,Low,Medium,Non-outsourcing,8.344200939514035,5.785408806275716
VEN-02306,Low,Professional Services,High,Medium,Outsourcing,18.936024565594277,1.9534844814652423
VEN-02307,Low,Cloud,High,Medium,Non-outsourcing,11.832360990226276,11.832360990226276
VEN-02308,Low,Payments,Low,Low,Outsourcing,7.31576250140249,2.7978667768669143
VEN-02309,Low,Cloud,Medium,Medium,Non-outsourcing,17.396301268541325,1.5724929576624886
VEN-02310,Medium,Professional Services,High,Low,Outsourcing,11.149656344679132,2.7392389783620086
VEN-02311,High,Payments,Medium,High,Non-outsourcing,3.8589301687542648,2.4775531784976774
VEN-02312,Low,Technology,Medium,Low,Material outsourcing,7.553235537698548,2.0341628638536857
VEN-02313,Low,Facilities,Medium,High,Outsourcing,11.168963360030531,3.249711780432824
VEN-02314,Low,Professional Services,Low,Low,Non-outsourcing,4.380936913049192,4.380936913049192
VEN-02315,Low,Facilities,Critical,Low,Outsourcing,13.048766437584849,8.50574772137421
VEN-02316,Low,Technology,Low,Medium,Non-outsourcing,14.199285066619243,4.420591470485364
VEN-02317,Low,Payments,Low,High,Non-outsourcing,18.1817161931132,4.443007441404293
VEN-02318,Medium,Technology,Low,High,Non-outsourcing,12.391751051841986,4.343336074884337
VEN-02319,Low,Payments,Medium,Medium,Outsourcing,7.780553336314298,1.5728123767809667
VEN-02320,High,Cloud,High,Medium,Material outsourcing,3.9359944463247496,3.9359944463247496
VEN-02321,Low,Technology,High,Low,Material outsourcing,3.8286704278063066,3.8286704278063066
VEN-02322,Low,Telecommunications,Critical,Medium,Non-outsourcing,10.135664093324626,10.135664093324626
VEN-02323,Low,Technology,Medium,Medium,Non-outsourcing,10.131822720461065,3.955066702151559
VEN-02324,Low,Facilities,Medium,High,Outsourcing,4.284727602841935,4.284727602841935
VEN-02325,Low,Cloud,Medium,Medium,Non-outsourcing,12.879957344534072,9.055258404440956
VEN-02326,High,Professional Services,Low,High,Outsourcing,8.76322514318134,2.1338226781828635
VEN-02327,Low,Payments,Critical,High,Material outsourcing,6.395746089497985,2.80375888103004
VEN-02328,Low,Facilities,Medium,Low,Non-outsourcing,5.43592540432015,5.43592540432015
VEN-02329,Low,Payments,Medium,Medium,Non-outsourcing,22.33250524270608,4.441417743597516
VEN-02330,Low,Cloud,Medium,High,Material outsourcing,3.5656268664810256,1.8285537702354693
VEN-02331,Low,Cloud,High,Medium,Outsourcing,25.37647243469015,5.529720442531088
VEN-02332,Low,Facilities,Low,Medium,Material outsourcing,6.609520280554251,5.625133044829625
VEN-02333,Medium,Facilities,High,High,Outsourcing,26.581942944490777,8.984799351183122
VEN-02334,Low,Facilities,High,Low,Non-outsourcing,4.062613272861123,3.4891208520715398
VEN-02335,Low,Telecommunications,High,High,Outsourcing,13.48921035316339,2.8691486693920814
VEN-02336,Medium,Professional Services,Low,Medium,Outsourcing,20.188967690031028,1.4820999831082775
VEN-02337,Medium,Cloud,Low,Medium,Material outsourcing,20.414912500886643,6.240944023504733
VEN-02338,Low,Professional Services,Medium,Medium,Outsourcing,13.45350714174442,5.755998555046378
VEN-02339,Low,Technology,High,Medium,Outsourcing,12.484958913307086,12.484958913307086
VEN-02340,Low,Telecommunications,Critical,Low,Non-outsourcing,4.67211381890521,4.67211381890521
VEN-02341,Low,Facilities,Medium,Low,Non-outsourcing,17.452331003118125,3.507394441637664
VEN-02342,Low,Cloud,Low,Medium,Material outsourcing,19.193488880896123,5.2823491497334585
VEN-02343,Medium,Professional Services,Low,Medium,Material outsourcing,11.296695827753636,1.7941669031817815
VEN-02344,Low,Professional Services,Medium,Medium,Outsourcing,12.252231195906576,3.932063952850195
VEN-02345,Medium,Facilities,Low,Low,Material outsourcing,36.48652863947868,5.926913864603028
VEN-02346,Low,Professional Services,Medium,Low,Non-outsourcing,4.956861317464958,4.956861317464958
VEN-02347,Medium,Telecommunications,High,Low,Outsourcing,13.654002055088668,2.4609571935788943
VEN-02348,Medium,Professional Services,Medium,Medium,Outsourcing,17.231884616451698,11.69694453973665
VEN-02349,Low,Telecommunications,Medium,Low,Outsourcing,3.776629783065953,3.776629783065953
VEN-02350,Low,Professional Services,Low,Low,Outsourcing,4.005486786895867,4.005486786895867
VEN-02351,Low,Payments,Low,Medium,Outsourcing,7.304730329354202,5.1493986552398425
VEN-02352,Medium,Cloud,High,Medium,Material outsourcing,7.644761282463399,3.070439097220204
VEN-02353,Low,Facilities,Medium,Medium,Non-outsourcing,7.010513926389587,7.010513926389587
VEN-02354,Low,Telecommunications,Low,Low,Outsourcing,7.802785891488035,3.7258697067384094
VEN-02355,Low,Facilities,Low,High,Non-outsourcing,7.922908670282942,7.922908670282942
VEN-02356,Medium,Professional Services,Low,Medium,Non-outsourcing,11.205572500856055,1.9253608224902128
VEN-02357,Low,Cloud,High,Medium,Outsourcing,6.499197594331734,2.341566246297428
VEN-02358,Low,Professional Services,Medium,Low,Outsourcing,9.513740694873569,0.9590528687606132
VEN-02359,High,Cloud,Medium,Low,Material outsourcing,10.907038796735574,4.755674045177001
VEN-02360,Low,Professional Services,Medium,Medium,Non-outsourcing,8.802184999712392,6.19713324534121
VEN-02361,Medium,Technology,Low,Low,Non-outsourcing,13.638834898474547,5.275803807570506
VEN-02362,Low,Technology,Medium,Medium,Outsourcing,21.688282570542817,1.4636463693127002
VEN-02363,Low,Cloud,Low,Medium,Material outsourcing,4.845557342857028,2.3768175603445947
VEN-02364,Medium,Facilities,Critical,Low,Material outsourcing,6.200137125281424,6.200137125281424
VEN-02365,Medium,Professional Services,Low,Low,Material outsourcing,16.06887528535272,3.443489900415836
VEN-02366,Medium,Telecommunications,Medium,Low,Outsourcing,12.751905587304666,5.454034952471044
VEN-02367,Low,Facilities,Low,Medium,Material outsourcing,16.719884670060843,3.2598105427920627
VEN-02368,Low,Facilities,High,Low,Non-outsourcing,15.530921076816927,7.765114722892223
VEN-02369,Low,Telecommunications,Low,Medium,Material outsourcing,7.756215689052807,3.2863178260371324
VEN-02370,Low,Payments,Critical,Medium,Outsourcing,22.53507088815312,4.480468615771717
VEN-02371,Low,Technology,Low,Medium,Non-outsourcing,22.81717553693619,9.801852832916406
VEN-02372,Low,Telecommunications,High,High,Outsourcing,6.3157509228109765,5.351848054531413
VEN-02373,Low,Technology,High,High,Outsourcing,20.980592008391277,2.600990526249211
VEN-02374,Low,Telecommunications,Low,Medium,Non-outsourcing,22.106168265476438,6.974125846322104
VEN-02375,Low,Technology,Low,Medium,Non-outsourcing,26.161343107941452,1.4612431309886844
VEN-02376,Low,Payments,Medium,Medium,Outsourcing,15.69485281895265,2.5166467802432457
VEN-02377,Medium,Telecommunications,High,High,Material outsourcing,9.210354765392124,1.576757654476922
VEN-02378,Low,Facilities,High,Medium,Outsourcing,7.471788294340192,7.471788294340192
VEN-02379,Low,Telecommunications,Low,Low,Non-outsourcing,9.21200565952946,6.646325664712817
VEN-02380,Medium,Facilities,Medium,High,Outsourcing,5.267561306698423,5.267561306698423
VEN-02381,Medium,Technology,Low,Low,Non-outsourcing,13.791415172498365,5.996449326068827
VEN-02382,Low,Cloud,Low,High,Non-outsourcing,10.092938099568544,10.092938099568544
VEN-02383,Low,Payments,Medium,Low,Non-outsourcing,4.694502790317621,4.694502790317621
VEN-02384,Low,Technology,Medium,Low,Outsourcing,7.564568789534777,3.4082270381789304
VEN-02385,Low,Cloud,Low,High,Non-outsourcing,20.10594192988064,2.685867049505801
VEN-02386,Medium,Payments,High,Medium,Non-outsourcing,13.925663487594438,5.843906035880661
VEN-02387,High,Facilities,High,Medium,Non-outsourcing,7.088049978948505,7.088049978948505
VEN-02388,Low,Professional Services,High,High,Outsourcing,25.81352910069201,1.8751457982186128
VEN-02389,Medium,Telecommunications,Low,High,Non-outsourcing,12.965799436945169,7.235111467579262
VEN-02390,Low,Technology,Critical,Medium,Non-outsourcing,5.604722584054334,4.4793317386182006
VEN-02391,Low,Technology,Medium,High,Outsourcing,9.23795744281938,9.23795744281938
VEN-02392,Medium,Professional Services,Medium,Medium,Outsourcing,4.503284903011133,1.294335607053269
VEN-02393,Low,Professional Services,Low,Low,Outsourcing,22.515893633193443,14.174088449294826
VEN-02394,Low,Telecommunications,High,High,Outsourcing,17.002702981133382,4.438401379638834
VEN-02395,Low,Facilities,Medium,Medium,Outsourcing,7.260315365445121,1.0785282525054904
VEN-02396,High,Technology,High,High,Outsourcing,3.27066863797102,1.8420111556958008
VEN-02397,Low,Cloud,High,Low,Outsourcing,16.859822458502904,15.414100251366982
VEN-02398,Low,Professional Services,High,Low,Outsourcing,12.746856624719769,7.213952384519702
VEN-02399,Low,Cloud,High,Low,Non-outsourcing,20.7835011904771,4.091871773547198
VEN-02400,Low,Cloud,Critical,Medium,Non-outsourcing,2.564781567944209,2.564781567944209
VEN-02401,Low,Technology,Low,High,Non-outsourcing,16.014237963910794,5.73646028073007
VEN-02402,Medium,Facilities,Low,Medium,Non-outsourcing,10.69086852803806,9.234493336891004
VEN-02403,Medium,Professional Services,High,Low,Material outsourcing,31.341727706061675,2.3498060675183736
VEN-02404,Medium,Professional Services,Medium,Medium,Non-outsourcing,5.347032352471992,3.975979532188557
VEN-02405,Medium,Payments,Medium,Medium,Outsourcing,17.80201559810835,5.672355387710955
VEN-02406,Low,Facilities,High,Medium,Material outsourcing,16.22334827477305,3.6326414325706913
VEN-02407,Low,Professional Services,Medium,Medium,Outsourcing,4.646982346469471,4.646982346469471
VEN-02408,Low,Payments,High,Low,Non-outsourcing,9.457251552461058,7.074892936509579
VEN-02409,Low,Payments,Medium,Medium,Material outsourcing,15.078354030013184,1.8328809259550247
VEN-02410,High,Technology,High,Medium,Non-outsourcing,7.279404194604959,4.279794814906439
VEN-02411,Medium,Cloud,Low,Low,Non-outsourcing,7.401801655912877,2.738914369067317
VEN-02412,High,Telecommunications,Medium,Medium,Non-outsourcing,18.88449910489766,7.188080054384908
VEN-02413,Low,Professional Services,High,Medium,Non-outsourcing,27.645620188755075,3.617380005625619
VEN-02414,Low,Professional Services,Low,Medium,Outsourcing,18.040549942613552,1.0789532217680209
VEN-02415,Low,Technology,Medium,Low,Non-outsourcing,4.885748306394494,4.885748306394494
VEN-02416,Low,Payments,Medium,Low,Outsourcing,1.597474896485639,1.597474896485639
VEN-02417,Low,Cloud,Medium,High,Non-outsourcing,5.807720547624864,5.807720547624864
VEN-02418,Low,Technology,Medium,Low,Material outsourcing,15.932058999888454,2.0775718444680686
VEN-02419,Low,Technology,Low,High,Non-outsourcing,16.947317368358007,2.8764920204245303
VEN-02420,High,Cloud,High,Medium,Material outsourcing,8.955895232289674,4.138412833682886
VEN-02421,Low,Facilities,Low,Medium,Non-outsourcing,5.753866583179393,5.753866583179393
VEN-02422,Low,Technology,Medium,High,Material outsourcing,9.413159195248875,9.413159195248875
VEN-02423,Medium,Professional Services,Medium,Medium,Outsourcing,3.723049243148989,3.723049243148989
VEN-02424,Low,Telecommunications,Low,Low,Outsourcing,1.013347130493865,1.013347130493865
VEN-02425,High,Professional Services,Low,Low,Non-outsourcing,13.20358486560794,1.3817610650859278
VEN-02426,Medium,Professional Services,Critical,Medium,Outsourcing,12.41662642733337,2.9047582947355504
VEN-02427,Low,Facilities,High,Medium,Outsourcing,5.530252740533399,3.6896734953054056
VEN-02428,Medium,Facilities,Low,High,Outsourcing,18.207926419579337,4.1295017176224444
VEN-02429,Low,Cloud,High,Medium,Outsourcing,11.459210884085076,7.726052037257756
VEN-02430,Medium,Payments,Medium,Medium,Material outsourcing,6.920550797292989,6.920550797292989
VEN-02431,Medium,Payments,Low,Medium,Material outsourcing,13.486798782075258,3.034659001427672
VEN-02432,Medium,Technology,High,Low,Outsourcing,30.92654165159719,7.165646347654345
VEN-02433,Low,Facilities,Medium,High,Non-outsourcing,3.878706237329721,3.878706237329721
VEN-02434,Low,Facilities,Low,Low,Non-outsourcing,32.12495293911108,10.698053570799916
VEN-02435,Medium,Professional Services,High,High,Outsourcing,11.385475737176264,2.457789078915801
VEN-02436,High,Telecommunications,Medium,Low,Material outsourcing,15.188932397074677,10.30894901149706
VEN-02437,Low,Professional Services,Medium,Medium,Non-outsourcing,15.804465476162951,1.9031772567502887
VEN-02438,Medium,Payments,Medium,Low,Non-outsourcing,7.047401230351236,1.8673142014783115
VEN-02439,Low,Facilities,High,High,Non-outsourcing,8.844661913907201,5.250165466449158
VEN-02440,Medium,Professional Services,High,Low,Non-outsourcing,21.902927479258302,3.669338717107287
VEN-02441,High,Professional Services,Critical,Medium,Material outsourcing,24.00003034938492,12.712082532937051
VEN-02442,Low,Professional Services,Low,High,Outsourcing,10.110859990744377,1.041975442843491
VEN-02443,Low,Cloud,High,Medium,Non-outsourcing,28.22419753354911,5.300266448137822
VEN-02444,Low,Payments,Medium,Low,Non-outsourcing,10.7141818723734,9.341355395651693
VEN-02445,Low,Payments,Medium,High,Non-outsourcing,17.263195942550777,0.9564414363705508
VEN-02446,Low,Facilities,Low,Medium,Outsourcing,7.386637824039095,3.843904426404164
VEN-02447,Low,Technology,High,Low,Outsourcing,16.657582382291338,9.178909354172086
VEN-02448,Low,Technology,Low,Medium,Non-outsourcing,9.652971068660811,4.947660943430045
VEN-02449,Low,Facilities,Medium,High,Non-outsourcing,35.54656353330174,4.945233894722999
VEN-02450,Low,Facilities,Medium,Medium,Material outsourcing,13.914764597895887,9.80578703812661
VEN-02451,Medium,Facilities,Low,High,Outsourcing,26.529245741816293,6.816848054104432
VEN-02452,Medium,Technology,Critical,Medium,Outsourcing,12.616079259450908,2.937115998065289
VEN-02453,Low,Cloud,High,Medium,Outsourcing,11.49755002852478,11.49755002852478
VEN-02454,Medium,Professional Services,Medium,Medium,Material outsourcing,12.445367610773008,4.434186426922028
VEN-02455,Low,Technology,High,Medium,Outsourcing,29.994216662316475,1.8015276116440184
VEN-02456,Low,Payments,Medium,Medium,Material outsourcing,8.61477851522048,5.127948887681484
VEN-02457,Low,Payments,High,Low,Non-outsourcing,34.77061817819031,4.716350318267046
VEN-02458,Low,Professional Services,Low,Medium,Non-outsourcing,18.729196282440867,6.656663923299163
VEN-02459,Low,Professional Services,Medium,High,Non-outsourcing,29.188305396568204,7.425049535033453
VEN-02460,Low,Professional Services,Medium,Medium,Material outsourcing,5.787246119053098,1.4551614651939782
VEN-02461,Medium,Professional Services,Medium,Low,Outsourcing,17.047831796783008,4.170036294766264
VEN-02462,Medium,Cloud,Medium,Low,Non-outsourcing,22.38577396978811,6.849311633128102
VEN-02463,Low,Cloud,Low,Low,Material outsourcing,22.707492402743675,5.004536556153362
VEN-02464,Low,Professional Services,Critical,High,Material outsourcing,17.037389465635634,3.4406069213186967
VEN-02465,Low,Cloud,Low,Medium,Non-outsourcing,9.2351995730713,8.250364499608649
VEN-02466,Medium,Telecommunications,Low,Medium,Outsourcing,8.894000734403505,8.208864432398446
VEN-02467,Medium,Telecommunications,Medium,High,Outsourcing,8.583875559135471,0.1
VEN-02468,Low,Payments,Medium,Medium,Non-outsourcing,13.47404046887203,5.818108369291863
VEN-02469,Low,Professional Services,Low,High,Outsourcing,12.32842632090609,6.631447355728499
VEN-02470,Low,Professional Services,Medium,High,Non-outsourcing,9.45837881417949,4.188433355015095
VEN-02471,Low,Technology,High,Medium,Material outsourcing,10.325671749376816,5.48229799027977
VEN-02472,Medium,Technology,Low,Medium,Outsourcing,11.583636821355284,4.428230960110203
VEN-02473,Medium,Facilities,Critical,Medium,Material outsourcing,2.9246479579083227,2.9246479579083227
VEN-02474,Low,Professional Services,Medium,High,Outsourcing,9.723379775814308,3.506207158286967
VEN-02475,Low,Telecommunications,Medium,Low,Non-outsourcing,8.241900449645412,3.605163200454572
VEN-02476,Low,Telecommunications,Low,Medium,Non-outsourcing,5.621765868389321,4.441154165281545
VEN-02477,Low,Technology,High,Medium,Outsourcing,5.842751475908965,5.842751475908965
VEN-02478,Low,Cloud,High,Medium,Non-outsourcing,9.629334482660733,7.135870900706577
VEN-02479,Low,Professional Services,Low,High,Outsourcing,13.796698259338488,11.6524352383749
VEN-02480,High,Facilities,Low,Medium,Non-outsourcing,14.25016009991229,1.987952443018434
VEN-02481,Low,Cloud,Medium,Low,Non-outsourcing,15.302362218003534,0.8124100553077018
VEN-02482,Low,Facilities,Low,Medium,Outsourcing,14.2611065403575,8.214938517743398
VEN-02483,Low,Technology,Critical,High,Outsourcing,8.775135768317146,5.205402330929644
VEN-02484,Low,Payments,Medium,Medium,Outsourcing,5.826898079917855,0.9835411836957314
VEN-02485,Medium,Professional Services,Medium,High,Outsourcing,6.67437194781481,4.387884757494823
VEN-02486,Low,Technology,Critical,High,Non-outsourcing,10.864986939406036,9.749462890593206
VEN-02487,Medium,Payments,High,High,Outsourcing,12.41635829750678,3.504496408754717
VEN-02488,Medium,Telecommunications,High,Medium,Outsourcing,17.754329036142238,5.7812136643302985
VEN-02489,Low,Technology,Medium,Medium,Outsourcing,22.81390489646228,2.962308015200218
VEN-02490,Low,Payments,Medium,High,Non-outsourcing,9.111787477928983,2.185797830019772
VEN-02491,High,Facilities,Medium,High,Outsourcing,12.647669997650905,8.826646714882855
VEN-02492,Low,Technology,Medium,Low,Non-outsourcing,15.679269594884747,3.2179449135588434
VEN-02493,Low,Payments,Medium,Low,Outsourcing,11.603971848489056,4.066635874938099
VEN-02494,High,Cloud,Low,Medium,Non-outsourcing,6.791706993016295,5.125242852087128
VEN-02495,Medium,Facilities,Medium,High,Material outsourcing,7.476377516375539,2.921224709220793
VEN-02496,Low,Cloud,Medium,High,Outsourcing,18.488940632204688,18.488940632204688
VEN-02497,Low,Professional Services,Medium,Medium,Outsourcing,9.47066003076798,8.111026770616878
VEN-02498,Low,Facilities,Low,Low,Outsourcing,9.998718466432626,1.6473746086533032
VEN-02499,Medium,Payments,Medium,Medium,Outsourcing,2.773881316862072,2.773881316862072
VEN-02500,Low,Professional Services,Medium,High,Non-outsourcing,20.93796118500716,5.897078887953573
VEN-02501,Low,Payments,High,Medium,Outsourcing,15.924355745340966,6.36512580322242
VEN-02502,Medium,Telecommunications,High,Low,Material outsourcing,4.781491326609286,4.495500463932713
VEN-02503,High,Payments,Low,Medium,Non-outsourcing,14.902386421889656,4.007426971521551
VEN-02504,Medium,Payments,Low,High,Non-outsourcing,15.450342193602772,9.3143132179074
VEN-02505,Low,Professional Services,Medium,Medium,Outsourcing,26.3620809190639,2.14736359306323
VEN-02506,Low,Professional Services,Low,Low,Non-outsourcing,7.107351994835192,7.107351994835192
VEN-02507,High,Payments,Medium,Medium,Outsourcing,14.464946124776365,5.4021185602103765
VEN-02508,High,Professional Services,Critical,High,Outsourcing,8.39075484031089,1.537154439560483
VEN-02509,Low,Payments,Low,Medium,Outsourcing,8.163800335929452,1.2182513452137658
VEN-02510,Low,Cloud,Medium,Medium,Non-outsourcing,23.85243584260854,2.995746825465459
VEN-02511,Low,Facilities,High,Low,Non-outsourcing,18.56320251237284,3.3683237684591694
VEN-02512,Low,Cloud,Medium,Medium,Material outsourcing,4.837728023209065,1.2713781202376946
VEN-02513,Low,Cloud,Low,High,Non-outsourcing,4.394529402381415,4.394529402381415
VEN-02514,Low,Facilities,Low,High,Outsourcing,15.19663643005202,7.546921964633477
VEN-02515,Low,Telecommunications,Critical,Medium,Non-outsourcing,10.477760575584062,7.285031480935307
VEN-02516,Medium,Technology,Low,High,Non-outsourcing,6.581894008624957,6.581894008624957
VEN-02517,Low,Cloud,Medium,Medium,Outsourcing,15.348022830621897,3.577655896104904
VEN-02518,Low,Professional Services,High,High,Non-outsourcing,14.336642429671706,6.194468393288405
VEN-02519,Low,Telecommunications,Medium,Low,Outsourcing,11.457999845818172,8.675542053041362
VEN-02520,Low,Payments,High,Medium,Outsourcing,12.053052390819769,6.897725994773787
VEN-02521,Low,Technology,Low,High,Material outsourcing,6.887652776991192,5.814996892492448
VEN-02522,Low,Cloud,Medium,High,Material outsourcing,14.276817594930035,10.893385919862084
VEN-02523,Low,Professional Services,Medium,High,Non-outsourcing,28.54736018722789,3.8419826789141953
VEN-02524,Low,Technology,Critical,Medium,Non-outsourcing,5.413670454803165,3.823020004453643
VEN-02525,High,Facilities,Low,High,Material outsourcing,18.24157155053962,5.399327362348174
VEN-02526,Low,Technology,Low,Medium,Non-outsourcing,6.079471963961419,5.383090972919232
VEN-02527,High,Professional Services,Critical,Low,Non-outsourcing,16.551075253812844,5.24054217461346
VEN-02528,High,Telecommunications,Low,Medium,Non-outsourcing,10.329840971253736,1.3621440494459378
VEN-02529,Medium,Telecommunications,High,Medium,Outsourcing,16.769610823099804,9.4181286779608
VEN-02530,Low,Professional Services,High,Medium,Non-outsourcing,5.615931489897397,5.615931489897397
VEN-02531,Low,Professional Services,Medium,High,Non-outsourcing,1.6829937667516843,0.447386094193537
VEN-02532,Low,Cloud,High,Medium,Outsourcing,12.310321427834632,0.9245033720442084
VEN-02533,Medium,Payments,High,Low,Outsourcing,17.582175182600214,10.831369001768756
VEN-02534,Low,Technology,Low,Low,Non-outsourcing,12.562317544662704,3.3210807835749927
VEN-02535,High,Technology,Critical,High,Outsourcing,15.844381657915928,5.134655320196408
VEN-02536,Low,Telecommunications,Critical,Low,Outsourcing,8.821128042663444,2.268081862542583
VEN-02537,Medium,Professional Services,High,High,Non-outsourcing,16.057687030173554,16.057687030173554
VEN-02538,Low,Technology,Medium,Low,Non-outsourcing,23.7201462567897,4.618182374056439
VEN-02539,Low,Payments,Medium,Medium,Non-outsourcing,8.751745535787922,3.43903873557051
VEN-02540,Low,Technology,Medium,High,Non-outsourcing,15.712703019776196,8.981936820591773
VEN-02541,Low,Telecommunications,Low,Medium,Material outsourcing,7.46774986346142,1.9799508685779308
VEN-02542,Low,Professional Services,Medium,High,Non-outsourcing,25.01292751527328,9.77097252889912
VEN-02543,Low,Technology,Medium,Low,Material outsourcing,4.866283724650275,4.3009417519612025
VEN-02544,Low,Payments,High,Medium,Non-outsourcing,13.93178085998736,7.860189223713393
VEN-02545,Low,Facilities,Medium,Medium,Non-outsourcing,11.61427726374073,5.894529217393237
VEN-02546,Low,Facilities,Medium,High,Outsourcing,8.79256456054117,4.1010101633076586
VEN-02547,High,Telecommunications,Medium,Low,Outsourcing,8.62406967199232,1.35279404207599
VEN-02548,Low,Technology,Medium,Medium,Non-outsourcing,11.07695817248039,5.358683835893333
VEN-02549,Low,Technology,Critical,Medium,Non-outsourcing,23.18796666709897,2.670930365615305
VEN-02550,Low,Technology,High,High,Outsourcing,13.010851752098446,5.254339202845117
VEN-02551,Low,Professional Services,Low,High,Non-outsourcing,3.5806683241498525,3.5806683241498525
VEN-02552,Low,Telecommunications,Low,High,Outsourcing,4.352247215677766,4.352247215677766
VEN-02553,Low,Facilities,High,Medium,Outsourcing,12.980450580264955,0.3391433790465213
VEN-02554,High,Payments,Medium,Medium,Non-outsourcing,19.25454844424708,3.818727515457694
VEN-02555,Low,Facilities,High,High,Outsourcing,7.017828953300301,3.062931742526188
VEN-02556,Medium,Facilities,Low,High,Non-outsourcing,12.58693011443388,3.35244023692523
VEN-02557,Low,Payments,Low,High,Material outsourcing,19.40462588856156,5.603783135240759
VEN-02558,Low,Telecommunications,Medium,High,Material outsourcing,13.630408401615178,3.48468761801366
VEN-02559,Low,Professional Services,High,High,Outsourcing,11.94330028409684,2.6391316426759035
VEN-02560,Low,Technology,Critical,Low,Material outsourcing,9.51111736574559,1.7272011222303034
VEN-02561,Low,Professional Services,High,Medium,Outsourcing,10.347334445074148,3.682887955028633
VEN-02562,Medium,Telecommunications,Medium,High,Non-outsourcing,16.139806231833358,8.056366108878668
VEN-02563,Medium,Telecommunications,High,Medium,Non-outsourcing,17.179886398513077,8.31729864019921
VEN-02564,Low,Payments,Low,Low,Non-outsourcing,17.015122509623605,5.968735672921197
VEN-02565,Low,Telecommunications,Medium,Medium,Outsourcing,7.627865277493534,0.751092994996144
VEN-02566,Low,Professional Services,Critical,Medium,Outsourcing,2.0925709445999443,2.0925709445999443
VEN-02567,Low,Professional Services,Medium,High,Outsourcing,8.919914522027868,8.919914522027868
VEN-02568,Low,Technology,Critical,High,Outsourcing,18.03208008242398,1.858651934397296
VEN-02569,Medium,Cloud,Low,Low,Non-outsourcing,25.87288996961842,3.5715890911609782
VEN-02570,High,Cloud,Low,Medium,Non-outsourcing,6.311941778329725,6.311941778329725
VEN-02571,Low,Payments,Medium,Low,Non-outsourcing,15.69616507618728,0.858053416641329
VEN-02572,Low,Facilities,Critical,High,Material outsourcing,7.926580972324253,3.628692509995337
VEN-02573,Medium,Telecommunications,Medium,Low,Non-outsourcing,22.340449696568523,13.27975356939335
VEN-02574,Medium,Facilities,High,Medium,Non-outsourcing,17.88364114095529,12.365153625128038
VEN-02575,Low,Payments,Low,Medium,Non-outsourcing,13.442457219571429,12.423047048363152
VEN-02576,Low,Cloud,High,Medium,Material outsourcing,13.968971687647327,3.6700139381261017
VEN-02577,Medium,Payments,Medium,Medium,Non-outsourcing,21.12695089430224,10.7634091510535
VEN-02578,Medium,Professional Services,Low,Medium,Outsourcing,3.782696454495772,3.782696454495772
VEN-02579,Low,Professional Services,High,Medium,Non-outsourcing,10.818609716602392,2.558955227912663
VEN-02580,High,Cloud,High,Low,Non-outsourcing,5.819830832079544,3.144893006093963
VEN-02581,Low,Facilities,Medium,Medium,Outsourcing,13.841777970701562,6.5393438179673575
VEN-02582,Medium,Telecommunications,Low,Medium,Outsourcing,12.386228265625114,0.7768028389923386
VEN-02583,Low,Cloud,Low,Medium,Outsourcing,13.427541051195604,4.406109716642723
VEN-02584,Low,Cloud,Critical,High,Non-outsourcing,5.31226854648444,5.311852432795473
VEN-02585,Low,Cloud,High,Medium,Material outsourcing,19.349251618204534,7.351417617406617
VEN-02586,Low,Cloud,High,High,Outsourcing,16.569961031463706,1.0471537144893277
VEN-02587,Low,Cloud,High,Low,Material outsourcing,8.770138364455532,4.445679799711425
VEN-02588,Low,Cloud,High,High,Non-outsourcing,17.239656801497254,8.77470203720017
VEN-02589,Low,Facilities,Low,Low,Non-outsourcing,2.689014118869935,2.689014118869935
VEN-02590,Low,Technology,Medium,Medium,Non-outsourcing,5.923863324276336,2.5605263594347805
VEN-02591,Medium,Technology,High,Medium,Outsourcing,11.04218482699767,10.721356369502097
VEN-02592,Medium,Telecommunications,Low,Medium,Outsourcing,9.608424286305972,8.462099701007235
VEN-02593,Medium,Payments,Low,Low,Outsourcing,21.786499547514044,11.831054772288256
VEN-02594,Low,Telecommunications,Medium,High,Non-outsourcing,15.990866741322924,0.8297606060472146
VEN-02595,Low,Cloud,High,Medium,Non-outsourcing,24.16544723428602,7.653080300206301
VEN-02596,High,Facilities,High,High,Non-outsourcing,4.78805617079831,4.78805617079831
VEN-02597,Low,Telecommunications,Low,Medium,Outsourcing,9.56007997444526,4.857619314429599
VEN-02598,Low,Payments,Critical,Medium,Non-outsourcing,5.732754862466523,3.9255486299411575
VEN-02599,High,Professional Services,Low,High,Non-outsourcing,13.475550532870647,5.353255797186296
VEN-02600,High,Cloud,Low,Low,Non-outsourcing,4.796796656259853,4.796796656259853
VEN-02601,Low,Telecommunications,Critical,Medium,Non-outsourcing,12.535265507753632,2.667743849439112
VEN-02602,Medium,Payments,High,Medium,Material outsourcing,2.802080783155222,2.5134992924338144
VEN-02603,Low,Cloud,Critical,Medium,Non-outsourcing,7.374294392202215,0.5599945532066061
VEN-02604,Medium,Professional Services,High,Low,Material outsourcing,17.35666924657422,4.5182427630825766
VEN-02605,Low,Cloud,High,Medium,Outsourcing,11.10443306972454,1.555190928658894
VEN-02606,Low,Facilities,Medium,Medium,Outsourcing,4.252507696982895,4.252507696982895
VEN-02607,Low,Facilities,Medium,Medium,Outsourcing,18.780395968393808,2.268295347078477
VEN-02608,Low,Technology,Critical,Low,Outsourcing,18.93782698180192,3.250599232101156
VEN-02609,Medium,Professional Services,High,Medium,Outsourcing,16.863086418959654,3.656260289321924
VEN-02610,Low,Telecommunications,Medium,High,Non-outsourcing,8.680617003602,5.515192838071746
VEN-02611,Medium,Cloud,Medium,Low,Material outsourcing,15.104069695389391,5.821120658854698
VEN-02612,Medium,Technology,Medium,Medium,Non-outsourcing,19.803578543708117,4.115806271339561
VEN-02613,Low,Technology,Medium,High,Non-outsourcing,10.511742923417536,3.5058779464788974
VEN-02614,Medium,Telecommunications,High,High,Non-outsourcing,10.77276221548215,3.218025371283627
VEN-02615,Low,Professional Services,Low,Low,Outsourcing,11.89481711874501,1.2019697906439597
VEN-02616,Low,Cloud,Medium,Medium,Non-outsourcing,16.99064994656829,10.043059686445206
VEN-02617,Low,Technology,Critical,Low,Non-outsourcing,12.806931127377275,2.563796984166796
VEN-02618,Medium,Professional Services,Medium,High,Non-outsourcing,15.64424740541546,4.974732341118056
VEN-02619,Medium,Technology,Medium,Medium,Non-outsourcing,10.229775380578776,1.7858828506813025
VEN-02620,High,Telecommunications,Medium,Medium,Non-outsourcing,10.095367612526646,7.536792221671503
VEN-02621,Medium,Cloud,Low,Low,Material outsourcing,15.93810597820298,5.073635342705768
VEN-02622,High,Technology,Low,Medium,Non-outsourcing,8.03707075320995,6.12591933413312
VEN-02623,Low,Payments,Low,Low,Material outsourcing,6.370176856496929,1.7285135953043131
VEN-02624,High,Cloud,Low,High,Outsourcing,7.832640086165499,6.329674906781444
VEN-02625,Low,Technology,Low,Medium,Outsourcing,9.856167675034508,0.8566554849977104
VEN-02626,Low,Cloud,Medium,Medium,Material outsourcing,11.483628942047153,2.952839668228365
VEN-02627,Low,Cloud,Low,High,Non-outsourcing,8.705855247445792,1.928372526549729
VEN-02628,Low,Technology,Critical,Low,Outsourcing,9.236677614032082,5.0194238312340405
VEN-02629,Low,Technology,Low,Low,Non-outsourcing,13.78837819306358,10.482319494282452
VEN-02630,Low,Telecommunications,Medium,Medium,Non-outsourcing,7.32906405367686,7.032372134192484
VEN-02631,Low,Technology,High,High,Non-outsourcing,16.714865711627073,11.881344509659524
VEN-02632,Low,Facilities,Low,Low,Outsourcing,6.815269679487889,5.170059202078459
VEN-02633,Medium,Technology,Medium,High,Outsourcing,11.328353104866224,7.637998765362322
VEN-02634,Low,Facilities,High,Medium,Non-outsourcing,10.945265920830645,9.202315757018487
VEN-02635,Low,Professional Services,Medium,Medium,Outsourcing,21.70883135470758,9.135174715277545
VEN-02636,Low,Telecommunications,Low,Medium,Non-outsourcing,10.312404794765929,1.65581197671925
VEN-02637,Low,Cloud,High,Low,Non-outsourcing,17.91190049902157,2.5185099613539217
VEN-02638,Low,Professional Services,High,Low,Non-outsourcing,15.957103274007816,8.53272045178809
VEN-02639,Medium,Facilities,Medium,High,Outsourcing,8.414198802588105,8.414198802588105
VEN-02640,Low,Facilities,Low,Medium,Outsourcing,20.76529062313762,2.382588774452169
VEN-02641,Medium,Cloud,Low,Medium,Non-outsourcing,8.641901668255416,2.6602163165214208
VEN-02642,Medium,Payments,High,High,Non-outsourcing,9.654381843185352,6.980816454205709
VEN-02643,Low,Payments,Medium,Low,Outsourcing,14.349755539759885,3.5050991645620084
VEN-02644,Medium,Professional Services,Low,Medium,Outsourcing,9.167519472608776,8.875732748883788
VEN-02645,Low,Telecommunications,Medium,Medium,Non-outsourcing,4.873453378946362,4.873453378946362
VEN-02646,Medium,Cloud,Critical,Low,Outsourcing,9.739745276096489,9.666135374633784
VEN-02647,Medium,Payments,Low,High,Outsourcing,9.653580874867124,3.896391881366999
VEN-02648,Medium,Technology,Low,High,Outsourcing,6.57864280389494,3.3626971502500824
VEN-02649,Medium,Facilities,Medium,Medium,Non-outsourcing,11.258658223267574,2.69743234581396
VEN-02650,Medium,Facilities,High,High,Material outsourcing,11.389503800426136,11.389503800426136
VEN-02651,High,Professional Services,Medium,Low,Outsourcing,13.834412660058394,1.7265850111814105
VEN-02652,Low,Payments,High,High,Non-outsourcing,5.921519728913758,1.55197289262659
VEN-02653,Medium,Cloud,Low,High,Material outsourcing,6.125867266135023,5.276153399675966
VEN-02654,Medium,Cloud,Medium,Low,Outsourcing,16.988912839479774,3.318083348961823
VEN-02655,Low,Telecommunications,Medium,Medium,Outsourcing,6.7242826332966255,6.7242826332966255
VEN-02656,High,Facilities,Medium,High,Outsourcing,12.95914582677295,1.4434905971873186
VEN-02657,Low,Payments,Medium,Medium,Non-outsourcing,10.109483841852729,4.196482961303731
VEN-02658,Low,Professional Services,High,Medium,Outsourcing,7.569817533186773,0.9962380260719308
VEN-02659,Low,Technology,Medium,Medium,Non-outsourcing,21.569410311803097,3.726018173582637
VEN-02660,Low,Payments,High,Low,Material outsourcing,11.477728538180198,5.193208948156394
VEN-02661,Medium,Professional Services,Low,Low,Non-outsourcing,8.189536457080735,4.633058125592549
VEN-02662,Low,Professional Services,Medium,Low,Non-outsourcing,4.321681561883274,4.321681561883274
VEN-02663,Low,Technology,Medium,Medium,Non-outsourcing,15.40490614810702,7.428394562031722
VEN-02664,Low,Cloud,Medium,Medium,Outsourcing,6.69067054511598,2.2768672596345105
VEN-02665,Low,Payments,Low,Medium,Outsourcing,20.648351371252023,6.213022074488334
VEN-02666,Medium,Facilities,Critical,Low,Outsourcing,10.831549922305296,4.298297199509695
VEN-02667,Medium,Professional Services,Critical,Low,Non-outsourcing,34.92651830618019,3.771081290430079
VEN-02668,Low,Professional Services,High,Medium,Non-outsourcing,9.647096250332568,6.670255069565378
VEN-02669,Low,Cloud,High,Low,Outsourcing,6.544718827488516,5.474123186386206
VEN-02670,Low,Telecommunications,Low,Medium,Non-outsourcing,11.593243832999203,6.473519862040041
VEN-02671,Low,Cloud,Medium,Medium,Outsourcing,8.01443348255959,8.01443348255959
VEN-02672,Low,Professional Services,Medium,Medium,Material outsourcing,3.082282462223476,3.082282462223476
VEN-02673,Low,Payments,High,Medium,Outsourcing,17.342937674690205,1.6016081712325294
VEN-02674,Low,Professional Services,Low,High,Non-outsourcing,13.12476483878896,2.3300341305642007
VEN-02675,Low,Facilities,Low,Low,Outsourcing,7.224817566959926,7.224817566959926
VEN-02676,Low,Professional Services,High,High,Material outsourcing,5.884078455480412,3.665512114493796
VEN-02677,Low,Professional Services,Low,Low,Outsourcing,6.2865422284617685,6.2865422284617685
VEN-02678,Medium,Technology,High,Low,Outsourcing,11.286222798198835,4.622618429015767
VEN-02679,Medium,Facilities,Medium,Medium,Non-outsourcing,27.618379656940505,2.013470082797892
VEN-02680,Low,Telecommunications,High,Low,Outsourcing,10.022047612876609,5.430246023122451
VEN-02681,Medium,Facilities,High,Medium,Non-outsourcing,4.185275212817881,2.8185503398274827
VEN-02682,Medium,Cloud,Medium,High,Outsourcing,6.651983913101067,3.0982854715930617
VEN-02683,Low,Cloud,Low,High,Material outsourcing,11.996995385215342,4.6427548103365455
VEN-02684,Low,Cloud,Low,Medium,Material outsourcing,7.32952175599731,1.1686978423658174
VEN-02685,Low,Technology,Low,High,Non-outsourcing,5.298382514366399,5.298382514366399
VEN-02686,Medium,Cloud,Low,Medium,Outsourcing,10.196431193791122,3.3725973067054724
VEN-02687,Low,Professional Services,Medium,Low,Non-outsourcing,6.638473807356375,6.638473807356375
VEN-02688,Medium,Professional Services,Medium,High,Outsourcing,12.356736578081165,7.750931748868452
VEN-02689,Low,Professional Services,Low,Low,Outsourcing,12.528021821143,4.151534871278695
VEN-02690,Low,Payments,Low,Low,Outsourcing,14.50063468521957,5.195708950469928
VEN-02691,High,Cloud,Critical,Low,Non-outsourcing,15.768822623634977,6.256785230892992
VEN-02692,Low,Facilities,Low,Medium,Outsourcing,7.114188689922672,3.650125808704271
VEN-02693,Medium,Cloud,Medium,Medium,Outsourcing,17.188635052580217,0.93285810019489
VEN-02694,High,Cloud,Medium,Medium,Outsourcing,9.10655370117797,5.401007109164135
VEN-02695,Medium,Professional Services,Low,Medium,Outsourcing,3.548591834109596,3.548591834109596
VEN-02696,Low,Telecommunications,Critical,High,Outsourcing,16.206189703068322,2.741300709437261
VEN-02697,Medium,Facilities,Low,High,Non-outsourcing,21.40954041373417,8.227420786600382
VEN-02698,Low,Professional Services,High,Low,Non-outsourcing,9.88522281742807,1.8055047310346377
VEN-02699,Low,Telecommunications,Medium,Low,Outsourcing,17.65722419960832,3.950869236894064
VEN-02700,Medium,Telecommunications,High,Medium,Outsourcing,10.275686516469758,4.389671835550269
VEN-02701,Medium,Cloud,High,Low,Non-outsourcing,8.079119770959243,4.712992992232135
VEN-02702,Low,Telecommunications,High,Medium,Non-outsourcing,10.361764978980489,2.429959904995963
VEN-02703,Low,Facilities,Medium,Medium,Material outsourcing,10.93822294280218,1.826242503066957
VEN-02704,Medium,Cloud,Medium,High,Material outsourcing,12.022546270337315,4.06109956764869
VEN-02705,Medium,Technology,High,Low,Outsourcing,9.352762910934365,6.7962227577674685
VEN-02706,Low,Telecommunications,Medium,Medium,Outsourcing,15.85900040095616,2.709466485132984
VEN-02707,Medium,Professional Services,Medium,Medium,Material outsourcing,14.118619994571814,4.306486919327466
VEN-02708,Low,Professional Services,Low,High,Outsourcing,6.280254829043312,6.280254829043312
VEN-02709,Low,Telecommunications,Low,Medium,Non-outsourcing,8.407836221906052,5.696803524045933
VEN-02710,Low,Payments,Medium,High,Outsourcing,15.430428496112924,4.048278937985529
VEN-02711,High,Cloud,Low,High,Material outsourcing,10.155372981573858,4.589046557112714
VEN-02712,Low,Professional Services,Medium,Low,Outsourcing,7.351837451798698,7.351837451798698
VEN-02713,Low,Professional Services,Low,Medium,Non-outsourcing,9.976971644749923,6.945835603485964
VEN-02714,Low,Payments,Medium,Medium,Material outsourcing,4.723465006408577,2.8249422367085577
VEN-02715,Medium,Professional Services,High,Low,Outsourcing,19.964490066055937,7.349947250166929
VEN-02716,Low,Cloud,Medium,Medium,Non-outsourcing,11.132664933432194,2.139597410317524
VEN-02717,Low,Technology,High,Medium,Material outsourcing,8.005527346412194,5.080692036458487
VEN-02718,High,Facilities,Low,High,Outsourcing,4.594331767013824,4.594331767013824
VEN-02719,Low,Cloud,Low,Low,Outsourcing,24.798070042927947,5.1161735230961485
VEN-02720,Low,Professional Services,High,Medium,Material outsourcing,4.350604509193051,2.012036760027214
VEN-02721,Low,Facilities,High,Low,Non-outsourcing,13.390748400905728,4.793730592116152
VEN-02722,Medium,Professional Services,High,Medium,Outsourcing,9.380289864065604,9.380289864065604
VEN-02723,Low,Technology,High,Medium,Non-outsourcing,9.978522692471218,2.6730834527316865
VEN-02724,Low,Facilities,High,Medium,Material outsourcing,10.589722593533605,7.279004884237732
VEN-02725,Low,Cloud,High,Medium,Material outsourcing,8.195411159129755,8.195411159129755
VEN-02726,Medium,Facilities,High,Medium,Outsourcing,10.982695326807873,6.168483593360047
VEN-02727,Medium,Professional Services,High,Medium,Outsourcing,11.823697532240908,4.926100065390805
VEN-02728,Low,Technology,Low,Medium,Outsourcing,14.939872248088491,2.8466511154631093
VEN-02729,Low,Cloud,Low,Low,Non-outsourcing,14.139975785024614,3.118942510832222
VEN-02730,Medium,Cloud,Medium,High,Non-outsourcing,6.336489801389881,4.021767760007166
VEN-02731,Low,Cloud,Medium,Medium,Non-outsourcing,7.0303396520069406,7.0303396520069406
VEN-02732,Low,Professional Services,High,High,Outsourcing,17.217194348885545,17.168590950865095
VEN-02733,Low,Facilities,Medium,Low,Outsourcing,8.74039105973038,2.6958591897270217
VEN-02734,Low,Professional Services,Medium,Medium,Outsourcing,12.999254268572844,6.785551432118564
VEN-02735,Low,Payments,High,Low,Non-outsourcing,19.002310748148435,8.977137690437111
VEN-02736,Low,Payments,Low,High,Outsourcing,11.305872557454268,4.872526747266549
VEN-02737,Low,Professional Services,High,Medium,Outsourcing,6.185939074916064,4.735019276104499
VEN-02738,Low,Facilities,Low,Medium,Material outsourcing,6.252997570990521,1.43294574439375
VEN-02739,Medium,Technology,Medium,Medium,Material outsourcing,9.352251419770054,5.400623730579603
VEN-02740,Low,Telecommunications,Medium,Medium,Outsourcing,9.369383673272274,4.587930553343958
VEN-02741,Low,Professional Services,Medium,Medium,Outsourcing,5.675244545405406,3.735974172208764
VEN-02742,Medium,Cloud,Low,High,Non-outsourcing,6.823093778256176,5.993966275079991
VEN-02743,Low,Payments,Low,Low,Non-outsourcing,14.230040810755831,2.2834809333996886
VEN-02744,Medium,Technology,Medium,High,Outsourcing,17.367787876289327,2.638688634097261
VEN-02745,Low,Payments,Medium,High,Outsourcing,8.876766798196044,5.47782423072963
VEN-02746,Medium,Cloud,High,High,Non-outsourcing,1.5054032027741298,1.5054032027741298
VEN-02747,Low,Payments,Low,High,Non-outsourcing,13.659721490994642,4.245864744682446
VEN-02748,Low,Telecommunications,Medium,Medium,Outsourcing,3.952554354351837,3.952554354351837
VEN-02749,Low,Cloud,Low,Medium,Non-outsourcing,4.8990351488070685,4.77379040685526
VEN-02750,Low,Payments,Critical,Low,Non-outsourcing,9.86642366639743,2.207993501038988
VEN-02751,Low,Facilities,High,High,Outsourcing,19.483903091855,3.88735952143416
VEN-02752,Medium,Payments,Critical,Low,Material outsourcing,15.290340966342145,5.308256256338989
VEN-02753,Medium,Professional Services,Critical,High,Non-outsourcing,14.517051689119029,5.231855104200036
VEN-02754,Low,Payments,Medium,Low,Non-outsourcing,9.921531356055374,6.304749798200652
VEN-02755,Medium,Telecommunications,High,Low,Non-outsourcing,5.3995540705957135,2.1330156280836894
VEN-02756,Medium,Cloud,Medium,Low,Non-outsourcing,18.07056855649879,3.025526390150141
VEN-02757,Medium,Payments,High,Medium,Outsourcing,5.500285677173176,1.168675817654056
VEN-02758,Medium,Payments,Medium,Low,Non-outsourcing,12.8287747994377,10.661863781859598
VEN-02759,Medium,Telecommunications,Medium,Low,Non-outsourcing,11.679174168120936,3.520206574431721
VEN-02760,Low,Professional Services,Critical,Low,Material outsourcing,5.109572659154466,5.109572659154466
VEN-02761,Medium,Facilities,High,Medium,Outsourcing,3.874088449257534,3.874088449257534
VEN-02762,High,Telecommunications,Critical,High,Non-outsourcing,14.50354825089084,0.5634249022845598
VEN-02763,Low,Technology,Low,Medium,Non-outsourcing,10.849557785406564,1.826252503543876
VEN-02764,Low,Cloud,Low,Low,Outsourcing,18.012138034129798,4.559330361918623
VEN-02765,Low,Professional Services,Medium,Low,Outsourcing,12.530193191877602,6.727449655217007
VEN-02766,High,Facilities,Medium,Low,Material outsourcing,11.76675069386975,6.391331827251015
VEN-02767,Low,Professional Services,Medium,Medium,Non-outsourcing,3.1334976825641974,1.6228804810345068
VEN-02768,Medium,Telecommunications,Medium,Low,Outsourcing,11.590518527452192,2.1990015063625026
VEN-02769,Medium,Facilities,High,Low,Non-outsourcing,10.26080831480602,6.033182129639037
VEN-02770,High,Payments,Low,Low,Non-outsourcing,12.615832443552211,6.355548625674772
VEN-02771,Low,Payments,High,Medium,Outsourcing,10.266683803524211,1.5436730509003795
VEN-02772,Medium,Cloud,High,High,Outsourcing,10.127857926003346,6.011878286155342
VEN-02773,Medium,Facilities,Medium,Low,Non-outsourcing,9.8026840204747,4.537339689321008
VEN-02774,Low,Payments,Medium,Medium,Non-outsourcing,7.562372528416342,3.977713913675293
VEN-02775,Medium,Technology,Low,Medium,Outsourcing,14.41108694342856,11.925451847295813
VEN-02776,Low,Technology,Low,High,Non-outsourcing,33.82719482049579,4.250644005998115
VEN-02777,Low,Cloud,High,Low,Non-outsourcing,5.297010850461917,3.213876496327403
VEN-02778,Low,Cloud,Medium,High,Non-outsourcing,6.4357777879635565,6.4357777879635565
VEN-02779,Low,Professional Services,Low,High,Non-outsourcing,14.382034390311116,7.491596332035535
VEN-02780,Low,Payments,Critical,High,Outsourcing,9.204956819416967,9.204956819416967
VEN-02781,Low,Professional Services,High,High,Non-outsourcing,8.276151205336495,7.182279816446145
VEN-02782,Low,Technology,High,Low,Outsourcing,3.8878615081178554,3.8878615081178554
VEN-02783,Low,Facilities,Medium,High,Outsourcing,6.655180534469005,4.788901371084557
VEN-02784,Low,Facilities,Critical,High,Non-outsourcing,6.0621250224924745,6.0621250224924745
VEN-02785,Low,Cloud,Low,Low,Outsourcing,4.014372558538746,2.291875199882045
VEN-02786,Medium,Payments,Low,Low,Non-outsourcing,16.855999590177944,6.471729589495958
VEN-02787,Medium,Payments,High,High,Outsourcing,11.315667572623646,2.102377864963441
VEN-02788,Low,Technology,High,Low,Outsourcing,32.17569848782874,4.782617733833317
VEN-02789,High,Professional Services,Medium,High,Outsourcing,11.931435098143812,4.689765768849522
VEN-02790,Low,Facilities,Low,Medium,Non-outsourcing,5.557423003536114,4.77500111498676
VEN-02791,Medium,Technology,Medium,Medium,Outsourcing,12.4971854284608,1.0818432483895524
VEN-02792,Low,Telecommunications,High,Low,Outsourcing,13.832971798966147,3.509882566579894
VEN-02793,Medium,Professional Services,High,Medium,Non-outsourcing,7.894995645637577,7.894995645637577
VEN-02794,High,Telecommunications,Medium,Medium,Non-outsourcing,13.618434849394284,5.13912204814399
VEN-02795,Medium,Professional Services,Low,High,Non-outsourcing,13.450996880437742,8.715390825081023
VEN-02796,Low,Technology,High,Low,Non-outsourcing,6.878503979451019,6.004666130483132
VEN-02797,Low,Technology,High,Low,Non-outsourcing,14.875517566638838,14.875517566638838
VEN-02798,Low,Facilities,Medium,Low,Material outsourcing,12.233731860788414,6.04777316088291
VEN-02799,Medium,Facilities,Medium,Low,Material outsourcing,10.780120005454693,5.158376952903636
VEN-02800,Medium,Telecommunications,Critical,High,Non-outsourcing,11.335504088982152,1.738499405041255
VEN-02801,High,Cloud,Low,Low,Material outsourcing,5.525347200230989,1.802624334382433
VEN-02802,Low,Technology,Medium,Low,Outsourcing,20.324365469072085,3.1066539065353687
VEN-02803,Low,Payments,Medium,High,Outsourcing,9.133081744072552,4.161897107908131
VEN-02804,Low,Payments,Medium,Low,Material outsourcing,8.66245842738373,1.9524864433057043
VEN-02805,Low,Technology,High,Low,Outsourcing,12.737176818075564,5.123788439701896
VEN-02806,Low,Technology,Medium,Medium,Outsourcing,29.791458898380885,4.998805443721851
VEN-02807,Low,Technology,Medium,Medium,Non-outsourcing,15.180804469674204,12.849591886212796
VEN-02808,Medium,Facilities,Low,High,Non-outsourcing,9.212403264207126,9.212403264207126
VEN-02809,Low,Technology,High,Medium,Material outsourcing,12.658940023890988,7.701107657835809
VEN-02810,Low,Payments,Low,Medium,Non-outsourcing,12.619074364862168,7.838779431021394
VEN-02811,Low,Technology,Low,Medium,Non-outsourcing,10.74006670909586,9.62285389082028
VEN-02812,Medium,Telecommunications,Medium,High,Non-outsourcing,5.664188406781045,5.664188406781045
VEN-02813,Medium,Facilities,Medium,Medium,Outsourcing,15.411447656789218,9.94688183815356
VEN-02814,Low,Cloud,Critical,Medium,Non-outsourcing,0.8946880966826956,0.8946880966826956
VEN-02815,Low,Technology,High,Medium,Material outsourcing,8.363033855403604,8.363033855403604
VEN-02816,Low,Payments,High,Medium,Non-outsourcing,7.189281483047328,2.0395101432337928
VEN-02817,Low,Professional Services,Medium,Medium,Material outsourcing,8.819207929713292,2.2682105560537966
VEN-02818,Low,Facilities,Medium,Low,Outsourcing,17.428718555333653,9.54968830924042
VEN-02819,Low,Technology,Critical,Medium,Outsourcing,8.27095440646449,2.876810277265065
VEN-02820,High,Payments,Medium,Low,Non-outsourcing,10.185740593963516,2.329219682350179
VEN-02821,Low,Professional Services,High,Medium,Non-outsourcing,26.066410675069022,6.352927640116199
VEN-02822,Medium,Technology,Medium,Medium,Material outsourcing,8.546522173420222,2.6610136838122664
VEN-02823,Low,Professional Services,Low,Medium,Outsourcing,9.995712673199654,2.331675657655821
VEN-02824,High,Telecommunications,Medium,Low,Non-outsourcing,10.65568965690603,1.4545360016224078
VEN-02825,High,Facilities,Low,High,Material outsourcing,8.504055244911314,3.418043962406052
VEN-02826,Medium,Professional Services,Low,Medium,Outsourcing,9.932019944108818,7.651248291450105
VEN-02827,Low,Professional Services,Low,Low,Non-outsourcing,11.30289660984977,8.379101467092978
VEN-02828,Low,Cloud,Low,Low,Outsourcing,8.29878188908133,4.017281308717531
VEN-02829,Medium,Facilities,Medium,Medium,Outsourcing,3.7618593714902575,3.7618593714902575
VEN-02830,Medium,Facilities,High,Low,Outsourcing,4.754280219380131,4.754280219380131
VEN-02831,Low,Cloud,Medium,High,Non-outsourcing,10.457098858341972,9.665003845316926
VEN-02832,Low,Technology,High,Medium,Non-outsourcing,21.75076310135249,3.1394233052533917
VEN-02833,Low,Technology,Medium,Low,Non-outsourcing,9.122796918267849,3.789678719086551
VEN-02834,Medium,Professional Services,Low,Medium,Non-outsourcing,12.123168633780418,4.187881472146168
VEN-02835,Medium,Payments,Low,Low,Non-outsourcing,18.065004972593428,3.754449750234395
VEN-02836,Low,Payments,Critical,Low,Outsourcing,13.529740857146162,0.6369143703031961
VEN-02837,Low,Technology,Medium,Medium,Outsourcing,10.612549048396687,4.947730628938961
VEN-02838,Low,Cloud,Critical,Low,Non-outsourcing,10.015522815492709,6.013328009275144
VEN-02839,Low,Facilities,Medium,High,Outsourcing,7.445516542686452,5.762281088707908
VEN-02840,Low,Telecommunications,High,Medium,Non-outsourcing,15.207483264595709,13.5593222980015
VEN-02841,Medium,Technology,High,Low,Non-outsourcing,17.536901208961567,14.216966447869051
VEN-02842,Low,Professional Services,Critical,High,Outsourcing,1.140981148221786,1.0951217206230288
VEN-02843,Low,Facilities,Low,Medium,Material outsourcing,15.261586322003112,11.216759925111422
VEN-02844,Low,Facilities,Critical,Low,Non-outsourcing,13.932607686745886,13.084795604633385
VEN-02845,Low,Telecommunications,Medium,Medium,Material outsourcing,8.806506261086973,0.7832271978437252
VEN-02846,Low,Telecommunications,High,High,Material outsourcing,7.460441585296227,7.459195446185613
VEN-02847,Low,Professional Services,Medium,Medium,Outsourcing,13.057676349997552,5.039254005234306
VEN-02848,Low,Telecommunications,Medium,Medium,Material outsourcing,4.737289002557561,4.737289002557561
VEN-02849,Medium,Payments,Medium,Medium,Non-outsourcing,8.959759577320673,8.959759577320673
VEN-02850,Low,Technology,High,Medium,Non-outsourcing,12.103381241915072,12.103381241915072
VEN-02851,Low,Cloud,Medium,Low,Outsourcing,19.26826005649701,7.63722638541309
VEN-02852,Low,Technology,Medium,Medium,Outsourcing,22.92025250220103,6.769632144584662
VEN-02853,Medium,Payments,Medium,High,Non-outsourcing,5.983486695860744,2.6509728253837106
VEN-02854,Low,Technology,High,Medium,Non-outsourcing,12.596457761100655,3.3560169877839074
VEN-02855,Medium,Payments,Medium,Low,Non-outsourcing,10.62962179978021,6.98402123209116
VEN-02856,High,Professional Services,High,Medium,Non-outsourcing,14.302795161459445,3.239591122463404
VEN-02857,Medium,Technology,Medium,Low,Non-outsourcing,9.818279430929843,5.015596415365348
VEN-02858,Low,Professional Services,High,Medium,Material outsourcing,14.698658341867556,1.2443785616601903
VEN-02859,Medium,Cloud,High,Medium,Non-outsourcing,11.972553140632556,5.2608873839456445
VEN-02860,Low,Technology,High,Medium,Outsourcing,7.893396791397995,0.892060177600778
VEN-02861,Low,Cloud,High,High,Non-outsourcing,14.767486268735835,9.455163471198798
VEN-02862,Low,Professional Services,Medium,Medium,Non-outsourcing,9.934814936192565,5.452064834335954
VEN-02863,Low,Facilities,Low,Medium,Material outsourcing,11.02261555705893,3.0492397656960057
VEN-02864,Low,Professional Services,High,High,Non-outsourcing,6.577341257366061,4.357401857447254
VEN-02865,Low,Payments,Low,Medium,Non-outsourcing,9.2990215462136,3.268360354677262
VEN-02866,Low,Technology,Low,High,Outsourcing,19.083010912716745,2.5265514921298013
VEN-02867,Low,Facilities,High,High,Non-outsourcing,8.035998864236792,3.6026011720662554
VEN-02868,Low,Cloud,Medium,Medium,Non-outsourcing,22.98368708605396,3.622102695915924
VEN-02869,High,Facilities,Medium,Medium,Material outsourcing,11.230694494085611,4.051297740940624
VEN-02870,Low,Facilities,Critical,Medium,Non-outsourcing,12.283066584963104,0.5811018016743855
VEN-02871,Low,Facilities,Low,High,Outsourcing,7.25820708406253,7.25820708406253
VEN-02872,Low,Professional Services,Low,Low,Non-outsourcing,15.229555274476876,10.04708028790578
VEN-02873,Low,Technology,Low,High,Non-outsourcing,4.546865798438569,4.546865798438569
VEN-02874,Low,Facilities,Low,Medium,Outsourcing,9.425003880989491,9.425003880989491
VEN-02875,Low,Cloud,High,Medium,Outsourcing,7.283861367651939,3.797616186062436
VEN-02876,Low,Payments,High,Medium,Non-outsourcing,5.050196545403353,5.050196545403353
VEN-02877,Low,Cloud,Medium,High,Material outsourcing,14.29371267151011,6.706824620475366
VEN-02878,Low,Cloud,Low,Low,Outsourcing,9.62421964862715,5.07148765579779
VEN-02879,Low,Payments,Medium,Medium,Outsourcing,11.01141161743032,3.06134667126328
VEN-02880,Low,Facilities,Low,High,Outsourcing,7.467324003644089,4.915084211091949
VEN-02881,Low,Telecommunications,High,Low,Outsourcing,15.77886104700173,1.5999390826094138
VEN-02882,Low,Professional Services,Medium,Low,Outsourcing,11.92623916891088,2.5359118774276395
VEN-02883,Low,Telecommunications,Low,High,Non-outsourcing,20.7839886610122,8.717301458295742
VEN-02884,Low,Cloud,High,High,Material outsourcing,7.702028757032311,7.702028757032311
VEN-02885,Low,Facilities,High,Low,Outsourcing,7.676063215576391,2.9794323425051874
VEN-02886,Low,Cloud,Medium,Medium,Material outsourcing,13.62026635574898,4.222654073766135
VEN-02887,Low,Telecommunications,Medium,Low,Material outsourcing,21.819613573506945,4.0463441649319245
VEN-02888,High,Telecommunications,Medium,Low,Non-outsourcing,8.280825595427656,5.68576803027829
VEN-02889,Low,Cloud,Low,Medium,Non-outsourcing,2.722661687809673,2.722661687809673
VEN-02890,Low,Payments,Low,Low,Outsourcing,5.473684372110851,5.320799468632687
VEN-02891,Low,Technology,High,Medium,Outsourcing,19.082571050486145,1.6699629913670608
VEN-02892,High,Technology,Critical,Low,Outsourcing,9.219724228904354,3.165847980915089
VEN-02893,Low,Payments,Medium,High,Non-outsourcing,24.08204037242772,6.214825911371925
VEN-02894,Low,Telecommunications,Medium,Medium,Outsourcing,5.960735200436575,3.722759460368356
VEN-02895,High,Facilities,Medium,Low,Material outsourcing,13.667585978802045,3.828941919164593
VEN-02896,Low,Professional Services,Medium,High,Material outsourcing,13.807636290310205,3.9053848582694695
VEN-02897,High,Technology,Low,High,Non-outsourcing,4.738599727807396,4.655377915405245
VEN-02898,Low,Telecommunications,Medium,Low,Material outsourcing,4.801258742281377,2.388335424651981
VEN-02899,Low,Professional Services,Critical,High,Non-outsourcing,9.392561898694066,8.614832931771575
VEN-02900,Low,Telecommunications,High,Low,Outsourcing,14.265578221948692,1.6591397998616022
VEN-02901,Low,Technology,Critical,Medium,Non-outsourcing,12.808697632826505,6.125356578521448
VEN-02902,High,Payments,Low,Medium,Outsourcing,9.81265402687288,3.30964603382798
VEN-02903,Low,Technology,Medium,Low,Non-outsourcing,9.632508630369395,5.051838433346285
VEN-02904,High,Payments,Medium,Medium,Non-outsourcing,3.2372588395238804,3.2372588395238804
VEN-02905,Low,Cloud,Low,Medium,Non-outsourcing,6.726172443306227,6.726172443306227
VEN-02906,Low,Professional Services,Low,High,Material outsourcing,4.247121005224903,4.247121005224903
VEN-02907,High,Professional Services,High,Low,Outsourcing,12.674786896443925,12.186672021531407
VEN-02908,Low,Payments,High,Low,Outsourcing,5.49554544217332,5.49554544217332
VEN-02909,High,Payments,Medium,Medium,Outsourcing,18.932522100553065,8.633020053591983
VEN-02910,Low,Telecommunications,Medium,Low,Non-outsourcing,11.005246280468368,6.705596462760138
VEN-02911,Medium,Cloud,Medium,High,Non-outsourcing,6.609717727952669,2.413689669522725
VEN-02912,Low,Telecommunications,Low,Medium,Non-outsourcing,17.452274174031214,7.459838524635013
VEN-02913,Low,Telecommunications,Low,High,Outsourcing,34.56378997761048,5.239256444997488
VEN-02914,Medium,Professional Services,Medium,Medium,Material outsourcing,5.186755148863057,5.186755148863057
VEN-02915,Low,Technology,Medium,Low,Non-outsourcing,5.258121966583839,5.258121966583839
VEN-02916,Low,Telecommunications,Critical,Low,Outsourcing,6.478846099374575,2.006574706054755
VEN-02917,Low,Telecommunications,Medium,Medium,Outsourcing,17.50456400419336,5.984967458990225
VEN-02918,Medium,Facilities,Low,High,Material outsourcing,24.18936766713552,8.82837951398148
VEN-02919,Low,Technology,Low,Medium,Non-outsourcing,4.25288717855471,4.25288717855471
VEN-02920,Medium,Telecommunications,High,Low,Material outsourcing,37.36109369372706,17.730575489482842
VEN-02921,High,Cloud,Low,Medium,Outsourcing,14.49853109891162,7.954735801409497
VEN-02922,Low,Payments,Low,Low,Outsourcing,8.443246214769884,2.4759783486482867
VEN-02923,Low,Technology,Medium,Medium,Outsourcing,13.846920448384884,2.334253921453892
VEN-02924,Medium,Telecommunications,Medium,Low,Non-outsourcing,17.682992489321386,2.770113746439673
VEN-02925,Low,Payments,Medium,Medium,Outsourcing,6.68233249669188,3.445999101098026
VEN-02926,Low,Telecommunications,Medium,Medium,Outsourcing,17.734008065409434,5.004106521134098
VEN-02927,Medium,Telecommunications,Low,High,Outsourcing,10.617597207623287,6.271050576550473
VEN-02928,Low,Payments,High,Medium,Material outsourcing,4.208091660230591,4.208091660230591
VEN-02929,Low,Technology,Medium,Low,Outsourcing,14.41829040804667,8.663527149259632
VEN-02930,Medium,Facilities,Medium,High,Non-outsourcing,21.262487023019567,3.90891885768454
VEN-02931,Low,Professional Services,Low,High,Non-outsourcing,13.109781158976135,3.933884208063441
VEN-02932,Low,Cloud,Medium,Medium,Material outsourcing,5.842628826031486,5.842628826031486
VEN-02933,Low,Professional Services,Medium,High,Outsourcing,13.212385215977246,3.422101014399356
VEN-02934,Medium,Payments,Medium,High,Material outsourcing,12.12029727950219,7.031929610981759
VEN-02935,Medium,Cloud,Medium,Low,Non-outsourcing,13.802394556732676,1.480538348109666
VEN-02936,Low,Telecommunications,Critical,Medium,Outsourcing,4.048782976408093,4.048782976408093
VEN-02937,Low,Facilities,Low,Medium,Material outsourcing,4.369709216853359,4.369709216853359
VEN-02938,Low,Cloud,Critical,Medium,Outsourcing,7.928902052687329,3.457456306012967
VEN-02939,Low,Telecommunications,Critical,High,Non-outsourcing,16.082541875069023,1.8332515343081588
VEN-02940,Low,Cloud,Medium,Medium,Non-outsourcing,14.878326076980343,1.6052869502504037
VEN-02941,High,Telecommunications,Medium,Medium,Material outsourcing,16.98701377937017,5.611355757254549
VEN-02942,Low,Professional Services,Medium,High,Outsourcing,13.930328928591171,6.232377761197788
VEN-02943,Medium,Technology,Critical,Medium,Non-outsourcing,15.526916237069852,0.953808083504046
VEN-02944,Low,Facilities,Medium,Low,Outsourcing,12.082654159580098,0.922273584530058
VEN-02945,Low,Telecommunications,Medium,High,Non-outsourcing,9.846636191308216,2.1457436042080347
VEN-02946,Low,Cloud,Low,Medium,Non-outsourcing,14.635100557230528,2.3844765504785927
VEN-02947,Low,Telecommunications,High,Medium,Non-outsourcing,5.521633069143832,2.8823985024249805
VEN-02948,Medium,Facilities,Low,Medium,Non-outsourcing,6.358026364294212,5.632486484868676
VEN-02949,High,Facilities,Low,High,Outsourcing,5.184662286621402,5.184662286621402
VEN-02950,Medium,Technology,Medium,Low,Non-outsourcing,11.648392808437093,9.386349947137644
VEN-02951,Low,Technology,Medium,Medium,Outsourcing,5.57164876814831,5.57164876814831
VEN-02952,Medium,Technology,High,Medium,Outsourcing,2.5398126320186423,2.5398126320186423
VEN-02953,Low,Cloud,High,High,Non-outsourcing,4.700413778961855,2.465281772972688
VEN-02954,High,Telecommunications,Low,Low,Non-outsourcing,21.278882230689188,7.392003487812227
VEN-02955,Low,Payments,Medium,Low,Non-outsourcing,11.708259538163851,8.02631009637477
VEN-02956,Low,Professional Services,High,High,Outsourcing,17.44003160601797,1.331193516103299
VEN-02957,Low,Professional Services,Medium,High,Material outsourcing,4.302178974993596,4.302178974993596
VEN-02958,Low,Payments,Low,Medium,Outsourcing,13.608926606218583,8.264581134504859
VEN-02959,Low,Professional Services,Medium,Medium,Outsourcing,5.271634419696147,3.1613821471495296
VEN-02960,High,Professional Services,Medium,Medium,Material outsourcing,13.409610496865833,1.1147320524693685
VEN-02961,Medium,Telecommunications,Critical,Medium,Outsourcing,2.264028072323654,2.264028072323654
VEN-02962,High,Telecommunications,High,Medium,Outsourcing,16.98406691053915,3.899389557566964
VEN-02963,Low,Technology,Low,High,Outsourcing,14.45880488288979,1.7785195416916404
VEN-02964,Low,Professional Services,High,Low,Non-outsourcing,11.060401458822437,4.937082749902364
VEN-02965,Low,Cloud,Low,High,Non-outsourcing,20.712874220966643,3.471085541518955
VEN-02966,Low,Cloud,High,Low,Outsourcing,16.065208867436034,8.305729070621304
VEN-02967,Low,Telecommunications,Medium,High,Outsourcing,7.036879360108431,0.8929598013416751
VEN-02968,Low,Telecommunications,Low,Low,Non-outsourcing,5.410986333573976,5.410986333573976
VEN-02969,Low,Technology,Medium,Low,Material outsourcing,30.90488044423556,4.689723682012442
VEN-02970,Low,Cloud,Low,Low,Non-outsourcing,7.285447052699203,7.285447052699203
VEN-02971,Low,Telecommunications,Low,Low,Outsourcing,10.051411075734723,10.051411075734723
VEN-02972,Medium,Cloud,Medium,Medium,Material outsourcing,6.190959147763604,6.190959147763604
VEN-02973,Low,Cloud,High,Medium,Non-outsourcing,15.62783764178845,8.759172150881035
VEN-02974,High,Payments,High,High,Material outsourcing,6.552439715006519,1.4621330356958406
VEN-02975,Low,Technology,Medium,Medium,Outsourcing,10.806859235648949,1.61637395285478
VEN-02976,Medium,Facilities,Low,Medium,Outsourcing,13.159784630881871,3.855098903179828
VEN-02977,Medium,Professional Services,Medium,Medium,Material outsourcing,7.616308987075495,3.0271378910915105
VEN-02978,Medium,Technology,Medium,High,Outsourcing,13.068493347769149,6.685296810727505
VEN-02979,Medium,Payments,Low,Low,Outsourcing,23.184660403719008,6.679937980140435
VEN-02980,Medium,Cloud,High,Medium,Outsourcing,12.059877630696946,10.087213645181247
VEN-02981,Low,Professional Services,Critical,Low,Non-outsourcing,14.989162638439328,4.665763520411307
VEN-02982,Low,Payments,Low,Low,Non-outsourcing,8.755159202858042,1.4638454096079487
VEN-02983,Low,Facilities,High,Medium,Non-outsourcing,8.36113093205171,8.36113093205171
VEN-02984,Low,Facilities,Medium,Low,Non-outsourcing,5.241106861292828,5.241106861292828
VEN-02985,Low,Payments,Medium,Low,Outsourcing,11.521983244563728,3.89175780140265
VEN-02986,Low,Cloud,Medium,High,Material outsourcing,17.552734806178616,10.033567194851145
VEN-02987,Low,Facilities,Low,Low,Material outsourcing,14.595594800669868,1.3233144946669448
VEN-02988,Low,Technology,Low,Medium,Non-outsourcing,8.328513029036674,4.100038178898991
VEN-02989,Low,Payments,Critical,Medium,Outsourcing,9.200440817481676,2.0872451952753424
VEN-02990,Low,Cloud,Medium,High,Outsourcing,23.35023009494663,8.620645544852525
VEN-02991,Medium,Technology,Low,Medium,Non-outsourcing,13.724725756409018,3.0700419527289178
VEN-02992,Medium,Technology,Medium,Low,Outsourcing,15.822654303843269,9.31041971374062
VEN-02993,Low,Facilities,Critical,High,Non-outsourcing,16.79218793009819,1.9462996016629135
VEN-02994,Low,Professional Services,Medium,Medium,Material outsourcing,8.543333759429535,8.543333759429535
VEN-02995,Low,Payments,Critical,Medium,Non-outsourcing,8.006411076679978,3.833414223371271
VEN-02996,Low,Professional Services,High,Medium,Outsourcing,8.455614451880697,3.5481530928855465
VEN-02997,Medium,Payments,Medium,Medium,Material outsourcing,7.899678476367331,7.899678476367331
VEN-02998,Low,Professional Services,High,Medium,Outsourcing,21.005164427193627,6.331402737146231
VEN-02999,High,Payments,High,Medium,Non-outsourcing,9.789221860073484,3.862720384943148
VEN-03000,Low,Facilities,High,Low,Non-outsourcing,19.508021722108356,3.462942639029216
VEN-03001,Medium,Telecommunications,Medium,Medium,Material outsourcing,9.96198940229895,9.96198940229895
VEN-03002,Low,Cloud,Low,High,Non-outsourcing,10.285260861734113,4.48057268800032
VEN-03003,Low,Technology,Low,Medium,Non-outsourcing,3.491408716100933,3.491408716100933
VEN-03004,Medium,Payments,Medium,High,Material outsourcing,8.202853229324356,1.951697684982571
VEN-03005,Low,Payments,High,Low,Outsourcing,21.29019427608918,11.298639944745034
VEN-03006,Medium,Facilities,High,High,Outsourcing,20.890108835253084,2.44995092640544
VEN-03007,Low,Facilities,Medium,High,Non-outsourcing,8.090968267251556,2.254527314091003
VEN-03008,Low,Cloud,Low,Medium,Outsourcing,2.6829812943048847,2.6829812943048847
VEN-03009,Low,Cloud,Low,Low,Outsourcing,6.30252653173738,0.2393121792618558
VEN-03010,Medium,Telecommunications,High,Medium,Non-outsourcing,8.049774283706157,5.461029820992045
VEN-03011,Low,Payments,Medium,Low,Non-outsourcing,8.079478920930052,3.53572099275991
VEN-03012,Medium,Technology,High,Medium,Non-outsourcing,8.077318388486349,4.192292922234742
VEN-03013,Medium,Cloud,Low,High,Outsourcing,10.918882266173757,2.5132358274459534
VEN-03014,Medium,Cloud,Medium,Medium,Non-outsourcing,5.922665012986431,3.031167851079553
VEN-03015,Low,Payments,Critical,Low,Material outsourcing,10.108574378782889,0.9584540555797352
VEN-03016,Medium,Technology,Low,Low,Non-outsourcing,12.44384610777997,8.226090121806967
VEN-03017,High,Telecommunications,Low,Medium,Non-outsourcing,8.413737388871722,3.879852396056404
VEN-03018,Low,Facilities,High,Medium,Material outsourcing,11.19395522624392,9.321189853704864
VEN-03019,Low,Cloud,Medium,Low,Material outsourcing,23.032782911398414,17.19589126431305
VEN-03020,Low,Facilities,Critical,High,Outsourcing,14.913813919676455,2.00265577292609
VEN-03021,Low,Telecommunications,Critical,Low,Material outsourcing,13.847097821708452,7.185844964259993
VEN-03022,Medium,Telecommunications,High,Medium,Non-outsourcing,8.79414327876167,2.209043317155186
VEN-03023,Low,Technology,Low,Medium,Outsourcing,7.88361583404107,2.752198369840808
VEN-03024,Low,Technology,Medium,Low,Non-outsourcing,10.410562266321271,4.455970009179452
VEN-03025,Low,Telecommunications,High,Medium,Outsourcing,13.697165430866823,13.697165430866823
VEN-03026,Low,Payments,Medium,Medium,Outsourcing,12.000418379713054,3.665179735311513
VEN-03027,Low,Payments,Critical,Medium,Outsourcing,11.400556516741382,4.364755218600316
VEN-03028,Medium,Telecommunications,High,High,Non-outsourcing,16.113309406993864,5.471224646380642
VEN-03029,Low,Payments,Low,Medium,Non-outsourcing,13.30131527816404,4.301985351624483
VEN-03030,Low,Technology,Medium,Medium,Material outsourcing,15.618559754386675,1.9962406369867465
VEN-03031,Medium,Technology,High,High,Outsourcing,6.547584035102528,6.547584035102528
VEN-03032,Low,Professional Services,Low,High,Non-outsourcing,5.382078044053132,3.38753380492949
VEN-03033,Low,Facilities,Medium,Low,Non-outsourcing,22.05014600096737,1.4369653140338046
VEN-03034,Low,Telecommunications,High,High,Non-outsourcing,2.564096125382082,2.564096125382082
VEN-03035,High,Cloud,Low,High,Non-outsourcing,5.760376676790994,5.760376676790994
VEN-03036,Medium,Facilities,Medium,Low,Non-outsourcing,8.75407164575493,2.4905409023900797
VEN-03037,Low,Telecommunications,High,Medium,Outsourcing,19.41117663425504,3.9177813582781424
VEN-03038,Low,Payments,High,Low,Outsourcing,5.281215473136955,4.579918971780746
VEN-03039,Low,Professional Services,Medium,Medium,Outsourcing,3.606177177439674,3.190204013174704
VEN-03040,Low,Payments,Critical,High,Non-outsourcing,6.75113044684833,4.69649576975979
VEN-03041,Low,Technology,Critical,Medium,Non-outsourcing,8.216881205389177,8.216881205389177
VEN-03042,High,Cloud,Medium,Medium,Non-outsourcing,11.12432267753272,4.765218594017981
VEN-03043,Medium,Payments,Low,Low,Material outsourcing,13.993281993487084,6.649806252166373
VEN-03044,Low,Professional Services,High,Medium,Outsourcing,16.372841322462286,3.5542031498394717
VEN-03045,Medium,Professional Services,Low,High,Non-outsourcing,4.628312452564994,4.628312452564994
VEN-03046,High,Technology,High,Low,Outsourcing,2.407921706170344,2.407921706170344
VEN-03047,Low,Cloud,Medium,Medium,Outsourcing,10.932351311721858,7.902608376835363
VEN-03048,Low,Payments,Medium,Medium,Outsourcing,5.220605614638723,3.2989858240332786
VEN-03049,High,Technology,Medium,Medium,Outsourcing,7.754418942131567,4.040538090469415
VEN-03050,Low,Professional Services,Medium,Medium,Material outsourcing,9.022434394676557,8.43107400134322
VEN-03051,Medium,Technology,Critical,Medium,Non-outsourcing,8.061778455456222,3.527041319027683
VEN-03052,Low,Cloud,Low,Medium,Outsourcing,3.3443849063809044,1.990164499239256
VEN-03053,Low,Payments,Critical,Medium,Outsourcing,11.517402452342528,3.200980089636205
VEN-03054,Medium,Payments,Low,Medium,Outsourcing,26.043242528613945,8.255131606548805
VEN-03055,Low,Payments,High,Medium,Non-outsourcing,10.125370254541457,9.06235768795991
VEN-03056,Low,Technology,Critical,Medium,Outsourcing,28.148982734188387,7.320664753804164
VEN-03057,Low,Technology,Medium,High,Non-outsourcing,2.533081669734289,2.533081669734289
VEN-03058,Low,Facilities,Low,Low,Outsourcing,6.6827919103729645,6.6827919103729645
VEN-03059,Low,Payments,High,Low,Outsourcing,23.9173171529554,16.51704817734886
VEN-03060,Low,Technology,High,High,Non-outsourcing,6.576462245527718,6.576462245527718
VEN-03061,Low,Payments,Medium,Low,Material outsourcing,11.945982538494489,4.295672424009613
VEN-03062,Low,Payments,Medium,High,Outsourcing,10.242162882129769,1.5228245627362251
VEN-03063,Low,Professional Services,High,Medium,Outsourcing,8.856460962549999,1.8756690238980085
VEN-03064,Medium,Cloud,Low,High,Material outsourcing,16.466737964400856,2.6204775744923574
VEN-03065,Low,Payments,Medium,Medium,Outsourcing,10.43435436449668,9.282781569010815
VEN-03066,Low,Telecommunications,Medium,High,Non-outsourcing,15.024521495816876,2.7668060334658198
VEN-03067,Low,Telecommunications,Low,Medium,Outsourcing,24.22719342468293,2.747363424136637
VEN-03068,Low,Technology,High,Medium,Outsourcing,16.723985201029162,2.972345766286853
VEN-03069,Medium,Facilities,Medium,Medium,Outsourcing,5.734454804454129,4.682249282931025
VEN-03070,Low,Professional Services,Critical,Low,Material outsourcing,31.17851554088529,5.808551879557881
VEN-03071,Low,Facilities,Medium,Low,Outsourcing,13.757637101931568,5.796315867240211
VEN-03072,High,Payments,Medium,High,Non-outsourcing,9.312041141089782,3.043241218336878
VEN-03073,Medium,Professional Services,Medium,Low,Outsourcing,5.162761021394526,5.162761021394526
VEN-03074,Medium,Technology,Medium,High,Outsourcing,10.77879503050126,4.443636700493527
VEN-03075,Medium,Cloud,High,Medium,Non-outsourcing,6.969970537213677,6.969970537213677
VEN-03076,High,Facilities,High,Medium,Non-outsourcing,4.425429877297718,4.425429877297718
VEN-03077,Low,Technology,High,High,Non-outsourcing,5.447066097718424,2.962356885694131
VEN-03078,Low,Facilities,Medium,Low,Outsourcing,3.977774317623754,3.629765815136584
VEN-03079,Low,Cloud,Medium,Medium,Non-outsourcing,2.9319782477176943,2.5105048387039965
VEN-03080,Low,Telecommunications,Low,Medium,Non-outsourcing,8.565782088291567,1.3853950824387022
VEN-03081,Low,Payments,High,Low,Non-outsourcing,9.77336769903816,5.288876099116962
VEN-03082,Low,Cloud,Medium,Low,Outsourcing,12.814351147031056,2.2208769223100844
VEN-03083,Medium,Payments,Medium,Medium,Non-outsourcing,31.46364799173566,1.6960199321521023
VEN-03084,Medium,Payments,Medium,Low,Non-outsourcing,13.551859495809442,7.87549915710023
VEN-03085,Medium,Technology,Medium,High,Outsourcing,7.810249462251207,7.810249462251207
VEN-03086,Low,Cloud,High,Medium,Non-outsourcing,8.366418001189036,2.756640441614995
VEN-03087,Low,Telecommunications,Medium,Low,Non-outsourcing,11.590010680018755,11.590010680018755
VEN-03088,Low,Facilities,Critical,Medium,Outsourcing,5.607582736853123,5.607582736853123
VEN-03089,Low,Telecommunications,Low,Low,Non-outsourcing,14.724171660019458,5.254971264705022
VEN-03090,High,Payments,Medium,High,Non-outsourcing,8.75756076682879,0.9546109709572556
VEN-03091,Medium,Technology,Low,Medium,Non-outsourcing,15.984273977805188,6.57819540678823
VEN-03092,High,Cloud,High,Low,Non-outsourcing,11.023441667065502,2.005396263314453
VEN-03093,Medium,Cloud,Medium,Medium,Outsourcing,9.284980132419108,2.268586541684977
VEN-03094,High,Technology,Medium,Medium,Material outsourcing,18.248373227700696,7.029627728578502
VEN-03095,Low,Technology,High,Medium,Non-outsourcing,4.275713543562896,4.275713543562896
VEN-03096,Low,Facilities,Medium,Low,Outsourcing,12.520285916481692,5.415771547081151
VEN-03097,Low,Technology,Low,Low,Material outsourcing,3.9570576966778894,3.9570576966778894
VEN-03098,Low,Telecommunications,Medium,Medium,Outsourcing,22.06062363013364,14.51023885783117
VEN-03099,Low,Cloud,Low,Medium,Outsourcing,11.275483674103658,1.3685398621656353
VEN-03100,Low,Payments,High,Medium,Outsourcing,10.140029296986503,7.10126222681937
VEN-03101,High,Payments,High,Low,Outsourcing,16.184499606854274,10.643798813940752
VEN-03102,Low,Cloud,High,Low,Material outsourcing,7.783120325478613,7.783120325478613
VEN-03103,High,Professional Services,High,Medium,Non-outsourcing,8.981337832747926,8.981337832747926
VEN-03104,Medium,Payments,High,Low,Material outsourcing,5.172196589487299,3.305373659578695
VEN-03105,Low,Technology,Medium,Medium,Outsourcing,7.533535988229731,5.945742796791395
VEN-03106,Medium,Cloud,Low,Medium,Outsourcing,14.218287495773064,10.719267588314937
VEN-03107,Low,Cloud,Medium,Low,Outsourcing,9.10426845912935,6.934369545078898
VEN-03108,Low,Technology,Critical,Medium,Non-outsourcing,6.303073968049857,1.803007746301313
VEN-03109,Low,Telecommunications,Critical,Low,Non-outsourcing,18.652509062549505,2.107043530263591
VEN-03110,High,Technology,High,Medium,Material outsourcing,17.405871340954523,9.80114622914281
VEN-03111,Low,Technology,Low,Low,Outsourcing,28.8386822773207,0.4034280642275136
VEN-03112,Low,Professional Services,Low,Medium,Material outsourcing,6.72946195216437,6.72946195216437
VEN-03113,Medium,Professional Services,High,Medium,Non-outsourcing,17.33355980204702,8.13596263305979
VEN-03114,Medium,Cloud,Low,Low,Non-outsourcing,14.02663699590947,6.390573962299023
VEN-03115,Low,Telecommunications,Medium,Medium,Non-outsourcing,11.612272407036045,8.164428713705416
VEN-03116,Low,Technology,Medium,High,Non-outsourcing,22.771224767303437,8.116963759588804
VEN-03117,Low,Facilities,Medium,High,Outsourcing,12.472665900302063,0.5697019240153954
VEN-03118,Medium,Cloud,High,Low,Material outsourcing,7.063723389980009,1.0283835591382016
VEN-03119,Low,Facilities,Critical,Low,Material outsourcing,8.6294820623641,2.784886736187912
VEN-03120,Low,Payments,High,Medium,Outsourcing,4.121960786077037,4.121960786077037
VEN-03121,Low,Technology,Medium,High,Non-outsourcing,13.790762987708373,5.93168711728058
VEN-03122,Low,Professional Services,Medium,Medium,Outsourcing,22.591131545516888,2.1512238913039705
VEN-03123,Low,Professional Services,Critical,Medium,Outsourcing,12.545073033860485,11.077252678615029
VEN-03124,Low,Professional Services,Medium,Medium,Outsourcing,11.625878485592064,11.625878485592064
VEN-03125,Low,Technology,Medium,Low,Outsourcing,15.949371238880408,8.115248685839568
VEN-03126,Low,Technology,High,Medium,Non-outsourcing,14.680651560940529,5.856204913964506
VEN-03127,Low,Facilities,Low,Medium,Non-outsourcing,18.88927028779719,6.4430214617887245
VEN-03128,Low,Cloud,Low,Medium,Material outsourcing,10.402054568872677,2.9943070138198817
VEN-03129,Medium,Facilities,High,Medium,Outsourcing,13.136381998434876,1.7263606297363567
VEN-03130,High,Professional Services,Medium,Medium,Material outsourcing,10.114320370585496,8.995286040353422
VEN-03131,Low,Cloud,Low,Medium,Non-outsourcing,5.110925608866468,5.110925608866468
VEN-03132,High,Telecommunications,Medium,Medium,Outsourcing,5.760859553206103,5.760859553206103
VEN-03133,Low,Telecommunications,Critical,Low,Non-outsourcing,7.331124617888619,6.223527845071893
VEN-03134,Low,Facilities,Medium,High,Material outsourcing,5.01023886812317,1.6199805040508224
VEN-03135,Medium,Telecommunications,Medium,High,Non-outsourcing,11.423466988532695,1.5241588214219806
VEN-03136,Medium,Facilities,Low,High,Outsourcing,16.48300563288023,2.2052201530173243
VEN-03137,Medium,Facilities,Critical,Medium,Non-outsourcing,7.831719482878311,7.831719482878311
VEN-03138,Low,Facilities,High,Low,Non-outsourcing,3.665333000610225,1.4107235599022492
VEN-03139,Medium,Telecommunications,Medium,Medium,Non-outsourcing,6.924537330518223,4.370580118279052
VEN-03140,Low,Cloud,Medium,Medium,Outsourcing,9.140538183409504,3.244527152913937
VEN-03141,Low,Payments,High,Low,Outsourcing,15.894522975328782,1.5719297048511889
VEN-03142,Low,Telecommunications,High,Medium,Material outsourcing,10.870543657835093,6.736780924335343
VEN-03143,High,Technology,High,Medium,Outsourcing,10.85769020077948,10.85769020077948
VEN-03144,Low,Facilities,Critical,Low,Outsourcing,13.450811495838597,4.651186541530637
VEN-03145,Medium,Cloud,Medium,High,Outsourcing,17.162731796616523,1.1953291089715372
VEN-03146,Low,Facilities,Medium,Low,Non-outsourcing,22.155753215499814,3.8451868519291263
VEN-03147,Medium,Payments,Medium,Medium,Outsourcing,7.847553508318308,3.098718452030913
VEN-03148,Medium,Facilities,High,High,Outsourcing,10.403157319148862,3.8641692258507776
VEN-03149,Medium,Professional Services,Medium,Medium,Outsourcing,7.839301273368401,4.18051615004636
VEN-03150,Low,Professional Services,Low,Low,Non-outsourcing,13.096571207564466,13.096571207564466
VEN-03151,Low,Payments,High,Medium,Non-outsourcing,3.646241476993485,3.646241476993485
VEN-03152,Low,Facilities,Medium,High,Non-outsourcing,25.169039489564742,6.423141146642742
VEN-03153,Low,Payments,High,High,Material outsourcing,13.821828113869737,3.0509065309372527
VEN-03154,Low,Professional Services,Low,Medium,Outsourcing,12.734219676511556,8.801679322975057
VEN-03155,Low,Cloud,Medium,Low,Outsourcing,7.02849715394481,7.02849715394481
VEN-03156,Low,Telecommunications,Medium,Medium,Outsourcing,8.508862249533674,7.334810840237532
VEN-03157,Low,Professional Services,High,Low,Outsourcing,5.013972627941023,5.013972627941023
VEN-03158,Low,Cloud,High,High,Non-outsourcing,6.812338645806328,1.5142716099480529
VEN-03159,High,Technology,Medium,Medium,Non-outsourcing,17.163583433029245,6.282100815147245
VEN-03160,Low,Cloud,Medium,High,Outsourcing,4.114145648080688,4.114145648080688
VEN-03161,High,Professional Services,Low,High,Non-outsourcing,27.80237019376333,6.488467903365934
VEN-03162,High,Telecommunications,High,Medium,Non-outsourcing,18.85638036140178,8.04451844770599
VEN-03163,Low,Cloud,Critical,High,Outsourcing,12.597297359000477,3.87602272972494
VEN-03164,Medium,Facilities,High,Medium,Non-outsourcing,6.5384211020668825,2.8672159520414238
VEN-03165,Low,Facilities,Low,Low,Material outsourcing,15.035495547019302,2.0034559406368797
VEN-03166,Medium,Telecommunications,Medium,High,Outsourcing,14.306788497042238,10.429058885814934
VEN-03167,Low,Payments,Medium,Medium,Material outsourcing,7.76215353180125,4.480158679663342
VEN-03168,Low,Payments,Low,High,Material outsourcing,13.66317614551042,9.582336244386434
VEN-03169,Low,Professional Services,Low,Low,Non-outsourcing,9.121243326041004,3.5309677786511555
VEN-03170,Low,Professional Services,Low,Medium,Non-outsourcing,3.4663532057999364,3.4663532057999364
VEN-03171,High,Telecommunications,Low,High,Outsourcing,5.215511208391398,5.150909804529853
VEN-03172,Medium,Payments,High,Low,Non-outsourcing,18.513586932324657,3.849746825623677
VEN-03173,Medium,Facilities,Medium,Medium,Material outsourcing,8.315532834491698,3.873480045047972
VEN-03174,High,Technology,High,Medium,Non-outsourcing,7.212821576792638,7.212821576792638
VEN-03175,Medium,Technology,Critical,Low,Outsourcing,11.395638897756992,6.477576828323682
VEN-03176,Low,Cloud,Medium,Low,Outsourcing,2.783384802061682,2.783384802061682
VEN-03177,Medium,Cloud,Medium,High,Material outsourcing,10.748169728731442,10.748169728731442
VEN-03178,Low,Cloud,High,Low,Outsourcing,11.782201622928618,4.248504440883421
VEN-03179,Low,Payments,Low,Medium,Outsourcing,14.822440404207647,7.421445796928866
VEN-03180,Low,Facilities,Medium,Medium,Non-outsourcing,5.794136372351544,4.670906395994154
VEN-03181,High,Telecommunications,Medium,Medium,Outsourcing,7.684337493984042,3.6518286062042895
VEN-03182,Low,Payments,High,Medium,Outsourcing,11.638277032634004,6.538940994584792
VEN-03183,Low,Telecommunications,High,Low,Outsourcing,6.102017938946409,1.5029963186392457
VEN-03184,Low,Telecommunications,High,High,Outsourcing,12.141888000924595,9.21317651328677
VEN-03185,Low,Professional Services,High,Low,Non-outsourcing,11.37810206235404,6.049660716094922
VEN-03186,Low,Professional Services,Medium,Medium,Non-outsourcing,2.643735328973131,2.643735328973131
VEN-03187,Medium,Payments,High,High,Material outsourcing,16.96353395328591,6.145243000561687
VEN-03188,Medium,Telecommunications,High,Medium,Non-outsourcing,6.197180037519616,1.1274016910060818
VEN-03189,Low,Cloud,Medium,Low,Outsourcing,10.900809390119422,1.9494890652446444
VEN-03190,Low,Cloud,Critical,High,Outsourcing,25.35287271278392,1.959096976924925
VEN-03191,Low,Telecommunications,High,Low,Material outsourcing,6.585821555485538,1.7866696898939114
VEN-03192,Low,Professional Services,Medium,Low,Non-outsourcing,13.498223337237174,4.333428391155208
VEN-03193,Low,Telecommunications,Low,Medium,Non-outsourcing,28.578419559228447,6.125479234473734
VEN-03194,Medium,Payments,Low,High,Material outsourcing,14.540551422426269,14.540551422426269
VEN-03195,Low,Cloud,High,High,Outsourcing,18.78270926478236,10.121376697949012
VEN-03196,Low,Payments,Low,High,Outsourcing,5.434508012803567,0.8588226204652863
VEN-03197,Low,Professional Services,Medium,High,Non-outsourcing,22.06797996908617,13.810508342705296
VEN-03198,Low,Technology,Medium,Low,Non-outsourcing,3.5111543548961066,2.9992743484279982
VEN-03199,Low,Technology,High,Medium,Material outsourcing,14.030743999412111,7.060797724264654
VEN-03200,High,Professional Services,High,Low,Outsourcing,10.661000361804868,4.423617624107233
VEN-03201,Medium,Facilities,High,High,Material outsourcing,8.983303160355955,8.983303160355955
VEN-03202,High,Technology,Medium,High,Material outsourcing,8.141605451086333,8.141605451086333
VEN-03203,High,Cloud,Low,Medium,Outsourcing,14.712573648717589,13.08633536583702
VEN-03204,Low,Technology,High,High,Outsourcing,7.037457926576705,7.037457926576705
VEN-03205,High,Cloud,Low,Medium,Outsourcing,8.385261943834742,3.5182700004372367
VEN-03206,Low,Payments,Medium,Low,Outsourcing,14.083194781378806,8.035409325993452
VEN-03207,Low,Professional Services,Critical,Medium,Outsourcing,18.40126328700105,11.502557046628883
VEN-03208,Low,Technology,Medium,High,Non-outsourcing,10.042272203877786,2.634289189557543
VEN-03209,Low,Telecommunications,Medium,Medium,Material outsourcing,22.522208244490088,6.721066739887258
VEN-03210,Low,Telecommunications,High,Low,Outsourcing,11.743399649627028,8.899996548966389
VEN-03211,Low,Technology,High,High,Material outsourcing,11.157327333048748,3.2802758721625143
VEN-03212,Medium,Technology,Medium,Medium,Non-outsourcing,35.961471468915235,3.892076847027561
VEN-03213,Medium,Facilities,Medium,Medium,Outsourcing,13.03807825986432,4.700020669340357
VEN-03214,Low,Cloud,Low,Medium,Outsourcing,26.741974818756347,6.765991878395594
VEN-03215,Low,Technology,Medium,Medium,Outsourcing,34.39310409897947,5.156164451112701
VEN-03216,Medium,Payments,Medium,Medium,Non-outsourcing,5.554265932599456,5.527917282920893
VEN-03217,Low,Facilities,Medium,Low,Non-outsourcing,6.973841347787362,6.973841347787362
VEN-03218,Low,Technology,High,High,Outsourcing,3.9763289233583783,3.9763289233583783
VEN-03219,Low,Payments,Low,Medium,Material outsourcing,15.272050900904471,12.485178519384023
VEN-03220,Low,Technology,Medium,Medium,Non-outsourcing,15.391302979238436,15.391302979238436
VEN-03221,Low,Professional Services,Low,High,Non-outsourcing,7.87464530256362,2.825816873611722
VEN-03222,Medium,Telecommunications,Medium,Low,Outsourcing,2.520705863195019,2.520705863195019
VEN-03223,Medium,Professional Services,Low,High,Non-outsourcing,13.37465025992064,3.692902808187504
VEN-03224,Medium,Payments,Low,High,Non-outsourcing,4.209026056228357,4.209026056228357
VEN-03225,Low,Professional Services,Critical,High,Outsourcing,9.62145646854573,3.5988964261478005
VEN-03226,Medium,Facilities,Critical,Low,Outsourcing,15.712587913336748,0.7610401780123535
VEN-03227,Medium,Technology,High,Medium,Non-outsourcing,11.580512654892296,8.566745130799925
VEN-03228,Low,Technology,Medium,Medium,Non-outsourcing,18.32085949500974,5.64443813026411
VEN-03229,Low,Payments,High,High,Material outsourcing,9.322085107344982,9.322085107344982
VEN-03230,Low,Cloud,High,High,Outsourcing,7.158279625065619,3.5595662644633475
VEN-03231,Low,Telecommunications,Medium,Medium,Outsourcing,6.391412010852841,4.981937319888999
VEN-03232,Low,Technology,Low,Medium,Non-outsourcing,15.495004294297214,3.4240170590170327
VEN-03233,Low,Payments,High,Low,Outsourcing,10.266670957932805,1.8972154763928908
VEN-03234,Low,Professional Services,Critical,Medium,Outsourcing,6.953949423210689,6.5932131236342
VEN-03235,Low,Payments,Low,High,Non-outsourcing,13.04194861134136,4.999557262989801
VEN-03236,Low,Cloud,Medium,High,Outsourcing,3.7511945318313726,1.0831557271136472
VEN-03237,High,Cloud,Medium,Medium,Outsourcing,11.06686548787172,11.06686548787172
VEN-03238,Low,Payments,Medium,High,Non-outsourcing,12.385783088401553,5.450640931382471
VEN-03239,Low,Technology,High,Low,Outsourcing,13.281872279324272,3.348727426626265
VEN-03240,Low,Payments,Medium,Medium,Non-outsourcing,22.597822951785627,8.644059583331305
VEN-03241,Medium,Facilities,Critical,Medium,Outsourcing,9.045927962004168,9.045927962004168
VEN-03242,Low,Telecommunications,High,Medium,Material outsourcing,12.4829289431618,2.0705551855959903
VEN-03243,High,Professional Services,Low,High,Non-outsourcing,13.55257455376764,1.8044690797760237
VEN-03244,Low,Payments,High,Medium,Non-outsourcing,10.33409870389582,3.8955523958584135
VEN-03245,Low,Payments,High,Low,Non-outsourcing,5.196514278628362,5.196514278628362
VEN-03246,Low,Technology,Medium,Low,Material outsourcing,16.267370210984744,13.386650626802371
VEN-03247,Low,Technology,Medium,Medium,Non-outsourcing,2.4953590595930564,0.37721418529233
VEN-03248,Medium,Professional Services,High,Medium,Non-outsourcing,5.395945817721074,5.395945817721074
VEN-03249,Medium,Facilities,Medium,Medium,Outsourcing,8.904915481927612,5.840846015040735
VEN-03250,Low,Technology,Low,Medium,Outsourcing,5.385209010271018,5.385209010271018
VEN-03251,High,Payments,Medium,Low,Outsourcing,11.04567836816783,10.974081301013063
VEN-03252,Low,Cloud,Medium,High,Material outsourcing,19.24903000103559,5.004214549115377
VEN-03253,Low,Cloud,High,Medium,Non-outsourcing,27.24471322196979,3.831024716002098
VEN-03254,Low,Facilities,Low,Medium,Outsourcing,10.438224375039876,7.217367153563424
VEN-03255,Low,Facilities,Medium,Medium,Outsourcing,12.992671247352078,5.94438891706633
VEN-03256,Medium,Facilities,Medium,Low,Non-outsourcing,11.013368457882372,3.204586307513377
VEN-03257,Low,Professional Services,High,Low,Material outsourcing,10.12877688287892,5.010913583999157
VEN-03258,Low,Payments,Medium,Low,Outsourcing,10.161510149765084,4.1176579692421305
VEN-03259,Low,Professional Services,Critical,Medium,Non-outsourcing,24.65949973120621,5.343758179891618
VEN-03260,Low,Telecommunications,Critical,Low,Non-outsourcing,2.8961635931534704,2.8961635931534704
VEN-03261,Low,Facilities,Low,Medium,Non-outsourcing,16.987065736657318,4.094176341694979
VEN-03262,Medium,Telecommunications,High,High,Material outsourcing,6.541144603012938,6.359300483942663
VEN-03263,Low,Facilities,Low,Medium,Non-outsourcing,9.433099837248228,4.943498527495319
VEN-03264,Low,Technology,High,Medium,Material outsourcing,5.234896531623644,4.90241754937164
VEN-03265,Low,Facilities,Medium,Medium,Non-outsourcing,4.979460200226986,4.40332310651011
VEN-03266,Low,Cloud,Medium,Medium,Material outsourcing,18.37160721946596,7.355744447694156
VEN-03267,Low,Facilities,Low,Low,Outsourcing,7.375416048536299,0.5132051816303717
VEN-03268,Medium,Facilities,Medium,High,Non-outsourcing,10.819935610715468,7.43539088788591
VEN-03269,High,Payments,High,Medium,Non-outsourcing,13.880214354179358,6.082124536350908
VEN-03270,Low,Telecommunications,High,Medium,Outsourcing,22.55847800526931,5.812609071610258
VEN-03271,High,Professional Services,Low,High,Non-outsourcing,5.0860571356431805,5.0860571356431805
VEN-03272,Low,Payments,Medium,Low,Non-outsourcing,23.32666029192478,1.2139004935858242
VEN-03273,Low,Professional Services,Medium,Medium,Outsourcing,12.22911151718732,10.074931914664438
VEN-03274,Medium,Technology,Medium,Low,Material outsourcing,11.946599882036397,4.3062417383785725
VEN-03275,Medium,Cloud,Low,Medium,Outsourcing,8.99546331495807,4.128061968211182
VEN-03276,Medium,Telecommunications,Medium,High,Material outsourcing,8.251972183433134,2.682739197024586
VEN-03277,Low,Payments,High,Low,Outsourcing,3.865292620719023,2.962222749685309
VEN-03278,Low,Telecommunications,Medium,High,Outsourcing,20.005970021377863,1.1704770564228606
VEN-03279,Low,Technology,High,Medium,Non-outsourcing,4.829224302692866,4.829224302692866
VEN-03280,Low,Professional Services,Medium,Medium,Outsourcing,7.667775510589546,3.538707545795751
VEN-03281,Medium,Facilities,Medium,Low,Outsourcing,18.39985903002586,9.050235042581956
VEN-03282,Low,Technology,Medium,Medium,Outsourcing,10.030985051261617,6.584951953919273
VEN-03283,Low,Telecommunications,Low,Medium,Material outsourcing,5.589488980581645,5.589488980581645
VEN-03284,Low,Telecommunications,Low,Low,Outsourcing,16.40168143409783,3.8208939657821968
VEN-03285,Low,Facilities,Critical,Medium,Outsourcing,8.293369836047436,4.559741484622493
VEN-03286,Low,Payments,High,Low,Outsourcing,7.601365152684951,7.601365152684951
VEN-03287,Low,Telecommunications,High,High,Non-outsourcing,4.951717835853225,3.782368167803887
VEN-03288,Low,Professional Services,Low,Medium,Non-outsourcing,7.976366885580778,0.4354826815080598
VEN-03289,Low,Telecommunications,Low,Medium,Material outsourcing,8.862742450489417,4.418219856237675
VEN-03290,Low,Facilities,Low,High,Non-outsourcing,13.728121746551608,2.412050889932431
VEN-03291,Low,Technology,Critical,Medium,Outsourcing,6.874997932353057,4.164916716333897
VEN-03292,Medium,Technology,High,High,Outsourcing,20.30863353734206,5.2938176356857705
VEN-03293,Low,Technology,Medium,High,Material outsourcing,18.65987744888355,2.4456868362536235
VEN-03294,Low,Technology,Critical,Low,Outsourcing,18.65875831379791,1.0911404903018649
VEN-03295,Low,Payments,Low,Medium,Non-outsourcing,11.765014620791206,4.479500193221081
VEN-03296,High,Technology,Medium,Medium,Non-outsourcing,15.841959991565844,12.002798609921156
VEN-03297,Medium,Cloud,Low,Low,Outsourcing,15.093800039693653,5.106601908626596
VEN-03298,Low,Cloud,Medium,Medium,Non-outsourcing,17.62592893461033,6.204963283224664
VEN-03299,Low,Payments,Critical,Low,Outsourcing,18.48313718262272,4.010946906966201
VEN-03300,Low,Payments,High,High,Non-outsourcing,15.432243599415411,6.949447960159569
VEN-03301,High,Telecommunications,Low,Medium,Non-outsourcing,15.60038366048022,8.22125156972207
VEN-03302,Low,Facilities,Low,Medium,Material outsourcing,14.866500003415103,10.62220191506967
VEN-03303,Low,Facilities,Medium,Medium,Material outsourcing,15.616919824449552,12.638417783408812
VEN-03304,High,Cloud,Low,High,Outsourcing,11.198814494766069,6.473113063671795
VEN-03305,Medium,Facilities,Medium,Medium,Non-outsourcing,7.713824874603112,7.713824874603112
VEN-03306,Low,Telecommunications,Medium,High,Material outsourcing,5.718606498781757,5.718606498781757
VEN-03307,Low,Facilities,Medium,High,Outsourcing,4.917500277247324,4.917500277247324
VEN-03308,Low,Facilities,Medium,Low,Material outsourcing,6.020111887880391,5.0300969908217645
VEN-03309,Low,Payments,Low,Low,Non-outsourcing,17.9180066086692,0.81768829146893
VEN-03310,Low,Facilities,Critical,Low,Non-outsourcing,21.81097554401472,17.302597642623414
VEN-03311,High,Cloud,Medium,Medium,Outsourcing,15.234566121681429,5.545705256064975
VEN-03312,High,Professional Services,Medium,Medium,Material outsourcing,12.362892295024984,3.718703330324485
VEN-03313,Low,Technology,Medium,Medium,Non-outsourcing,3.8612158253142512,3.728500446172701
VEN-03314,Low,Facilities,High,High,Non-outsourcing,10.186554779068237,8.147157380645442
VEN-03315,Low,Telecommunications,Low,Low,Outsourcing,7.480632726776817,1.9897585844985253
VEN-03316,Low,Cloud,Low,High,Material outsourcing,7.479617532591154,7.479617532591154
VEN-03317,Medium,Facilities,High,Medium,Outsourcing,11.565490963241857,6.41457456602871
VEN-03318,Low,Telecommunications,High,Medium,Material outsourcing,15.180516831189204,3.1607540646839194
VEN-03319,Low,Payments,Medium,Low,Outsourcing,10.960608239364678,7.445002456585705
VEN-03320,Low,Professional Services,Medium,Medium,Material outsourcing,29.7771779788936,8.604056754311182
VEN-03321,Low,Professional Services,Critical,High,Outsourcing,12.16966830401574,3.060681045643252
VEN-03322,Low,Payments,Low,Medium,Non-outsourcing,3.5034297095181315,3.5034297095181315
VEN-03323,Medium,Telecommunications,Low,Medium,Outsourcing,24.75075811708224,4.042447129883656
VEN-03324,Medium,Cloud,Medium,Medium,Outsourcing,10.643025850691757,10.643025850691757
VEN-03325,Low,Payments,Medium,Medium,Outsourcing,21.74000457409569,4.098322639900846
VEN-03326,Medium,Technology,Medium,Medium,Non-outsourcing,5.262013574542458,4.416053568909124
VEN-03327,Low,Telecommunications,High,Medium,Outsourcing,4.840928818944749,0.5050136347028625
VEN-03328,Medium,Cloud,Medium,High,Outsourcing,6.838264500138483,6.838264500138483
VEN-03329,Low,Cloud,Medium,Medium,Non-outsourcing,5.965893939848352,4.164277673624538
VEN-03330,Low,Payments,Medium,Low,Material outsourcing,17.67645267839051,4.057498515427481
VEN-03331,High,Telecommunications,High,High,Non-outsourcing,19.94872082299851,10.984312598252124
VEN-03332,Low,Telecommunications,Low,Medium,Non-outsourcing,14.191118700171554,6.797004894869822
VEN-03333,Low,Telecommunications,Medium,High,Non-outsourcing,12.666928875679904,2.8040585534996496
VEN-03334,Low,Telecommunications,High,Medium,Outsourcing,3.710253888954348,3.710253888954348
VEN-03335,Low,Cloud,Medium,Low,Non-outsourcing,7.246234310152642,6.94895756642952
VEN-03336,Low,Professional Services,Low,Medium,Outsourcing,7.838234398964316,4.57782545709961
VEN-03337,Low,Technology,Medium,Low,Outsourcing,4.286987521428489,4.286987521428489
VEN-03338,Medium,Payments,High,High,Outsourcing,10.36320277105121,4.443264797330275
VEN-03339,Low,Cloud,Low,High,Material outsourcing,14.377270110278069,5.149133985008619
VEN-03340,Low,Cloud,High,Medium,Material outsourcing,16.718303317871925,5.291547012087097
VEN-03341,Low,Technology,High,Medium,Non-outsourcing,14.894718601962264,8.248259498980163
VEN-03342,Medium,Professional Services,Medium,Medium,Non-outsourcing,9.292930297369043,2.593373041456466
VEN-03343,Low,Payments,Low,Medium,Non-outsourcing,8.15436191647296,8.15436191647296
VEN-03344,Low,Payments,High,Low,Outsourcing,9.6015177220916,9.6015177220916
VEN-03345,Low,Facilities,Low,High,Non-outsourcing,10.211912226514782,1.621604534335672
VEN-03346,Medium,Facilities,Critical,Medium,Outsourcing,5.814258269786827,2.734360634728607
VEN-03347,Medium,Professional Services,High,Medium,Outsourcing,8.400762029071362,1.4189109968309803
VEN-03348,Low,Professional Services,Low,Low,Outsourcing,7.60369162099277,0.6979399331435073
VEN-03349,Medium,Facilities,High,High,Non-outsourcing,23.232423720038952,2.674444453992806
VEN-03350,Low,Telecommunications,Medium,High,Non-outsourcing,17.457340799528797,2.818036096178279
VEN-03351,Low,Technology,Medium,Medium,Non-outsourcing,14.299911236384888,8.634764294893506
VEN-03352,Low,Technology,Medium,Low,Outsourcing,6.402706500097005,6.402706500097005
VEN-03353,Low,Professional Services,Medium,High,Outsourcing,15.785953128712642,6.165476724568859
VEN-03354,Low,Professional Services,High,Medium,Outsourcing,7.110780831591303,7.110780831591303
VEN-03355,Low,Cloud,High,High,Outsourcing,15.876937290869323,8.15940162944062
VEN-03356,Low,Cloud,Medium,High,Outsourcing,9.444739360962124,3.2921708542186296
VEN-03357,Low,Facilities,Medium,High,Non-outsourcing,19.004699358577064,6.6803892918624985
VEN-03358,Low,Technology,High,Low,Non-outsourcing,4.733461004357452,2.41429539781173
VEN-03359,Medium,Technology,High,Medium,Non-outsourcing,15.485301856532516,5.149144060922114
VEN-03360,Medium,Professional Services,Medium,High,Non-outsourcing,19.844227462469384,5.931498388373429
VEN-03361,Low,Facilities,Medium,Medium,Non-outsourcing,9.72452918704461,7.5590026283614336
VEN-03362,Low,Facilities,High,High,Outsourcing,9.353115327531173,9.353115327531173
VEN-03363,Low,Technology,Medium,Medium,Non-outsourcing,10.879749214763464,1.891890529593637
VEN-03364,Low,Cloud,Low,High,Non-outsourcing,14.219553243708788,5.055246470716465
VEN-03365,Low,Professional Services,Medium,Medium,Non-outsourcing,7.969875440696575,7.969875440696575
VEN-03366,Low,Facilities,Medium,Low,Non-outsourcing,7.316416950492787,3.103921971996604
VEN-03367,Medium,Technology,Low,Medium,Non-outsourcing,24.997491006986152,2.501888845716276
VEN-03368,Low,Telecommunications,Low,Low,Non-outsourcing,9.108183383054698,8.049471402931994
VEN-03369,Low,Facilities,High,Medium,Non-outsourcing,10.543956838441115,7.266304065432141
VEN-03370,Low,Payments,Critical,High,Material outsourcing,8.538238542082894,1.4307422629121676
VEN-03371,Medium,Payments,Medium,Low,Non-outsourcing,14.80397180935016,3.4709799833542485
VEN-03372,Low,Professional Services,Low,High,Non-outsourcing,7.599482591260543,2.1913962075844826
VEN-03373,Medium,Technology,High,Low,Outsourcing,10.095149280284913,2.1993489504847803
VEN-03374,Low,Cloud,Medium,Medium,Non-outsourcing,17.969912412175496,6.925200385569596
VEN-03375,Low,Telecommunications,Critical,High,Outsourcing,16.78146373588975,6.915295353158436
VEN-03376,Low,Cloud,Medium,Medium,Non-outsourcing,9.015199729695995,5.0750564661169255
VEN-03377,Low,Professional Services,Low,High,Material outsourcing,11.029500132688876,1.8689045896826104
VEN-03378,High,Facilities,Medium,High,Material outsourcing,6.58970773960582,2.256571818525224
VEN-03379,Low,Professional Services,Medium,Medium,Outsourcing,11.021569215367157,6.543935184098937
VEN-03380,High,Professional Services,High,High,Non-outsourcing,27.36553247716389,1.5820189479639055
VEN-03381,Low,Facilities,Low,Low,Outsourcing,16.205734977567328,1.0550944622415477
VEN-03382,Medium,Professional Services,High,Medium,Non-outsourcing,6.560256525157096,3.669864560345817
VEN-03383,High,Telecommunications,High,Medium,Outsourcing,4.33591697124452,4.33591697124452
VEN-03384,Low,Technology,High,High,Non-outsourcing,6.652762759145798,1.210794215831468
VEN-03385,Low,Payments,High,Medium,Outsourcing,5.356837841909255,5.356837841909255
VEN-03386,Medium,Cloud,Low,Medium,Non-outsourcing,10.138680882828496,4.706027263603829
VEN-03387,Low,Cloud,Medium,High,Outsourcing,18.747896552143796,2.090475359545416
VEN-03388,High,Telecommunications,High,Low,Non-outsourcing,10.202995716482876,5.413314197189679
VEN-03389,Low,Professional Services,Medium,High,Non-outsourcing,7.652489608813047,0.8301291974205394
VEN-03390,Low,Professional Services,Low,Low,Outsourcing,9.124785585735438,3.887840883052015
VEN-03391,Low,Technology,Medium,Medium,Outsourcing,14.045771879868145,4.012140144901103
VEN-03392,Medium,Payments,Low,Medium,Non-outsourcing,11.888694335331415,5.133829173391267
VEN-03393,High,Telecommunications,High,Medium,Non-outsourcing,6.740726078737399,5.564565842460644
VEN-03394,Low,Professional Services,Medium,Medium,Material outsourcing,16.2536797207514,8.305409631298698
VEN-03395,Medium,Professional Services,High,High,Outsourcing,6.010214025938664,4.932271346641012
VEN-03396,High,Technology,Critical,High,Outsourcing,11.46292121295706,1.5300183681357686
VEN-03397,Low,Professional Services,Medium,Low,Outsourcing,8.45790534827919,2.509837548289638
VEN-03398,Low,Telecommunications,High,Low,Outsourcing,9.745186260465534,9.745186260465534
VEN-03399,Medium,Facilities,Low,Low,Outsourcing,6.160832531556439,1.2047100394755694
VEN-03400,Low,Facilities,Low,Medium,Non-outsourcing,11.09473210326694,11.09473210326694
VEN-03401,Low,Cloud,Low,Low,Outsourcing,5.782178538619356,5.782178538619356
VEN-03402,Medium,Payments,Medium,Medium,Outsourcing,8.132275852438926,1.5034262900771012
VEN-03403,Low,Payments,Medium,High,Non-outsourcing,9.433594161733213,9.27873109078338
VEN-03404,High,Facilities,Medium,High,Outsourcing,6.809738628520764,6.664949556041147
VEN-03405,Medium,Professional Services,Low,High,Non-outsourcing,20.41992172535957,10.36087111086781
VEN-03406,Medium,Cloud,Low,Low,Non-outsourcing,8.119421097811378,2.594435367487387
VEN-03407,Low,Technology,High,Medium,Outsourcing,9.09577117618536,6.6846718449818345
VEN-03408,Low,Technology,Low,Low,Material outsourcing,10.892523464222482,3.063321755586072
VEN-03409,Low,Professional Services,High,Medium,Non-outsourcing,4.879014207362704,2.12045649570726
VEN-03410,Low,Professional Services,Critical,Medium,Outsourcing,3.799795363697525,3.799795363697525
VEN-03411,Medium,Cloud,High,High,Non-outsourcing,9.440690367686498,8.123547679899737
VEN-03412,Low,Professional Services,Medium,Medium,Outsourcing,4.189986509083775,4.189986509083775
VEN-03413,Low,Professional Services,High,Low,Outsourcing,12.75473160603088,9.708360316641103
VEN-03414,Low,Payments,High,Medium,Outsourcing,13.064319457909953,2.755184737257993
VEN-03415,Low,Professional Services,Critical,High,Non-outsourcing,12.75212112900443,12.75212112900443
VEN-03416,Low,Facilities,Critical,Low,Non-outsourcing,15.632747934243238,5.266286016950801
VEN-03417,Low,Facilities,Medium,High,Outsourcing,9.418784892511027,2.02763607111088
VEN-03418,Medium,Facilities,Medium,Low,Non-outsourcing,20.71544913851269,9.249943254328144
VEN-03419,Low,Professional Services,High,Low,Non-outsourcing,12.1174581440273,4.779547809376854
VEN-03420,Medium,Technology,Low,High,Non-outsourcing,19.88283904739368,2.6822432132234497
VEN-03421,Medium,Technology,Medium,Low,Outsourcing,15.273668980959386,3.362668326196909
VEN-03422,Low,Technology,High,Medium,Non-outsourcing,9.592158663665533,4.801672934885549
VEN-03423,Medium,Facilities,High,Low,Outsourcing,12.071848395119384,1.0203525633647044
VEN-03424,Low,Cloud,Medium,Medium,Non-outsourcing,13.993059411870655,12.716652470989978
VEN-03425,Low,Cloud,Medium,Medium,Outsourcing,3.658938804501784,3.658938804501784
VEN-03426,Low,Payments,Low,High,Material outsourcing,4.920780943412675,4.920780943412675
VEN-03427,Low,Technology,Medium,High,Non-outsourcing,22.70596186231232,4.05820772592648
VEN-03428,Medium,Facilities,Critical,Medium,Outsourcing,13.924883718870175,10.014904497044848
VEN-03429,High,Technology,High,Medium,Outsourcing,17.703509853017085,13.180250876295576
VEN-03430,Medium,Facilities,Medium,Low,Non-outsourcing,20.457895830809555,1.8364500699044093
VEN-03431,Low,Professional Services,Low,Medium,Outsourcing,9.353556498479032,5.267599036308426
VEN-03432,Low,Cloud,High,Medium,Material outsourcing,20.077023044631183,6.397444433916726
VEN-03433,High,Facilities,High,Low,Outsourcing,9.65223869603556,9.65223869603556
VEN-03434,Low,Telecommunications,Medium,High,Material outsourcing,13.866301665887637,7.915756705013915
VEN-03435,Low,Professional Services,Medium,Medium,Outsourcing,21.48874042569853,6.678642172777509
VEN-03436,Low,Cloud,Low,Low,Outsourcing,14.74889833714369,4.931905099785142
VEN-03437,Low,Facilities,High,High,Non-outsourcing,6.041447727512173,1.6475882392663248
VEN-03438,Low,Facilities,Medium,Medium,Material outsourcing,10.012029720758992,5.524301597272275
VEN-03439,Low,Professional Services,Medium,Medium,Outsourcing,12.322870378562753,4.187660693028415
VEN-03440,Low,Professional Services,Critical,Low,Non-outsourcing,14.344387324210778,1.826059668832136
VEN-03441,Low,Cloud,High,Medium,Outsourcing,18.89778902626422,13.2004712494713
VEN-03442,Low,Professional Services,Critical,Medium,Outsourcing,14.403412951887924,5.21113657940234
VEN-03443,Low,Technology,Medium,Low,Material outsourcing,10.25305234661322,7.775020068134759
VEN-03444,Low,Professional Services,Medium,Medium,Outsourcing,9.14191399717783,4.326091673473246
VEN-03445,Medium,Professional Services,Critical,Low,Material outsourcing,9.402677101192776,2.3102610439446174
VEN-03446,Low,Professional Services,Critical,Low,Outsourcing,8.199344322637213,8.147867040826602
VEN-03447,Medium,Technology,Critical,Low,Outsourcing,7.9901285070705885,7.9901285070705885
VEN-03448,Medium,Technology,High,Medium,Outsourcing,17.51290176329201,9.865203835351164
VEN-03449,Low,Payments,Medium,Low,Non-outsourcing,11.446870853557163,6.869016944641552
VEN-03450,Medium,Professional Services,Low,High,Non-outsourcing,8.2889917188777,4.2274573911185005
VEN-03451,Medium,Technology,Medium,Medium,Material outsourcing,10.742747612578755,6.024241846715991
VEN-03452,Low,Professional Services,Critical,Low,Material outsourcing,8.589781273725439,7.980889268807875
VEN-03453,Low,Payments,Medium,Medium,Material outsourcing,3.9404754666532975,3.9404754666532975
VEN-03454,Low,Technology,High,Low,Non-outsourcing,14.493875793737566,7.910175494820415
VEN-03455,High,Payments,Critical,Medium,Non-outsourcing,18.06867309315673,4.462654042619928
VEN-03456,Medium,Payments,Critical,High,Material outsourcing,16.498463817382824,0.7691615938150195
VEN-03457,High,Technology,Critical,Medium,Non-outsourcing,15.99910628065106,2.416151286606815
VEN-03458,High,Telecommunications,Medium,Medium,Outsourcing,5.814534589364955,4.629569886188626
VEN-03459,Low,Technology,Medium,Medium,Non-outsourcing,20.0288357310369,5.518395048917919
VEN-03460,Medium,Facilities,Critical,Low,Material outsourcing,7.795864873198102,7.795864873198102
VEN-03461,Low,Facilities,Low,High,Outsourcing,5.290722752745859,5.290722752745859
VEN-03462,Medium,Telecommunications,Low,Medium,Non-outsourcing,2.73935543548787,1.2860293589215064
VEN-03463,Low,Facilities,Critical,Medium,Outsourcing,12.182095936616513,7.977041572709481
VEN-03464,Low,Facilities,High,High,Non-outsourcing,20.277753595692698,4.080746057246526
VEN-03465,Medium,Telecommunications,Medium,Medium,Outsourcing,18.86901694972397,1.6349661988806274
VEN-03466,Medium,Cloud,Low,High,Outsourcing,10.931610910099748,7.931022201521429
VEN-03467,Low,Payments,Medium,Medium,Outsourcing,17.247396686226836,8.746141467945423
VEN-03468,Low,Telecommunications,Critical,Low,Non-outsourcing,27.84682548626712,5.727214667224337
VEN-03469,Low,Professional Services,Medium,Low,Non-outsourcing,8.871381040502905,6.481544951915005
VEN-03470,High,Technology,Medium,Medium,Non-outsourcing,13.60756353640314,5.600634682971585
VEN-03471,Low,Facilities,Medium,Medium,Material outsourcing,20.474930656352957,7.764722227558268
VEN-03472,Low,Cloud,High,Medium,Non-outsourcing,5.390644541698948,4.547838127718395
VEN-03473,Low,Technology,Critical,Medium,Outsourcing,5.66649369476917,0.6958676860647508
VEN-03474,Low,Technology,Medium,Medium,Non-outsourcing,22.10231400547189,2.4475056316046078
VEN-03475,Low,Cloud,Medium,Medium,Material outsourcing,17.488970182828503,2.832348968365374
VEN-03476,Low,Facilities,Medium,Medium,Outsourcing,7.416202449174367,4.0985146760831945
VEN-03477,Medium,Payments,Medium,Medium,Non-outsourcing,6.171863629502722,4.421192132921543
VEN-03478,High,Telecommunications,Low,High,Outsourcing,5.761501221182678,5.761501221182678
VEN-03479,High,Professional Services,Medium,Low,Outsourcing,11.985698684150153,5.154384577293598
VEN-03480,Low,Payments,Medium,High,Outsourcing,7.49490594223407,6.479175914712108
VEN-03481,Low,Payments,Medium,Low,Material outsourcing,7.580620182278337,4.670766232803548
VEN-03482,Medium,Facilities,Medium,Low,Outsourcing,5.776343860548616,5.606126763185446
VEN-03483,Medium,Technology,Low,Medium,Material outsourcing,11.120120417432414,6.4313251197340575
VEN-03484,Low,Professional Services,Low,Low,Outsourcing,5.388244272956262,5.388244272956262
VEN-03485,Medium,Payments,High,Low,Non-outsourcing,14.626251347942569,9.746193719435226
VEN-03486,Medium,Technology,Low,Low,Outsourcing,19.167139282716704,1.5864444757230032
VEN-03487,Medium,Telecommunications,Low,Medium,Outsourcing,12.256552718927114,2.9152027195870147
VEN-03488,Medium,Technology,Critical,Medium,Non-outsourcing,17.447864152637326,4.077091523132742
VEN-03489,Low,Cloud,Low,Low,Outsourcing,10.008635252445364,9.265977275373585
VEN-03490,Low,Technology,High,Medium,Non-outsourcing,6.943488564739942,6.041410938215051
VEN-03491,Low,Professional Services,Medium,Low,Non-outsourcing,8.918851804766785,4.407345602719321
VEN-03492,Low,Technology,High,High,Material outsourcing,4.322312893020508,1.96208668350316
VEN-03493,Medium,Professional Services,Medium,Low,Non-outsourcing,7.796152569359015,7.796152569359015
VEN-03494,Low,Facilities,Low,Medium,Outsourcing,9.7581200822139,9.7581200822139
VEN-03495,Low,Technology,High,Medium,Non-outsourcing,10.879575663963376,2.540435105425805
VEN-03496,Medium,Facilities,High,Medium,Outsourcing,17.719012206315213,1.2449009580341956
VEN-03497,Medium,Telecommunications,Medium,High,Material outsourcing,20.854750496905456,4.87069635145036
VEN-03498,Medium,Professional Services,High,Medium,Outsourcing,12.005050371657449,4.956233131805773
VEN-03499,Low,Technology,Medium,Medium,Outsourcing,6.037559262700641,6.037559262700641
VEN-03500,Medium,Telecommunications,Critical,Medium,Non-outsourcing,6.003263301911673,3.3060802491495425
VEN-03501,Low,Payments,High,Medium,Non-outsourcing,7.871730355080998,2.896391142162201
VEN-03502,Low,Technology,Low,Medium,Outsourcing,7.167579980838843,2.810717941690405
VEN-03503,Low,Professional Services,High,Low,Outsourcing,12.140012772467218,2.0818813315342437
VEN-03504,Low,Payments,Critical,Low,Outsourcing,6.218749308532547,4.483719195031504
VEN-03505,Medium,Technology,High,Low,Outsourcing,21.112198304634887,8.507366273975537
VEN-03506,Low,Telecommunications,Low,High,Non-outsourcing,16.338107538566298,8.742056868449767
VEN-03507,Low,Facilities,High,High,Non-outsourcing,18.04127449147159,2.1623857634256227
VEN-03508,Medium,Cloud,Medium,Low,Material outsourcing,7.677411007796977,7.677411007796977
VEN-03509,Medium,Professional Services,Medium,Medium,Outsourcing,6.217412385111432,5.2073997557342135
VEN-03510,Low,Professional Services,High,Medium,Outsourcing,7.442719815454765,0.9551939645453896
VEN-03511,High,Cloud,Medium,Medium,Outsourcing,11.292199579507956,7.896287916325256
VEN-03512,Medium,Technology,High,Medium,Material outsourcing,10.681341078028744,9.836801420866225
VEN-03513,High,Professional Services,High,Medium,Material outsourcing,20.04812945887181,3.4646431465366265
VEN-03514,High,Telecommunications,Medium,Low,Non-outsourcing,21.874752624848,5.129491445875521
VEN-03515,High,Payments,Critical,Medium,Material outsourcing,11.603136829866946,4.376094866688868
VEN-03516,Medium,Cloud,Medium,Low,Non-outsourcing,4.919542666383364,4.919542666383364
VEN-03517,Low,Payments,Medium,Low,Non-outsourcing,9.228737830811646,4.282295884930655
VEN-03518,Low,Professional Services,Medium,Medium,Material outsourcing,34.22824266412675,5.818136762999911
VEN-03519,Low,Cloud,Low,Medium,Non-outsourcing,5.079993554727552,0.6535772070705317
VEN-03520,Medium,Payments,High,High,Non-outsourcing,12.38811440248632,3.359745364969846
VEN-03521,Low,Cloud,Medium,Low,Outsourcing,7.417552527047265,4.637240256154108
VEN-03522,Medium,Technology,Critical,Medium,Material outsourcing,26.3852356129485,7.311020907159645
VEN-03523,Low,Payments,Critical,High,Non-outsourcing,12.948900987092667,0.6627239891652712
VEN-03524,Low,Facilities,High,Medium,Outsourcing,7.457652500241027,7.457652500241027
VEN-03525,Low,Facilities,Low,High,Outsourcing,8.516470820660231,5.153742990983211
VEN-03526,Low,Cloud,High,High,Non-outsourcing,3.504767355051577,3.504767355051577
VEN-03527,Low,Cloud,Low,High,Outsourcing,12.29388887566097,6.361681423358501
VEN-03528,Low,Telecommunications,High,High,Outsourcing,12.483732992942231,11.43608139122673
VEN-03529,Medium,Facilities,Medium,Medium,Outsourcing,5.039244644660869,5.039244644660869
VEN-03530,Low,Payments,Critical,Medium,Outsourcing,14.530452629974178,1.320094021649147
VEN-03531,Low,Telecommunications,Medium,High,Material outsourcing,21.72741330418779,7.535594226775694
VEN-03532,Low,Facilities,Medium,High,Outsourcing,5.671335912354186,5.49901014309257
VEN-03533,Low,Technology,Critical,Low,Non-outsourcing,14.36638402371162,3.1993432579048
VEN-03534,Low,Telecommunications,Medium,Medium,Outsourcing,14.547612556249252,5.661541624319681
VEN-03535,Medium,Professional Services,High,Low,Outsourcing,11.635496947374094,6.731745447163548
VEN-03536,Medium,Professional Services,Critical,High,Non-outsourcing,12.031715215300633,5.868819959462376
VEN-03537,Low,Professional Services,Medium,Low,Outsourcing,8.346984606045416,1.6143455735098156
VEN-03538,Low,Telecommunications,Medium,Medium,Outsourcing,3.421844075558885,3.421844075558885
VEN-03539,Low,Payments,Medium,Medium,Non-outsourcing,12.799406952908,8.24900441213146
VEN-03540,Low,Professional Services,High,Low,Non-outsourcing,16.21441580164698,4.932736359028235
VEN-03541,Medium,Technology,Critical,High,Outsourcing,6.448294125239052,4.072000079177347
VEN-03542,Low,Professional Services,Medium,Medium,Non-outsourcing,7.501199329333327,7.501199329333327
VEN-03543,Medium,Technology,High,Low,Material outsourcing,7.026615229301987,5.831901058421061
VEN-03544,Low,Facilities,Medium,Low,Non-outsourcing,13.272657128942347,1.7018897965153506
VEN-03545,Low,Cloud,Medium,High,Outsourcing,12.348395023430498,11.676822344344108
VEN-03546,Low,Professional Services,High,Medium,Outsourcing,6.676737325996214,3.6362815293038895
VEN-03547,Low,Cloud,High,Medium,Non-outsourcing,10.537423169557984,1.6867192727302944
VEN-03548,High,Cloud,Medium,Medium,Outsourcing,10.718180064351824,5.911411037123542
VEN-03549,Low,Technology,Medium,High,Non-outsourcing,12.913950280747116,3.057520659490002
VEN-03550,Medium,Facilities,Low,High,Non-outsourcing,8.830193072500578,4.5893547014981575
VEN-03551,Medium,Facilities,Low,Medium,Outsourcing,18.462307272624013,6.535886220139163
VEN-03552,Low,Professional Services,Medium,Medium,Non-outsourcing,12.999610333022224,0.2814766744707096
VEN-03553,Low,Telecommunications,High,High,Outsourcing,18.30305087475198,5.426516981173861
VEN-03554,Low,Professional Services,Medium,Medium,Outsourcing,12.833833674953956,10.138623240161948
VEN-03555,Low,Technology,Medium,Medium,Non-outsourcing,13.400517546146792,1.826794740905196
VEN-03556,Medium,Facilities,High,High,Non-outsourcing,4.5055299314941335,0.531755463519588
VEN-03557,Low,Payments,Low,High,Material outsourcing,12.338737762432912,8.431544156111466
VEN-03558,High,Professional Services,Low,Medium,Non-outsourcing,10.410184107475004,5.255581038915353
VEN-03559,Low,Facilities,Critical,High,Outsourcing,19.251470255263342,7.0517954145186135
VEN-03560,Low,Telecommunications,Low,Medium,Non-outsourcing,17.905983431248206,3.6705973058013166
VEN-03561,Medium,Payments,Medium,Medium,Material outsourcing,20.24858908764349,5.798478400278324
VEN-03562,Low,Professional Services,Medium,Low,Non-outsourcing,7.599080383131302,7.599080383131302
VEN-03563,High,Technology,Low,Medium,Outsourcing,10.806886056828835,7.119834832353122
VEN-03564,Low,Professional Services,Medium,Medium,Outsourcing,21.201518092771355,2.009167537435648
VEN-03565,High,Facilities,Low,Medium,Non-outsourcing,7.49318581447776,7.49318581447776
VEN-03566,Medium,Facilities,Medium,High,Outsourcing,19.31470788259412,4.738386689830822
VEN-03567,Medium,Payments,High,Low,Non-outsourcing,18.27134649891771,0.7458348888865548
VEN-03568,Low,Technology,Medium,High,Non-outsourcing,10.624495756241055,2.660259563618013
VEN-03569,Medium,Facilities,Medium,Medium,Non-outsourcing,23.84707632819168,2.219569661948122
VEN-03570,Low,Facilities,Medium,Low,Outsourcing,18.66018099890216,4.580346968650735
VEN-03571,Medium,Technology,Critical,Low,Material outsourcing,5.4248047491891205,5.4248047491891205
VEN-03572,Low,Facilities,Low,Medium,Non-outsourcing,22.033223591736707,8.185206152795889
VEN-03573,Low,Technology,High,Medium,Material outsourcing,10.638733935699772,3.144704717366871
VEN-03574,Low,Professional Services,Medium,Medium,Outsourcing,13.260784424926657,6.679586855953344
VEN-03575,Low,Facilities,Critical,Medium,Non-outsourcing,13.294841660276564,3.4720046803768487
VEN-03576,Low,Telecommunications,Medium,Medium,Non-outsourcing,14.90822434345156,4.04140514874215
VEN-03577,Medium,Telecommunications,Low,Low,Non-outsourcing,21.42891470124523,6.1208250461369245
VEN-03578,Low,Telecommunications,Medium,Medium,Non-outsourcing,13.171251078254931,1.82070223154412
VEN-03579,Medium,Payments,Low,Low,Outsourcing,10.261424523909472,4.295805319038011
VEN-03580,Low,Cloud,High,Low,Outsourcing,6.5623230253432805,4.339089996531379
VEN-03581,Medium,Professional Services,High,Low,Non-outsourcing,8.572308812773556,2.864477364051486
VEN-03582,Medium,Professional Services,High,Medium,Outsourcing,18.03406520270493,6.613608606990349
VEN-03583,Low,Telecommunications,Low,Medium,Non-outsourcing,19.95123365188173,6.651033626014688
VEN-03584,Medium,Payments,High,High,Material outsourcing,9.092592763594032,2.3801122618771644
VEN-03585,High,Technology,Medium,High,Outsourcing,16.344981537414665,1.765821866313119
VEN-03586,Medium,Telecommunications,Critical,Medium,Non-outsourcing,8.188336261795268,4.773610319891773
VEN-03587,Low,Facilities,High,Medium,Outsourcing,3.890956360181527,2.5869167749862703
VEN-03588,Low,Facilities,Medium,Low,Non-outsourcing,4.954673848488943,3.71135855114088
VEN-03589,Medium,Technology,High,Medium,Material outsourcing,18.845289654385667,0.2452054012268412
VEN-03590,Low,Facilities,Medium,Medium,Non-outsourcing,4.01497980453717,4.01497980453717
VEN-03591,Medium,Payments,Medium,Low,Material outsourcing,15.653842790656828,3.838846555780849
VEN-03592,Low,Facilities,Low,High,Material outsourcing,12.662461099224169,1.879994297312804
VEN-03593,Medium,Facilities,High,Low,Outsourcing,19.417368238494877,7.888026338971575
VEN-03594,Low,Telecommunications,Medium,Low,Outsourcing,11.967679302206106,3.772012898300369
VEN-03595,Low,Cloud,Low,High,Outsourcing,14.15031885446789,5.174865300061658
VEN-03596,High,Payments,High,Medium,Non-outsourcing,12.503014300460816,7.625753501810555
VEN-03597,Medium,Technology,Low,Medium,Material outsourcing,13.34044615005551,6.887977887413343
VEN-03598,Medium,Facilities,High,Low,Outsourcing,11.001433191003407,1.475305467891899
VEN-03599,High,Cloud,Low,Medium,Material outsourcing,14.285084650397405,5.340354267919959
VEN-03600,Low,Technology,Medium,High,Outsourcing,9.62672394355669,2.829260403587739
VEN-03601,Low,Professional Services,High,Medium,Non-outsourcing,17.4173207173032,9.30301683642459
VEN-03602,Low,Professional Services,Low,Medium,Non-outsourcing,11.858246956646122,11.858246956646122
VEN-03603,Low,Payments,High,Medium,Non-outsourcing,16.77273722557351,10.07448167530752
VEN-03604,Low,Facilities,Medium,Medium,Non-outsourcing,7.57042047755642,7.57042047755642
VEN-03605,High,Payments,High,Medium,Outsourcing,9.198007770198704,4.6147779652405445
VEN-03606,Low,Professional Services,Low,Low,Non-outsourcing,5.021162430641748,5.021162430641748
VEN-03607,Low,Cloud,High,Low,Material outsourcing,13.465156460160934,1.0750671555880744
VEN-03608,Low,Professional Services,Medium,Medium,Non-outsourcing,13.15981598914876,3.0745856461375287
VEN-03609,Low,Technology,Medium,High,Outsourcing,8.466339509837272,6.6982245634449376
VEN-03610,Low,Cloud,Medium,High,Non-outsourcing,11.281005461289649,4.238282529038845
VEN-03611,Medium,Payments,Medium,High,Non-outsourcing,6.484700142960005,2.1156476012611054
VEN-03612,Low,Telecommunications,Medium,Medium,Outsourcing,18.26812971543325,6.588281666731808
VEN-03613,Low,Telecommunications,Low,High,Non-outsourcing,17.97391012698104,11.285919933347271
VEN-03614,Medium,Facilities,Medium,High,Outsourcing,11.005681737909889,10.680571009348965
VEN-03615,Low,Technology,High,Low,Outsourcing,10.013082115545444,3.110252339925351
VEN-03616,Medium,Cloud,Medium,Medium,Non-outsourcing,4.469431159539283,4.469431159539283
VEN-03617,Low,Telecommunications,Low,Low,Outsourcing,16.53666518871458,3.5337404279068
VEN-03618,Low,Professional Services,Medium,High,Non-outsourcing,7.129505442817248,5.424342422525147
VEN-03619,Low,Cloud,Medium,High,Non-outsourcing,17.227747040571664,9.0150779909187
VEN-03620,High,Telecommunications,High,High,Outsourcing,4.93450971505864,0.6368136640676663
VEN-03621,Low,Telecommunications,Critical,Medium,Non-outsourcing,6.341900576493906,5.212805319679185
VEN-03622,Low,Payments,Medium,High,Non-outsourcing,5.621938253579071,2.5314892377905363
VEN-03623,Low,Facilities,High,Low,Outsourcing,6.961288149019924,3.8534422574809617
VEN-03624,Medium,Payments,Low,Low,Outsourcing,31.043969745716108,9.013257411509594
VEN-03625,Medium,Technology,Critical,Medium,Material outsourcing,10.34965247348887,3.5163492293188434
VEN-03626,Low,Professional Services,Medium,High,Outsourcing,15.308151055593967,4.628260531005608
VEN-03627,Medium,Technology,Medium,High,Outsourcing,6.183493180274382,4.8000679813183895
VEN-03628,Medium,Technology,Low,Medium,Outsourcing,7.594570844242549,7.497104168147793
VEN-03629,Low,Telecommunications,Low,Medium,Non-outsourcing,25.18332772534516,8.663405029015122
VEN-03630,Low,Facilities,High,Medium,Non-outsourcing,10.54813132857164,5.915336294370097
VEN-03631,Low,Professional Services,Low,Low,Outsourcing,12.118594915676908,3.763205948375289
VEN-03632,High,Payments,Medium,High,Non-outsourcing,13.896630371641946,5.619707882410419
VEN-03633,Low,Telecommunications,Low,Medium,Non-outsourcing,23.594861907113327,3.646218079470905
VEN-03634,Low,Facilities,Critical,Low,Outsourcing,2.4634931902115564,2.4634931902115564
VEN-03635,Low,Facilities,High,Medium,Outsourcing,18.832945902190914,4.635768275300745
VEN-03636,Low,Payments,Critical,Medium,Outsourcing,20.71363137656756,9.914009265325268
VEN-03637,Medium,Technology,High,High,Non-outsourcing,14.60674811937051,9.952531036537131
VEN-03638,Low,Technology,Critical,Low,Material outsourcing,9.589726250910257,5.933775037073863
VEN-03639,Medium,Technology,Medium,Low,Non-outsourcing,12.920595776852242,6.425635042265601
VEN-03640,Low,Cloud,Low,High,Material outsourcing,5.944501141976742,5.944501141976742
VEN-03641,Low,Professional Services,Medium,Medium,Non-outsourcing,3.5154679622716207,3.5154679622716207
VEN-03642,Low,Facilities,Medium,Medium,Material outsourcing,12.170900978146577,2.024501992207498
VEN-03643,Medium,Cloud,High,Low,Material outsourcing,1.775328590829932,1.775328590829932
VEN-03644,Low,Cloud,Low,High,Non-outsourcing,8.342886779617565,5.56796420690152
VEN-03645,Low,Payments,Low,Medium,Outsourcing,6.4242269415451965,6.4242269415451965
VEN-03646,Medium,Professional Services,High,Low,Non-outsourcing,9.555658319683056,5.639602964223843
VEN-03647,Low,Professional Services,Low,Low,Non-outsourcing,9.961163555342608,5.858037666291893
VEN-03648,Low,Technology,Low,Low,Non-outsourcing,5.502746317525884,3.218413209149912
VEN-03649,Low,Telecommunications,Low,Low,Outsourcing,14.219603622902945,3.571570689806898
VEN-03650,Medium,Facilities,High,Low,Non-outsourcing,20.085251960029197,0.9302979119464398
VEN-03651,Low,Professional Services,Low,Low,Outsourcing,5.937002388689149,5.937002388689149
VEN-03652,Low,Facilities,Low,Low,Material outsourcing,5.714361879583806,5.714361879583806
VEN-03653,Low,Telecommunications,Low,Medium,Material outsourcing,10.739454027346303,3.209709700733395
VEN-03654,Low,Technology,High,Medium,Non-outsourcing,3.5853147825632163,3.5853147825632163
VEN-03655,Low,Facilities,Low,Medium,Outsourcing,10.871203611563736,7.330176349533905
VEN-03656,Low,Cloud,Low,High,Non-outsourcing,18.8212118300628,2.1614356571885915
VEN-03657,Low,Telecommunications,Critical,Low,Non-outsourcing,5.737530779516516,2.9838562846636254
VEN-03658,Low,Facilities,High,High,Material outsourcing,22.827069535626443,4.801720875248937
VEN-03659,Medium,Technology,Low,High,Material outsourcing,8.823801737857735,8.823801737857735
VEN-03660,Low,Telecommunications,Medium,High,Non-outsourcing,9.498820938955207,3.1401466339100224
VEN-03661,Low,Telecommunications,Low,Low,Non-outsourcing,7.924957500721759,7.460583132850412
VEN-03662,High,Professional Services,High,Low,Non-outsourcing,16.192076595007265,14.441315399214576
VEN-03663,Medium,Facilities,Low,Medium,Non-outsourcing,11.634571183090848,10.189720886195689
VEN-03664,Medium,Facilities,Critical,Low,Non-outsourcing,9.092134620286238,1.9594012218163857
VEN-03665,Low,Technology,High,Low,Non-outsourcing,7.084199155312259,3.6593276844473217
VEN-03666,Low,Payments,Medium,Low,Non-outsourcing,12.612419668966515,4.823501688226594
VEN-03667,Low,Telecommunications,Low,Medium,Non-outsourcing,20.78844425864299,2.8195982724633346
VEN-03668,Low,Cloud,High,High,Outsourcing,9.519958866138712,9.179126059305087
VEN-03669,Low,Payments,High,Low,Outsourcing,11.46909493730903,1.798478378638796
VEN-03670,Low,Professional Services,High,High,Outsourcing,4.52394983193605,3.1911159916121954
VEN-03671,Low,Cloud,Low,High,Non-outsourcing,11.395849287105037,6.382819911498781
VEN-03672,Low,Technology,High,Low,Outsourcing,31.255089045667653,5.080211575284903
VEN-03673,Low,Payments,High,Medium,Non-outsourcing,5.358040231786047,2.789963931750034
VEN-03674,Low,Technology,Critical,Low,Material outsourcing,13.14960028753645,12.530884742245796
VEN-03675,Medium,Payments,Medium,High,Non-outsourcing,8.188055747937799,2.2703808020102167
VEN-03676,Medium,Facilities,Medium,Medium,Material outsourcing,4.334715389114758,4.334715389114758
VEN-03677,Low,Professional Services,Medium,Medium,Non-outsourcing,8.779327310007947,7.110038949268844
VEN-03678,Low,Cloud,High,Medium,Outsourcing,27.63912548127236,7.383082994608288
VEN-03679,Low,Cloud,Critical,Medium,Non-outsourcing,13.04141734059932,1.3694529691741055
VEN-03680,Low,Cloud,Medium,High,Outsourcing,12.330583761113504,4.861695715266804
VEN-03681,Medium,Telecommunications,Low,High,Outsourcing,5.661013419673085,5.661013419673085
VEN-03682,Low,Telecommunications,Low,Medium,Non-outsourcing,18.034738614956357,6.5884082928019865
VEN-03683,Low,Facilities,Medium,Medium,Outsourcing,21.511055937189493,4.47330063897309
VEN-03684,Low,Cloud,High,Low,Non-outsourcing,21.09556034765599,7.489000083024273
VEN-03685,Low,Technology,Low,Low,Outsourcing,17.423621464204103,4.648887716525282
VEN-03686,Low,Telecommunications,Medium,Low,Non-outsourcing,6.722330719952439,2.6865695819458275
VEN-03687,Low,Technology,Critical,Medium,Outsourcing,5.8669640183048175,2.818115548742529
VEN-03688,High,Professional Services,Medium,High,Material outsourcing,3.302462478682876,3.302462478682876
VEN-03689,Low,Payments,Low,High,Outsourcing,6.2200276742867295,2.918294139356054
VEN-03690,Low,Facilities,Medium,Low,Outsourcing,12.814196317332522,7.861968427775774
VEN-03691,Low,Telecommunications,Medium,Low,Material outsourcing,6.170765667391098,2.9034142403022134
VEN-03692,Low,Technology,Low,Low,Outsourcing,18.472097763210375,2.07758488678034
VEN-03693,Low,Facilities,High,High,Non-outsourcing,19.906969029672855,15.04051652247818
VEN-03694,Low,Payments,Medium,High,Outsourcing,19.344949961602207,11.110678490847649
VEN-03695,Medium,Technology,Medium,Medium,Non-outsourcing,3.850708882562572,3.850708882562572
VEN-03696,Low,Professional Services,Medium,Medium,Outsourcing,12.345156339909574,3.5623473538057
VEN-03697,Low,Facilities,Low,Medium,Non-outsourcing,11.621318286052883,7.952379422980826
VEN-03698,Low,Payments,Low,Low,Outsourcing,19.07983087966807,17.066876452151803
VEN-03699,Low,Professional Services,Low,Low,Outsourcing,4.4156283888738885,3.8689773444253697
VEN-03700,Low,Cloud,Low,Medium,Outsourcing,11.546295033278057,11.546295033278057
VEN-03701,Medium,Professional Services,High,Low,Non-outsourcing,4.350420405331352,3.549661014381148
VEN-03702,Low,Cloud,Low,Medium,Non-outsourcing,17.68986862541428,1.5866072299793317
VEN-03703,Low,Cloud,High,Medium,Outsourcing,2.3025827240476326,2.3025827240476326
VEN-03704,Medium,Professional Services,Low,Medium,Outsourcing,27.32947302270417,1.340081552891747
VEN-03705,Low,Facilities,Low,Medium,Material outsourcing,14.354297536496992,7.695124170023988
VEN-03706,Low,Telecommunications,Low,Medium,Outsourcing,10.718523916820985,1.9612051217683049
VEN-03707,Low,Professional Services,Medium,High,Non-outsourcing,7.6283578636564995,6.99367739738586
VEN-03708,Medium,Professional Services,Medium,Medium,Outsourcing,19.517288643634263,8.79619675913315
VEN-03709,Low,Payments,High,Medium,Outsourcing,4.477570574907367,4.477570574907367
VEN-03710,Medium,Technology,Low,Low,Non-outsourcing,2.281405231217933,1.6035452906024017
VEN-03711,Medium,Technology,Medium,Medium,Outsourcing,13.955801271221551,3.188038005712537
VEN-03712,Medium,Professional Services,High,Medium,Non-outsourcing,10.31001408238238,4.024864506785402
VEN-03713,High,Telecommunications,Medium,Low,Non-outsourcing,12.800936435990014,7.2558043563403665
VEN-03714,Medium,Payments,Low,Low,Non-outsourcing,11.86762329620524,4.6435539440907085
VEN-03715,Medium,Payments,Low,Medium,Outsourcing,14.975143013076508,2.372969303509484
VEN-03716,Medium,Payments,Low,Medium,Outsourcing,10.746497956853483,3.5241389342183687
VEN-03717,Medium,Facilities,High,Medium,Non-outsourcing,8.754025877865649,5.901338560048128
VEN-03718,Medium,Payments,Medium,Medium,Outsourcing,10.935088334153184,3.834476146994681
VEN-03719,High,Payments,Medium,Medium,Outsourcing,16.19817322206125,12.636803347611831
VEN-03720,Low,Technology,High,Medium,Non-outsourcing,16.78536298017534,6.552412431228844
VEN-03721,Low,Payments,Medium,Low,Non-outsourcing,13.100624713817036,2.3748298571271054
VEN-03722,Low,Payments,Medium,Medium,Non-outsourcing,2.78539076063335,2.78539076063335
VEN-03723,Medium,Telecommunications,Low,Medium,Non-outsourcing,12.353873560634383,7.536274483092694
VEN-03724,Low,Cloud,Medium,High,Material outsourcing,4.014731366165334,4.014731366165334
VEN-03725,Medium,Professional Services,Low,Medium,Outsourcing,17.212502282817006,3.6732001676816655
VEN-03726,Medium,Technology,Low,Medium,Non-outsourcing,16.055718854407203,4.4442215973520325
VEN-03727,High,Technology,Medium,High,Outsourcing,6.520952131130938,4.863127124903866
VEN-03728,Low,Payments,High,High,Non-outsourcing,14.71957015442403,9.42391516728564
VEN-03729,Medium,Professional Services,High,Low,Non-outsourcing,11.341485137936354,7.669866290226311
VEN-03730,Medium,Facilities,High,High,Non-outsourcing,7.23198994463829,1.5665324347814649
VEN-03731,High,Payments,Low,Low,Non-outsourcing,14.576019764444528,12.256476479748308
VEN-03732,High,Professional Services,Critical,High,Non-outsourcing,22.34929679569845,14.608446995498063
VEN-03733,Low,Payments,Low,Low,Non-outsourcing,8.562554954499918,3.927173266281906
VEN-03734,Low,Facilities,High,Medium,Non-outsourcing,13.187970063561629,7.004204540158182
VEN-03735,Low,Telecommunications,High,High,Outsourcing,6.264180741986802,6.264180741986802
VEN-03736,High,Technology,Medium,Low,Outsourcing,7.615108754005865,5.14255465715938
VEN-03737,Low,Professional Services,Medium,High,Non-outsourcing,11.01543885039796,5.885786372309887
VEN-03738,Medium,Facilities,High,Medium,Outsourcing,7.046986733381386,7.046986733381386
VEN-03739,Medium,Telecommunications,High,Low,Non-outsourcing,6.787646760594086,6.787646760594086
VEN-03740,Low,Facilities,Low,High,Material outsourcing,5.731534564584961,1.1699454159535154
VEN-03741,Low,Facilities,High,Medium,Non-outsourcing,19.860539766840503,5.0405048217152375
VEN-03742,Low,Telecommunications,Low,High,Outsourcing,16.36794177913341,11.265873063095924
VEN-03743,Medium,Professional Services,Medium,High,Non-outsourcing,10.844328086054858,8.193575714997042
VEN-03744,Low,Facilities,Medium,Low,Non-outsourcing,16.951656392715652,6.573232419872332
VEN-03745,Low,Payments,High,Low,Outsourcing,17.6413731239466,5.909210774477063
VEN-03746,Medium,Professional Services,Medium,Medium,Outsourcing,9.937099273852787,9.937099273852787
VEN-03747,Low,Technology,Low,Medium,Material outsourcing,6.078719184977571,6.078719184977571
VEN-03748,Medium,Professional Services,Medium,Low,Outsourcing,13.247534632596942,13.247534632596942
VEN-03749,Low,Technology,Low,Medium,Non-outsourcing,19.95988144561941,4.607916012981344
VEN-03750,Low,Payments,Medium,High,Outsourcing,15.6772191105411,0.7667407156474322
VEN-03751,Low,Professional Services,Medium,Low,Non-outsourcing,21.861148532941456,10.097588035176855
VEN-03752,Low,Facilities,High,Medium,Outsourcing,17.522964498226646,4.275711585399482
VEN-03753,Low,Cloud,Low,Medium,Outsourcing,28.899651759623936,5.384435380055698
VEN-03754,Medium,Technology,Low,Low,Non-outsourcing,13.66219102068849,6.158180458520816
VEN-03755,Low,Cloud,Medium,Low,Outsourcing,9.355331600522234,3.610684980688348
VEN-03756,Low,Payments,Low,Low,Non-outsourcing,16.233993768984746,1.903019272098468
VEN-03757,Low,Telecommunications,Low,Medium,Non-outsourcing,20.3738317715519,9.695834328377408
VEN-03758,Low,Telecommunications,Medium,Low,Material outsourcing,12.407336142377549,0.2904999980207333
VEN-03759,High,Cloud,Medium,High,Non-outsourcing,17.717902524338207,17.439437487314546
VEN-03760,Low,Technology,Medium,High,Non-outsourcing,8.836294240367241,5.478376384108509
VEN-03761,High,Cloud,Medium,Low,Outsourcing,17.479109533992247,0.7809699035249504
VEN-03762,Low,Technology,High,High,Non-outsourcing,35.63794811247604,10.61485703127887
VEN-03763,Low,Cloud,Medium,High,Non-outsourcing,8.883138504336618,1.14566235134835
VEN-03764,Low,Facilities,Medium,Low,Non-outsourcing,12.827889620523962,3.5101361738856887
VEN-03765,Low,Professional Services,Low,High,Outsourcing,15.177785555733934,14.88324449852458
VEN-03766,Medium,Professional Services,Low,Low,Non-outsourcing,10.562367624891424,7.199130120896285
VEN-03767,Low,Technology,Medium,Medium,Outsourcing,9.19701303564112,6.522366155818963
VEN-03768,Low,Telecommunications,High,Low,Non-outsourcing,11.56499741021147,7.108061109293326
VEN-03769,Medium,Telecommunications,Low,High,Material outsourcing,19.02640228468581,2.685753870744122
VEN-03770,Low,Cloud,Low,High,Non-outsourcing,4.590044134594722,0.6031433681017045
VEN-03771,High,Telecommunications,Medium,High,Non-outsourcing,6.906439636806331,6.906439636806331
VEN-03772,High,Cloud,Medium,High,Material outsourcing,10.398471227479844,6.756947928614524
VEN-03773,Medium,Cloud,Critical,Low,Outsourcing,17.967496723650232,4.812882518767425
VEN-03774,Medium,Professional Services,Low,Medium,Non-outsourcing,11.516420407106889,11.516420407106889
VEN-03775,Medium,Telecommunications,Low,Low,Non-outsourcing,8.01811157663817,8.01811157663817
VEN-03776,Low,Payments,Medium,Low,Outsourcing,22.96755255666974,2.1657840221430558
VEN-03777,Medium,Telecommunications,Low,Low,Non-outsourcing,12.641796346545764,4.031396140694845
VEN-03778,Low,Facilities,Low,High,Non-outsourcing,9.105804521416568,3.469993065111065
VEN-03779,Medium,Professional Services,Medium,Medium,Outsourcing,15.060366893573068,2.748044488899537
VEN-03780,High,Facilities,Medium,Low,Outsourcing,14.69673744845451,11.431614936920788
VEN-03781,Low,Payments,Low,High,Outsourcing,12.814935674970611,4.016064162947747
VEN-03782,Medium,Facilities,Medium,High,Outsourcing,7.758761839625159,7.758761839625159
VEN-03783,High,Professional Services,Medium,Medium,Material outsourcing,17.79221425682637,7.475694379913619
VEN-03784,Low,Payments,Low,Medium,Non-outsourcing,24.96125896978132,2.1202550873766484
VEN-03785,Low,Cloud,High,Medium,Outsourcing,13.872999655191723,11.429200566997316
VEN-03786,High,Technology,Medium,Medium,Non-outsourcing,4.990522880174967,4.990522880174967
VEN-03787,High,Telecommunications,Critical,Medium,Outsourcing,31.122509024834315,4.022681510296847
VEN-03788,Low,Payments,Critical,Medium,Outsourcing,14.9962560568232,1.6671036444621423
VEN-03789,Low,Payments,Medium,Low,Non-outsourcing,6.464938120597135,2.873030203911107
VEN-03790,Medium,Technology,Low,Medium,Outsourcing,17.340016033334937,2.401985161102282
VEN-03791,Low,Technology,High,Medium,Material outsourcing,20.00589798919347,1.3197251243639558
VEN-03792,Low,Technology,Medium,Medium,Outsourcing,11.751805271050666,7.126731190182994
VEN-03793,Low,Telecommunications,Low,Low,Non-outsourcing,4.080767338838389,2.485283369841983
VEN-03794,Low,Cloud,Medium,Medium,Non-outsourcing,13.13492388129242,5.700293962130074
VEN-03795,Low,Facilities,Medium,Medium,Outsourcing,6.357461464639149,6.357461464639149
VEN-03796,Medium,Technology,High,Medium,Outsourcing,15.240466059653093,8.288708049778236
VEN-03797,Low,Cloud,High,Low,Non-outsourcing,7.935321870351727,6.294825125485192
VEN-03798,Medium,Facilities,High,High,Non-outsourcing,14.372560673025298,0.8644014199924465
VEN-03799,Low,Facilities,High,Low,Outsourcing,9.279008447266824,1.3258103953149114
VEN-03800,Low,Cloud,Medium,Medium,Non-outsourcing,13.446960444937933,3.3437488662031263
VEN-03801,Low,Professional Services,Medium,Low,Non-outsourcing,17.588891484753415,6.62916315984943
VEN-03802,Low,Professional Services,Critical,Medium,Non-outsourcing,17.835074234404836,2.4500411574484717
VEN-03803,Low,Telecommunications,Critical,Medium,Outsourcing,7.362762244215021,2.398025127821912
VEN-03804,Low,Facilities,High,Medium,Material outsourcing,9.876189698204517,9.876189698204517
VEN-03805,Low,Telecommunications,High,High,Outsourcing,10.117015347157375,4.407554450667296
VEN-03806,Low,Telecommunications,Medium,High,Non-outsourcing,13.022757554877906,1.3862000557335248
VEN-03807,Medium,Cloud,Low,Medium,Outsourcing,20.70615518045436,6.736617338903159
VEN-03808,Low,Payments,High,Medium,Non-outsourcing,10.751544944869126,1.868804390086649
VEN-03809,High,Technology,Low,High,Material outsourcing,14.490015856903316,6.62166214058212
VEN-03810,Medium,Professional Services,Low,High,Non-outsourcing,10.479286399800436,3.9203931887222456
VEN-03811,Low,Facilities,Medium,Medium,Material outsourcing,7.961570125482495,5.35864594999985
VEN-03812,Low,Telecommunications,Medium,High,Material outsourcing,4.786509758460536,2.3426656119535143
VEN-03813,Low,Payments,Medium,High,Material outsourcing,8.98797917850421,3.753938488978532
VEN-03814,Low,Telecommunications,Low,High,Non-outsourcing,5.830986272774124,3.3659454039208825
VEN-03815,Low,Telecommunications,Low,Low,Outsourcing,6.016205631993124,2.5838835189360574
VEN-03816,Low,Telecommunications,Low,High,Outsourcing,13.58461917620327,3.846857846979465
VEN-03817,Low,Telecommunications,Medium,Medium,Non-outsourcing,14.40169613732533,0.8692171009800234
VEN-03818,Low,Cloud,Low,Medium,Outsourcing,18.236577705596552,7.961044144159626
VEN-03819,Medium,Facilities,High,Medium,Outsourcing,3.637176859845389,3.637176859845389
VEN-03820,Medium,Professional Services,Low,Medium,Material outsourcing,16.719222441739944,4.014186937858979
VEN-03821,Medium,Professional Services,Medium,High,Outsourcing,2.1284286132880155,2.1284286132880155
VEN-03822,Low,Telecommunications,Medium,Medium,Non-outsourcing,7.988268652049478,3.742847917206927
VEN-03823,Low,Payments,Medium,Low,Outsourcing,10.498889839036872,7.946790985885679
VEN-03824,Low,Facilities,High,Medium,Non-outsourcing,7.963032042208804,3.236332736843197
VEN-03825,Medium,Facilities,Low,Low,Non-outsourcing,11.329927557331478,9.156062417222495
VEN-03826,Low,Facilities,Medium,Medium,Outsourcing,12.587457818354196,1.7095083718668256
VEN-03827,Low,Professional Services,High,Medium,Outsourcing,1.8176304286333596,1.8176304286333596
VEN-03828,Low,Telecommunications,Low,Medium,Outsourcing,14.632159073068074,0.629656217752575
VEN-03829,High,Technology,High,Low,Outsourcing,8.648967623927431,3.639836490281324
VEN-03830,Low,Telecommunications,Critical,Low,Non-outsourcing,16.40955427333477,8.04749530404508
VEN-03831,Low,Telecommunications,Medium,Low,Outsourcing,16.71414229342175,8.868974070658492
VEN-03832,Low,Cloud,Critical,Medium,Non-outsourcing,11.994575211614205,1.7734794027078633
VEN-03833,Low,Cloud,Medium,High,Material outsourcing,17.823858449463216,6.852637753074047
VEN-03834,Low,Professional Services,Medium,High,Material outsourcing,6.972971692239595,6.379609728760562
VEN-03835,Low,Technology,Low,Medium,Material outsourcing,8.054984004571748,7.107341489754488
VEN-03836,Low,Facilities,Low,Medium,Material outsourcing,3.5672246611317657,3.5672246611317657
VEN-03837,Medium,Technology,Low,Low,Outsourcing,14.895010336188433,14.895010336188433
VEN-03838,Low,Payments,Medium,High,Outsourcing,11.437703426099423,10.6449045866617
VEN-03839,Medium,Telecommunications,Medium,Medium,Outsourcing,10.43523285478949,2.494714793893377
VEN-03840,Low,Facilities,Low,Low,Non-outsourcing,10.085995555459986,3.486179284265483
VEN-03841,Medium,Facilities,Medium,Medium,Outsourcing,9.318053958258814,5.500889355277603
VEN-03842,Low,Telecommunications,Low,Medium,Non-outsourcing,6.04286649614067,3.658021724610912
VEN-03843,Medium,Technology,Medium,Medium,Material outsourcing,5.350974204078357,2.506993038720079
VEN-03844,Low,Telecommunications,Low,Low,Outsourcing,25.049612789513045,8.965999048338428
VEN-03845,High,Facilities,High,Medium,Outsourcing,14.193198545999866,1.739480420149631
VEN-03846,Low,Professional Services,Medium,Low,Outsourcing,10.2822145140005,0.6853497636997902
VEN-03847,Medium,Professional Services,High,Medium,Outsourcing,9.605331160944042,7.696912335449222
VEN-03848,Medium,Facilities,Low,High,Material outsourcing,13.394054168184468,7.522168300294049
VEN-03849,Low,Facilities,Medium,High,Non-outsourcing,19.599362087175848,1.377463443667521
VEN-03850,Low,Professional Services,Critical,Medium,Non-outsourcing,12.139319617152408,1.3463079590853466
VEN-03851,Low,Payments,Low,Low,Non-outsourcing,29.717725922325297,4.665152160776678
VEN-03852,Low,Payments,Medium,Medium,Outsourcing,15.184451862292605,5.7935909461704815
VEN-03853,Low,Professional Services,Low,Low,Outsourcing,8.672098055426302,3.743524375092399
VEN-03854,Low,Payments,Low,High,Outsourcing,5.28564901844936,3.190118379678613
VEN-03855,Low,Facilities,Medium,Medium,Non-outsourcing,19.097293106925623,4.471993538174761
VEN-03856,Low,Cloud,Low,Medium,Non-outsourcing,6.5330284473592215,6.5330284473592215
VEN-03857,Medium,Technology,Medium,High,Material outsourcing,16.444463996350812,1.43535977000184
VEN-03858,Low,Payments,Critical,Medium,Outsourcing,13.539558648906052,5.186165347167704
VEN-03859,Medium,Technology,Low,Medium,Non-outsourcing,4.63348205681662,2.507596010138152
VEN-03860,Low,Cloud,Low,High,Non-outsourcing,13.228830373604366,13.228830373604366
VEN-03861,Low,Telecommunications,High,Low,Non-outsourcing,14.520241466855577,5.405792778744317
VEN-03862,Low,Payments,Medium,Medium,Outsourcing,9.389912370391036,9.389912370391036
VEN-03863,Medium,Professional Services,High,High,Outsourcing,9.084865172917462,7.04973640509445
VEN-03864,Low,Telecommunications,Medium,Medium,Outsourcing,9.68664725631372,9.68664725631372
VEN-03865,High,Cloud,Medium,Medium,Outsourcing,18.85749420550153,4.530671595139225
VEN-03866,Low,Facilities,Critical,Low,Material outsourcing,8.824884389504366,4.970335081737995
VEN-03867,Low,Payments,Low,Medium,Non-outsourcing,3.762056980782284,3.762056980782284
VEN-03868,Low,Telecommunications,High,Medium,Non-outsourcing,11.468335038609656,2.770038990399431
VEN-03869,Low,Telecommunications,Medium,Medium,Non-outsourcing,3.467921407824462,1.5199605490347283
VEN-03870,Low,Facilities,High,Low,Material outsourcing,13.023547167781397,5.82031658899921
VEN-03871,Low,Technology,Low,Medium,Outsourcing,6.23692269456749,6.23692269456749
VEN-03872,Low,Telecommunications,Medium,Medium,Outsourcing,10.005682817652392,4.344331277521175
VEN-03873,Low,Technology,Low,High,Outsourcing,6.296603550043269,3.325838746299163
VEN-03874,Low,Cloud,Critical,Medium,Non-outsourcing,22.154045116523346,11.670443707614991
VEN-03875,High,Cloud,Low,Medium,Non-outsourcing,13.48570027524745,2.057156729195254
VEN-03876,Low,Facilities,Low,High,Outsourcing,6.097238985541042,4.815720345241084
VEN-03877,Low,Facilities,High,Low,Material outsourcing,12.092590780438265,7.752895943681013
VEN-03878,High,Technology,Medium,Medium,Non-outsourcing,5.460266868290292,2.4599251026206472
VEN-03879,Low,Cloud,Medium,Low,Outsourcing,9.926916754091955,4.862014742607418
VEN-03880,Low,Payments,Medium,Medium,Material outsourcing,19.585624428025938,8.966446716356762
VEN-03881,Medium,Payments,Medium,High,Outsourcing,13.612249705220483,2.432714602993576
VEN-03882,High,Telecommunications,Low,Medium,Outsourcing,6.514971838056496,6.514971838056496
VEN-03883,Medium,Cloud,Medium,High,Non-outsourcing,4.9163510199642095,1.1488534996742448
VEN-03884,Low,Professional Services,Medium,Low,Non-outsourcing,14.576995768222345,4.28676960025148
VEN-03885,High,Facilities,Medium,Medium,Non-outsourcing,24.20326810880749,9.932517863163778
VEN-03886,Low,Facilities,Low,Medium,Non-outsourcing,10.234327698357228,7.36821142780268
VEN-03887,High,Payments,Low,Low,Outsourcing,19.10016296578869,10.32906912894015
VEN-03888,Medium,Facilities,High,Medium,Outsourcing,13.734462509796575,0.4941786613566299
VEN-03889,High,Cloud,Low,Medium,Outsourcing,14.465820248048091,4.403792848295137
VEN-03890,Low,Professional Services,Medium,Medium,Non-outsourcing,5.379759353097112,2.614953608471059
VEN-03891,Low,Telecommunications,Medium,High,Non-outsourcing,9.885725043797724,4.565611242560568
VEN-03892,Medium,Telecommunications,Medium,High,Outsourcing,10.263259593580395,9.244089896611412
VEN-03893,Low,Cloud,High,Medium,Non-outsourcing,2.78094115387351,2.78094115387351
VEN-03894,Low,Telecommunications,Medium,High,Non-outsourcing,7.6149551358763805,7.6149551358763805
VEN-03895,High,Cloud,High,Low,Non-outsourcing,8.095935271271289,3.399780802328366
VEN-03896,Low,Telecommunications,High,Low,Non-outsourcing,6.436111086300457,1.0024110311147456
VEN-03897,Low,Cloud,High,Medium,Non-outsourcing,9.682585227894736,0.7498516495787759
VEN-03898,Low,Telecommunications,High,Medium,Non-outsourcing,16.035944409344506,1.7021793974070167
VEN-03899,Low,Cloud,Low,Medium,Material outsourcing,16.2806002294488,8.653879230628405
VEN-03900,Low,Cloud,Critical,Medium,Non-outsourcing,20.841708818338876,6.520119498936475
VEN-03901,Low,Cloud,High,High,Outsourcing,17.459900500860464,6.804754435399328
VEN-03902,Medium,Facilities,Medium,Low,Outsourcing,12.58257622945434,4.503074370678835
VEN-03903,Medium,Telecommunications,Low,High,Outsourcing,21.170701628984038,3.3906495665795555
VEN-03904,Low,Cloud,Low,Medium,Outsourcing,8.443927402470647,8.443927402470647
VEN-03905,Low,Professional Services,Medium,Medium,Non-outsourcing,10.792948072380236,0.4844279485600546
VEN-03906,Medium,Technology,Medium,Medium,Non-outsourcing,25.14419852942909,1.824585677482984
VEN-03907,Medium,Cloud,High,Medium,Outsourcing,8.300510498806041,7.571747674277108
VEN-03908,Medium,Facilities,Medium,Medium,Material outsourcing,2.405392579474829,2.405392579474829
VEN-03909,Low,Professional Services,Medium,High,Non-outsourcing,4.987991848628815,4.987991848628815
VEN-03910,Medium,Telecommunications,Low,Medium,Outsourcing,10.188175663922433,7.878847117852137
VEN-03911,Low,Technology,Low,Low,Material outsourcing,6.399730676545998,6.399730676545998
VEN-03912,Low,Professional Services,Low,High,Outsourcing,4.691653017193969,4.691653017193969
VEN-03913,Medium,Payments,High,Medium,Outsourcing,16.49192528736052,8.982424209944298
VEN-03914,Low,Payments,Medium,High,Outsourcing,13.750426281638816,8.985882507292292
VEN-03915,Low,Cloud,Critical,Medium,Material outsourcing,2.9094442247903776,2.9094442247903776
VEN-03916,Low,Facilities,High,Medium,Outsourcing,18.17751709420824,4.038026927781727
VEN-03917,Low,Technology,High,Medium,Outsourcing,28.498039283122985,6.185421361661798
VEN-03918,Low,Professional Services,Medium,Medium,Outsourcing,7.537924501642946,7.537924501642946
VEN-03919,Medium,Payments,High,Medium,Non-outsourcing,13.889085091504391,2.6404699131472884
VEN-03920,Low,Cloud,Critical,Low,Material outsourcing,5.96806209446921,4.276501791417236
VEN-03921,Low,Payments,High,High,Material outsourcing,11.783299623923766,3.27280059610783
VEN-03922,Medium,Professional Services,Low,Medium,Outsourcing,14.121489211436469,2.2628042649842133
VEN-03923,Low,Professional Services,High,Medium,Non-outsourcing,10.21661180703068,3.5046138223700725
VEN-03924,High,Payments,Low,Medium,Outsourcing,6.92540054721626,1.621457713616182
VEN-03925,Low,Telecommunications,Low,Medium,Non-outsourcing,8.24800275086423,1.4287621392269942
VEN-03926,Low,Facilities,High,Low,Outsourcing,3.371797854351219,3.371797854351219
VEN-03927,Low,Professional Services,High,Medium,Non-outsourcing,11.106277402748976,2.0673662006687983
VEN-03928,Medium,Professional Services,Low,Low,Outsourcing,23.145158640543883,7.269834356363781
VEN-03929,Low,Telecommunications,Low,Low,Material outsourcing,4.974670856602238,4.974670856602238
VEN-03930,High,Technology,High,Low,Non-outsourcing,20.763108250467173,10.02524752795134
VEN-03931,Low,Cloud,Low,High,Outsourcing,9.24698162398108,7.083005765142399
VEN-03932,Low,Facilities,Low,Low,Material outsourcing,3.324502461784965,3.324502461784965
VEN-03933,Low,Payments,High,High,Non-outsourcing,16.604289542715343,3.3170162726343677
VEN-03934,Low,Facilities,High,High,Non-outsourcing,11.189231107624677,10.178455529968424
VEN-03935,Low,Cloud,Medium,Low,Non-outsourcing,5.68202558979168,5.68202558979168
VEN-03936,Low,Payments,Medium,Medium,Outsourcing,7.134130540890508,3.802008025603418
VEN-03937,Low,Facilities,Medium,Medium,Outsourcing,8.015466503360264,1.3749915246999531
VEN-03938,Low,Facilities,Low,High,Non-outsourcing,9.929611781367251,8.752656094583877
VEN-03939,Low,Telecommunications,High,Medium,Non-outsourcing,11.761657965520431,11.761657965520431
VEN-03940,Low,Facilities,High,Medium,Outsourcing,11.985094508956909,2.247683618348879
VEN-03941,Low,Telecommunications,Medium,Medium,Non-outsourcing,15.767069536170748,0.4317413125947493
VEN-03942,Low,Telecommunications,Medium,High,Outsourcing,10.966790207538535,4.319973933152528
VEN-03943,Low,Cloud,Medium,Low,Non-outsourcing,12.885876421766906,3.1358524435417325
VEN-03944,Low,Professional Services,Low,High,Outsourcing,11.199613941417688,5.629829802265217
VEN-03945,Low,Telecommunications,Medium,Low,Outsourcing,34.07955668955432,2.765976161297498
VEN-03946,Medium,Payments,Low,Medium,Material outsourcing,1.6908740353248266,1.6908740353248266
VEN-03947,Low,Cloud,High,Medium,Non-outsourcing,5.102828912408742,2.1160022033542027
VEN-03948,Low,Cloud,Low,Low,Outsourcing,5.946517822056474,0.7773527662198259
VEN-03949,Medium,Payments,High,Low,Outsourcing,10.723567855449062,4.5544326398659205
VEN-03950,Low,Facilities,Medium,Medium,Outsourcing,11.234191021784705,7.617751361731609
VEN-03951,Low,Telecommunications,High,High,Non-outsourcing,9.353999641398724,1.6782610304283665
VEN-03952,High,Technology,Critical,Medium,Non-outsourcing,13.933378961314611,13.933378961314611
VEN-03953,High,Telecommunications,Medium,Low,Outsourcing,14.953862271726976,6.756403748855016
VEN-03954,Medium,Telecommunications,Low,Medium,Outsourcing,9.87720940673432,3.3206449432093272
VEN-03955,Low,Cloud,High,Low,Material outsourcing,15.90457957053815,11.226098382904013
VEN-03956,Low,Payments,Low,Medium,Outsourcing,9.104651842320193,8.98094096337919
VEN-03957,High,Telecommunications,Low,High,Outsourcing,12.488461353406192,7.377318266843319
VEN-03958,High,Telecommunications,Low,High,Material outsourcing,2.2342815500808264,2.2342815500808264
VEN-03959,Low,Technology,High,High,Outsourcing,9.959915197790524,3.392523144090558
VEN-03960,Low,Telecommunications,Low,Medium,Non-outsourcing,16.227830672584574,6.314461641871536
VEN-03961,Low,Facilities,Medium,Low,Non-outsourcing,1.9793125991692664,1.9793125991692664
VEN-03962,Low,Cloud,Medium,High,Outsourcing,10.7874428890621,10.7874428890621
VEN-03963,Medium,Technology,High,Low,Non-outsourcing,5.772992936860793,5.772992936860793
VEN-03964,Low,Cloud,Medium,Low,Material outsourcing,12.052356994594518,3.8989166929887262
VEN-03965,Low,Facilities,High,Medium,Non-outsourcing,9.329982651181936,3.851939424105923
VEN-03966,Low,Payments,High,High,Non-outsourcing,12.741532431036138,2.7006653755816967
VEN-03967,Low,Professional Services,Medium,Medium,Outsourcing,6.930243162798151,5.668211257904488
VEN-03968,Low,Telecommunications,Medium,High,Outsourcing,9.694658578173843,3.521526464253588
VEN-03969,Low,Cloud,High,Medium,Material outsourcing,5.600417856209465,1.8306139308897895
VEN-03970,Low,Payments,High,Low,Non-outsourcing,8.017861485539665,8.017861485539665
VEN-03971,High,Cloud,Medium,Medium,Non-outsourcing,11.557348383810618,3.274617375349507
VEN-03972,Low,Facilities,Medium,High,Outsourcing,3.688708680173236,3.688708680173236
VEN-03973,Low,Payments,Low,Low,Material outsourcing,9.946339847178503,9.946339847178503
VEN-03974,Low,Facilities,Low,High,Non-outsourcing,4.98107790447312,4.98107790447312
VEN-03975,Low,Telecommunications,Low,Medium,Outsourcing,8.97998678756657,6.941194335124231
VEN-03976,Low,Technology,Low,High,Non-outsourcing,4.558095274755016,4.558095274755016
VEN-03977,Low,Technology,Low,High,Outsourcing,26.66222466945751,14.04291736945328
VEN-03978,Low,Technology,High,Medium,Non-outsourcing,16.188086230531212,4.15859051680507
VEN-03979,Low,Facilities,High,Medium,Material outsourcing,9.30268205340538,2.759428568988481
VEN-03980,Medium,Technology,High,Medium,Non-outsourcing,20.68217689246416,10.817183811790256
VEN-03981,Low,Cloud,Medium,High,Outsourcing,7.058956989891486,6.950821319696881
VEN-03982,Low,Technology,Medium,High,Outsourcing,18.41045911714445,2.318476288728099
VEN-03983,Low,Technology,Low,Medium,Non-outsourcing,12.881848149016632,6.960226750333039
VEN-03984,Low,Payments,High,Low,Non-outsourcing,7.230699542842649,1.3961230254997696
VEN-03985,Low,Telecommunications,Medium,High,Outsourcing,14.145219912446642,9.47300019017815
VEN-03986,Low,Cloud,Medium,High,Outsourcing,16.580034826491428,5.787725946873839
VEN-03987,Low,Payments,Critical,Medium,Outsourcing,10.144426374912875,6.381326451539522
VEN-03988,Low,Facilities,High,High,Outsourcing,15.583154858011614,6.651719208269894
VEN-03989,High,Telecommunications,Low,Medium,Non-outsourcing,14.889077237363336,6.892977715369959
VEN-03990,High,Telecommunications,High,Medium,Material outsourcing,12.149600213532857,4.716316232345497
VEN-03991,High,Technology,Low,Medium,Non-outsourcing,4.544827934349878,4.544827934349878
VEN-03992,Low,Cloud,Low,Low,Outsourcing,11.902733076382544,3.488597635396393
VEN-03993,Low,Cloud,Low,Medium,Material outsourcing,1.8483226991557768,1.8483226991557768
VEN-03994,Low,Telecommunications,Low,Medium,Material outsourcing,9.99540065063561,4.730158532456469
VEN-03995,Low,Facilities,High,Low,Non-outsourcing,13.651285224851906,5.281792445685942
VEN-03996,Low,Professional Services,Medium,Low,Non-outsourcing,5.888959631845913,1.6954399360725174
VEN-03997,Low,Cloud,Low,Medium,Outsourcing,15.814369609445084,3.0608069403507576
VEN-03998,Low,Cloud,Critical,High,Non-outsourcing,7.805629566422828,0.6322952334186803
VEN-03999,Low,Facilities,Medium,High,Outsourcing,5.972872281412736,4.390561663510044
VEN-04000,Low,Telecommunications,Medium,Low,Outsourcing,14.640312814939753,2.0848754259862314
VEN-04001,Medium,Professional Services,Medium,High,Non-outsourcing,20.95622732435285,1.0688792058931504
VEN-04002,Low,Telecommunications,Medium,Low,Non-outsourcing,11.18210059690479,5.642997469618136
VEN-04003,Medium,Technology,Medium,Low,Outsourcing,20.18437447919448,2.2483279912859477
VEN-04004,Low,Cloud,Medium,Medium,Outsourcing,7.233864435998159,3.064644551707622
VEN-04005,Low,Facilities,High,Medium,Non-outsourcing,6.451892911005709,6.275825931902991
VEN-04006,Low,Facilities,Medium,High,Non-outsourcing,17.745448359265488,8.251869818041651
VEN-04007,Low,Payments,Medium,Medium,Non-outsourcing,13.693528746961416,3.574105590794294
VEN-04008,Low,Facilities,Low,Low,Outsourcing,4.841517076967094,4.841517076967094
VEN-04009,Low,Technology,High,Medium,Outsourcing,21.911450918403528,11.013412143351935
VEN-04010,Low,Cloud,Medium,Low,Material outsourcing,9.999005876187574,4.562635180262426
VEN-04011,Low,Telecommunications,Medium,Low,Material outsourcing,10.461478145680308,4.556694994046126
VEN-04012,Low,Professional Services,Critical,Low,Outsourcing,23.455544209594663,2.9338169673906087
VEN-04013,High,Cloud,Medium,Medium,Material outsourcing,20.473623682363133,5.367800040787567
VEN-04014,Low,Telecommunications,Low,High,Non-outsourcing,19.6712387476976,8.279297911689467
VEN-04015,Low,Technology,Medium,Low,Outsourcing,7.247943825638632,7.247943825638632
VEN-04016,Low,Technology,Medium,Medium,Outsourcing,12.129474920025489,2.329356588813864
VEN-04017,Low,Payments,Critical,Medium,Outsourcing,13.33898016043912,4.780774199177232
VEN-04018,Low,Technology,Medium,Medium,Outsourcing,6.152738538582684,6.152738538582684
VEN-04019,Low,Facilities,Low,Medium,Non-outsourcing,4.936802852375648,1.1186583702982549
VEN-04020,Medium,Facilities,Medium,Medium,Material outsourcing,9.656011986398996,0.2003440283652546
VEN-04021,Low,Facilities,Medium,High,Material outsourcing,15.726448322474052,4.643498099050805
VEN-04022,Low,Technology,Low,Low,Material outsourcing,2.0374602662434023,2.0374602662434023
VEN-04023,Low,Cloud,High,High,Outsourcing,10.897959762068758,2.117455067672996
VEN-04024,High,Cloud,Low,Low,Material outsourcing,5.315473650865951,2.4928436161315792
VEN-04025,Medium,Facilities,High,Medium,Outsourcing,16.480662538751695,2.5156847567239136
VEN-04026,High,Technology,High,Medium,Outsourcing,12.395355029813016,6.19635726177093
VEN-04027,Medium,Professional Services,Low,Low,Non-outsourcing,5.255059737062157,0.6089566818163417
VEN-04028,Medium,Telecommunications,High,Low,Outsourcing,16.651084585313004,5.898162763223925
VEN-04029,Low,Telecommunications,High,Low,Outsourcing,12.352701027459984,3.745484701272616
VEN-04030,High,Payments,Medium,Low,Outsourcing,9.253373364533406,1.5204981647190583
VEN-04031,Low,Telecommunications,Medium,Medium,Material outsourcing,26.835987567423373,6.950942460965099
VEN-04032,Low,Cloud,Low,Low,Non-outsourcing,9.76900756886022,6.118121974843214
VEN-04033,Low,Facilities,Low,High,Outsourcing,7.848632889864371,2.68218198696278
VEN-04034,Low,Professional Services,High,High,Non-outsourcing,14.176132327050368,6.667434437886624
VEN-04035,Low,Facilities,Low,Medium,Outsourcing,22.52341178276969,10.034019590101044
VEN-04036,Low,Technology,Low,Low,Non-outsourcing,2.157080554922433,0.7002237986791997
VEN-04037,Low,Facilities,Medium,Medium,Non-outsourcing,18.31552359989445,2.151167303274529
VEN-04038,Medium,Technology,Low,High,Non-outsourcing,14.497437325818703,0.559565009594365
VEN-04039,Low,Technology,High,Medium,Non-outsourcing,20.740592578281724,7.760944014525389
VEN-04040,Medium,Facilities,High,Low,Non-outsourcing,18.913298677791406,4.181733701400608
VEN-04041,Low,Facilities,High,High,Outsourcing,13.09256845100953,3.482507950143193
VEN-04042,Medium,Cloud,Low,Medium,Non-outsourcing,14.316676950162908,7.420712590094168
VEN-04043,Low,Facilities,Medium,Medium,Non-outsourcing,11.210272243913945,3.0861049905730504
VEN-04044,High,Cloud,High,High,Non-outsourcing,21.184077802713063,7.509019400927543
VEN-04045,Low,Telecommunications,Medium,High,Non-outsourcing,7.15327100138214,1.813904781386049
VEN-04046,Low,Professional Services,High,Medium,Non-outsourcing,11.13523980952326,4.649016025097573
VEN-04047,Low,Cloud,Medium,Medium,Material outsourcing,15.756732414675682,8.393373429679226
VEN-04048,Low,Professional Services,Medium,Medium,Outsourcing,16.668957954185586,1.2595579017765617
VEN-04049,Low,Facilities,Medium,Low,Non-outsourcing,16.698030212608817,2.5269606687994126
VEN-04050,Medium,Technology,High,Medium,Outsourcing,13.71648380691527,3.474551557219722
VEN-04051,High,Payments,Low,Low,Non-outsourcing,16.75637299163298,13.23811950179336
VEN-04052,Medium,Facilities,High,Medium,Outsourcing,14.28573405959731,5.697064087342899
VEN-04053,Low,Payments,Medium,High,Material outsourcing,23.52782610065781,1.5638555962691516
VEN-04054,Low,Facilities,Low,High,Non-outsourcing,7.01353782559133,7.01353782559133
VEN-04055,Medium,Technology,High,High,Non-outsourcing,16.724055757628747,12.49745906863278
VEN-04056,Medium,Payments,Medium,Low,Outsourcing,10.304472368145555,5.4038492203877055
VEN-04057,Low,Facilities,Low,Low,Non-outsourcing,11.625475582950925,11.625475582950925
VEN-04058,High,Facilities,Critical,Medium,Non-outsourcing,24.41525293048123,2.923840708363364
VEN-04059,Low,Cloud,High,Low,Outsourcing,24.243711791319043,3.829611840146873
VEN-04060,Medium,Cloud,Medium,Low,Outsourcing,21.180880396920458,2.176430355779874
VEN-04061,High,Telecommunications,High,High,Non-outsourcing,8.40679402576918,7.454809856192629
VEN-04062,Medium,Technology,Medium,Medium,Outsourcing,7.956677897477272,7.956677897477272
VEN-04063,Low,Facilities,Medium,Low,Non-outsourcing,5.247252362318728,5.247252362318728
VEN-04064,Low,Payments,Low,Medium,Non-outsourcing,22.09419166799971,2.333373942253468
VEN-04065,Low,Payments,Low,High,Outsourcing,6.260821892955953,3.076749539676897
VEN-04066,Medium,Payments,Medium,Medium,Outsourcing,9.351554556089871,8.435364521933636
VEN-04067,Low,Professional Services,Medium,Low,Outsourcing,8.423766284640564,2.2686894392556507
VEN-04068,Medium,Technology,High,Medium,Outsourcing,7.876938760353786,4.605150275566171
VEN-04069,High,Facilities,Medium,High,Outsourcing,3.625899091416004,1.165380571099715
VEN-04070,Low,Technology,Medium,Low,Material outsourcing,8.90123514278294,3.789131419736368
VEN-04071,Low,Facilities,High,Medium,Outsourcing,12.119904756435265,5.392429582397319
VEN-04072,Low,Facilities,Critical,Medium,Non-outsourcing,5.6944661624396185,5.569005321550139
VEN-04073,Low,Payments,Medium,Medium,Outsourcing,7.282473048484615,6.892286505149984
VEN-04074,Low,Technology,Critical,Low,Non-outsourcing,20.51220590165452,11.95751494747455
VEN-04075,Low,Telecommunications,High,High,Outsourcing,6.596202232829336,6.596202232829336
VEN-04076,Low,Telecommunications,Low,Medium,Non-outsourcing,10.543265278523098,9.012861416791536
VEN-04077,Low,Payments,Medium,Low,Outsourcing,10.911676258296229,8.172002004727103
VEN-04078,Low,Cloud,Low,Low,Outsourcing,7.36098022996965,5.615376652641094
VEN-04079,Low,Payments,High,Medium,Outsourcing,17.66138458177129,4.657571015312221
VEN-04080,Low,Cloud,Medium,Low,Non-outsourcing,20.105500935554694,9.84160411864416
VEN-04081,Low,Technology,Medium,High,Non-outsourcing,4.889222584249233,4.889222584249233
VEN-04082,Low,Facilities,High,High,Outsourcing,8.332426223868849,2.7627892665315685
VEN-04083,Medium,Technology,Medium,Low,Material outsourcing,7.060733880655675,7.060733880655675
VEN-04084,Low,Payments,Medium,High,Outsourcing,9.3933674944445,5.687179826292555
VEN-04085,Low,Professional Services,High,High,Non-outsourcing,10.921822091518104,6.5627181637838765
VEN-04086,High,Technology,Critical,Low,Non-outsourcing,3.767795508834751,3.767795508834751
VEN-04087,Low,Professional Services,High,Medium,Outsourcing,10.894784861335044,2.914361542424729
VEN-04088,Low,Payments,Low,High,Non-outsourcing,3.002434942180395,2.688062827022933
VEN-04089,Low,Technology,Low,High,Material outsourcing,24.34180117158564,6.047808855342281
VEN-04090,Low,Cloud,Low,Medium,Outsourcing,19.169331925676158,3.1423122285947067
VEN-04091,Low,Cloud,Medium,High,Non-outsourcing,2.822462349694728,1.4051942978602787
VEN-04092,Medium,Cloud,Low,Medium,Non-outsourcing,12.055927353302682,2.005866986190315
VEN-04093,Medium,Technology,Critical,Medium,Non-outsourcing,4.189032178497085,4.189032178497085
VEN-04094,Low,Professional Services,High,Low,Outsourcing,16.441624875396872,5.355170390165441
VEN-04095,Low,Payments,Medium,Medium,Outsourcing,8.794788694415772,7.402126223617984
VEN-04096,Low,Payments,Medium,Medium,Non-outsourcing,18.382360606457667,4.338611317670181
VEN-04097,Low,Professional Services,Medium,Medium,Outsourcing,16.956682181508988,10.089313514664765
VEN-04098,Low,Facilities,Medium,Low,Non-outsourcing,9.339654226096588,0.6588970008307464
VEN-04099,Medium,Professional Services,High,High,Outsourcing,10.465921544842,10.465921544842
VEN-04100,High,Payments,Low,Medium,Material outsourcing,7.169972614791682,5.283292829215864
VEN-04101,Low,Cloud,High,Medium,Non-outsourcing,4.342644180389297,3.1217198852981887
VEN-04102,Medium,Cloud,Low,Low,Non-outsourcing,10.79311164837901,10.79311164837901
VEN-04103,Low,Payments,Medium,Low,Material outsourcing,15.226052996863658,7.093639431674196
VEN-04104,Low,Payments,Critical,Low,Non-outsourcing,11.452724554453976,4.748860141715706
VEN-04105,High,Facilities,Low,Medium,Non-outsourcing,10.18768602961158,1.556429625952588
VEN-04106,Low,Professional Services,Low,Low,Outsourcing,14.265276930853185,4.872696320542924
VEN-04107,Medium,Cloud,Medium,High,Outsourcing,10.022695284982944,5.731449178504921
VEN-04108,Medium,Professional Services,Medium,Low,Material outsourcing,12.065856195918755,6.244753165480775
VEN-04109,High,Technology,Low,Low,Outsourcing,9.161263249137882,2.8102755662991585
VEN-04110,Low,Technology,Low,High,Outsourcing,10.665327240609844,2.879753914681769
VEN-04111,Low,Technology,Low,Medium,Non-outsourcing,5.494563695536001,1.955421795398478
VEN-04112,Medium,Professional Services,Medium,Medium,Non-outsourcing,7.657879228395387,3.066633946784334
VEN-04113,Medium,Payments,Low,Low,Outsourcing,23.98560732692396,7.910680875887063
VEN-04114,Low,Cloud,High,Medium,Non-outsourcing,5.143192460134364,5.143192460134364
VEN-04115,Medium,Cloud,High,Medium,Outsourcing,24.81398812066686,4.249225741547651
VEN-04116,Low,Technology,Low,High,Non-outsourcing,11.82684647143403,6.374778238480546
VEN-04117,Low,Cloud,Medium,Medium,Non-outsourcing,4.295030118746437,1.8642247519211157
VEN-04118,Medium,Facilities,Low,High,Outsourcing,16.669507343241282,1.9102286866113345
VEN-04119,Low,Payments,Medium,Medium,Outsourcing,4.989907553734398,4.989907553734398
VEN-04120,Low,Professional Services,Low,High,Non-outsourcing,15.883284107247457,0.5284344852304506
VEN-04121,High,Professional Services,High,Medium,Outsourcing,13.470420653107851,7.141493897227354
VEN-04122,Medium,Payments,Medium,Medium,Non-outsourcing,11.41393693128342,7.346366204898028
VEN-04123,Medium,Cloud,Medium,Medium,Non-outsourcing,12.639778295773205,9.899094381725426
VEN-04124,Low,Technology,High,Medium,Material outsourcing,12.987946041796802,6.620197191569133
VEN-04125,High,Technology,High,Low,Material outsourcing,9.83898036216588,1.475231604622548
VEN-04126,Low,Payments,Medium,Medium,Non-outsourcing,25.72422225115288,11.328678903263624
VEN-04127,Low,Technology,Low,Low,Non-outsourcing,20.86968906894473,3.467560726087508
VEN-04128,Low,Technology,Critical,Medium,Material outsourcing,16.341338271194317,10.793876036044225
VEN-04129,Medium,Professional Services,Medium,Low,Outsourcing,9.17285263261348,9.17285263261348
VEN-04130,High,Professional Services,High,Low,Non-outsourcing,8.713912909234708,6.45672091398568
VEN-04131,Medium,Technology,High,Low,Non-outsourcing,12.954546171512805,9.391661422865058
VEN-04132,Low,Telecommunications,Medium,Low,Non-outsourcing,8.759460869418664,8.759460869418664
VEN-04133,Low,Cloud,Low,Low,Outsourcing,9.888275063758378,7.122717004110672
VEN-04134,Low,Telecommunications,Low,Low,Outsourcing,16.493912015229306,8.706816603618522
VEN-04135,Low,Facilities,Medium,Medium,Non-outsourcing,21.272782388297305,2.540421257569461
VEN-04136,Low,Cloud,Medium,Medium,Non-outsourcing,13.111494831233916,8.282596522205763
VEN-04137,Low,Professional Services,High,High,Non-outsourcing,3.29157883735412,2.4963604600827085
VEN-04138,Medium,Professional Services,High,High,Outsourcing,12.242120567187346,6.014413166533949
VEN-04139,Medium,Technology,Critical,Low,Material outsourcing,4.175674588461242,3.1478793256132
VEN-04140,Medium,Telecommunications,Critical,Medium,Outsourcing,16.0926913763193,3.732603182133113
VEN-04141,Low,Technology,High,Medium,Outsourcing,16.997730096800666,13.305080875491052
VEN-04142,Low,Facilities,Low,Medium,Non-outsourcing,19.010653701605133,5.188853881930071
VEN-04143,Low,Telecommunications,Medium,Medium,Outsourcing,33.886033302736955,5.97689165062644
VEN-04144,Low,Payments,Medium,Medium,Non-outsourcing,8.56418148206502,8.521915182842315
VEN-04145,Low,Facilities,Medium,Medium,Non-outsourcing,22.73874286760768,5.6933002269203214
VEN-04146,Low,Payments,Low,Medium,Outsourcing,21.587947021467887,8.186541116145602
VEN-04147,Low,Professional Services,Medium,Medium,Outsourcing,12.35700531877642,8.695576264809235
VEN-04148,Medium,Facilities,Medium,Medium,Non-outsourcing,5.013435285731227,3.525213800575279
VEN-04149,Low,Payments,Medium,High,Outsourcing,20.311442721192304,2.159210455178256
VEN-04150,Low,Telecommunications,High,High,Material outsourcing,23.106751035888337,5.638533013192377
VEN-04151,Low,Professional Services,Medium,Medium,Outsourcing,5.933879977747642,3.7499394187698254
VEN-04152,Low,Professional Services,Medium,High,Outsourcing,15.380280938110385,9.172149110193017
VEN-04153,Low,Telecommunications,Medium,High,Non-outsourcing,11.890147760683838,3.836178074650732
VEN-04154,Low,Payments,Medium,Medium,Outsourcing,11.554300951275875,11.554300951275875
VEN-04155,Low,Professional Services,Low,Low,Non-outsourcing,4.283450359567976,4.283450359567976
VEN-04156,Low,Cloud,Medium,High,Non-outsourcing,20.058510830275463,11.57794854437369
VEN-04157,High,Professional Services,Medium,Medium,Non-outsourcing,9.220793879380569,7.734001017292678
VEN-04158,Low,Technology,High,Low,Outsourcing,27.52264462035133,3.2292662808259327
VEN-04159,Low,Payments,Low,Medium,Outsourcing,10.231624165343266,4.198607309825023
VEN-04160,Low,Cloud,Critical,Medium,Outsourcing,8.585161664347687,7.643306263735299
VEN-04161,Low,Telecommunications,High,Low,Outsourcing,9.10693705113312,4.812335669049999
VEN-04162,Low,Telecommunications,Medium,High,Material outsourcing,10.501232787377134,4.60924086832139
VEN-04163,Medium,Payments,Medium,Low,Outsourcing,10.345467724845552,10.345467724845552
VEN-04164,Low,Cloud,Medium,Medium,Outsourcing,20.09488158111534,1.8038871417018971
VEN-04165,Low,Professional Services,High,Medium,Non-outsourcing,10.2895587779979,7.951503986042843
VEN-04166,Low,Telecommunications,High,Low,Non-outsourcing,21.75938389932031,7.329411751719734
VEN-04167,Low,Cloud,High,Medium,Outsourcing,19.85214080086458,5.901387522377856
VEN-04168,Low,Payments,High,Medium,Outsourcing,18.51997185229253,2.4195143150455407
VEN-04169,Low,Cloud,Medium,Medium,Non-outsourcing,16.88884222705601,4.253129772643867
VEN-04170,Low,Facilities,High,Medium,Outsourcing,6.429010054442761,5.829196198018643
VEN-04171,High,Telecommunications,Medium,High,Non-outsourcing,17.465800892040924,2.1962493879257914
VEN-04172,Medium,Telecommunications,Medium,High,Non-outsourcing,19.88579940429483,10.50300045866801
VEN-04173,High,Payments,Medium,Low,Non-outsourcing,22.432087999686352,5.402922376123904
VEN-04174,Low,Telecommunications,High,Medium,Non-outsourcing,4.453756593976413,4.453756593976413
VEN-04175,Medium,Payments,Low,Medium,Non-outsourcing,19.398859801382223,8.253010815949828
VEN-04176,Low,Payments,Low,High,Material outsourcing,4.532523987561852,4.532523987561852
VEN-04177,Low,Technology,Medium,High,Outsourcing,15.792421019910028,4.173703643257645
VEN-04178,High,Payments,Critical,Medium,Non-outsourcing,14.464976486612189,2.0122381617075127
VEN-04179,Medium,Cloud,Medium,High,Non-outsourcing,7.140519500972134,7.140519500972134
VEN-04180,Medium,Payments,Medium,Medium,Outsourcing,12.228115971756807,6.253070974304255
VEN-04181,Medium,Professional Services,Medium,Low,Non-outsourcing,10.971458104884212,10.971458104884212
VEN-04182,Low,Professional Services,Medium,Medium,Outsourcing,14.908168534784185,12.384122749458664
VEN-04183,Medium,Telecommunications,High,Medium,Outsourcing,11.973687101108569,2.96064140694827
VEN-04184,Low,Facilities,Critical,Medium,Material outsourcing,13.898163412714023,4.702555360463699
VEN-04185,High,Facilities,High,Medium,Non-outsourcing,9.989638102577558,0.5297716430935163
VEN-04186,Medium,Cloud,High,High,Material outsourcing,32.22522972025786,3.21869614186622
VEN-04187,Low,Professional Services,Low,High,Outsourcing,14.086639158215377,1.7578216493529213
VEN-04188,Low,Telecommunications,Medium,Low,Outsourcing,9.153736202388266,3.430986986945629
VEN-04189,Low,Cloud,Medium,Medium,Material outsourcing,8.85117058902817,1.2397208895838436
VEN-04190,Low,Telecommunications,High,Medium,Outsourcing,17.018507607378986,2.755009278059221
VEN-04191,Low,Technology,Low,Low,Non-outsourcing,40.2912040729407,3.3483631893592904
VEN-04192,Medium,Payments,High,High,Outsourcing,20.96244412811388,5.123905239747503
VEN-04193,Low,Facilities,Low,Medium,Outsourcing,11.634971118647686,1.5105348871378694
VEN-04194,Medium,Professional Services,Medium,Low,Material outsourcing,4.1307977535953135,4.1307977535953135
VEN-04195,Low,Payments,Medium,High,Outsourcing,7.376577777278576,3.24126167580338
VEN-04196,Low,Professional Services,High,Medium,Outsourcing,8.45211592124167,6.492125902884192
VEN-04197,Low,Technology,High,Low,Non-outsourcing,3.975786611357676,3.143969560148453
VEN-04198,Medium,Payments,Medium,Low,Non-outsourcing,10.625928586016933,5.338293748789992
VEN-04199,Low,Telecommunications,High,High,Outsourcing,15.962861840628952,4.977287884050972
VEN-04200,Low,Technology,High,High,Non-outsourcing,9.537240517952446,9.537240517952446
VEN-04201,Low,Cloud,Medium,Medium,Non-outsourcing,17.945414964502973,4.426452368253763
VEN-04202,Medium,Professional Services,High,Low,Outsourcing,8.784307076916715,4.60983278326012
VEN-04203,Low,Telecommunications,Low,Low,Outsourcing,5.309824476367901,2.3003506052893608
VEN-04204,Low,Payments,Medium,Medium,Outsourcing,7.97486281139482,1.2239701499743258
VEN-04205,Medium,Telecommunications,Low,Medium,Non-outsourcing,7.482277511881082,6.235226369010043
VEN-04206,Medium,Facilities,Medium,Medium,Non-outsourcing,4.584211322115239,4.584211322115239
VEN-04207,Low,Cloud,Medium,Medium,Outsourcing,6.596671862868693,5.839482608009774
VEN-04208,Low,Technology,Low,Medium,Material outsourcing,3.593097634722403,3.593097634722403
VEN-04209,Low,Telecommunications,Medium,Medium,Non-outsourcing,3.4387626270957075,3.4387626270957075
VEN-04210,Low,Payments,High,Medium,Outsourcing,9.43120422740832,3.835061239038033
VEN-04211,Medium,Professional Services,Medium,Low,Outsourcing,8.369429985413163,5.747185057751706
VEN-04212,Low,Technology,Low,Medium,Outsourcing,28.816126065130312,4.514259321758301
VEN-04213,Low,Cloud,Low,Medium,Outsourcing,6.762187366052997,1.66745159629216
VEN-04214,Low,Facilities,Medium,Medium,Non-outsourcing,9.08780521109557,9.08780521109557
VEN-04215,Low,Cloud,High,Low,Outsourcing,12.737885049190858,3.1633098944361557
VEN-04216,Low,Facilities,High,Low,Outsourcing,18.58941993889057,4.723729301984643
VEN-04217,Medium,Technology,Medium,Medium,Non-outsourcing,22.01729354834119,3.3869892640952264
VEN-04218,Low,Professional Services,High,Low,Non-outsourcing,12.821129935474302,11.04020061219975
VEN-04219,High,Professional Services,Medium,Medium,Outsourcing,10.708239211707394,3.4804488678622585
VEN-04220,Medium,Technology,Critical,Medium,Outsourcing,7.7357730838983025,7.7357730838983025
VEN-04221,Low,Cloud,Low,Low,Material outsourcing,11.993586234850047,2.9439860989666355
VEN-04222,Low,Cloud,Medium,Medium,Non-outsourcing,21.139150219766407,7.964006342717113
VEN-04223,Low,Facilities,Medium,Medium,Non-outsourcing,11.780942653632549,4.598525649359335
VEN-04224,Low,Facilities,Medium,Low,Material outsourcing,14.2602058942906,1.4240508266314778
VEN-04225,Low,Telecommunications,Low,High,Non-outsourcing,17.465902664457147,11.873617731254177
VEN-04226,Medium,Telecommunications,Low,Medium,Non-outsourcing,13.664301413420771,2.772326426718256
VEN-04227,Low,Technology,Medium,High,Outsourcing,14.930740931413036,3.936156589356167
VEN-04228,Low,Facilities,High,Low,Material outsourcing,13.45729015609005,6.141620386840112
VEN-04229,Low,Telecommunications,High,High,Outsourcing,6.398220726429848,2.049955795984196
VEN-04230,Low,Telecommunications,Low,High,Non-outsourcing,12.140304301122631,3.0985227221164973
VEN-04231,High,Facilities,High,Low,Outsourcing,12.83939739009918,4.345508302192016
VEN-04232,Low,Cloud,Medium,Medium,Outsourcing,25.293836740452363,1.3368711001998976
VEN-04233,Medium,Facilities,Critical,Medium,Material outsourcing,7.798137653508256,5.757650000616595
VEN-04234,Medium,Professional Services,Low,Medium,Non-outsourcing,12.53703781566768,1.8665347130082823
VEN-04235,Low,Professional Services,High,Medium,Material outsourcing,9.402326041073364,7.858483406417591
VEN-04236,Low,Telecommunications,Critical,High,Outsourcing,24.21050803000576,10.112944740753107
VEN-04237,Low,Cloud,High,Medium,Non-outsourcing,19.691226075757545,8.183205992765359
VEN-04238,Medium,Payments,High,High,Non-outsourcing,12.4164754922176,8.88930858696572
VEN-04239,Low,Payments,Medium,High,Non-outsourcing,1.7115649378188975,1.7115649378188975
VEN-04240,Medium,Facilities,High,High,Material outsourcing,20.134586104251973,1.7080771586379704
VEN-04241,Medium,Telecommunications,Medium,Medium,Non-outsourcing,4.778285783750937,4.778285783750937
VEN-04242,Medium,Professional Services,Medium,Medium,Outsourcing,3.680807115147629,3.151494007672171
VEN-04243,Low,Facilities,Critical,High,Non-outsourcing,17.986202883328783,4.876560367313543
VEN-04244,Low,Technology,Medium,Medium,Outsourcing,14.572822515480198,2.4968722857933456
VEN-04245,Medium,Payments,Medium,Low,Outsourcing,13.877987258768144,2.2342578880964834
VEN-04246,Low,Cloud,Critical,Medium,Material outsourcing,7.998134151352591,6.036164121386024
VEN-04247,Medium,Facilities,Medium,Low,Outsourcing,4.313528180355813,4.313528180355813
VEN-04248,Low,Cloud,Low,High,Outsourcing,2.017446742866502,1.3663719470242404
VEN-04249,Low,Payments,Medium,Medium,Outsourcing,13.83879509088422,3.2602526858514715
VEN-04250,Medium,Payments,High,Medium,Outsourcing,5.3250502855516295,5.3250502855516295
VEN-04251,Low,Cloud,High,Low,Material outsourcing,15.099041289878262,7.262603253063094
VEN-04252,Low,Cloud,Low,Medium,Outsourcing,5.770546997652041,3.0089503144125502
VEN-04253,Low,Cloud,Medium,Medium,Material outsourcing,12.574491602948406,3.836507536340948
VEN-04254,Low,Payments,Medium,Medium,Non-outsourcing,6.250103908829694,5.2117758748451415
VEN-04255,Medium,Telecommunications,High,Medium,Outsourcing,17.159152247068192,3.8519820923587993
VEN-04256,Low,Professional Services,High,Medium,Material outsourcing,13.537130533837027,11.390447921557808
VEN-04257,Low,Cloud,Critical,Low,Material outsourcing,11.992314627732668,6.982461666506309
VEN-04258,Low,Cloud,Medium,Medium,Outsourcing,6.851044940219813,6.851044940219813
VEN-04259,High,Professional Services,Medium,Medium,Outsourcing,4.636093879104873,4.636093879104873
VEN-04260,Low,Payments,Medium,High,Outsourcing,13.887734941944675,6.952964555347755
VEN-04261,High,Cloud,Medium,High,Non-outsourcing,8.117223469838034,7.593748431339322
VEN-04262,Medium,Professional Services,Medium,High,Material outsourcing,11.579030398607276,11.088538444215162
VEN-04263,Low,Professional Services,Low,Medium,Non-outsourcing,11.216863588439214,7.836190245917584
VEN-04264,Medium,Facilities,Low,Low,Non-outsourcing,10.819087907336336,2.0956603153684026
VEN-04265,Medium,Cloud,Critical,High,Outsourcing,19.80545166573385,13.593517439302644
VEN-04266,Low,Technology,Low,High,Non-outsourcing,10.939379040889031,1.0863461908266203
VEN-04267,Low,Cloud,Medium,Low,Non-outsourcing,6.324600877531749,6.324600877531749
VEN-04268,Medium,Professional Services,High,Medium,Non-outsourcing,15.636682360558666,5.570066357158551
VEN-04269,Medium,Technology,Low,Medium,Material outsourcing,15.354743476797726,3.621542897677069
VEN-04270,Medium,Payments,Low,Low,Outsourcing,7.631670478923077,7.631670478923077
VEN-04271,High,Professional Services,Medium,High,Material outsourcing,6.879358481440846,4.584107026644988
VEN-04272,Low,Telecommunications,Medium,High,Non-outsourcing,13.491636807466335,7.039405805084399
VEN-04273,Medium,Facilities,Medium,High,Non-outsourcing,5.502224777930829,1.9011575643819365
VEN-04274,Medium,Technology,Medium,Low,Non-outsourcing,13.577753839431988,9.766833938883297
VEN-04275,Low,Professional Services,Low,Medium,Non-outsourcing,22.56353017930813,9.22823248725714
VEN-04276,Low,Payments,Low,High,Non-outsourcing,15.534324786973531,5.1273940096238
VEN-04277,Low,Payments,Low,Medium,Non-outsourcing,23.19524084894808,2.5807124841679028
VEN-04278,Medium,Telecommunications,Medium,Medium,Outsourcing,11.62071894829294,10.192830882239171
VEN-04279,Low,Telecommunications,Medium,Medium,Outsourcing,11.603244637950077,1.1532127011140263
VEN-04280,Medium,Technology,Critical,Low,Non-outsourcing,12.30955012663208,5.309336161277567
VEN-04281,Low,Facilities,Low,Medium,Outsourcing,14.263749819851924,4.149289539640869
VEN-04282,Low,Professional Services,Medium,High,Non-outsourcing,13.831384087246716,6.649875811639851
VEN-04283,Low,Professional Services,Medium,Low,Outsourcing,7.018978611649636,4.094521935649114
VEN-04284,Low,Telecommunications,High,Low,Outsourcing,11.092809815456851,8.918471140943302
VEN-04285,Medium,Payments,Medium,Medium,Outsourcing,19.476672187915305,2.090934473048775
VEN-04286,Low,Telecommunications,Low,Medium,Outsourcing,6.187542573379178,6.187542573379178
VEN-04287,High,Professional Services,Medium,Medium,Non-outsourcing,1.2736775783013268,1.2736775783013268
VEN-04288,Low,Technology,Medium,Low,Outsourcing,12.29801080791974,3.5024698577190505
VEN-04289,High,Telecommunications,High,Medium,Outsourcing,14.13015825973896,6.545980731261684
VEN-04290,Low,Cloud,Low,Low,Material outsourcing,14.127226532807642,8.602594476055433
VEN-04291,Low,Facilities,High,Medium,Outsourcing,4.566982920910091,4.398573274331475
VEN-04292,Low,Telecommunications,Medium,Medium,Outsourcing,6.0940508054993066,4.682658599846729
VEN-04293,Low,Technology,High,Medium,Outsourcing,19.112160204847385,2.833740018280116
VEN-04294,Low,Professional Services,Low,Medium,Material outsourcing,18.95670562991369,1.0900720505628096
VEN-04295,Medium,Professional Services,High,Medium,Non-outsourcing,11.347999775571871,3.362752123911125
VEN-04296,Low,Telecommunications,High,Medium,Non-outsourcing,13.171949797319618,5.173104646498631
VEN-04297,Low,Professional Services,Medium,Medium,Outsourcing,6.523915214528381,3.939872503651336
VEN-04298,Low,Telecommunications,Medium,Medium,Outsourcing,5.218363693102432,3.951349040189712
VEN-04299,Low,Payments,Low,Medium,Non-outsourcing,3.785012212787525,2.0715094692784084
VEN-04300,Medium,Facilities,Medium,Medium,Non-outsourcing,5.154572015927301,2.3515521400712944
VEN-04301,Low,Payments,High,Medium,Outsourcing,13.16486567222319,2.0325932749144444
VEN-04302,Medium,Facilities,Medium,Medium,Outsourcing,10.483865731943665,5.261496569885843
VEN-04303,High,Technology,High,Low,Outsourcing,11.95024888731243,6.721340812589821
VEN-04304,Low,Telecommunications,High,Medium,Non-outsourcing,11.846095123568873,5.406681642231876
VEN-04305,Low,Technology,High,Low,Non-outsourcing,5.993285947945604,5.993285947945604
VEN-04306,Low,Cloud,High,High,Outsourcing,13.576243520689482,2.322705297780689
VEN-04307,Low,Cloud,Medium,Medium,Non-outsourcing,20.386987916577752,4.976843458386726
VEN-04308,Low,Facilities,Medium,Low,Outsourcing,6.048779490242341,3.541481356881306
VEN-04309,High,Cloud,Low,Medium,Outsourcing,10.894352773809306,4.45985586245557
VEN-04310,Low,Telecommunications,High,Medium,Non-outsourcing,15.88054065950566,1.442451828457781
VEN-04311,Low,Technology,Critical,High,Outsourcing,18.927164694386025,1.9905381486957128
VEN-04312,Medium,Telecommunications,Medium,High,Non-outsourcing,14.376050259902208,5.152084077620756
VEN-04313,Low,Professional Services,Critical,High,Outsourcing,6.512051902664169,2.822626052306154
VEN-04314,Medium,Cloud,Critical,Medium,Outsourcing,3.5310166319074963,2.9565672663719327
VEN-04315,Low,Cloud,Medium,High,Outsourcing,9.413261302154906,4.20519192880016
VEN-04316,Low,Cloud,High,Medium,Material outsourcing,10.227900268699727,6.799936767562621
VEN-04317,High,Professional Services,Medium,High,Non-outsourcing,18.939995526066134,8.477331981835086
VEN-04318,Medium,Payments,Low,Low,Outsourcing,8.947234387839522,1.1684604832947312
VEN-04319,Medium,Technology,Low,High,Non-outsourcing,5.9455672562905,3.4207030181965568
VEN-04320,Low,Technology,Medium,Medium,Material outsourcing,7.343647595628731,5.60179511412117
VEN-04321,Medium,Cloud,High,Medium,Non-outsourcing,14.308317142653618,6.602654082605427
VEN-04322,Low,Facilities,Medium,High,Outsourcing,11.280507231115884,8.014070805552647
VEN-04323,Low,Professional Services,High,Medium,Non-outsourcing,10.300324597449658,6.177628431876663
VEN-04324,Low,Professional Services,High,High,Non-outsourcing,19.18378414362089,3.038477177930288
VEN-04325,Low,Payments,High,Low,Non-outsourcing,2.631099460650736,2.631099460650736
VEN-04326,Low,Facilities,Medium,Medium,Non-outsourcing,17.439520340260593,5.0752642396178125
VEN-04327,Low,Professional Services,Medium,Medium,Non-outsourcing,1.549770547385625,1.549770547385625
VEN-04328,Medium,Telecommunications,Low,Low,Non-outsourcing,16.971947520468778,2.7880433774607765
VEN-04329,Medium,Technology,Low,High,Outsourcing,12.221092872394893,5.9282557279835535
VEN-04330,High,Cloud,Low,Medium,Outsourcing,11.819828900643577,8.026157382952858
VEN-04331,Low,Technology,Low,Low,Non-outsourcing,11.95563281109266,3.2829242324203878
VEN-04332,High,Professional Services,Low,Medium,Material outsourcing,16.96416870208285,14.733953311539391
VEN-04333,Low,Professional Services,Medium,Low,Outsourcing,5.824111047036005,0.4480354290844574
VEN-04334,Low,Telecommunications,Medium,High,Non-outsourcing,15.102612767773106,4.782456699577068
VEN-04335,Medium,Facilities,Medium,High,Non-outsourcing,17.21807764511952,5.148797346396883
VEN-04336,Low,Payments,High,Medium,Outsourcing,10.610340061173094,9.00873810722219
VEN-04337,Low,Professional Services,Medium,Medium,Outsourcing,7.937108177187302,2.971467311522108
VEN-04338,Low,Facilities,Critical,Medium,Material outsourcing,4.009272788886918,3.352384425874305
VEN-04339,Low,Professional Services,Medium,Medium,Outsourcing,36.833646252242914,3.3965719179632075
VEN-04340,Medium,Technology,Low,High,Material outsourcing,11.92577323034887,8.726688447145534
VEN-04341,Low,Payments,Critical,Medium,Outsourcing,3.601245526355222,3.601245526355222
VEN-04342,Low,Facilities,High,Medium,Material outsourcing,6.329046580648175,3.7759220182382887
VEN-04343,Low,Payments,Medium,Medium,Outsourcing,8.20632988933583,2.4959726816842003
VEN-04344,Low,Facilities,Medium,Medium,Outsourcing,17.424859191920028,2.5566656651754256
VEN-04345,Medium,Technology,Medium,High,Outsourcing,6.3293667836258525,1.6634523315409695
VEN-04346,High,Telecommunications,Medium,Low,Outsourcing,7.993174460124381,7.993174460124381
VEN-04347,Medium,Payments,High,Low,Non-outsourcing,15.986841552700676,4.844993699467059
VEN-04348,Medium,Facilities,Medium,Low,Non-outsourcing,9.197797501761997,8.450900392334171
VEN-04349,Low,Cloud,Low,Low,Non-outsourcing,11.67213286234415,4.062898188495822
VEN-04350,Medium,Professional Services,Low,Medium,Non-outsourcing,4.932886045352532,4.932886045352532
VEN-04351,Low,Technology,Low,High,Material outsourcing,5.5347886667092645,5.5347886667092645
VEN-04352,Low,Technology,Low,Medium,Outsourcing,5.946630238236904,5.946630238236904
VEN-04353,Medium,Professional Services,Medium,Low,Non-outsourcing,10.839715618504474,6.781955546240799
VEN-04354,Low,Technology,High,Medium,Non-outsourcing,11.60680724931466,2.381687347969269
VEN-04355,Medium,Cloud,Low,High,Non-outsourcing,12.206718226044154,3.442325430979252
VEN-04356,Medium,Cloud,Medium,Medium,Outsourcing,19.14731787446067,8.375908810922619
VEN-04357,High,Cloud,Low,Low,Material outsourcing,7.903529636184183,4.945836160467481
VEN-04358,Low,Cloud,Medium,High,Non-outsourcing,4.343088273263501,4.343088273263501
VEN-04359,Low,Facilities,Medium,Low,Non-outsourcing,16.214703015907386,3.9721127380579415
VEN-04360,Medium,Payments,Medium,High,Material outsourcing,12.532502370803304,4.484558782191916
VEN-04361,Low,Professional Services,Critical,High,Outsourcing,15.663543188374732,9.894863999629113
VEN-04362,Low,Payments,Critical,High,Material outsourcing,12.513295329891394,5.493104228776626
VEN-04363,Medium,Cloud,High,Low,Non-outsourcing,8.353896036665471,5.654605588481743
VEN-04364,High,Professional Services,High,Low,Non-outsourcing,8.3525287577635,4.652151579288385
VEN-04365,Medium,Professional Services,Medium,High,Outsourcing,7.414414118495047,3.677922514552284
VEN-04366,Low,Telecommunications,Medium,Medium,Non-outsourcing,20.690372900214587,4.1413232456700335
VEN-04367,Low,Professional Services,Medium,Medium,Outsourcing,29.680360065074023,4.969580978616942
VEN-04368,Low,Professional Services,High,Medium,Outsourcing,14.741684555278466,10.215811669517224
VEN-04369,Low,Payments,Low,Low,Non-outsourcing,9.793497343643448,5.003452988045413
VEN-04370,Low,Technology,Low,Medium,Outsourcing,7.730355297498011,7.730355297498011
VEN-04371,Low,Technology,Low,High,Outsourcing,13.594393307884811,2.562889310453
VEN-04372,Low,Professional Services,Medium,Medium,Material outsourcing,4.968593116585335,4.968593116585335
VEN-04373,Low,Cloud,High,Medium,Non-outsourcing,14.49246985570696,1.045217131267966
VEN-04374,Low,Payments,Low,High,Outsourcing,7.484781454852079,2.8814595926160025
VEN-04375,Low,Facilities,Medium,Medium,Non-outsourcing,1.850997243957892,1.850997243957892
VEN-04376,Low,Payments,Medium,Low,Material outsourcing,23.313776998248017,3.4854277117613583
VEN-04377,Medium,Payments,High,Medium,Outsourcing,16.43651056814651,9.0356323124098
VEN-04378,Low,Technology,Low,Low,Non-outsourcing,4.63429395945379,1.1410156709062969
VEN-04379,Medium,Facilities,Low,Medium,Outsourcing,17.81383454555024,9.74598229991104
VEN-04380,Low,Facilities,Medium,Medium,Outsourcing,7.416946264164871,1.0237104887934572
VEN-04381,Low,Professional Services,Medium,Low,Outsourcing,17.62635122927182,3.8332926943463215
VEN-04382,Low,Facilities,High,Low,Non-outsourcing,10.75997445008142,3.977354390404448
VEN-04383,Low,Professional Services,Medium,Medium,Outsourcing,11.14167677210941,11.14167677210941
VEN-04384,Low,Payments,Critical,Medium,Outsourcing,11.619614064678256,7.383874747277585
VEN-04385,Medium,Telecommunications,Medium,Medium,Non-outsourcing,10.812898065010362,10.812898065010362
VEN-04386,High,Facilities,Medium,Low,Non-outsourcing,6.219412910094327,6.219412910094327
VEN-04387,Low,Technology,Critical,Medium,Material outsourcing,23.34489627734211,8.996407480720285
VEN-04388,Low,Professional Services,Low,High,Outsourcing,14.694400805699589,2.814653572594502
VEN-04389,Medium,Professional Services,High,Low,Outsourcing,5.404353232110806,5.404353232110806
VEN-04390,Low,Telecommunications,Low,High,Material outsourcing,8.006954547427796,5.2117470907195536
VEN-04391,Low,Payments,Medium,Low,Non-outsourcing,23.48501798352442,3.2682215159326686
VEN-04392,Medium,Cloud,Low,Medium,Outsourcing,4.56635726743341,4.56635726743341
VEN-04393,Low,Facilities,Medium,Medium,Outsourcing,14.4299583471203,1.656382194723884
VEN-04394,Medium,Technology,High,Low,Non-outsourcing,5.968789815467533,2.5390579031932603
VEN-04395,Low,Professional Services,Low,Low,Material outsourcing,7.309098223673539,1.124502012513798
VEN-04396,Low,Cloud,Low,High,Outsourcing,10.788140539534904,2.3084894758348438
VEN-04397,Low,Payments,Medium,High,Non-outsourcing,13.775438496003169,2.7094280366755807
VEN-04398,Medium,Telecommunications,Low,High,Material outsourcing,11.811545000049293,4.375474484986518
VEN-04399,Low,Telecommunications,Medium,High,Material outsourcing,5.611716008975958,5.611716008975958
VEN-04400,Medium,Telecommunications,Critical,Medium,Outsourcing,22.97695429359047,3.4065161347349395
VEN-04401,Medium,Technology,Low,Low,Non-outsourcing,15.53023445579847,9.23150976819203
VEN-04402,Medium,Professional Services,Medium,Low,Non-outsourcing,19.74514578527602,15.234799598793954
VEN-04403,Low,Professional Services,Medium,Medium,Outsourcing,10.50242122835013,10.024016509972611
VEN-04404,Low,Professional Services,Medium,High,Material outsourcing,16.07798309409691,2.4248220548154404
VEN-04405,Low,Cloud,Medium,Low,Non-outsourcing,19.85403276758517,3.019815675149341
VEN-04406,Low,Technology,High,Low,Outsourcing,13.150763564868807,9.262401349920532
VEN-04407,High,Facilities,Medium,Medium,Non-outsourcing,12.94070190600192,2.9685691182232343
VEN-04408,Low,Cloud,High,High,Outsourcing,14.301144691766568,5.143918827285272
VEN-04409,Medium,Cloud,Medium,Medium,Outsourcing,14.257644552545894,6.596950254427874
VEN-04410,Low,Facilities,Medium,Medium,Non-outsourcing,13.31192762933448,7.718882147756567
VEN-04411,Low,Cloud,High,Medium,Outsourcing,17.12272273695137,5.631969381837962
VEN-04412,Low,Professional Services,High,Medium,Outsourcing,10.395137969284107,1.9817031914581504
VEN-04413,Medium,Facilities,Critical,Medium,Outsourcing,22.165464039326768,3.694155803785924
VEN-04414,Low,Facilities,Medium,High,Material outsourcing,3.040868665412757,3.040868665412757
VEN-04415,Low,Technology,Critical,High,Non-outsourcing,15.90305448619332,4.884126929830929
VEN-04416,Medium,Technology,High,Medium,Non-outsourcing,21.52222168857579,13.24182212688036
VEN-04417,Low,Cloud,High,Low,Outsourcing,7.9457568620354895,5.835895110963865
VEN-04418,Low,Payments,High,Low,Outsourcing,9.052884039078844,2.6420519686055384
VEN-04419,Low,Professional Services,Critical,Low,Non-outsourcing,22.39403765776846,7.093979125835304
VEN-04420,Low,Facilities,Medium,Low,Material outsourcing,15.839885336689951,10.333534808153054
VEN-04421,Low,Facilities,High,Low,Non-outsourcing,16.409087648542908,5.355788599373092
VEN-04422,Low,Facilities,High,Medium,Non-outsourcing,10.094232474887008,5.411561026527614
VEN-04423,Low,Cloud,High,High,Outsourcing,9.650407833942444,6.280411516000446
VEN-04424,Low,Telecommunications,High,Medium,Material outsourcing,10.113100475325291,6.743956159944372
VEN-04425,Low,Cloud,Low,Medium,Outsourcing,9.522590151588869,3.081019478253152
VEN-04426,Low,Facilities,Medium,High,Non-outsourcing,10.196648658761726,1.164526913818792
VEN-04427,Low,Cloud,Medium,High,Non-outsourcing,15.000584445737488,7.33043915003959
VEN-04428,Low,Facilities,High,Low,Non-outsourcing,9.335069677818716,4.913704003763319
VEN-04429,Low,Facilities,High,Low,Outsourcing,6.000896884720017,6.000896884720017
VEN-04430,Low,Telecommunications,High,Low,Outsourcing,20.966013642582443,4.332088486211591
VEN-04431,Low,Cloud,High,High,Non-outsourcing,7.904649661656253,6.412400594469528
VEN-04432,High,Technology,Medium,Low,Outsourcing,9.047895282832869,2.4673073821609144
VEN-04433,Medium,Cloud,Low,Medium,Outsourcing,4.8848570945888365,3.786734234507171
VEN-04434,Low,Telecommunications,Medium,Medium,Non-outsourcing,13.030792841417943,2.3871000691761783
VEN-04435,Low,Cloud,High,Medium,Non-outsourcing,7.7541767643408,3.847841883500956
VEN-04436,Low,Telecommunications,Medium,Medium,Outsourcing,5.866036291014632,1.7361395434643845
VEN-04437,Medium,Cloud,High,High,Non-outsourcing,17.924763909328988,7.788090501269941
VEN-04438,Low,Payments,Critical,Medium,Non-outsourcing,25.569857410089277,11.437425057504557
VEN-04439,Low,Payments,Medium,High,Non-outsourcing,8.407502921677086,1.8216301339145955
VEN-04440,Low,Payments,High,Low,Outsourcing,15.94052585436088,4.953083359005139
VEN-04441,Low,Payments,Medium,High,Outsourcing,13.540011191528968,4.333205009810703
VEN-04442,Low,Payments,Medium,Medium,Outsourcing,12.293191508152727,11.72294986956386
VEN-04443,Medium,Professional Services,Low,Low,Non-outsourcing,5.713411243055293,5.175868906978068
VEN-04444,High,Payments,Low,High,Outsourcing,12.902501614537382,9.7195448380245
VEN-04445,Low,Technology,Low,High,Non-outsourcing,16.277706195269026,7.471682829836415
VEN-04446,Low,Facilities,Medium,High,Outsourcing,29.12524085296979,5.913479881496873
VEN-04447,Low,Telecommunications,Low,High,Material outsourcing,3.2970565805895644,3.2970565805895644
VEN-04448,Low,Technology,Medium,Medium,Outsourcing,15.836438091060938,5.931764010457451
VEN-04449,Low,Facilities,Medium,Low,Non-outsourcing,12.28262010018722,2.354057457347758
VEN-04450,Low,Facilities,Medium,Low,Outsourcing,10.249713053451837,3.768418347356679
VEN-04451,Medium,Telecommunications,High,High,Non-outsourcing,21.064228143857637,1.0348370260950106
VEN-04452,High,Technology,Medium,High,Non-outsourcing,8.316369889390012,8.316369889390012
VEN-04453,Medium,Telecommunications,Low,High,Material outsourcing,25.30029072354052,5.466105638740764
VEN-04454,Medium,Technology,Critical,High,Non-outsourcing,3.044219108559248,3.044219108559248
VEN-04455,Low,Payments,High,Medium,Non-outsourcing,9.450679069709924,5.311905368359341
VEN-04456,Low,Payments,High,Low,Outsourcing,18.0914034644495,5.585880517178206
VEN-04457,Low,Cloud,High,Low,Outsourcing,12.62162100039659,7.194974034382348
VEN-04458,Low,Payments,Low,Medium,Outsourcing,7.748535323183461,4.696414976712834
VEN-04459,Low,Telecommunications,High,High,Non-outsourcing,8.577382025090763,4.305662132962016
VEN-04460,Medium,Cloud,Low,Low,Outsourcing,14.527472206807891,3.913669972586888
VEN-04461,Low,Cloud,Medium,High,Non-outsourcing,7.194116449048609,2.4808791693918817
VEN-04462,Low,Payments,Low,Medium,Material outsourcing,22.66508892662601,3.9278647458802047
VEN-04463,Low,Technology,High,Medium,Non-outsourcing,10.979424183074634,9.153236228381886
VEN-04464,High,Payments,Low,High,Non-outsourcing,10.427147024855069,3.6831998247551785
VEN-04465,Low,Telecommunications,Low,Medium,Outsourcing,13.68459927172028,13.68459927172028
VEN-04466,Low,Payments,Low,Medium,Non-outsourcing,4.906649099411186,1.1338195716861497
VEN-04467,Low,Facilities,High,Medium,Outsourcing,12.653882785831929,9.4002394142788
VEN-04468,Medium,Professional Services,Medium,Medium,Non-outsourcing,31.353008519544588,4.188952977243501
VEN-04469,High,Telecommunications,Medium,Low,Non-outsourcing,10.811089013490504,6.668323094440537
VEN-04470,Low,Facilities,Medium,Medium,Non-outsourcing,12.423626686839697,2.6139404791229106
VEN-04471,High,Facilities,High,High,Non-outsourcing,16.84072218393705,1.372168804744133
VEN-04472,Low,Telecommunications,Low,High,Non-outsourcing,22.372555184035203,8.286307812526797
VEN-04473,Low,Cloud,Critical,High,Non-outsourcing,12.58151303281068,10.52472562332852
VEN-04474,Low,Professional Services,Medium,Low,Non-outsourcing,10.151801362563605,5.018702292126154
VEN-04475,Low,Facilities,Low,High,Outsourcing,17.775291211465955,3.684420569086504
VEN-04476,Medium,Facilities,Low,Low,Outsourcing,7.146954130700916,4.768082156910659
VEN-04477,Low,Telecommunications,Low,Low,Non-outsourcing,22.078811366741785,4.761168599984012
VEN-04478,Low,Professional Services,Medium,Medium,Non-outsourcing,19.00468871279569,4.134175290284838
VEN-04479,Medium,Professional Services,Low,High,Non-outsourcing,17.511867047461475,5.382253887531808
VEN-04480,High,Cloud,High,High,Non-outsourcing,13.993860212896925,6.898577485541804
VEN-04481,Low,Cloud,Medium,High,Outsourcing,15.691696484267942,6.527572770875683
VEN-04482,Low,Facilities,Low,Low,Non-outsourcing,15.683535994368569,3.1983479092841325
VEN-04483,Medium,Technology,Medium,Low,Material outsourcing,13.265251242123997,4.192938066171064
VEN-04484,Low,Payments,Low,Low,Outsourcing,8.353201026802592,2.249427186714212
VEN-04485,Medium,Professional Services,Low,Medium,Non-outsourcing,15.927227808970704,6.406838572790863
VEN-04486,Low,Telecommunications,Medium,Medium,Non-outsourcing,5.627732144056316,2.770962878331134
VEN-04487,Medium,Telecommunications,Low,Low,Non-outsourcing,6.294681573534465,0.6576231447027314
VEN-04488,Low,Telecommunications,Low,Medium,Non-outsourcing,22.678895886740527,3.4382684281425564
VEN-04489,Low,Technology,Critical,Medium,Outsourcing,6.210678730004118,6.210678730004118
VEN-04490,Low,Professional Services,High,Medium,Non-outsourcing,20.117412826922006,6.844094445975237
VEN-04491,Low,Telecommunications,Critical,Medium,Non-outsourcing,6.079695125687265,6.079695125687265
VEN-04492,Medium,Cloud,Low,Medium,Non-outsourcing,10.5100850336143,10.5100850336143
VEN-04493,High,Technology,High,Medium,Outsourcing,11.089511329784166,4.889197773702943
VEN-04494,Low,Cloud,Medium,Medium,Non-outsourcing,4.669448770339487,4.314720229512869
VEN-04495,Low,Technology,Low,Low,Material outsourcing,14.975535319646204,5.312904055210731
VEN-04496,Low,Payments,High,Low,Non-outsourcing,5.159743863640026,3.776203987664218
VEN-04497,Low,Cloud,Low,High,Non-outsourcing,5.35916891912417,2.0615184808995166
VEN-04498,Low,Telecommunications,Medium,High,Outsourcing,5.027675888243797,1.936167557026034
VEN-04499,Medium,Cloud,High,Low,Outsourcing,3.005403059102909,3.005403059102909
VEN-04500,Medium,Facilities,Medium,Medium,Non-outsourcing,17.334067883039875,11.10517229321792
VEN-04501,Low,Facilities,Medium,Medium,Outsourcing,8.543476860261368,3.600443655528088
VEN-04502,Low,Facilities,Medium,Low,Non-outsourcing,9.71561910313974,7.588102408833427
VEN-04503,Low,Facilities,Low,Low,Non-outsourcing,10.435444593846498,9.898347480149935
VEN-04504,Low,Facilities,Critical,High,Non-outsourcing,8.769509538298136,7.522495071244978
VEN-04505,Low,Payments,Low,Medium,Outsourcing,5.925294314486912,5.925294314486912
VEN-04506,Low,Cloud,Low,Low,Outsourcing,8.249818535433082,2.0634124867063512
VEN-04507,Low,Professional Services,Low,High,Outsourcing,10.39821321976174,4.106770933154594
VEN-04508,Low,Facilities,Critical,Medium,Material outsourcing,5.715305630595324,1.5049502539491213
VEN-04509,Medium,Telecommunications,High,Medium,Outsourcing,8.426388965698132,3.15779683043286
VEN-04510,Low,Facilities,Medium,Medium,Material outsourcing,18.59064314116038,1.9114834116122017
VEN-04511,Low,Facilities,Critical,Low,Non-outsourcing,8.215514849503538,6.643628388801689
VEN-04512,Low,Technology,Low,Low,Outsourcing,13.767997396640542,1.907644625598927
VEN-04513,Medium,Payments,High,High,Outsourcing,0.9098021851018548,0.9098021851018548
VEN-04514,Low,Professional Services,Low,Medium,Non-outsourcing,14.783805212605133,4.682877455599601
VEN-04515,Low,Professional Services,Medium,High,Non-outsourcing,3.9535287064860096,1.0717192626501253
VEN-04516,Low,Cloud,Low,Low,Outsourcing,14.96507563541122,14.96507563541122
VEN-04517,Low,Cloud,Critical,High,Non-outsourcing,17.41265963488003,4.046578127522011
VEN-04518,Low,Telecommunications,Critical,Medium,Non-outsourcing,14.050708453772618,9.753069012645655
VEN-04519,Medium,Professional Services,Medium,Medium,Outsourcing,9.173982010202014,2.018367507811998
VEN-04520,Low,Technology,Low,Medium,Outsourcing,4.983957513727075,4.983957513727075
VEN-04521,Low,Telecommunications,Medium,Medium,Non-outsourcing,14.402000120259082,6.802986750364452
VEN-04522,Low,Cloud,Medium,Low,Non-outsourcing,8.47654424086838,2.364862776193021
VEN-04523,Medium,Professional Services,Medium,Low,Material outsourcing,9.90572975516238,7.845408977820813
VEN-04524,Medium,Telecommunications,Low,High,Material outsourcing,7.008887678310376,3.0961597623468515
VEN-04525,Medium,Cloud,High,Low,Outsourcing,10.461365210150628,3.584706992107668
VEN-04526,Low,Facilities,Medium,Low,Non-outsourcing,10.142663373184623,2.350508127168005
VEN-04527,Medium,Payments,Critical,High,Non-outsourcing,6.122458509044899,6.122458509044899
VEN-04528,Medium,Technology,Medium,Low,Non-outsourcing,13.45327574746959,5.908889592524528
VEN-04529,Low,Telecommunications,Medium,Medium,Outsourcing,22.646583983818942,5.664239914718653
VEN-04530,Low,Facilities,Medium,High,Outsourcing,18.10744040670081,5.558010756484086
VEN-04531,Medium,Technology,Low,Medium,Outsourcing,23.60152171265743,5.794737474493651
VEN-04532,Low,Technology,Medium,Low,Non-outsourcing,8.214780232813474,2.9888025663489235
VEN-04533,Medium,Cloud,High,Medium,Material outsourcing,6.550014720895264,6.550014720895264
VEN-04534,Low,Payments,Low,Medium,Non-outsourcing,3.5791129618002326,2.662660750176639
VEN-04535,Low,Payments,Medium,Medium,Non-outsourcing,9.393430517055634,5.619317126766293
VEN-04536,Low,Facilities,High,High,Outsourcing,10.075566852572557,4.4194883327579175
VEN-04537,Medium,Professional Services,Medium,High,Outsourcing,11.241140654887753,3.440791022375473
VEN-04538,Medium,Cloud,Medium,Low,Material outsourcing,5.958178578016959,4.500904211479246
VEN-04539,Low,Telecommunications,High,Low,Outsourcing,12.28338022590732,5.65953663356334
VEN-04540,Low,Professional Services,Medium,Medium,Material outsourcing,10.824532368520698,7.450212340011974
VEN-04541,Low,Payments,Low,Medium,Non-outsourcing,12.388961886605784,5.0640899028314506
VEN-04542,Low,Cloud,High,High,Non-outsourcing,13.758559697398912,8.675023516554958
VEN-04543,High,Facilities,Critical,Low,Non-outsourcing,7.012643307351126,3.1146288896157825
VEN-04544,Low,Cloud,Low,Low,Non-outsourcing,11.49737039342398,4.034899414887895
VEN-04545,Low,Professional Services,Low,Medium,Outsourcing,17.84292523442977,6.738621695498543
VEN-04546,Low,Technology,High,High,Non-outsourcing,13.274381519835082,2.0256792110417146
VEN-04547,High,Cloud,Medium,Low,Non-outsourcing,10.98762803005028,10.98762803005028
VEN-04548,Low,Payments,Medium,High,Non-outsourcing,7.52604628933708,7.52604628933708
VEN-04549,Medium,Cloud,Medium,Medium,Outsourcing,9.538272366132787,2.142374757085489
VEN-04550,Low,Telecommunications,High,Low,Material outsourcing,4.841547702028931,4.841547702028931
VEN-04551,Low,Payments,Medium,Medium,Outsourcing,16.0840643961887,3.1409430440556387
VEN-04552,Medium,Telecommunications,Low,Low,Non-outsourcing,7.554912548834304,7.554912548834304
VEN-04553,Low,Technology,Low,Medium,Outsourcing,6.470993849166977,6.470993849166977
VEN-04554,Medium,Professional Services,Medium,Medium,Non-outsourcing,5.24448282287462,1.712343543550484
VEN-04555,Low,Professional Services,Critical,Medium,Material outsourcing,7.235744566462923,2.572798078649937
VEN-04556,Medium,Facilities,Medium,Low,Non-outsourcing,8.382612146416594,1.8896748000396968
VEN-04557,Medium,Facilities,Medium,High,Material outsourcing,19.6129502232355,3.99061706079736
VEN-04558,Medium,Facilities,Critical,High,Outsourcing,7.467655598825179,7.467655598825179
VEN-04559,Low,Professional Services,Medium,Medium,Outsourcing,21.8261664551926,11.595475089352188
VEN-04560,Medium,Telecommunications,Medium,Medium,Outsourcing,19.72229933834623,2.326729795357569
VEN-04561,High,Technology,Low,High,Non-outsourcing,19.34687404637036,2.0942281008100534
VEN-04562,Low,Telecommunications,High,Low,Non-outsourcing,14.503182135274782,6.197600255369157
VEN-04563,Low,Technology,High,High,Non-outsourcing,4.178609475850955,1.7584963047812847
VEN-04564,Medium,Technology,High,Medium,Non-outsourcing,18.26398929419347,8.536435538625634
VEN-04565,Low,Telecommunications,Medium,High,Outsourcing,4.481519313386789,4.481519313386789
VEN-04566,Medium,Technology,Medium,Medium,Outsourcing,6.104533524416047,5.120567962256586
VEN-04567,Medium,Telecommunications,Low,Medium,Material outsourcing,8.359715212559031,8.326992380055689
VEN-04568,Low,Technology,Critical,Medium,Material outsourcing,7.609401883942911,7.609401883942911
VEN-04569,Low,Technology,Low,Low,Non-outsourcing,16.505376769025734,2.547427079806734
VEN-04570,Low,Cloud,Medium,Low,Non-outsourcing,15.477580129754225,2.0472802640428664
VEN-04571,Low,Payments,High,High,Non-outsourcing,10.206271692999149,4.721212560360199
VEN-04572,Medium,Cloud,Low,Low,Non-outsourcing,14.3960058416574,8.448729884990712
VEN-04573,Low,Professional Services,Medium,Low,Outsourcing,11.698632162099251,2.4478608403809026
VEN-04574,Low,Telecommunications,Low,Low,Outsourcing,10.764574678150035,2.1434501646803734
VEN-04575,Medium,Cloud,Medium,Medium,Outsourcing,8.855659434337511,2.2327199096283623
VEN-04576,Low,Technology,Critical,Medium,Outsourcing,7.029299760956999,3.6431541250166
VEN-04577,Medium,Payments,Medium,Low,Outsourcing,2.1248813834620317,0.4504406496311943
VEN-04578,Low,Facilities,Critical,High,Outsourcing,16.293056410370397,2.7225802564101134
VEN-04579,Low,Cloud,Low,High,Material outsourcing,7.345871166729749,6.517637332577105
VEN-04580,Low,Payments,Medium,Low,Outsourcing,7.721600254869175,7.721600254869175
VEN-04581,Medium,Payments,Critical,High,Outsourcing,7.085590311242079,7.085590311242079
VEN-04582,Medium,Professional Services,High,Medium,Non-outsourcing,12.40658349928733,4.596470638720491
VEN-04583,Medium,Payments,Medium,Medium,Outsourcing,13.902686642629137,3.2692830912288477
VEN-04584,High,Payments,High,High,Non-outsourcing,7.928365350721381,7.928365350721381
VEN-04585,Medium,Technology,High,High,Non-outsourcing,10.976415431678667,4.9577757004046825
VEN-04586,Medium,Telecommunications,High,Medium,Outsourcing,8.203093416873237,5.051038527135274
VEN-04587,Low,Telecommunications,Medium,Medium,Non-outsourcing,16.31016827844854,10.260298121622023
VEN-04588,High,Technology,Low,Medium,Non-outsourcing,12.970774459207114,1.3997896831227632
VEN-04589,Low,Facilities,Low,Medium,Non-outsourcing,3.112630576617605,3.112630576617605
VEN-04590,Medium,Facilities,Medium,Medium,Outsourcing,13.6492476066386,1.893809649033731
VEN-04591,Low,Facilities,Medium,Low,Outsourcing,11.366456541798623,1.0935234470385051
VEN-04592,Low,Cloud,Low,High,Material outsourcing,6.737520584186308,2.5689457452056432
VEN-04593,Medium,Facilities,Medium,Medium,Outsourcing,6.244888663337669,6.244888663337669
VEN-04594,Low,Telecommunications,Medium,Low,Non-outsourcing,15.393226618014424,1.40763561559468
VEN-04595,Low,Technology,Medium,High,Outsourcing,15.888097773177686,3.635313409974409
VEN-04596,High,Technology,Medium,Medium,Outsourcing,11.692673645830236,7.953419476605813
VEN-04597,Low,Facilities,Medium,Medium,Non-outsourcing,8.008025283548141,2.686595651448022
VEN-04598,Low,Cloud,Low,Medium,Material outsourcing,6.846832146606073,6.846832146606073
VEN-04599,Low,Professional Services,High,High,Material outsourcing,6.999176189787933,4.832526424384668
VEN-04600,Low,Facilities,Medium,High,Non-outsourcing,8.974056466462544,1.2894797447987911
VEN-04601,Low,Payments,Low,Medium,Outsourcing,17.661880797919068,2.532777624552355
VEN-04602,High,Professional Services,Medium,Medium,Non-outsourcing,3.889993661890832,1.3715194298631068
VEN-04603,High,Telecommunications,Medium,High,Material outsourcing,10.816046462469266,2.775854832985783
VEN-04604,Medium,Facilities,Medium,High,Outsourcing,9.01959909640098,3.986728736497282
VEN-04605,Medium,Technology,Medium,Low,Non-outsourcing,13.08929915963678,8.056118273241191
VEN-04606,Low,Cloud,Medium,Medium,Outsourcing,6.039007324918717,6.039007324918717
VEN-04607,Medium,Cloud,High,High,Outsourcing,9.58072405488616,4.088880340463112
VEN-04608,Low,Professional Services,Low,Low,Non-outsourcing,15.727835174668302,7.264773849656611
VEN-04609,Low,Professional Services,Medium,Medium,Outsourcing,11.757157228695794,4.483944349103359
VEN-04610,High,Facilities,Low,Medium,Outsourcing,8.313232004707407,2.425835837014236
VEN-04611,Medium,Telecommunications,Medium,Medium,Outsourcing,6.650339379885569,3.0436539148553114
VEN-04612,Low,Professional Services,Medium,Medium,Outsourcing,19.742782002390644,11.446143671518309
VEN-04613,Medium,Technology,High,Low,Non-outsourcing,4.955616905827711,3.491734659676633
VEN-04614,Low,Technology,Low,High,Non-outsourcing,21.08824850151307,12.755036384524232
VEN-04615,Low,Telecommunications,Medium,Medium,Outsourcing,11.598750687027112,5.117908887812738
VEN-04616,Low,Telecommunications,Medium,High,Non-outsourcing,10.064843249866282,5.414843215878549
VEN-04617,Low,Telecommunications,Medium,Medium,Outsourcing,17.491499444050184,10.031611729268356
VEN-04618,Low,Technology,High,Low,Material outsourcing,17.886139936104392,5.677412548083332
VEN-04619,Low,Payments,Low,High,Outsourcing,11.172640603124991,0.3790165786750353
VEN-04620,Low,Professional Services,Medium,High,Outsourcing,13.312137960464876,2.813128979519788
VEN-04621,Low,Payments,Medium,Medium,Outsourcing,5.615918675702169,5.37561360632024
VEN-04622,High,Professional Services,High,Low,Material outsourcing,9.60675739406473,5.797724867669048
VEN-04623,Low,Facilities,Low,Medium,Material outsourcing,7.489087801621613,5.704356880140552
VEN-04624,Medium,Payments,Critical,High,Non-outsourcing,19.904614510874215,4.595704043874823
VEN-04625,Low,Technology,Critical,Medium,Outsourcing,18.965396931953094,5.256979248516698
VEN-04626,Low,Professional Services,High,High,Non-outsourcing,5.691762073966356,5.691762073966356
VEN-04627,Medium,Telecommunications,Medium,Medium,Non-outsourcing,5.489803664126148,3.738647660080341
VEN-04628,Low,Facilities,High,Medium,Non-outsourcing,9.849082264522051,4.605047295693659
VEN-04629,Low,Payments,Low,Medium,Outsourcing,21.46109269968145,8.667420448404316
VEN-04630,Low,Payments,High,Low,Outsourcing,8.557885306933091,8.557885306933091
VEN-04631,Low,Facilities,Medium,High,Material outsourcing,28.639714422601934,2.008294509687802
VEN-04632,Low,Payments,Low,Low,Non-outsourcing,5.042794865914452,0.9211006664715627
VEN-04633,Low,Cloud,Medium,High,Non-outsourcing,7.334000148436971,7.334000148436971
VEN-04634,Low,Cloud,High,Low,Non-outsourcing,5.59719387370418,5.59719387370418
VEN-04635,Low,Technology,High,Low,Non-outsourcing,11.26489735298155,4.900124332832532
VEN-04636,Low,Cloud,Medium,High,Non-outsourcing,8.44226231497056,8.196176276299829
VEN-04637,Low,Technology,Medium,Medium,Material outsourcing,20.49269241637064,4.219898300148796
VEN-04638,Medium,Professional Services,High,Low,Non-outsourcing,8.071650174763828,6.196064777487024
VEN-04639,Low,Telecommunications,High,Medium,Outsourcing,16.040561101018,3.5004199465769785
VEN-04640,Low,Payments,High,Low,Non-outsourcing,5.796459562251979,2.7651786490426824
VEN-04641,Low,Payments,Medium,High,Outsourcing,9.299279989207166,4.137210694828914
VEN-04642,Low,Technology,Medium,Low,Material outsourcing,3.501494732936102,1.4476665195013807
VEN-04643,Low,Telecommunications,High,Medium,Material outsourcing,21.639280653143334,2.5987983519898714
VEN-04644,Low,Technology,Low,Low,Non-outsourcing,9.82577311535968,4.779055832181542
VEN-04645,Low,Professional Services,Medium,Medium,Material outsourcing,15.9839760889467,6.323922980437793
VEN-04646,High,Professional Services,Low,High,Non-outsourcing,4.275375819130723,4.275375819130723
VEN-04647,High,Cloud,Medium,High,Outsourcing,4.793185254288311,4.592240768688503
VEN-04648,Low,Cloud,High,Medium,Non-outsourcing,5.878553772057344,2.708242683660451
VEN-04649,Low,Telecommunications,Low,Low,Outsourcing,7.6589060232280275,1.9059094466103288
VEN-04650,Low,Telecommunications,Medium,Low,Outsourcing,17.772208591748033,9.446726019685904
VEN-04651,Medium,Facilities,Low,High,Outsourcing,8.266597507574652,5.412640493059675
VEN-04652,Medium,Professional Services,High,Low,Outsourcing,13.714022335070162,4.44903099777112
VEN-04653,Low,Technology,High,Medium,Non-outsourcing,24.18865313856545,5.526206636559965
VEN-04654,Low,Cloud,Medium,Medium,Material outsourcing,9.07068010334685,8.254539911729584
VEN-04655,Low,Professional Services,High,High,Non-outsourcing,4.5660416917833535,4.5660416917833535
VEN-04656,Medium,Professional Services,Low,Medium,Non-outsourcing,5.9440618379037184,1.6723804198834007
VEN-04657,Medium,Technology,High,Medium,Non-outsourcing,14.362689574197947,4.19879157125507
VEN-04658,Low,Payments,High,High,Non-outsourcing,7.521497524502012,7.521497524502012
VEN-04659,Low,Facilities,Low,High,Non-outsourcing,4.2401444297089,1.786761803883966
VEN-04660,Low,Professional Services,Critical,Medium,Outsourcing,34.46681339915253,14.40326084219374
VEN-04661,Medium,Facilities,Low,High,Non-outsourcing,18.46547235882512,4.165364547334991
VEN-04662,High,Payments,Medium,Medium,Outsourcing,6.562936800902746,6.562936800902746
VEN-04663,Low,Technology,Low,Medium,Non-outsourcing,27.57214515825341,1.5749062613167024
VEN-04664,Low,Cloud,High,Low,Outsourcing,30.952619205562435,9.235451804016137
VEN-04665,Low,Professional Services,Low,Medium,Non-outsourcing,24.889866970071942,3.03638965663453
VEN-04666,Low,Professional Services,Low,Medium,Non-outsourcing,9.2239755642849,4.984730988915559
VEN-04667,Medium,Payments,Medium,Low,Outsourcing,10.372062521755716,7.271882774188183
VEN-04668,Low,Facilities,Critical,Low,Material outsourcing,14.029258996615305,8.766423148139378
VEN-04669,Medium,Facilities,Medium,Medium,Material outsourcing,7.020361421660706,6.54832594342582
VEN-04670,Low,Professional Services,Medium,Low,Non-outsourcing,17.735605172551615,4.815945223330527
VEN-04671,Low,Cloud,Medium,Medium,Material outsourcing,12.662078472202762,5.451434706180141
VEN-04672,Low,Cloud,High,Medium,Outsourcing,17.470496033067143,17.470496033067143
VEN-04673,Low,Payments,Medium,Medium,Material outsourcing,8.325185094126827,8.325185094126827
VEN-04674,Low,Facilities,Medium,Low,Non-outsourcing,12.163495280566355,2.3944294721221286
VEN-04675,Medium,Cloud,Critical,Medium,Non-outsourcing,5.24250770850289,5.24250770850289
VEN-04676,Low,Professional Services,Medium,Medium,Non-outsourcing,7.885703457391201,6.791321007082183
VEN-04677,Low,Technology,Medium,Medium,Outsourcing,8.764123645547285,0.5997342375951566
VEN-04678,Low,Technology,High,Medium,Non-outsourcing,14.325033111342853,10.403108520388813
VEN-04679,Low,Telecommunications,Medium,High,Non-outsourcing,16.87602280828259,2.5881574319400134
VEN-04680,Medium,Cloud,Medium,Low,Outsourcing,5.756797076653775,3.230175491033538
VEN-04681,High,Technology,Medium,Medium,Material outsourcing,19.74823957447517,2.036566393264098
VEN-04682,Low,Facilities,High,Medium,Outsourcing,13.433320722021898,9.28632490133818
VEN-04683,Medium,Professional Services,Critical,High,Outsourcing,14.953259714669652,7.503501164160421
VEN-04684,Medium,Payments,Medium,Low,Non-outsourcing,16.80691443719684,9.601618546057672
VEN-04685,High,Facilities,Medium,Medium,Material outsourcing,6.406054913407243,6.406054913407243
VEN-04686,Low,Cloud,Medium,Medium,Non-outsourcing,19.56808222408604,5.855931339622456
VEN-04687,Low,Payments,Low,Medium,Non-outsourcing,7.587852160433846,3.569062462540627
VEN-04688,Low,Technology,Low,High,Outsourcing,10.10249146397195,5.924735433538128
VEN-04689,Medium,Professional Services,Low,Low,Non-outsourcing,9.26111369195336,3.2112527552685166
VEN-04690,Medium,Payments,Low,Low,Outsourcing,27.615287871300996,7.1807433607583775
VEN-04691,Low,Telecommunications,High,Medium,Outsourcing,6.543396734441715,6.543396734441715
VEN-04692,Low,Facilities,Low,Medium,Non-outsourcing,24.937454935508097,2.7183675401222414
VEN-04693,Medium,Technology,Low,Low,Non-outsourcing,21.736178576851373,5.958072672835024
VEN-04694,Medium,Professional Services,Medium,Medium,Non-outsourcing,5.028286719586268,4.734976382546948
VEN-04695,Low,Telecommunications,Low,Low,Non-outsourcing,7.465868569135567,4.962324961879441
VEN-04696,Medium,Professional Services,Low,High,Material outsourcing,7.545414103997598,7.545414103997598
VEN-04697,Low,Facilities,Low,Medium,Outsourcing,15.104810814286672,6.8678831389714485
VEN-04698,Low,Payments,Low,Low,Non-outsourcing,19.600258843850558,4.216397304460904
VEN-04699,Low,Payments,Medium,Medium,Non-outsourcing,7.554490264302989,4.583820857631551
VEN-04700,Medium,Technology,High,High,Outsourcing,4.4019408089359455,4.4019408089359455
VEN-04701,High,Technology,High,High,Outsourcing,15.124135777593072,5.20161658895043
VEN-04702,Low,Technology,High,Low,Material outsourcing,11.419576406366875,5.422190206746143
VEN-04703,Low,Facilities,Medium,Medium,Non-outsourcing,4.951956479245119,4.951956479245119
VEN-04704,Low,Technology,Critical,Low,Outsourcing,14.078889108812747,2.006712375602765
VEN-04705,Low,Facilities,Medium,Low,Non-outsourcing,10.972312733598343,6.922856295572421
VEN-04706,Low,Cloud,Medium,High,Outsourcing,5.76401128146718,5.76401128146718
VEN-04707,Low,Telecommunications,Medium,High,Non-outsourcing,8.187356669933976,8.187356669933976
VEN-04708,Low,Facilities,Medium,Low,Outsourcing,24.11342036443778,4.801498573867375
VEN-04709,Low,Technology,Medium,High,Non-outsourcing,2.0694063199041977,2.0694063199041977
VEN-04710,Low,Professional Services,Low,Medium,Outsourcing,6.191724330119704,6.191724330119704
VEN-04711,Medium,Cloud,High,High,Non-outsourcing,4.678561011244335,4.678561011244335
VEN-04712,Low,Professional Services,Low,High,Outsourcing,9.385376798125336,0.9862570060098406
VEN-04713,Low,Telecommunications,High,Medium,Non-outsourcing,11.882073743780955,1.0988610390898317
VEN-04714,High,Telecommunications,High,High,Outsourcing,10.244154710889353,4.511964934675759
VEN-04715,Low,Payments,Medium,Low,Non-outsourcing,10.883715891069777,5.145226514555722
VEN-04716,Low,Technology,Low,Medium,Outsourcing,12.30025599244374,6.316352030601996
VEN-04717,Low,Technology,Medium,Medium,Outsourcing,8.14889620474405,1.8844103023693504
VEN-04718,Low,Payments,Medium,High,Non-outsourcing,31.88447143919852,7.560572090855812
VEN-04719,Low,Payments,Critical,Low,Non-outsourcing,11.353447144263908,1.907271763740249
VEN-04720,Low,Facilities,High,Medium,Non-outsourcing,5.221531646493582,5.221531646493582
VEN-04721,Low,Facilities,High,High,Non-outsourcing,10.40021712943552,2.422045994253591
VEN-04722,Low,Professional Services,Medium,Medium,Outsourcing,15.166445442584646,7.313954446231976
VEN-04723,Low,Telecommunications,High,Low,Non-outsourcing,16.295933185151426,9.163005996324024
VEN-04724,Low,Telecommunications,High,Low,Non-outsourcing,14.054433224545331,2.886234423659928
VEN-04725,Low,Telecommunications,Low,Medium,Non-outsourcing,11.733182136960744,6.6271118761134025
VEN-04726,Low,Cloud,Low,Medium,Non-outsourcing,6.3832967930568,5.7193962849529205
VEN-04727,Medium,Professional Services,Low,Medium,Non-outsourcing,12.946863042564829,2.783645659695744
VEN-04728,Low,Telecommunications,Medium,Medium,Outsourcing,10.27233766540851,1.820064211930789
VEN-04729,Low,Professional Services,High,High,Non-outsourcing,7.359730779054955,7.359730779054955
VEN-04730,Low,Payments,Medium,High,Material outsourcing,11.351955875983796,11.351955875983796
VEN-04731,Low,Technology,Medium,Low,Outsourcing,16.763067272693654,4.211327316006075
VEN-04732,High,Technology,Critical,High,Non-outsourcing,4.325773090180224,1.0068909757318505
VEN-04733,Low,Cloud,Low,High,Material outsourcing,6.36251300528483,0.5972953312632219
VEN-04734,Low,Payments,Low,Medium,Outsourcing,1.0113159876144229,1.0113159876144229
VEN-04735,High,Cloud,Critical,Medium,Outsourcing,15.617899298120868,1.4586534823500517
VEN-04736,Medium,Telecommunications,Critical,Low,Non-outsourcing,5.574088644835201,1.2092202350897794
VEN-04737,Medium,Professional Services,High,Medium,Outsourcing,19.0663619128062,2.734251144878972
VEN-04738,Low,Cloud,Low,Medium,Non-outsourcing,9.567633813674089,7.529143977555609
VEN-04739,Low,Cloud,Critical,Medium,Outsourcing,13.949744096084682,7.134911380478632
VEN-04740,Low,Cloud,High,Low,Non-outsourcing,15.28919044684116,7.825900484149957
VEN-04741,Low,Professional Services,High,Low,Non-outsourcing,10.60128259353064,3.4979960763425577
VEN-04742,Low,Payments,Low,Medium,Outsourcing,19.848162253017406,3.682894977078819
VEN-04743,Medium,Technology,Medium,Low,Non-outsourcing,11.544277020366888,9.545442117487609
VEN-04744,Low,Cloud,High,Medium,Non-outsourcing,12.14669776737909,4.04354153930825
VEN-04745,Low,Cloud,High,High,Outsourcing,4.997249699619289,1.7877455623447138
VEN-04746,Low,Facilities,Medium,Medium,Non-outsourcing,24.515798106887644,2.846837701912842
VEN-04747,Low,Technology,Medium,Low,Non-outsourcing,16.78399445861263,7.906926491534418
VEN-04748,Low,Telecommunications,High,Low,Non-outsourcing,6.013141967363,6.013141967363
VEN-04749,Medium,Payments,Medium,Medium,Material outsourcing,5.030022637419387,4.463026764855461
VEN-04750,Low,Facilities,Medium,High,Outsourcing,8.787080184615238,1.3671616783244578
VEN-04751,Low,Facilities,Low,Medium,Outsourcing,9.403178783465563,6.509442255253535
VEN-04752,Low,Technology,Low,High,Outsourcing,11.032525193865036,3.901801069850878
VEN-04753,Low,Technology,High,High,Outsourcing,19.242822577240435,1.7677425800912807
VEN-04754,Low,Technology,Low,Low,Outsourcing,19.75426943753928,7.78616554450335
VEN-04755,High,Cloud,Low,Medium,Outsourcing,16.575418767421176,4.054898346247781
VEN-04756,Low,Cloud,Critical,Medium,Material outsourcing,3.285609593524686,3.285609593524686
VEN-04757,Low,Professional Services,High,Medium,Outsourcing,22.818359328303263,10.446012674040386
VEN-04758,High,Professional Services,Low,Medium,Non-outsourcing,17.69951812552782,6.122958029624335
VEN-04759,Low,Professional Services,Medium,Medium,Non-outsourcing,14.580560271327542,7.424980573906425
VEN-04760,High,Professional Services,High,Medium,Non-outsourcing,9.64386358953062,4.992523149870072
VEN-04761,Low,Facilities,Medium,Medium,Outsourcing,13.971894929332704,8.376977924938421
VEN-04762,Low,Professional Services,Medium,Medium,Material outsourcing,4.548361932040432,2.105106892388429
VEN-04763,High,Facilities,Medium,Low,Outsourcing,13.676442755597046,1.3666393892574915
VEN-04764,Low,Professional Services,Low,Medium,Outsourcing,17.276426053915493,1.9252912710667736
VEN-04765,Low,Facilities,High,Medium,Outsourcing,12.69667926735472,3.7024527967590775
VEN-04766,Low,Cloud,Low,Medium,Material outsourcing,9.580265625586309,7.41943900317919
VEN-04767,Medium,Payments,Medium,Low,Outsourcing,20.12884870591165,3.380418070000045
VEN-04768,Low,Technology,Low,Medium,Non-outsourcing,29.83389605886781,7.280383085067531
VEN-04769,Low,Facilities,Low,High,Outsourcing,14.462073318940224,5.406100463785623
VEN-04770,Medium,Technology,Low,Medium,Non-outsourcing,17.10303044881419,15.306429265783024
VEN-04771,Low,Payments,High,Low,Non-outsourcing,10.753832090305496,5.506056306202548
VEN-04772,Low,Telecommunications,Low,Medium,Non-outsourcing,8.69336730974181,3.124468184007684
VEN-04773,Low,Professional Services,Medium,Medium,Non-outsourcing,17.79868370281617,6.8176422210413685
VEN-04774,Low,Facilities,Low,Medium,Non-outsourcing,26.28103394219008,5.148690217454903
VEN-04775,Low,Telecommunications,High,Low,Non-outsourcing,7.5897096873397825,2.108689271356748
VEN-04776,Low,Technology,Medium,Medium,Material outsourcing,6.124980682030969,4.419045196560969
VEN-04777,Low,Professional Services,Critical,High,Non-outsourcing,8.296493679983557,4.355827342538489
VEN-04778,Low,Technology,High,Medium,Outsourcing,7.370174607902591,4.531356025296652
VEN-04779,Low,Professional Services,Medium,Medium,Non-outsourcing,20.873852300098733,2.2228405858834286
VEN-04780,Medium,Payments,High,Low,Material outsourcing,19.679331546970293,13.968145907563022
VEN-04781,Low,Cloud,Low,Low,Outsourcing,8.094942923659172,1.492973924293016
VEN-04782,High,Payments,Critical,High,Material outsourcing,12.332860753307676,10.565907820661678
VEN-04783,High,Payments,Critical,High,Outsourcing,6.201937228154934,4.841768197936537
VEN-04784,Low,Technology,Medium,Low,Outsourcing,10.518995934744131,2.5301844665909847
VEN-04785,High,Technology,Medium,High,Non-outsourcing,6.031870590712128,6.031870590712128
VEN-04786,Medium,Payments,Low,Low,Non-outsourcing,9.64898224829313,0.3943007261640026
VEN-04787,Low,Payments,Medium,Medium,Outsourcing,6.118467489518711,2.506058801036382
VEN-04788,Medium,Telecommunications,High,Medium,Non-outsourcing,20.04564924765414,4.219565367391034
VEN-04789,Low,Cloud,Critical,Medium,Non-outsourcing,12.561535234039576,2.779402486941237
VEN-04790,Medium,Cloud,Medium,Medium,Material outsourcing,13.53399529776097,4.56832253422642
VEN-04791,Low,Cloud,High,Medium,Non-outsourcing,7.543095772067046,7.0654165500636825
VEN-04792,Low,Cloud,High,Low,Outsourcing,8.986075194779637,1.8123164133814045
VEN-04793,Low,Professional Services,Low,High,Non-outsourcing,12.041226722375349,5.7025421811288926
VEN-04794,High,Professional Services,Medium,Low,Non-outsourcing,26.20795418197157,7.498944918933112
VEN-04795,Low,Facilities,High,Low,Non-outsourcing,11.30479131168008,1.97615862062696
VEN-04796,Low,Payments,High,High,Outsourcing,21.89356430465394,5.403968930978684
VEN-04797,Low,Facilities,Critical,Medium,Outsourcing,9.366728626098295,4.328897116417436
VEN-04798,Low,Cloud,Low,Medium,Material outsourcing,11.600954742540104,2.303293325366634
VEN-04799,Medium,Payments,Low,Low,Non-outsourcing,19.332925930441373,2.4712848837343127
VEN-04800,Medium,Telecommunications,Low,Low,Non-outsourcing,16.14761914291305,2.492931625934788
VEN-04801,Low,Cloud,Low,Low,Outsourcing,7.298803836647538,3.469705710708143
VEN-04802,Low,Facilities,Medium,Medium,Non-outsourcing,13.702819136718963,3.5039889424165205
VEN-04803,Low,Professional Services,High,Medium,Non-outsourcing,14.1410489316084,10.804521452925052
VEN-04804,Low,Payments,Medium,Medium,Outsourcing,15.29917778814378,5.972382558429567
VEN-04805,Medium,Payments,High,High,Outsourcing,7.620222248767094,6.08628203510178
VEN-04806,Medium,Payments,Medium,High,Non-outsourcing,5.5494616951163405,5.224325944168624
VEN-04807,Low,Telecommunications,Medium,Medium,Non-outsourcing,22.54231039600923,5.5122062452019005
VEN-04808,Low,Facilities,High,High,Material outsourcing,30.09278802401516,6.355022931207209
VEN-04809,Low,Payments,High,High,Material outsourcing,15.135163693861976,2.0682316377942143
VEN-04810,Low,Facilities,Medium,High,Outsourcing,9.107173751014331,4.460368428989257
VEN-04811,Low,Telecommunications,Critical,Medium,Outsourcing,20.825543807104516,2.550859193323105
VEN-04812,Medium,Technology,Medium,Low,Material outsourcing,6.846554830036428,6.846554830036428
VEN-04813,Low,Technology,Low,Low,Outsourcing,7.142447353179193,3.2491516845998696
VEN-04814,High,Cloud,Medium,High,Outsourcing,23.33083043243709,6.407852537282227
VEN-04815,Low,Telecommunications,High,Medium,Outsourcing,28.753317257443435,7.147649736547455
VEN-04816,Low,Facilities,Medium,High,Non-outsourcing,8.533770950867972,5.743623149771188
VEN-04817,Low,Cloud,High,Medium,Outsourcing,7.515707518884852,5.354715538184226
VEN-04818,Low,Facilities,Medium,Low,Outsourcing,11.426447399554217,4.822303423737878
VEN-04819,Low,Facilities,Medium,Medium,Non-outsourcing,6.463815831785341,6.463815831785341
VEN-04820,Low,Payments,High,High,Outsourcing,5.044494139523067,2.699220844415153
VEN-04821,Medium,Telecommunications,Medium,Low,Outsourcing,5.156547800119365,5.156547800119365
VEN-04822,Low,Telecommunications,Medium,Medium,Non-outsourcing,13.498535844492736,1.1434249487257082
VEN-04823,Medium,Payments,Low,High,Outsourcing,11.064816225392374,3.1398438316199515
VEN-04824,Medium,Telecommunications,Medium,Low,Non-outsourcing,19.231669392320672,3.430941873896457
VEN-04825,Low,Telecommunications,Medium,Low,Outsourcing,23.369764674261077,1.6133161535939662
VEN-04826,Low,Technology,Low,Medium,Material outsourcing,14.811652532754175,5.360708833371896
VEN-04827,Low,Technology,Medium,High,Material outsourcing,6.467534292032294,2.831285821691057
VEN-04828,Low,Facilities,Low,Medium,Material outsourcing,3.4503615869114723,3.4503615869114723
VEN-04829,Medium,Facilities,Low,Low,Outsourcing,9.47323647734174,4.079286849825756
VEN-04830,High,Facilities,Medium,Low,Outsourcing,8.82115153937552,7.040873492180389
VEN-04831,Low,Professional Services,Medium,Medium,Outsourcing,6.655650727202271,6.655650727202271
VEN-04832,Low,Cloud,Medium,Medium,Non-outsourcing,14.59257012423101,6.504569199586144
VEN-04833,Medium,Professional Services,High,Low,Outsourcing,15.15259370766529,3.691305302074552
VEN-04834,Medium,Payments,Medium,High,Outsourcing,13.259584486233086,4.807184679946957
VEN-04835,Low,Technology,Low,Low,Outsourcing,29.507499192372904,1.6232422627130776
VEN-04836,Medium,Cloud,Medium,High,Non-outsourcing,5.276981074553736,5.276981074553736
VEN-04837,Low,Telecommunications,Low,High,Non-outsourcing,9.78229157345118,9.78229157345118
VEN-04838,Low,Professional Services,Medium,Medium,Non-outsourcing,11.315042653305817,8.356172290280435
VEN-04839,Low,Payments,High,Medium,Non-outsourcing,9.111748521573205,3.5778174476314404
VEN-04840,Low,Technology,Medium,Low,Non-outsourcing,8.482849542158657,3.816220323156133
VEN-04841,Medium,Technology,Medium,Medium,Non-outsourcing,16.416672838634206,8.577381624503234
VEN-04842,Low,Technology,Critical,Medium,Material outsourcing,7.679735636639904,1.842474299376183
VEN-04843,Low,Facilities,Low,Low,Non-outsourcing,6.9177837712941646,2.935730624009671
VEN-04844,Low,Payments,High,Medium,Outsourcing,15.097527234290446,3.1202075125468025
VEN-04845,Low,Technology,High,Low,Non-outsourcing,14.888134483776795,1.0765030635309574
VEN-04846,Low,Payments,Medium,Low,Material outsourcing,4.815781820188488,4.815781820188488
VEN-04847,Low,Telecommunications,Low,Medium,Outsourcing,19.386409988118118,3.615162718748582
VEN-04848,Medium,Professional Services,Low,Medium,Material outsourcing,27.007718705788065,3.637146783433573
VEN-04849,Low,Technology,Critical,Low,Material outsourcing,3.985922917627392,3.985922917627392
VEN-04850,Medium,Telecommunications,Low,Low,Outsourcing,16.498246172550665,1.4158366993233444
VEN-04851,Low,Professional Services,High,Low,Non-outsourcing,12.888851164614858,4.514579339008705
VEN-04852,Medium,Payments,Medium,Medium,Outsourcing,12.224189933646972,1.3953066517772668
VEN-04853,Medium,Telecommunications,Medium,Medium,Non-outsourcing,19.98139811717248,6.225040206529323
VEN-04854,Low,Cloud,Medium,Low,Material outsourcing,12.761185808536617,9.276999831114937
VEN-04855,Low,Facilities,Low,Medium,Material outsourcing,12.496907429202665,7.09109146594657
VEN-04856,High,Technology,Medium,High,Non-outsourcing,8.837842055231873,3.155234812540568
VEN-04857,Low,Payments,Critical,Medium,Outsourcing,20.46979140715032,6.613289484449864
VEN-04858,Low,Facilities,Low,Medium,Non-outsourcing,4.702459841342866,3.9896080226954607
VEN-04859,Low,Cloud,Critical,Medium,Outsourcing,18.017828894584515,5.026140818727048
VEN-04860,Low,Cloud,Critical,High,Outsourcing,7.475646451831007,6.37785302024852
VEN-04861,Low,Cloud,Low,High,Outsourcing,11.086955293683973,0.3384011323893363
VEN-04862,Medium,Telecommunications,Medium,Low,Material outsourcing,6.518277354304592,1.1676544038439831
VEN-04863,Low,Facilities,Low,Low,Non-outsourcing,9.37312245542506,4.187128192560454
VEN-04864,Medium,Facilities,Medium,Low,Outsourcing,7.111572938459494,2.6571617968267014
VEN-04865,Medium,Telecommunications,Critical,High,Outsourcing,9.861580687674948,4.605587193458889
VEN-04866,Low,Telecommunications,High,Low,Non-outsourcing,18.6564480273104,5.131729045060124
VEN-04867,Low,Facilities,Critical,High,Non-outsourcing,8.715293555650598,3.1736388383313385
VEN-04868,Low,Technology,Low,Low,Non-outsourcing,4.289475756661204,3.742006045414754
VEN-04869,Low,Cloud,Medium,Medium,Outsourcing,14.517503847111607,2.2257913493849824
VEN-04870,Low,Technology,Low,Low,Material outsourcing,8.207615440323236,5.543734873730009
VEN-04871,Low,Professional Services,High,Medium,Non-outsourcing,7.104477750269661,7.104477750269661
VEN-04872,Low,Professional Services,Low,Medium,Non-outsourcing,11.544996159223963,1.4576237030163277
VEN-04873,Medium,Cloud,Low,Medium,Outsourcing,2.5985946170366545,2.5985946170366545
VEN-04874,Low,Technology,Low,Medium,Non-outsourcing,8.44830647302945,6.012911219542184
VEN-04875,Low,Professional Services,Low,Medium,Non-outsourcing,20.745197550692723,7.053529277770786
VEN-04876,Low,Professional Services,Low,Medium,Outsourcing,14.0745985792996,9.41018468224008
VEN-04877,Low,Technology,Low,High,Non-outsourcing,11.208743730157831,3.1780233665186817
VEN-04878,Medium,Payments,High,High,Outsourcing,10.67404687212518,8.566634409741056
VEN-04879,Low,Professional Services,High,Medium,Non-outsourcing,18.658284784075924,9.504646608269194
VEN-04880,Low,Cloud,Low,Medium,Outsourcing,8.232547638883245,1.610318753121519
VEN-04881,Low,Professional Services,High,High,Non-outsourcing,9.604392597037588,5.143666280044359
VEN-04882,Low,Cloud,Medium,Medium,Non-outsourcing,2.678804039878273,2.678804039878273
VEN-04883,Low,Telecommunications,High,High,Outsourcing,10.721125102023606,9.861557050492449
VEN-04884,Low,Telecommunications,Medium,High,Outsourcing,14.48628656235478,14.48628656235478
VEN-04885,Medium,Cloud,Medium,Low,Material outsourcing,8.614345554295113,7.103196557526409
VEN-04886,Medium,Telecommunications,Medium,Low,Non-outsourcing,13.482708447887516,13.482708447887516
VEN-04887,Low,Telecommunications,Low,Medium,Outsourcing,9.581149858531932,2.7703996817332226
VEN-04888,Medium,Technology,Medium,Medium,Outsourcing,13.79650144085569,6.69504081074446
VEN-04889,Low,Telecommunications,High,Medium,Non-outsourcing,11.968556433338636,4.537546468049251
VEN-04890,High,Technology,High,High,Outsourcing,7.495278231372887,6.306709032994142
VEN-04891,Low,Telecommunications,Medium,Medium,Non-outsourcing,9.709071263716403,7.178171393398999
VEN-04892,Low,Facilities,Medium,Medium,Material outsourcing,10.741145371948068,7.948603861410873
VEN-04893,Low,Telecommunications,High,Medium,Outsourcing,10.6094787065362,3.7857774317228152
VEN-04894,Low,Facilities,Low,Low,Non-outsourcing,23.490354203741507,4.272604316368335
VEN-04895,Medium,Professional Services,Low,Medium,Outsourcing,10.451357076530345,7.560832864169052
VEN-04896,Low,Professional Services,Medium,High,Non-outsourcing,20.952108203637746,5.757267610232249
VEN-04897,Low,Facilities,Low,Low,Outsourcing,6.333199594062263,2.9734184459225275
VEN-04898,Low,Professional Services,Medium,High,Outsourcing,13.553139726390503,4.352388909244198
VEN-04899,Medium,Professional Services,Low,High,Outsourcing,16.473346764104633,8.947537007205124
VEN-04900,Medium,Professional Services,Medium,Low,Non-outsourcing,4.730679641722451,2.389934594366736
VEN-04901,Low,Facilities,High,High,Non-outsourcing,14.692392551734592,4.659564883698358
VEN-04902,Low,Payments,High,High,Outsourcing,3.2110383448211266,1.7896529797063194
VEN-04903,Low,Facilities,High,Medium,Outsourcing,8.05335287379588,8.05335287379588
VEN-04904,Medium,Payments,Medium,Low,Outsourcing,11.433257300683232,11.433257300683232
VEN-04905,Medium,Payments,Critical,Medium,Non-outsourcing,23.709874174974395,10.977425836730776
VEN-04906,Low,Professional Services,High,Medium,Outsourcing,14.721976573222598,3.327045903523273
VEN-04907,Medium,Technology,Medium,Low,Outsourcing,7.912113915459902,3.31477478663845
VEN-04908,Low,Facilities,Low,Medium,Outsourcing,18.45139759298622,9.125824757060556
VEN-04909,Medium,Telecommunications,Medium,High,Non-outsourcing,4.473076613533765,4.473076613533765
VEN-04910,Low,Cloud,Medium,Medium,Outsourcing,5.47118783162998,5.47118783162998
VEN-04911,Low,Payments,High,Medium,Non-outsourcing,3.750511599254717,3.750511599254717
VEN-04912,Low,Facilities,High,High,Outsourcing,13.45074555236397,2.135336665965676
VEN-04913,Low,Facilities,Critical,Low,Outsourcing,8.50043874270261,4.8944528053682745
VEN-04914,High,Telecommunications,Critical,Low,Material outsourcing,11.664784567702412,4.422335699369161
VEN-04915,Low,Facilities,Medium,Medium,Non-outsourcing,5.405650130677483,5.405650130677483
VEN-04916,Medium,Telecommunications,Critical,Medium,Outsourcing,19.436549724113057,7.240547204749939
VEN-04917,Medium,Cloud,Critical,Low,Material outsourcing,18.494557880864903,1.1736935579221768
VEN-04918,Medium,Technology,Low,High,Non-outsourcing,4.6722404411287375,4.6722404411287375
VEN-04919,High,Professional Services,Medium,Low,Non-outsourcing,6.2411157220049045,6.2411157220049045
VEN-04920,Low,Facilities,Low,Medium,Non-outsourcing,21.05022592541345,8.605132928429157
VEN-04921,Low,Facilities,Medium,Medium,Outsourcing,8.426437122100415,8.29509805326538
VEN-04922,Low,Professional Services,Medium,Medium,Non-outsourcing,5.565796765642276,5.565796765642276
VEN-04923,Low,Payments,Medium,Medium,Non-outsourcing,12.384978617309551,4.278592866726571
VEN-04924,Medium,Facilities,Low,Low,Outsourcing,8.732930616933444,2.036107103084188
VEN-04925,Low,Telecommunications,Low,High,Outsourcing,5.432701277487802,5.432701277487802
VEN-04926,Low,Technology,Low,High,Material outsourcing,24.119600575854665,6.834140952071447
VEN-04927,Low,Facilities,High,Medium,Outsourcing,3.6877890502128734,3.3802813908684044
VEN-04928,Low,Cloud,High,Low,Material outsourcing,10.174420873163958,5.293999919932618
VEN-04929,Medium,Facilities,Critical,Medium,Outsourcing,16.675913506195073,2.0515399643150727
VEN-04930,Low,Cloud,Medium,Medium,Outsourcing,20.11500179790823,5.263104620930657
VEN-04931,Medium,Professional Services,Medium,Low,Non-outsourcing,14.874766522444506,10.330088158653542
VEN-04932,Low,Technology,High,Low,Material outsourcing,17.195842648758376,7.436994266385654
VEN-04933,Medium,Telecommunications,Low,Low,Material outsourcing,15.809893967270112,9.28983829694119
VEN-04934,Low,Payments,Critical,Medium,Outsourcing,11.427440279779107,8.868048703721165
VEN-04935,Low,Technology,High,Medium,Non-outsourcing,7.001242958105266,6.472823662040116
VEN-04936,Low,Payments,Medium,High,Non-outsourcing,8.998527575126301,4.475451594350175
VEN-04937,Low,Cloud,Low,Medium,Non-outsourcing,6.002913137805108,3.836421582988337
VEN-04938,Medium,Telecommunications,Low,Medium,Non-outsourcing,11.933867956610698,11.90777809216918
VEN-04939,Low,Payments,Medium,Low,Non-outsourcing,6.931677898843718,6.931677898843718
VEN-04940,Low,Facilities,Medium,High,Non-outsourcing,10.332681993881636,6.662912502709786
VEN-04941,Medium,Professional Services,High,Low,Non-outsourcing,9.752988731880093,6.961873153198728
VEN-04942,Low,Payments,Medium,Low,Material outsourcing,13.006947470955376,4.108188659429159
VEN-04943,Low,Cloud,Medium,Medium,Outsourcing,10.312979796549502,6.4092959608305975
VEN-04944,High,Telecommunications,Low,Medium,Outsourcing,10.808914649146558,3.149153332783308
VEN-04945,Low,Professional Services,Medium,High,Non-outsourcing,5.044886238048509,3.6046039195635786
VEN-04946,Medium,Professional Services,Low,Medium,Non-outsourcing,7.927520376453074,7.630824082027056
VEN-04947,Low,Telecommunications,High,Medium,Non-outsourcing,1.1833196475714851,1.1833196475714851
VEN-04948,Medium,Professional Services,Medium,Medium,Material outsourcing,14.538740521903552,7.78212754423183
VEN-04949,Medium,Professional Services,High,Medium,Non-outsourcing,9.44025420315046,8.47657373635855
VEN-04950,Medium,Professional Services,Medium,Medium,Outsourcing,8.746360057829861,4.137460782781867
VEN-04951,Low,Professional Services,Medium,Medium,Non-outsourcing,12.12223671609258,5.015874662431945
VEN-04952,Medium,Facilities,High,Low,Non-outsourcing,11.225143701134702,7.421725168454212
VEN-04953,Low,Technology,High,High,Non-outsourcing,11.989514606187509,2.888367859563633
VEN-04954,High,Professional Services,High,Low,Outsourcing,13.046498998376354,0.3954274751551834
VEN-04955,Low,Professional Services,Medium,Low,Non-outsourcing,10.189470277047032,1.4353469317171432
VEN-04956,Low,Payments,High,High,Material outsourcing,5.9415387911975,3.5071641808842413
VEN-04957,Medium,Professional Services,Low,Medium,Non-outsourcing,5.394357984003736,4.183468384036812
VEN-04958,Low,Professional Services,Medium,Medium,Non-outsourcing,7.585627192923786,6.25101897498115
VEN-04959,Low,Professional Services,High,Medium,Non-outsourcing,22.522127131667062,9.581045237088782
VEN-04960,Medium,Cloud,Low,Low,Material outsourcing,10.973479058023011,4.350475661353726
VEN-04961,Low,Facilities,High,High,Outsourcing,13.889511668895548,3.3169789789343804
VEN-04962,Low,Facilities,Medium,Low,Outsourcing,8.921384216401162,2.042058453280749
VEN-04963,Low,Payments,Low,High,Outsourcing,9.812423682832067,3.057328200665419
VEN-04964,Low,Cloud,Low,Low,Material outsourcing,7.041720563078348,3.022970670353998
VEN-04965,Low,Technology,High,Medium,Non-outsourcing,14.19502829073428,5.466647473219313
VEN-04966,Low,Facilities,High,Medium,Outsourcing,9.375959247434382,3.032964244311592
VEN-04967,Low,Payments,Medium,Low,Outsourcing,14.899441113197105,4.039923955969109
VEN-04968,Low,Telecommunications,Low,Medium,Non-outsourcing,2.8348229030224616,2.8348229030224616
VEN-04969,Low,Professional Services,Low,High,Non-outsourcing,15.26919854826532,5.103784431379728
VEN-04970,Low,Payments,Low,Low,Outsourcing,6.441505198086929,6.441505198086929
VEN-04971,Low,Technology,High,High,Non-outsourcing,7.0759198191038495,6.402271333889617
VEN-04972,Low,Telecommunications,Low,Medium,Non-outsourcing,17.056282957520082,2.639122254954096
VEN-04973,Low,Professional Services,Low,Medium,Non-outsourcing,18.238668068864584,3.445668551835647
VEN-04974,Medium,Payments,Low,Medium,Non-outsourcing,11.441725993876304,8.032452134974484
VEN-04975,Low,Cloud,Medium,Medium,Outsourcing,17.61994614511042,9.224616452127131
VEN-04976,Low,Technology,High,Medium,Outsourcing,7.946679536048334,1.82552576974964
VEN-04977,Low,Professional Services,High,Medium,Outsourcing,8.725985138374227,1.6313517561611568
VEN-04978,Low,Technology,Medium,Medium,Outsourcing,20.379521651215104,12.136360989255628
VEN-04979,Medium,Technology,Critical,Medium,Non-outsourcing,3.412465635428071,2.0596749890094763
VEN-04980,High,Technology,Medium,Medium,Outsourcing,14.049094281419295,2.8604366452944454
VEN-04981,High,Payments,High,Medium,Material outsourcing,10.095338846744427,4.113784460804089
VEN-04982,Low,Cloud,Medium,Low,Non-outsourcing,12.243165878792457,2.7805319958414585
VEN-04983,Low,Professional Services,Low,Low,Outsourcing,11.304207052026063,2.9009918732407165
VEN-04984,Low,Cloud,High,Medium,Outsourcing,12.121648140650088,2.909805211953706
VEN-04985,Low,Payments,Medium,High,Outsourcing,9.979618617586947,5.458351739124659
VEN-04986,Low,Telecommunications,High,Low,Non-outsourcing,12.022870964222022,1.3737636224707843
VEN-04987,Low,Technology,Low,Medium,Non-outsourcing,13.96445875938104,8.034939913958992
VEN-04988,Low,Technology,Medium,Low,Outsourcing,25.414616478418427,1.634083293457123
VEN-04989,High,Technology,High,Medium,Outsourcing,8.983581889613994,8.983581889613994
VEN-04990,Low,Cloud,Low,Medium,Outsourcing,10.135563237659577,3.541883863084325
VEN-04991,Low,Telecommunications,Low,Medium,Outsourcing,11.796922168196213,3.3270998138208543
VEN-04992,Medium,Telecommunications,Low,Medium,Non-outsourcing,17.693915038872326,1.1324098231436237
VEN-04993,Medium,Cloud,Medium,High,Outsourcing,4.331508104861538,1.0322261169125324
VEN-04994,Low,Payments,High,Low,Outsourcing,6.216783138775101,4.72151011365775
VEN-04995,Low,Telecommunications,Medium,Medium,Material outsourcing,24.461586188763743,1.1159843078048872
VEN-04996,Low,Facilities,Critical,Low,Outsourcing,13.184226311364585,2.823520933936942
VEN-04997,Low,Facilities,Medium,High,Non-outsourcing,12.95382231598667,6.942806374684998
VEN-04998,Low,Facilities,Medium,High,Outsourcing,30.723963188336107,5.365008441668879
VEN-04999,Low,Professional Services,Low,Low,Outsourcing,12.843745688399975,3.864253067397196
VEN-05000,Low,Technology,Low,Low,Non-outsourcing,8.41015357205308,5.018180420233615
