external_org_id,open_critical_vulnerability_count,average_critical_patch_age_days,security_incident_count_24m,penetration_test_high_finding_count,third_party_cyber_rating
VEN-00001,1,62.4163859274578,0,0,717.7690345113543
VEN-00002,1,5.667447128693119,0,0,695.5739285540326
VEN-00003,1,20.930275248573288,0,0,606.3802603239133
VEN-00004,2,51.404468334203294,3,1,693.4970419791507
VEN-00005,0,10.512658225570856,1,0,664.9744192025411
VEN-00006,1,26.19720619995737,1,2,814.7848689927405
VEN-00007,0,18.363102445708176,0,0,758.8535822430013
VEN-00008,1,58.838974649875134,2,1,752.4288549868851
VEN-00009,1,18.22106211035811,0,1,950.0
VEN-00010,1,19.98525374889472,0,1,931.2692081105456
VEN-00011,1,55.73493939614232,0,0,703.5003640349458
VEN-00012,1,32.84475103254892,1,1,817.6581496783808
VEN-00013,1,18.489265596017493,0,1,820.6490255445373
VEN-00014,2,22.64089314966827,1,0,736.3790164956271
VEN-00015,0,46.568045040307055,0,1,752.5709240360026
VEN-00016,0,14.826460245935875,1,0,893.3646781396836
VEN-00017,1,55.82930171804862,1,1,793.8484385332303
VEN-00018,0,31.363026359334185,0,0,656.4459664863086
VEN-00019,0,47.51793041542357,0,0,910.0791343375616
VEN-00020,2,33.64522763567951,1,0,950.0
VEN-00021,0,28.505943320889315,0,1,855.5140693059724
VEN-00022,1,35.456389123729465,0,0,635.8055223342392
VEN-00023,1,63.655384637013405,0,2,874.6199165325058
VEN-00024,1,15.780987550784827,0,0,728.0444203708022
VEN-00025,1,30.761163760650625,1,1,808.1753351055869
VEN-00026,1,11.572649758627293,1,0,768.9803743521625
VEN-00027,0,50.73608856796383,1,1,701.9914334295424
VEN-00028,0,3.7913197613319127,1,0,739.7264127109233
VEN-00029,1,54.09599052935767,0,1,705.7230656157192
VEN-00030,2,19.52485550739725,0,0,689.0957992786994
VEN-00031,0,65.01019864835186,0,0,796.9460222837814
VEN-00032,0,8.053659446911677,0,0,699.0101307986072
VEN-00033,1,37.52240165226527,1,1,680.713623779407
VEN-00034,0,64.92824131372328,0,1,817.8366843624068
VEN-00035,2,35.58336070807656,0,0,772.827972547635
VEN-00036,0,24.45234340415957,0,0,684.4172018027186
VEN-00037,1,29.629730240607504,0,0,613.4658570612721
VEN-00038,2,60.55161209080838,0,1,794.0859544330299
VEN-00039,1,27.951363894818662,1,3,775.084325984159
VEN-00040,2,47.315522584408114,0,0,611.4523476700459
VEN-00041,0,6.257748959483925,0,0,845.6622953295977
VEN-00042,0,46.2297164462903,0,0,742.2991973264266
VEN-00043,0,31.10093066249638,0,0,735.2464122013189
VEN-00044,0,58.99785394604571,0,1,644.8079683714436
VEN-00045,2,13.991679384448762,0,0,780.84436922635
VEN-00046,1,14.16869817783402,0,0,950.0
VEN-00047,0,30.451528959836388,0,0,719.1117009364671
VEN-00048,0,50.454799079877375,1,0,775.4847523738565
VEN-00049,1,34.622852413194785,0,1,641.2824763883973
VEN-00050,3,35.509327296811435,1,0,594.1748946635735
VEN-00051,1,15.531065648856282,1,0,796.1765308162535
VEN-00052,0,68.89170513275812,0,1,525.6626398276943
VEN-00053,0,27.839195724491507,0,1,901.3362128045534
VEN-00054,0,35.90283164562231,1,0,700.8459145445952
VEN-00055,1,51.55092033849102,0,0,907.2733201693408
VEN-00056,0,110.59731735832676,1,0,850.1712615937397
VEN-00057,1,107.02519370618252,0,0,814.5197228449972
VEN-00058,0,26.111707268541263,0,1,750.0230139040762
VEN-00059,0,49.531432306132,1,0,701.8641323265159
VEN-00060,0,27.64442529574881,1,1,680.4497638596607
VEN-00061,0,34.456667597405975,0,2,559.3003421756428
VEN-00062,4,43.21772395704683,0,0,868.5237770090539
VEN-00063,0,62.9400623310397,1,1,811.079346802676
VEN-00064,1,43.22358479165991,0,0,818.2774747163526
VEN-00065,0,61.66812779484619,0,0,711.1025232863566
VEN-00066,0,29.36719783135849,1,1,774.8555404363077
VEN-00067,1,79.85334619187232,0,0,853.704511596248
VEN-00068,2,27.13075077723748,1,0,900.8450087970684
VEN-00069,2,21.272111716901428,0,0,712.0415281102561
VEN-00070,1,34.8956647274285,0,0,647.5309351998404
VEN-00071,0,86.72212518306361,0,0,695.0010827559843
VEN-00072,1,21.572355490428475,0,1,779.5529311910409
VEN-00073,1,17.662469808294578,0,3,629.9348173781522
VEN-00074,1,42.86835364007948,0,0,759.4719601600949
VEN-00075,2,74.20745381633819,0,1,751.695031917285
VEN-00076,0,14.64347126221608,0,0,900.7590314979466
VEN-00077,2,50.00316659253034,1,1,779.5068967574769
VEN-00078,1,57.621185450219485,1,0,714.7406198384571
VEN-00079,0,33.31884075996315,1,0,751.7550357285685
VEN-00080,2,19.30533586998425,0,0,785.4259743988524
VEN-00081,0,38.19794862538276,0,0,875.3193640531312
VEN-00082,1,14.548711934056508,0,1,852.1394021329832
VEN-00083,4,50.52218329165069,0,1,840.2723321611232
VEN-00084,3,52.54784228460532,0,1,680.5731089487291
VEN-00085,2,27.03419893845989,0,4,674.3687500152283
VEN-00086,0,26.673925102125278,0,1,634.6792096702026
VEN-00087,1,57.83632936946321,0,0,881.2777030430863
VEN-00088,1,42.38127855092694,0,0,706.5577787744785
VEN-00089,1,64.5596759426123,1,0,802.582965512169
VEN-00090,2,37.47592342166469,0,1,710.6886544834455
VEN-00091,0,38.55247280296848,0,0,825.1831765943242
VEN-00092,1,19.87192644714028,0,2,854.6240745839659
VEN-00093,2,8.814014273760508,0,1,701.7736679982812
VEN-00094,0,62.50512663238027,0,0,739.9709064563453
VEN-00095,1,25.87049477694403,0,1,714.1452999591966
VEN-00096,1,21.172428981097447,1,1,803.661469033179
VEN-00097,3,77.14621356342161,2,1,841.8964155061891
VEN-00098,4,31.435023076760853,0,3,685.1216415237121
VEN-00099,1,5.959754601331992,1,0,631.4219468066672
VEN-00100,2,9.238149577817834,0,0,653.4384337036419
VEN-00101,1,28.09968103553128,0,1,693.0466191464303
VEN-00102,1,69.61561523741992,0,0,543.0768768277104
VEN-00103,1,27.012219707756547,1,1,665.9380569736685
VEN-00104,0,30.028975626380078,1,0,766.4637506467473
VEN-00105,1,39.34147962098102,0,1,828.0975253611662
VEN-00106,1,52.599724093201935,1,0,669.918805572372
VEN-00107,1,31.5546736438586,0,1,818.003480338321
VEN-00108,0,38.76620802669079,1,0,812.8032423960211
VEN-00109,0,21.29099655530679,0,0,688.17818107084
VEN-00110,0,85.42305643772269,0,0,792.053997737737
VEN-00111,1,57.82377090321179,1,0,858.7000986513694
VEN-00112,1,33.50967399845478,1,0,781.926898743029
VEN-00113,2,42.491208162538726,1,0,661.381357567491
VEN-00114,0,28.586519029176397,0,0,775.6409743344235
VEN-00115,0,41.06300102216496,0,0,733.8043355728872
VEN-00116,0,48.83474484134372,0,1,804.9248261969265
VEN-00117,4,19.092776389341427,0,0,762.0235199435295
VEN-00118,2,20.111825340854534,0,0,903.1838996303626
VEN-00119,0,67.67493472663988,0,1,835.9176502077552
VEN-00120,0,27.812755079269543,1,0,934.160523830197
VEN-00121,1,21.976892396387885,1,0,748.0475717201041
VEN-00122,0,82.97620078060942,1,1,667.8552491601281
VEN-00123,0,94.26705975072365,1,0,804.5201729256843
VEN-00124,0,24.275586984097348,0,0,728.1624013314965
VEN-00125,1,62.581023706025896,0,0,844.541973500093
VEN-00126,0,18.056078015086204,0,1,788.806068662388
VEN-00127,1,48.06796043222545,0,0,856.2232048923071
VEN-00128,1,25.174617954876037,2,1,772.9427792297499
VEN-00129,2,35.94701935796961,1,1,808.9086028426367
VEN-00130,2,24.527101425653584,1,2,700.3914394355266
VEN-00131,1,22.42734591320848,0,1,686.8988314492907
VEN-00132,2,22.98605879636717,1,0,853.8055492398516
VEN-00133,0,11.644845038485746,0,1,787.4304342594055
VEN-00134,0,27.83446157185917,0,0,800.1593650904496
VEN-00135,0,22.06456085510704,0,0,779.0543584016375
VEN-00136,4,62.92048020191185,0,1,644.027739875481
VEN-00137,0,6.686740396504095,0,1,577.8090461787447
VEN-00138,0,22.386717064607765,0,0,812.1232362556634
VEN-00139,1,62.02836693146466,0,0,748.5934375793073
VEN-00140,0,33.094717696847894,0,0,780.2090629122638
VEN-00141,1,36.94381846582792,0,0,794.4512723785685
VEN-00142,2,85.20511626836607,0,0,795.6156034380007
VEN-00143,1,59.622290902711626,0,2,768.3112285795444
VEN-00144,1,104.75567082168811,0,0,785.8135249166733
VEN-00145,0,10.339026999636332,0,2,716.486288338962
VEN-00146,2,68.00654425669417,0,0,755.646506180094
VEN-00147,0,12.930692766402036,0,0,604.2114424244064
VEN-00148,0,44.96732803759328,1,1,745.6422147362283
VEN-00149,2,3.4245036000883213,0,1,735.7353230919821
VEN-00150,3,60.1130856170773,0,0,667.9616596271431
VEN-00151,1,44.35344858327561,1,1,687.9952405360272
VEN-00152,1,48.97843879208591,0,0,820.409764796448
VEN-00153,1,64.53009554079034,0,1,759.815018328827
VEN-00154,2,32.22381162192491,1,2,710.2495823500648
VEN-00155,1,33.2698809446883,0,0,798.9190305165549
VEN-00156,2,31.86048594136973,1,1,634.3825877669841
VEN-00157,2,24.972509383331587,0,0,819.1159101112331
VEN-00158,1,45.84368013918586,1,0,923.5411948265796
VEN-00159,0,26.62579669831393,1,0,721.3848334627281
VEN-00160,2,45.17525598277323,0,0,728.5268531145915
VEN-00161,1,37.98914693226802,0,1,881.3582833380714
VEN-00162,0,47.06130975361256,0,0,797.6443763376868
VEN-00163,0,31.537464472384265,0,1,883.299704746152
VEN-00164,0,16.607981234752184,0,0,820.5275240513333
VEN-00165,2,25.784786744561075,1,2,738.7512837550792
VEN-00166,1,31.237881193415426,0,1,720.1869126454391
VEN-00167,0,97.62673392874082,0,0,695.9842598206397
VEN-00168,0,11.375559985163198,0,0,849.4917186950976
VEN-00169,1,32.73851095179867,0,0,730.4953288467366
VEN-00170,1,26.43949822648497,0,0,547.9975394711014
VEN-00171,3,17.311615740223598,1,1,860.2778688124687
VEN-00172,2,8.82362584313527,0,1,685.5864476980323
VEN-00173,0,54.19970868775157,0,0,669.6377630067141
VEN-00174,1,37.75594352061712,0,2,836.6286915704028
VEN-00175,1,13.564873216623695,1,1,827.3426082286257
VEN-00176,1,48.94723260587073,0,2,738.6312332537517
VEN-00177,1,106.89603046093688,1,0,716.3048186845731
VEN-00178,0,42.72273002495375,0,0,881.458947895633
VEN-00179,4,15.353130372797413,0,0,644.1187692765498
VEN-00180,0,46.29542820004152,0,0,663.3535782783725
VEN-00181,2,55.34516842443213,0,1,844.2130547782931
VEN-00182,0,34.17676650128719,0,0,722.686495928542
VEN-00183,0,14.019144415000431,1,0,837.7325363272482
VEN-00184,1,23.987184353019032,0,1,916.0164826009212
VEN-00185,0,36.05519624107677,1,0,950.0
VEN-00186,2,51.544220408757845,1,1,743.1858670045561
VEN-00187,0,27.279584436527667,1,2,901.7930480141554
VEN-00188,2,60.57713977363401,0,0,688.4228895362857
VEN-00189,0,88.51427593300141,0,0,727.1739040403705
VEN-00190,1,25.11565793040488,0,1,731.4424455705939
VEN-00191,2,51.22330248788639,1,0,654.3121871413541
VEN-00192,1,66.7405469576975,0,0,656.2970401331828
VEN-00193,3,13.21645528987983,0,0,702.3456088486084
VEN-00194,2,48.18369914170258,0,2,931.068452260528
VEN-00195,0,69.87374711879131,2,0,805.8452574196067
VEN-00196,2,36.568030088635886,0,0,816.1717464300572
VEN-00197,1,35.90252797748177,1,2,785.0467419075595
VEN-00198,2,16.016220198439914,1,0,841.1378809947072
VEN-00199,1,42.9029826770595,0,1,747.0735118749844
VEN-00200,0,80.56777318260364,1,0,791.4905511970433
VEN-00201,2,28.39044683778804,0,0,894.769819977295
VEN-00202,0,25.7276001950289,1,0,796.9729687763751
VEN-00203,1,55.83096012066554,0,1,592.1806433603798
VEN-00204,3,70.80410091176279,0,1,662.6015473768869
VEN-00205,1,101.4443039834927,1,0,747.7241466563069
VEN-00206,0,47.74125972018939,0,0,753.6885341686185
VEN-00207,0,7.165755141701847,0,2,852.667200440351
VEN-00208,2,40.10168475613436,1,1,808.319587791686
VEN-00209,4,60.17156577818137,0,0,775.6884811244406
VEN-00210,1,51.21067940020379,1,0,817.6393120240076
VEN-00211,1,51.95861938166483,1,0,757.5154761036869
VEN-00212,1,51.14569498934667,0,0,743.6578615885882
VEN-00213,0,42.137392627305815,0,0,712.3800787463119
VEN-00214,1,20.49183145779517,1,2,479.1871923768303
VEN-00215,3,31.220352350140395,0,1,749.604684198015
VEN-00216,1,33.51754764227993,0,0,728.7253548128574
VEN-00217,0,57.04609969611351,0,1,931.0128248270876
VEN-00218,0,40.82311476079496,0,0,812.6871946430437
VEN-00219,0,24.069297822719196,0,0,875.3885192853948
VEN-00220,0,56.16635921543263,1,1,687.4519804891357
VEN-00221,2,27.220849824512896,0,0,816.732658051555
VEN-00222,2,17.098279046321736,1,1,904.6194816258952
VEN-00223,0,55.07958863575029,0,2,713.7727562622529
VEN-00224,1,31.95374687565659,1,0,659.4465717074161
VEN-00225,2,40.56162355506955,0,1,703.451626264399
VEN-00226,2,31.507843733017594,1,1,690.6080533394688
VEN-00227,1,35.52608873230332,0,0,764.8191641315433
VEN-00228,1,19.13027745366304,2,0,851.1266254498255
VEN-00229,1,33.808868339204444,0,2,911.0851451120444
VEN-00230,0,14.541403740948583,0,0,788.3429144881468
VEN-00231,1,51.04766941906506,0,0,757.8285932803241
VEN-00232,3,22.820470086428823,0,0,699.4579123587738
VEN-00233,0,10.500056427617244,0,0,829.103691178099
VEN-00234,0,28.441941944780368,0,1,783.3008756777139
VEN-00235,2,27.15376278750062,0,1,599.9935056208107
VEN-00236,3,41.52357433857778,0,1,766.7743821756445
VEN-00237,1,34.22997054456973,0,0,871.0108751197306
VEN-00238,2,39.86128115189579,0,1,617.5516158590019
VEN-00239,0,15.058570551128405,0,1,584.8891486399365
VEN-00240,1,16.489095626020614,1,0,799.2602260053181
VEN-00241,1,33.11875128311401,1,0,721.9681066820784
VEN-00242,0,25.09935675838217,0,0,782.1270420698384
VEN-00243,0,60.57012785539974,0,1,709.4427134234205
VEN-00244,0,26.154973242236466,0,0,835.416815188055
VEN-00245,0,23.68027880190572,0,0,693.3034802364459
VEN-00246,1,12.813946059198392,1,0,863.4741767461385
VEN-00247,1,28.2541697009373,1,0,873.6797186485351
VEN-00248,1,46.4472141262015,1,0,538.4246120043557
VEN-00249,3,44.40364218266934,0,0,649.1769357768031
VEN-00250,2,67.99164321908071,1,0,752.1486453262086
VEN-00251,1,62.60863496779196,0,0,861.0890395788808
VEN-00252,0,32.086254153491815,1,2,911.2223925536756
VEN-00253,0,34.984775562680326,0,0,775.6045547061262
VEN-00254,0,19.489798949825342,0,0,856.3687709686981
VEN-00255,0,57.26066056803596,1,0,950.0
VEN-00256,1,10.353307431295493,0,0,667.8825220751908
VEN-00257,2,49.42119130058847,0,1,819.423422344144
VEN-00258,0,6.901271414866851,0,0,832.212641869083
VEN-00259,0,13.98223761680889,0,0,709.7561586998054
VEN-00260,2,36.81175884151319,0,0,685.7612575410827
VEN-00261,2,79.86507792072054,0,0,797.6881363098398
VEN-00262,1,24.72931594754579,0,0,664.5320416026701
VEN-00263,1,43.06410028550373,0,0,691.9111902502722
VEN-00264,1,39.50031241184983,0,1,734.1779729271327
VEN-00265,2,22.637271759136965,0,0,660.1825339086698
VEN-00266,2,14.567224383627869,0,1,611.4950036710545
VEN-00267,0,62.30880137862016,0,0,870.7879207239706
VEN-00268,1,29.44643889129347,0,0,723.2365005223143
VEN-00269,0,42.189215169302855,1,0,794.5766106360745
VEN-00270,1,11.938375789837057,2,0,752.4035831894787
VEN-00271,2,50.43350184904597,0,2,912.7354571883412
VEN-00272,0,55.18750493129519,0,1,738.4795038708509
VEN-00273,4,76.70076754789845,0,1,714.3717548479743
VEN-00274,0,3.973845986847431,1,3,684.0897284599346
VEN-00275,0,15.415090183073865,0,1,709.0501027180827
VEN-00276,1,25.589515946119384,0,1,642.5317210082255
VEN-00277,2,25.502730434958515,0,0,733.925958300169
VEN-00278,0,36.69556195031472,0,0,650.3983943490194
VEN-00279,1,112.8273962721407,0,1,845.2016824212596
VEN-00280,1,54.863034851969815,0,2,712.6993723764579
VEN-00281,1,60.607416001733824,1,0,665.7465804217595
VEN-00282,1,21.54538226551299,0,1,766.1607528660066
VEN-00283,0,28.25955888305681,0,0,784.9482246036463
VEN-00284,1,27.27535929803625,0,0,639.0906223293952
VEN-00285,0,33.97292885496905,0,0,580.6369959183378
VEN-00286,2,29.701119474344004,0,1,805.1138130814045
VEN-00287,0,7.651484681278035,1,1,750.9600892066534
VEN-00288,0,66.4595290987014,2,2,750.3287602671697
VEN-00289,1,54.23212514182384,0,0,773.2102062071806
VEN-00290,1,36.48899887036486,0,0,561.4199763331001
VEN-00291,2,45.65618330180426,0,2,656.4553950796945
VEN-00292,3,16.057772072363893,2,1,775.3361512229183
VEN-00293,1,51.64912031236863,0,1,632.681026311565
VEN-00294,1,14.68036940365297,0,0,821.853112324969
VEN-00295,2,17.640112500453856,0,0,687.4213584127157
VEN-00296,1,26.61181716981847,0,0,742.0406078440434
VEN-00297,1,64.55044860524089,0,0,763.3025767851464
VEN-00298,1,48.22839236113298,0,0,880.5831032115781
VEN-00299,2,12.6206202351896,0,1,866.4087501512356
VEN-00300,2,15.819114857161054,0,1,650.8315087088117
VEN-00301,0,41.4222442778597,0,0,776.8767427045957
VEN-00302,0,79.70375301174006,0,0,796.2388894295104
VEN-00303,1,18.204149479664164,2,1,872.6914119542118
VEN-00304,1,16.28784215613296,1,0,828.5916614042455
VEN-00305,1,48.41526977862976,0,1,741.2088054228036
VEN-00306,0,58.667532247134325,0,0,765.647963011523
VEN-00307,2,22.523406323415717,0,0,859.4352955717217
VEN-00308,1,51.64973299055877,0,0,633.6784165212632
VEN-00309,0,12.291343386484709,0,0,832.4934756997444
VEN-00310,0,48.053812580818345,1,0,867.8623753774403
VEN-00311,0,36.79503109782223,0,1,855.0269009177107
VEN-00312,0,23.631346934328008,0,1,851.3378073156351
VEN-00313,0,89.38439232547582,1,1,883.1208627810939
VEN-00314,1,38.93319607595997,0,1,832.5171848392683
VEN-00315,0,60.3415076834502,0,2,627.1447019983932
VEN-00316,0,101.23455012050184,0,1,704.4155178680728
VEN-00317,0,10.967817133665694,0,1,818.6744990638025
VEN-00318,0,36.39551602390477,1,0,916.1740483743092
VEN-00319,2,5.465449476717752,0,0,841.4201036734207
VEN-00320,1,18.136040499976563,0,0,726.8117087670148
VEN-00321,0,24.579947321202248,1,0,688.0653628099395
VEN-00322,2,82.30312935638229,0,0,866.8979738658202
VEN-00323,1,9.6328651591435,0,1,639.5917501466606
VEN-00324,1,26.292791506373963,1,1,784.2324114576433
VEN-00325,1,8.306528209507329,1,0,587.2631904969653
VEN-00326,1,15.469207427489518,1,0,798.8862687856536
VEN-00327,1,54.96871714690106,2,2,712.3013714276859
VEN-00328,4,43.456134919271534,0,1,642.4356500631189
VEN-00329,1,74.45089811950129,0,0,878.6802898919003
VEN-00330,1,12.426660565218285,0,0,678.9328847613488
VEN-00331,2,13.288567081934811,0,0,870.6458648956688
VEN-00332,0,23.424810554271723,0,0,777.4528201520164
VEN-00333,2,18.71466966486299,0,1,808.8486478567743
VEN-00334,1,8.903910838827027,0,1,879.5578670650418
VEN-00335,0,31.35890247227989,0,0,649.0065273242948
VEN-00336,1,28.37328987302135,0,0,774.3369277993959
VEN-00337,0,96.22969558122828,0,1,633.066288253275
VEN-00338,1,36.27781476880256,0,0,649.1595341546233
VEN-00339,1,31.925353143081253,0,2,778.6786480083744
VEN-00340,4,31.017463446285063,0,0,806.7824372288828
VEN-00341,2,25.656652188580463,0,0,778.7194092768507
VEN-00342,0,59.82002133837096,1,1,885.5905991725903
VEN-00343,4,66.17928516371683,0,2,922.9327209461876
VEN-00344,0,37.5035408141169,1,0,813.4348850773182
VEN-00345,0,33.99673417232085,0,1,715.3000223246477
VEN-00346,0,25.253402847137632,0,1,867.3882736142629
VEN-00347,1,21.94410724729949,1,0,664.436275935086
VEN-00348,1,18.99018245395465,0,0,620.6952831626606
VEN-00349,3,35.02302315802106,0,0,763.5770586138431
VEN-00350,1,9.562106247472672,1,1,801.6646891408293
VEN-00351,2,15.944157845058353,0,0,779.0876346169679
VEN-00352,3,57.21839588465354,0,2,829.8878046486695
VEN-00353,1,12.264486623870754,0,1,688.194876345462
VEN-00354,0,31.166566510587455,0,1,774.3841869327109
VEN-00355,0,35.27047282727752,1,0,874.8178987132962
VEN-00356,3,68.47436408668209,1,0,842.3704193556528
VEN-00357,0,43.72882118389381,0,0,605.3380096585341
VEN-00358,3,34.4814351983088,0,2,856.2810502400856
VEN-00359,0,14.367709549620114,1,1,908.5239121453872
VEN-00360,1,11.0498660026812,0,0,618.4638603184058
VEN-00361,3,50.553449880138274,0,1,732.8887429833433
VEN-00362,0,44.01041348965688,1,1,674.4447141678434
VEN-00363,0,49.11211720376117,1,2,844.2287241249353
VEN-00364,1,14.445400745021791,0,0,690.5324253384666
VEN-00365,3,38.65175935807998,2,0,766.314352882451
VEN-00366,1,39.01829855119304,0,2,792.2825682991103
VEN-00367,1,31.90414761663175,0,0,685.1377299612274
VEN-00368,0,29.943668205229752,0,0,662.4270991853152
VEN-00369,0,57.07500188925995,0,2,763.047268012815
VEN-00370,0,18.97868786804333,0,0,761.5033502699297
VEN-00371,0,32.14754391525237,0,0,868.6313410582591
VEN-00372,1,37.78381318522845,0,0,760.5028717256577
VEN-00373,0,73.00084219301263,0,0,587.8017378210966
VEN-00374,0,36.603900349205546,0,0,645.3144491184552
VEN-00375,1,29.235008137005263,1,0,696.7614605778622
VEN-00376,0,24.911978917615908,0,0,699.1445732403589
VEN-00377,0,56.37788867400192,2,0,641.5490993395092
VEN-00378,3,57.73688648470022,1,0,628.4585327417824
VEN-00379,1,39.24156868059904,0,1,746.021125305729
VEN-00380,2,19.48697349234488,0,0,937.4179674530036
VEN-00381,2,66.10636134612646,1,1,709.5391391746597
VEN-00382,0,75.55406532000472,0,0,844.0369798718453
VEN-00383,2,18.648308299660005,0,0,666.7367091619578
VEN-00384,1,9.494862040170904,0,0,727.1808282214347
VEN-00385,0,40.72249019918659,0,1,675.8323075772494
VEN-00386,1,49.35016185060738,1,2,835.0067055624178
VEN-00387,0,29.968357031972456,1,0,641.6484564883108
VEN-00388,0,48.478161351349165,0,0,716.9618554116702
VEN-00389,0,21.694811045559234,0,0,861.7691546349519
VEN-00390,1,32.55346228070137,1,1,813.7419023534547
VEN-00391,0,30.677240941388074,0,0,837.8692268193074
VEN-00392,1,21.805251622994188,1,0,618.8132908275365
VEN-00393,0,26.05704543916852,0,0,720.22737754465
VEN-00394,1,24.527548276267144,0,0,641.042488443589
VEN-00395,2,9.78447053578155,1,2,739.8852460051864
VEN-00396,0,23.15069539877336,1,0,565.4651679231669
VEN-00397,0,13.60609055093706,0,0,765.1845780245181
VEN-00398,1,17.257950910904874,0,2,887.0179246046915
VEN-00399,1,48.594724279230135,0,2,872.2741900863874
VEN-00400,2,64.94037834108939,1,0,795.9459590330603
VEN-00401,1,30.749942651833035,0,0,679.7851056440459
VEN-00402,0,37.3577382168894,0,1,707.7251127567415
VEN-00403,0,31.89099558622733,0,1,549.7210394619058
VEN-00404,0,39.449601847704535,0,0,950.0
VEN-00405,0,33.47981331873844,0,0,762.5876751719082
VEN-00406,3,20.80269286034924,0,1,894.6817337657317
VEN-00407,2,30.394138652478755,0,0,661.6658294860879
VEN-00408,0,51.71591947271025,2,1,728.9111086707499
VEN-00409,1,23.72687565608613,0,2,688.4253102907483
VEN-00410,0,32.700272019069885,1,0,845.0840467538134
VEN-00411,1,27.70632470457156,1,1,782.1557288647414
VEN-00412,0,40.6476009213261,0,0,680.8447579640401
VEN-00413,3,47.300717554415655,0,0,679.8947896953837
VEN-00414,1,34.56810754676809,2,0,922.9393022558183
VEN-00415,2,25.03267547848476,0,2,901.8312310910272
VEN-00416,2,28.05536550155913,2,0,684.7933778605052
VEN-00417,1,53.02234105869475,0,0,701.6741661701158
VEN-00418,1,44.17433379908403,0,0,845.2145057664254
VEN-00419,1,80.89282252216995,0,2,723.4187640588643
VEN-00420,1,34.82259413152504,1,0,665.0228888130636
VEN-00421,1,10.791064367326587,0,0,660.4343669489541
VEN-00422,2,33.60951264476359,1,1,722.8364370746648
VEN-00423,2,121.82450390668312,0,1,773.4351183464412
VEN-00424,0,25.010643450560323,0,1,675.9096985238492
VEN-00425,0,28.713230207510307,0,0,676.6281600189861
VEN-00426,0,8.63140401210685,0,0,744.1665932049673
VEN-00427,2,50.375238809356034,0,0,693.8720140810882
VEN-00428,5,48.18224649888256,1,0,658.5885138189199
VEN-00429,0,58.02154126160934,0,1,820.0180941337956
VEN-00430,1,30.63517367192429,0,0,744.6181529091818
VEN-00431,0,50.49720179231088,0,3,888.001252472078
VEN-00432,1,26.533622568799803,2,0,859.0604520319547
VEN-00433,0,34.470458172217675,1,0,855.8433633928615
VEN-00434,0,49.06743952005675,0,1,950.0
VEN-00435,1,72.0765196372064,0,0,795.2598573928094
VEN-00436,4,39.02500808828249,0,0,819.1465825069865
VEN-00437,2,59.608324403790334,0,0,698.9335403843688
VEN-00438,0,10.809573679950407,0,1,697.1817780234494
VEN-00439,1,89.25202505672944,1,0,732.1358236639607
VEN-00440,0,26.619187318146874,0,0,711.7723835601545
VEN-00441,0,14.892866350500803,0,0,687.406298883943
VEN-00442,1,4.254724591879015,0,3,819.7957783941473
VEN-00443,0,70.67447897142388,1,0,662.894822139286
VEN-00444,2,14.103393825625938,1,1,615.997417778026
VEN-00445,0,38.0033441145016,0,0,741.1970770542898
VEN-00446,0,54.754278988076656,0,1,594.8140556714404
VEN-00447,2,64.26040984747581,0,0,759.7850669194889
VEN-00448,1,29.80607586857266,1,1,880.8453112607281
VEN-00449,3,47.15827357240648,1,1,757.0544034400823
VEN-00450,2,13.476124703006626,0,1,833.3801440617596
VEN-00451,0,25.861088283787048,0,1,850.9629191764517
VEN-00452,0,61.742180418553545,0,1,850.6005423347495
VEN-00453,0,19.66435043840838,1,0,625.1453008208584
VEN-00454,2,30.209275820399004,0,0,906.7063317769112
VEN-00455,1,34.44224113473769,1,1,550.5588773669398
VEN-00456,0,29.64712757778708,0,0,898.4003476874877
VEN-00457,1,42.35116093425424,0,1,764.5557349879006
VEN-00458,0,29.76618997514572,0,1,826.8258677563468
VEN-00459,0,34.94940480818484,0,0,766.3985214242305
VEN-00460,1,62.40042297750963,0,1,767.4857757587455
VEN-00461,1,50.52713158810592,0,1,833.202896855744
VEN-00462,1,96.94673263029364,1,0,921.0489158005662
VEN-00463,0,52.26748683802648,1,0,825.0951810540232
VEN-00464,1,42.80433521513591,0,0,760.614776382944
VEN-00465,1,52.4021844914001,0,0,786.9697587119764
VEN-00466,0,56.12918234902831,0,0,572.1285766124266
VEN-00467,1,17.34784531097317,0,0,525.9602025017755
VEN-00468,0,48.145416269828246,1,1,588.1715150612837
VEN-00469,3,24.93571843323132,1,0,752.4994424893893
VEN-00470,3,34.58488557157538,0,0,726.9344887965129
VEN-00471,2,38.906443340077765,0,0,677.2737500659823
VEN-00472,0,6.382868099961566,0,0,661.6223929587744
VEN-00473,2,31.45098999939669,0,1,658.1024801715389
VEN-00474,2,28.208199275989323,0,0,906.687821596748
VEN-00475,0,23.516502082761367,0,0,735.0118672669566
VEN-00476,1,82.5055710010701,0,1,604.5181515713718
VEN-00477,1,20.103879383497382,0,0,787.2999968961776
VEN-00478,0,47.719225036085184,0,1,681.776653119105
VEN-00479,2,62.10441310203578,0,0,756.4594096968051
VEN-00480,1,34.06037813497354,0,0,682.8107143362622
VEN-00481,1,11.608330306393128,2,1,660.3736018260383
VEN-00482,0,27.857064622907934,1,0,783.1101294730258
VEN-00483,2,15.100694311611722,0,0,718.6197611272302
VEN-00484,0,41.11658953377308,0,0,860.8181970149553
VEN-00485,0,16.975404975736105,0,1,768.9508897801827
VEN-00486,2,7.105139462094491,0,0,689.1975419259543
VEN-00487,1,37.325464266046,0,1,787.0971353920805
VEN-00488,0,39.27624610592724,0,0,807.3034205747077
VEN-00489,1,24.80720687886201,0,1,690.8514583060686
VEN-00490,1,20.09598447650794,0,0,670.7541478157887
VEN-00491,0,90.94719686678468,2,0,678.9179674002006
VEN-00492,1,180.0,0,0,762.4582167500852
VEN-00493,0,23.24859635542193,0,0,906.0766839454232
VEN-00494,1,19.70518170068345,1,0,863.8569124206771
VEN-00495,3,26.105177125744767,0,0,902.5533875743492
VEN-00496,1,2.118667618330454,0,1,865.9888947557072
VEN-00497,1,24.890202367172613,0,0,482.1933610714891
VEN-00498,0,14.446814033531602,0,1,765.4168322190455
VEN-00499,1,22.5107612628412,0,0,869.7949655705783
VEN-00500,1,25.96443725585477,0,0,781.4058142210563
VEN-00501,1,73.89118924099859,1,0,703.5262058912093
VEN-00502,2,32.74073005159383,0,1,950.0
VEN-00503,1,38.24472430751635,1,0,896.6035750943897
VEN-00504,0,18.667955603971365,0,2,684.8637034487327
VEN-00505,4,64.1967251109034,0,0,721.1572877010218
VEN-00506,0,16.722521592818744,1,1,675.9586538322604
VEN-00507,1,27.78150013243939,1,0,741.7709339288831
VEN-00508,0,8.758347403196565,0,0,893.599590868693
VEN-00509,1,24.93773780878125,0,0,830.348882734031
VEN-00510,0,27.056083823239494,1,0,937.708965889486
VEN-00511,0,116.69378176249596,0,0,837.5231029659107
VEN-00512,2,71.40219885796036,0,0,677.7953428834865
VEN-00513,0,7.025003935840363,0,0,607.9856305047573
VEN-00514,3,26.674606670115637,0,0,799.5676031124871
VEN-00515,1,16.085539502961822,0,0,605.6039242449967
VEN-00516,2,40.46322443482235,0,1,751.4283890987024
VEN-00517,0,21.892321804735573,0,1,910.574270089442
VEN-00518,0,13.24218363088142,0,0,754.091609624481
VEN-00519,0,20.03361884409785,0,0,852.9070527597365
VEN-00520,1,9.336220982162674,1,0,700.2574323053882
VEN-00521,0,6.489175840664533,0,1,649.17306707514
VEN-00522,0,29.99014773404508,1,0,755.1081075248852
VEN-00523,0,56.957778783450046,1,0,800.1457894799547
VEN-00524,6,34.76933973926366,0,0,861.1173317188038
VEN-00525,0,48.99944724942828,1,1,624.0261996243878
VEN-00526,1,28.14125965215292,0,0,896.9074695947453
VEN-00527,0,14.255515918673405,0,1,701.1356697748097
VEN-00528,2,33.847846193806504,0,0,903.8434441351412
VEN-00529,0,24.12685449234608,0,2,626.0013655110989
VEN-00530,3,9.436810293241832,0,1,705.7434538904802
VEN-00531,0,98.4429352903058,0,1,767.268746561541
VEN-00532,1,46.0110728653902,1,1,769.2718103292773
VEN-00533,0,28.429846309884947,0,0,647.9587214255466
VEN-00534,1,65.11676618669128,0,0,753.431321452485
VEN-00535,0,8.565342790514501,0,1,742.382949516869
VEN-00536,1,30.5934510291034,0,0,934.947217194234
VEN-00537,0,6.195549910617863,0,1,550.426217317025
VEN-00538,2,17.008888857754947,0,0,769.4623207439698
VEN-00539,1,10.101941278369257,0,1,642.5364184182375
VEN-00540,2,14.638842949297004,0,1,792.3497157347838
VEN-00541,2,38.24765960614513,0,1,686.4944223581828
VEN-00542,0,20.572298211188656,0,0,873.1408424003498
VEN-00543,1,31.44987063993892,0,0,864.8359933961558
VEN-00544,1,14.487059681484451,0,0,614.958816274685
VEN-00545,0,16.24975299604313,1,0,720.3068995924529
VEN-00546,2,7.571976079415377,0,0,812.6656272129087
VEN-00547,1,47.1788875331148,1,0,576.5045798999073
VEN-00548,3,8.723430366877372,1,1,721.9754674720301
VEN-00549,2,30.030957807848296,0,0,669.7291680545354
VEN-00550,0,23.423985260699737,1,1,839.8172701721918
VEN-00551,0,31.130640521108468,1,0,792.8708329208067
VEN-00552,2,13.638376347725895,0,0,752.1683644754772
VEN-00553,0,64.23130635552381,0,0,740.6141159568624
VEN-00554,1,31.795887980026457,0,1,916.711985120229
VEN-00555,2,21.86294492635357,1,0,731.5012516911669
VEN-00556,0,36.0507393247699,0,0,821.2653770943015
VEN-00557,2,23.236168663730428,0,0,950.0
VEN-00558,3,28.213744277568967,1,1,836.2372669106333
VEN-00559,1,37.60010237094193,0,0,804.9529507987464
VEN-00560,1,35.66327209575044,1,0,739.170384400883
VEN-00561,0,22.145701897548356,0,0,724.3289838573971
VEN-00562,2,25.57840644446261,0,1,535.9450639253107
VEN-00563,1,10.350815655531322,0,2,581.0770222030171
VEN-00564,1,38.53051651202028,0,0,806.4565294732419
VEN-00565,1,38.32678054305194,0,0,670.3517947083062
VEN-00566,2,23.514518526299923,0,1,759.9487466543961
VEN-00567,0,73.59702203578966,0,0,806.0938402715157
VEN-00568,2,22.28653592499218,0,1,876.0345662056106
VEN-00569,3,24.578660313790383,0,0,520.7796070408087
VEN-00570,1,17.195553746328592,0,1,646.3409492958162
VEN-00571,3,22.38533537081768,1,1,892.0835152809498
VEN-00572,1,7.572819303855526,0,0,714.3931387485511
VEN-00573,2,44.80344246382451,0,0,779.3981835067068
VEN-00574,1,35.52506441959362,0,3,716.5473429877619
VEN-00575,2,53.75541371340676,0,0,801.524162610488
VEN-00576,1,12.326168292399675,1,0,706.223317518073
VEN-00577,1,21.60685472734257,0,1,818.3048221691334
VEN-00578,4,16.033561180510365,1,2,924.6659165553842
VEN-00579,1,31.52028041009744,0,0,884.3451658363822
VEN-00580,2,20.66653438666908,0,1,894.1289026949521
VEN-00581,0,21.95268326977457,2,1,723.873176981984
VEN-00582,0,10.39394717394883,0,0,695.8775613145422
VEN-00583,2,47.84831916963906,1,0,799.6924352513853
VEN-00584,2,15.780233450371387,0,1,739.3342717558855
VEN-00585,1,35.72343286940301,0,1,658.9280338918168
VEN-00586,3,22.453179782953097,1,0,859.0293392907776
VEN-00587,1,44.27131429326471,0,0,814.1825315654538
VEN-00588,2,8.754627145443134,2,0,815.1496863132622
VEN-00589,1,60.35562340442718,1,0,779.6844843151563
VEN-00590,0,21.349175751765504,0,0,709.8684949932327
VEN-00591,0,86.87027748102494,0,0,609.921937423914
VEN-00592,1,13.620120272083687,1,1,880.6113329196668
VEN-00593,0,27.44323173535444,0,1,867.3781632375382
VEN-00594,1,11.372001666691622,0,0,721.2727004754418
VEN-00595,0,67.3246395651767,0,1,743.0487472140918
VEN-00596,1,9.655441368572552,0,1,726.6636935874665
VEN-00597,0,28.41353530900172,0,0,785.4747095010557
VEN-00598,1,79.53811271007727,0,1,721.7577807103572
VEN-00599,0,27.918948443349414,0,2,791.7907763196591
VEN-00600,0,16.792216863110312,0,0,862.8033852730955
VEN-00601,0,71.88954209652866,0,1,836.294274488059
VEN-00602,2,20.89764594426461,0,1,725.6965812900852
VEN-00603,1,14.5894369323511,0,0,688.9288274432512
VEN-00604,4,35.79475659508157,2,0,843.6480564044192
VEN-00605,0,21.736496346588016,0,0,769.9505765275168
VEN-00606,4,48.04113761437332,0,0,785.4352094194668
VEN-00607,1,25.356039667729146,0,0,623.1895890819882
VEN-00608,1,59.5770574943543,1,1,885.3010424560664
VEN-00609,2,18.126091225589704,1,0,716.4054175657329
VEN-00610,1,28.85976223973127,0,2,657.2813894621695
VEN-00611,1,30.001372904807624,0,3,691.9773235819895
VEN-00612,0,35.882355430838984,0,0,820.9305497586847
VEN-00613,0,48.369603316931496,0,0,715.6098228517621
VEN-00614,0,15.604017840878305,1,1,757.7166758238922
VEN-00615,1,33.105280273153795,1,2,798.4823838614655
VEN-00616,2,9.21607102354424,0,1,647.3512059767311
VEN-00617,1,37.66911011141497,0,0,868.7963990371395
VEN-00618,1,11.90442502513502,0,3,950.0
VEN-00619,1,23.380682896318945,0,0,666.7131302223501
VEN-00620,2,21.63693057984109,0,0,841.2065323468069
VEN-00621,1,13.8841735987222,0,0,734.0188330840921
VEN-00622,3,16.332032829887133,0,1,714.4883306143836
VEN-00623,1,52.66029630670767,0,0,751.1821377115609
VEN-00624,0,41.83792090443079,0,0,829.1644750889903
VEN-00625,1,53.26186270706268,0,1,680.569179091478
VEN-00626,0,28.12078393885111,0,0,798.4600894851504
VEN-00627,0,64.64495595629361,1,3,701.8176724662272
VEN-00628,1,29.70135281627681,1,0,820.3092146417134
VEN-00629,1,15.308488145457195,1,2,706.0544915933746
VEN-00630,1,57.48082967905446,0,0,819.0922628775282
VEN-00631,1,38.5614485623956,2,1,706.217559063911
VEN-00632,1,36.4491859294682,0,0,814.4113366642152
VEN-00633,2,60.8753590221673,0,0,698.8971331274947
VEN-00634,0,28.31309607599407,0,0,705.1626874094026
VEN-00635,0,52.14692604969533,1,0,874.7929934978514
VEN-00636,0,51.99062041975766,0,0,690.00535923654
VEN-00637,2,29.174008720411123,1,0,821.3556838276372
VEN-00638,1,20.843012230969656,0,1,860.1533886787444
VEN-00639,2,72.36958140740722,0,0,846.5328033455517
VEN-00640,1,55.09549445290877,1,0,494.8517537541121
VEN-00641,2,20.753066658522197,2,2,513.859900647973
VEN-00642,3,22.20182807333052,1,1,847.7179681763394
VEN-00643,1,45.696434064224015,0,2,765.0177133657877
VEN-00644,2,20.05272311165119,0,0,872.0467888743435
VEN-00645,1,8.31430512149009,0,1,668.2587880305013
VEN-00646,1,33.43779065379329,0,0,653.2120801640372
VEN-00647,3,18.72146482316932,0,1,841.37447322163
VEN-00648,1,78.53821660108186,0,1,788.9375798674705
VEN-00649,1,55.13971069409348,0,2,926.0630976595504
VEN-00650,1,56.89543324676369,0,0,760.8896315359509
VEN-00651,0,76.66620582277558,0,0,664.0767534233751
VEN-00652,2,64.22030351550852,1,0,846.6229195330832
VEN-00653,0,50.22029451794335,1,0,732.2319374187477
VEN-00654,1,30.092327472555723,1,0,878.1881835203133
VEN-00655,1,66.90992231795035,0,0,893.2940578035998
VEN-00656,1,22.859628387781683,1,0,596.1574546957368
VEN-00657,1,22.25125383165285,0,1,788.0071451420444
VEN-00658,1,8.578832267080456,1,1,735.9940002217633
VEN-00659,2,20.321846604626835,0,0,857.993514013592
VEN-00660,0,34.8265744106863,0,0,708.096242684707
VEN-00661,1,26.94995990280113,0,0,838.1658257761821
VEN-00662,0,69.49841874968493,0,0,736.4667213740543
VEN-00663,1,45.35890870222849,0,0,849.307225725852
VEN-00664,3,24.355989706293578,0,0,837.4182425082992
VEN-00665,3,50.04281199610348,0,0,770.7800623742398
VEN-00666,1,64.90424327143339,0,1,700.630965798542
VEN-00667,1,10.138973413831383,0,0,853.7654699554795
VEN-00668,1,36.34954524629762,0,0,851.5768084639129
VEN-00669,0,38.70799691097902,0,0,652.8813643993287
VEN-00670,2,14.439023333996143,1,0,701.9204452943321
VEN-00671,2,9.263697087622194,0,0,778.4879163615119
VEN-00672,1,24.359011397626112,0,0,704.8839729347553
VEN-00673,2,67.15953353630577,0,0,713.5958691765737
VEN-00674,3,19.060871260649236,0,1,686.6785518641345
VEN-00675,2,31.19987053992781,1,0,755.8605610910964
VEN-00676,1,26.421516780824515,0,0,817.0874072558357
VEN-00677,1,11.92956163266155,0,2,801.0771412989499
VEN-00678,1,9.96798170530187,0,0,765.671854667989
VEN-00679,1,27.649039704115687,1,0,832.6192706186325
VEN-00680,2,7.718858630907694,0,1,775.9999033614415
VEN-00681,1,31.078947577105744,0,0,822.4522321436135
VEN-00682,0,14.908459023849266,1,0,748.8829334450705
VEN-00683,1,13.813868198411487,1,1,679.9257404337558
VEN-00684,1,30.82125308417888,0,2,889.043928096103
VEN-00685,2,24.251277581154785,1,1,866.9604689133697
VEN-00686,1,13.818825400777834,0,1,728.4886143655804
VEN-00687,1,38.046005782507486,0,0,778.873143919905
VEN-00688,3,69.91656262725094,0,1,675.86013168266
VEN-00689,2,20.93667593928927,0,0,774.546152580236
VEN-00690,1,80.72005800890561,1,0,769.2054716379774
VEN-00691,2,19.63206006259602,0,2,709.1831444244988
VEN-00692,0,14.238393525422024,0,2,704.3310206812764
VEN-00693,0,58.46147380407221,2,0,879.2304555103393
VEN-00694,3,28.884332136042502,0,0,840.3086344902116
VEN-00695,1,51.66389606808606,1,1,858.9282611918941
VEN-00696,1,54.57759040290927,0,0,848.1314521472242
VEN-00697,0,14.079105079434768,0,0,848.4830539583891
VEN-00698,0,42.79537934734284,1,2,792.3056734146174
VEN-00699,0,35.75802001137224,0,0,595.7651329859319
VEN-00700,0,24.636705555157054,0,0,711.5356145442105
VEN-00701,0,71.41053660748,0,0,895.0729128886206
VEN-00702,3,58.879096458696985,1,0,803.22689109923
VEN-00703,3,22.34682166639304,0,1,702.2336267161377
VEN-00704,3,29.25852352899074,0,0,718.9465512691959
VEN-00705,1,38.35479118632021,0,1,711.2168573645472
VEN-00706,0,46.26895289904478,0,0,911.3738509497272
VEN-00707,0,22.43245255848328,1,0,736.9513320962603
VEN-00708,0,14.328844478798723,0,0,835.9298919526061
VEN-00709,1,3.0318859956364803,0,0,732.0685120418814
VEN-00710,1,22.781970539573027,1,0,694.2783972144874
VEN-00711,0,27.560332721808955,0,0,649.2225907966791
VEN-00712,1,31.663607475629316,1,0,874.3386131167769
VEN-00713,1,26.152802795191054,0,0,798.756668586954
VEN-00714,2,18.97530887409353,0,0,856.1820634566959
VEN-00715,2,30.813846250833308,0,1,753.3661426675537
VEN-00716,2,23.308369216720383,0,1,729.6409156989142
VEN-00717,0,50.61468035721357,0,0,663.5393366444167
VEN-00718,4,25.49753207265028,0,0,700.5660504631427
VEN-00719,0,59.67219701327696,0,0,653.5979889753536
VEN-00720,0,46.5411741028236,0,0,757.9180789425237
VEN-00721,1,31.567808573070156,0,1,711.8906382809488
VEN-00722,0,48.23398050862963,1,0,743.1454596254588
VEN-00723,2,82.79618144240317,0,0,482.1706795248686
VEN-00724,0,54.30186373126736,1,3,730.6091216964239
VEN-00725,1,11.439184326689965,0,0,908.4966679586786
VEN-00726,0,77.49632404252067,0,1,790.9031300120134
VEN-00727,1,33.07888777747694,1,0,645.8874921167289
VEN-00728,1,76.82023061201375,0,0,523.0173010658984
VEN-00729,0,27.13496242834061,1,0,488.1994829089749
VEN-00730,0,51.15840427645961,0,0,714.1125960799003
VEN-00731,1,23.30731011804109,0,0,747.102339728228
VEN-00732,1,35.3622497621802,0,1,637.8342151394783
VEN-00733,0,35.975369465391154,0,0,899.5454802860303
VEN-00734,2,65.87795415252947,0,0,950.0
VEN-00735,2,20.60625119719765,0,1,879.2378062734363
VEN-00736,0,31.13400550968573,0,0,799.8003784265986
VEN-00737,1,20.078253162329435,0,1,805.4902159179442
VEN-00738,1,29.30621185261496,1,1,851.0180647216129
VEN-00739,0,30.614946230746337,0,0,654.5532252966791
VEN-00740,1,18.5108868722186,2,1,631.6177510952691
VEN-00741,0,40.77826908182862,1,0,758.0236914802872
VEN-00742,0,18.26876721952165,0,0,798.464870646771
VEN-00743,2,25.18790382654273,0,1,917.921565808719
VEN-00744,3,15.946792806700133,0,2,856.9665968569309
VEN-00745,0,18.68533530352797,0,0,753.1437513995231
VEN-00746,1,3.131874247946119,0,1,797.9219216544593
VEN-00747,0,128.39239598203,1,1,784.6816332718938
VEN-00748,1,25.56007482322532,0,0,698.2572305037802
VEN-00749,0,44.349918860975365,2,1,938.7306298812584
VEN-00750,2,10.977631856021764,0,0,522.4789837472474
VEN-00751,0,69.57351244979775,1,1,717.3969732718068
VEN-00752,2,25.349022746417045,1,1,602.3930952795309
VEN-00753,1,38.292904335676106,0,0,620.4225809218228
VEN-00754,0,43.95129294712625,0,0,843.8736236076
VEN-00755,1,8.202533484988077,0,2,825.5911404418393
VEN-00756,0,30.1705427837925,0,0,820.2114020543136
VEN-00757,1,66.3567309254465,0,0,868.8065889354299
VEN-00758,3,42.11080380299576,0,1,678.8881647590636
VEN-00759,2,53.17258022710061,0,2,751.6462945809834
VEN-00760,0,36.4419483301687,0,1,847.4603796503368
VEN-00761,0,40.455264469486345,0,0,703.4290177092051
VEN-00762,1,24.856980491156744,0,3,691.5913730030597
VEN-00763,1,16.556321440269272,0,1,772.0026837770771
VEN-00764,1,15.264152956771309,1,0,950.0
VEN-00765,0,24.801101415209036,0,0,900.8498086872564
VEN-00766,2,7.019702139426559,2,0,850.388295609273
VEN-00767,1,7.587596379600247,1,3,718.9253026471134
VEN-00768,1,45.69984131565328,0,1,836.5603294920088
VEN-00769,1,4.744965883976771,0,0,732.4089927256096
VEN-00770,0,53.52234214324776,0,1,819.6227753575346
VEN-00771,1,44.8085147990743,0,0,624.6207136291209
VEN-00772,0,35.20522357475595,0,0,720.091378642538
VEN-00773,0,19.68374395270826,0,0,751.3337716691905
VEN-00774,2,33.349057258974106,1,0,867.5571313708215
VEN-00775,1,50.52444951804219,0,0,924.0006368149302
VEN-00776,0,47.62723348704295,0,0,765.7554773333655
VEN-00777,2,30.653191525089422,1,1,878.3013262145033
VEN-00778,0,43.939877490485,1,1,706.2796516444566
VEN-00779,2,44.01776749200154,0,0,764.9548160744333
VEN-00780,0,27.70184319963619,0,0,802.3274749852397
VEN-00781,1,43.99168952713157,0,1,935.5420600393765
VEN-00782,0,44.96909084582115,1,1,732.6108537795409
VEN-00783,1,23.811213392471256,0,1,832.7793828961377
VEN-00784,0,28.384069424674223,0,0,527.0594919308829
VEN-00785,2,33.84173240537632,0,1,794.1521252291037
VEN-00786,0,88.6322148781359,0,0,773.6064937136218
VEN-00787,0,25.536280197134356,1,0,653.3242759942109
VEN-00788,1,58.04469440898471,0,1,756.6406097805999
VEN-00789,0,46.15904433054936,2,0,801.260799396068
VEN-00790,1,46.33911560773484,0,1,711.0534898008563
VEN-00791,2,46.944117077860334,0,0,716.1579494606813
VEN-00792,0,57.33155579129584,0,0,823.7739593881641
VEN-00793,0,35.427465932248175,1,0,674.6894660749364
VEN-00794,0,108.47269297635869,0,2,684.298429769097
VEN-00795,0,51.90573939901886,0,1,905.6187811137096
VEN-00796,0,18.809278102921983,0,0,661.7852523952478
VEN-00797,2,42.39862791644749,0,2,712.6705134946711
VEN-00798,2,46.92984158692201,0,1,591.0083766698173
VEN-00799,1,36.13590416147677,0,1,788.5070384388033
VEN-00800,0,12.105002235746673,0,1,909.7429008495236
VEN-00801,0,55.92651872512506,0,2,748.1705269352185
VEN-00802,1,29.5242250256701,0,0,798.4368483083592
VEN-00803,1,36.71461997566204,1,0,582.7767554543071
VEN-00804,2,43.245924576661295,0,1,725.8313725708085
VEN-00805,2,44.01600221737622,1,3,798.9574689175707
VEN-00806,1,17.501937008707777,0,0,671.1518033097822
VEN-00807,2,27.0288243650171,0,0,712.1886482075611
VEN-00808,1,41.98799652855663,1,0,757.0313520448334
VEN-00809,1,13.08317825331395,0,0,915.3214105865306
VEN-00810,2,37.10473801677949,0,0,950.0
VEN-00811,1,23.24643231589252,1,0,837.8558300718139
VEN-00812,0,23.901181794495244,0,2,840.9049729352719
VEN-00813,1,45.82146045784855,0,0,714.5271819298484
VEN-00814,1,45.1465472102359,0,0,552.0957903108534
VEN-00815,0,14.854924655798206,1,0,738.7480113478439
VEN-00816,1,43.98425892478988,0,0,940.1879224875072
VEN-00817,2,8.0311361234339,1,0,807.0807886771057
VEN-00818,1,49.760824276184096,0,0,723.0034244858439
VEN-00819,2,51.74576664185552,0,0,686.4954113349773
VEN-00820,2,31.97457319563602,0,0,774.132188360563
VEN-00821,1,54.56689160986593,1,1,729.8138757586031
VEN-00822,0,58.89148642203435,1,0,803.0014243105528
VEN-00823,1,18.906572481329672,0,0,576.2488927586126
VEN-00824,0,14.68004520137738,0,0,814.2600414671102
VEN-00825,2,21.731376644684985,0,0,872.8807689262009
VEN-00826,1,47.32516422834965,1,0,873.1681833772282
VEN-00827,0,44.14687002620324,0,0,736.5031574000104
VEN-00828,2,7.442158856525657,0,0,811.6425169988548
VEN-00829,2,51.074874087300266,0,1,674.5422521107603
VEN-00830,3,50.09712987032741,0,0,899.7889391566669
VEN-00831,1,38.03397094533933,0,0,834.004031686865
VEN-00832,0,54.09718336961525,0,0,672.6424236394332
VEN-00833,0,17.28585430632386,1,2,882.9858521927401
VEN-00834,1,53.60188700833236,0,1,622.0325405448739
VEN-00835,1,51.83011280874357,0,0,850.6106863771653
VEN-00836,0,9.78242631624719,1,1,870.0720187363711
VEN-00837,1,43.36852890811032,0,0,684.6043560963966
VEN-00838,1,37.0801593818929,1,0,736.0265053723213
VEN-00839,0,9.071430004105792,0,1,709.4799835223048
VEN-00840,4,29.45307355659965,0,1,853.0321150900303
VEN-00841,0,39.41655264248339,1,0,792.7216241978415
VEN-00842,3,45.20563923005036,0,2,754.4454363931255
VEN-00843,1,50.11953026298033,1,1,703.9551017563725
VEN-00844,2,35.723767363266475,0,0,656.7644704419894
VEN-00845,2,34.58563731440437,0,0,723.8834254591706
VEN-00846,2,65.29189585102962,0,0,726.3498112139655
VEN-00847,1,37.54306841496212,1,0,718.2588463353222
VEN-00848,0,73.16270493291908,0,0,866.3495352870838
VEN-00849,3,55.12426325231554,1,0,732.7655951717019
VEN-00850,1,27.575946081501808,0,1,783.2038219716582
VEN-00851,2,44.727315751661365,0,0,780.2566817332746
VEN-00852,3,12.584590256391762,1,1,864.6378257845704
VEN-00853,0,24.38926629917406,0,0,765.5192617549417
VEN-00854,0,18.673187416973413,0,1,737.2247038560693
VEN-00855,0,28.713950172923493,1,0,756.1920456275166
VEN-00856,0,30.034687830241992,1,0,711.6204356234557
VEN-00857,2,18.330819049278816,0,1,789.6271393896832
VEN-00858,2,8.03903147258221,0,0,572.1022783775261
VEN-00859,1,25.21067660501747,0,0,743.6793156554941
VEN-00860,0,68.80775020025573,0,1,738.3138167005726
VEN-00861,1,27.2742243654771,0,1,653.3160568537138
VEN-00862,2,12.909807513922043,0,0,815.798119358863
VEN-00863,2,33.76043474260291,2,0,691.712527884991
VEN-00864,0,24.369217743339185,0,1,773.4495032158582
VEN-00865,0,45.89876803159319,0,0,743.6529294620423
VEN-00866,1,42.255015819999386,0,1,856.562298044451
VEN-00867,1,44.7835181554678,0,0,879.7039672839405
VEN-00868,1,32.620594910271166,0,3,661.988149634132
VEN-00869,2,22.394211033472367,1,4,613.5479490565519
VEN-00870,0,45.94206171590202,0,0,919.8121922626236
VEN-00871,1,23.52304280085268,1,1,897.1055192361185
VEN-00872,3,34.98711469072861,4,1,781.7409566551893
VEN-00873,1,17.27505380359858,0,0,836.2037293547864
VEN-00874,3,76.02503082504523,0,0,741.8306068683718
VEN-00875,1,17.554424844754664,1,1,780.8825697822596
VEN-00876,1,42.945324948025565,2,0,609.5289005929826
VEN-00877,0,14.077872851120471,0,2,765.7656431631713
VEN-00878,0,9.610285057375648,0,2,790.5419064496513
VEN-00879,3,9.403221719303165,0,1,845.2900040740592
VEN-00880,0,22.351589552573277,2,0,843.1012966516853
VEN-00881,0,31.760355315068733,1,0,713.1211541905411
VEN-00882,0,26.407991300376757,1,1,773.4785450268818
VEN-00883,0,27.07431378617663,0,0,841.8006232677016
VEN-00884,2,24.88870465235182,1,2,770.412284661911
VEN-00885,0,58.27849682459506,0,1,692.2962323744562
VEN-00886,3,20.249803002864056,2,0,465.3836314456759
VEN-00887,2,27.37594657186778,0,1,717.444746883497
VEN-00888,0,24.88982745859529,0,1,739.0590304050555
VEN-00889,1,27.044397897626997,0,1,877.7575697695822
VEN-00890,1,39.43190464835089,0,0,865.8420183207853
VEN-00891,0,18.998271577718747,0,0,849.2197432741647
VEN-00892,1,10.387645738164707,2,2,773.8600465260613
VEN-00893,0,29.944264767196493,0,0,765.9041029619236
VEN-00894,1,54.46763365694745,0,0,708.0326690836911
VEN-00895,2,7.747540967376906,1,0,696.5343917090548
VEN-00896,1,32.68397257238833,1,0,886.2528065472716
VEN-00897,2,32.61983743312541,0,1,725.2864455850784
VEN-00898,1,27.77696007133734,0,1,802.9033792058544
VEN-00899,3,38.30943990049244,0,0,475.92831983452106
VEN-00900,1,44.15529437118386,0,1,810.0994546516926
VEN-00901,3,28.51968946243133,0,0,753.6588425736445
VEN-00902,0,16.77906472183757,0,1,705.6042085963613
VEN-00903,2,40.64138627765944,0,0,755.2524307151411
VEN-00904,0,46.728731980090345,0,0,791.9874828234421
VEN-00905,0,46.46369394157115,1,1,714.2836352551674
VEN-00906,2,70.51033431803451,2,0,686.3301124776199
VEN-00907,2,39.71678804375089,3,1,950.0
VEN-00908,0,41.81628129244678,0,2,950.0
VEN-00909,0,20.984038722851963,0,0,852.6305209860237
VEN-00910,0,29.519846971805336,2,0,728.3099233509153
VEN-00911,0,57.04292704244137,0,1,747.1545417769222
VEN-00912,3,28.17131984637449,0,1,702.9895580417725
VEN-00913,0,33.64247272703457,0,0,608.5243348465667
VEN-00914,2,25.265211732294123,0,0,866.681947712636
VEN-00915,0,44.91373839695788,0,1,708.3648408461871
VEN-00916,0,10.034907463551962,0,0,721.2749993181193
VEN-00917,1,25.487832759182737,0,1,694.489316463168
VEN-00918,0,49.06795661441343,1,0,746.1983540984
VEN-00919,1,35.5545416706094,0,0,756.5676263048858
VEN-00920,1,38.91092775909832,0,0,735.7859565552722
VEN-00921,0,16.022439651130956,1,1,803.7585137433468
VEN-00922,3,47.98063824484863,0,0,788.4730176172324
VEN-00923,5,4.604871959556558,0,0,884.1193803367311
VEN-00924,3,36.505296375320846,2,0,649.7357330270398
VEN-00925,0,22.34859138726348,0,1,710.5859675735596
VEN-00926,1,95.65205392779076,2,1,730.2204180958356
VEN-00927,0,47.62436251110776,0,1,722.5105437740559
VEN-00928,1,21.57178775095733,0,1,846.4886074448987
VEN-00929,1,91.775397984441,0,0,812.5282645029653
VEN-00930,1,36.05036659699811,0,0,613.5190144556947
VEN-00931,2,11.802184145627344,0,0,744.1302622404214
VEN-00932,3,6.325159082005469,1,3,591.0513789890118
VEN-00933,0,21.295640479526817,0,0,759.483248769623
VEN-00934,0,8.749201865667338,1,1,817.0258355173111
VEN-00935,2,2.488447042936726,0,1,836.8353365501031
VEN-00936,1,41.85897637641774,0,1,741.6506954933313
VEN-00937,1,58.038006957227296,0,1,894.1209856324007
VEN-00938,2,16.17878556528285,0,0,646.8698842127384
VEN-00939,1,37.97516702993797,3,0,706.1006873305627
VEN-00940,1,42.822149900441566,0,0,878.1694404238842
VEN-00941,0,22.229179522339678,1,0,805.3417529958984
VEN-00942,1,42.36082863538953,0,0,895.7364153471634
VEN-00943,2,10.771753441463575,0,0,810.1412404627692
VEN-00944,0,49.30289986930666,0,0,783.9764260347579
VEN-00945,0,52.73917812635695,0,0,849.4445892034393
VEN-00946,2,39.163623363043286,1,0,748.9856495217808
VEN-00947,1,12.694934202426252,1,0,598.8564912054023
VEN-00948,1,47.120928162952,1,0,728.4254956501424
VEN-00949,1,19.448235313013967,1,0,829.7405285396187
VEN-00950,2,44.12281122161639,0,0,693.0927118932797
VEN-00951,1,83.82011563599991,0,2,640.3926211386023
VEN-00952,1,46.37813242154184,1,2,688.9287003460017
VEN-00953,2,20.29747561075546,0,0,866.4152690685777
VEN-00954,1,3.2138751071567837,0,0,818.9895811430094
VEN-00955,0,31.85406609893835,0,0,706.34570428464
VEN-00956,1,34.840953452496954,0,1,787.896337966117
VEN-00957,0,15.690795737793833,1,2,769.6150732193568
VEN-00958,4,26.08349235553075,0,1,709.4469346749711
VEN-00959,3,26.375629639131155,1,2,950.0
VEN-00960,0,8.303257585672734,0,0,672.836537907091
VEN-00961,3,25.296246311021555,0,2,744.3021054708685
VEN-00962,1,35.743772201233824,1,0,859.0315497736117
VEN-00963,0,15.519896958059135,0,1,586.4018517523887
VEN-00964,0,21.113176920111297,0,0,813.6379148614133
VEN-00965,3,60.335553004343794,0,3,536.240121788767
VEN-00966,0,23.46422083746772,1,0,791.3570164015545
VEN-00967,0,21.64643882538271,0,0,840.9603144533324
VEN-00968,3,23.848702210453972,0,0,851.906842501691
VEN-00969,1,64.01186132656747,0,2,839.9322463336034
VEN-00970,1,29.36897547600751,0,0,739.7636599281878
VEN-00971,0,128.72741145549534,0,0,781.8480667079347
VEN-00972,0,9.489225862756118,1,0,821.5063796341248
VEN-00973,1,20.230601501088067,1,0,719.1249064163393
VEN-00974,2,19.91362110114917,0,0,724.1152220987475
VEN-00975,1,52.25377444474908,0,0,732.4906890521152
VEN-00976,1,22.71605101252124,0,0,632.6786036746615
VEN-00977,0,15.32291764747368,1,1,673.6361208864884
VEN-00978,1,36.608504074903074,1,1,839.9142049817244
VEN-00979,2,30.169508244763552,1,0,822.2759370995666
VEN-00980,1,61.90821269890294,2,0,720.3220034167224
VEN-00981,1,17.29592408770808,1,1,630.6484531636329
VEN-00982,1,38.46828205099848,0,2,838.224129759821
VEN-00983,2,36.15255421988449,0,0,846.2128777656985
VEN-00984,3,36.30065086471007,0,0,883.8906754523883
VEN-00985,2,3.945458843131082,0,1,701.0741035240773
VEN-00986,3,38.06593225645136,0,1,829.7203766863138
VEN-00987,1,30.58289066823913,0,0,708.9875196766056
VEN-00988,1,18.003013201269933,0,1,612.3708065159851
VEN-00989,0,20.577935412041224,1,1,739.7989595721776
VEN-00990,2,47.85186445755047,0,1,820.0922040154503
VEN-00991,1,77.79639349991743,0,1,897.6474490835187
VEN-00992,1,33.1681593861319,0,2,730.2164200826626
VEN-00993,0,44.37356577458809,2,2,757.1064919360083
VEN-00994,0,7.968867236898914,0,0,522.9825441870835
VEN-00995,0,39.02395178688039,0,1,697.6159602001889
VEN-00996,0,11.018113871658038,0,0,773.9457427660508
VEN-00997,0,9.38203367434743,0,2,674.2530392189403
VEN-00998,0,105.82551285476453,1,1,726.5084849713277
VEN-00999,2,29.011909039869572,0,0,543.4374294637948
VEN-01000,0,29.65354653507741,2,0,702.3027834882478
VEN-01001,4,37.67970393472409,0,1,739.6940935714418
VEN-01002,0,26.910152019360883,1,0,818.0930338514663
VEN-01003,3,61.775389368352336,0,0,816.9750924049777
VEN-01004,3,23.75067121391444,0,1,728.807285862244
VEN-01005,0,32.80632352428348,0,0,783.89563128501
VEN-01006,3,36.63434675085578,0,0,838.7151388663349
VEN-01007,0,14.069644863648543,1,0,787.5608407732984
VEN-01008,0,12.633647010344042,0,1,757.242335021419
VEN-01009,2,66.32433407479034,0,1,715.6682206816329
VEN-01010,0,15.319813887738114,0,0,664.0211681532109
VEN-01011,2,47.87140763123216,0,0,728.3743197529359
VEN-01012,2,21.1176111038902,0,0,672.9387367078863
VEN-01013,0,14.206140275792784,0,0,884.8249157207698
VEN-01014,3,5.872014085491344,0,0,672.8236050649884
VEN-01015,1,8.647552617132746,0,0,895.1176163739656
VEN-01016,2,40.04751800280196,1,0,929.4500047714668
VEN-01017,2,28.68568164790813,0,0,719.939886852304
VEN-01018,0,44.49916661966174,0,1,790.961796346593
VEN-01019,4,16.88121711259472,1,1,727.2645862683694
VEN-01020,1,69.53419133040195,0,0,791.3349377873406
VEN-01021,1,13.666632945082448,0,0,723.8457790900718
VEN-01022,1,31.60773692352662,1,0,719.8664450514239
VEN-01023,1,39.6290868338145,0,2,950.0
VEN-01024,1,30.409500497001364,0,0,833.6593217439647
VEN-01025,1,37.22046340195898,0,0,678.9390386729607
VEN-01026,2,41.47158228157908,0,1,750.9483015557679
VEN-01027,1,37.04210314122663,0,0,730.0875778827902
VEN-01028,0,61.68713660082104,0,0,563.3703597444741
VEN-01029,1,39.73656843114137,0,2,844.9224491743511
VEN-01030,2,26.730614707490645,0,3,571.7022139519593
VEN-01031,3,31.44068327003746,2,1,828.3288343070142
VEN-01032,2,97.122726856575,1,1,782.2468064241535
VEN-01033,1,19.237335929624123,1,0,682.4582151982671
VEN-01034,0,22.242458058566285,0,0,652.3788033000567
VEN-01035,1,72.62849582757862,1,1,687.2184358748925
VEN-01036,1,42.18567251741421,0,0,905.82683812659
VEN-01037,2,34.66050976653745,0,1,871.3356582673194
VEN-01038,4,36.39448056817624,0,1,704.8934960333944
VEN-01039,0,19.938564939485296,2,0,757.1721525596171
VEN-01040,2,27.963181241005408,0,0,753.8860955536929
VEN-01041,0,34.471776550784114,1,3,674.3576065119108
VEN-01042,2,26.160852451163123,2,1,845.4071533934499
VEN-01043,2,73.30797130963722,0,2,703.0212159071204
VEN-01044,0,17.146205396194162,0,1,826.8133039279144
VEN-01045,0,58.63243981884662,0,1,751.9593276865471
VEN-01046,0,44.42873611122848,1,0,813.3891458869748
VEN-01047,2,25.811836612953424,0,0,695.3755334970949
VEN-01048,1,76.91940879653502,0,0,825.611985617999
VEN-01049,2,49.355677682742105,0,0,693.478130858611
VEN-01050,1,63.84712081137093,0,0,834.0165751613662
VEN-01051,2,39.628175162142185,1,1,711.2043392097237
VEN-01052,1,39.508737938161694,1,0,778.8976567712789
VEN-01053,0,35.14161671460449,0,1,599.9412315259138
VEN-01054,0,30.11286271498078,0,1,748.8339957598397
VEN-01055,1,42.27113051485158,0,0,676.6001437311927
VEN-01056,0,13.140066136272422,0,1,828.1251055835785
VEN-01057,0,37.36027396768636,0,0,852.5365174983028
VEN-01058,1,33.58227225460124,0,1,769.22029508835
VEN-01059,0,39.76082746332246,0,0,622.5573521173619
VEN-01060,1,27.21249185492204,0,0,932.4391121642138
VEN-01061,2,63.03013971964472,0,0,787.5002723057132
VEN-01062,1,33.08561873226722,1,0,634.9803332923719
VEN-01063,1,26.952857158293103,0,1,848.298067658719
VEN-01064,3,50.77919945342848,0,0,721.9869842126091
VEN-01065,0,17.00147122690447,0,1,631.8699154654958
VEN-01066,2,29.1609146579125,0,0,806.5280695378849
VEN-01067,0,64.44903192700482,1,3,799.4526204718435
VEN-01068,1,15.476456531825349,0,1,645.90528496216
VEN-01069,2,59.21966103893647,0,0,863.7347579461925
VEN-01070,1,79.01010854987537,0,1,735.1952989214288
VEN-01071,2,45.44805974910621,0,1,580.2237265971297
VEN-01072,0,31.898923222976144,0,1,812.373523426565
VEN-01073,1,24.83389870063337,0,0,784.6665296111447
VEN-01074,2,32.31201403903578,2,1,693.8319210698386
VEN-01075,1,90.30036524628396,1,1,919.9860794092
VEN-01076,1,38.36619622857624,0,1,647.6366085308224
VEN-01077,0,28.308792484474168,1,0,741.5859794454987
VEN-01078,2,33.8246991856023,0,0,747.686290737048
VEN-01079,0,13.429701943423533,0,1,830.3016610109388
VEN-01080,0,53.173551858378325,0,1,697.7173962973479
VEN-01081,1,29.5437381240862,1,1,890.9165400119864
VEN-01082,1,69.4630544230276,1,0,864.6274564609082
VEN-01083,1,46.35460236034906,1,1,950.0
VEN-01084,2,36.500606840807926,0,0,708.2996207719874
VEN-01085,2,46.79859136463071,0,0,812.2606293421605
VEN-01086,2,7.945940213567439,0,2,852.2628961103874
VEN-01087,4,15.962589317815972,0,0,641.7304512670316
VEN-01088,2,17.272473863208262,0,0,659.0354576391562
VEN-01089,1,50.335423641362816,0,2,821.1059980235445
VEN-01090,1,27.20842466864411,0,0,752.5052176488281
VEN-01091,1,64.81668741849607,0,0,820.3729852298245
VEN-01092,0,34.662407139933094,1,0,852.3511458437134
VEN-01093,1,46.00156785730636,0,0,864.2233977255614
VEN-01094,1,60.33566130571904,0,0,689.4496153336465
VEN-01095,4,50.98300065617079,0,0,599.740262106701
VEN-01096,2,32.906496685447145,0,0,950.0
VEN-01097,4,26.24469353206436,0,0,612.0347303386714
VEN-01098,1,10.380775977318878,0,2,891.3877273176439
VEN-01099,3,38.42736533364438,0,1,777.4252099434935
VEN-01100,2,8.747531812286715,0,0,935.219133917945
VEN-01101,0,13.610350947402816,0,0,761.7592163979095
VEN-01102,2,9.191424712366262,1,0,758.9338614152965
VEN-01103,4,15.110782428932293,0,0,848.0689654970017
VEN-01104,0,48.303359461359776,0,2,834.0896205215463
VEN-01105,2,26.763716215238343,0,0,828.6522813671622
VEN-01106,1,70.12841063969117,1,0,702.5408362661366
VEN-01107,0,31.85351983746866,0,1,911.041112520621
VEN-01108,1,36.21424256726212,0,3,853.6970871759544
VEN-01109,0,53.458159924569614,1,0,674.6097392945186
VEN-01110,2,29.97261585668686,2,0,738.7456034647296
VEN-01111,0,42.20663944220107,0,0,759.3980398632552
VEN-01112,0,6.77548399558165,0,1,716.2738914765638
VEN-01113,3,5.204752978572058,0,1,751.2577611446144
VEN-01114,0,19.405666138337523,0,1,784.3820901909131
VEN-01115,1,27.17366861333235,0,1,693.6741182365649
VEN-01116,1,34.76709772512715,0,1,709.7975524998647
VEN-01117,3,65.14748081551953,0,1,607.204063186849
VEN-01118,1,23.005600100720528,1,0,791.144861419186
VEN-01119,1,40.4178389781298,0,0,684.3491055131499
VEN-01120,1,14.369983080199251,0,0,842.5642154093651
VEN-01121,1,30.645458193751875,0,0,673.9094122906961
VEN-01122,1,24.87947663968361,0,0,811.2399404168522
VEN-01123,1,50.84942897794872,0,0,950.0
VEN-01124,0,5.810813607188457,1,0,712.0403499544157
VEN-01125,0,19.2460035024496,0,1,706.3480979814153
VEN-01126,0,49.296745697527534,0,1,784.8685858120094
VEN-01127,1,68.62872070342625,0,2,721.3004910162299
VEN-01128,1,62.89584592892516,0,2,799.2243126724801
VEN-01129,1,34.97913426111438,0,0,722.3353147329033
VEN-01130,0,60.12320974554152,0,0,815.3372261061689
VEN-01131,1,52.78746508764986,2,1,614.1473615695229
VEN-01132,0,74.40040707169466,1,1,799.8111409716633
VEN-01133,0,22.674374596641137,2,1,525.9053475412491
VEN-01134,2,51.42201266387622,0,1,731.4545246351203
VEN-01135,0,18.70916230045205,0,0,707.0457411687469
VEN-01136,0,61.34143835087489,1,0,906.9335203759013
VEN-01137,1,20.690616237181747,1,0,855.920681957632
VEN-01138,0,8.879067760550202,0,0,665.3804502227392
VEN-01139,1,26.09490510558142,0,0,742.2900107428707
VEN-01140,0,74.1766126185389,0,0,614.0586677615833
VEN-01141,0,47.9735510009897,0,0,809.2392335807518
VEN-01142,0,35.933413358476955,1,0,652.2020998305412
VEN-01143,3,18.011853045187735,0,0,673.1968620514356
VEN-01144,2,5.456273147387478,1,0,659.6473202385814
VEN-01145,2,75.72734373279674,0,0,778.6307379612825
VEN-01146,2,29.890891444608076,0,0,800.312144284839
VEN-01147,0,4.756210899065737,3,2,769.9654762146693
VEN-01148,0,25.084398898824293,0,2,691.3697909765559
VEN-01149,1,25.54824589328757,0,1,703.3342817092797
VEN-01150,3,22.87338792613636,0,0,696.301245816309
VEN-01151,1,24.22402613636647,0,0,703.819997648926
VEN-01152,1,34.26521983812984,0,0,865.7809226982271
VEN-01153,1,41.89675956564685,1,0,770.7677958693539
VEN-01154,2,20.276196537570325,0,0,950.0
VEN-01155,0,44.71993407048016,1,0,892.1493566661018
VEN-01156,2,23.13859251759277,0,0,735.3112319163765
VEN-01157,0,31.27411567768316,0,1,829.910728883471
VEN-01158,2,49.11203217301304,0,1,950.0
VEN-01159,3,25.46327071269361,1,0,727.9429701204261
VEN-01160,0,42.6756456190548,0,0,794.8560028283732
VEN-01161,1,49.68368021989161,1,1,831.770507804557
VEN-01162,1,43.477000764793154,0,1,688.1870469629506
VEN-01163,1,55.582820611051154,1,0,730.8444482640697
VEN-01164,3,53.82771272957216,0,0,696.5844861615144
VEN-01165,1,37.02222340250912,1,1,638.9156889959327
VEN-01166,1,32.80201513421459,0,0,847.1439336572505
VEN-01167,1,37.35880681846665,0,1,896.0519442750012
VEN-01168,1,30.077860400041697,0,0,618.4553245152005
VEN-01169,0,66.42081260447726,1,0,678.6310185413591
VEN-01170,0,45.81588080294577,0,1,769.6820737536023
VEN-01171,4,19.30512909855129,1,1,738.8690156575487
VEN-01172,0,54.48444397663537,0,0,566.9068539788954
VEN-01173,2,6.642758452082043,0,1,751.6374649720827
VEN-01174,0,27.7067318053508,1,0,834.1281078134454
VEN-01175,0,57.26424669077454,0,1,637.0402058527034
VEN-01176,0,25.74145095777632,0,4,823.7466182218091
VEN-01177,2,21.255541687371835,0,0,778.3146000265759
VEN-01178,1,29.158516870673605,0,0,788.158971941128
VEN-01179,1,57.795752164971496,0,1,719.231590939766
VEN-01180,2,18.930005531532423,0,0,658.3333078354202
VEN-01181,1,41.34500112354868,1,1,767.8736099921
VEN-01182,0,45.2648353064376,0,0,653.3086337503213
VEN-01183,1,46.7022881155236,3,1,803.0465495646957
VEN-01184,0,20.757726840504937,0,0,882.8722406689454
VEN-01185,1,38.7044664609394,0,2,880.358238912595
VEN-01186,1,25.3586736570439,0,0,712.6317387104748
VEN-01187,0,27.06253543734709,1,0,845.5573304190792
VEN-01188,3,19.88955343893271,0,1,619.5266773196416
VEN-01189,1,51.43870206589417,0,0,761.2896961248795
VEN-01190,1,22.50834454217396,1,1,920.7432232494256
VEN-01191,1,54.24822063635446,1,1,927.8344448864146
VEN-01192,1,31.48968288748163,0,2,950.0
VEN-01193,2,56.85382309325045,0,0,737.1949941610918
VEN-01194,0,48.45313391399932,0,0,721.0124325513581
VEN-01195,1,37.96683897247806,0,0,884.1880643362831
VEN-01196,1,44.25835410555694,0,0,848.6117441852812
VEN-01197,1,29.14484743689225,0,1,895.9816924547531
VEN-01198,0,17.595178975180083,0,0,838.3288522084982
VEN-01199,0,42.29886193294515,1,0,923.9625377355096
VEN-01200,0,51.28969807654753,0,1,791.1283069547678
VEN-01201,1,14.6289244269783,0,0,637.972601607099
VEN-01202,1,6.127533349232578,1,1,760.8601864656312
VEN-01203,2,23.60499979927304,1,0,897.2878455159855
VEN-01204,0,32.16702446215254,0,0,786.6980807757755
VEN-01205,1,25.85211449019408,0,0,873.2965857472441
VEN-01206,1,39.63156980649175,0,0,906.8510578058284
VEN-01207,0,19.451239673120263,0,0,660.5181788106331
VEN-01208,2,36.36166061096818,0,1,764.7492202988623
VEN-01209,0,41.23602018666281,1,1,769.4322354337411
VEN-01210,0,21.51768694103841,1,1,726.4205849591447
VEN-01211,1,65.94914711801917,1,2,700.8859938066792
VEN-01212,1,59.38564091174603,1,0,793.7510236765203
VEN-01213,1,15.76218827033979,1,2,748.5161268158281
VEN-01214,0,29.40389144420815,0,0,765.8044330494017
VEN-01215,2,54.28470175015239,0,0,657.8589958573546
VEN-01216,1,49.487980545916784,1,0,810.3296063343546
VEN-01217,1,20.602670459421923,0,0,654.5090395490299
VEN-01218,3,15.296316347900332,0,0,741.7651411216912
VEN-01219,3,30.04864265621564,0,1,912.0465980389066
VEN-01220,0,36.75790988959637,0,0,761.2616021741661
VEN-01221,1,89.60472555851919,1,1,798.8424642311595
VEN-01222,0,12.900607518370787,0,0,633.3720090964979
VEN-01223,0,46.29486336317099,0,1,861.0871887859482
VEN-01224,0,49.78255905593537,0,0,895.3716116013343
VEN-01225,1,50.35168757430068,0,0,637.023163143822
VEN-01226,2,40.53205681452817,0,0,590.1623987386668
VEN-01227,0,12.689199039293843,0,0,784.3699512771956
VEN-01228,3,10.013928002101917,0,1,740.6007686118986
VEN-01229,1,12.829987837926588,0,0,667.9382638380808
VEN-01230,2,25.49385778321902,0,0,649.5015285244351
VEN-01231,2,44.4789942555384,0,0,732.6814244328353
VEN-01232,0,25.2172915699288,0,1,623.9067779978454
VEN-01233,1,27.8013300595094,0,0,778.5993798082931
VEN-01234,0,34.85500864393779,0,1,697.7233728906633
VEN-01235,0,36.640221118775024,0,1,863.5784556993337
VEN-01236,2,29.671093919874117,1,1,722.7062092828684
VEN-01237,0,49.45020485213241,1,0,866.3004579099737
VEN-01238,2,23.018879093395466,1,0,793.4471808884125
VEN-01239,2,8.662494537158793,0,0,555.0054999679362
VEN-01240,1,25.209031228007284,0,1,737.735124353613
VEN-01241,1,64.86917798398073,1,0,884.3643640690235
VEN-01242,1,57.904258196998576,0,0,754.091373930053
VEN-01243,1,33.543055331316175,3,0,784.0282242584022
VEN-01244,1,33.66453778993567,0,0,809.2015102020914
VEN-01245,2,52.733638335446,1,2,586.617217936187
VEN-01246,0,39.28210845162686,0,0,556.1795302497837
VEN-01247,1,14.507858799517605,0,3,787.019290210182
VEN-01248,4,33.567603168233056,1,0,800.5994264584014
VEN-01249,2,11.667275914630482,0,0,840.0938849779487
VEN-01250,1,39.04144184817113,0,0,821.3303813950929
VEN-01251,2,5.235742528682597,0,0,792.812026845115
VEN-01252,2,51.09275029047259,1,2,816.1079894165356
VEN-01253,0,12.202246417384886,1,0,681.8462958086576
VEN-01254,1,14.74167719539158,0,0,774.3980661984172
VEN-01255,1,6.6522701735858085,0,2,685.2344995269527
VEN-01256,0,23.93920194815272,1,1,901.4588823429024
VEN-01257,2,18.516017726524705,0,1,869.3921374324775
VEN-01258,0,22.804368493830832,0,1,713.9829060718376
VEN-01259,1,63.49001954780228,0,0,703.3445194710532
VEN-01260,1,62.04858609849675,0,0,791.599809723588
VEN-01261,1,31.30589815293828,0,2,883.4691788234229
VEN-01262,1,67.66587713611722,1,0,732.8896940205244
VEN-01263,1,25.809732726457323,1,1,694.6892885463184
VEN-01264,1,52.92138646744994,0,0,809.919975085407
VEN-01265,4,21.035579821088408,0,0,950.0
VEN-01266,2,8.310228980543085,0,0,634.9113548701812
VEN-01267,1,63.0669298181148,0,1,711.4068201193433
VEN-01268,0,23.12924017171021,1,1,883.5840299955117
VEN-01269,1,39.93377310780349,1,0,737.9681156673846
VEN-01270,1,51.046674535173445,0,0,697.7873089156977
VEN-01271,0,86.45580441741353,0,0,651.8488925357348
VEN-01272,3,43.94030143799931,0,0,776.6654192976938
VEN-01273,4,11.231210379954405,1,0,582.4475050864351
VEN-01274,0,25.69982031327969,0,1,838.3415576614642
VEN-01275,1,51.76720016323969,0,0,814.0284106152117
VEN-01276,0,26.21187866392269,0,1,728.3783038038102
VEN-01277,1,53.17089754053034,1,0,749.6449245925252
VEN-01278,2,37.99483145922298,0,0,630.8323663753314
VEN-01279,5,28.026514794673822,0,1,753.8530430568868
VEN-01280,2,75.15334707265895,0,0,731.6885132382104
VEN-01281,2,16.32234778991205,0,0,664.4468152973938
VEN-01282,2,52.41811027605387,0,1,898.5111227954678
VEN-01283,0,68.6237077292742,0,0,950.0
VEN-01284,1,18.81113782688989,0,0,767.2229793747624
VEN-01285,0,25.331649573269036,1,1,729.5715310830681
VEN-01286,1,4.243587472527514,0,1,739.5843437007642
VEN-01287,0,55.836124218949934,0,2,754.2220634754293
VEN-01288,0,58.651261154113946,0,0,821.1154599606416
VEN-01289,0,35.501030988776115,0,1,671.8879953120738
VEN-01290,1,21.374478295831164,0,1,733.0620250008214
VEN-01291,0,30.17625782696808,1,1,871.9744370456921
VEN-01292,0,27.12290400835778,0,1,730.7118921124854
VEN-01293,1,91.10706471007228,1,1,710.1662928995812
VEN-01294,1,10.39537857560676,1,0,804.3953712851697
VEN-01295,2,58.921063453086006,0,0,845.7092434742393
VEN-01296,1,11.116661203216536,0,1,685.6816713901502
VEN-01297,3,44.92152841266721,1,0,880.3632711990708
VEN-01298,0,35.15218300138251,0,0,715.1168881819096
VEN-01299,2,22.90139580222802,0,0,654.4505686535794
VEN-01300,2,35.33930746689449,0,1,924.665072710196
VEN-01301,2,39.25382090489398,0,2,846.7626487409999
VEN-01302,1,16.739084353926405,0,2,609.2191789532612
VEN-01303,1,14.126418047120607,0,1,798.0548887302785
VEN-01304,2,27.911649181312782,0,0,850.3251277578112
VEN-01305,2,19.98800588012586,0,1,742.9840601385722
VEN-01306,1,62.13928494275746,1,1,653.6174560695832
VEN-01307,2,45.79767647268423,1,0,834.2040323067256
VEN-01308,2,26.64840576029654,1,0,911.7823874203264
VEN-01309,0,29.9553587058544,0,0,739.0384699106448
VEN-01310,2,23.604028493945584,0,1,748.8559244914678
VEN-01311,0,5.7444141818508925,0,1,623.7273180837001
VEN-01312,2,52.69440528075478,1,0,714.67635802039
VEN-01313,2,12.17723874735274,0,0,639.3798384507055
VEN-01314,1,21.668745921230112,0,0,562.6654141866293
VEN-01315,1,26.96648266860377,0,0,758.7819435934016
VEN-01316,2,26.25453227948432,0,0,795.7755751551892
VEN-01317,2,61.4753429347909,0,1,706.6665484405802
VEN-01318,1,38.8270956143641,0,0,606.5698281561139
VEN-01319,0,75.00403706112967,0,2,651.5275917872144
VEN-01320,1,34.812648696180005,1,0,660.6865987515023
VEN-01321,1,64.41560698925649,0,0,874.6786463384376
VEN-01322,2,47.28770350549128,0,0,834.4634553608817
VEN-01323,2,79.71064488090032,0,3,772.5410892886939
VEN-01324,2,69.22563189623128,0,0,681.0744878018282
VEN-01325,0,45.82200769019248,0,0,836.6932656666443
VEN-01326,1,29.061462152178265,1,1,720.0540094891194
VEN-01327,0,16.595246936715235,0,1,728.7613858741103
VEN-01328,3,45.27308615979911,0,2,568.3632711180167
VEN-01329,0,19.55293649537783,0,0,595.2971358547179
VEN-01330,1,32.121866011299524,0,0,754.8006005654273
VEN-01331,1,18.93200659072614,0,0,780.2651253207433
VEN-01332,1,34.16944320444321,0,0,871.3038860536924
VEN-01333,1,40.95418305530942,1,0,732.1920645268788
VEN-01334,0,39.44096826867454,0,0,753.0792345272056
VEN-01335,1,38.1926497241048,0,1,571.0669522130155
VEN-01336,0,38.16789137332714,0,1,689.2730429453053
VEN-01337,2,33.7526658404752,1,0,673.5092191770431
VEN-01338,1,108.1387023758375,1,1,775.022870491073
VEN-01339,0,12.322859095822588,0,0,846.8319430142391
VEN-01340,3,35.6407703763568,0,1,768.0153489453149
VEN-01341,2,70.5354442994162,0,1,741.8764027368973
VEN-01342,1,23.80250071143255,1,0,634.3610364169394
VEN-01343,2,37.17442019013592,0,0,694.1388214932815
VEN-01344,3,71.22226495868355,1,0,800.0054035180377
VEN-01345,0,28.354577574218304,0,1,754.8447895363499
VEN-01346,1,73.18588039753575,1,0,556.4299648221238
VEN-01347,2,32.10046837919782,0,0,776.8742884790411
VEN-01348,0,44.10965853005393,0,1,802.0964345588274
VEN-01349,2,38.8962041071046,0,3,631.1843646562617
VEN-01350,1,34.41166566011,1,0,824.7114344216288
VEN-01351,2,36.29736350429641,0,2,807.4731250022899
VEN-01352,0,19.716739667577254,0,0,841.6903421974995
VEN-01353,0,42.974913546069466,0,0,800.1010636465047
VEN-01354,0,28.76903348978393,0,1,845.3241910439491
VEN-01355,0,34.48190353516885,0,0,745.0559064364091
VEN-01356,0,31.63467207993621,0,1,818.8088946423042
VEN-01357,1,48.550610776597566,1,0,755.9370298486958
VEN-01358,1,34.95262744072834,0,1,686.8365092757963
VEN-01359,0,46.16119528177511,0,0,893.1031376764802
VEN-01360,2,24.113388997393223,0,1,781.8362988616491
VEN-01361,2,23.09962197441127,0,0,707.3277691962347
VEN-01362,0,46.20572351600661,0,1,711.797297988026
VEN-01363,0,65.87495644536902,2,3,735.950643136569
VEN-01364,0,19.83952437035149,0,1,696.8318364025214
VEN-01365,0,7.339975218471225,0,1,769.0804662381814
VEN-01366,2,16.334927134461946,1,0,767.2611945827429
VEN-01367,0,32.77007299630309,0,2,631.8858763875787
VEN-01368,1,7.923311111725079,2,1,652.8666562143248
VEN-01369,2,35.72148952634486,0,2,629.1277597420283
VEN-01370,0,11.283916281322732,0,0,815.9891304407267
VEN-01371,0,22.906518143029423,0,1,831.5433720801875
VEN-01372,0,97.086970249584,0,0,808.0296513894804
VEN-01373,0,61.244794821287385,0,0,844.4037887746267
VEN-01374,1,21.6535396608216,0,0,883.5472638268061
VEN-01375,0,4.792873885685346,0,1,761.141265786318
VEN-01376,1,38.188443702757226,1,0,882.8134291252845
VEN-01377,2,34.55303177726679,1,1,735.5757405431133
VEN-01378,0,31.657497186493025,0,1,840.8931107992616
VEN-01379,1,108.82746772703828,0,0,744.0791506861997
VEN-01380,3,19.16665660474565,0,0,749.229607261919
VEN-01381,2,42.625838122150725,0,0,800.2470652029917
VEN-01382,1,34.298837007533706,0,1,754.0796929484567
VEN-01383,1,10.971363965093994,0,1,870.6855365692669
VEN-01384,1,56.63132447791598,0,1,749.5016904229748
VEN-01385,2,12.250329811544692,0,0,866.5109059917073
VEN-01386,1,7.441069698069698,2,0,950.0
VEN-01387,2,14.793861342093034,0,0,723.3173846601815
VEN-01388,4,9.857747025970788,0,0,704.0190025996535
VEN-01389,4,42.37105979065192,1,1,624.9003119397279
VEN-01390,0,33.1527375345581,0,0,713.8387846529976
VEN-01391,1,23.04338997857289,1,0,631.8227687438791
VEN-01392,0,9.63140580433504,0,0,737.1037262960207
VEN-01393,1,27.13979892211459,0,0,855.5335405104566
VEN-01394,2,43.361606900564254,1,0,867.7968528914964
VEN-01395,1,22.939698395246285,0,1,909.261789625292
VEN-01396,1,57.58689492851138,0,0,743.8351009707562
VEN-01397,2,60.05557681677237,0,0,887.3661284635624
VEN-01398,0,80.38129322018322,0,0,684.7286108369049
VEN-01399,1,15.230155132674604,0,2,744.234224233421
VEN-01400,0,12.808803388185536,0,0,764.1830249296883
VEN-01401,0,56.933430101560745,1,0,752.7622877363087
VEN-01402,0,67.84366331852397,1,0,652.7658895711038
VEN-01403,1,18.588048988523163,0,0,777.3225781348937
VEN-01404,0,29.323095136335382,0,0,729.7857974424048
VEN-01405,0,32.20809559626343,0,0,898.0018552914826
VEN-01406,0,20.719869564902925,1,0,691.6614027461999
VEN-01407,4,52.142369891291175,0,0,856.603703868701
VEN-01408,0,30.71856042458521,0,0,547.2947274324331
VEN-01409,0,29.61676979730768,0,0,824.6833432715346
VEN-01410,2,29.336384010608388,0,1,741.0759792184423
VEN-01411,3,7.583084110710951,0,0,781.2868146821179
VEN-01412,0,13.655715967066705,0,0,845.6784862191611
VEN-01413,4,44.0834886269998,0,1,636.247344788766
VEN-01414,0,20.70394904441522,0,0,944.8104138575288
VEN-01415,2,10.82520871976125,0,0,767.7656081068675
VEN-01416,3,16.32638600886339,0,0,692.2703123144622
VEN-01417,0,29.09674757922884,0,2,818.3830278371466
VEN-01418,1,12.610792812527134,0,1,824.6139116576336
VEN-01419,0,58.32590576827653,2,0,760.2996955244321
VEN-01420,2,15.758188947300884,0,0,647.9552337351537
VEN-01421,1,21.105326234075545,0,0,940.2635885075592
VEN-01422,0,96.86510042452473,1,0,818.6428805035471
VEN-01423,3,20.79839460451935,0,0,669.4813314636507
VEN-01424,2,11.150424046328364,0,0,699.1522810422625
VEN-01425,0,49.07963723392882,1,0,854.940944280269
VEN-01426,2,74.89562050348613,1,2,697.3184206585639
VEN-01427,0,59.09235729569745,1,1,831.515005633212
VEN-01428,0,55.39681775020629,1,0,670.0585152477763
VEN-01429,3,16.98932053098219,1,0,735.5479085019126
VEN-01430,4,74.00727816162194,0,0,739.8071482293702
VEN-01431,1,73.35765812582191,0,0,858.8311947340874
VEN-01432,2,10.619381974801415,1,0,728.7260473616107
VEN-01433,0,74.88260788090669,0,2,642.6900058901806
VEN-01434,2,57.94484137541481,0,0,929.6623164544932
VEN-01435,3,20.755384910261355,1,0,827.9967625095012
VEN-01436,0,22.761641683301384,2,0,772.7538785006162
VEN-01437,1,13.188017716492883,1,1,630.6208159006484
VEN-01438,0,47.53869348332159,0,1,743.6014067149356
VEN-01439,3,22.446721601631133,0,0,764.2031414565239
VEN-01440,2,11.324635743279654,0,1,608.7282896831236
VEN-01441,0,28.207262745127693,0,1,866.9944834498854
VEN-01442,1,69.3582544988028,0,1,782.9450161827731
VEN-01443,0,57.767227818193966,0,1,749.2052647757337
VEN-01444,1,13.246595446928794,0,0,669.6323669400743
VEN-01445,2,29.64210302193062,0,1,950.0
VEN-01446,0,3.0932765452194118,0,1,850.5986497872561
VEN-01447,1,6.749994722460653,0,1,707.5369854253321
VEN-01448,2,18.525255731557166,1,0,561.2254893046274
VEN-01449,1,3.1577695189595323,0,1,623.798480021503
VEN-01450,2,28.2842659944862,0,1,765.8558708892763
VEN-01451,2,49.1072323785562,1,0,845.440334717079
VEN-01452,3,40.73221066348467,1,0,750.2207556581753
VEN-01453,0,21.19507548290575,0,1,774.702333351424
VEN-01454,0,55.72021065280063,1,1,752.0368150415795
VEN-01455,0,18.20084864196439,0,1,827.6139860045207
VEN-01456,4,79.22346384794812,1,0,636.0961524330353
VEN-01457,0,24.94429892044381,0,0,609.1403995072174
VEN-01458,1,45.02114045501898,0,0,732.6142282251825
VEN-01459,1,13.228419339039784,0,1,729.265753341155
VEN-01460,1,11.137300422847645,0,1,646.040782043854
VEN-01461,0,27.6012919554518,0,0,901.1762783262102
VEN-01462,0,20.024560077985804,0,0,871.3977753780433
VEN-01463,1,14.065324987459997,1,1,584.5098119102474
VEN-01464,0,58.59017884436725,0,1,730.1246754811698
VEN-01465,1,63.35790593875502,0,0,673.7321035343932
VEN-01466,2,21.75849339640877,1,0,700.0315402151733
VEN-01467,3,8.03388790523546,0,0,564.268796424796
VEN-01468,3,24.723564193229983,0,1,775.9873453687834
VEN-01469,1,38.946476509900165,0,0,807.1718715644442
VEN-01470,1,40.95426515906951,1,0,576.4094540708406
VEN-01471,1,41.60177987366567,0,1,764.4524242159385
VEN-01472,1,54.48892118027864,1,0,782.9257601384348
VEN-01473,2,52.34919176574402,2,1,743.5543495768671
VEN-01474,2,29.925259400195905,0,2,701.6434211597164
VEN-01475,1,3.7799686899379754,0,0,804.6373145120743
VEN-01476,2,28.362636574836085,0,0,902.0224787364748
VEN-01477,0,74.71353583322275,0,1,660.4201398179339
VEN-01478,4,24.218143018520568,1,0,544.839121852339
VEN-01479,1,27.71383057359264,0,0,790.5129303251464
VEN-01480,2,32.3605282014189,0,2,830.5921574000463
VEN-01481,2,4.867308843588418,0,0,801.8677466106575
VEN-01482,1,33.42281240692943,1,2,690.2102478580043
VEN-01483,1,41.30950711335062,0,0,822.6934469212831
VEN-01484,1,34.78201859990706,0,0,637.7173768783166
VEN-01485,0,51.8332514319806,0,1,932.9519177418108
VEN-01486,0,21.722863619936973,0,0,807.9335313585709
VEN-01487,3,30.64370187584552,0,0,771.4041307991155
VEN-01488,3,14.625221674192522,0,0,780.0151135494515
VEN-01489,1,18.05405642912848,0,0,794.620764269453
VEN-01490,0,55.82444087790573,2,1,701.5467937239946
VEN-01491,2,69.60420970835165,0,0,913.605488267434
VEN-01492,1,94.95038298073248,0,0,619.7983563306964
VEN-01493,0,50.92974407635046,1,0,815.8259784359193
VEN-01494,0,43.2085635228478,0,0,631.7146180515476
VEN-01495,1,16.270842949501986,0,1,703.6530097982942
VEN-01496,0,42.3005058713238,1,0,520.6665368522147
VEN-01497,0,44.31323962259738,0,0,698.6158709327376
VEN-01498,2,23.22871413246829,0,0,823.3196442560279
VEN-01499,1,38.476694707797925,0,0,694.3630907224954
VEN-01500,0,33.71595960544127,0,0,741.8947262851532
VEN-01501,1,20.522875438465757,1,0,825.2529290692235
VEN-01502,2,9.394219820236865,0,1,816.4601337304969
VEN-01503,1,60.10888764380213,0,0,629.2161602243478
VEN-01504,1,8.733748549705458,0,1,669.098521779345
VEN-01505,0,14.858506885578862,0,1,697.6942489716007
VEN-01506,2,9.463995318633913,1,0,670.5103080336249
VEN-01507,2,73.52610890457763,1,0,682.6253638791288
VEN-01508,0,7.946812684471618,0,0,863.6176853046379
VEN-01509,1,14.459247581984696,1,0,671.73582376917
VEN-01510,1,27.396971472832973,1,0,931.023473678708
VEN-01511,2,11.401466362284298,0,0,874.2115315428051
VEN-01512,1,59.97528622823594,0,0,889.5347868177629
VEN-01513,2,19.91012219235924,1,1,784.181656314411
VEN-01514,2,42.63744476290296,0,0,728.8240044382158
VEN-01515,1,39.62977153733205,0,0,666.6272494516074
VEN-01516,1,24.545287335415612,1,0,574.1128458988991
VEN-01517,1,58.17669035089224,2,0,718.0922598570093
VEN-01518,3,17.510406689198895,0,1,888.8503675689412
VEN-01519,0,32.441886971959235,0,0,822.2166862251405
VEN-01520,1,3.267067835399704,0,1,752.0705865325673
VEN-01521,1,12.16348293717181,1,1,785.800810654883
VEN-01522,2,32.846888227217455,1,0,625.0892974145215
VEN-01523,0,25.065058990484182,0,1,810.0139580226622
VEN-01524,1,28.67263548015484,1,0,749.240499220661
VEN-01525,2,35.692800162126545,1,0,699.747047326625
VEN-01526,3,32.93322167497568,0,0,851.2333044435361
VEN-01527,1,41.43363784718011,0,3,768.3061844319693
VEN-01528,2,36.62443577162913,0,0,907.3099479110366
VEN-01529,3,71.73781665282394,1,3,715.743570429964
VEN-01530,1,33.4658407269533,0,0,729.7263341301575
VEN-01531,5,74.1010058633137,0,1,750.8098162930044
VEN-01532,1,53.58694467671816,0,2,759.7285308389712
VEN-01533,1,35.122160453064886,0,0,822.5486727115599
VEN-01534,1,31.646738553393472,0,0,887.9410340740222
VEN-01535,1,41.55429262956683,0,1,672.4513610263598
VEN-01536,1,87.74456835300333,1,2,709.2109790146333
VEN-01537,3,23.63006132355272,0,1,910.389762736268
VEN-01538,1,63.807885076583965,0,2,795.3438490898645
VEN-01539,1,22.39220415846969,1,1,834.0671730101252
VEN-01540,1,59.18963450634213,1,0,798.2862577079962
VEN-01541,1,8.496307056585986,1,0,681.7476125109312
VEN-01542,1,7.422078881870091,0,0,810.03899868178
VEN-01543,0,33.63461696241585,0,1,835.871789852175
VEN-01544,1,25.987085530965835,1,0,697.3579813305003
VEN-01545,0,16.157179992477573,0,0,523.7936234920127
VEN-01546,2,43.67879818574567,0,0,921.8125680349356
VEN-01547,1,10.908307034197,0,0,683.4390367092554
VEN-01548,0,38.0050181280708,0,0,875.3365716028451
VEN-01549,2,76.9046473154168,0,0,633.0656659042829
VEN-01550,2,25.6736663936526,1,1,685.1879701063853
VEN-01551,1,57.22811377942121,1,2,679.1576575081242
VEN-01552,0,33.3516436428582,0,0,710.3892269745
VEN-01553,0,10.110098385552991,0,1,668.1228448432003
VEN-01554,0,57.3440496630892,0,0,483.6639173053794
VEN-01555,1,35.25597808512659,0,2,767.6362195665154
VEN-01556,1,26.31637466001276,1,1,663.5508563288809
VEN-01557,1,11.296643349477188,0,2,818.4877595222465
VEN-01558,1,25.362765671134685,0,0,926.8070446749686
VEN-01559,1,28.804940795730367,0,0,924.6442428222854
VEN-01560,2,31.901115742859037,0,2,712.1431429210497
VEN-01561,0,16.80194136518172,0,0,667.894654433796
VEN-01562,1,46.50300916364401,0,0,574.4035759757902
VEN-01563,1,22.75371596336894,0,1,950.0
VEN-01564,4,27.9455625327767,0,0,659.0597214124122
VEN-01565,1,59.4071747509481,0,2,840.4475479914109
VEN-01566,2,22.33154707797143,0,0,771.4985869948189
VEN-01567,1,38.30839996606591,0,0,654.2000716235668
VEN-01568,0,45.22172117913028,0,2,772.699796080106
VEN-01569,0,90.5569772002248,0,1,799.1355207037088
VEN-01570,1,28.843784591694455,0,0,797.5442623027209
VEN-01571,1,28.153163407120868,1,2,738.1464211116479
VEN-01572,2,23.355343939986295,1,0,715.5585116081684
VEN-01573,0,20.21670422171892,0,0,839.7805477035331
VEN-01574,0,18.931534101285404,0,1,725.8855899075613
VEN-01575,1,23.097574398452124,0,0,861.0769211949394
VEN-01576,1,67.58997290061747,2,0,857.6498642036117
VEN-01577,2,58.44167217144339,0,1,670.504030503154
VEN-01578,0,36.56330697214605,1,1,719.3395645644187
VEN-01579,0,31.582902548734506,0,0,819.0483097071321
VEN-01580,2,12.56745323228394,1,0,757.6711841200746
VEN-01581,1,65.24201572644169,0,3,803.8265250325167
VEN-01582,1,22.075831035136247,0,0,637.0832238582473
VEN-01583,1,35.308932123148175,1,0,688.6518811772335
VEN-01584,2,10.611186519786692,1,0,701.3036337075742
VEN-01585,0,3.789988811675965,0,1,919.6001103007272
VEN-01586,2,53.97896622394424,1,1,676.4002987840172
VEN-01587,1,31.66983876114945,0,1,682.2713863986825
VEN-01588,1,30.55201404122016,0,0,725.3488699080204
VEN-01589,0,22.1351757478702,0,0,762.5740016693658
VEN-01590,1,29.7724655621384,1,0,779.9898529136668
VEN-01591,0,46.85594949029384,1,0,887.6358393982739
VEN-01592,1,21.46030459339521,0,0,650.4456245999788
VEN-01593,1,85.33088858252316,0,0,760.0085144871907
VEN-01594,0,49.47636030339746,0,1,743.5190495202203
VEN-01595,1,38.74632049743904,0,0,774.9644940449828
VEN-01596,2,49.48032521508401,0,1,635.5969798503395
VEN-01597,1,15.723249907738651,0,0,733.929047257947
VEN-01598,3,11.769059664229614,0,1,693.9833765165884
VEN-01599,2,41.59974024844767,1,0,772.718178802476
VEN-01600,5,38.84302434562904,0,0,792.2162713866344
VEN-01601,0,43.24401860226725,0,1,712.9948148205816
VEN-01602,0,35.322431333612435,0,2,787.6556714542558
VEN-01603,1,38.16179675211015,0,0,924.5433620348626
VEN-01604,1,102.0732866050973,0,2,706.6196336675692
VEN-01605,3,29.9041264783885,0,0,743.4301684191748
VEN-01606,2,23.87583380185665,1,0,815.9652875977387
VEN-01607,1,23.357980034034444,2,0,610.375256214796
VEN-01608,1,37.61359377659594,0,0,800.7470342356258
VEN-01609,0,20.505041967039737,0,0,829.9596932536869
VEN-01610,1,15.337611715961868,0,2,678.3667802529847
VEN-01611,4,42.500478552974336,0,1,861.3684743159872
VEN-01612,0,53.55300545360241,2,1,676.9958335072238
VEN-01613,1,40.894455871619456,0,0,842.7921712563634
VEN-01614,1,64.0475877791102,0,0,751.3562106617138
VEN-01615,1,44.15421762004477,1,1,706.6281942107298
VEN-01616,1,41.95559203860039,1,0,781.1336845449422
VEN-01617,1,31.16519697274095,1,1,813.2153771222377
VEN-01618,2,89.99573299485998,1,1,757.2395403996792
VEN-01619,1,12.924922273009736,1,0,741.333676446231
VEN-01620,3,44.44005233468399,0,0,793.3829636293266
VEN-01621,3,61.89461099556749,0,0,708.9576664591641
VEN-01622,1,9.558458103195155,0,1,760.7249537024303
VEN-01623,4,65.67504659489624,1,0,753.8054659680276
VEN-01624,2,21.067418902060474,0,0,746.2122533348266
VEN-01625,1,6.363959540394434,0,0,768.8840844710887
VEN-01626,1,21.08512731852991,0,0,752.534082232092
VEN-01627,1,14.980843041866232,0,1,712.8283935693029
VEN-01628,1,14.810974510504982,0,0,784.5186019422111
VEN-01629,0,17.796156988784062,0,0,706.997918577182
VEN-01630,1,7.959152560256911,0,1,800.1418981888069
VEN-01631,0,46.32833140544177,0,0,753.9235790584776
VEN-01632,1,34.993679119978665,0,0,794.8924872596216
VEN-01633,1,22.7292278883122,0,0,675.9205207528668
VEN-01634,0,20.726530782612443,0,1,743.4681395684311
VEN-01635,3,38.12267852683861,0,0,811.8161881042156
VEN-01636,0,37.90453022087419,0,0,814.0181995993628
VEN-01637,1,5.8788788464951285,1,3,853.7921491150732
VEN-01638,4,14.563986077120004,1,0,870.3387927395288
VEN-01639,0,26.521829786653417,0,0,697.3745309957579
VEN-01640,1,26.02040281833909,0,1,925.3398523766743
VEN-01641,1,21.643468729579663,0,0,851.0999566948722
VEN-01642,1,44.06646198538711,0,1,680.0557801903741
VEN-01643,1,33.69314366335982,1,1,802.1730927254131
VEN-01644,0,41.00601385471688,1,0,819.5033821155986
VEN-01645,1,12.402309749302564,0,1,588.6653774861174
VEN-01646,0,8.433508076298105,0,0,692.8542493364781
VEN-01647,1,14.18518084488968,0,0,818.9106097726192
VEN-01648,3,25.629724972473287,2,1,880.492605909719
VEN-01649,1,34.047648654055415,0,0,690.9204455857137
VEN-01650,0,37.02109323926118,0,0,835.6873075828571
VEN-01651,1,29.207323135432368,0,1,825.3172011593629
VEN-01652,2,30.59381189315293,0,0,712.368374814449
VEN-01653,1,15.774590293284508,0,0,563.7240318834532
VEN-01654,1,6.02852965195095,0,0,844.197282510822
VEN-01655,1,71.95108192553553,1,1,771.1008666543164
VEN-01656,0,22.395208615515763,1,0,827.9326183612919
VEN-01657,1,28.085421103586413,0,0,820.2507102403596
VEN-01658,0,13.089328181586918,0,1,950.0
VEN-01659,1,15.77736341753208,2,0,911.0160723801972
VEN-01660,1,141.98197999069717,1,0,903.3191553171202
VEN-01661,4,21.261845882371684,0,2,659.7355967721546
VEN-01662,1,21.18854949983828,1,0,950.0
VEN-01663,3,43.72993764122928,0,0,612.148401261057
VEN-01664,3,39.41462872429823,0,1,669.5727118079877
VEN-01665,1,12.7390546172308,1,0,853.5621839395291
VEN-01666,2,52.78513390042798,0,0,730.5656017835396
VEN-01667,1,27.54672229686209,0,0,727.2645887980148
VEN-01668,0,46.336712299970536,0,0,714.2655261085412
VEN-01669,0,49.45260530068079,1,1,742.6527177716818
VEN-01670,0,62.7687830345482,0,1,678.7639738175865
VEN-01671,1,24.14798953973815,0,0,730.2379717391934
VEN-01672,3,47.46844742615173,0,3,682.6911950164917
VEN-01673,2,49.50889061222935,1,1,661.4789663180374
VEN-01674,1,61.10041035209654,1,0,736.3875042583486
VEN-01675,0,77.23057594054256,1,0,758.478553436916
VEN-01676,2,14.069016238720073,0,0,728.2722611453216
VEN-01677,0,30.31675797715281,0,2,894.5679632399837
VEN-01678,1,12.354275229984951,0,0,766.5910540392368
VEN-01679,3,22.652795877322383,0,0,745.5332916583237
VEN-01680,2,73.90055846060098,0,0,690.3639510772059
VEN-01681,1,21.032727417238597,1,0,732.2307852279224
VEN-01682,1,35.77868328145054,0,1,616.1301013034079
VEN-01683,1,65.40536355927759,0,1,890.9205503673614
VEN-01684,1,8.560368366442344,2,0,774.7923709854294
VEN-01685,0,63.387029762215015,1,0,604.791384302104
VEN-01686,1,42.55481401989525,1,1,922.5447363036594
VEN-01687,1,21.532470647890207,1,0,744.9881161962231
VEN-01688,0,37.08376460337173,0,2,706.5170457393737
VEN-01689,0,47.418913974942434,0,0,597.4190379389681
VEN-01690,1,44.4905620636977,1,3,699.2117706735543
VEN-01691,3,41.164829121876096,0,0,681.6193473545635
VEN-01692,1,42.4389852348574,0,0,685.9612630581854
VEN-01693,3,22.666111279387565,1,0,875.0077581656858
VEN-01694,0,71.85625511301677,0,1,903.1492844806252
VEN-01695,1,16.989539752910634,0,0,852.3672753855823
VEN-01696,1,38.05865573126287,0,0,770.0326183641137
VEN-01697,1,34.30722119600014,0,0,950.0
VEN-01698,2,75.32040519366186,2,0,781.5837005416948
VEN-01699,2,36.93020499294179,0,0,698.738475318081
VEN-01700,2,85.90062742308986,0,0,793.2794553560474
VEN-01701,1,50.38031548587292,1,0,950.0
VEN-01702,2,49.12218332033552,0,2,850.7052193260939
VEN-01703,1,57.54114782760704,1,0,818.3705346795898
VEN-01704,2,13.260262111778548,0,2,682.8854523727343
VEN-01705,1,34.246975685140825,0,2,674.6444987830688
VEN-01706,0,82.90992828843576,0,1,762.2838138034434
VEN-01707,1,56.64233638987248,0,1,590.6155207734905
VEN-01708,0,13.25931200394858,1,0,923.6996858482314
VEN-01709,1,24.68108368330864,1,0,875.7330980681646
VEN-01710,0,59.66470589535155,2,1,755.615655836292
VEN-01711,1,19.94242220202704,1,0,725.7929689436478
VEN-01712,0,17.42641532604616,1,1,830.0808451486176
VEN-01713,0,76.58054564845287,0,0,683.5812897833418
VEN-01714,1,28.68351300657844,1,1,643.1306605659994
VEN-01715,2,25.19331847119555,1,0,615.0903179048014
VEN-01716,0,46.7608965844504,0,0,792.0675105391067
VEN-01717,1,25.17355064085269,1,0,715.2007198724833
VEN-01718,0,75.5779369904311,1,0,786.8796278222792
VEN-01719,0,51.45041762761626,1,0,622.2957070066778
VEN-01720,1,23.06739354439999,0,0,640.032707935239
VEN-01721,1,60.05056162679914,2,1,665.1944224137189
VEN-01722,1,18.03438932865516,1,0,574.0396095926048
VEN-01723,1,18.20169752375073,1,1,674.3465025187929
VEN-01724,0,29.13132897485856,0,1,658.243615496683
VEN-01725,2,14.719585216764967,1,0,693.4877162601239
VEN-01726,3,28.007732896171653,1,0,660.9180279907276
VEN-01727,3,13.508006529774915,2,0,594.7851615453314
VEN-01728,4,19.48897102919385,1,2,891.4754087195379
VEN-01729,0,12.170173738798733,0,0,859.8977980848153
VEN-01730,0,9.667089667770831,1,0,739.0223393167039
VEN-01731,1,31.80684307762988,0,0,783.6055054902891
VEN-01732,2,25.014892631909,0,0,707.59086523406
VEN-01733,0,58.86815993861235,0,0,867.2238459801853
VEN-01734,4,40.06130818200469,0,0,835.5432261717503
VEN-01735,1,24.886589581127637,0,2,897.250713509148
VEN-01736,1,17.55647045162621,0,2,697.3920036833335
VEN-01737,0,24.91052928230448,1,2,818.9345561869281
VEN-01738,4,6.685468998399408,0,1,854.1553746088549
VEN-01739,0,54.78584783319044,0,0,812.8145902790845
VEN-01740,0,36.60528937839628,0,1,762.9113784185179
VEN-01741,3,42.296020150587154,0,0,571.5410206736543
VEN-01742,0,42.39904014725926,0,1,794.6790404294625
VEN-01743,1,60.854237146031,0,2,731.0240254316116
VEN-01744,2,14.769676103675296,1,1,884.3023171603345
VEN-01745,4,9.833734848433387,1,1,756.4082720433245
VEN-01746,0,62.41121129851271,0,0,860.9193046228619
VEN-01747,0,45.15364091225235,0,0,875.0547494274548
VEN-01748,0,21.3722827121746,0,0,800.5324795848722
VEN-01749,2,13.882486239042068,0,1,884.8859869515079
VEN-01750,1,22.876739757847467,0,0,598.3026291116364
VEN-01751,1,67.9298679083593,1,0,804.3787084410202
VEN-01752,1,81.06829690711258,1,0,728.2542171443491
VEN-01753,1,25.10928364360985,0,0,710.6922373251172
VEN-01754,2,44.597160012740574,0,0,593.7885762963278
VEN-01755,1,24.939974147290783,0,0,875.5598594223344
VEN-01756,2,13.053211925278031,1,0,805.6525441564979
VEN-01757,1,19.63370329785913,2,1,822.3141286097868
VEN-01758,2,45.250905795446656,0,3,782.3938009103163
VEN-01759,2,15.098824282945372,0,0,746.409513427481
VEN-01760,0,40.71182333733693,0,1,716.514361406095
VEN-01761,2,17.15715805053378,1,1,714.9976456254519
VEN-01762,1,3.672854811059458,0,0,655.1734689671352
VEN-01763,1,20.97945992645417,2,1,803.0842851509253
VEN-01764,2,56.72128223508617,1,0,853.0347127310366
VEN-01765,0,23.904485453563108,0,1,904.2667072027396
VEN-01766,1,8.243334238133793,2,0,681.78629381467
VEN-01767,2,26.57547379163326,0,0,680.7514365148787
VEN-01768,0,10.74448198876571,1,1,655.7585980886912
VEN-01769,1,54.10978495766221,1,0,895.9861684352079
VEN-01770,3,14.528223659621268,0,1,798.8624322745214
VEN-01771,1,32.963023481313975,0,1,794.3037646556996
VEN-01772,2,44.81065697604078,0,0,790.481250907978
VEN-01773,1,49.70063743890935,0,1,769.9392572345607
VEN-01774,0,75.78729336570987,0,2,748.7440943630307
VEN-01775,3,53.3362204106614,0,1,800.7684564734093
VEN-01776,1,23.54953298800988,0,2,863.3191934333333
VEN-01777,2,31.95326669913374,0,2,736.6918531084373
VEN-01778,2,67.53706695427464,0,2,848.6140193467503
VEN-01779,0,36.61391962923306,0,0,804.6569426774521
VEN-01780,1,20.16455009937382,0,0,788.9078849230377
VEN-01781,0,20.36024219543188,0,2,891.6620533971371
VEN-01782,1,48.26852129871536,1,0,950.0
VEN-01783,2,30.501157914117343,0,0,862.1251850568298
VEN-01784,0,59.5525795578365,0,0,735.2660352231293
VEN-01785,2,25.095586682477364,0,0,774.9403767973439
VEN-01786,0,50.47728013700461,0,1,875.0802279470328
VEN-01787,0,34.23869559499346,0,2,723.9038636710986
VEN-01788,0,46.189516439823,1,1,738.0894139941455
VEN-01789,0,31.979512995709808,0,0,665.9019294000935
VEN-01790,0,15.437356607589924,0,2,721.361041116692
VEN-01791,1,15.182160861487812,0,1,834.9789949046659
VEN-01792,0,39.640043791159975,0,0,598.233500956784
VEN-01793,0,18.220079851227407,3,0,859.0144057735819
VEN-01794,0,39.78123048623898,1,1,863.1919922650237
VEN-01795,1,16.730416100336974,1,1,917.4001457404032
VEN-01796,1,30.712673067164094,0,0,858.9958671895095
VEN-01797,0,55.60852167519902,0,0,789.6748845866194
VEN-01798,0,35.62696820831985,0,0,600.8514416180584
VEN-01799,2,61.79787249026639,0,0,609.9445664733942
VEN-01800,2,21.856431184527388,0,1,742.4916106512668
VEN-01801,1,38.57263713217333,0,1,632.264276578322
VEN-01802,0,47.87850566863867,1,2,844.5129135749696
VEN-01803,1,112.08447199065458,0,0,810.3437057548157
VEN-01804,0,8.95027592123627,0,0,786.7273181668584
VEN-01805,0,73.7792423477217,0,0,756.7838518284487
VEN-01806,3,35.4884344088868,0,0,934.4999503053876
VEN-01807,2,27.708620832739943,0,0,838.9867829262521
VEN-01808,0,23.50395699543369,1,1,759.414186766784
VEN-01809,3,10.566927572971316,1,0,686.5966779804662
VEN-01810,1,20.47173891453046,0,0,625.2042479020595
VEN-01811,2,38.78456468840111,1,0,793.1485150173144
VEN-01812,0,13.946654885901044,0,0,879.5039851578105
VEN-01813,0,19.1902636439429,1,0,824.5270151101153
VEN-01814,0,9.74337575909064,0,0,667.9270164471727
VEN-01815,1,35.28919468774861,1,0,950.0
VEN-01816,2,29.478817983399704,1,1,655.7256340014653
VEN-01817,1,28.9923662446422,2,0,849.6840495269388
VEN-01818,3,17.431092682626904,0,1,934.6081870098508
VEN-01819,4,49.251080703657664,0,1,821.7234082145799
VEN-01820,1,44.40373772944107,0,0,585.7295655197404
VEN-01821,1,49.35840718492131,0,1,771.7650360836011
VEN-01822,1,47.74727093553527,0,0,848.2345326914942
VEN-01823,1,21.60606098291508,1,1,748.1583116555674
VEN-01824,1,21.401775371590432,0,2,641.2896344948034
VEN-01825,1,83.67260684213718,0,0,663.810511888433
VEN-01826,0,21.07960314204238,0,0,854.5232122449701
VEN-01827,0,8.185604021167187,1,1,810.7896119047449
VEN-01828,2,67.19348164236948,2,1,797.4565189722562
VEN-01829,0,8.768762521557122,0,2,796.9522078536762
VEN-01830,0,27.732162795460216,0,0,706.4065598318102
VEN-01831,1,40.71693371746648,0,0,888.3240981762387
VEN-01832,0,31.60905414663976,0,1,880.0161410618703
VEN-01833,2,21.5967922401252,0,0,724.3003060674696
VEN-01834,0,26.73331560200915,0,1,813.5451090150484
VEN-01835,1,23.672194501570743,0,0,852.3935924847506
VEN-01836,1,27.65107499652035,0,1,672.7027899874678
VEN-01837,1,15.924604869528633,0,2,750.0019609793983
VEN-01838,1,55.44771651423292,1,1,734.3623437190673
VEN-01839,2,17.197599228238257,0,0,775.0227066275813
VEN-01840,2,23.540400477699976,1,0,679.1545412828793
VEN-01841,0,10.240956344521074,0,0,802.0578586894561
VEN-01842,2,39.65173506856216,1,0,801.5413987517437
VEN-01843,2,33.22175426518624,2,0,874.7722964104837
VEN-01844,0,57.78368996513112,1,0,768.1615438875384
VEN-01845,1,44.56122146572785,0,1,896.0211203204589
VEN-01846,2,34.57681620256249,1,1,902.4641135775062
VEN-01847,3,39.51509401556495,0,1,710.7965072115142
VEN-01848,1,14.416651329047516,0,1,605.7038823127905
VEN-01849,3,102.6337363532541,0,0,549.1373279118395
VEN-01850,2,4.682713871337484,0,0,851.563084347345
VEN-01851,0,38.35977135012282,1,2,710.3894271768821
VEN-01852,1,44.62791558158945,0,0,644.421193975622
VEN-01853,1,27.57683559135528,0,0,717.1169529567886
VEN-01854,2,18.2403344878032,1,1,663.4873036339308
VEN-01855,2,99.0593196838111,0,1,858.8690604791226
VEN-01856,0,24.538783562091847,1,0,685.660753390409
VEN-01857,0,61.62698444132189,0,1,805.8649135604088
VEN-01858,1,34.796370478622954,1,0,843.0347118410353
VEN-01859,0,63.81290536041631,0,0,706.2929851346005
VEN-01860,1,25.819178757722803,0,1,773.8593980286266
VEN-01861,0,28.099189093895067,1,0,831.1056072373658
VEN-01862,0,9.7134481514544,0,0,627.7592568478219
VEN-01863,0,28.35947333027368,0,1,614.1641750709248
VEN-01864,1,66.6859601804719,0,0,826.1715195324942
VEN-01865,3,22.438004606368857,1,0,774.0861875600007
VEN-01866,1,14.821226791968112,0,0,654.9595529413899
VEN-01867,1,50.4515113558784,0,0,763.8693776567138
VEN-01868,0,7.461406813750044,1,0,879.595776283849
VEN-01869,1,50.60257983699894,0,1,661.6043356291773
VEN-01870,0,69.99888006386011,1,0,596.6555325214512
VEN-01871,1,57.47945057447013,0,1,660.7741265407869
VEN-01872,3,35.91150015496971,0,0,756.0161492485554
VEN-01873,0,36.07354707401112,1,1,596.4954562121161
VEN-01874,3,20.053862546463307,0,1,686.0065747791386
VEN-01875,1,50.91262377752662,1,1,749.883187279088
VEN-01876,0,22.425767208011937,1,1,834.7618702937705
VEN-01877,1,7.9117645655315325,1,1,583.9583615795209
VEN-01878,0,15.094250887286378,1,1,797.5809836320307
VEN-01879,0,63.112346940581176,1,0,766.2994907146431
VEN-01880,0,8.569413580939093,0,0,764.6532040393472
VEN-01881,1,50.73546682796992,1,1,779.9112349897263
VEN-01882,0,25.686944313279465,1,1,950.0
VEN-01883,1,32.65303332113893,0,0,782.1531575879961
VEN-01884,2,61.38970065315954,1,0,807.8853071567507
VEN-01885,2,48.89468808506527,0,0,712.9232263489541
VEN-01886,2,7.427435598067772,0,0,581.0980624556171
VEN-01887,1,41.30077960987242,0,0,693.1162764880817
VEN-01888,0,24.706614631262404,0,1,690.4950114129834
VEN-01889,3,97.2422346037916,0,0,733.245643985785
VEN-01890,2,23.87186160603648,0,0,788.4280166682555
VEN-01891,0,13.837427610148936,0,0,768.1920879788023
VEN-01892,1,34.001643194570235,1,0,884.1267876916756
VEN-01893,1,9.550947414410036,1,1,819.2879174009054
VEN-01894,2,32.559222232115395,0,1,660.4010484836833
VEN-01895,3,21.40857335416231,0,1,797.09998186456
VEN-01896,0,47.971588379875,0,0,775.1402090680788
VEN-01897,0,33.15640217543699,0,1,629.6753168886211
VEN-01898,3,58.5442166821199,0,1,739.7180617397336
VEN-01899,1,11.626902670725364,0,0,729.4316532967637
VEN-01900,0,37.3761568656689,1,1,643.046069429812
VEN-01901,0,76.95824490081046,0,0,781.9382526510338
VEN-01902,1,74.94065300490116,0,1,808.5744438829812
VEN-01903,1,54.51870258756041,0,1,641.9398510878336
VEN-01904,3,79.40097779569325,0,1,813.1289794458588
VEN-01905,0,11.441532231853374,0,1,755.8370052330384
VEN-01906,2,19.47964315968233,0,0,729.1916691465436
VEN-01907,1,53.46067180974615,1,0,718.5762567329061
VEN-01908,1,20.231519277794785,0,1,573.3077242272499
VEN-01909,1,20.258778486774563,0,0,619.8960176742331
VEN-01910,1,48.38049708793013,0,0,762.9625620223529
VEN-01911,1,13.71443436547325,0,0,699.0638930412874
VEN-01912,2,48.137831976905005,0,0,884.762687506729
VEN-01913,1,18.73606203209064,2,1,555.1759081587738
VEN-01914,2,36.42254305746308,1,0,746.2186963240167
VEN-01915,1,16.342651180074178,1,0,683.4616755231818
VEN-01916,1,15.665383467320137,0,1,836.1634501695361
VEN-01917,1,12.404734430595932,2,1,733.7487787601985
VEN-01918,0,34.87004553170108,1,3,679.6562253241431
VEN-01919,2,33.37180182907448,1,1,813.3014720686708
VEN-01920,0,6.38040149088015,0,1,812.943668736887
VEN-01921,0,16.227822694054765,0,0,801.6136354234102
VEN-01922,0,40.4453335976504,1,1,653.1928957256032
VEN-01923,1,21.883057544933138,0,3,806.65570473839
VEN-01924,2,26.84138417406997,1,1,595.6257262477264
VEN-01925,1,18.50625757635913,0,0,705.8838551707668
VEN-01926,1,20.168809222742617,0,1,667.4519089059268
VEN-01927,1,13.760251851335688,0,2,527.9470048710834
VEN-01928,1,32.868367710878644,0,1,696.7662284403491
VEN-01929,0,57.605185117826096,0,0,810.5980847353501
VEN-01930,0,34.71175059915049,0,0,792.7217773192233
VEN-01931,0,13.204278932287805,0,1,840.7050383408655
VEN-01932,1,32.22728054199848,1,0,807.9407590908253
VEN-01933,2,16.03886916690002,1,0,746.05324399739
VEN-01934,4,95.47416924820786,0,1,609.0198004412373
VEN-01935,1,10.323308717830344,0,0,909.622564545688
VEN-01936,2,14.439676194556167,0,0,441.3600415434641
VEN-01937,1,31.34124561171912,1,1,765.8031264243683
VEN-01938,1,5.443731934662548,0,0,635.131334492076
VEN-01939,1,21.49108337870588,0,1,824.7566724000981
VEN-01940,1,36.20776457821676,0,1,790.4759464767394
VEN-01941,1,7.024398863636921,0,0,770.9999417776997
VEN-01942,1,56.16120129665436,0,1,696.1408013025866
VEN-01943,2,24.2329148224528,0,0,764.4030145666371
VEN-01944,1,40.03842497553457,0,0,642.3390225519571
VEN-01945,0,33.61249121289242,0,1,627.7913672459395
VEN-01946,2,6.928344093061113,0,1,816.8014573397327
VEN-01947,1,28.95958114717676,1,0,735.295998786604
VEN-01948,2,10.493263408597484,0,1,853.3205139375814
VEN-01949,0,39.8653720915908,0,0,950.0
VEN-01950,1,48.61776545279166,1,1,762.8092051385231
VEN-01951,0,22.08244957871176,1,0,677.4860586005566
VEN-01952,2,30.11674675416618,1,0,688.3932667840454
VEN-01953,1,41.54174007718636,0,0,883.6391721757627
VEN-01954,1,11.557665892348902,0,1,802.7229047900572
VEN-01955,1,67.91700791269598,0,2,729.3924736952155
VEN-01956,2,44.86487662396672,0,0,743.7681387184039
VEN-01957,3,12.800632036603345,0,1,701.9030782118815
VEN-01958,1,50.7126470620896,0,0,721.7740113990901
VEN-01959,2,60.53898912807569,0,0,901.1864142810136
VEN-01960,0,36.84284801928492,0,0,550.3063246444215
VEN-01961,2,76.3180029955388,0,0,903.4488470808498
VEN-01962,0,33.87974166658991,0,0,780.8484664890518
VEN-01963,0,16.960056758149733,0,1,865.3711592537838
VEN-01964,0,12.424461433034804,1,1,626.0612586265777
VEN-01965,3,22.446045110831577,0,1,616.1524267864594
VEN-01966,2,52.70485566482498,0,0,666.2818307291786
VEN-01967,0,50.71987954300712,1,3,730.1619656885617
VEN-01968,1,76.26436103605619,0,1,757.2149335436742
VEN-01969,0,29.56478289310632,0,0,847.4770642605663
VEN-01970,3,10.126834313618312,0,0,849.7411116074943
VEN-01971,1,30.085755536463378,1,0,663.761428775666
VEN-01972,2,39.59293987298521,0,0,707.2665956601213
VEN-01973,0,50.86605328676529,0,2,712.7034440962534
VEN-01974,1,25.699442908248837,0,0,660.1303541069843
VEN-01975,1,24.036301724976862,0,1,841.8865256334425
VEN-01976,0,56.15415753174141,0,0,717.884532427691
VEN-01977,1,29.442451371403585,0,0,745.4661020587035
VEN-01978,1,8.665508405184173,0,2,596.9432527957424
VEN-01979,1,22.6141416545269,1,1,747.3644605115235
VEN-01980,0,24.11899557485384,0,0,801.0273259267595
VEN-01981,0,35.97600163128283,1,0,729.2951131864918
VEN-01982,3,37.60583233777106,0,1,754.1970045728087
VEN-01983,2,23.25024240210521,1,0,858.597545216328
VEN-01984,1,29.228626674942134,0,0,783.9293320000496
VEN-01985,1,29.716927934173498,0,1,671.3782893255095
VEN-01986,3,52.85252567387425,0,1,720.2009859357466
VEN-01987,1,8.40690762174663,0,0,899.2475514049429
VEN-01988,1,25.5979899601634,1,0,767.1391253784428
VEN-01989,2,18.409120401866808,0,0,720.3994332422515
VEN-01990,0,6.734818379154307,0,0,846.3753405258909
VEN-01991,1,31.66514276719613,0,2,821.3742786049573
VEN-01992,1,42.6707180252513,1,0,630.7811766567611
VEN-01993,0,42.99502844612668,0,1,669.2990638056912
VEN-01994,1,82.72928349699589,0,1,935.4079612718228
VEN-01995,1,8.533930173258176,0,1,731.411081453801
VEN-01996,0,35.21975353131241,0,1,840.5473301614575
VEN-01997,1,35.09629438211548,0,0,731.5857543302283
VEN-01998,1,30.93532899481259,0,0,692.4963493046711
VEN-01999,4,26.98920592690846,0,0,745.9717860823885
VEN-02000,1,50.38393417127725,1,0,824.7648468789592
VEN-02001,2,13.522671628309164,0,0,761.3383355216918
VEN-02002,1,30.70373107976068,0,1,922.4948815389366
VEN-02003,1,39.74517654296122,0,0,791.486904711013
VEN-02004,0,69.12389942099858,1,4,577.5340304812926
VEN-02005,1,44.25488454302896,1,1,810.9563426282116
VEN-02006,1,10.929698036107547,0,2,883.9471802869905
VEN-02007,2,43.76875498300651,0,1,733.9983794815867
VEN-02008,1,35.13798663845801,0,1,950.0
VEN-02009,1,54.222874673978296,1,1,756.8191872057631
VEN-02010,2,38.29577384133335,0,0,772.5901455712606
VEN-02011,2,35.39027980591853,0,0,662.7082348531062
VEN-02012,1,49.12570215607708,0,1,802.5751013056938
VEN-02013,0,64.9709107138479,4,1,797.5190630818901
VEN-02014,2,46.152340701857455,0,0,840.7416713039189
VEN-02015,1,15.32452075557846,0,0,942.6588166671984
VEN-02016,1,63.50997878818628,1,0,660.6536308561034
VEN-02017,0,16.410182508787866,1,1,743.7817283668413
VEN-02018,1,20.15566415757017,0,0,850.7185729808872
VEN-02019,0,16.32847143060392,0,0,948.7014090413531
VEN-02020,1,20.812601238823724,1,0,842.9024435438326
VEN-02021,1,43.06356470325834,0,1,897.9793475129545
VEN-02022,2,60.996874590498166,0,1,753.0853257159657
VEN-02023,0,24.75820838890376,0,1,901.5259573546056
VEN-02024,0,53.55025433386151,1,2,680.4409506257111
VEN-02025,3,64.3492116629231,0,2,786.7996957646199
VEN-02026,2,18.67138501813126,1,0,713.9169923934259
VEN-02027,1,17.065731692290633,0,1,791.8233158991607
VEN-02028,1,71.46272126969157,0,0,879.6093882947063
VEN-02029,2,20.280650838015337,0,0,869.6815640987215
VEN-02030,0,56.41494966090072,0,2,950.0
VEN-02031,0,9.062973234372414,0,0,823.0419491697226
VEN-02032,0,20.53517216163773,0,0,726.2741487081433
VEN-02033,2,47.032625610495856,0,0,882.2129888586747
VEN-02034,2,28.715747751979336,1,0,645.5485021351553
VEN-02035,0,45.01359194443663,1,2,587.3195557563706
VEN-02036,2,9.287641222953752,0,0,761.4376172161445
VEN-02037,2,15.440283763825525,0,0,641.792598926061
VEN-02038,0,79.71786793710665,0,0,771.7699538301626
VEN-02039,0,28.66789889376573,2,0,950.0
VEN-02040,1,90.03750948836274,1,1,713.8576893272094
VEN-02041,0,28.052920726896613,1,0,796.2688582805258
VEN-02042,2,45.930288115843545,1,0,704.7367041489364
VEN-02043,1,25.293482116458684,0,0,823.9053535649914
VEN-02044,1,48.47351447034658,0,0,741.8018711457097
VEN-02045,2,39.00496950033337,0,0,701.0136915463254
VEN-02046,2,60.82306173555124,1,2,556.2428559613736
VEN-02047,4,36.94990771724702,0,1,648.9639372687826
VEN-02048,0,30.19202953379875,0,1,787.0210917898665
VEN-02049,2,73.7531478258277,1,1,717.4118366068714
VEN-02050,1,19.894488370399053,1,0,612.1572512746641
VEN-02051,2,62.46571853147047,2,1,817.6556535128333
VEN-02052,0,13.403418446805894,1,0,820.2901722454886
VEN-02053,2,11.509527620627184,0,0,695.5075026416886
VEN-02054,1,63.27465767230777,1,1,818.1601573260949
VEN-02055,1,33.46401896994886,0,1,696.272719891041
VEN-02056,0,37.63073832960618,2,2,832.168174625915
VEN-02057,3,29.039868966947036,0,0,815.0512168221326
VEN-02058,1,6.379042654543011,1,1,887.3997990354976
VEN-02059,2,15.932788938090258,0,1,814.1164194639167
VEN-02060,3,13.21625090546782,1,1,759.4550899047052
VEN-02061,1,31.41990955967368,0,0,708.0261631986143
VEN-02062,1,19.56974589158607,1,0,748.0731022844686
VEN-02063,0,15.209827975448516,0,2,937.9543941714616
VEN-02064,2,10.87453994572908,0,1,672.3629446890344
VEN-02065,1,26.27879239024345,1,1,728.2013319647646
VEN-02066,0,29.24409059771398,0,0,887.8162013980028
VEN-02067,0,38.0546869677262,0,1,753.0440783901083
VEN-02068,2,27.19416691995417,2,2,650.5926959094936
VEN-02069,1,33.62071907652503,0,3,593.2249901825567
VEN-02070,2,35.73737304112775,0,0,594.8920200415462
VEN-02071,0,13.041679227617106,0,1,580.1083360704166
VEN-02072,0,49.3807123982102,0,0,877.77189633569
VEN-02073,2,73.55411375656658,0,1,558.9152850333267
VEN-02074,1,17.929649776051654,0,0,808.9572300950571
VEN-02075,0,10.32670919968234,0,0,723.5150343070051
VEN-02076,2,39.27214994393177,0,0,846.5944817996428
VEN-02077,2,37.25318521912551,1,2,792.0091174463565
VEN-02078,0,34.84039689722408,1,1,924.4899000148092
VEN-02079,0,51.38796566938416,0,0,786.4912448290279
VEN-02080,2,39.12678101267301,0,0,716.4578244852584
VEN-02081,2,25.473970280705107,1,0,942.0728610355816
VEN-02082,0,68.83685958758775,0,2,851.5741072113801
VEN-02083,3,48.039286154463326,0,0,840.4417603345547
VEN-02084,1,37.35838490635704,2,0,779.3886219623895
VEN-02085,3,33.89623796155949,1,1,859.2862064216919
VEN-02086,3,25.38127225064374,0,1,937.8348973982688
VEN-02087,0,15.099670212343886,0,1,620.198646957102
VEN-02088,1,22.28828671211034,0,0,787.0122287916006
VEN-02089,0,34.0098392591715,0,0,727.3293232017734
VEN-02090,3,8.780536429073509,0,0,747.68250029249
VEN-02091,0,19.388507997323988,0,0,710.6576696098989
VEN-02092,2,50.62131039391413,1,0,869.9898547382414
VEN-02093,0,27.736422056264896,0,0,950.0
VEN-02094,1,39.99211975383873,0,0,743.3710312405514
VEN-02095,3,40.3202359242631,0,3,843.9583667309214
VEN-02096,0,73.45291677824942,0,0,705.2674600756828
VEN-02097,0,52.38922026057062,0,0,833.5853037522152
VEN-02098,0,55.16423252580046,0,0,677.3260394446343
VEN-02099,1,60.60870873626244,1,1,827.2195775588725
VEN-02100,1,31.261554265977,0,1,917.6728725894664
VEN-02101,2,32.730049843242604,0,0,552.1262963842836
VEN-02102,1,28.50397242473952,0,0,799.1279443068612
VEN-02103,1,79.18478133324605,0,1,804.4538411209376
VEN-02104,1,29.4797861912688,0,0,812.8723451469953
VEN-02105,1,13.912679542435166,1,0,814.9380590806095
VEN-02106,2,12.958605812383356,0,0,729.8343304984091
VEN-02107,1,17.855146553697722,0,0,745.9585231278642
VEN-02108,3,21.29444416544286,0,0,754.0608161182936
VEN-02109,1,29.65373073056477,1,0,821.2997714958246
VEN-02110,3,30.00430569552098,0,1,769.2305395929266
VEN-02111,3,31.428012931930297,1,0,825.6082140981305
VEN-02112,1,29.493604980761617,0,0,687.6957699088009
VEN-02113,3,30.587017219378467,1,0,714.9136866162594
VEN-02114,0,25.383261455488608,1,0,756.3499151140303
VEN-02115,2,40.60625361305,1,0,833.6264367200464
VEN-02116,0,7.147557940653559,0,0,831.2156977630975
VEN-02117,1,19.499392783073294,2,1,696.8685107996457
VEN-02118,0,23.268439287968643,0,0,667.6601443608112
VEN-02119,3,18.516056975312853,1,0,642.2760479233127
VEN-02120,3,22.57089816855325,0,0,812.161668277476
VEN-02121,2,27.50428737425439,0,1,684.597149729165
VEN-02122,2,1.9980137662746555,0,0,816.9181380219401
VEN-02123,2,84.31498313933594,0,0,618.8116850333339
VEN-02124,2,62.07301869994701,0,2,653.220049988886
VEN-02125,2,20.17205599961829,0,1,780.3081814601264
VEN-02126,1,18.0023071618098,0,1,669.9281895694777
VEN-02127,1,18.487092027380424,0,0,843.1851158265636
VEN-02128,2,50.65605518554372,0,1,828.5378900842308
VEN-02129,1,66.71690664719365,0,0,836.2647189875121
VEN-02130,0,92.83340190821356,0,1,795.8671416031066
VEN-02131,4,55.03281667660205,2,0,670.2846703061375
VEN-02132,3,56.55691578519773,1,0,812.1568656859699
VEN-02133,2,16.99377883723867,0,4,860.9076136873448
VEN-02134,0,36.9220398918658,0,2,748.3039208279117
VEN-02135,3,30.5262681701826,1,0,859.4655953321825
VEN-02136,1,24.196404403321434,1,0,752.318813574447
VEN-02137,0,40.200560584533406,0,0,753.2412168512287
VEN-02138,0,53.60002710416917,0,0,815.9535026500223
VEN-02139,1,35.81170955217807,0,0,950.0
VEN-02140,1,21.86157293772387,1,1,847.4756255236632
VEN-02141,1,33.08609014376785,0,0,801.4938587896248
VEN-02142,2,43.975392250347454,0,0,703.2845642024072
VEN-02143,4,32.75321811551334,0,1,901.5345171569132
VEN-02144,0,17.99953509555598,1,2,782.1335653960211
VEN-02145,1,24.786296373800656,2,1,789.0599490714898
VEN-02146,0,41.14538525805023,1,1,720.2687009723757
VEN-02147,2,46.98800151969867,0,0,723.5323337367906
VEN-02148,2,85.17043022102595,0,0,770.4140156000917
VEN-02149,1,29.087397664044072,1,0,834.2042009791414
VEN-02150,0,10.091878534780625,0,1,592.8296161903838
VEN-02151,0,12.492422613004768,0,0,701.9019900296598
VEN-02152,1,23.203183400823267,0,2,649.1448909454892
VEN-02153,0,15.453981773249188,2,0,732.9604781246568
VEN-02154,1,52.4550791153452,0,0,784.3420631119815
VEN-02155,0,15.908878432018474,0,1,788.4383587728413
VEN-02156,1,21.796925284072632,1,0,824.0697315997759
VEN-02157,0,85.3379451765178,0,2,819.358928408764
VEN-02158,0,35.791480645256264,0,0,753.6819201782677
VEN-02159,1,40.57311955068096,1,0,807.4003079759269
VEN-02160,2,30.23353086437538,0,0,732.1459929705461
VEN-02161,2,4.318645421977647,0,1,899.9260057520911
VEN-02162,1,25.29826216146493,0,1,769.9403861682241
VEN-02163,1,13.804540778453498,0,1,756.8292356043665
VEN-02164,0,44.28413995613066,2,1,564.3709165190832
VEN-02165,1,31.32279406419365,2,0,796.968571312221
VEN-02166,1,31.117896607473323,0,1,787.9098290826248
VEN-02167,0,20.66067805502511,0,0,917.3664563165808
VEN-02168,0,47.64309787010235,1,1,652.0027363712255
VEN-02169,0,33.73596780533286,0,1,764.1404371760926
VEN-02170,1,35.09584887000055,0,1,896.0659011280662
VEN-02171,1,37.63925617628079,1,0,619.8534327087993
VEN-02172,0,42.07688327093468,0,1,674.8601665115062
VEN-02173,0,14.04249172775538,0,0,722.1501731058372
VEN-02174,2,60.97274349873694,0,3,918.635182580807
VEN-02175,3,38.76420601553642,0,0,796.5580137509282
VEN-02176,2,58.70184643014871,0,1,772.0965727431761
VEN-02177,2,29.297989426403685,1,0,803.0694128990201
VEN-02178,0,31.52108238983957,0,0,799.6471970310727
VEN-02179,3,19.271631365009632,0,0,826.615687863573
VEN-02180,1,9.514268428260715,0,1,709.8323159204722
VEN-02181,2,71.91399089618348,1,0,789.2253191062531
VEN-02182,0,22.13239677908343,1,1,874.0851398037573
VEN-02183,0,21.332169244304744,0,0,873.4492075298474
VEN-02184,2,51.3756276136602,1,0,528.8479599304704
VEN-02185,1,71.10049832737536,0,0,721.6926725326176
VEN-02186,0,29.08744056707264,1,2,824.845891242061
VEN-02187,2,133.15154310729386,0,1,800.2401174279112
VEN-02188,2,37.43019842803714,1,1,904.0522822623908
VEN-02189,0,77.58045813819226,1,0,625.6661839382357
VEN-02190,0,24.91851011617235,0,0,902.429428587274
VEN-02191,0,55.05980468679342,0,0,575.1725190727508
VEN-02192,0,52.64236739435928,1,0,726.7431847756453
VEN-02193,0,13.273292298429672,0,3,893.1855488906651
VEN-02194,1,23.58035342351389,2,0,758.4919314885273
VEN-02195,2,40.344855584398736,0,0,822.9609287822823
VEN-02196,0,52.881387983360455,0,1,762.5517228163746
VEN-02197,3,46.8527842963637,0,0,749.4486734847454
VEN-02198,0,34.58383432807079,0,0,782.691770076735
VEN-02199,0,15.709873582485182,0,1,833.5119915212315
VEN-02200,1,54.22432659849149,0,0,669.7905185342152
VEN-02201,1,24.226917038973163,0,0,834.6172870841934
VEN-02202,1,20.51163424552534,0,0,738.8003514940665
VEN-02203,2,96.63133726498698,0,1,752.6451525635478
VEN-02204,0,24.235660887491697,0,0,755.5172100433177
VEN-02205,2,75.19738361549932,1,2,715.4793559386543
VEN-02206,0,74.55249282198521,0,1,709.7040325872866
VEN-02207,1,54.0518902023328,0,0,767.431596575523
VEN-02208,2,45.52054461256424,0,2,794.7537910925718
VEN-02209,1,52.73369744491857,0,0,846.835961269761
VEN-02210,1,47.2705027488125,0,1,751.5193257850971
VEN-02211,0,8.98345975780045,0,0,700.0929930933414
VEN-02212,1,22.21475938652126,1,0,797.8071346700726
VEN-02213,0,46.43124176290425,0,0,768.8012063698967
VEN-02214,0,72.06313558603614,0,0,905.9381833628856
VEN-02215,3,53.427700446733226,0,1,797.4389961025327
VEN-02216,1,70.18377714153256,0,1,769.9522701889545
VEN-02217,0,50.48150622706908,0,0,703.8159581059964
VEN-02218,2,82.03073124710754,0,0,809.4563462490306
VEN-02219,0,23.36705587679941,0,1,862.3173676780184
VEN-02220,2,65.84824198589779,1,1,936.7566038744408
VEN-02221,2,26.621105750261457,0,0,793.1289192816226
VEN-02222,3,49.18555211603626,0,0,746.3354516884378
VEN-02223,0,6.534036895241096,0,0,709.9346379727428
VEN-02224,1,17.057026720488704,1,0,950.0
VEN-02225,2,17.293911979056265,1,0,622.8299283190298
VEN-02226,1,28.397469565416436,0,0,544.1808528940355
VEN-02227,1,43.55432778048697,0,2,863.5169238001862
VEN-02228,0,49.00460713390604,0,1,677.7402546784966
VEN-02229,1,13.87469528847469,1,1,643.6120138569441
VEN-02230,1,19.728408691707678,0,1,670.273713715729
VEN-02231,0,29.204543926333454,1,1,698.375236896678
VEN-02232,1,45.911740250865066,0,0,929.615647682292
VEN-02233,1,54.52966386262271,1,2,878.4136751846627
VEN-02234,2,43.66733136350136,0,0,752.9367981582988
VEN-02235,0,30.29919509299557,0,1,474.1892382056012
VEN-02236,2,11.831462381002288,1,0,696.3000211044887
VEN-02237,0,63.270354525153,1,2,624.2962845950011
VEN-02238,2,33.803877859332964,0,0,738.3649627752022
VEN-02239,0,18.20429629373396,1,1,834.1897381737205
VEN-02240,1,19.95559660602026,1,0,669.7387621138384
VEN-02241,2,16.822387053829726,1,1,950.0
VEN-02242,3,70.39469373495119,0,1,689.5928264639324
VEN-02243,2,33.587120457976944,0,2,636.8993944650308
VEN-02244,3,71.01049251702666,0,0,849.7822027537828
VEN-02245,1,35.98238105630486,1,1,666.7733910434501
VEN-02246,1,9.608068686093286,1,0,805.1805212953834
VEN-02247,2,84.16325254384087,0,0,506.5072551266686
VEN-02248,0,11.62953076797884,0,1,727.2356094008392
VEN-02249,0,12.84025853626068,1,0,798.0042609445878
VEN-02250,0,30.741682442442844,0,0,910.8569387428564
VEN-02251,1,31.05773664016945,1,0,776.5355892353965
VEN-02252,0,33.653828082953254,1,0,832.0579980989048
VEN-02253,1,131.4840666241342,0,0,784.3960866879273
VEN-02254,1,21.30388369841475,0,0,694.7410802167255
VEN-02255,0,25.482180003700243,1,1,792.6580490465929
VEN-02256,0,20.74592281076941,0,1,742.9648399536949
VEN-02257,3,40.47994512175176,0,0,809.6787321840937
VEN-02258,4,136.08886303057054,0,1,771.2187924437019
VEN-02259,1,35.192525354215675,1,0,950.0
VEN-02260,1,15.518183730358428,1,1,686.3166090764756
VEN-02261,1,42.096980483538594,1,0,818.0145436224539
VEN-02262,2,31.66693258562996,1,0,892.84133165737
VEN-02263,1,10.37536482088043,0,1,950.0
VEN-02264,1,50.46300794505197,0,0,540.317659530524
VEN-02265,2,21.904355592670143,0,1,806.5847597869481
VEN-02266,1,55.18951932795691,0,2,678.0867756953702
VEN-02267,1,45.90335642878698,1,0,829.4084623364919
VEN-02268,3,47.99484379896119,0,1,742.7835159401013
VEN-02269,1,25.81064494089625,1,1,697.3505491734263
VEN-02270,1,16.176762856882352,0,0,799.8033285542659
VEN-02271,2,35.14868306402822,0,1,771.0345532242437
VEN-02272,1,87.22361979202927,0,1,795.5831121719796
VEN-02273,0,26.95093131998328,0,2,705.1222207042285
VEN-02274,1,12.565301619804632,1,0,578.3833604637357
VEN-02275,3,13.715754128081729,0,0,748.5467433295106
VEN-02276,2,10.531717694941385,0,2,791.3302870921914
VEN-02277,0,67.0706740545622,0,0,822.7914983810463
VEN-02278,0,14.493361849200936,0,0,835.5046502544814
VEN-02279,1,62.40115000121649,1,1,813.4659087870082
VEN-02280,3,40.38854569797223,0,1,807.0312609044837
VEN-02281,2,66.69073647778946,0,0,634.3509921612958
VEN-02282,0,2.877329861803345,0,0,839.1312419969203
VEN-02283,0,9.101240746695725,0,1,699.1700569020227
VEN-02284,1,29.45437847709439,0,0,676.1976436967987
VEN-02285,0,78.70995965697978,0,1,757.9453770583772
VEN-02286,1,42.13478365857628,0,0,511.8184893698815
VEN-02287,1,25.18192958959319,1,0,773.5860350367257
VEN-02288,0,70.64331948138056,0,0,861.2085011559313
VEN-02289,0,27.02719963916129,0,1,781.4086432043548
VEN-02290,1,32.37458303893703,1,1,798.3492430749113
VEN-02291,2,11.362882262622676,0,1,742.2909835878107
VEN-02292,1,16.388839512518402,0,1,793.5521030390906
VEN-02293,2,80.91258223122172,0,4,825.1635817636537
VEN-02294,2,54.06500947425383,1,1,824.0448247582607
VEN-02295,1,18.20024491628501,0,0,807.9982888022882
VEN-02296,0,31.588720711550582,0,2,751.9581137347925
VEN-02297,2,13.50810670168608,0,1,835.5231433930278
VEN-02298,0,28.58586476321147,0,2,816.2234716716328
VEN-02299,1,22.7547921408649,0,1,784.8041763729778
VEN-02300,1,26.66097888190221,0,1,769.2795539905029
VEN-02301,0,73.9648387340844,0,2,790.561247644133
VEN-02302,1,35.70757663507847,0,1,738.6635854154313
VEN-02303,1,12.586872491698315,0,0,817.3860258386491
VEN-02304,0,107.09178031131434,0,2,800.3359713201983
VEN-02305,3,43.45587731418811,1,0,790.0506618328324
VEN-02306,3,18.28192980448669,0,0,768.1787807889149
VEN-02307,1,15.990782595447818,0,0,885.341296321436
VEN-02308,0,45.70514118121767,0,2,686.6352832663225
VEN-02309,1,56.791241703121656,0,0,741.3905480696569
VEN-02310,2,17.696961989967566,0,0,804.2453402509383
VEN-02311,1,13.284809014071987,0,1,849.6832588367079
VEN-02312,1,19.51545805462538,1,0,886.2088650740295
VEN-02313,1,34.538352682880074,0,0,713.2088525278946
VEN-02314,0,39.36765751807175,0,0,564.5778463849272
VEN-02315,1,11.959891966488868,0,0,714.6003117919364
VEN-02316,1,10.709297422351034,0,1,765.4827451424716
VEN-02317,4,62.5097725787536,0,0,760.0687545919806
VEN-02318,1,69.32685086149927,0,0,950.0
VEN-02319,0,25.963824688389764,0,1,695.6710870524566
VEN-02320,2,26.01267054567295,0,1,708.4240081127416
VEN-02321,2,24.16367657847395,1,1,690.4793686660446
VEN-02322,0,41.23860285504059,0,0,661.6506991655781
VEN-02323,2,40.103055931718025,0,1,742.8545243558658
VEN-02324,0,14.844850597724882,0,1,682.4295204064761
VEN-02325,1,91.96265984377364,0,1,831.3893063357475
VEN-02326,1,83.94563571797543,1,1,845.0764371556102
VEN-02327,1,25.25638905153891,0,1,742.8560571664456
VEN-02328,3,47.11686733825033,0,1,867.8202770382204
VEN-02329,1,30.9247622145832,0,1,915.8169765399846
VEN-02330,1,19.78252683214001,2,1,773.9922222397469
VEN-02331,0,67.13700149679275,0,1,781.129264910934
VEN-02332,1,42.65746006520676,0,0,903.3053306019058
VEN-02333,1,39.82696881759617,2,0,860.2649282032802
VEN-02334,1,39.56809609981944,0,0,703.3402398029122
VEN-02335,2,21.396130365089448,1,3,841.9618287925226
VEN-02336,1,39.27198943568833,0,1,774.529713896679
VEN-02337,1,40.30788799780319,0,0,548.148473671635
VEN-02338,0,17.938117556494856,1,1,618.3676156361611
VEN-02339,0,15.951146080269552,1,0,840.2617768462942
VEN-02340,0,8.395292854535331,0,0,732.3564951131192
VEN-02341,2,10.326332915268877,1,0,626.0715552541799
VEN-02342,0,20.154066304621463,0,0,642.5040700922563
VEN-02343,4,23.783723731596112,0,1,781.1090901675284
VEN-02344,3,35.0407915240543,0,0,808.1407552833851
VEN-02345,0,60.38987507078328,0,2,918.968690205581
VEN-02346,2,34.036702024678775,0,1,796.8055940022349
VEN-02347,1,27.073013166341205,2,0,616.0109449738834
VEN-02348,2,29.120135314380832,0,0,873.7476120539504
VEN-02349,0,29.72567857131648,0,1,950.0
VEN-02350,0,42.379247860142726,0,0,874.221903020862
VEN-02351,0,38.58825450846203,1,1,772.2186200724175
VEN-02352,1,74.54775955313522,2,0,918.7505158386292
VEN-02353,3,33.89083643832081,0,0,736.19606647412
VEN-02354,1,33.136934894224886,1,0,818.2857466500801
VEN-02355,0,44.96425513352061,1,1,646.0260846142512
VEN-02356,4,31.392336191462192,1,0,740.4130587646259
VEN-02357,2,17.933792760714258,0,1,658.6091329085407
VEN-02358,1,18.98097447042871,2,0,839.2361921373981
VEN-02359,1,63.06234269104062,0,2,817.5279552590225
VEN-02360,1,47.36399298601616,2,0,691.8111740694239
VEN-02361,1,66.34668414904988,1,0,674.9816890971138
VEN-02362,1,7.662532553760442,0,0,751.6041815552048
VEN-02363,1,14.160237469360467,0,0,702.5271997863558
VEN-02364,1,34.82122253954535,0,2,909.0694669476908
VEN-02365,0,59.963849900740975,0,2,859.3302665902336
VEN-02366,0,55.12454446409032,1,1,657.9867845581668
VEN-02367,1,15.03074116860417,0,1,782.5610882454084
VEN-02368,2,41.116081349046034,1,0,794.4744005756346
VEN-02369,1,49.42109367926148,1,0,707.9376703580558
VEN-02370,1,44.27691273990823,1,2,528.2393505690146
VEN-02371,3,13.127102022097288,0,0,842.7953585522358
VEN-02372,2,93.28913421641693,1,0,597.039685280538
VEN-02373,0,18.323207358166915,1,1,835.4318073097136
VEN-02374,1,21.475543214739893,0,0,768.8098251528443
VEN-02375,0,76.34165621827142,1,1,635.6025378545224
VEN-02376,1,20.68562445252197,1,1,846.5781576709869
VEN-02377,2,19.61857997562725,0,1,850.8677215424171
VEN-02378,1,32.79429231112605,0,0,621.5200062657085
VEN-02379,0,28.97203424512253,0,1,760.4695930234631
VEN-02380,3,38.118125926752064,0,0,764.477424653894
VEN-02381,2,72.59138588541602,0,1,632.5330318810567
VEN-02382,2,62.593526806466926,0,0,668.0076202802543
VEN-02383,1,24.98753900203786,0,0,787.1809861603895
VEN-02384,2,34.77655336380123,0,0,789.3976315325414
VEN-02385,2,28.685128901871774,0,0,777.6283071333615
VEN-02386,0,32.93085288064405,0,1,719.0948705464498
VEN-02387,2,54.474700456247966,1,0,862.1233034876251
VEN-02388,1,87.99901828643252,0,2,783.6580687729971
VEN-02389,2,36.25956405095198,1,0,820.3596345223783
VEN-02390,2,25.498088092479804,0,0,843.0113562914752
VEN-02391,2,46.28981984514315,1,0,674.6833349489306
VEN-02392,1,113.35782654267388,0,0,909.5394854003658
VEN-02393,0,28.531715044749607,1,1,776.101822639093
VEN-02394,1,10.649783351595362,0,0,599.6466806304597
VEN-02395,3,24.02160510927108,1,1,584.6768677041806
VEN-02396,1,89.51108971156465,1,0,700.3132628852018
VEN-02397,1,53.06891608972288,0,1,725.9159159021158
VEN-02398,0,14.598439410613397,1,1,808.7706808941598
VEN-02399,3,54.38505298327596,0,0,819.1445329736499
VEN-02400,0,45.56189875760796,0,0,391.7278636609737
VEN-02401,2,24.019511102410085,0,0,837.0278297893364
VEN-02402,0,32.3881271080799,0,0,677.763079501227
VEN-02403,1,25.72848561919191,1,0,741.0903302003699
VEN-02404,1,18.59141535268208,0,1,820.4606543887393
VEN-02405,0,30.703038598039267,0,0,544.7264525264584
VEN-02406,5,36.17753737840367,0,0,831.4487008297663
VEN-02407,2,18.247587080713544,0,0,931.9495858091688
VEN-02408,1,34.74806647796213,0,0,747.2292143559646
VEN-02409,0,42.62669523505624,0,1,679.1535234863461
VEN-02410,2,29.998381409659995,0,0,711.8967696719633
VEN-02411,0,29.306271093562344,0,0,667.2847932207277
VEN-02412,0,24.63015627506026,1,0,745.4138223745144
VEN-02413,3,44.38807964065665,0,2,782.9541022528416
VEN-02414,1,109.92297308533892,0,1,724.1592312562486
VEN-02415,2,14.137832199079384,0,0,727.4050146486907
VEN-02416,0,32.21979517864913,1,0,642.2678402845369
VEN-02417,0,19.099947276147617,2,0,797.6483087375694
VEN-02418,1,28.58742204930287,0,1,816.6446366209414
VEN-02419,3,24.69383867021519,0,0,748.996609715203
VEN-02420,1,45.163350836318806,0,0,677.622761858124
VEN-02421,4,41.45248443949115,0,0,798.3268230384606
VEN-02422,1,15.561158298269104,1,0,730.4721583001418
VEN-02423,7,54.07608248027668,0,1,600.9375626268518
VEN-02424,4,84.56501688733611,0,0,777.960554377541
VEN-02425,1,23.627532720626693,3,1,752.432458582561
VEN-02426,2,43.51910864850842,2,0,675.0945999464632
VEN-02427,0,57.598467532438576,0,2,674.027028979605
VEN-02428,1,12.4827570940674,0,0,895.1824452620228
VEN-02429,2,55.17471274447239,0,1,768.1485379852716
VEN-02430,1,74.90926588654781,0,1,698.0639340453275
VEN-02431,1,33.795594498038504,0,0,728.698144101416
VEN-02432,0,18.537374080533727,1,0,812.63123103205
VEN-02433,1,80.16605038572047,1,1,764.0815769955125
VEN-02434,0,26.003618214559616,0,0,818.0053443098136
VEN-02435,2,11.822719173500962,1,2,901.1299455790856
VEN-02436,3,58.15421555776605,1,0,778.8139349484462
VEN-02437,0,13.898635449923686,0,2,740.9505418461597
VEN-02438,0,46.1047092373158,1,0,834.8981412605431
VEN-02439,1,36.56947178171589,1,0,567.3221444356233
VEN-02440,0,18.34594245181526,1,0,668.6973497297621
VEN-02441,2,32.690965941029454,0,0,769.9320579285318
VEN-02442,0,15.606686353151172,0,0,804.5722674455911
VEN-02443,0,65.8093322205909,0,1,950.0
VEN-02444,1,41.01933661649508,1,0,564.9984934805309
VEN-02445,0,57.41663827321507,0,0,756.2811377922999
VEN-02446,0,13.55189082616431,1,0,570.9832614107977
VEN-02447,0,85.00670329719775,3,1,661.9379952839477
VEN-02448,0,30.571049916531084,0,0,906.9321643642814
VEN-02449,1,91.07548463798682,1,0,783.0016623560973
VEN-02450,1,12.412502203931298,0,0,933.919750333567
VEN-02451,4,11.641655638574855,1,1,938.57731309974
VEN-02452,0,81.27433166131055,0,0,713.1383093130869
VEN-02453,1,78.08227736911611,1,0,692.4721489478721
VEN-02454,1,9.544657522431985,0,1,730.0815689584423
VEN-02455,1,53.82829631131281,1,0,784.0076316102751
VEN-02456,3,45.76434315495643,0,1,635.7099469998172
VEN-02457,0,34.41587517292365,0,0,911.9600641724226
VEN-02458,2,70.33348649388134,0,0,783.7106187982163
VEN-02459,0,17.548332390994723,0,0,774.451954719355
VEN-02460,0,40.77938115893854,1,0,759.9762143790803
VEN-02461,3,52.33135849240718,0,0,691.7144232854375
VEN-02462,2,33.85481205804474,0,1,716.0173105095156
VEN-02463,3,4.858797800334924,0,0,950.0
VEN-02464,1,68.12383919166959,2,0,780.1896576285675
VEN-02465,1,86.25898824209224,0,1,886.1810333931588
VEN-02466,0,25.386286368575234,0,0,712.8445802448881
VEN-02467,3,33.21174745495647,2,1,557.620922089094
VEN-02468,1,80.67376475628787,1,1,877.2163226507197
VEN-02469,1,16.901172120182075,0,1,700.9684523549876
VEN-02470,2,49.133936951249645,0,2,691.713250675895
VEN-02471,3,29.957580275004787,1,0,660.0992475810281
VEN-02472,1,40.81758816101582,0,1,653.4500264276675
VEN-02473,0,20.69892491820467,0,1,716.0793768178142
VEN-02474,4,31.63675762936129,0,1,790.079748565527
VEN-02475,1,29.306161234608,0,1,803.3604482923774
VEN-02476,0,10.288273133647529,0,1,892.6663410215892
VEN-02477,0,40.452857451426894,1,1,572.5807152022792
VEN-02478,3,33.12452999093465,1,0,777.5624278056908
VEN-02479,2,112.76839888550286,0,0,783.0635552626981
VEN-02480,3,5.035510852162287,0,0,761.3485042095285
VEN-02481,2,54.32031131238654,0,0,820.1006044322335
VEN-02482,2,9.975877322070987,1,1,771.0412672984968
VEN-02483,2,22.3332088207374,0,0,905.0500508589246
VEN-02484,0,15.568773311525614,0,0,760.4750348076808
VEN-02485,1,22.91565480705075,0,0,732.9875135861963
VEN-02486,0,20.647765134264155,2,0,882.1852757218483
VEN-02487,3,37.831415039961705,0,0,950.0
VEN-02488,2,99.3532240847247,0,0,693.8836720612511
VEN-02489,1,38.68948505369716,0,2,892.1064587768622
VEN-02490,3,29.099920169035265,0,0,790.8356352429773
VEN-02491,0,23.551525127945748,0,0,933.8203722298488
VEN-02492,0,25.20433440330283,0,1,754.8781681249849
VEN-02493,2,9.376442072196832,0,1,746.7290912626808
VEN-02494,3,13.313255000238184,1,1,838.8746606188173
VEN-02495,2,35.537747509334814,0,0,675.1914172481669
VEN-02496,2,26.18315016649662,0,0,718.5472255028973
VEN-02497,0,43.60413712264225,0,1,768.7707785741055
VEN-02498,1,51.943009648163695,0,0,865.6758211390181
VEN-02499,2,7.481069979933305,0,0,853.9504647398076
VEN-02500,3,26.711273164359824,0,0,835.3123840047703
VEN-02501,3,20.59916317332238,0,0,766.755194536411
VEN-02502,1,55.8977179768029,0,0,655.5262897295554
VEN-02503,1,101.1752641644049,0,0,682.7765740197093
VEN-02504,0,16.176916864527932,0,0,774.568575473938
VEN-02505,2,66.72706207852835,0,1,917.4926080870342
VEN-02506,1,41.62052704077183,0,0,787.7474157335384
VEN-02507,1,27.79128143607851,1,1,827.4024034288808
VEN-02508,1,24.32084003436716,2,1,801.6109410649092
VEN-02509,1,19.683524376976308,0,0,724.2587524528361
VEN-02510,1,32.06862793120637,0,0,873.7109622196032
VEN-02511,0,8.894345469842147,0,0,669.0070525324068
VEN-02512,3,26.44636139012056,0,0,742.0411885155314
VEN-02513,3,34.31168032488097,1,2,704.1985779431192
VEN-02514,0,7.78692743151519,0,0,484.6166233125208
VEN-02515,0,30.280420119579595,1,0,704.8691620778085
VEN-02516,1,26.04174272748526,0,1,754.6490330592775
VEN-02517,3,38.70536462986601,2,2,855.6043596342967
VEN-02518,1,31.95606338602212,0,1,829.8509229440422
VEN-02519,1,88.48613311545604,0,0,613.3162606033345
VEN-02520,0,23.09305421980577,0,2,686.4968192430358
VEN-02521,0,19.174169844205124,1,0,659.7004067717239
VEN-02522,0,34.86248628342259,0,0,804.875718170111
VEN-02523,1,34.27607161621291,1,0,802.9299424104461
VEN-02524,2,25.23984729371037,0,0,676.6301319180972
VEN-02525,0,110.5111413895573,0,0,683.1267272794893
VEN-02526,2,31.413461868148865,0,0,686.0066891445055
VEN-02527,2,20.273280222153023,0,0,747.0129430282251
VEN-02528,1,58.70224457796669,0,0,641.368412289562
VEN-02529,1,29.540874026091863,0,0,756.644007203283
VEN-02530,2,26.53146080921683,0,1,759.6859243572856
VEN-02531,0,31.435034568984577,0,0,677.4355246697838
VEN-02532,0,81.40474639097756,1,2,609.0995921734972
VEN-02533,2,62.76687480147692,0,0,733.7229987221668
VEN-02534,0,30.65216265146611,0,3,747.0640781533587
VEN-02535,0,75.67680591509814,0,0,765.2082493884143
VEN-02536,2,36.91401735025372,0,0,777.9954268634015
VEN-02537,1,50.704008394922525,1,1,836.8099312669999
VEN-02538,2,28.627206268172923,1,0,793.1687736775374
VEN-02539,0,26.577907569974403,0,0,831.4897557494894
VEN-02540,1,70.60138199864159,0,0,730.0904807074177
VEN-02541,2,58.23862265390196,1,0,832.4762071399014
VEN-02542,2,24.827422023518672,0,0,950.0
VEN-02543,3,6.724545641779549,0,1,690.0842007835279
VEN-02544,1,3.702220403215128,1,0,749.6832607110247
VEN-02545,1,32.22729713637383,0,0,873.5836069686093
VEN-02546,5,53.78051462763748,1,0,660.5755148002745
VEN-02547,1,78.98868520055845,1,0,862.6559132096808
VEN-02548,1,23.040105722643723,0,0,749.7242868990587
VEN-02549,2,33.012760402496404,0,1,787.2851303676052
VEN-02550,0,57.76010471530312,0,0,655.4945406652813
VEN-02551,0,30.31719582444969,0,1,806.769890817628
VEN-02552,1,19.432295198872247,1,0,756.2660663520068
VEN-02553,0,15.665572379288289,0,0,759.5862077597262
VEN-02554,0,55.1621913926271,0,0,794.6484389313247
VEN-02555,1,34.6500867811782,0,0,599.3557722126324
VEN-02556,2,42.17013902326885,0,1,950.0
VEN-02557,0,30.66299741628427,0,0,731.8173360506471
VEN-02558,0,41.97811291736653,1,2,669.7260353919868
VEN-02559,1,62.71230657017919,1,0,879.8819561733361
VEN-02560,0,29.629498491185377,0,0,822.1962175971427
VEN-02561,1,55.5037842003153,0,1,646.5915576783167
VEN-02562,1,67.16046340486834,0,0,584.5471404778361
VEN-02563,2,12.175795669311016,2,0,780.6147873616144
VEN-02564,0,30.87880458306978,0,1,728.6622526824035
VEN-02565,0,39.22782838929496,0,1,753.7863049476028
VEN-02566,0,44.98995177822234,0,1,773.6959697632776
VEN-02567,0,40.4407355781568,1,2,754.0922141630953
VEN-02568,2,36.54330877642987,1,0,881.2640095046937
VEN-02569,2,37.060156689952,0,1,829.4489242535134
VEN-02570,0,57.80370980667455,0,3,867.5239127677135
VEN-02571,4,21.29487364686692,1,0,667.6997687147593
VEN-02572,2,40.01291939455075,0,0,822.7913440604443
VEN-02573,1,19.364563985628628,0,0,634.1720166706807
VEN-02574,3,18.157626449170472,0,0,775.6936775795028
VEN-02575,0,29.288613899175616,1,0,892.7269105799828
VEN-02576,1,42.00298296719544,2,0,554.9934253344757
VEN-02577,1,60.78746315842891,0,0,723.404073959491
VEN-02578,1,10.787012687712592,0,0,800.5424158423176
VEN-02579,2,48.85343518317303,0,0,782.011479279946
VEN-02580,1,37.27918223643366,2,0,938.7069508129632
VEN-02581,2,35.95413181661326,0,2,832.6325915098118
VEN-02582,0,15.467033039217087,0,1,755.0342706867776
VEN-02583,1,37.60680410820164,1,1,735.0021361568392
VEN-02584,2,15.941766107017523,0,1,547.9273140253263
VEN-02585,1,8.296727774598684,1,0,749.5706260055715
VEN-02586,0,14.573589375010457,1,0,753.8690405490341
VEN-02587,1,20.074412071740134,0,0,667.6427989894723
VEN-02588,1,44.38894857907368,0,0,782.1330436937274
VEN-02589,2,57.0686719397409,1,0,678.1011100209728
VEN-02590,0,49.27972865574887,0,1,745.0515889968027
VEN-02591,1,52.84894398334295,0,3,791.9699122509115
VEN-02592,0,41.74163295666018,0,1,723.0713697706377
VEN-02593,1,31.897270126030527,0,0,846.6460613343056
VEN-02594,3,21.600101336791543,0,0,774.2316030247476
VEN-02595,0,6.590907757958245,0,1,675.3869082487827
VEN-02596,0,29.875673175115267,1,0,780.5739710206911
VEN-02597,2,43.511688893369815,0,0,749.9444107965227
VEN-02598,1,45.724880873804224,0,0,882.9252116369886
VEN-02599,2,22.493222416450266,0,0,866.4811642748894
VEN-02600,1,25.841683749467965,0,1,735.8634722124273
VEN-02601,3,8.340935447964483,1,1,908.3758058144092
VEN-02602,1,44.49676521500462,1,0,667.8043247285524
VEN-02603,0,50.335234629655325,1,0,885.0464037975694
VEN-02604,2,52.49917414240895,0,0,764.1360800084722
VEN-02605,1,58.53586326214886,0,1,707.587047589293
VEN-02606,1,89.26353935258419,0,0,580.751874705541
VEN-02607,0,45.293736671292,0,0,702.665610792475
VEN-02608,0,18.559268659882267,0,0,621.077783923758
VEN-02609,0,56.433578547200334,1,0,679.076281019462
VEN-02610,0,54.19113383074085,1,2,888.2978599687317
VEN-02611,0,57.61247381972522,1,2,669.6508334627508
VEN-02612,2,51.24356186312204,0,1,578.3858368583706
VEN-02613,5,18.171244102280426,2,0,793.198382831287
VEN-02614,0,26.559754962973408,0,0,724.884914090299
VEN-02615,2,37.7107539563018,0,0,685.2570046660096
VEN-02616,2,63.41139296938187,0,0,732.1839210074112
VEN-02617,2,9.87895642866306,0,0,784.535103553888
VEN-02618,1,24.32119173091706,0,0,780.967908906297
VEN-02619,2,20.22847302040144,1,0,785.2521592184003
VEN-02620,2,28.319954349492743,0,1,836.6908092566647
VEN-02621,2,24.10620577274363,0,1,950.0
VEN-02622,1,81.88330323086352,0,0,823.9065305461124
VEN-02623,0,26.80477612453979,0,1,681.4764348865964
VEN-02624,2,13.796683334931778,0,1,489.6220688398441
VEN-02625,2,20.060989835900468,0,0,620.8414192022868
VEN-02626,1,3.4108042113971004,0,0,777.4361862804218
VEN-02627,1,45.95000408438739,0,1,761.8280832332201
VEN-02628,1,36.9353457410866,0,0,652.8149887113598
VEN-02629,2,17.89787010147648,0,0,855.0942286684246
VEN-02630,2,49.44929472354638,0,0,841.0823882097008
VEN-02631,2,15.158416302917018,0,0,690.308846060566
VEN-02632,0,8.886817725694064,1,2,488.5275609868871
VEN-02633,0,17.694685509350705,1,1,768.8298623133401
VEN-02634,1,16.76877639738448,1,0,720.1959642700275
VEN-02635,1,8.214087514100454,0,0,589.0972474831215
VEN-02636,3,22.76335625056846,0,0,767.9248205272138
VEN-02637,1,36.017745405431434,0,0,680.5395885846333
VEN-02638,1,91.183171980459,1,0,829.2705768353653
VEN-02639,0,35.59825344073401,1,0,591.448050776853
VEN-02640,2,17.01310651155797,0,0,642.1153976760563
VEN-02641,3,41.6853888349345,0,2,756.6896339455851
VEN-02642,1,102.99198846390512,0,1,852.8542908227549
VEN-02643,1,22.84611110463628,2,0,728.2234660544614
VEN-02644,0,18.630944169611077,0,0,862.0490199353164
VEN-02645,1,57.11315760553229,0,2,690.0868477389511
VEN-02646,1,44.37653857977084,0,0,634.3145482745953
VEN-02647,3,23.351189316304435,1,1,838.2176875885924
VEN-02648,6,97.88592532745758,0,1,812.5464988395408
VEN-02649,1,28.035954619788747,0,0,780.0112103463856
VEN-02650,2,24.615581583587588,0,0,614.5564296087007
VEN-02651,2,18.22589060154031,2,2,658.2490152026838
VEN-02652,1,50.512357333001056,1,0,747.699458292872
VEN-02653,1,7.011396700458709,0,0,587.0440570418552
VEN-02654,0,48.0900626563782,1,0,796.5600013786236
VEN-02655,2,21.497583912513285,0,0,861.9860864901934
VEN-02656,0,31.946240703896933,1,0,765.747706825616
VEN-02657,1,31.70237450495218,0,2,699.0966407346588
VEN-02658,1,76.83236087913403,0,1,881.486078757259
VEN-02659,1,3.971434154416964,0,0,759.1888159022261
VEN-02660,1,31.16077394350465,0,1,841.0062912985835
VEN-02661,0,52.69595886577091,1,1,699.5227985264803
VEN-02662,2,63.40530794955486,1,0,855.4862415473623
VEN-02663,1,38.011240732631705,0,0,856.7283512325134
VEN-02664,0,7.919230900685853,2,1,667.1937435213316
VEN-02665,1,38.7181144392045,0,1,837.8843736940879
VEN-02666,2,22.62354374900969,0,0,784.4320158566071
VEN-02667,0,25.611305141708705,1,1,702.3366156891868
VEN-02668,1,27.137277637766488,0,0,632.9096880431349
VEN-02669,1,19.292923245557752,0,0,660.4278114106007
VEN-02670,0,39.07521926198269,1,1,703.057069302952
VEN-02671,0,34.57012623336912,0,1,849.8096780146464
VEN-02672,0,41.26408023417648,0,1,783.5650035625042
VEN-02673,2,76.89454720089712,0,0,786.9117168477421
VEN-02674,4,29.88685940880229,1,0,774.0653703346925
VEN-02675,0,13.854044394035617,0,1,739.4751407221108
VEN-02676,1,54.47654423142663,0,0,706.1546499764595
VEN-02677,2,51.22113100187256,0,0,772.3838218274191
VEN-02678,1,35.69092202613042,0,1,833.5825452754157
VEN-02679,5,28.26875658936992,0,0,775.6739013483657
VEN-02680,1,53.31978547343949,1,0,728.622158220005
VEN-02681,0,25.35987880879202,0,1,683.5169020891117
VEN-02682,1,16.316416276574135,0,1,822.6046626679396
VEN-02683,0,28.444355001196964,0,1,861.4022793351002
VEN-02684,2,50.88363782962645,1,0,757.1047104756123
VEN-02685,1,62.26400814098186,0,2,859.5455707530473
VEN-02686,0,36.22671767955497,0,0,830.3895609341265
VEN-02687,2,5.403214338885853,2,0,821.6793212192764
VEN-02688,0,26.33290903274088,0,3,835.7898055598529
VEN-02689,1,6.263014242795859,0,0,758.9244569209004
VEN-02690,2,42.32255811051064,0,0,744.5524624185407
VEN-02691,1,45.81023181594713,0,0,894.8067702310118
VEN-02692,0,59.72604200899445,0,0,862.0751010787966
VEN-02693,0,28.04913081857714,1,1,950.0
VEN-02694,1,68.92946749903336,0,0,860.8375208632399
VEN-02695,0,36.687504628770974,0,0,739.3513282891311
VEN-02696,0,15.188840268255037,1,1,839.6817664705338
VEN-02697,0,20.90721812132008,0,1,798.5749962540148
VEN-02698,1,62.58510201972501,2,1,601.9164750679073
VEN-02699,4,36.75552412096467,0,0,775.9736280714612
VEN-02700,0,14.058584661637234,1,1,643.8820951492868
VEN-02701,1,30.53947701337667,0,0,808.4205121475228
VEN-02702,0,46.17351160982831,0,0,712.7047870894319
VEN-02703,1,14.05705250578742,0,0,520.0251645373655
VEN-02704,2,52.29659661529649,0,1,884.7668532974695
VEN-02705,1,23.3249982372506,1,2,531.3332784623287
VEN-02706,1,30.41669887477292,0,0,755.1416580660563
VEN-02707,2,48.29265320266821,0,1,612.1192502800219
VEN-02708,2,123.24872525299408,1,0,845.6184443815978
VEN-02709,0,53.69076937510318,0,0,564.2361606129565
VEN-02710,2,13.460010817140532,0,1,736.2685591360106
VEN-02711,3,30.282661920954684,0,0,679.2829485509934
VEN-02712,3,42.37142217573877,1,0,870.7618539600414
VEN-02713,1,49.77855653560976,1,2,808.7406577919949
VEN-02714,0,75.9296156667399,2,1,771.9359372357671
VEN-02715,1,56.93034384581483,2,1,902.278683579886
VEN-02716,1,22.21877034069177,0,1,666.9972787687695
VEN-02717,0,38.34190955641917,0,0,667.7259543211132
VEN-02718,1,49.39983672699527,0,3,893.7090822707233
VEN-02719,1,24.17127186914162,0,0,874.3251468026217
VEN-02720,1,19.97640759136716,0,0,829.8509363310475
VEN-02721,1,11.69583617355096,0,0,745.2770487290974
VEN-02722,1,25.19431148430537,0,0,950.0
VEN-02723,1,18.50742443875045,0,2,760.0490154092995
VEN-02724,1,57.88053626799004,0,1,950.0
VEN-02725,0,84.81399497430941,0,0,709.3930503726134
VEN-02726,1,67.30991811334933,0,0,779.9729185195807
VEN-02727,2,38.25068895658583,0,0,910.8349498177606
VEN-02728,3,32.27505744737949,0,0,620.1427378987036
VEN-02729,0,39.60335485801624,0,0,750.7310097519032
VEN-02730,2,16.825987351418046,0,0,713.0746738183577
VEN-02731,1,56.81423134829307,0,0,716.2230551775316
VEN-02732,0,33.65093404090566,0,1,760.0466469203138
VEN-02733,2,58.39424887646676,1,0,787.3589978932141
VEN-02734,2,8.828833766280118,1,0,735.7241450087289
VEN-02735,1,35.47320277250593,1,0,775.4102425762975
VEN-02736,1,63.00124033107267,0,0,676.4831599162821
VEN-02737,0,24.67713811423804,0,1,882.4726244646179
VEN-02738,1,17.814791645494083,0,1,838.1114824862567
VEN-02739,1,6.550572881565013,3,0,950.0
VEN-02740,3,34.91413006452499,0,1,789.9913491148307
VEN-02741,1,47.14132082244333,1,0,566.6480682865788
VEN-02742,2,39.75203834710011,1,0,846.3081348423825
VEN-02743,1,34.41849580662118,0,0,785.8901345128752
VEN-02744,1,6.918754851484597,0,0,737.4455276043567
VEN-02745,1,24.31841211010465,0,0,484.944699011932
VEN-02746,3,50.65339471287953,1,2,820.820712748328
VEN-02747,1,95.4912734286752,0,0,764.8661162815549
VEN-02748,3,23.41047776087488,0,0,716.5352957777194
VEN-02749,0,39.34951450368107,3,2,658.797986640016
VEN-02750,1,6.120026319160032,1,0,638.3710579910776
VEN-02751,0,13.703570742801109,0,1,767.4042690540327
VEN-02752,1,32.55505192444923,0,0,636.0618446138245
VEN-02753,0,37.73682620017375,0,2,710.4531996394434
VEN-02754,1,29.88690877231788,1,2,831.8253826238632
VEN-02755,0,30.33959370564757,0,0,685.4624587934275
VEN-02756,0,6.000262661194073,0,0,950.0
VEN-02757,0,11.275778851902585,1,0,865.5844736590154
VEN-02758,2,21.66181884238545,2,0,804.9772225217238
VEN-02759,2,29.38514887743124,0,0,838.2709182139617
VEN-02760,1,25.335416761861907,0,0,622.1083049044403
VEN-02761,2,43.79979804376367,0,1,700.5853367640673
VEN-02762,1,12.387228992814048,1,0,582.7630824337136
VEN-02763,2,58.861947250668,0,0,713.8529020122179
VEN-02764,1,39.15572065032238,1,0,736.4885691442068
VEN-02765,0,16.90331967790416,0,3,735.2805171295513
VEN-02766,1,30.47137139241838,0,0,795.980651619601
VEN-02767,1,70.96833786275369,0,0,771.8897160283415
VEN-02768,1,32.54174427593626,0,0,698.6128398949892
VEN-02769,2,88.30160105423424,0,1,741.8822940688294
VEN-02770,1,50.490291430160326,0,0,856.0726481807192
VEN-02771,2,113.21557899270545,1,0,804.7228639145532
VEN-02772,1,20.475659803925964,0,1,833.5719619071317
VEN-02773,2,45.446029006157865,0,0,830.2106550552082
VEN-02774,0,37.95853554496859,0,1,685.9824655159108
VEN-02775,1,9.326717741522325,1,1,697.1868800306017
VEN-02776,4,12.798807273140092,0,1,808.7401456352724
VEN-02777,1,59.41528850944707,0,0,804.0018340445883
VEN-02778,1,57.2733696692729,0,2,928.0404514710063
VEN-02779,0,18.538238813702325,0,0,636.9503823103852
VEN-02780,1,10.772846641358726,1,0,776.5162860445312
VEN-02781,0,22.51293135861216,1,1,806.0335432160973
VEN-02782,0,48.39969202975212,1,1,732.2689043075296
VEN-02783,0,45.800579070454525,1,1,847.3991381845136
VEN-02784,1,31.46966575809876,1,2,581.4930358905144
VEN-02785,3,22.43558654516055,1,1,714.438021967014
VEN-02786,3,12.292098916427689,1,1,645.2150095756386
VEN-02787,2,38.91750704686441,0,0,712.0791790751391
VEN-02788,0,42.13389148607706,0,0,714.475241222041
VEN-02789,3,36.11489855833882,0,0,821.7949828706717
VEN-02790,0,21.284400351777016,0,0,870.4644251401525
VEN-02791,1,33.23021222863554,0,0,641.9630428891099
VEN-02792,3,38.5527037068644,0,0,680.7656196758893
VEN-02793,2,40.110525178547455,0,0,748.4926859630766
VEN-02794,0,15.486137679404608,1,2,739.7619994445583
VEN-02795,0,10.008655526305722,0,0,744.5556069031901
VEN-02796,0,59.610571677118735,0,1,752.9008399591099
VEN-02797,0,15.747093706561865,0,1,760.0365787192364
VEN-02798,0,108.64647721118808,0,1,816.3756098395688
VEN-02799,0,37.988068267437576,0,0,789.3695545352327
VEN-02800,0,7.366693446809939,2,0,894.6259426086384
VEN-02801,1,28.225899327587268,1,0,797.5483370215153
VEN-02802,1,38.24324163637978,1,1,645.1243772641917
VEN-02803,2,11.853246083887043,0,0,896.3514361656098
VEN-02804,0,11.22034205353858,0,2,765.5405258033214
VEN-02805,0,29.98552105622356,0,0,854.0159758683723
VEN-02806,0,10.243072448879436,0,1,805.8430414104661
VEN-02807,1,7.603644390009951,0,0,735.0784142330466
VEN-02808,0,53.87891631573399,0,1,677.4778970464696
VEN-02809,1,80.40789866167565,0,1,593.4349720181972
VEN-02810,0,71.1665734198764,0,0,680.3554817516623
VEN-02811,0,27.14093807708894,0,0,703.9831015066479
VEN-02812,2,17.12314911416201,1,1,817.0669070864253
VEN-02813,3,20.17007061919343,0,0,936.7490994094792
VEN-02814,0,17.71632919166054,0,0,921.945043058092
VEN-02815,0,31.824298813702526,0,0,679.5633797243619
VEN-02816,0,69.59355377166546,0,0,791.8566446681335
VEN-02817,0,35.03240628316216,0,3,657.0125775109249
VEN-02818,1,66.12144002056573,0,0,810.1038084435877
VEN-02819,0,40.34392916613511,0,1,635.41240074766
VEN-02820,0,39.17683612945811,0,0,812.7352934808137
VEN-02821,1,28.069545730946388,0,0,735.4352670198964
VEN-02822,1,39.3287771335103,0,2,655.8756770930609
VEN-02823,1,22.752727624660487,0,1,881.1151017564626
VEN-02824,1,49.73075977287251,2,2,639.1010887802374
VEN-02825,0,42.24159954189732,0,0,795.3884863602666
VEN-02826,0,25.84246653776271,0,0,758.6541150959931
VEN-02827,0,46.09195271763583,0,0,769.2232362554016
VEN-02828,1,47.04655556791325,0,2,675.6645611188858
VEN-02829,2,21.51033623260508,0,0,950.0
VEN-02830,0,105.99299405095428,0,0,910.3639128197984
VEN-02831,1,39.93066867623941,0,0,713.4865255955197
VEN-02832,3,23.305472174134497,0,1,847.9336587315582
VEN-02833,0,23.222584908949464,0,0,826.0718422920568
VEN-02834,2,97.28833244915852,1,1,690.4273441156072
VEN-02835,3,14.800024560163942,1,1,712.0521809954037
VEN-02836,2,33.29533852279774,0,0,935.813779592693
VEN-02837,4,71.32839291128649,0,1,414.2809001778016
VEN-02838,0,19.00477854703352,0,1,776.283796370221
VEN-02839,2,64.64215750435149,0,0,766.3805903411914
VEN-02840,0,7.573573811882511,1,1,808.115123468223
VEN-02841,1,68.8102251392978,0,1,843.3976779420167
VEN-02842,0,59.26029496010531,1,1,936.9685352684144
VEN-02843,3,20.217384133066933,0,2,649.8735931492307
VEN-02844,0,76.03787070588238,0,3,886.3405164308157
VEN-02845,1,34.303988569543925,0,0,684.1646697480592
VEN-02846,0,28.813565625263497,1,0,669.2296451735714
VEN-02847,0,45.41892746943681,0,0,917.637212674365
VEN-02848,2,42.50325568801815,0,4,680.4097368392687
VEN-02849,2,34.80670987830972,0,1,683.5813074316337
VEN-02850,0,22.29996390166787,0,1,704.1756760133497
VEN-02851,1,29.98236850557345,0,0,826.1120511315206
VEN-02852,2,47.74189072128651,0,1,699.190758682345
VEN-02853,1,9.431240554163596,1,0,806.9910789727343
VEN-02854,0,60.59525436778226,0,0,791.3006526477697
VEN-02855,1,68.23826109507192,0,0,704.1391031276606
VEN-02856,0,23.6020003453938,0,0,950.0
VEN-02857,1,49.86442969640397,1,1,834.7959156747372
VEN-02858,0,18.8319211979914,0,1,619.175121526149
VEN-02859,1,44.3229000225497,0,0,666.9265955945083
VEN-02860,2,32.17492603062646,1,0,878.5230046614638
VEN-02861,1,35.38370882200789,0,0,687.7062200482072
VEN-02862,0,40.50950321016897,0,0,624.0276313759149
VEN-02863,1,16.724395882240703,1,0,706.5786266465184
VEN-02864,0,29.915331040828413,0,1,676.3938049292562
VEN-02865,0,15.220242326998903,0,0,572.9590131603682
VEN-02866,1,12.15902069273688,0,0,727.8211337623229
VEN-02867,3,18.508658257123447,0,3,738.7008552637739
VEN-02868,1,23.03009084656266,0,0,644.9762218748822
VEN-02869,4,38.6272313222016,1,0,703.8104318317431
VEN-02870,0,28.78453329735608,0,0,881.6242883547434
VEN-02871,0,52.92070591205395,0,1,678.4275568835778
VEN-02872,1,11.65966240115148,0,2,646.4072802740808
VEN-02873,1,47.73976791395158,1,1,851.2509573681886
VEN-02874,5,12.659795218742197,1,0,858.2900977896422
VEN-02875,0,32.65207156994934,2,1,950.0
VEN-02876,1,43.87236831669649,0,0,950.0
VEN-02877,1,7.902277161115563,0,1,811.4421695238466
VEN-02878,1,18.226668222206623,0,2,645.9575699675031
VEN-02879,0,57.25452728386288,1,0,734.3910850985551
VEN-02880,1,68.7848395052636,0,1,821.1103839659927
VEN-02881,2,48.60251845757816,0,0,696.8096591248138
VEN-02882,0,29.337024486409987,0,1,842.8184350574803
VEN-02883,1,21.587815645029234,0,0,623.6883261231741
VEN-02884,0,36.47290506145891,3,0,667.5666477167894
VEN-02885,2,31.218140483839207,0,1,702.9494462968378
VEN-02886,1,34.94230572319693,2,1,912.8796537369088
VEN-02887,0,27.34475732358996,0,1,706.7867465794186
VEN-02888,3,17.894412073858977,0,0,741.715779618165
VEN-02889,2,8.676324180708491,0,0,838.4181562297265
VEN-02890,1,24.01989830644485,0,1,746.1879693764674
VEN-02891,2,61.03937333132362,0,0,688.6535049999912
VEN-02892,2,18.625719928242184,1,1,859.897127351532
VEN-02893,0,39.520222339330594,0,1,687.9508661535294
VEN-02894,1,44.88881456765914,0,1,662.0395493024486
VEN-02895,0,56.37173201784618,1,0,708.5023636909885
VEN-02896,0,32.44620458363539,0,0,593.5458034853648
VEN-02897,2,60.33771388291378,0,1,690.0845827132175
VEN-02898,1,12.834168547074842,1,0,733.4627757411141
VEN-02899,4,44.270411566508834,0,0,641.7304034398841
VEN-02900,1,41.74192042928193,0,1,930.099151403856
VEN-02901,2,38.17275275985148,0,0,723.700954128928
VEN-02902,1,31.71373823010693,3,0,831.4559854201743
VEN-02903,1,40.1776384402914,0,0,950.0
VEN-02904,0,19.475658333043203,0,1,894.3963319177459
VEN-02905,0,41.82815200769659,0,2,823.489835979904
VEN-02906,1,17.47087105801369,0,1,678.2477191625985
VEN-02907,0,75.31904303106732,0,0,594.0412035734819
VEN-02908,1,24.47701801449503,0,1,630.6881784199877
VEN-02909,0,20.145140049482947,0,0,630.5376711218044
VEN-02910,1,51.28803960664123,1,0,882.5772087556529
VEN-02911,2,9.201457622085409,1,0,813.3557363734496
VEN-02912,3,14.746664814732805,0,0,833.7040649742299
VEN-02913,2,34.69196008063282,0,0,752.2010274662357
VEN-02914,3,44.43398369091741,0,0,599.3814947204078
VEN-02915,0,71.26275199008168,1,1,859.911693529737
VEN-02916,0,50.999062371216695,0,1,766.0970619905565
VEN-02917,2,32.69486592468396,1,0,827.8647598927214
VEN-02918,0,9.24682336548796,0,1,791.4412905223882
VEN-02919,1,11.979026908254331,1,1,868.4340498153006
VEN-02920,0,41.08556772209035,1,0,743.600068557764
VEN-02921,0,42.80281263279378,0,0,716.5424941892429
VEN-02922,3,5.745783767058601,0,0,770.5623532207269
VEN-02923,1,15.43433399995554,0,1,735.2630261983307
VEN-02924,0,46.07685656770705,0,0,943.8230863861072
VEN-02925,1,13.77493531919553,0,0,686.6934335772925
VEN-02926,1,45.14436935515704,1,0,843.5372800050512
VEN-02927,1,41.321196390601685,1,0,896.1879515483406
VEN-02928,0,58.47562201537271,1,0,692.4249343884379
VEN-02929,0,36.61185267315848,0,1,621.0734138608041
VEN-02930,3,42.33503889918399,0,1,744.7117415495795
VEN-02931,1,33.314481893551445,0,1,841.5242379068295
VEN-02932,0,20.59069805110189,0,1,892.6224395374618
VEN-02933,0,26.966358066151862,1,0,950.0
VEN-02934,0,15.081348783493388,0,0,812.0645331510934
VEN-02935,0,34.320361036425155,1,2,906.1536143954831
VEN-02936,1,20.444286371897984,0,0,733.9219760496362
VEN-02937,2,19.05465175339052,0,2,782.3206963406908
VEN-02938,2,28.222911852423987,1,0,790.8253485149127
VEN-02939,1,126.56734632417692,1,1,703.1355739748077
VEN-02940,1,19.48888244454994,0,0,672.7366115771438
VEN-02941,1,42.04254367072895,0,0,673.1244870257206
VEN-02942,2,85.27423557739718,2,1,877.56862960278
VEN-02943,2,20.803864622677107,0,0,877.5745886365771
VEN-02944,1,41.06419228598498,0,0,587.4908508983051
VEN-02945,1,108.41398654830758,0,0,751.449328210786
VEN-02946,1,25.32280003743176,0,1,730.3641777019081
VEN-02947,1,35.70214533779509,1,2,756.9991682939648
VEN-02948,0,26.448195791078103,0,0,722.6142779769824
VEN-02949,0,41.50253970971404,0,0,699.3561427873246
VEN-02950,2,43.36122405884471,0,1,731.8990275758696
VEN-02951,0,22.99365463132653,0,1,797.6239891771113
VEN-02952,3,24.30537260653441,0,0,746.7039892206483
VEN-02953,0,52.668009760447774,1,0,834.6442651196356
VEN-02954,1,20.47434943191376,0,0,950.0
VEN-02955,0,20.51157669656561,0,0,732.9711562203727
VEN-02956,1,10.111198712018451,0,1,728.1155001087507
VEN-02957,3,12.709761945368175,0,0,771.0019168102232
VEN-02958,1,36.37337275851678,1,1,787.8118378345749
VEN-02959,1,8.870806221371838,0,0,732.82950360496
VEN-02960,1,34.49885332666834,0,0,863.3945228865718
VEN-02961,1,28.784792295276706,1,1,950.0
VEN-02962,0,23.20962849515028,0,0,710.5406408585692
VEN-02963,0,39.37413899851982,0,0,573.1477944367017
VEN-02964,0,36.88718171668867,0,1,844.996021513819
VEN-02965,1,73.48921630619199,1,1,763.2150996310874
VEN-02966,1,33.742283572825386,0,0,897.6797691253264
VEN-02967,2,6.080307476858952,0,0,950.0
VEN-02968,1,4.375702074273907,0,0,783.7044528247096
VEN-02969,1,45.19771168124975,0,1,799.857586398687
VEN-02970,1,27.48191836035171,0,0,721.9492090056492
VEN-02971,0,13.541783288756044,1,1,731.6026371640432
VEN-02972,0,27.381823010220646,1,0,555.2356737682443
VEN-02973,0,21.74972007507928,0,1,950.0
VEN-02974,1,32.967134100119495,0,0,805.1518763747121
VEN-02975,1,35.205394383143535,0,1,750.1039132279701
VEN-02976,0,23.845467452832697,1,1,684.7441158373634
VEN-02977,0,19.255167985032408,0,1,840.8788816160265
VEN-02978,3,45.07177706548465,0,0,835.6072058205119
VEN-02979,2,39.033990529807966,0,0,948.453067891086
VEN-02980,0,42.54912414432659,0,0,950.0
VEN-02981,1,36.31501572809727,1,1,759.3774275664089
VEN-02982,3,46.84961815651052,1,0,771.0591303836819
VEN-02983,3,20.291050028751805,0,1,716.8319606759466
VEN-02984,1,46.38461920683269,1,0,809.6195745156526
VEN-02985,1,30.238248671892936,0,1,685.7506149451921
VEN-02986,2,61.62868688654792,0,0,928.7014609948868
VEN-02987,1,21.922834393407687,0,0,619.6988672037285
VEN-02988,4,60.69186042432557,0,0,843.5333739502099
VEN-02989,3,31.85336445728339,0,0,748.5530189341993
VEN-02990,1,75.83611104991472,0,0,762.3492840296258
VEN-02991,0,52.37194217461639,0,2,804.2926643217824
VEN-02992,3,24.222735356511823,0,1,639.0901852291058
VEN-02993,2,50.71950418908488,0,0,736.5459387223066
VEN-02994,0,59.61819508349701,0,2,747.5771991749824
VEN-02995,1,30.62166040911242,0,0,626.6382058125321
VEN-02996,2,31.94290010311335,0,0,573.0196796667326
VEN-02997,0,50.89268913135121,0,0,763.7006041340925
VEN-02998,0,49.33747342247179,0,1,761.5644369221527
VEN-02999,0,27.74004959506865,1,1,703.2640654811712
VEN-03000,0,33.82337839184753,0,1,803.2082237546499
VEN-03001,0,23.849723337384336,0,0,845.2520989014043
VEN-03002,0,27.742131583591192,0,0,734.3929217989692
VEN-03003,0,82.63255464112096,0,0,722.214270683864
VEN-03004,1,21.78039251508358,0,1,858.9827572677082
VEN-03005,1,17.842393171216703,0,0,642.9937245417043
VEN-03006,1,20.371775128441936,0,1,725.9801884595197
VEN-03007,1,41.124556943698494,0,0,819.7472649611606
VEN-03008,1,75.06928413557941,0,0,644.9551171298765
VEN-03009,0,20.331253472913133,0,0,802.2793250765385
VEN-03010,1,18.451918917817014,0,1,590.414908998226
VEN-03011,1,46.42613142985289,1,0,691.9931204063511
VEN-03012,1,3.8841462522994137,0,1,787.3751541451754
VEN-03013,3,103.14421316729025,0,1,820.1751757944024
VEN-03014,1,49.64546536942799,0,1,830.0427736271902
VEN-03015,0,38.78699156325029,0,0,782.9846563966233
VEN-03016,4,97.7483253260026,0,0,816.0775134594852
VEN-03017,0,27.24322770695302,0,0,757.8137336174849
VEN-03018,2,44.49684996018249,0,0,571.1580184476807
VEN-03019,3,27.30084752207385,0,1,590.6465840456995
VEN-03020,0,23.391716786030376,1,0,815.9350491528324
VEN-03021,0,60.31920581765184,0,0,862.852474652169
VEN-03022,0,19.06460554495305,0,2,588.2805219481281
VEN-03023,0,22.49985166715724,1,0,767.836989235282
VEN-03024,2,29.709544381865708,0,0,569.4192366119787
VEN-03025,0,59.31595977256295,1,2,746.1598408514062
VEN-03026,0,48.02019915905445,0,0,701.6032547261158
VEN-03027,4,21.26322786018984,0,0,822.1866930876857
VEN-03028,2,32.88273808094943,0,0,911.7523674444736
VEN-03029,0,8.312099974335643,1,1,857.6303516088743
VEN-03030,2,39.41610578677308,1,0,802.8670958399271
VEN-03031,1,17.611931710851927,0,0,703.9455736504513
VEN-03032,1,42.44329183234692,1,1,642.2031984693793
VEN-03033,3,26.45885097742992,0,1,600.2824670602699
VEN-03034,1,58.4121017545998,0,1,805.004607351823
VEN-03035,0,24.13323659492896,0,0,815.4181377371707
VEN-03036,1,87.7590609749791,0,0,559.8644131670015
VEN-03037,1,31.426986300957683,0,0,621.4982605802841
VEN-03038,0,11.388961196020832,2,0,732.1854797490687
VEN-03039,1,1.0,1,2,653.3735563505813
VEN-03040,0,14.83853054234516,0,1,882.0102958166212
VEN-03041,1,31.10679003242808,0,0,691.5431579002321
VEN-03042,0,18.458633679663585,2,2,724.1715920213918
VEN-03043,1,9.77830841951604,0,0,786.9288760264291
VEN-03044,2,70.37084917485446,0,1,770.8285124662223
VEN-03045,1,54.87651675288039,1,0,774.7739416072512
VEN-03046,1,61.13816552212284,1,0,901.667506061137
VEN-03047,2,22.826653798584555,0,0,702.6374185689755
VEN-03048,0,11.086658470738769,0,0,660.8005912120774
VEN-03049,2,45.65602185499152,0,0,761.3817165067647
VEN-03050,2,88.57597070424424,0,1,758.4699270543995
VEN-03051,1,16.920550727161267,0,0,759.2272642418808
VEN-03052,0,19.93614262656802,0,1,897.9322913219496
VEN-03053,1,23.134745388739283,0,1,797.9873694186954
VEN-03054,2,68.94557274227584,0,0,848.3805373534029
VEN-03055,2,7.144982863724698,0,0,863.3821733599138
VEN-03056,1,21.362097691913185,0,0,936.6187543895356
VEN-03057,0,33.984118801140426,1,0,612.6937795258616
VEN-03058,0,18.105959603957917,0,0,655.1738390136942
VEN-03059,0,66.25757436008284,1,1,599.7223900174483
VEN-03060,2,62.5926161223284,1,0,875.001196095762
VEN-03061,3,42.27484302709247,0,0,557.4181542637414
VEN-03062,1,41.48205762508414,1,0,681.2057207912743
VEN-03063,0,10.97681464075612,0,0,784.4241389190787
VEN-03064,2,18.59513616916161,1,0,580.4404642789337
VEN-03065,0,58.2147717191224,0,2,950.0
VEN-03066,2,38.115445480023496,0,1,685.5265015075685
VEN-03067,0,64.0308559282818,1,0,815.0420367072546
VEN-03068,2,16.87982464269268,0,0,620.840693238118
VEN-03069,0,58.389356104246495,1,1,930.4336631718728
VEN-03070,2,18.305499483292905,0,1,675.0784926740847
VEN-03071,0,40.1609851966249,0,1,864.8289681786446
VEN-03072,1,118.67090009686554,0,0,843.0660627737655
VEN-03073,3,44.61959150839229,0,0,950.0
VEN-03074,4,20.64370110282673,1,2,734.2082538927124
VEN-03075,1,30.82436292639597,0,0,496.2001424843641
VEN-03076,3,41.836629940501375,0,1,778.9637427103157
VEN-03077,0,10.88095760043646,0,0,778.0145440080207
VEN-03078,2,41.38288547986837,1,0,731.848108027103
VEN-03079,0,8.44789571533992,0,1,678.5316372910189
VEN-03080,1,50.12214098425751,1,0,871.6516447093119
VEN-03081,0,33.173688455929145,0,0,845.2619667225003
VEN-03082,0,30.54992099218661,1,1,737.9833629929096
VEN-03083,1,100.29048165832783,0,1,741.0622822713109
VEN-03084,3,41.98305041501652,0,1,794.0304488309098
VEN-03085,1,34.3532090086436,0,1,768.0806303645495
VEN-03086,2,29.27507487744605,1,0,797.8853753313808
VEN-03087,1,25.146435503352475,0,1,704.7474410745464
VEN-03088,0,56.2148431069382,0,1,739.3224823119372
VEN-03089,0,50.07209074995697,0,1,724.0713092398988
VEN-03090,4,34.726956983789776,1,2,634.2087734238698
VEN-03091,0,19.5920561731162,0,1,728.1935197767891
VEN-03092,0,47.05596654886003,0,0,659.3124272856043
VEN-03093,1,19.06493679222879,1,2,761.7328366184972
VEN-03094,0,21.210629065938942,0,0,527.0226027297995
VEN-03095,1,47.23057836445136,0,0,809.0447346603087
VEN-03096,1,43.56489485811013,0,0,646.7212303456166
VEN-03097,1,12.47524199587772,0,0,761.316992406645
VEN-03098,0,70.9179995977522,0,0,720.5988518933182
VEN-03099,2,14.480530585936146,0,1,711.0019307125816
VEN-03100,0,38.31189934205497,0,1,805.6928999126022
VEN-03101,0,45.19073044235584,0,2,865.4827484078476
VEN-03102,0,9.739521632690453,0,0,617.1886130461592
VEN-03103,2,20.76097056393033,0,0,949.2438776446346
VEN-03104,2,97.79290946708984,0,2,810.3457440117413
VEN-03105,1,39.841348343809,1,2,734.6031653216543
VEN-03106,1,8.743952145210015,2,0,748.8486828797685
VEN-03107,0,9.961669402275016,1,0,752.5574780433949
VEN-03108,1,16.843356041709164,0,0,683.5916306553664
VEN-03109,2,48.64836638685523,0,0,950.0
VEN-03110,2,28.967837397242025,0,0,775.679129241437
VEN-03111,0,31.55953632932737,0,1,824.1639188048476
VEN-03112,0,69.04266187388625,0,0,692.1715025645294
VEN-03113,2,27.43165273566669,0,0,726.9861192774924
VEN-03114,0,14.987196648237552,0,0,668.7455504031086
VEN-03115,2,35.83825413119888,0,1,894.5320123903091
VEN-03116,2,52.81709329187056,1,1,760.8486458246417
VEN-03117,0,47.21513535958624,0,0,782.450262055762
VEN-03118,1,36.401410559971424,0,0,789.7662313293283
VEN-03119,1,27.45633090752784,1,0,720.8100936270207
VEN-03120,1,10.801549023335165,1,0,950.0
VEN-03121,1,60.36467482483958,1,0,692.3454687638073
VEN-03122,1,47.669643476752384,1,0,787.5156170152814
VEN-03123,2,42.2676682408834,0,0,845.6831907149707
VEN-03124,1,58.94168619557094,1,3,749.4421853602007
VEN-03125,2,30.253283800424228,0,2,759.7238472929956
VEN-03126,2,43.45379851762516,0,0,695.4101584137956
VEN-03127,2,53.22984215969838,0,0,770.5554972834483
VEN-03128,0,24.108835132392624,0,0,937.5335491146436
VEN-03129,0,28.92225846506324,0,0,662.2238302818114
VEN-03130,2,55.15123306998055,0,0,781.3291076865631
VEN-03131,1,13.82406690832146,1,0,706.6451959786742
VEN-03132,1,7.939210768938056,0,2,920.9989064708892
VEN-03133,2,23.193470792755736,1,1,852.5082444373288
VEN-03134,2,21.017918020343096,0,1,740.2924022904107
VEN-03135,4,28.622643551286792,0,0,713.6550373106456
VEN-03136,3,54.41314968122871,0,0,861.9080888329154
VEN-03137,1,15.039126250102012,1,0,891.8479366798688
VEN-03138,1,27.07007183806529,0,0,789.7368222361481
VEN-03139,0,27.579788262024596,0,0,779.6353455677485
VEN-03140,0,54.96302219542777,0,0,621.2925120526602
VEN-03141,0,20.47881530033692,0,1,794.6867439448679
VEN-03142,3,11.712934919260812,0,0,627.1161886371199
VEN-03143,1,24.54815910799706,1,1,535.8178614742279
VEN-03144,1,25.774204540669057,0,0,704.6021711830472
VEN-03145,0,62.753755188812335,0,1,763.3018275836681
VEN-03146,1,34.24575524237737,0,0,861.0439838013036
VEN-03147,1,73.11016074570384,0,0,585.8371873364684
VEN-03148,1,41.46084476347798,0,2,815.6279978679427
VEN-03149,1,32.64605908153595,0,1,795.8339883605912
VEN-03150,3,15.41912405813922,0,0,672.4172065050882
VEN-03151,3,18.089922843401094,0,0,736.0607580425342
VEN-03152,0,23.194923200941695,0,0,700.0378326903784
VEN-03153,0,46.948800562862885,1,0,657.0976437026892
VEN-03154,0,41.36866017154419,1,1,685.5646877233524
VEN-03155,1,46.31503682792523,1,0,777.4800325950531
VEN-03156,1,36.757647748924526,1,0,950.0
VEN-03157,1,93.86523036718977,0,3,824.212351618742
VEN-03158,0,35.00119537117215,0,2,774.9262959701562
VEN-03159,3,20.613307136771677,0,0,807.7098647657483
VEN-03160,0,61.95328347289132,0,0,859.7305631258259
VEN-03161,0,48.94877911927198,1,0,687.6937461328564
VEN-03162,0,34.79936965429096,0,0,696.5192120298514
VEN-03163,1,32.351311762236875,1,0,791.2002772603713
VEN-03164,2,15.826769202625831,0,0,829.5064612827706
VEN-03165,0,31.254923600034235,0,2,681.9331240549192
VEN-03166,0,30.57433354406735,0,0,791.1029608733378
VEN-03167,0,76.77885248248512,0,1,812.6520752690542
VEN-03168,4,38.74606283770135,0,3,794.9733249155522
VEN-03169,1,53.296883360537,0,1,814.8501886650348
VEN-03170,0,33.24656707424022,1,1,681.2041371391958
VEN-03171,1,44.7718753183314,0,2,666.0534761422251
VEN-03172,1,45.85724550414607,0,1,813.0366577593696
VEN-03173,2,18.531665578240684,0,0,665.1170834656779
VEN-03174,2,33.63165266098343,0,0,785.0692570550899
VEN-03175,1,64.80099429730697,0,0,710.1438732693726
VEN-03176,0,52.93090240854171,2,0,695.7064189851916
VEN-03177,0,27.49867112896172,0,0,786.1633717346402
VEN-03178,0,27.05915303407011,1,2,703.9921210425163
VEN-03179,2,15.999081336850438,3,0,753.8602077419048
VEN-03180,3,33.05149750691746,0,0,901.7443423717164
VEN-03181,1,57.08285216553615,0,0,877.0597916229719
VEN-03182,0,31.527128820944707,0,0,711.9474093421624
VEN-03183,3,43.38927543825953,1,3,826.0513837663281
VEN-03184,0,23.7666335780606,0,0,712.7206967232835
VEN-03185,3,94.47187761710006,1,2,683.6521724370854
VEN-03186,1,32.91167153865675,0,0,722.6250110578368
VEN-03187,2,26.8039234099454,1,1,861.1700503702214
VEN-03188,0,57.52659700394263,1,1,798.8234450615143
VEN-03189,1,41.311797023853046,0,3,818.4786534222502
VEN-03190,0,53.10470080543045,1,0,818.1085844211719
VEN-03191,1,32.29120316235061,0,0,613.8894959980842
VEN-03192,0,34.20736748776008,0,0,747.7396634405934
VEN-03193,1,10.76598262498514,0,1,853.4139300096243
VEN-03194,4,22.28127315701463,2,1,836.5119413182751
VEN-03195,0,97.75942434381672,0,2,802.8866408587413
VEN-03196,0,43.369487045355314,1,0,771.8541332108937
VEN-03197,0,25.3891958416989,0,0,738.0580848463163
VEN-03198,0,47.013190179424754,0,1,867.704926183905
VEN-03199,3,29.02175942968232,0,1,809.1891274601644
VEN-03200,0,7.011469296396754,0,0,700.2914854661831
VEN-03201,1,53.40884093627902,0,0,935.0072940247444
VEN-03202,0,36.366787699565606,1,1,637.2223158795389
VEN-03203,1,7.267156852852374,0,0,689.8743067181289
VEN-03204,0,40.1120708935107,1,1,772.6399186391471
VEN-03205,1,37.69168271307655,0,0,656.6482432531764
VEN-03206,2,9.21471293737316,1,0,723.140617097405
VEN-03207,1,19.82053087608916,0,0,696.6245556514333
VEN-03208,1,4.057599062974505,0,2,901.6606777188874
VEN-03209,0,33.8197928336016,1,0,778.7991243530106
VEN-03210,4,10.7548443748942,0,0,690.3290638288573
VEN-03211,0,10.607168316691077,0,0,788.2816706681402
VEN-03212,1,37.63136116896944,0,0,614.2882869336685
VEN-03213,1,76.69268770175614,2,0,867.8366573527505
VEN-03214,1,29.722546822458337,1,0,655.4798220251158
VEN-03215,0,13.438204986586271,0,0,836.740063466875
VEN-03216,0,14.202976552407993,0,0,753.4033543998589
VEN-03217,2,37.04618857412287,0,2,777.0143017733983
VEN-03218,2,39.55507376399971,1,0,796.9712326963794
VEN-03219,1,11.49768982927822,1,1,714.7202284063792
VEN-03220,4,71.66235655024305,0,0,719.6311546239842
VEN-03221,1,18.35534515789361,0,2,756.6360782623537
VEN-03222,2,34.10286327912615,0,1,771.5005823250713
VEN-03223,2,36.65539120184352,0,0,691.1704036747701
VEN-03224,1,47.71373659789153,0,0,656.7925313701887
VEN-03225,1,33.1109789217017,0,0,886.4652123329608
VEN-03226,1,74.46969953499757,0,2,772.9147644794817
VEN-03227,1,25.7519430023992,0,1,754.8948184567336
VEN-03228,1,36.09568469332038,0,0,868.2994453171987
VEN-03229,1,48.44370291397278,1,0,626.9462216003947
VEN-03230,1,18.069537234013588,0,0,788.7110763397794
VEN-03231,1,19.725980227009288,0,0,902.313489921082
VEN-03232,1,48.5131582155536,1,0,899.7689193743017
VEN-03233,1,41.643254522447926,0,1,855.8438904754194
VEN-03234,0,53.525191987252384,1,0,821.2936481414932
VEN-03235,0,122.65830268400543,0,0,694.111371940053
VEN-03236,0,180.0,0,0,777.6297035518754
VEN-03237,3,20.94829062389709,0,1,896.9945573459663
VEN-03238,1,43.7054733570166,0,0,792.7664651737806
VEN-03239,0,14.881620733701006,1,0,874.5438290018545
VEN-03240,2,72.42944906553122,0,2,780.7202839449576
VEN-03241,0,36.294970358610335,0,0,616.8892908878129
VEN-03242,0,47.232983816378415,0,0,724.8419071226177
VEN-03243,1,27.27511215131525,0,1,724.0662031450099
VEN-03244,2,38.34059404228744,2,0,858.033843192765
VEN-03245,1,21.49484576526309,0,0,778.2295831254538
VEN-03246,0,45.16461259820785,1,0,934.9959119128212
VEN-03247,1,32.183712849726106,0,0,950.0
VEN-03248,4,8.883890184074135,1,2,649.4056810798155
VEN-03249,1,69.4786708621923,1,0,662.2158031518803
VEN-03250,0,14.259088310119523,2,1,845.6162754999848
VEN-03251,2,29.83186340405722,0,3,754.5396862585242
VEN-03252,1,38.01463196586117,0,0,859.8775090071546
VEN-03253,1,12.256026776178391,2,0,898.6323831215416
VEN-03254,1,62.45707434222821,0,2,895.6345783810276
VEN-03255,1,22.44265233573081,0,0,911.655659320091
VEN-03256,1,31.93078168374008,0,0,689.1851219877797
VEN-03257,1,8.215451702233615,0,0,576.5582621424604
VEN-03258,3,38.7167978588561,0,0,676.4739359039454
VEN-03259,0,34.666011683868874,0,1,605.750666401128
VEN-03260,1,60.15740146553424,0,0,738.8837158435922
VEN-03261,0,47.441654278161145,0,1,734.2453807393447
VEN-03262,1,19.47947774567877,0,0,579.3407097325155
VEN-03263,0,30.656560008929333,0,1,854.7315298972837
VEN-03264,5,44.14826118340742,0,0,950.0
VEN-03265,2,37.56273064307945,2,2,643.088256217704
VEN-03266,1,12.508386597432937,0,0,684.405421324196
VEN-03267,1,34.57186194863133,0,0,665.5070403335721
VEN-03268,3,15.973912637814282,0,0,831.7630676220595
VEN-03269,2,32.40448227356949,0,2,921.9154454016252
VEN-03270,1,4.053686054323889,0,1,721.3727456760791
VEN-03271,1,83.1075013607089,0,0,852.695222034444
VEN-03272,2,19.943563134297907,1,0,719.7358920058621
VEN-03273,0,51.68473022302368,0,0,755.5071442839393
VEN-03274,2,26.74431380344172,0,0,707.0919506019728
VEN-03275,1,38.942554754017024,1,0,809.439383893485
VEN-03276,1,43.0970503993188,0,0,821.5529410197976
VEN-03277,0,16.664438177678456,0,0,669.4138597478494
VEN-03278,0,135.02857747213034,1,0,805.3192995684058
VEN-03279,2,21.8772428879162,0,0,716.3494410579202
VEN-03280,3,86.20384892655223,0,1,817.8264423290318
VEN-03281,1,7.74860772337525,1,0,722.3631267330637
VEN-03282,1,47.33038766378734,0,1,934.5358996495982
VEN-03283,0,36.697711068285294,0,0,786.0769186503063
VEN-03284,1,23.86585626665614,0,0,758.6148106393084
VEN-03285,1,48.16639021421006,0,1,752.3399865905907
VEN-03286,1,74.21839091398441,0,0,570.3341783318773
VEN-03287,0,94.76035524226648,0,1,699.6368168253684
VEN-03288,0,63.22598022652616,0,2,764.6739194653388
VEN-03289,1,39.79084070801306,0,0,850.624474010209
VEN-03290,1,53.95842405352164,1,0,688.8296560870315
VEN-03291,0,1.7877911207804282,1,1,826.2363658076348
VEN-03292,1,44.679913056438345,1,1,833.1226406734249
VEN-03293,1,53.5541611969175,0,0,707.8905443196583
VEN-03294,1,37.51252481126431,0,0,890.9682177080473
VEN-03295,0,46.91014180963774,0,0,752.1048342892938
VEN-03296,0,40.82558680966099,0,1,782.3793798066135
VEN-03297,3,44.786510862837325,0,0,736.6130782408899
VEN-03298,0,42.94489194380596,3,0,847.343528528543
VEN-03299,3,20.497869238313925,0,0,806.3783328612117
VEN-03300,1,50.09882136849164,0,1,625.6930882333382
VEN-03301,3,40.41309891388236,0,1,679.4405587329333
VEN-03302,3,32.2104958483792,1,0,840.0123085810441
VEN-03303,1,35.741629617060084,1,0,667.5553886816663
VEN-03304,1,30.36987148213308,0,3,820.2720556961814
VEN-03305,2,64.46135654528663,0,0,669.724190105134
VEN-03306,1,45.10079275238852,0,1,653.4112761034319
VEN-03307,1,23.65751829743942,0,0,651.9460237303681
VEN-03308,2,30.701964787720595,0,0,714.6789226834015
VEN-03309,1,93.80549555840408,0,0,814.9700700508531
VEN-03310,0,13.032755274343938,0,1,662.2461581424557
VEN-03311,3,54.5274709580627,0,1,740.8032819684829
VEN-03312,1,24.62220728931807,0,0,848.4791535471252
VEN-03313,0,79.73330900002433,0,0,636.260373031162
VEN-03314,2,26.410217061346568,0,0,684.5742935410887
VEN-03315,1,57.90951948263064,1,1,645.1920585631668
VEN-03316,2,24.98159611648701,1,0,853.6339311142458
VEN-03317,1,30.48091700166213,1,0,701.8733332305218
VEN-03318,1,25.569279405151143,1,1,789.7961648210569
VEN-03319,0,31.81203270727957,0,2,662.5085886442422
VEN-03320,1,94.48821234076448,1,0,734.7576738857458
VEN-03321,0,16.619745873893628,0,2,702.2948267120942
VEN-03322,2,47.91330593306154,0,1,780.9857660419397
VEN-03323,1,31.316847459992022,1,0,801.1194145980431
VEN-03324,1,44.06919130765327,0,0,651.9863921214027
VEN-03325,0,16.16527504862195,0,1,892.9743548571466
VEN-03326,1,9.609275664989775,0,0,750.3271921625899
VEN-03327,2,18.87878315745731,0,0,912.3247401486084
VEN-03328,0,11.051282436958225,0,0,663.3858467961518
VEN-03329,0,12.003640135207707,1,0,798.1425675872962
VEN-03330,3,21.02788066710244,0,0,823.0887509059851
VEN-03331,0,59.96317796408007,0,0,632.5381977848401
VEN-03332,1,93.53115537911847,1,0,905.7129054005048
VEN-03333,2,34.987290729447075,1,0,635.8107949979761
VEN-03334,1,35.486603047314155,0,0,707.2534461060113
VEN-03335,0,14.774530174121349,0,1,584.682004558592
VEN-03336,1,36.03101972286958,0,0,884.4155520993374
VEN-03337,0,34.49470432454225,2,0,841.6573973895329
VEN-03338,2,66.82948038783485,3,0,812.3797413201377
VEN-03339,0,130.49933404477682,1,1,841.1019492312607
VEN-03340,1,46.80105363947566,0,0,744.5815173522632
VEN-03341,0,3.04589398487938,0,0,720.6435539352946
VEN-03342,2,82.96824386944165,0,1,798.2882079036498
VEN-03343,0,63.03123955856759,1,2,802.3252771470891
VEN-03344,2,75.34243117966851,1,0,904.8512374275784
VEN-03345,1,21.962699670772576,0,1,765.2798755915294
VEN-03346,2,73.55213322752111,0,0,801.0966728363645
VEN-03347,0,11.825599396254878,1,0,759.1110346718195
VEN-03348,1,32.28583817897322,1,0,626.0313269499756
VEN-03349,0,65.40024181421059,0,0,753.0288768952157
VEN-03350,2,20.423309400329725,0,0,703.6214686849917
VEN-03351,0,13.2184994828427,0,0,809.5020073530353
VEN-03352,0,43.14188333589606,0,0,816.5342833107
VEN-03353,0,50.68407237512645,0,1,780.9677821163891
VEN-03354,1,9.34096929656396,1,0,633.3430137048549
VEN-03355,1,74.80370911534743,0,0,674.5635828634681
VEN-03356,2,12.725769743448016,0,1,700.3454130955888
VEN-03357,3,37.438081210054776,0,1,772.9862370577631
VEN-03358,0,57.78132531155798,2,0,714.1774865765702
VEN-03359,0,26.309933003366087,0,0,728.345688407274
VEN-03360,0,10.189339661545237,0,2,862.7471310586325
VEN-03361,2,53.08232809183026,0,0,827.4956576885118
VEN-03362,0,17.486941807797496,0,1,525.9306211899516
VEN-03363,2,20.611037405610222,0,2,864.0781034550396
VEN-03364,1,42.21469383611304,0,2,663.0001407699733
VEN-03365,0,26.88200046177139,1,0,739.3046546782826
VEN-03366,1,14.750388239455296,1,0,763.298409115344
VEN-03367,1,28.34327455358121,1,1,747.1899166156012
VEN-03368,3,14.159762761191324,1,0,790.0261418029476
VEN-03369,2,38.48553754478322,0,2,832.9603219435919
VEN-03370,1,36.11046393798662,0,0,571.2602507466042
VEN-03371,1,12.761192835983804,0,0,870.0400023370523
VEN-03372,0,22.176710715587287,0,2,714.9720734741628
VEN-03373,0,25.19200568652142,2,2,706.5021094411306
VEN-03374,0,83.77274671672095,0,2,808.9145901561656
VEN-03375,1,48.96380537968183,0,0,649.8551066590859
VEN-03376,2,28.409565078918327,1,0,729.0494808042258
VEN-03377,1,19.35055237359632,0,0,880.1644273681566
VEN-03378,2,57.94120847686115,0,1,734.3043151132365
VEN-03379,1,82.00353502665868,1,0,809.4449843383336
VEN-03380,2,37.94908302562658,0,1,811.1715872650673
VEN-03381,0,42.69086098501239,0,1,819.819047628231
VEN-03382,0,15.386682132141098,1,1,950.0
VEN-03383,0,26.06463479042777,1,0,685.0389389971089
VEN-03384,0,8.596593337670912,0,1,798.5154533233047
VEN-03385,1,29.847945629020582,2,1,716.8648043666647
VEN-03386,1,48.30290637548072,0,0,875.693047320958
VEN-03387,1,22.004786622390267,0,1,719.1579976770427
VEN-03388,3,53.72542354805026,2,1,879.0362921675141
VEN-03389,0,12.306986434305404,0,0,815.0790484270873
VEN-03390,2,31.4527250244529,0,1,916.8033372216556
VEN-03391,0,32.82837727619509,0,0,784.736884921385
VEN-03392,1,69.63154663812584,0,0,854.5020107646789
VEN-03393,0,28.342526960605177,1,0,878.7329396312333
VEN-03394,0,42.10299169237148,0,0,754.98595596606
VEN-03395,0,25.813653972053388,0,0,639.2721193674579
VEN-03396,0,23.28502489497305,1,1,878.952284007698
VEN-03397,2,16.67611572951415,2,1,755.7202659343156
VEN-03398,2,19.608059783590782,0,1,734.9748580000278
VEN-03399,1,5.939140712766734,1,0,629.053334050957
VEN-03400,2,36.78136525009084,0,0,587.7228971564716
VEN-03401,1,62.47677784757785,0,2,781.4023496799083
VEN-03402,1,26.41664931117004,0,1,859.0023255718567
VEN-03403,2,23.51314050409616,0,0,550.6588775982632
VEN-03404,0,41.56662257885537,1,0,720.007236225424
VEN-03405,1,89.31055178749875,0,1,950.0
VEN-03406,2,4.8535412589825775,0,1,790.8561244902714
VEN-03407,1,15.790111282824164,0,2,691.9272861302868
VEN-03408,2,4.216249138807299,0,0,826.4005029205409
VEN-03409,0,22.656397470234108,0,0,680.9014988116362
VEN-03410,0,61.58662913180512,0,1,769.4879706004156
VEN-03411,1,44.868609899568746,1,0,752.9634517092479
VEN-03412,0,58.39971833750909,0,1,853.6130732848187
VEN-03413,0,58.63253305556803,0,0,820.3527812335772
VEN-03414,0,53.67083589660147,1,0,800.6969171774151
VEN-03415,1,27.84246436529592,0,0,739.9267966339811
VEN-03416,1,20.86320708814983,0,1,595.9388407422811
VEN-03417,0,23.565389915879283,0,1,686.1143590467441
VEN-03418,3,43.457892964192965,0,0,834.5679638892068
VEN-03419,2,35.95157748815667,0,2,679.3685928202466
VEN-03420,1,20.551557727487182,1,1,865.4105524966658
VEN-03421,2,32.03606121037254,0,1,655.9610706637144
VEN-03422,1,21.06311981684214,1,2,720.4265623494143
VEN-03423,1,22.80978925124221,1,1,691.3236135627275
VEN-03424,0,35.93456844276602,0,0,662.8733606196184
VEN-03425,2,38.42311786578229,0,0,679.355014621235
VEN-03426,1,60.62021903181731,0,0,751.3794720103461
VEN-03427,4,18.15950662167208,0,0,701.4896828641427
VEN-03428,2,5.769115586955395,0,0,665.1269537486105
VEN-03429,0,23.257182043070248,1,0,704.4499831297916
VEN-03430,2,48.27428708830321,0,0,851.3923543373771
VEN-03431,1,63.56055511776765,0,0,814.4967416116552
VEN-03432,1,59.78190644649607,0,1,767.6564119391533
VEN-03433,3,18.24975359053864,0,0,950.0
VEN-03434,2,26.279283310738386,1,2,625.8884590241005
VEN-03435,0,57.63622954679585,0,0,777.2323465850243
VEN-03436,1,57.03448094717259,1,2,737.71559270814
VEN-03437,0,35.56319191360489,0,0,598.4523093027128
VEN-03438,0,64.47991368627031,0,1,793.3423305931909
VEN-03439,1,22.09344128760069,0,0,663.8816965157936
VEN-03440,1,15.712245753539047,0,0,776.9219454053083
VEN-03441,1,34.65193006023058,0,0,784.3396077072911
VEN-03442,0,13.252058890153478,1,1,821.4846406121455
VEN-03443,4,15.784152061420023,1,0,613.3864599850548
VEN-03444,0,42.2845637198002,0,1,758.2673359584787
VEN-03445,1,81.58988660496361,0,1,950.0
VEN-03446,1,114.7616435534,0,1,762.9476766775733
VEN-03447,4,24.00166259237125,0,2,927.1994201123156
VEN-03448,2,94.97878169582408,0,1,878.4916794174331
VEN-03449,0,20.99829369854928,0,0,767.4811545165602
VEN-03450,0,28.811364169115528,1,1,710.2808239759868
VEN-03451,0,20.700048309795807,0,1,747.296688585116
VEN-03452,1,46.57009848093916,0,0,629.1466402516752
VEN-03453,1,39.610421263518326,0,0,946.2200102554024
VEN-03454,1,37.16196004737132,0,0,682.310777984315
VEN-03455,1,62.919270267226544,0,0,785.2361173610768
VEN-03456,2,11.76988314259716,1,0,923.94482274107
VEN-03457,0,11.106280833859016,0,2,712.2168773863594
VEN-03458,2,24.72651060506513,0,1,703.5920595738521
VEN-03459,2,9.857446673291925,0,3,798.1670082984331
VEN-03460,4,28.670381298619912,1,0,821.1260112729165
VEN-03461,0,12.369161762932446,1,0,941.3347881593412
VEN-03462,1,35.76553466674315,0,1,803.8710277574484
VEN-03463,0,25.216336505249,1,0,787.6949506286389
VEN-03464,0,41.29542064145859,0,0,832.2822226860017
VEN-03465,1,47.36981354969962,0,0,812.8021068389827
VEN-03466,0,52.50303352024744,0,2,836.9929331592197
VEN-03467,0,39.41456301859722,0,0,789.1516966028552
VEN-03468,0,8.445835612128066,0,1,950.0
VEN-03469,0,3.86771115089524,0,1,909.5044471078212
VEN-03470,0,98.16738612343116,0,2,791.5801557647308
VEN-03471,0,29.037714780015484,1,0,949.0858414438952
VEN-03472,0,36.226825379654976,0,0,779.8884709534433
VEN-03473,0,75.52722735145308,0,0,830.3792664662703
VEN-03474,1,19.37695297408669,0,0,628.5877358330932
VEN-03475,2,23.63718051355466,2,1,745.9558341159448
VEN-03476,0,25.13517663048038,0,0,766.450168630982
VEN-03477,2,42.87943239064083,0,0,721.5852380901362
VEN-03478,1,9.422373775921962,0,0,690.0061724183907
VEN-03479,2,41.11760022615066,0,0,922.9362805159147
VEN-03480,1,50.19488716365725,0,0,686.2336824627063
VEN-03481,1,41.18741218133523,0,0,861.2481497764122
VEN-03482,1,20.54867138649891,0,1,658.995605928578
VEN-03483,1,29.20390269270141,0,0,672.2256224652308
VEN-03484,2,12.121936287641208,1,0,606.0344010326503
VEN-03485,0,43.33596379938102,1,1,798.7459841428191
VEN-03486,0,26.38298708753,0,0,783.8054369921128
VEN-03487,1,46.2131514218773,0,0,861.5405295209687
VEN-03488,2,2.895691643260748,0,1,874.2825432527025
VEN-03489,2,24.26756982728845,0,0,671.9448015628097
VEN-03490,1,37.44473273630263,1,0,705.7778986056635
VEN-03491,2,15.92883825498259,0,2,642.6529301754426
VEN-03492,1,23.53130325144772,0,0,711.9945775186491
VEN-03493,1,12.48878043544485,0,2,796.6617919194944
VEN-03494,1,88.42133027258053,0,0,806.1867010774537
VEN-03495,0,61.29485702610057,1,3,705.9209130808329
VEN-03496,0,42.90622655937556,0,1,737.4103883298955
VEN-03497,2,40.19509995563975,0,1,607.412146909349
VEN-03498,0,128.1178296793151,0,1,755.4811689806381
VEN-03499,1,13.03283110176161,0,0,864.8374856186423
VEN-03500,1,30.004721224263783,1,0,801.2365564862499
VEN-03501,0,18.33353694373136,0,1,709.6724911033193
VEN-03502,0,48.76759773608789,0,0,816.6129472838811
VEN-03503,2,35.25124587246022,0,0,600.3780489854832
VEN-03504,0,54.64656218221051,0,0,793.0904229255415
VEN-03505,1,11.34169998801753,0,1,745.647645977356
VEN-03506,1,23.27690895440573,0,0,749.82381299133
VEN-03507,1,4.074493970473907,1,1,670.8531917489415
VEN-03508,1,30.69017029313127,0,0,808.0327792183512
VEN-03509,1,52.206363872092375,1,1,586.6759701702529
VEN-03510,0,81.17957131241805,0,1,631.9810642413673
VEN-03511,2,23.2844020292187,0,1,724.6466983611735
VEN-03512,1,20.461508426208137,1,1,812.6909594930918
VEN-03513,3,28.28262288526219,1,1,815.0827498184511
VEN-03514,0,10.312257436502128,1,1,902.3029653728668
VEN-03515,2,40.13458795043684,0,1,631.6339068871122
VEN-03516,1,18.897210372549804,0,2,929.7697784255244
VEN-03517,1,31.25886689011779,2,1,726.9951467303655
VEN-03518,0,66.57087817004957,2,0,770.8666774787561
VEN-03519,3,18.71076606761112,1,0,734.6230416414066
VEN-03520,2,26.051293506051675,0,1,887.6459321296962
VEN-03521,0,13.942364476858549,0,1,682.1366756587686
VEN-03522,2,53.15553556394238,1,1,803.3099634739173
VEN-03523,2,37.92650837691029,0,0,747.4311846814151
VEN-03524,0,56.24075162631881,2,1,806.5445760117702
VEN-03525,1,9.082717942815965,2,1,902.2457503977992
VEN-03526,1,34.65720544031085,1,0,721.8614417809977
VEN-03527,0,69.51835432880956,0,0,815.0136885554446
VEN-03528,2,30.318553890734567,1,1,622.7594894990954
VEN-03529,0,6.587019956490334,0,0,779.4760794410167
VEN-03530,2,83.07765859222,2,2,786.7000995613535
VEN-03531,1,33.02409243731834,0,1,747.5455040517917
VEN-03532,0,17.48419058279906,0,0,662.1702947452017
VEN-03533,1,60.30553417517223,0,1,733.4984239035053
VEN-03534,1,40.10970256989276,0,0,854.7547674337576
VEN-03535,1,63.9859387983875,1,0,817.7458404220166
VEN-03536,1,28.3606102978844,1,0,703.993845166687
VEN-03537,0,25.93865378896884,0,1,828.3541835057057
VEN-03538,0,51.80956319835324,0,0,776.5932359306142
VEN-03539,0,23.75626370060969,1,2,714.5307515913096
VEN-03540,2,25.824430880392388,0,0,728.9537904505556
VEN-03541,1,82.69348957575886,0,1,723.2475499797204
VEN-03542,1,52.36477058685428,0,1,783.7805317851976
VEN-03543,2,35.06545908982427,1,0,804.197201964985
VEN-03544,0,34.69460041304206,0,0,703.8940861779189
VEN-03545,0,16.629537136841492,1,0,672.6294368309325
VEN-03546,2,19.07156953596932,2,1,760.1873032149923
VEN-03547,1,37.01832969142392,0,1,746.2212991673118
VEN-03548,1,29.276553588902942,0,0,729.9909951283339
VEN-03549,2,20.898369962496552,0,2,723.0022814122503
VEN-03550,0,13.38254606332122,0,0,870.4240628358842
VEN-03551,2,30.62466557262833,0,0,670.1967537264876
VEN-03552,1,15.856367372255663,0,3,688.0473001095586
VEN-03553,1,38.97408793908125,1,1,729.9227710865221
VEN-03554,0,13.217745832872293,0,3,926.6215865121349
VEN-03555,1,61.31503649659227,1,0,724.1505310181894
VEN-03556,2,62.8079814797298,0,2,799.4429091602332
VEN-03557,0,10.109264014210693,1,1,631.707829272855
VEN-03558,0,55.98510061576447,2,2,757.0652303402222
VEN-03559,1,52.91079875330717,0,1,723.589328722573
VEN-03560,1,44.805892562587694,0,2,665.3000925268723
VEN-03561,1,65.72332173581495,1,0,741.756155114519
VEN-03562,0,19.23321709488579,0,2,812.673983882611
VEN-03563,3,13.59362472727307,0,0,595.7247829750244
VEN-03564,0,32.88520339408016,0,0,750.4139073943037
VEN-03565,2,23.45195812205012,1,0,577.4735520776662
VEN-03566,2,9.865791297632498,1,0,835.7202811101646
VEN-03567,2,15.288359833353937,1,1,867.5224819847878
VEN-03568,1,59.19080675234619,0,0,639.5699242074203
VEN-03569,0,24.97608376710712,0,1,748.6401015191877
VEN-03570,0,35.82183699777789,0,1,788.2532363426295
VEN-03571,1,22.147551811112542,0,3,718.4440670688441
VEN-03572,0,54.587186590267336,0,1,789.522081461386
VEN-03573,2,29.78906286714173,0,1,851.1133987632954
VEN-03574,0,42.60061252940599,0,2,871.0874317362361
VEN-03575,0,15.485603463034812,1,0,842.9353044312566
VEN-03576,1,35.740761217533574,1,0,752.6145119360167
VEN-03577,3,9.330900237779822,0,0,606.695080958254
VEN-03578,0,30.955550486808512,1,0,731.0964695610917
VEN-03579,0,51.4826770339706,0,0,837.7836967534117
VEN-03580,2,108.73522602025292,0,1,929.4999178854814
VEN-03581,1,25.12749655091009,0,0,832.4488831675158
VEN-03582,4,24.976071175101364,0,0,862.2004705015491
VEN-03583,0,36.319602454864864,0,0,833.4338178919272
VEN-03584,2,29.92207961797723,0,0,808.2319207918943
VEN-03585,1,26.02272517685608,1,0,809.9428410480808
VEN-03586,1,24.29299589397478,0,1,918.338340821389
VEN-03587,2,35.50694566808216,0,0,739.4483180294
VEN-03588,0,37.67319936046688,0,0,760.981189634865
VEN-03589,2,59.48432936997813,0,0,841.2323136940292
VEN-03590,0,22.334854412518958,0,2,887.3895526260056
VEN-03591,0,25.476549128898544,0,0,618.0025554983572
VEN-03592,0,19.987486975327972,0,0,847.1387018565807
VEN-03593,2,5.256916233634342,0,0,780.6177726880338
VEN-03594,1,37.3957153820261,0,0,601.0510097446557
VEN-03595,0,42.7108218207272,0,0,875.1023021018192
VEN-03596,2,25.945461026169173,0,1,860.2835530394659
VEN-03597,1,39.291276192437735,1,0,656.4432412764089
VEN-03598,0,31.428369606171483,1,0,706.8596336066781
VEN-03599,1,22.92177692235168,0,0,764.9861721089042
VEN-03600,4,22.465094398077685,0,0,836.7921673808962
VEN-03601,1,6.6085355621634125,1,0,884.2334150879515
VEN-03602,0,4.975559460213274,1,0,889.3955529659728
VEN-03603,0,49.75600788930526,1,1,699.2050557916714
VEN-03604,1,23.158170761212283,0,1,730.2380335973096
VEN-03605,3,76.27524684949931,0,0,804.8456467305307
VEN-03606,0,19.228893121545173,0,1,656.0210284943081
VEN-03607,0,138.16226134287658,2,0,621.4042691876862
VEN-03608,2,52.21777525688393,0,0,696.4542056419339
VEN-03609,3,35.609944874577806,0,3,732.4383260641112
VEN-03610,0,20.263862790133885,0,0,676.4164457581317
VEN-03611,2,27.68818206890896,0,0,817.9152146100971
VEN-03612,0,31.552391179430387,1,0,804.9158444808363
VEN-03613,3,31.889572625650477,1,0,657.7511015178175
VEN-03614,1,35.849913735874615,0,0,853.276955553629
VEN-03615,1,13.4437560543086,0,0,839.0689708918593
VEN-03616,1,19.49503916034148,0,0,785.3623851991863
VEN-03617,2,63.14254870470042,2,0,826.1855843683551
VEN-03618,3,22.407870044324508,0,2,629.8593587722219
VEN-03619,0,44.208526327442,0,1,793.6277191947096
VEN-03620,0,16.63097543786504,0,1,788.438139165795
VEN-03621,2,6.71490698283463,0,0,671.9910874820337
VEN-03622,3,78.69293829476945,0,0,795.0427486613007
VEN-03623,3,30.89970444162956,0,0,787.2246905885731
VEN-03624,2,38.52013152100312,2,1,733.0558662230874
VEN-03625,0,37.38714292107669,0,1,767.162132691759
VEN-03626,2,75.0627408674159,0,0,950.0
VEN-03627,0,6.886008293863805,0,1,730.4050625743794
VEN-03628,0,34.16012253111914,1,0,834.6652220152594
VEN-03629,0,19.893131119402675,0,1,680.2276068825178
VEN-03630,0,45.192542196014,1,1,693.3265494897174
VEN-03631,2,41.91468757516201,1,0,848.8117847691406
VEN-03632,1,41.40877210261956,0,2,783.3739686555384
VEN-03633,1,37.83210888307233,0,0,774.4400720049607
VEN-03634,2,30.83709996388068,0,0,690.8601093972068
VEN-03635,1,17.845492975396763,0,0,660.7085970966068
VEN-03636,1,7.756879615272382,0,1,799.0893248191134
VEN-03637,2,26.406848632527414,0,0,827.7720160606959
VEN-03638,0,21.85173779375655,1,0,776.0690224167826
VEN-03639,0,73.58867470908693,0,0,813.0216509509825
VEN-03640,0,56.367521480374,0,1,661.9773603674472
VEN-03641,0,15.036837400672262,0,0,649.5288434434084
VEN-03642,1,25.89110835527377,1,1,845.4567815319315
VEN-03643,1,18.485273559262865,1,0,607.4872030409665
VEN-03644,0,23.573206061996373,0,0,694.5035875084282
VEN-03645,0,48.54133017214075,0,0,764.214250801982
VEN-03646,1,23.48537802052128,0,0,734.5548164105081
VEN-03647,0,86.84867463939321,0,0,617.3352136797937
VEN-03648,2,42.69908183942936,0,0,703.9177471515776
VEN-03649,1,21.7078580548394,0,0,741.2041948026335
VEN-03650,1,32.76393638235692,1,0,672.5653796410115
VEN-03651,1,30.69387957418625,1,0,780.0972854896905
VEN-03652,0,38.45161680295755,0,2,772.6739663479552
VEN-03653,2,19.87553621153677,0,0,615.8021962739922
VEN-03654,4,55.918260775628056,1,0,784.1206609003985
VEN-03655,0,28.738907764249205,0,0,882.3850364469729
VEN-03656,0,19.120826978695668,0,0,807.2342003106068
VEN-03657,1,48.00025898743446,1,0,706.5947545291737
VEN-03658,2,31.613476251324343,0,0,695.3158788814027
VEN-03659,0,17.753489507775246,1,1,762.7327373088891
VEN-03660,1,19.40633860411524,0,0,846.3233351620783
VEN-03661,1,19.52072172300179,0,0,798.0826824572612
VEN-03662,0,62.582182091989736,1,0,844.559638854589
VEN-03663,0,37.74314851986975,2,1,798.4440314420808
VEN-03664,1,41.23133981977144,0,0,742.4241522464205
VEN-03665,2,47.16789163359018,1,1,696.3408259176184
VEN-03666,0,56.613609197936526,0,1,950.0
VEN-03667,0,44.72852249540811,0,0,717.3784501609811
VEN-03668,1,37.86651796957326,0,1,690.4420880606793
VEN-03669,3,44.85520138131703,0,0,906.8280610084583
VEN-03670,2,50.46410654257097,0,0,807.9745992348599
VEN-03671,1,1.5646853470669122,0,0,673.0533075448268
VEN-03672,0,8.493430461568362,0,1,780.3263008770678
VEN-03673,2,48.32657720847772,1,1,812.4907157209607
VEN-03674,1,57.5346717939436,0,0,924.3586881251872
VEN-03675,1,57.82063753463832,0,0,790.042225246067
VEN-03676,0,60.214588094142016,0,1,662.161214597056
VEN-03677,0,53.6304350310822,0,2,693.7528211715576
VEN-03678,2,29.67191327159008,1,2,717.4587720318358
VEN-03679,1,52.40469831149553,0,0,832.6419059495444
VEN-03680,1,49.61368681109701,0,1,830.849210564794
VEN-03681,2,39.534263397648,0,0,684.4049613878129
VEN-03682,1,23.67659806133868,1,0,724.1840180099497
VEN-03683,0,37.11301040731654,1,0,695.0844012591218
VEN-03684,0,19.676638207783625,1,1,631.9720209492451
VEN-03685,1,30.652583953275933,1,4,708.2192778684459
VEN-03686,0,19.079697119602518,1,0,759.9528732733687
VEN-03687,1,21.338353765800168,0,0,760.7721565178102
VEN-03688,1,57.18402118199305,1,1,748.4872628226818
VEN-03689,1,21.044516642033454,0,1,773.0398383429666
VEN-03690,1,33.8732559452457,0,0,752.5756114528517
VEN-03691,1,43.59850138995197,0,0,736.3372197865294
VEN-03692,1,29.850373085721746,0,0,777.6959153260627
VEN-03693,3,24.948827154539256,0,2,679.1017389685505
VEN-03694,0,78.06161671314105,1,1,718.2332270052088
VEN-03695,0,27.901231868874497,0,0,772.6015442995018
VEN-03696,0,14.7017289340306,0,2,703.8387804170811
VEN-03697,0,40.23716368762241,0,0,810.1554353188197
VEN-03698,3,21.991547098353777,0,0,670.2631000513701
VEN-03699,1,33.62116096902629,1,0,656.4587507642926
VEN-03700,2,9.798451197586076,1,0,687.2416492224821
VEN-03701,2,35.68929581406153,0,1,784.9995500299864
VEN-03702,0,25.86505289735928,0,0,749.7846721608292
VEN-03703,1,29.77389835862425,1,0,645.8272174114397
VEN-03704,0,69.84810241901552,0,3,793.252566935117
VEN-03705,1,36.323751747607545,1,1,781.2523160675926
VEN-03706,2,15.844781289399307,0,0,681.6763711794474
VEN-03707,1,39.57141131982845,0,0,680.4770516971812
VEN-03708,1,34.481347537656426,1,0,622.2997437122099
VEN-03709,1,28.899823895493,0,1,650.6862908236578
VEN-03710,0,29.83496748752502,0,1,863.5941101530832
VEN-03711,0,33.7023070047377,0,1,705.679967240128
VEN-03712,0,26.203360896229285,0,0,646.9543244110736
VEN-03713,0,53.14797553021129,0,2,768.7779670485775
VEN-03714,0,46.74499442773609,0,0,773.6442715551696
VEN-03715,1,88.57825639633371,1,1,712.9810554659758
VEN-03716,3,67.43942715838772,2,1,762.8505378484964
VEN-03717,0,33.83603783716834,1,1,740.0367694185472
VEN-03718,1,63.85023700744807,0,1,842.5881070800993
VEN-03719,1,48.21145836434299,0,0,677.8383602147966
VEN-03720,2,15.584952117193362,0,0,749.4664798693403
VEN-03721,1,32.98922647355389,0,0,823.2445863681332
VEN-03722,1,22.84162280636775,0,1,694.4421869913476
VEN-03723,2,46.56124542984611,0,2,681.2340077144006
VEN-03724,3,74.65894006953427,1,0,892.8405247739505
VEN-03725,2,10.622121182902276,1,0,932.5423078986604
VEN-03726,0,26.16361804368288,1,2,657.1412726036706
VEN-03727,0,18.2627358874362,1,0,803.7132079229326
VEN-03728,2,31.500206374743765,0,1,902.8970282962748
VEN-03729,1,37.96915135784871,1,1,764.1771019225143
VEN-03730,2,15.035136752759378,0,0,646.2146451978289
VEN-03731,1,47.23382438761482,0,0,804.845672360028
VEN-03732,0,70.59064086698584,1,0,755.4440425785658
VEN-03733,2,56.68240257140512,0,1,844.5582096441642
VEN-03734,3,26.913809220244055,1,0,823.1341639854827
VEN-03735,1,11.94246715168492,0,0,765.3551855493047
VEN-03736,1,52.94241546649127,1,0,744.5836045647706
VEN-03737,1,14.960838781842211,1,0,810.8380686611926
VEN-03738,0,40.10181697093466,1,1,789.5409654976664
VEN-03739,0,37.31137202636333,0,1,859.4968302499881
VEN-03740,2,52.876765354993765,0,0,700.9780993189531
VEN-03741,2,12.394568196674255,0,0,638.1746145903904
VEN-03742,1,13.237401224276804,0,0,900.5291703371098
VEN-03743,0,57.36769787848809,0,1,876.8192780767516
VEN-03744,1,38.24836180519937,0,0,900.7616117068512
VEN-03745,0,26.188011807604823,1,1,846.8896121709373
VEN-03746,3,21.937629679049422,0,1,642.571487498716
VEN-03747,1,42.971851757010086,0,1,764.2582763140834
VEN-03748,0,16.447535293647533,0,1,589.556853424048
VEN-03749,2,26.142766176161224,1,1,843.7613203483579
VEN-03750,1,22.69379042549683,0,2,739.3039914605192
VEN-03751,0,34.67707038496292,0,0,773.3530343324909
VEN-03752,0,65.03007587611589,1,0,526.3975691460178
VEN-03753,0,45.68106295811265,1,1,857.7898061990468
VEN-03754,2,21.909571308408758,0,0,847.0865964216812
VEN-03755,2,31.25091358433199,2,1,719.1340207542293
VEN-03756,3,45.20843942787272,0,1,843.0723384102631
VEN-03757,0,41.6468965582925,1,0,805.2732735577848
VEN-03758,2,39.381608748954605,0,0,846.3780757370234
VEN-03759,0,20.28951038663954,0,1,829.3347946917454
VEN-03760,1,86.50949239931086,0,1,767.3989508683136
VEN-03761,1,127.11031622245126,0,2,875.5601297340211
VEN-03762,1,56.11048812064684,1,1,586.7304533641604
VEN-03763,0,10.332504252317094,0,0,943.9728339433328
VEN-03764,2,27.38189114799749,0,0,743.5618582077592
VEN-03765,3,6.79976451164537,0,0,690.3147116262857
VEN-03766,0,29.305861689209543,2,0,881.9274314379212
VEN-03767,0,24.352104994823904,0,0,690.5066222113746
VEN-03768,2,35.955304471203696,0,1,701.394362872375
VEN-03769,1,103.24077217034116,0,4,831.5403113263402
VEN-03770,0,61.478647277309925,0,0,653.0935487963545
VEN-03771,1,67.7631197742915,0,0,602.1250198276715
VEN-03772,0,56.589352231050455,0,0,701.664375203866
VEN-03773,2,50.09240409603439,0,0,710.0282813202709
VEN-03774,1,28.958405807852163,0,1,708.9558710018648
VEN-03775,1,38.61077113822088,0,0,699.5171630758958
VEN-03776,0,13.30261665795624,0,1,718.0564169447023
VEN-03777,1,17.82597704165623,0,1,902.4268362567356
VEN-03778,1,37.70161621268916,1,1,613.3192028489573
VEN-03779,0,59.65511185469263,1,0,582.6937459025751
VEN-03780,1,27.648171952135403,0,1,774.0356283080424
VEN-03781,1,25.810851555912905,0,0,827.0058863532771
VEN-03782,1,38.42993873191773,0,1,581.6264900957633
VEN-03783,1,20.287323533804628,0,0,642.5795516310039
VEN-03784,1,56.762690021662046,0,1,679.315031732561
VEN-03785,0,12.584935853016416,0,1,633.0245377021546
VEN-03786,1,44.984099923430286,0,0,696.9283639727413
VEN-03787,1,14.426483178458042,0,0,840.8020384220273
VEN-03788,4,46.1815265643821,0,0,544.6841161145396
VEN-03789,1,48.74514644692452,2,1,657.2253704211666
VEN-03790,0,27.991990829262303,0,1,719.0088893243202
VEN-03791,1,71.8725672349051,1,0,754.4998370726815
VEN-03792,2,43.881897308526526,0,0,623.9509294683018
VEN-03793,3,10.03781621268785,1,1,787.8233117813932
VEN-03794,2,41.88751296633029,1,1,794.6180899806645
VEN-03795,4,13.710244345705462,0,0,766.8693524445965
VEN-03796,1,24.353396949529746,0,0,652.4755363183776
VEN-03797,1,23.105224817294967,0,1,880.153934137612
VEN-03798,0,43.35814022835111,0,0,748.8004030334118
VEN-03799,3,19.871806771958767,0,1,681.1369934600166
VEN-03800,2,28.18317153798724,0,1,874.451661646735
VEN-03801,2,21.583228023922324,2,0,901.8758554898196
VEN-03802,3,11.237514167184418,0,1,764.5256782543763
VEN-03803,0,17.787403931356366,0,2,831.4969677267682
VEN-03804,1,12.673152584022535,1,0,744.4864946197717
VEN-03805,1,16.546443565145072,0,1,836.6893286315036
VEN-03806,1,31.55964921848412,1,0,789.3823599313804
VEN-03807,3,19.409625805152714,1,0,712.7325682680946
VEN-03808,3,15.499629570055296,0,0,526.9722497577654
VEN-03809,2,44.28048828748203,1,1,861.4464079289071
VEN-03810,0,40.79940745375145,0,0,609.32024696379
VEN-03811,1,18.77902907647155,1,2,881.1879550601659
VEN-03812,3,14.226578692840368,0,0,777.0490552443576
VEN-03813,0,52.21409999726997,0,1,847.5296258315037
VEN-03814,2,13.895588865631536,0,0,772.6391140143218
VEN-03815,1,33.89545443973838,0,1,901.7765963216298
VEN-03816,1,18.743722616160568,0,1,923.4876549553636
VEN-03817,1,18.25254370251933,0,0,787.3056077895823
VEN-03818,1,51.98087381351975,0,1,703.0934231854462
VEN-03819,0,14.069471346170266,0,1,684.245718322006
VEN-03820,1,14.966673352202749,0,1,649.8723483607035
VEN-03821,2,24.249041244274363,0,1,621.3703373697012
VEN-03822,0,25.415383089248124,1,1,710.8354127223239
VEN-03823,1,55.57081554453312,1,1,552.1321240384154
VEN-03824,1,22.72356966727549,0,1,769.2959601355178
VEN-03825,3,57.85599991380188,0,1,780.5365465318596
VEN-03826,4,30.704352930039374,1,0,736.9935243147902
VEN-03827,1,33.49394862403218,1,0,723.8201690260577
VEN-03828,0,13.22565408380833,2,0,696.8896690968057
VEN-03829,1,13.825880217485253,0,2,755.2924100165313
VEN-03830,3,13.58341259407978,0,1,791.9859061328857
VEN-03831,0,15.40611290545783,0,1,724.3016249569957
VEN-03832,2,21.28770974369083,0,1,871.6064145168184
VEN-03833,0,50.67665178057265,0,2,822.6502422348653
VEN-03834,1,35.570486493999994,0,0,769.9725414014188
VEN-03835,2,29.69389219581872,2,1,762.132655775262
VEN-03836,1,14.590021367077007,0,0,795.3766963390916
VEN-03837,0,58.01457660759954,0,1,719.3211559581603
VEN-03838,0,18.23432432983429,0,0,668.0002331347846
VEN-03839,0,117.88245923386025,0,3,668.2640074456802
VEN-03840,0,25.63898515713957,0,0,756.2282712969799
VEN-03841,1,56.369048199002734,0,2,746.8421046656224
VEN-03842,2,14.491125355041644,0,0,867.0685941023057
VEN-03843,1,17.930385884583885,0,0,712.2231051897816
VEN-03844,2,28.12633407033392,0,2,633.0991784144329
VEN-03845,5,27.25907453900753,0,0,824.9111991388074
VEN-03846,0,46.22818637773504,0,1,805.0413466957408
VEN-03847,2,33.99075957299154,0,1,735.3611836612083
VEN-03848,0,21.222938218023124,0,2,731.1201677606266
VEN-03849,2,32.06740514315536,0,3,704.8468915608073
VEN-03850,0,35.72351059142159,0,0,729.6717547395164
VEN-03851,1,18.25891368947603,0,0,745.237465234473
VEN-03852,2,33.46122967380129,1,0,775.500490422056
VEN-03853,3,46.46398145296219,2,1,656.8523625242331
VEN-03854,0,20.66891269596081,0,0,791.1744020051003
VEN-03855,2,79.98744428816468,1,1,823.727813839389
VEN-03856,0,17.253736572041262,2,0,791.5003869368086
VEN-03857,4,43.94188208165727,0,0,731.0412220575099
VEN-03858,3,76.25604831415222,0,1,887.8571686969385
VEN-03859,1,40.83274532064864,0,0,834.7195843948937
VEN-03860,0,40.25945887749522,2,0,593.3839199204117
VEN-03861,0,57.47432887302399,0,0,925.563019339811
VEN-03862,1,22.67143647833953,0,0,650.3505352514925
VEN-03863,1,18.19505409046448,0,1,897.1987329271777
VEN-03864,0,5.497074774341689,1,0,769.5496376270902
VEN-03865,1,10.27845851770595,0,0,658.7328124467244
VEN-03866,0,26.65867720658048,0,0,730.0192881762821
VEN-03867,0,3.1292797232831884,0,0,897.3615240430313
VEN-03868,2,40.17694230781692,0,0,450.66124961678383
VEN-03869,0,122.9347937936598,0,1,725.2744337468612
VEN-03870,0,57.60090314924534,0,0,711.3078932386156
VEN-03871,0,17.009711527369745,0,0,748.9428940699473
VEN-03872,4,18.60442019403381,0,1,861.8630180314861
VEN-03873,1,33.966102678732426,0,0,764.8244485074883
VEN-03874,0,29.596244242662383,1,0,710.8926291129368
VEN-03875,3,24.943441947807617,0,0,790.5725021845769
VEN-03876,1,13.281917326935789,0,1,697.8750950433177
VEN-03877,0,47.74113420586544,0,1,627.4114097476383
VEN-03878,0,27.952208252591188,1,2,841.4623718755686
VEN-03879,1,45.357853286354455,1,0,853.5193816313049
VEN-03880,0,28.75468815407641,0,0,637.7119561804577
VEN-03881,0,57.15615756710101,0,1,710.6927700475329
VEN-03882,0,17.65818285751303,1,1,687.0174198695772
VEN-03883,1,37.98494215048317,1,0,868.5706043294667
VEN-03884,1,35.56883086718069,0,2,919.3790362298456
VEN-03885,2,37.75931698194916,0,0,616.5865551864706
VEN-03886,0,26.88689779833873,0,2,669.0511760030599
VEN-03887,1,26.520690265874094,0,1,895.1094456093467
VEN-03888,0,31.60438734072381,1,0,799.8531506744373
VEN-03889,1,11.860085204337407,1,0,843.4206749831447
VEN-03890,2,24.67402685974992,0,1,761.5086667110046
VEN-03891,1,27.211510307939765,0,0,639.2340121916677
VEN-03892,2,58.80481079214689,0,0,723.2358901170082
VEN-03893,3,19.696089655545094,0,0,600.074005811786
VEN-03894,3,28.96620669006484,0,1,816.4591262444535
VEN-03895,1,25.171646381548587,0,0,792.6360467539652
VEN-03896,1,15.490179928665867,1,0,789.4570688739486
VEN-03897,2,34.85897686825246,1,0,908.709871203366
VEN-03898,1,15.920636869312364,1,0,690.052122663647
VEN-03899,3,44.83580844100677,0,0,768.6869733528409
VEN-03900,1,47.342843485260936,1,1,622.5106462916908
VEN-03901,2,15.053131386824568,0,1,683.0016539470762
VEN-03902,1,28.815135304786203,0,2,771.0541629947461
VEN-03903,2,46.24714555690906,0,1,832.8610796558742
VEN-03904,0,64.86276717350033,1,0,666.0040869859932
VEN-03905,0,33.67682301207996,0,0,516.7232009730396
VEN-03906,3,20.567935291288897,0,0,557.5511215906133
VEN-03907,2,48.68542704862146,1,1,864.3131738909666
VEN-03908,0,17.927968458668776,0,1,738.6212453723933
VEN-03909,2,42.39304324268589,1,1,777.6935128202446
VEN-03910,0,95.7553911627814,0,1,632.156492377791
VEN-03911,1,45.23839002176002,1,0,820.200247437347
VEN-03912,2,33.35837483070702,0,1,891.1967473074856
VEN-03913,1,62.29192013357199,0,1,773.3768204481887
VEN-03914,0,7.555568753149714,0,3,820.5947714164604
VEN-03915,1,56.168578014044165,0,0,683.8382675286879
VEN-03916,1,99.85819007368052,0,0,784.330266046187
VEN-03917,0,20.417536327351783,0,2,811.2262500841655
VEN-03918,2,44.8553094038926,0,0,769.4339357045455
VEN-03919,0,5.066192896643076,0,0,950.0
VEN-03920,1,21.61767363612221,0,0,658.0197208275017
VEN-03921,1,12.842854223328075,0,1,511.3910828581801
VEN-03922,0,42.462745669732485,0,0,837.3324945179662
VEN-03923,0,16.3660590631006,0,2,830.0170291989995
VEN-03924,1,32.898574294778,0,0,749.5940300004738
VEN-03925,1,25.783170006349973,1,0,725.968465629803
VEN-03926,1,45.187154843413545,0,2,950.0
VEN-03927,0,46.751609377924645,1,0,826.7841225487125
VEN-03928,1,6.042878742888883,0,0,706.9108312347338
VEN-03929,0,24.338066121832508,2,1,735.8083946707611
VEN-03930,1,24.615590606148256,0,0,935.080257963684
VEN-03931,1,31.22068082028237,0,0,656.5521897264573
VEN-03932,0,7.630000402898826,1,0,677.0823804432969
VEN-03933,2,18.386162164218508,0,1,845.5065311661846
VEN-03934,1,5.766415713678375,0,0,723.4223046790598
VEN-03935,0,75.48149584261186,1,2,923.8839259072304
VEN-03936,0,27.51513932614493,0,2,776.3357853761246
VEN-03937,1,27.2719917165886,1,0,755.597787702933
VEN-03938,0,39.801235168757984,0,3,781.1117186786914
VEN-03939,1,59.23899921041179,0,0,655.8910135866101
VEN-03940,1,38.9606092127814,1,0,806.6140233876114
VEN-03941,2,13.493955728655417,0,0,740.1789420133542
VEN-03942,0,15.193548247491226,0,1,550.3800509701995
VEN-03943,1,28.84472705083378,1,0,710.1433731501085
VEN-03944,1,28.78536286605652,0,0,786.1936207103752
VEN-03945,2,28.280948817569616,1,0,719.4108925090952
VEN-03946,0,38.16679397864072,0,3,842.732491855945
VEN-03947,1,19.7446900542876,0,0,787.7964269016361
VEN-03948,2,72.13476976990863,0,0,821.8121079155073
VEN-03949,1,25.867536406112716,1,0,787.9258569673597
VEN-03950,0,25.12594093884485,0,0,755.029540209987
VEN-03951,3,65.08735150609215,0,1,719.4251139109391
VEN-03952,0,18.833930864124834,0,1,647.5714823151837
VEN-03953,3,31.936505318337627,1,2,774.8885914742059
VEN-03954,0,54.98817234185526,0,1,718.3297032472981
VEN-03955,2,27.986653574840005,0,2,804.7693505214598
VEN-03956,1,21.437028518856163,1,2,714.6064632178552
VEN-03957,0,51.58032211563788,0,1,821.812236613104
VEN-03958,0,115.05994342901906,1,0,751.8160373843202
VEN-03959,2,133.28567033238446,0,1,747.1988860739636
VEN-03960,0,17.364230091507384,0,0,590.1503544292719
VEN-03961,0,16.742968967863398,1,1,704.1688634685678
VEN-03962,0,43.5955846259782,0,0,597.0433275821617
VEN-03963,1,18.88351056567179,0,1,608.9780523846038
VEN-03964,2,31.98015947487207,0,0,735.7617916641501
VEN-03965,1,45.95778546907889,0,0,770.8153965714226
VEN-03966,1,22.749400007372856,0,1,894.4545568988158
VEN-03967,1,19.27807070928419,1,0,632.2200747108722
VEN-03968,1,28.067193463008213,0,0,507.491139345078
VEN-03969,2,43.71635985660268,0,1,734.6962378036532
VEN-03970,2,35.14940086076033,2,0,754.1430381951857
VEN-03971,0,29.37630266166127,1,1,687.5215328525476
VEN-03972,1,44.55034511952709,0,0,868.2280893210441
VEN-03973,2,41.81275691744084,0,0,785.2378718182292
VEN-03974,1,32.92142191162581,2,2,661.2038215179037
VEN-03975,1,34.51190148244927,0,0,794.0957965182106
VEN-03976,2,35.17244898163699,0,1,649.4415206807402
VEN-03977,1,28.299351514362712,0,0,907.0313706005018
VEN-03978,1,26.158831105209707,0,0,901.8958353919368
VEN-03979,2,45.41774919880537,1,0,741.1875704972771
VEN-03980,0,51.68040065934361,0,0,735.4240168192864
VEN-03981,2,28.73477857409067,0,2,774.6411163775808
VEN-03982,2,26.422701991772197,0,0,875.8502097720292
VEN-03983,0,35.756171415034025,2,1,742.9089676820221
VEN-03984,0,12.262941385976394,0,1,749.279891248204
VEN-03985,3,35.518456128219526,0,0,919.0690308705948
VEN-03986,1,24.38574745129774,0,0,673.3449511471043
VEN-03987,1,35.5410667595498,0,0,792.4970481577407
VEN-03988,2,33.14401749722951,0,0,808.5072695258569
VEN-03989,3,35.49268309727657,1,0,880.7310680601829
VEN-03990,0,34.00461530418636,1,1,923.4845428053584
VEN-03991,0,25.73179799576306,0,1,730.9156119829407
VEN-03992,2,23.836460432962188,0,1,679.6017614352286
VEN-03993,1,15.363608383192751,1,2,890.9272048073742
VEN-03994,1,49.35356261991512,0,2,748.9005997381541
VEN-03995,2,16.076240061323034,0,1,692.0728821005428
VEN-03996,0,17.37758509862465,0,2,765.1895673054717
VEN-03997,1,52.89162112003367,0,0,710.669363804964
VEN-03998,4,5.4703136510986745,1,0,560.6488824989643
VEN-03999,1,76.22603323390713,1,2,820.9102901586824
VEN-04000,1,37.43950145817043,0,0,873.638899183269
VEN-04001,1,52.35482057384705,0,0,762.1766023417127
VEN-04002,1,47.42604392212861,1,0,712.2879189386597
VEN-04003,1,27.01003625836259,0,1,775.5845694333532
VEN-04004,2,26.71960948193339,2,1,872.8028555719504
VEN-04005,0,34.85804933950916,0,0,776.6826304716651
VEN-04006,0,12.540600638091384,0,0,784.8132736176402
VEN-04007,3,27.360161311743408,1,2,791.8105505029488
VEN-04008,0,32.81496594169172,0,0,949.9458599904866
VEN-04009,1,18.480604153519348,1,1,763.9501927865649
VEN-04010,1,13.411149065491871,0,0,574.5914835154585
VEN-04011,1,46.63879700755429,0,0,663.9537705444458
VEN-04012,1,63.99617096605739,0,2,845.1015764399332
VEN-04013,0,11.226871312017266,0,0,827.2967190546572
VEN-04014,2,65.78721990876825,0,0,795.6652781599345
VEN-04015,2,15.047363969751334,0,1,629.4371442273703
VEN-04016,2,32.466745523271136,0,0,657.1561230224371
VEN-04017,1,29.05384387280326,0,0,785.8109122141749
VEN-04018,2,31.016263228729684,0,0,617.3834277232319
VEN-04019,0,42.75113435156935,0,1,797.4725913731227
VEN-04020,2,42.04129321787868,0,0,622.574996579762
VEN-04021,2,16.89626171563447,0,0,875.2117271086565
VEN-04022,3,10.703828448820987,0,1,806.8774186917574
VEN-04023,2,54.59404492707609,0,0,896.6122771081859
VEN-04024,0,12.068387147871457,0,0,668.8395445706957
VEN-04025,0,6.1050932372974165,0,1,910.708675021182
VEN-04026,1,25.152202544355685,0,1,879.5796333625253
VEN-04027,0,33.99347907086616,2,0,760.4304105619165
VEN-04028,5,20.899037185096496,1,1,676.3190425505849
VEN-04029,1,20.034354541281573,1,0,837.6261260062936
VEN-04030,0,41.447301703343,0,0,771.1230423783958
VEN-04031,2,42.978491016287,1,0,794.8508396436549
VEN-04032,0,9.95021057806993,0,1,901.0514832609524
VEN-04033,0,4.898307148922631,0,0,922.6435681637142
VEN-04034,2,11.024420777785403,0,1,702.2644860810133
VEN-04035,0,50.424170094540735,0,0,789.6991380704022
VEN-04036,1,27.36348015229504,0,1,842.8181428011349
VEN-04037,2,73.08958477527025,0,0,950.0
VEN-04038,0,80.33816127423113,0,0,809.4231758631967
VEN-04039,1,26.933604153311794,0,0,792.3150889290005
VEN-04040,1,27.70859759251627,0,0,615.0280824270826
VEN-04041,2,13.99233508234284,2,0,728.0026474723327
VEN-04042,0,17.31437613199925,0,1,763.033907406663
VEN-04043,1,48.371059512172025,1,0,827.7869279003221
VEN-04044,0,33.75925408246597,0,0,840.25149195734
VEN-04045,2,59.12288665085655,0,0,582.2749195155328
VEN-04046,1,53.94368044859778,0,1,726.5617123547456
VEN-04047,0,53.00572643947951,0,1,784.4721388377775
VEN-04048,2,76.58086192248446,1,1,824.3825161710695
VEN-04049,3,18.639404810280244,0,3,819.1875573882461
VEN-04050,1,9.18707370146512,0,1,749.3572014467778
VEN-04051,1,27.8034308627251,0,1,760.3188865362998
VEN-04052,1,25.09567069816461,0,0,766.8886434928921
VEN-04053,0,32.4050652620278,1,0,626.5283887107961
VEN-04054,0,16.508487071261886,0,1,607.7041588689057
VEN-04055,3,60.62358831901372,0,0,770.0072678044224
VEN-04056,0,17.51611951692278,0,1,804.9222313880927
VEN-04057,1,53.1132385588475,0,0,707.8165679575791
VEN-04058,2,31.63315862907076,0,0,790.3313661578306
VEN-04059,3,26.706088688299857,1,0,809.1834350105486
VEN-04060,0,34.81947838735515,0,0,706.766628391531
VEN-04061,1,64.30211821249628,0,1,835.751595936985
VEN-04062,0,44.19710967467164,0,4,632.4518692574015
VEN-04063,3,11.37793323258173,0,2,925.157805621748
VEN-04064,0,38.3508364928648,0,0,620.3036768349062
VEN-04065,0,19.41774047720619,1,1,718.1411716223869
VEN-04066,0,64.67203562685872,0,1,608.5896730994293
VEN-04067,1,66.46049169762514,0,0,945.0098070285062
VEN-04068,1,30.58427469148886,0,0,781.6174281751559
VEN-04069,1,38.38413303669783,1,0,803.882016038681
VEN-04070,0,30.82516906078654,0,0,540.6130265613489
VEN-04071,1,45.07609674359296,0,1,611.0785179095785
VEN-04072,1,38.8881185007364,0,1,749.0398221818429
VEN-04073,2,11.920223990304532,0,0,656.2194766470009
VEN-04074,1,29.37677770788457,0,1,796.7405493213411
VEN-04075,0,71.09902620893833,1,0,672.5020605381898
VEN-04076,0,8.475607686161718,0,0,901.991553081682
VEN-04077,1,32.39166105318992,0,1,750.8843043164104
VEN-04078,0,21.595173271882828,0,0,620.6644263137277
VEN-04079,1,49.47556720585806,0,1,554.7808363025504
VEN-04080,0,2.198008021038935,0,1,800.2836671828186
VEN-04081,0,4.8172952116139065,0,0,810.9669606728703
VEN-04082,1,44.001668471552776,0,1,744.0167021190257
VEN-04083,1,49.02581689067031,0,0,755.3287903262452
VEN-04084,1,20.374815505198928,0,1,734.6894018143494
VEN-04085,1,22.242740492236518,2,1,833.2099479548531
VEN-04086,1,35.981327821303026,0,0,757.2071894710018
VEN-04087,0,60.253963886327554,1,0,818.8063873263977
VEN-04088,1,29.273566648499266,1,0,900.1704831770305
VEN-04089,1,18.84299057471362,0,1,835.7029245310858
VEN-04090,1,8.254871173004629,0,0,746.8783726844489
VEN-04091,1,22.81576185743365,0,0,689.6841726737316
VEN-04092,0,37.4275852154588,0,1,874.8896268654802
VEN-04093,1,45.40151950512076,0,0,727.8963307466545
VEN-04094,2,6.801137099002897,0,1,728.5201618594587
VEN-04095,1,33.86188934553837,0,0,743.5239368311096
VEN-04096,0,35.74826087690449,0,0,707.5087542514768
VEN-04097,0,7.426101388339098,0,0,850.4628176985855
VEN-04098,2,24.664506022590405,1,1,721.9773028311686
VEN-04099,0,8.415317619570663,0,1,588.7119429770834
VEN-04100,0,39.87868932961637,1,0,720.8860051471491
VEN-04101,0,25.738950717247945,1,2,757.4806052010133
VEN-04102,1,33.01738118027998,0,1,802.7860883859074
VEN-04103,1,36.385574889696144,1,0,834.7855418975673
VEN-04104,0,31.2472726697757,0,0,779.7174014564388
VEN-04105,1,62.7946367431438,1,0,780.9360983009864
VEN-04106,0,21.06002068132472,0,2,668.6043672311707
VEN-04107,2,16.609858784110664,0,1,733.5603157449845
VEN-04108,0,19.633993638807407,0,0,905.6581303041638
VEN-04109,1,37.52275800553541,0,0,875.2346159954338
VEN-04110,1,5.860909218912815,0,1,586.5994696054383
VEN-04111,3,17.963816303468512,0,0,603.6243023831364
VEN-04112,0,14.401366630147791,0,0,657.621623236489
VEN-04113,2,67.66368701154711,0,1,805.5634971554991
VEN-04114,0,10.716074427946218,0,0,708.4189583140226
VEN-04115,0,14.408506733247574,0,0,705.3949183431039
VEN-04116,1,21.226393772904174,1,2,869.1410325294628
VEN-04117,1,69.77313484104913,0,1,847.7070509603788
VEN-04118,1,19.045466848923517,1,1,930.7616921951457
VEN-04119,3,6.543396409717079,0,1,762.570810672612
VEN-04120,0,23.906159867838884,0,3,859.4671149224304
VEN-04121,1,34.2625467059638,0,2,699.0738113756518
VEN-04122,1,43.39670500401781,1,0,709.1724410588782
VEN-04123,1,41.79441594591059,0,1,742.8258122719816
VEN-04124,0,8.062209172450189,0,1,950.0
VEN-04125,4,48.83119834650738,1,1,741.2342144170832
VEN-04126,2,31.75545088382669,1,0,674.8982320561424
VEN-04127,1,12.671691453476813,1,1,623.570941192404
VEN-04128,1,33.25063867289649,0,0,727.0238673962212
VEN-04129,0,16.96562671386326,1,0,841.6216081585554
VEN-04130,3,12.045641956784092,1,1,841.327964205674
VEN-04131,0,28.16672671426109,1,0,568.4973590426333
VEN-04132,1,45.90501758694717,0,0,695.0503316967516
VEN-04133,2,35.578854040660914,1,2,754.1724102767884
VEN-04134,1,17.953040779653957,0,1,637.6894941735242
VEN-04135,1,17.338178327892628,0,1,808.2289113152699
VEN-04136,1,18.027167591082417,0,1,736.0252385789402
VEN-04137,2,22.52762403361772,0,0,863.6986182511223
VEN-04138,3,35.430980400964046,0,1,818.4864702585435
VEN-04139,1,14.22412000122896,0,0,678.1996247624031
VEN-04140,0,40.63473497856148,0,0,865.1335272061866
VEN-04141,1,47.41903179368879,0,0,659.2450066262957
VEN-04142,3,18.679556821492344,0,0,812.9821776583829
VEN-04143,0,57.53964990530947,1,0,817.7042087831816
VEN-04144,1,8.096090197999752,0,0,669.1789171534293
VEN-04145,0,5.83624582097482,0,0,756.3654079486182
VEN-04146,0,30.242887638973976,0,1,790.2403585997322
VEN-04147,1,13.396558357422457,1,0,705.777539275365
VEN-04148,0,45.01520714382576,0,0,867.2503099832186
VEN-04149,0,19.8253161073694,0,2,792.2283080224516
VEN-04150,0,5.647195380274048,0,0,596.9086161284677
VEN-04151,0,17.928997356743473,0,1,676.7031990757653
VEN-04152,2,51.91818418114169,0,1,583.3655383265424
VEN-04153,1,49.77751746605925,0,2,828.1320367738792
VEN-04154,0,50.53428110691536,0,0,628.8841408082222
VEN-04155,1,3.45257047034547,0,0,857.853300988009
VEN-04156,1,9.210980793458782,0,2,686.075798469527
VEN-04157,1,18.876506119402706,0,1,724.8267896789466
VEN-04158,0,29.20105702377806,2,0,784.72247631629
VEN-04159,0,20.852334536676523,0,0,830.1973197338947
VEN-04160,2,50.45368987174477,0,0,692.1193746435707
VEN-04161,1,21.325489565444272,1,0,928.040857834819
VEN-04162,0,28.86563659166256,0,0,556.5023642461404
VEN-04163,1,15.385963343460762,0,0,897.5160954747607
VEN-04164,2,49.17005003193472,1,2,909.1231422938112
VEN-04165,3,39.4597848521431,0,0,734.7249197241641
VEN-04166,1,45.29110740892072,1,0,821.0116748269783
VEN-04167,0,29.06760927687069,1,2,613.7237891112804
VEN-04168,1,17.453402471917112,0,0,752.174320103276
VEN-04169,2,88.00943961177425,1,0,622.9595515680903
VEN-04170,2,6.186968962003846,1,0,734.0156817932668
VEN-04171,0,25.81977987513176,0,0,779.6581116829066
VEN-04172,0,80.02126438639404,0,1,866.6070839684951
VEN-04173,2,66.48593770406765,0,0,844.5831896839583
VEN-04174,0,50.62600742409511,1,2,950.0
VEN-04175,2,21.62824824636443,0,0,805.9629832251921
VEN-04176,3,91.119823526398,0,2,718.5763694842677
VEN-04177,1,80.56397722935837,0,0,709.2847134922754
VEN-04178,2,31.2693506626182,1,0,925.5656899474671
VEN-04179,0,41.22513356324431,3,1,887.422071195891
VEN-04180,2,29.971521764009907,0,0,946.290568818048
VEN-04181,0,91.4943498367076,0,0,822.6507785282072
VEN-04182,1,49.39089795906747,0,0,806.4534702802623
VEN-04183,0,20.0145238996091,0,1,708.7221993450621
VEN-04184,3,83.09668706855541,0,1,782.3297942838896
VEN-04185,1,39.07231620559458,1,2,763.7042256765016
VEN-04186,3,46.177348097357,1,2,866.3300671092043
VEN-04187,0,56.36213579616093,0,0,786.9214750615471
VEN-04188,0,18.33455805275437,0,0,720.3589801115014
VEN-04189,0,19.298143786884456,2,0,692.7881150208557
VEN-04190,1,56.64492296922887,0,1,655.0195616562461
VEN-04191,0,55.74419160813213,0,0,728.2993180216374
VEN-04192,1,24.91263262712908,0,0,800.7728899147824
VEN-04193,0,44.20794765002331,0,0,628.6235613428136
VEN-04194,3,60.2073138815938,0,0,802.649769484625
VEN-04195,0,29.3906797429382,0,1,702.0506229241707
VEN-04196,1,32.80589281402098,1,0,597.1052101363385
VEN-04197,0,41.99305587337595,1,1,855.8643502224239
VEN-04198,1,44.04333191813147,1,0,766.997166452773
VEN-04199,1,45.88548570127809,0,1,727.1490068893221
VEN-04200,3,31.85528381357391,0,1,668.8464514963043
VEN-04201,1,47.01815771373319,0,1,822.9339555491637
VEN-04202,3,51.00611237480645,0,1,742.5213760836033
VEN-04203,2,62.82062581853076,0,2,578.047200288238
VEN-04204,2,28.967083892893815,1,1,890.3425515930878
VEN-04205,0,41.11311264951887,1,0,698.668643275256
VEN-04206,0,44.85469903308184,0,1,737.2880326976598
VEN-04207,2,73.05512266460265,0,2,796.2179948371768
VEN-04208,1,45.11714246012984,0,5,829.951271570088
VEN-04209,3,11.624747996459917,0,1,795.7386039158828
VEN-04210,2,74.87442128347982,0,1,709.9479665910957
VEN-04211,1,45.85219799749424,0,2,782.3666266999704
VEN-04212,1,24.54816457848465,0,0,804.4457831465604
VEN-04213,1,37.67985266220447,0,2,713.8578825503115
VEN-04214,1,29.20225121605124,1,0,739.742763950159
VEN-04215,0,27.32855028357948,0,0,811.768360892989
VEN-04216,1,50.25632750888649,1,1,639.6628249938168
VEN-04217,1,37.73153434023818,0,1,782.8732300639674
VEN-04218,1,81.70780205512297,0,0,761.4135153402359
VEN-04219,1,46.28868576245555,1,2,818.2507236267128
VEN-04220,2,30.414272463637765,0,1,728.1059970154764
VEN-04221,1,7.850216947845374,0,1,775.9420572735546
VEN-04222,1,51.00869294468375,1,1,793.1157720591916
VEN-04223,2,41.489479647698175,0,0,950.0
VEN-04224,0,47.7782439498387,0,0,764.6028519416458
VEN-04225,0,25.863282993094,0,0,766.5874732693554
VEN-04226,1,45.32543509590632,0,0,904.7151790314358
VEN-04227,1,22.081029646767487,2,2,697.2198667569646
VEN-04228,3,7.685641481889918,0,1,718.034932223866
VEN-04229,3,25.04645666182904,0,0,750.4959729544983
VEN-04230,1,77.73552683588225,0,0,723.2165780725061
VEN-04231,1,50.03865906825696,0,1,669.4748356155756
VEN-04232,0,49.025535545589264,0,0,842.8208941814233
VEN-04233,1,11.924944735036052,0,0,830.3197791114435
VEN-04234,2,28.66603450651956,0,2,698.8303361476218
VEN-04235,3,11.32087108661677,0,0,856.9691171124923
VEN-04236,1,45.02348415532303,0,1,848.2365888482811
VEN-04237,1,46.71849714007124,0,0,693.1575521239398
VEN-04238,0,16.706992343157896,1,2,762.9117481024962
VEN-04239,1,18.262654046873045,0,2,820.5465432007794
VEN-04240,2,24.6901485440842,1,1,723.9152678341104
VEN-04241,1,13.204086329629147,0,0,867.6741334606107
VEN-04242,1,47.18569257605151,0,0,876.8146011566505
VEN-04243,1,25.88357164010087,2,0,674.5526149276504
VEN-04244,2,21.001892356074144,0,0,894.8713814249572
VEN-04245,1,72.10225602989291,1,0,629.2632209502606
VEN-04246,0,25.6400278102924,0,1,620.6295281466766
VEN-04247,0,27.18517103182191,0,1,852.4946674513939
VEN-04248,0,19.45510365076665,0,0,721.7501338954746
VEN-04249,1,63.41628345274305,0,0,816.6656703749815
VEN-04250,0,70.19092563162152,0,0,763.3030649081262
VEN-04251,1,36.53788701811616,2,0,644.3052109452099
VEN-04252,0,36.42104621165835,0,1,901.433734080868
VEN-04253,1,17.461668407715273,0,0,607.1989744258934
VEN-04254,1,27.62209544931159,0,2,737.0844458687815
VEN-04255,0,41.29841344703371,0,0,819.3384349529682
VEN-04256,3,118.83650631740072,0,0,790.3737954868495
VEN-04257,0,56.87105532373853,1,0,520.1312546658316
VEN-04258,0,49.24701281692626,0,0,746.9311300327367
VEN-04259,0,8.840676838137286,0,0,824.42738720317
VEN-04260,1,11.488738306713044,0,2,713.8580268499036
VEN-04261,0,34.71669080846138,2,0,814.1427001906571
VEN-04262,0,88.61728539597192,0,2,749.8309217175712
VEN-04263,3,35.09030328417353,0,0,732.0688239115162
VEN-04264,1,45.796675714730526,0,1,771.582726725862
VEN-04265,0,99.71289590451916,1,0,907.4224142779728
VEN-04266,2,67.8865649100714,1,1,727.3100205429071
VEN-04267,1,33.16862778500893,0,0,901.7376757520296
VEN-04268,2,77.63380468213558,0,0,578.5432730626791
VEN-04269,0,85.49412149115437,0,2,853.8422860009682
VEN-04270,1,29.70962058498369,0,0,704.4671019985819
VEN-04271,0,49.19390269624803,3,3,670.497951928269
VEN-04272,2,15.885266850071831,0,0,795.3374487797544
VEN-04273,2,38.7066417242516,0,2,798.7996014833358
VEN-04274,3,23.89516682218937,0,2,913.1077111702745
VEN-04275,4,98.47107688472131,1,0,639.8084063309718
VEN-04276,2,46.94210324583501,0,0,830.1770501057013
VEN-04277,2,82.61433534147582,0,0,649.3446192070411
VEN-04278,1,45.38720510834864,0,1,645.9085055264043
VEN-04279,2,37.63066030923761,0,0,830.1776511331975
VEN-04280,0,48.85338870356082,0,0,816.8486531493547
VEN-04281,2,43.22518501429172,1,1,559.5759218348144
VEN-04282,1,77.2114580765672,1,0,695.79047050599
VEN-04283,1,21.00798039550443,0,0,828.8050262607239
VEN-04284,2,34.929037391392285,1,0,576.7601343254098
VEN-04285,0,42.849043922796575,0,0,653.1245229814477
VEN-04286,1,56.94944149802304,0,0,895.2666005220588
VEN-04287,0,10.419000061086836,1,0,821.4049383099775
VEN-04288,0,52.92804889179351,0,0,664.1549148622227
VEN-04289,0,16.032075042938683,0,0,946.7768116345044
VEN-04290,1,24.298480045487786,1,1,770.4574823074078
VEN-04291,1,77.17512008080189,0,0,756.7741810712662
VEN-04292,0,47.44477319753896,2,1,699.276032955516
VEN-04293,0,41.7508011372839,0,1,766.6425175506316
VEN-04294,2,35.47422678789246,0,0,804.8509553535453
VEN-04295,0,35.44744048260284,0,0,573.0467154775947
VEN-04296,0,21.56164930583653,1,0,798.1921927419367
VEN-04297,0,15.641854666762262,0,0,860.1035117137862
VEN-04298,3,22.47886517027609,1,0,733.8606266817828
VEN-04299,0,36.86106315173552,0,2,645.9890672632345
VEN-04300,2,41.50313177143764,0,0,529.2790424967195
VEN-04301,1,22.165457534897875,0,0,832.5489976120508
VEN-04302,1,24.015004357648152,3,0,824.7880939456903
VEN-04303,2,25.588727034281916,0,1,924.8177286487778
VEN-04304,1,38.90466717773722,0,1,726.8841334802746
VEN-04305,4,47.68686299343179,0,1,741.573092405808
VEN-04306,3,43.50246124919841,0,2,680.6303366824749
VEN-04307,1,19.672675424641703,0,0,742.2754738517508
VEN-04308,0,47.01017111567125,0,0,748.1701158872393
VEN-04309,0,39.60928729049216,0,0,611.7039743693288
VEN-04310,0,14.74985055768277,1,1,642.3065771623715
VEN-04311,1,17.24231227280322,0,2,792.8219764621912
VEN-04312,2,15.11080473982646,0,1,600.9043688858831
VEN-04313,1,74.83032370845658,0,0,848.0155856618322
VEN-04314,3,41.79902406755906,0,1,949.4822747945648
VEN-04315,4,38.89629327078453,0,1,776.1252112618256
VEN-04316,0,28.60449271448602,0,1,676.4200873582678
VEN-04317,1,12.988569213308276,0,0,626.0825009170427
VEN-04318,1,35.512955036198825,1,3,645.7775230893037
VEN-04319,1,28.53057738225089,1,2,760.5995656031794
VEN-04320,1,17.403966597319393,1,1,495.9824622745426
VEN-04321,1,37.08368241490976,0,1,823.5062067727237
VEN-04322,1,35.88820953076786,0,1,764.037795416796
VEN-04323,1,35.38366551823088,0,1,591.9666443175555
VEN-04324,1,64.14229979437665,0,0,771.8282415929737
VEN-04325,2,38.102057586005344,0,1,872.6663547641451
VEN-04326,0,53.23193744656867,1,1,687.1833141984037
VEN-04327,1,59.00166679277651,0,0,855.1728945295475
VEN-04328,1,45.41368681531028,1,0,769.0261388325463
VEN-04329,0,75.16360804872927,0,2,928.9308918653072
VEN-04330,1,45.65220475250172,1,1,790.6258427363341
VEN-04331,1,11.12281611653878,0,1,808.5228398018828
VEN-04332,2,9.141328221819318,1,0,787.0630379269757
VEN-04333,2,18.874559242474355,1,0,714.906139592407
VEN-04334,0,63.1967964509434,1,0,840.6789010178326
VEN-04335,0,16.208758379270897,1,1,817.6428792519952
VEN-04336,2,41.88581561107458,0,0,692.9095313184866
VEN-04337,0,48.62489695006408,0,1,868.0254652947735
VEN-04338,1,32.33314218615363,0,1,857.6594996129347
VEN-04339,0,39.6151043053293,0,0,638.0903729909552
VEN-04340,2,34.42224777341671,0,0,752.3429928457901
VEN-04341,1,71.08044160579522,0,2,666.6555828527736
VEN-04342,2,15.999523347378496,0,0,761.2443347709404
VEN-04343,1,33.88144865988099,0,0,715.1770362681237
VEN-04344,0,21.263946677245595,0,0,741.6285059320221
VEN-04345,0,34.354545448092,0,3,623.6470599487641
VEN-04346,2,62.696402471178736,0,1,710.4687152888965
VEN-04347,1,32.98898497657449,0,0,697.4890307261695
VEN-04348,0,28.353264115118986,0,0,862.2334896886692
VEN-04349,2,14.750310024242616,1,0,852.4451805376206
VEN-04350,1,23.875811211716044,0,1,576.6872803410027
VEN-04351,0,18.9449792233056,0,0,778.8583878174444
VEN-04352,2,87.97944464476981,1,0,899.4946136005816
VEN-04353,4,48.104830927469344,0,0,616.9004469926501
VEN-04354,2,43.53478407458596,0,1,571.9756216653047
VEN-04355,2,14.79558964274073,1,0,891.4049130300111
VEN-04356,3,46.561133814485125,0,1,646.1796686964564
VEN-04357,2,9.95964004292877,0,0,732.3463896742993
VEN-04358,0,22.2829361169872,0,0,920.5019372912152
VEN-04359,2,7.783845070304278,0,0,570.2583574169789
VEN-04360,2,26.59957830785037,0,0,888.0422154759553
VEN-04361,1,16.130915577722078,1,0,831.8736523116759
VEN-04362,0,13.666235991549886,1,1,686.133964840386
VEN-04363,2,27.366076017415505,0,0,775.1693704990513
VEN-04364,1,36.401640958328855,0,1,799.0097602615788
VEN-04365,1,19.46551229164769,1,0,775.02227332406
VEN-04366,0,52.18353947195155,2,0,791.8857284992524
VEN-04367,3,40.33371210010757,0,0,666.5079958114254
VEN-04368,0,35.537273314290246,2,0,791.7756575314279
VEN-04369,3,27.538844223740195,1,2,817.7174468101317
VEN-04370,0,30.89237000862243,0,2,806.0697844711486
VEN-04371,1,14.561407891105183,0,0,779.5966802601687
VEN-04372,1,8.612347898162128,0,0,712.0656297953061
VEN-04373,2,71.87751234687008,1,0,745.6033811280121
VEN-04374,1,36.34051174120016,0,0,711.0695238642174
VEN-04375,2,26.00697306763085,0,1,746.7401416233238
VEN-04376,1,70.49705209447605,0,0,606.3467414393391
VEN-04377,2,6.248339679082447,0,0,761.9645182433242
VEN-04378,1,18.56724323472561,0,0,950.0
VEN-04379,4,20.382861518824917,0,0,640.9097323626089
VEN-04380,2,14.669193388118304,0,1,773.2499637610055
VEN-04381,3,17.345623590869707,0,1,665.4554209330436
VEN-04382,1,22.894699201140156,0,0,830.2031670688552
VEN-04383,0,34.28918035733049,0,0,838.0092211337474
VEN-04384,2,74.02637395092707,1,2,840.1677550064443
VEN-04385,1,27.850104055842323,0,1,708.4258133916476
VEN-04386,2,42.50302302637784,1,0,653.2733496181714
VEN-04387,1,10.558319609609692,0,0,834.2972703335887
VEN-04388,2,30.783884108327435,0,0,772.7750318074326
VEN-04389,0,36.31347499545148,0,0,732.8575330141847
VEN-04390,1,82.64207519900448,0,0,694.8545950154587
VEN-04391,1,12.405344813874825,0,0,608.768240264156
VEN-04392,3,17.633816833204072,0,0,694.3558181365944
VEN-04393,1,9.565484724476477,0,0,859.1956472710016
VEN-04394,2,3.531553948572546,0,0,950.0
VEN-04395,1,31.3510626929221,2,0,649.3936854775159
VEN-04396,2,21.08778631442072,0,4,704.5896069901946
VEN-04397,0,6.765216129143559,0,0,920.0098023894471
VEN-04398,1,24.25427016218201,1,0,761.8070832897363
VEN-04399,3,38.02103988850054,1,0,647.4670939746627
VEN-04400,0,47.5165585134597,0,2,780.4929673285187
VEN-04401,3,24.26393175575895,0,0,663.7549833389699
VEN-04402,0,18.59733832935364,0,1,752.377910989029
VEN-04403,1,50.85982876378338,0,2,667.8003689810714
VEN-04404,0,64.4454221171045,0,0,910.3129088281216
VEN-04405,1,36.12656745349103,1,1,869.3701686086997
VEN-04406,0,25.53225813357697,1,1,868.3151778090765
VEN-04407,3,99.72476516367114,0,0,710.6314179492593
VEN-04408,1,55.23211898173083,0,0,903.8261252691702
VEN-04409,2,40.77776596873784,1,0,747.5767750092117
VEN-04410,0,48.90405244949349,0,0,950.0
VEN-04411,1,42.39238893573146,0,0,692.3959823165305
VEN-04412,0,13.248637969280928,1,0,730.1491204510286
VEN-04413,2,22.10840092695677,0,0,830.3222501711637
VEN-04414,1,19.94085995324988,0,0,861.945429035969
VEN-04415,2,49.54590193088055,2,3,881.1140011620466
VEN-04416,1,46.7216673643065,1,0,688.6842698801167
VEN-04417,1,30.889218437851035,0,1,661.8112757548963
VEN-04418,1,45.443700957409455,0,1,711.96137804627
VEN-04419,1,13.29061508588704,0,1,917.0148472200208
VEN-04420,3,2.973652367052164,0,0,813.5290502560546
VEN-04421,1,62.55936210686049,0,2,777.5503479307924
VEN-04422,0,39.63820927975922,0,0,862.4842506334509
VEN-04423,2,11.899444086546517,0,0,701.2165246942034
VEN-04424,1,39.10373316500722,0,1,672.4062075459542
VEN-04425,0,11.272177429597242,0,1,721.5968338908729
VEN-04426,3,64.09525769398192,2,0,891.5455900266754
VEN-04427,0,129.3206251965259,1,0,731.6301873752718
VEN-04428,2,18.1377419231944,0,0,849.4958194123607
VEN-04429,2,35.03270045654496,1,1,804.6586151854165
VEN-04430,0,23.882446173897307,0,0,688.0034098056467
VEN-04431,0,21.27661606463392,0,0,884.8292384362259
VEN-04432,1,27.53318424087053,0,0,849.6499810245641
VEN-04433,1,17.84835585026785,0,0,820.0230192803385
VEN-04434,0,35.9311369735637,0,1,706.3890112441115
VEN-04435,1,21.60444536691032,0,1,782.6365295398904
VEN-04436,0,31.056864939966932,1,1,841.1215511151663
VEN-04437,1,45.89430964166702,1,2,693.2231335574064
VEN-04438,0,38.43825011074009,1,0,548.4357292183938
VEN-04439,1,29.382550974726293,1,0,713.2576782481046
VEN-04440,1,28.34319820762248,0,0,732.0433150788331
VEN-04441,0,38.87923765019855,1,1,808.9370321604929
VEN-04442,0,55.73069274576261,0,0,853.8047447842761
VEN-04443,1,37.35123297311012,1,0,754.963892081502
VEN-04444,1,18.020242653528776,1,2,733.4765755762554
VEN-04445,2,48.57884192630139,0,2,670.2790421938574
VEN-04446,1,61.55418162971848,1,0,656.0077257613398
VEN-04447,1,29.307561418844507,0,2,865.8355702909756
VEN-04448,1,35.273987780016995,2,0,856.0523362333897
VEN-04449,1,45.76250966999086,0,0,575.6092863741366
VEN-04450,0,64.33610474488957,0,1,862.1933827182423
VEN-04451,2,51.94882831010609,0,0,805.8092115236154
VEN-04452,1,36.37116639806754,0,0,923.357734388975
VEN-04453,0,64.75283056258067,0,0,830.6762891387449
VEN-04454,0,97.3142180458988,0,0,729.9071406841875
VEN-04455,1,27.352544011669927,0,0,609.9371971310811
VEN-04456,1,50.16609468736885,0,1,914.691986517461
VEN-04457,1,22.764045017782163,0,0,857.5035048110066
VEN-04458,1,49.166740749844806,0,0,724.2345086036127
VEN-04459,1,40.09528375496515,0,0,893.5309327724982
VEN-04460,0,32.32621162116182,0,0,884.9440247560508
VEN-04461,1,28.82326369905187,1,0,914.1971913903768
VEN-04462,0,10.757665633968797,1,1,728.8833983361061
VEN-04463,1,21.208372157038408,2,2,773.0501217058463
VEN-04464,1,32.366566886839145,1,1,722.1651647694632
VEN-04465,0,11.029956227500069,0,0,728.9459264574352
VEN-04466,1,28.44585722893043,0,1,714.329522532778
VEN-04467,1,38.065913161618425,0,0,722.2180711841761
VEN-04468,4,44.51711604126836,1,1,787.0391817422968
VEN-04469,2,94.77650487056472,0,0,672.8690127125994
VEN-04470,1,62.7058133449744,0,0,762.617975866088
VEN-04471,1,42.72634964799989,1,0,845.2036996388658
VEN-04472,1,19.76787157470448,0,0,680.2679404123044
VEN-04473,0,21.73797502461397,0,0,865.5580231972483
VEN-04474,0,53.00489668680912,0,0,737.873896708774
VEN-04475,0,24.827538970043307,0,2,785.9713555512683
VEN-04476,3,6.006348337628054,1,0,936.962593583242
VEN-04477,1,34.48044335447842,0,1,660.2547856400935
VEN-04478,1,53.28367396562437,0,0,749.1304020957182
VEN-04479,3,31.24736869184381,0,0,662.6039932258495
VEN-04480,0,15.960516403812465,0,2,898.2037513113145
VEN-04481,0,27.62649413515385,0,0,931.1035619768865
VEN-04482,2,8.59137180417788,0,0,726.3250201887083
VEN-04483,0,10.655483174176062,0,0,690.3753243692516
VEN-04484,1,46.35946240931994,0,2,743.78426391882
VEN-04485,1,81.97056567718816,0,1,811.070555256361
VEN-04486,1,30.339596709710435,0,1,887.1567076364416
VEN-04487,1,44.36675967415847,0,1,782.3106248148437
VEN-04488,1,41.601016230955935,0,1,684.6347778713844
VEN-04489,0,10.527840868507798,0,0,780.528986980796
VEN-04490,1,17.66025355122061,0,0,916.605343250222
VEN-04491,1,37.825356721465845,0,0,733.102588514084
VEN-04492,2,64.90164347322458,0,2,845.4701425196938
VEN-04493,0,27.2097188991804,0,0,621.5361684637032
VEN-04494,1,18.72570224111372,0,0,663.7393307829182
VEN-04495,0,11.812594374570988,1,0,776.9926761480165
VEN-04496,2,31.870943625818903,0,1,800.605051110159
VEN-04497,0,24.739710729626907,0,0,887.8900494307843
VEN-04498,1,39.9373337158451,1,1,799.2930289580522
VEN-04499,0,36.57192712040164,0,1,674.7335525407077
VEN-04500,2,46.66675234235814,0,0,666.1302288919064
VEN-04501,1,57.96009622283857,0,0,653.9935300293713
VEN-04502,0,32.39390442614054,0,1,861.5687412539046
VEN-04503,0,27.849627365183657,0,2,749.7480702461314
VEN-04504,1,7.635122890510487,0,1,736.0409981927316
VEN-04505,1,32.69741393460878,0,3,756.1365555031413
VEN-04506,4,71.51216599231456,0,2,754.572631782491
VEN-04507,1,41.77283369844516,1,0,734.2914409135419
VEN-04508,0,29.30266381353212,1,0,697.6427782719143
VEN-04509,1,38.35839504084802,0,0,791.0780473591959
VEN-04510,1,23.266589932826964,0,1,620.6322263704714
VEN-04511,1,39.80843847764845,0,1,718.490803033085
VEN-04512,1,22.44850056556819,0,0,950.0
VEN-04513,2,12.931143479524463,0,0,925.9708380160732
VEN-04514,1,36.56900199526813,0,1,682.356505482801
VEN-04515,0,50.58635371189162,0,3,808.7534300934789
VEN-04516,0,18.11443452901941,0,0,705.8699412501005
VEN-04517,1,39.45745891131484,0,1,793.9957505572362
VEN-04518,1,49.50493183801094,1,0,916.0134513668792
VEN-04519,0,13.262474996714916,1,0,747.4146653934423
VEN-04520,2,64.16940735819443,0,0,672.5921346577007
VEN-04521,1,43.43956170848293,0,1,734.2701470557702
VEN-04522,0,53.81535745775315,1,0,801.3085566270513
VEN-04523,0,12.50785122057837,0,0,710.5903080059862
VEN-04524,2,6.863200129078644,0,0,807.8991401434795
VEN-04525,1,4.437432988119308,0,2,659.9382373771682
VEN-04526,0,37.82974912757329,1,1,699.0393792483974
VEN-04527,1,17.148405123112802,1,0,766.0068688442591
VEN-04528,0,62.14738562007729,0,0,774.4409135198173
VEN-04529,1,10.808380791950244,0,0,718.2202706269923
VEN-04530,0,28.59631302984186,0,1,835.2935383716239
VEN-04531,1,41.816915570644845,0,0,621.8472558734181
VEN-04532,1,41.1093429450847,0,0,829.8505174288101
VEN-04533,1,60.62316081759409,0,0,759.4800256447022
VEN-04534,1,39.922052607574585,0,0,721.9928483671704
VEN-04535,1,1.0,1,0,686.9446743070708
VEN-04536,1,60.412120418685866,0,0,695.0514155106564
VEN-04537,1,18.28605627342704,0,0,793.1246413063195
VEN-04538,2,35.164143268667495,1,0,778.0554655354141
VEN-04539,0,17.431121129488083,0,0,690.9429663479541
VEN-04540,2,34.25296279070952,0,0,842.8342817895398
VEN-04541,1,81.21637595582295,0,0,701.0093863297686
VEN-04542,0,85.68684574552641,1,0,583.9247847392473
VEN-04543,4,22.178797663494887,0,0,627.2686340832639
VEN-04544,5,56.875991349097895,0,0,886.1269133920132
VEN-04545,2,40.87195125066397,1,2,835.061802602593
VEN-04546,1,70.80424997032976,0,0,683.538342571233
VEN-04547,2,25.95346221142662,1,1,519.1944981066381
VEN-04548,0,36.87869795800239,0,1,879.0060053190017
VEN-04549,1,97.0333792872261,0,0,904.61135468159
VEN-04550,2,33.051022336066154,1,1,762.0324562167239
VEN-04551,1,122.1428834511101,1,0,770.455771871933
VEN-04552,0,66.02893945885374,0,0,769.6507989184231
VEN-04553,0,20.47972211677538,0,3,715.3902576713817
VEN-04554,2,5.081392151675348,0,0,516.7730201429088
VEN-04555,2,44.28479744625746,0,0,804.2731525912781
VEN-04556,1,7.535143668306758,0,1,771.4457728628867
VEN-04557,2,50.0860408092044,0,1,844.9139145829969
VEN-04558,2,41.72699708344292,0,0,808.904485211319
VEN-04559,0,22.67532538901282,1,3,920.885662345844
VEN-04560,0,37.29077742971097,0,1,666.2665803264495
VEN-04561,0,65.7605034436212,2,2,611.9876381854983
VEN-04562,2,65.69576013082877,0,0,905.771050248507
VEN-04563,1,45.564068120526905,1,0,605.5357094382869
VEN-04564,0,15.910387389973572,0,0,668.3581708126286
VEN-04565,1,97.30087185641928,0,1,922.6632689586562
VEN-04566,0,14.495608770673096,0,1,691.9246656391015
VEN-04567,0,7.829163107060444,0,0,950.0
VEN-04568,0,105.08308797198131,1,0,846.0095627410137
VEN-04569,3,15.59686014002355,0,0,828.5343869672643
VEN-04570,3,74.40510654889076,1,1,767.2400457045335
VEN-04571,2,46.4903660965965,1,0,589.8074573462366
VEN-04572,5,28.24821475418515,0,2,714.542701580757
VEN-04573,1,68.47927570447241,0,0,801.1752579229121
VEN-04574,0,48.77073961413287,0,0,895.7081060955388
VEN-04575,2,39.8734228265805,0,1,742.1195204994234
VEN-04576,4,18.52405255878214,0,0,747.723106712371
VEN-04577,0,30.714727344700584,0,0,833.5698914075385
VEN-04578,0,5.000592161169304,1,0,774.9152607650963
VEN-04579,2,26.769962333598027,1,1,822.2070487374291
VEN-04580,1,16.31064797173923,0,0,787.7902848066226
VEN-04581,1,34.33240332013956,1,0,950.0
VEN-04582,1,97.66951415392788,0,0,487.8965647994789
VEN-04583,0,37.18370824489626,1,0,772.9209680104518
VEN-04584,1,73.65555026426757,0,0,666.3887667494307
VEN-04585,0,7.368328367033181,0,0,724.8369296816617
VEN-04586,2,63.8082057661543,1,1,843.4384534098202
VEN-04587,1,30.164826147477164,0,0,829.5351270169305
VEN-04588,0,13.701519579273608,2,1,641.5297997863315
VEN-04589,2,24.71330946943343,0,1,774.6928504866218
VEN-04590,2,36.66029265986159,0,0,720.720790248733
VEN-04591,3,24.963935877042807,1,0,847.1405858040539
VEN-04592,2,87.38614460965522,0,3,950.0
VEN-04593,2,24.810808045014888,0,0,844.4455905674919
VEN-04594,3,27.11199397774168,1,1,669.2223145388244
VEN-04595,3,45.55302563294895,2,3,768.9865011824511
VEN-04596,0,54.87916330001946,0,1,653.1629192661412
VEN-04597,1,26.067983526723246,0,0,615.568480438633
VEN-04598,5,80.46188908567323,0,0,858.8069659879034
VEN-04599,0,29.56366560136464,0,1,683.200978848107
VEN-04600,1,20.637650577216547,0,1,713.1128991015177
VEN-04601,1,20.15439093828885,2,0,794.6155073508618
VEN-04602,1,42.16295952258284,0,0,892.9747958027781
VEN-04603,0,15.99064146711516,0,0,865.7646104590515
VEN-04604,2,54.57095216575763,1,0,859.5557923846966
VEN-04605,1,6.696485293313701,0,0,633.47945370198
VEN-04606,2,13.795821420126794,0,0,753.1642970473964
VEN-04607,0,55.51679307697318,0,1,950.0
VEN-04608,2,27.0133916432583,0,0,743.2559799876672
VEN-04609,1,9.339457632629012,0,2,721.7786086346955
VEN-04610,1,25.25614746407156,2,0,676.8623419292749
VEN-04611,0,29.268376018359067,1,2,871.8663402518747
VEN-04612,2,59.34027859877195,1,0,825.2351638019024
VEN-04613,3,14.48628298269024,0,0,571.629798764231
VEN-04614,1,40.20827676307866,1,0,871.170217385684
VEN-04615,0,44.42577404693382,0,0,782.8130680612672
VEN-04616,1,53.75431374714091,0,2,810.648468383358
VEN-04617,2,36.429862391995314,0,0,682.1279370125233
VEN-04618,0,56.0158839307896,2,0,814.7763546522752
VEN-04619,0,42.745081517505966,0,0,678.3592427680355
VEN-04620,1,117.03880088023192,0,0,503.7888446274048
VEN-04621,0,59.85801938874425,0,0,579.2360823998267
VEN-04622,0,8.308241926084419,1,2,887.3219997671162
VEN-04623,2,42.66913138849512,0,0,719.3198487499352
VEN-04624,0,46.38926989824565,0,0,594.1005249500972
VEN-04625,2,16.057032426963094,0,0,676.4322957068212
VEN-04626,2,31.175907113492286,0,2,611.8383811507998
VEN-04627,0,12.047635836608372,0,0,738.309951914096
VEN-04628,0,26.652908835308036,2,1,890.4276795205142
VEN-04629,1,74.33852079831841,0,1,705.2882360206025
VEN-04630,1,35.75114059699436,0,0,765.5679927031177
VEN-04631,2,61.04365915200307,0,0,836.247108080536
VEN-04632,1,49.61445812362811,0,1,809.1409990691832
VEN-04633,1,88.48821383942739,0,0,745.2033509470762
VEN-04634,1,18.447438096925023,0,1,670.3081733108186
VEN-04635,0,43.633713121245165,0,3,631.79826601874
VEN-04636,0,20.951286227879336,1,0,676.9571235728081
VEN-04637,1,62.63551288873693,0,0,575.7436470140598
VEN-04638,0,50.708729688337776,0,0,762.982365419928
VEN-04639,0,17.802218733003116,0,0,785.5170613515224
VEN-04640,2,12.329303807258842,0,0,749.0995396602326
VEN-04641,3,55.360946229436166,0,2,598.6083011732031
VEN-04642,1,27.79828179310506,1,1,920.6576693496436
VEN-04643,0,22.02445496735833,1,0,783.5672415401862
VEN-04644,1,18.78662496586065,0,2,950.0
VEN-04645,1,77.92381124521991,0,0,634.6147738248412
VEN-04646,1,59.76775350000149,0,0,833.5885951197215
VEN-04647,1,26.714122899373784,1,0,787.8689451908863
VEN-04648,2,10.516808390455743,0,1,804.1014042884902
VEN-04649,0,17.2873446526897,0,1,730.432103383808
VEN-04650,3,30.70649037800266,0,1,950.0
VEN-04651,3,21.025515389905376,1,1,708.4614212520084
VEN-04652,1,32.41852804507181,0,2,721.2501348110466
VEN-04653,0,29.563861885304263,0,2,647.3196960495583
VEN-04654,1,10.991890774416172,0,1,893.2830325322653
VEN-04655,1,50.82501699547615,0,0,682.0928182669272
VEN-04656,1,66.11872763518213,0,0,823.7677715530101
VEN-04657,0,38.314780978314914,0,0,858.9796718877637
VEN-04658,0,102.85945043806213,0,1,751.9880558905908
VEN-04659,0,34.730040975796705,0,0,774.9654042351357
VEN-04660,2,75.22578285642967,0,0,786.3596791993971
VEN-04661,0,77.07498587619857,0,0,750.6947254272425
VEN-04662,0,24.167784913315604,2,1,856.8953555115309
VEN-04663,1,39.68960237969014,0,0,735.4133354857188
VEN-04664,0,26.913402154670763,0,0,790.3223903014828
VEN-04665,0,38.095950239056094,0,0,824.3439232565145
VEN-04666,1,59.09203723665507,1,1,926.5568357747128
VEN-04667,2,30.141956537901574,0,1,789.0345828581505
VEN-04668,1,36.55187861415776,0,0,801.3312384571668
VEN-04669,1,37.71211337611295,1,2,703.5219293177192
VEN-04670,4,17.02149935368672,0,0,806.4925122699967
VEN-04671,1,65.7922383790878,0,0,814.9110823442237
VEN-04672,1,55.75015716645203,1,1,561.3136123954628
VEN-04673,0,28.11962396332993,0,0,687.2761405088218
VEN-04674,1,29.999077744164204,0,0,687.9012955578316
VEN-04675,1,29.63419702398635,1,1,773.404374187736
VEN-04676,0,26.60706076391896,0,0,780.6474996827653
VEN-04677,2,98.87473079574204,0,1,549.1521577721378
VEN-04678,1,37.34606549928256,0,0,867.9383437487108
VEN-04679,1,16.483238081392894,1,0,748.8377071484252
VEN-04680,1,20.10231735798508,1,2,693.719489392575
VEN-04681,2,79.21643030504549,0,0,678.759397022393
VEN-04682,2,37.52994269394389,1,0,859.7359045120571
VEN-04683,2,21.662711218065706,0,2,806.4417003557835
VEN-04684,4,27.36285443501868,0,0,755.1223081436899
VEN-04685,1,47.59541058492751,0,2,728.5920638015168
VEN-04686,1,28.284907590200103,0,0,527.8453919259605
VEN-04687,2,34.49838577559711,0,0,746.39915938327
VEN-04688,1,21.69157267904153,1,0,697.2216971681603
VEN-04689,1,35.47968515556708,0,0,679.2149536165801
VEN-04690,0,27.109203783625304,0,2,680.6190739915169
VEN-04691,0,39.13573670073567,0,1,799.2359685814567
VEN-04692,0,29.82770609667024,2,2,833.2540824593815
VEN-04693,0,46.47837015659022,0,1,618.3241021357176
VEN-04694,3,25.82297017100778,1,0,587.466799400206
VEN-04695,1,20.848017745188717,0,1,841.8660902244352
VEN-04696,0,46.83639737695131,0,1,709.2491854652698
VEN-04697,2,13.962509744615874,1,1,809.5323612970378
VEN-04698,1,114.36381148842248,0,0,878.6586858108739
VEN-04699,2,6.765303549817605,0,0,792.6299875451792
VEN-04700,1,79.11105439107443,0,0,815.4528687592349
VEN-04701,1,33.01711026083949,0,0,889.0944512977745
VEN-04702,3,48.781478973211776,1,0,723.0973191177443
VEN-04703,1,62.39859711720544,1,1,719.7282384360357
VEN-04704,3,23.27116062500289,0,0,659.3834796923035
VEN-04705,0,26.82994623015005,0,0,920.5438143790836
VEN-04706,3,67.66998090070592,0,2,783.7293298193997
VEN-04707,1,14.979731854108556,0,0,853.2874224190494
VEN-04708,1,62.36453023647045,1,1,633.0398248744497
VEN-04709,3,71.34164644337937,0,1,871.3006076067034
VEN-04710,2,30.52118453119488,0,0,837.5533900357567
VEN-04711,2,59.83283818451528,2,2,793.9407415730559
VEN-04712,3,20.705701813480974,0,0,878.6478004954096
VEN-04713,0,105.67010833250475,1,2,935.0055919438488
VEN-04714,2,28.020003719000428,0,0,765.1447279136987
VEN-04715,5,46.39134398553955,0,0,805.2529886778281
VEN-04716,1,54.46836852435681,0,0,875.8822185975367
VEN-04717,1,8.209360908971357,1,0,751.5230632481241
VEN-04718,1,21.90489700417128,0,3,793.8222815046181
VEN-04719,0,30.42661282653572,0,1,700.6001469566663
VEN-04720,0,15.975103215819372,0,1,823.025785768006
VEN-04721,0,10.798913138981096,2,0,857.2795122583457
VEN-04722,2,45.21309062676149,1,0,747.667233546605
VEN-04723,1,58.30914639089656,2,0,777.9237384345782
VEN-04724,0,77.29663808725422,0,1,929.8150554932758
VEN-04725,0,34.336331196672624,1,0,812.6267276770844
VEN-04726,3,15.258028307825777,0,2,669.2827262105079
VEN-04727,0,14.97712519453038,0,1,744.9624945134369
VEN-04728,2,10.070336762634357,0,0,689.2493138522232
VEN-04729,1,70.89183735798439,1,0,675.1659135101172
VEN-04730,1,33.55025058267729,0,1,624.0255185807835
VEN-04731,1,37.6524279102121,0,2,652.1042982409582
VEN-04732,1,62.34438711519479,1,0,744.4694628823603
VEN-04733,2,26.647173959564373,0,0,798.4621803853249
VEN-04734,0,40.202471599811474,1,1,669.7495313340817
VEN-04735,3,13.193695794477092,0,0,755.4829110988366
VEN-04736,3,20.20222720056497,0,1,805.4798293683104
VEN-04737,3,36.43626566891265,0,1,874.9913672629191
VEN-04738,1,13.21290042702646,0,1,756.6730611145074
VEN-04739,1,12.770657450154289,1,0,822.6905488770283
VEN-04740,2,32.69870692760295,0,0,842.0754820855091
VEN-04741,0,37.77489075248422,1,0,741.5095202324414
VEN-04742,1,58.111441868615,1,0,724.5828673742737
VEN-04743,3,7.311145809395632,0,0,739.2697882382001
VEN-04744,0,20.96318712608888,1,2,715.7255865390127
VEN-04745,4,52.48099274920395,2,1,837.7340830523867
VEN-04746,2,63.995874830967054,0,0,844.9752817064142
VEN-04747,1,94.90492491217684,0,0,851.3595440147612
VEN-04748,2,23.194628309845307,0,0,656.6686317411009
VEN-04749,1,4.932982405208394,2,0,657.1670453560912
VEN-04750,0,38.08434565820029,0,1,844.5731026306503
VEN-04751,0,69.71279663948903,0,0,842.8532438400398
VEN-04752,1,22.777762297061685,0,1,845.2074218303864
VEN-04753,1,29.79793904485383,0,0,606.7729222783539
VEN-04754,0,3.1918771101057093,1,1,754.1672099345888
VEN-04755,1,27.74677121826352,0,1,685.5894747592204
VEN-04756,3,15.538876975696738,1,2,821.7504246312765
VEN-04757,2,23.48396185423633,0,0,711.2193088911023
VEN-04758,0,38.87242864179407,1,0,732.9309955353759
VEN-04759,0,64.53230527406757,0,1,705.231054326457
VEN-04760,2,47.10648073586677,0,0,872.3938025657662
VEN-04761,0,14.714169255172807,0,1,781.3189190322065
VEN-04762,1,15.235369315877849,1,1,646.7680240979712
VEN-04763,2,15.640358180886212,0,1,898.3421957434207
VEN-04764,1,6.84045250452038,0,0,831.0721261667937
VEN-04765,0,51.92212707841856,0,0,907.3377357864676
VEN-04766,1,26.76657533869014,0,0,698.8299757935424
VEN-04767,0,26.28372311271997,0,0,875.1013273953478
VEN-04768,1,55.21737705033916,2,1,814.2148777850961
VEN-04769,1,58.96164055932689,0,1,651.3163110258998
VEN-04770,1,44.42852543624926,0,0,711.5581056466011
VEN-04771,4,22.44498059963089,0,2,657.1402430534941
VEN-04772,0,38.32869307644554,0,2,747.9587824839874
VEN-04773,2,39.75857584215933,0,0,767.8035885654834
VEN-04774,1,50.90661862556905,0,0,821.4566716931156
VEN-04775,2,40.5698725941967,3,1,876.4362827763097
VEN-04776,1,34.033428620016004,0,0,601.1481616068393
VEN-04777,1,29.584552856604027,1,1,680.023141472203
VEN-04778,1,20.76480244398474,0,2,749.2477584201963
VEN-04779,1,34.065143356213234,1,1,778.5928789511286
VEN-04780,3,38.48727392218902,0,0,819.2236821044132
VEN-04781,0,60.66665121412285,2,1,769.7788871012333
VEN-04782,0,84.22991044440245,0,2,600.8927368453174
VEN-04783,1,33.75969887229736,0,0,714.9470749459872
VEN-04784,0,6.201961667695896,0,0,760.7945459479015
VEN-04785,0,62.762993796822094,1,0,622.5311108917654
VEN-04786,0,45.74107885196146,2,0,801.9734629177088
VEN-04787,0,32.847026800712285,1,0,894.6943655541297
VEN-04788,3,14.764604513272326,1,0,914.533000125584
VEN-04789,1,34.57437013569852,1,1,740.8521726526949
VEN-04790,1,105.27914017674767,1,1,856.8720909383776
VEN-04791,0,17.803489643918404,1,0,950.0
VEN-04792,1,66.81512944228874,1,2,732.7185581740064
VEN-04793,0,45.81740956521483,1,1,804.7811238262293
VEN-04794,1,31.970863193681957,0,1,870.5258249245909
VEN-04795,2,40.33269677928851,0,0,739.1841802776735
VEN-04796,0,5.726226870376439,0,0,787.9520418144982
VEN-04797,1,31.415889942262428,0,2,929.421833480002
VEN-04798,0,26.510524631336537,0,0,830.9602632321767
VEN-04799,3,65.36043372993393,0,0,690.231134375561
VEN-04800,1,40.77393628601363,0,2,679.8568542244989
VEN-04801,0,35.72117119572941,1,1,655.0335935362582
VEN-04802,1,30.4968275084221,0,0,942.5731501303434
VEN-04803,0,63.48444007021386,1,0,753.917694984581
VEN-04804,1,31.269369718434064,0,1,726.6073741608403
VEN-04805,1,69.01824688539793,0,0,788.969515105609
VEN-04806,2,12.366698185402964,0,1,878.9214631572842
VEN-04807,1,107.70526877483002,0,0,836.2921161531227
VEN-04808,0,15.260476043323894,0,0,823.3722877450763
VEN-04809,2,46.43958006951309,1,0,858.4110514173956
VEN-04810,2,28.697965906550877,0,0,771.8903661012439
VEN-04811,0,52.33383290344403,0,0,617.3716768140594
VEN-04812,0,35.22457411083689,0,0,645.283337635834
VEN-04813,0,45.25478119005391,0,0,897.6348084501174
VEN-04814,0,34.38072185484521,0,0,804.1269611053591
VEN-04815,1,18.77009087335145,0,1,614.120185209729
VEN-04816,1,34.77354643352531,0,0,838.2292731911814
VEN-04817,1,52.808626316470416,0,2,605.724170132633
VEN-04818,1,7.51914265965067,1,1,805.9816138938276
VEN-04819,4,54.6835735337885,1,0,734.3516937489148
VEN-04820,1,24.559298356310386,0,2,645.8004967807525
VEN-04821,1,73.65836013699624,0,0,855.2522595476315
VEN-04822,0,15.24979544003215,0,1,721.7226484419074
VEN-04823,1,30.818988115937284,0,0,797.8968236298439
VEN-04824,0,15.033576528254672,0,0,819.4631540914185
VEN-04825,2,22.9333954209092,0,1,754.178676188427
VEN-04826,0,20.637532327961665,0,2,715.0717000046868
VEN-04827,0,33.31154356034797,0,1,680.8494083320588
VEN-04828,1,34.36382936790616,0,0,662.9624071891483
VEN-04829,0,50.47380070203885,1,1,711.237872768392
VEN-04830,0,13.704453126489677,1,2,509.404778949444
VEN-04831,0,28.744201150143,1,1,859.3045607515335
VEN-04832,1,8.18570740512098,0,1,728.7410667310796
VEN-04833,4,39.96398915957518,0,0,659.2264290340441
VEN-04834,0,47.53342634542671,0,0,936.5058171034904
VEN-04835,0,32.027056440810426,0,0,783.1782501020114
VEN-04836,3,19.599856105400075,1,2,906.5040849669132
VEN-04837,1,22.56471579151475,0,1,950.0
VEN-04838,1,24.990442397979898,0,0,780.679366105604
VEN-04839,2,34.60437723105763,0,0,675.3521008813675
VEN-04840,0,14.1034959908453,1,0,467.6738566419852
VEN-04841,1,35.11496488952839,0,0,728.037586395519
VEN-04842,1,19.62139411845088,0,0,758.4788459923926
VEN-04843,2,115.02236007095216,0,0,680.7745766389365
VEN-04844,1,50.11434661093513,1,1,950.0
VEN-04845,1,7.730158932287573,0,0,768.6246145871854
VEN-04846,1,12.6032524143986,1,0,662.7271765229674
VEN-04847,2,15.94566794545666,1,1,950.0
VEN-04848,2,34.96813172407632,0,0,808.2505180370291
VEN-04849,1,47.267037104887535,0,0,750.2544914028072
VEN-04850,1,21.84517521636357,1,0,682.5640570672668
VEN-04851,0,25.14780549114772,1,0,640.3314282481994
VEN-04852,0,13.770991058698224,1,1,920.0220304716736
VEN-04853,1,35.639418959994096,0,0,589.2565781048152
VEN-04854,1,42.37782041109424,0,0,904.4540818717578
VEN-04855,0,48.70251686029748,0,0,743.4174447638807
VEN-04856,1,19.490555544181824,1,0,727.4057676028036
VEN-04857,1,9.768111710875512,1,0,875.8740128652557
VEN-04858,0,52.32868183995945,0,0,780.324477877265
VEN-04859,4,58.57844465784651,0,0,596.2557194761922
VEN-04860,1,5.965093722102194,1,0,807.983384654548
VEN-04861,1,38.759190002240175,0,0,768.3554790466976
VEN-04862,4,38.18265006500394,0,1,812.6734182545697
VEN-04863,2,13.601241793861885,0,0,677.3476656929263
VEN-04864,1,23.92085948822754,1,0,693.8511279783037
VEN-04865,0,14.079175351635524,0,0,663.9565065736182
VEN-04866,0,7.944493545292335,2,0,782.8373139026618
VEN-04867,2,42.91399387625901,1,1,689.935961661847
VEN-04868,1,65.24712355245195,0,0,704.8414995521798
VEN-04869,0,98.2846121181208,1,2,880.0581856444844
VEN-04870,0,77.61200466696192,0,0,689.9829377156943
VEN-04871,0,28.802784446988024,0,0,785.1362659496948
VEN-04872,2,41.90828060578536,1,2,774.252446241798
VEN-04873,3,12.77404133143283,1,0,897.0464579447084
VEN-04874,0,43.58768161175063,1,1,854.5639505970441
VEN-04875,0,69.64948513619638,0,0,512.3445554107633
VEN-04876,2,20.433634379058734,0,0,842.2618688347022
VEN-04877,1,58.12117614647824,0,0,496.7906206720416
VEN-04878,0,136.3304435352506,0,1,887.2045725324574
VEN-04879,0,23.925516160383,1,1,761.030289503148
VEN-04880,0,8.190849979893903,0,0,834.3023403649731
VEN-04881,1,43.493952974040766,0,0,725.9210312685705
VEN-04882,1,34.876806921095714,1,0,724.2849920316456
VEN-04883,1,64.79736794186272,1,0,663.0827759455623
VEN-04884,0,52.4963747688521,0,0,671.1622390963779
VEN-04885,0,36.2745423557989,0,0,839.8642351418277
VEN-04886,0,35.23988018605392,0,0,592.9676437248311
VEN-04887,1,37.67596460587364,0,1,792.648185778674
VEN-04888,2,21.463055230567004,0,1,822.8112089443547
VEN-04889,1,30.86112015040442,1,1,809.6734100151222
VEN-04890,0,61.223904010875074,0,0,796.0418985833046
VEN-04891,0,68.3263914259559,0,1,810.0482308718216
VEN-04892,1,37.442570983496246,0,0,732.096658846375
VEN-04893,0,24.529851425296208,0,0,848.4597541271528
VEN-04894,0,39.22933884913212,0,1,865.392302315456
VEN-04895,2,42.452424384556544,0,2,782.8721134652365
VEN-04896,1,54.46090403628979,0,0,676.8392169438159
VEN-04897,0,21.592129358668725,0,0,679.4811855569775
VEN-04898,2,40.69800730263815,2,3,829.0101612043721
VEN-04899,2,79.45027899645262,0,0,688.7333663102137
VEN-04900,0,9.460627851951754,0,1,570.1190278506399
VEN-04901,2,33.58248635148851,1,0,732.1938783260747
VEN-04902,3,62.77434170455348,0,1,668.6107962383512
VEN-04903,0,12.913640924286955,0,1,810.9542589727081
VEN-04904,2,76.49913443043562,0,0,864.5982997081866
VEN-04905,3,8.958056341402076,0,0,739.3149320057995
VEN-04906,0,8.746127101808055,0,0,712.9109817939963
VEN-04907,0,52.88777310169388,0,1,827.4385126491932
VEN-04908,1,55.41936624802084,1,0,844.5037585225164
VEN-04909,0,80.80068303025685,0,1,885.5563667234474
VEN-04910,0,18.61851841941452,1,0,741.3711201473889
VEN-04911,2,13.47371001993884,0,1,805.7927727252237
VEN-04912,1,13.644125537293167,0,1,747.5699349816166
VEN-04913,0,3.305828556240819,0,1,698.2072248429149
VEN-04914,1,13.534491348050588,0,0,655.2662126052785
VEN-04915,1,55.81399084860858,0,0,795.4991068323609
VEN-04916,2,15.237429868104758,1,0,711.485020567304
VEN-04917,0,66.25128223132376,0,0,718.1499291385377
VEN-04918,1,27.540272322495063,1,0,950.0
VEN-04919,1,39.670890441919546,0,0,806.840637417372
VEN-04920,0,18.477273071795786,1,0,717.2367012331839
VEN-04921,0,60.79526370950142,0,0,914.5380309614842
VEN-04922,1,14.507137039911424,1,1,765.6747721373306
VEN-04923,0,30.781051448635527,0,0,749.8566885030575
VEN-04924,2,16.248223213514848,2,1,732.8712338595236
VEN-04925,0,25.06638520875097,1,0,764.4636958614386
VEN-04926,3,38.85224531482716,1,0,768.8833198505488
VEN-04927,1,35.58200972482649,0,0,680.6829505915723
VEN-04928,2,48.02431040012983,0,1,674.9973620621363
VEN-04929,0,26.165232953433225,0,1,675.7411413400657
VEN-04930,1,44.69304309881914,0,1,847.2235675586738
VEN-04931,1,55.29618227507217,1,0,790.2365673654803
VEN-04932,1,59.99122713244097,0,0,794.7116572515675
VEN-04933,1,33.64305433433859,0,0,606.260132413023
VEN-04934,0,28.89344354452985,0,1,622.4885218465495
VEN-04935,3,116.93446407422373,0,0,783.8270649190847
VEN-04936,1,54.90261175213933,0,2,825.2936362486173
VEN-04937,3,55.50644587210739,2,1,871.1853822102089
VEN-04938,1,19.83352076371672,1,0,851.1236570710535
VEN-04939,0,27.234463405980488,0,1,815.8230015374487
VEN-04940,1,30.257155819003923,0,1,882.7050674960145
VEN-04941,0,63.09741357454244,0,0,558.9277750986877
VEN-04942,1,12.171618539238796,2,0,727.5610837784242
VEN-04943,0,31.02114424093071,0,2,880.2118127395821
VEN-04944,0,18.962187369101883,1,0,789.0506035044845
VEN-04945,0,40.75068704733374,0,0,819.5497611527709
VEN-04946,0,27.489218889408868,0,1,892.2826453126546
VEN-04947,0,29.44130957030567,1,1,717.4094971018293
VEN-04948,0,25.659058226336604,0,1,728.8596210071046
VEN-04949,2,47.10450820427928,1,1,639.171123092763
VEN-04950,0,14.083073351845822,0,2,780.7023952410259
VEN-04951,1,24.744940338276,1,1,716.1323030815867
VEN-04952,0,17.65229958680127,0,0,784.0533394434037
VEN-04953,1,42.087538509839646,0,1,939.3980397758394
VEN-04954,0,30.53439873693388,1,1,713.4147838941383
VEN-04955,1,30.912099254658216,0,0,753.918864981997
VEN-04956,3,43.120100125468,1,0,798.8713002967146
VEN-04957,0,48.68925562746272,1,1,725.795468609597
VEN-04958,1,19.116401464442195,1,0,748.8975063499887
VEN-04959,1,43.00648122319447,0,2,769.4274719850062
VEN-04960,0,30.27971041713335,0,0,561.0895588803884
VEN-04961,0,34.88081715430076,1,0,852.7936565533884
VEN-04962,1,23.52994096380054,0,0,873.5915307489415
VEN-04963,1,74.25350110070487,1,1,826.8632541406743
VEN-04964,2,25.386862734345986,0,0,555.9182864441964
VEN-04965,0,22.29466745813524,0,2,842.3141439066355
VEN-04966,1,33.27670967646319,0,1,899.6509984446312
VEN-04967,1,45.14946544389037,0,0,876.8134855110794
VEN-04968,0,25.717208936513888,0,1,773.1498046633233
VEN-04969,3,75.5776891339107,2,0,768.6994446299205
VEN-04970,1,26.15751152124152,0,1,857.7023803000083
VEN-04971,1,23.77054955942948,0,0,543.6068275506871
VEN-04972,1,20.28333074776728,0,0,755.1790200354425
VEN-04973,2,31.31216508864916,0,1,741.805044366487
VEN-04974,2,31.142724233112432,1,0,716.1753131184902
VEN-04975,0,8.133303805373497,0,1,673.7217821991777
VEN-04976,0,37.18998951432276,0,2,825.8461809379498
VEN-04977,0,45.84025233895562,1,0,756.5620389023162
VEN-04978,4,16.714896938111,1,0,818.0870354686965
VEN-04979,3,46.68669140826916,2,0,847.6857250897376
VEN-04980,0,84.72412592137061,0,1,770.5049956928758
VEN-04981,0,12.968425016798454,0,2,751.6309522867248
VEN-04982,2,21.194951228393965,0,2,584.6932196952778
VEN-04983,0,48.751368825922654,2,0,649.8852205283827
VEN-04984,0,35.33235552899031,1,1,774.4531414853576
VEN-04985,1,63.0833219113202,0,1,849.9245893305632
VEN-04986,2,18.703051736438773,0,0,691.7273766306839
VEN-04987,2,14.728486302062835,0,0,709.720365041401
VEN-04988,0,16.973194473620815,3,0,782.7556666124227
VEN-04989,1,53.7252418031484,0,2,813.8235791253495
VEN-04990,1,41.24629695035428,0,1,812.7458663494494
VEN-04991,1,16.82240363551386,0,2,724.5936380130441
VEN-04992,1,15.22021133069771,0,1,950.0
VEN-04993,0,21.05404594348153,0,0,863.1686640803605
VEN-04994,0,56.72103356053622,0,0,701.1146566496066
VEN-04995,1,29.71676167543396,0,1,790.5806908626304
VEN-04996,2,31.858752477057724,0,0,849.2212584184525
VEN-04997,1,38.10982976013953,0,0,678.736069786195
VEN-04998,0,7.671290498777665,0,0,700.0047516486914
VEN-04999,0,61.60263492769027,1,1,750.0480527242444
VEN-05000,1,55.82816294462579,0,1,651.9504006512554
