vendor_key,overdue_review_12m,control_deficiency_12m,concentration_event_12m,financial_distress_12m,contract_non_compliance_12m
VEN-00001,0,0,0,0,1
VEN-00002,0,0,0,0,0
VEN-00003,0,1,0,0,0
VEN-00004,0,0,0,0,1
VEN-00005,0,0,0,0,0
VEN-00006,1,0,1,0,0
VEN-00007,0,0,0,0,0
VEN-00008,0,0,0,0,0
VEN-00009,0,0,0,0,0
VEN-00010,0,1,0,1,0
VEN-00011,0,0,1,0,0
VEN-00012,0,0,0,0,0
VEN-00013,0,0,0,0,0
VEN-00014,1,0,1,1,0
VEN-00015,0,0,0,0,0
VEN-00016,0,0,0,0,0
VEN-00017,0,0,0,0,0
VEN-00018,0,0,0,0,1
VEN-00019,0,0,1,0,1
VEN-00020,0,1,0,0,0
VEN-00021,0,0,0,1,0
VEN-00022,0,0,0,0,0
VEN-00023,0,0,0,0,0
VEN-00024,0,0,0,0,0
VEN-00025,0,0,0,0,0
VEN-00026,0,1,0,0,0
VEN-00027,0,0,0,0,1
VEN-00028,0,0,0,0,0
VEN-00029,0,0,0,0,0
VEN-00030,0,0,0,0,0
VEN-00031,0,0,0,0,0
VEN-00032,1,0,0,0,0
VEN-00033,0,0,0,0,0
VEN-00034,0,0,0,0,1
VEN-00035,0,1,0,0,0
VEN-00036,0,0,0,0,0
VEN-00037,0,0,0,0,0
VEN-00038,0,0,1,0,0
VEN-00039,0,0,0,0,0
VEN-00040,0,0,0,0,0
VEN-00041,1,0,0,0,1
VEN-00042,0,0,0,0,0
VEN-00043,0,0,0,0,0
VEN-00044,0,0,0,0,1
VEN-00045,0,0,0,0,0
VEN-00046,0,0,0,0,0
VEN-00047,0,0,0,0,0
VEN-00048,0,0,0,0,0
VEN-00049,0,0,0,0,1
VEN-00050,0,0,0,0,0
VEN-00051,0,0,0,0,0
VEN-00052,0,0,0,0,0
VEN-00053,0,0,0,0,0
VEN-00054,0,0,0,0,0
VEN-00055,0,0,0,0,0
VEN-00056,0,1,0,0,0
VEN-00057,0,0,0,1,0
VEN-00058,1,0,0,0,1
VEN-00059,0,0,0,0,0
VEN-00060,0,0,0,0,0
VEN-00061,0,0,0,0,0
VEN-00062,0,0,0,0,0
VEN-00063,0,0,0,0,0
VEN-00064,1,0,0,1,0
VEN-00065,0,0,0,0,0
VEN-00066,0,0,0,1,0
VEN-00067,0,0,1,0,1
VEN-00068,0,0,1,0,0
VEN-00069,1,0,0,1,0
VEN-00070,0,0,0,0,0
VEN-00071,0,0,0,0,0
VEN-00072,0,0,0,0,0
VEN-00073,0,0,0,0,0
VEN-00074,0,0,0,0,0
VEN-00075,0,0,0,1,0
VEN-00076,0,0,0,0,0
VEN-00077,0,0,0,0,0
VEN-00078,1,0,0,1,1
VEN-00079,0,0,0,0,0
VEN-00080,0,0,0,0,0
VEN-00081,0,0,0,0,0
VEN-00082,0,0,0,0,0
VEN-00083,0,0,0,0,0
VEN-00084,0,0,0,0,0
VEN-00085,0,0,1,0,0
VEN-00086,0,0,1,0,0
VEN-00087,0,0,0,0,0
VEN-00088,0,0,0,0,0
VEN-00089,0,0,0,0,0
VEN-00090,0,0,0,0,0
VEN-00091,0,0,0,0,0
VEN-00092,0,0,0,0,0
VEN-00093,1,1,0,0,0
VEN-00094,0,0,0,0,0
VEN-00095,1,0,0,0,0
VEN-00096,0,0,0,0,0
VEN-00097,0,0,0,0,0
VEN-00098,0,0,0,0,0
VEN-00099,0,0,0,0,0
VEN-00100,0,1,0,0,0
VEN-00101,1,1,0,0,0
VEN-00102,0,0,0,1,0
VEN-00103,0,0,0,0,0
VEN-00104,0,0,0,0,0
VEN-00105,1,0,0,0,0
VEN-00106,0,0,0,0,0
VEN-00107,1,0,0,0,0
VEN-00108,0,0,0,0,1
VEN-00109,0,0,0,1,0
VEN-00110,0,0,0,0,1
VEN-00111,0,0,1,0,0
VEN-00112,0,0,1,0,0
VEN-00113,0,0,0,0,0
VEN-00114,0,0,0,0,0
VEN-00115,0,0,0,0,0
VEN-00116,0,0,0,0,0
VEN-00117,0,0,0,0,1
VEN-00118,0,0,0,1,0
VEN-00119,0,0,0,0,1
VEN-00120,0,0,0,0,0
VEN-00121,0,0,0,0,0
VEN-00122,0,1,0,0,0
VEN-00123,0,0,0,0,1
VEN-00124,0,0,0,0,0
VEN-00125,0,0,0,0,0
VEN-00126,0,0,0,0,1
VEN-00127,0,0,0,0,0
VEN-00128,0,0,1,0,0
VEN-00129,1,0,0,1,0
VEN-00130,0,0,0,0,0
VEN-00131,0,0,0,0,0
VEN-00132,0,0,1,0,0
VEN-00133,0,0,0,0,0
VEN-00134,0,0,0,0,0
VEN-00135,0,0,0,0,0
VEN-00136,0,0,0,0,0
VEN-00137,0,0,0,0,1
VEN-00138,0,0,0,0,0
VEN-00139,0,0,0,0,0
VEN-00140,0,0,0,0,0
VEN-00141,0,0,0,0,0
VEN-00142,0,0,0,0,0
VEN-00143,1,0,0,1,0
VEN-00144,0,1,1,0,0
VEN-00145,0,0,0,0,0
VEN-00146,0,0,0,0,0
VEN-00147,0,0,0,0,0
VEN-00148,1,0,0,0,0
VEN-00149,0,0,0,0,0
VEN-00150,0,0,0,0,0
VEN-00151,1,0,0,0,0
VEN-00152,0,0,0,0,0
VEN-00153,1,0,0,0,0
VEN-00154,0,0,1,1,0
VEN-00155,0,0,0,1,0
VEN-00156,0,0,0,1,0
VEN-00157,0,0,0,1,0
VEN-00158,0,0,0,0,0
VEN-00159,0,0,0,1,0
VEN-00160,1,0,0,0,0
VEN-00161,0,0,0,0,0
VEN-00162,0,0,0,0,0
VEN-00163,0,0,0,0,0
VEN-00164,0,0,1,0,0
VEN-00165,0,1,0,1,0
VEN-00166,0,0,0,0,0
VEN-00167,0,0,0,1,0
VEN-00168,0,0,1,0,0
VEN-00169,0,0,0,0,0
VEN-00170,0,0,0,0,0
VEN-00171,0,0,0,0,0
VEN-00172,0,1,1,0,0
VEN-00173,0,0,0,0,0
VEN-00174,0,0,0,0,0
VEN-00175,0,0,0,0,0
VEN-00176,0,0,0,0,0
VEN-00177,0,1,0,0,0
VEN-00178,0,0,0,0,0
VEN-00179,1,1,0,0,0
VEN-00180,0,0,0,0,0
VEN-00181,0,0,0,0,0
VEN-00182,0,0,0,1,0
VEN-00183,0,0,1,0,0
VEN-00184,0,0,0,0,0
VEN-00185,0,0,0,0,0
VEN-00186,0,0,0,0,0
VEN-00187,0,0,0,1,0
VEN-00188,1,0,0,0,0
VEN-00189,0,0,1,0,0
VEN-00190,0,1,1,0,0
VEN-00191,0,0,0,0,0
VEN-00192,0,0,1,0,0
VEN-00193,1,0,0,0,0
VEN-00194,0,0,0,1,0
VEN-00195,0,0,0,0,0
VEN-00196,0,0,0,0,0
VEN-00197,0,0,0,0,0
VEN-00198,0,0,1,0,0
VEN-00199,0,0,0,0,0
VEN-00200,1,0,0,0,0
VEN-00201,0,0,0,0,0
VEN-00202,0,0,1,0,0
VEN-00203,0,1,0,0,0
VEN-00204,0,0,0,0,0
VEN-00205,0,0,0,0,0
VEN-00206,0,0,1,0,0
VEN-00207,0,0,0,0,0
VEN-00208,0,0,1,0,0
VEN-00209,0,0,0,0,0
VEN-00210,0,0,0,0,0
VEN-00211,0,0,0,0,0
VEN-00212,0,0,0,1,0
VEN-00213,0,0,0,1,0
VEN-00214,0,0,0,1,0
VEN-00215,0,0,0,0,0
VEN-00216,0,0,0,0,0
VEN-00217,0,0,0,0,0
VEN-00218,0,0,1,0,1
VEN-00219,0,0,0,1,0
VEN-00220,0,0,0,0,0
VEN-00221,0,0,0,0,0
VEN-00222,0,0,0,0,0
VEN-00223,0,0,1,0,0
VEN-00224,1,0,0,0,1
VEN-00225,0,1,0,0,0
VEN-00226,1,0,0,0,0
VEN-00227,0,1,1,0,0
VEN-00228,1,1,0,0,0
VEN-00229,0,0,1,0,1
VEN-00230,0,0,0,0,0
VEN-00231,0,0,0,0,0
VEN-00232,0,1,0,0,0
VEN-00233,1,1,1,0,0
VEN-00234,0,0,0,0,1
VEN-00235,0,0,0,0,0
VEN-00236,0,0,0,0,0
VEN-00237,1,0,0,1,0
VEN-00238,0,0,1,0,0
VEN-00239,0,0,0,0,0
VEN-00240,0,0,0,0,0
VEN-00241,1,0,0,0,0
VEN-00242,0,0,0,0,0
VEN-00243,0,0,0,0,0
VEN-00244,0,0,1,0,0
VEN-00245,0,0,0,0,0
VEN-00246,0,0,0,0,0
VEN-00247,0,0,0,0,0
VEN-00248,0,1,0,0,0
VEN-00249,0,1,0,1,0
VEN-00250,1,0,0,0,0
VEN-00251,0,0,0,0,0
VEN-00252,0,0,0,1,0
VEN-00253,0,0,1,0,0
VEN-00254,0,1,0,0,0
VEN-00255,0,0,0,0,0
VEN-00256,0,0,0,0,1
VEN-00257,0,0,0,0,0
VEN-00258,0,0,1,1,0
VEN-00259,0,0,0,1,0
VEN-00260,0,0,1,0,0
VEN-00261,0,0,0,0,0
VEN-00262,1,0,0,0,0
VEN-00263,0,0,0,0,0
VEN-00264,0,0,0,0,1
VEN-00265,0,1,0,0,0
VEN-00266,0,1,0,0,0
VEN-00267,0,0,0,0,0
VEN-00268,1,0,0,1,0
VEN-00269,0,0,0,0,1
VEN-00270,0,1,0,0,0
VEN-00271,0,0,0,0,0
VEN-00272,0,0,0,0,0
VEN-00273,0,0,0,0,1
VEN-00274,0,0,0,0,0
VEN-00275,0,0,0,0,0
VEN-00276,0,0,0,1,0
VEN-00277,0,0,0,0,0
VEN-00278,0,0,0,0,0
VEN-00279,0,1,0,0,0
VEN-00280,0,0,0,0,0
VEN-00281,0,0,0,0,0
VEN-00282,0,0,0,0,0
VEN-00283,0,1,0,0,0
VEN-00284,0,0,0,0,0
VEN-00285,1,1,1,0,0
VEN-00286,0,0,0,0,0
VEN-00287,0,0,0,0,0
VEN-00288,0,0,0,0,0
VEN-00289,0,0,0,0,0
VEN-00290,1,0,0,0,0
VEN-00291,0,0,0,0,0
VEN-00292,0,0,0,0,0
VEN-00293,0,0,1,1,1
VEN-00294,0,0,0,0,0
VEN-00295,0,0,0,0,0
VEN-00296,0,0,0,0,0
VEN-00297,0,0,1,0,0
VEN-00298,0,0,0,0,0
VEN-00299,0,0,0,0,0
VEN-00300,0,0,0,0,0
VEN-00301,0,0,0,0,0
VEN-00302,0,0,0,0,0
VEN-00303,1,0,0,0,0
VEN-00304,1,0,0,0,0
VEN-00305,0,0,0,0,0
VEN-00306,0,0,1,0,0
VEN-00307,0,1,0,0,1
VEN-00308,0,0,0,0,0
VEN-00309,0,0,0,0,0
VEN-00310,0,0,0,0,0
VEN-00311,0,0,0,1,0
VEN-00312,0,0,0,0,0
VEN-00313,0,0,0,0,0
VEN-00314,0,0,0,0,0
VEN-00315,0,1,0,0,0
VEN-00316,0,0,0,0,0
VEN-00317,0,0,0,1,0
VEN-00318,0,0,0,0,0
VEN-00319,0,0,0,0,0
VEN-00320,0,0,0,1,1
VEN-00321,0,0,1,0,0
VEN-00322,0,0,0,0,0
VEN-00323,0,0,0,0,0
VEN-00324,1,0,0,0,0
VEN-00325,0,0,0,0,0
VEN-00326,0,0,0,0,0
VEN-00327,0,0,0,0,0
VEN-00328,0,0,1,0,1
VEN-00329,0,0,0,0,0
VEN-00330,1,1,0,0,1
VEN-00331,0,0,0,0,0
VEN-00332,0,0,0,1,0
VEN-00333,0,0,0,0,0
VEN-00334,0,0,0,0,0
VEN-00335,0,0,0,0,0
VEN-00336,0,1,1,0,0
VEN-00337,0,0,0,0,0
VEN-00338,0,0,0,0,0
VEN-00339,0,0,0,0,0
VEN-00340,0,0,0,0,0
VEN-00341,0,0,0,1,0
VEN-00342,0,0,0,1,0
VEN-00343,1,1,0,0,0
VEN-00344,0,0,0,0,0
VEN-00345,0,0,0,1,0
VEN-00346,0,0,0,0,0
VEN-00347,0,0,0,1,0
VEN-00348,0,1,0,0,0
VEN-00349,0,0,1,1,0
VEN-00350,0,0,0,0,0
VEN-00351,0,0,0,0,0
VEN-00352,1,0,0,1,0
VEN-00353,0,1,0,0,0
VEN-00354,1,0,0,0,0
VEN-00355,1,0,0,0,0
VEN-00356,0,0,0,0,0
VEN-00357,0,0,0,0,0
VEN-00358,0,1,0,1,0
VEN-00359,0,0,0,1,0
VEN-00360,0,0,0,1,1
VEN-00361,0,1,0,0,0
VEN-00362,0,0,0,0,0
VEN-00363,0,0,0,0,0
VEN-00364,0,0,0,0,0
VEN-00365,0,1,0,0,0
VEN-00366,0,0,0,0,0
VEN-00367,0,1,0,0,0
VEN-00368,0,0,0,0,0
VEN-00369,0,0,0,0,0
VEN-00370,1,0,0,0,1
VEN-00371,1,1,0,1,0
VEN-00372,0,0,0,0,0
VEN-00373,1,0,0,0,0
VEN-00374,0,0,0,0,0
VEN-00375,0,0,0,0,0
VEN-00376,0,0,0,0,0
VEN-00377,0,0,0,0,0
VEN-00378,0,1,1,1,0
VEN-00379,0,0,0,0,0
VEN-00380,0,0,0,0,0
VEN-00381,0,0,0,0,0
VEN-00382,0,0,0,1,0
VEN-00383,0,0,0,0,0
VEN-00384,1,0,0,0,0
VEN-00385,0,0,0,0,0
VEN-00386,0,0,0,0,0
VEN-00387,0,0,0,0,0
VEN-00388,0,0,0,0,0
VEN-00389,0,0,1,1,0
VEN-00390,0,0,0,0,0
VEN-00391,0,0,0,0,0
VEN-00392,0,0,0,0,0
VEN-00393,0,0,0,0,1
VEN-00394,0,0,0,1,0
VEN-00395,0,0,0,0,0
VEN-00396,0,0,0,0,0
VEN-00397,0,0,0,0,1
VEN-00398,0,0,0,0,0
VEN-00399,0,0,0,0,1
VEN-00400,1,0,0,0,0
VEN-00401,0,0,0,0,0
VEN-00402,0,0,0,0,0
VEN-00403,1,0,0,1,0
VEN-00404,0,1,1,1,0
VEN-00405,1,0,1,0,0
VEN-00406,0,0,0,0,0
VEN-00407,0,0,0,0,0
VEN-00408,0,0,0,1,0
VEN-00409,1,0,0,0,0
VEN-00410,1,0,0,1,0
VEN-00411,0,0,1,0,0
VEN-00412,0,0,0,0,0
VEN-00413,0,0,0,0,0
VEN-00414,0,0,0,0,0
VEN-00415,0,0,0,1,0
VEN-00416,0,0,1,0,0
VEN-00417,0,0,0,0,1
VEN-00418,0,0,1,1,0
VEN-00419,0,0,0,0,0
VEN-00420,0,0,0,0,0
VEN-00421,0,0,0,0,0
VEN-00422,0,1,0,0,0
VEN-00423,0,0,1,0,0
VEN-00424,0,0,1,0,0
VEN-00425,0,0,0,0,1
VEN-00426,0,0,0,0,0
VEN-00427,0,0,0,0,0
VEN-00428,0,0,0,1,0
VEN-00429,0,0,0,0,0
VEN-00430,1,0,1,0,0
VEN-00431,0,0,0,0,0
VEN-00432,0,0,0,0,0
VEN-00433,0,0,1,0,0
VEN-00434,0,0,0,0,0
VEN-00435,1,0,0,1,0
VEN-00436,0,0,0,1,0
VEN-00437,0,0,0,0,0
VEN-00438,0,0,0,0,0
VEN-00439,0,0,0,0,0
VEN-00440,0,0,0,0,0
VEN-00441,0,0,0,1,0
VEN-00442,0,1,0,0,0
VEN-00443,0,0,1,0,0
VEN-00444,0,0,0,0,0
VEN-00445,0,0,0,0,0
VEN-00446,0,0,0,0,0
VEN-00447,0,0,1,0,0
VEN-00448,0,1,1,1,0
VEN-00449,0,0,0,0,0
VEN-00450,0,0,0,0,1
VEN-00451,0,0,0,0,0
VEN-00452,0,0,0,0,1
VEN-00453,0,0,0,0,0
VEN-00454,0,0,0,0,0
VEN-00455,0,1,0,0,1
VEN-00456,0,1,0,0,1
VEN-00457,0,0,0,0,0
VEN-00458,0,0,1,1,0
VEN-00459,0,0,0,1,0
VEN-00460,0,0,1,1,0
VEN-00461,0,0,0,0,0
VEN-00462,0,0,0,1,0
VEN-00463,0,1,0,0,0
VEN-00464,0,0,0,0,0
VEN-00465,0,0,0,0,0
VEN-00466,0,0,0,0,0
VEN-00467,0,0,0,0,0
VEN-00468,0,1,0,0,0
VEN-00469,0,0,0,0,1
VEN-00470,0,0,0,1,1
VEN-00471,0,1,0,0,0
VEN-00472,0,0,1,0,0
VEN-00473,0,0,0,0,0
VEN-00474,0,0,0,0,1
VEN-00475,1,0,0,0,0
VEN-00476,0,0,0,0,1
VEN-00477,0,0,1,0,1
VEN-00478,0,0,0,0,0
VEN-00479,0,0,0,0,0
VEN-00480,1,0,0,0,0
VEN-00481,0,1,1,1,0
VEN-00482,0,0,0,0,0
VEN-00483,0,0,0,0,0
VEN-00484,0,0,0,0,0
VEN-00485,0,0,0,0,1
VEN-00486,0,0,0,0,0
VEN-00487,0,0,0,0,0
VEN-00488,0,0,0,1,0
VEN-00489,1,1,0,0,0
VEN-00490,0,0,0,0,0
VEN-00491,1,0,0,0,0
VEN-00492,0,0,0,0,0
VEN-00493,0,0,0,1,0
VEN-00494,0,0,0,1,0
VEN-00495,0,0,0,1,0
VEN-00496,0,0,0,0,0
VEN-00497,0,0,0,0,0
VEN-00498,0,0,1,0,0
VEN-00499,0,0,0,0,0
VEN-00500,0,0,0,0,0
VEN-00501,0,0,1,0,0
VEN-00502,0,0,0,0,0
VEN-00503,0,0,0,0,0
VEN-00504,0,0,0,1,0
VEN-00505,0,0,0,1,0
VEN-00506,0,0,0,0,0
VEN-00507,0,0,0,0,0
VEN-00508,0,1,0,1,0
VEN-00509,0,0,0,1,0
VEN-00510,0,0,0,0,0
VEN-00511,1,0,0,0,0
VEN-00512,0,0,1,0,0
VEN-00513,0,0,0,0,0
VEN-00514,0,0,0,0,0
VEN-00515,0,1,0,0,0
VEN-00516,0,0,0,0,0
VEN-00517,0,0,0,1,0
VEN-00518,0,0,0,0,0
VEN-00519,0,0,0,0,0
VEN-00520,0,0,0,0,0
VEN-00521,0,0,0,0,0
VEN-00522,0,0,0,1,0
VEN-00523,0,0,0,1,0
VEN-00524,0,0,0,0,0
VEN-00525,1,0,0,0,0
VEN-00526,0,0,0,0,0
VEN-00527,0,0,1,0,0
VEN-00528,0,0,0,0,0
VEN-00529,1,0,1,0,0
VEN-00530,0,0,0,0,0
VEN-00531,0,0,0,0,0
VEN-00532,0,0,0,1,0
VEN-00533,0,0,0,0,0
VEN-00534,0,0,0,1,0
VEN-00535,0,0,0,0,0
VEN-00536,1,0,0,0,1
VEN-00537,1,0,0,0,0
VEN-00538,0,1,0,0,0
VEN-00539,0,1,0,0,0
VEN-00540,1,0,0,0,0
VEN-00541,0,0,0,0,0
VEN-00542,0,0,0,0,0
VEN-00543,0,0,0,0,0
VEN-00544,1,0,0,0,0
VEN-00545,0,0,0,0,1
VEN-00546,1,0,0,0,0
VEN-00547,0,0,0,0,0
VEN-00548,0,1,0,0,0
VEN-00549,0,0,0,1,0
VEN-00550,0,0,0,0,0
VEN-00551,0,0,0,0,0
VEN-00552,1,0,0,0,0
VEN-00553,0,0,0,0,0
VEN-00554,0,0,0,0,0
VEN-00555,0,0,0,0,0
VEN-00556,0,0,0,0,0
VEN-00557,0,0,0,0,0
VEN-00558,0,0,0,0,0
VEN-00559,0,0,0,0,0
VEN-00560,1,0,0,1,0
VEN-00561,1,0,0,0,0
VEN-00562,0,0,1,0,0
VEN-00563,0,0,0,0,0
VEN-00564,0,0,0,0,0
VEN-00565,0,0,0,0,0
VEN-00566,0,0,0,0,0
VEN-00567,1,0,0,0,1
VEN-00568,0,0,0,0,0
VEN-00569,0,0,0,0,0
VEN-00570,0,0,0,0,0
VEN-00571,1,0,0,0,0
VEN-00572,0,0,0,1,0
VEN-00573,0,1,0,0,0
VEN-00574,0,0,0,0,0
VEN-00575,0,0,0,0,1
VEN-00576,0,0,0,0,0
VEN-00577,0,0,0,0,0
VEN-00578,0,0,0,0,0
VEN-00579,0,0,0,1,0
VEN-00580,0,0,0,0,0
VEN-00581,0,0,0,1,0
VEN-00582,0,0,0,0,0
VEN-00583,0,0,0,0,0
VEN-00584,0,1,0,0,0
VEN-00585,0,0,0,1,0
VEN-00586,1,0,0,0,0
VEN-00587,0,0,1,1,0
VEN-00588,0,0,0,0,0
VEN-00589,0,0,0,0,1
VEN-00590,0,0,0,0,0
VEN-00591,0,1,0,0,0
VEN-00592,0,1,0,0,0
VEN-00593,0,0,0,0,0
VEN-00594,0,0,0,0,0
VEN-00595,0,0,0,1,0
VEN-00596,0,0,0,0,0
VEN-00597,1,0,0,0,0
VEN-00598,0,0,0,0,0
VEN-00599,0,0,0,0,0
VEN-00600,0,0,0,0,0
VEN-00601,0,0,0,0,0
VEN-00602,0,0,0,0,0
VEN-00603,0,0,0,0,0
VEN-00604,0,0,0,0,0
VEN-00605,0,0,1,1,0
VEN-00606,0,0,0,1,0
VEN-00607,0,1,0,0,0
VEN-00608,0,0,0,1,0
VEN-00609,0,0,0,0,0
VEN-00610,0,0,0,0,0
VEN-00611,1,0,0,0,1
VEN-00612,0,0,0,0,0
VEN-00613,0,0,0,0,0
VEN-00614,0,0,0,1,0
VEN-00615,0,0,0,0,0
VEN-00616,0,0,0,0,0
VEN-00617,0,0,0,0,0
VEN-00618,0,0,0,0,0
VEN-00619,0,1,1,0,0
VEN-00620,1,0,0,0,0
VEN-00621,0,0,0,0,0
VEN-00622,0,0,0,0,0
VEN-00623,0,0,0,0,1
VEN-00624,0,0,0,0,0
VEN-00625,1,0,0,0,0
VEN-00626,0,0,0,0,0
VEN-00627,0,0,0,0,0
VEN-00628,0,0,0,0,1
VEN-00629,0,0,0,0,0
VEN-00630,0,0,0,0,0
VEN-00631,0,0,0,0,0
VEN-00632,0,0,0,0,0
VEN-00633,0,0,0,0,0
VEN-00634,0,0,1,0,0
VEN-00635,0,1,0,0,0
VEN-00636,0,0,1,0,0
VEN-00637,0,0,0,0,0
VEN-00638,0,0,0,0,0
VEN-00639,0,0,1,0,1
VEN-00640,0,0,0,0,1
VEN-00641,1,0,0,0,0
VEN-00642,0,1,0,1,0
VEN-00643,0,0,0,0,1
VEN-00644,0,0,0,0,0
VEN-00645,0,0,0,0,0
VEN-00646,1,0,1,0,0
VEN-00647,1,0,1,0,0
VEN-00648,0,0,0,0,0
VEN-00649,1,0,0,0,1
VEN-00650,0,0,0,0,0
VEN-00651,0,0,1,0,0
VEN-00652,0,0,0,0,0
VEN-00653,0,0,0,1,0
VEN-00654,0,1,0,0,1
VEN-00655,0,0,0,0,0
VEN-00656,0,0,0,0,0
VEN-00657,0,1,0,0,1
VEN-00658,0,0,0,0,0
VEN-00659,1,0,0,0,0
VEN-00660,0,0,1,0,0
VEN-00661,0,0,0,0,0
VEN-00662,1,0,0,0,1
VEN-00663,0,0,0,0,0
VEN-00664,0,0,0,0,0
VEN-00665,0,0,0,0,0
VEN-00666,0,0,0,0,0
VEN-00667,1,0,1,0,0
VEN-00668,0,0,0,0,0
VEN-00669,0,0,0,0,0
VEN-00670,1,0,0,0,0
VEN-00671,0,0,0,0,0
VEN-00672,0,0,0,0,0
VEN-00673,0,0,1,0,0
VEN-00674,0,0,0,0,0
VEN-00675,0,0,0,0,1
VEN-00676,1,0,0,0,0
VEN-00677,1,0,0,0,0
VEN-00678,0,0,0,0,1
VEN-00679,0,0,0,0,0
VEN-00680,1,0,0,0,0
VEN-00681,0,1,0,0,0
VEN-00682,0,0,0,0,0
VEN-00683,1,0,0,0,0
VEN-00684,0,0,0,0,0
VEN-00685,0,0,0,0,0
VEN-00686,0,0,0,0,0
VEN-00687,0,0,1,0,0
VEN-00688,1,0,0,0,0
VEN-00689,1,1,0,1,0
VEN-00690,0,0,0,0,0
VEN-00691,1,0,0,0,0
VEN-00692,0,0,0,1,1
VEN-00693,0,0,0,0,0
VEN-00694,0,1,1,0,0
VEN-00695,0,0,0,0,0
VEN-00696,0,0,0,0,0
VEN-00697,0,0,0,0,0
VEN-00698,1,0,0,0,0
VEN-00699,1,0,0,0,0
VEN-00700,0,0,0,0,0
VEN-00701,0,0,0,0,0
VEN-00702,0,0,0,0,0
VEN-00703,0,1,0,0,0
VEN-00704,0,0,0,0,1
VEN-00705,0,0,0,1,0
VEN-00706,0,0,0,1,0
VEN-00707,1,0,0,0,0
VEN-00708,0,0,0,0,0
VEN-00709,0,0,0,0,0
VEN-00710,0,0,0,0,0
VEN-00711,0,0,1,0,0
VEN-00712,0,0,0,0,1
VEN-00713,0,0,0,0,0
VEN-00714,0,0,0,0,1
VEN-00715,0,0,0,0,0
VEN-00716,0,0,0,0,0
VEN-00717,0,0,0,0,0
VEN-00718,0,0,0,0,0
VEN-00719,0,1,0,1,0
VEN-00720,0,0,1,0,1
VEN-00721,0,0,0,0,0
VEN-00722,0,0,0,0,1
VEN-00723,0,0,0,0,1
VEN-00724,0,0,0,0,0
VEN-00725,0,0,1,0,0
VEN-00726,0,1,0,0,0
VEN-00727,0,0,0,1,0
VEN-00728,0,0,0,0,0
VEN-00729,0,0,0,0,0
VEN-00730,0,1,0,0,1
VEN-00731,0,0,0,0,0
VEN-00732,0,0,0,0,0
VEN-00733,0,0,1,0,0
VEN-00734,0,0,0,0,0
VEN-00735,1,0,0,0,0
VEN-00736,0,0,0,0,0
VEN-00737,0,0,0,0,0
VEN-00738,0,0,0,0,0
VEN-00739,0,0,0,0,0
VEN-00740,0,0,0,0,1
VEN-00741,0,1,0,0,0
VEN-00742,0,0,0,0,0
VEN-00743,0,0,0,0,0
VEN-00744,0,0,0,0,0
VEN-00745,0,0,0,0,0
VEN-00746,0,0,0,0,0
VEN-00747,0,0,0,0,0
VEN-00748,1,0,0,0,0
VEN-00749,0,0,0,0,1
VEN-00750,1,0,0,1,0
VEN-00751,1,0,0,1,0
VEN-00752,0,0,0,0,0
VEN-00753,0,0,0,0,0
VEN-00754,0,0,0,0,0
VEN-00755,0,0,0,0,1
VEN-00756,1,0,1,0,0
VEN-00757,0,1,0,0,0
VEN-00758,0,0,0,0,0
VEN-00759,0,0,1,0,1
VEN-00760,0,0,0,0,0
VEN-00761,1,0,0,0,0
VEN-00762,0,0,0,0,1
VEN-00763,0,0,0,0,0
VEN-00764,0,0,0,0,0
VEN-00765,0,0,0,0,0
VEN-00766,1,0,0,0,0
VEN-00767,1,0,0,0,0
VEN-00768,1,0,0,0,0
VEN-00769,1,0,0,0,0
VEN-00770,0,0,0,0,0
VEN-00771,0,0,0,0,0
VEN-00772,1,0,0,0,0
VEN-00773,0,0,1,1,0
VEN-00774,0,0,0,0,0
VEN-00775,0,0,0,1,0
VEN-00776,0,0,0,0,0
VEN-00777,0,0,0,0,0
VEN-00778,1,0,0,0,0
VEN-00779,0,0,1,1,1
VEN-00780,0,0,0,0,0
VEN-00781,0,0,0,0,0
VEN-00782,1,0,0,0,0
VEN-00783,0,0,0,0,0
VEN-00784,0,0,0,0,0
VEN-00785,0,0,0,0,0
VEN-00786,0,0,0,0,0
VEN-00787,1,0,1,0,0
VEN-00788,0,1,0,0,0
VEN-00789,0,0,0,0,1
VEN-00790,0,0,0,0,0
VEN-00791,0,0,0,0,0
VEN-00792,0,0,0,0,0
VEN-00793,0,0,0,0,0
VEN-00794,0,0,0,0,0
VEN-00795,0,0,0,0,0
VEN-00796,0,0,0,0,1
VEN-00797,0,0,0,0,0
VEN-00798,0,0,0,0,0
VEN-00799,0,0,0,0,0
VEN-00800,0,0,0,0,0
VEN-00801,1,0,0,0,0
VEN-00802,1,0,0,0,0
VEN-00803,0,0,0,0,1
VEN-00804,0,1,0,0,0
VEN-00805,0,0,0,0,1
VEN-00806,0,0,0,0,0
VEN-00807,0,1,0,0,0
VEN-00808,0,0,0,0,1
VEN-00809,1,0,0,0,0
VEN-00810,1,1,0,0,1
VEN-00811,0,0,0,0,0
VEN-00812,0,0,0,0,0
VEN-00813,0,0,0,0,1
VEN-00814,0,0,1,0,0
VEN-00815,0,0,0,0,0
VEN-00816,0,0,0,0,0
VEN-00817,0,0,0,0,0
VEN-00818,0,1,0,0,0
VEN-00819,0,0,1,0,0
VEN-00820,0,0,0,0,0
VEN-00821,0,0,0,0,0
VEN-00822,0,0,1,0,0
VEN-00823,0,0,0,0,0
VEN-00824,0,0,0,1,0
VEN-00825,0,0,0,0,0
VEN-00826,0,1,0,0,0
VEN-00827,1,0,0,1,0
VEN-00828,1,0,0,0,0
VEN-00829,1,1,0,0,0
VEN-00830,0,0,0,0,0
VEN-00831,0,0,0,0,1
VEN-00832,1,0,1,0,0
VEN-00833,0,0,0,0,0
VEN-00834,0,0,0,0,0
VEN-00835,0,0,0,1,0
VEN-00836,0,0,0,0,0
VEN-00837,0,0,0,0,0
VEN-00838,0,0,0,0,0
VEN-00839,0,0,0,0,0
VEN-00840,0,0,0,0,0
VEN-00841,0,0,0,0,0
VEN-00842,0,0,1,0,1
VEN-00843,0,0,1,0,0
VEN-00844,0,1,0,0,0
VEN-00845,0,0,0,0,0
VEN-00846,1,0,0,0,1
VEN-00847,1,0,0,0,0
VEN-00848,0,0,0,0,0
VEN-00849,0,0,0,0,0
VEN-00850,0,0,0,0,0
VEN-00851,0,1,0,0,0
VEN-00852,0,0,0,0,0
VEN-00853,0,0,0,1,0
VEN-00854,0,0,0,1,0
VEN-00855,0,0,0,0,1
VEN-00856,0,0,0,0,0
VEN-00857,0,0,0,0,0
VEN-00858,0,0,0,0,0
VEN-00859,0,0,0,0,0
VEN-00860,0,0,0,0,0
VEN-00861,0,0,0,0,0
VEN-00862,0,0,0,0,0
VEN-00863,0,0,0,0,0
VEN-00864,1,0,0,0,0
VEN-00865,0,0,0,0,0
VEN-00866,0,0,0,0,0
VEN-00867,0,0,0,0,0
VEN-00868,0,1,1,0,0
VEN-00869,0,0,0,0,0
VEN-00870,0,0,0,0,0
VEN-00871,0,0,0,0,0
VEN-00872,0,0,0,0,0
VEN-00873,0,0,0,0,0
VEN-00874,1,0,0,1,0
VEN-00875,1,0,0,0,0
VEN-00876,0,0,0,0,0
VEN-00877,0,0,0,0,1
VEN-00878,0,0,0,0,1
VEN-00879,1,0,0,0,0
VEN-00880,1,0,0,0,0
VEN-00881,0,0,0,0,0
VEN-00882,0,0,0,0,0
VEN-00883,0,0,0,0,0
VEN-00884,0,0,0,0,0
VEN-00885,0,0,0,0,0
VEN-00886,1,1,1,0,0
VEN-00887,0,0,0,0,0
VEN-00888,1,0,0,0,0
VEN-00889,0,0,0,0,0
VEN-00890,0,0,0,0,0
VEN-00891,0,0,0,0,0
VEN-00892,1,0,0,0,0
VEN-00893,0,0,0,0,0
VEN-00894,0,1,0,0,0
VEN-00895,1,0,1,0,0
VEN-00896,0,0,0,1,0
VEN-00897,1,1,0,1,0
VEN-00898,0,0,0,0,0
VEN-00899,1,1,0,0,0
VEN-00900,0,0,0,0,0
VEN-00901,0,1,0,0,0
VEN-00902,0,0,0,0,0
VEN-00903,0,1,0,0,0
VEN-00904,0,0,1,0,0
VEN-00905,0,0,0,0,0
VEN-00906,0,0,0,0,0
VEN-00907,0,0,0,0,0
VEN-00908,0,1,0,0,1
VEN-00909,0,0,0,0,0
VEN-00910,0,0,0,0,0
VEN-00911,1,0,0,0,0
VEN-00912,1,0,0,1,0
VEN-00913,0,0,0,0,0
VEN-00914,0,0,0,0,0
VEN-00915,0,0,0,0,1
VEN-00916,0,0,0,0,0
VEN-00917,0,1,0,0,0
VEN-00918,0,0,0,0,0
VEN-00919,0,0,0,0,0
VEN-00920,1,0,0,0,0
VEN-00921,0,0,0,0,0
VEN-00922,1,0,0,0,0
VEN-00923,0,1,0,1,1
VEN-00924,0,1,0,0,0
VEN-00925,0,1,0,0,0
VEN-00926,0,1,0,0,0
VEN-00927,0,0,0,0,0
VEN-00928,0,0,0,0,0
VEN-00929,1,0,0,0,1
VEN-00930,0,1,0,0,0
VEN-00931,1,0,0,1,0
VEN-00932,0,0,0,0,0
VEN-00933,0,0,1,0,1
VEN-00934,0,0,0,0,1
VEN-00935,0,0,0,0,0
VEN-00936,0,0,0,0,0
VEN-00937,0,0,0,0,0
VEN-00938,0,0,0,0,0
VEN-00939,1,0,0,0,0
VEN-00940,0,0,0,0,0
VEN-00941,0,0,0,0,1
VEN-00942,0,0,0,0,0
VEN-00943,0,1,1,1,1
VEN-00944,0,0,0,0,0
VEN-00945,0,0,0,0,0
VEN-00946,0,1,0,0,0
VEN-00947,0,0,0,0,0
VEN-00948,0,0,0,0,1
VEN-00949,1,0,1,0,1
VEN-00950,0,0,0,0,1
VEN-00951,0,0,1,0,0
VEN-00952,0,0,0,0,0
VEN-00953,0,0,0,0,0
VEN-00954,1,1,1,0,0
VEN-00955,0,0,0,0,0
VEN-00956,0,0,0,0,0
VEN-00957,0,0,0,0,0
VEN-00958,1,0,0,0,0
VEN-00959,0,1,1,0,1
VEN-00960,0,0,0,0,0
VEN-00961,0,1,1,0,0
VEN-00962,0,0,0,0,0
VEN-00963,0,0,0,0,0
VEN-00964,0,0,0,0,0
VEN-00965,0,1,0,0,0
VEN-00966,0,0,0,0,0
VEN-00967,0,0,0,0,0
VEN-00968,0,0,0,1,0
VEN-00969,0,0,0,0,0
VEN-00970,0,0,0,0,0
VEN-00971,0,0,1,0,0
VEN-00972,0,0,0,0,0
VEN-00973,0,0,0,0,0
VEN-00974,0,0,0,1,0
VEN-00975,1,0,0,0,0
VEN-00976,0,1,0,0,0
VEN-00977,1,0,0,0,0
VEN-00978,0,0,0,0,1
VEN-00979,0,0,1,0,0
VEN-00980,0,0,0,0,0
VEN-00981,0,0,0,0,1
VEN-00982,0,0,0,1,0
VEN-00983,0,0,0,1,0
VEN-00984,0,0,0,1,0
VEN-00985,0,0,0,1,0
VEN-00986,0,0,1,0,1
VEN-00987,0,0,0,0,0
VEN-00988,0,0,0,0,0
VEN-00989,0,0,0,0,1
VEN-00990,0,0,0,0,0
VEN-00991,0,0,0,0,0
VEN-00992,0,1,0,0,0
VEN-00993,0,0,0,0,0
VEN-00994,1,0,0,0,0
VEN-00995,0,0,0,1,0
VEN-00996,0,0,0,0,0
VEN-00997,0,0,0,1,0
VEN-00998,0,0,0,0,0
VEN-00999,0,1,0,0,0
VEN-01000,0,0,0,0,0
VEN-01001,1,0,1,0,0
VEN-01002,0,0,0,0,0
VEN-01003,0,1,0,0,0
VEN-01004,0,0,0,0,0
VEN-01005,0,0,0,0,0
VEN-01006,0,0,0,0,0
VEN-01007,0,0,0,0,0
VEN-01008,0,0,0,0,0
VEN-01009,0,0,0,0,0
VEN-01010,0,0,0,0,0
VEN-01011,1,0,0,0,1
VEN-01012,0,0,0,0,0
VEN-01013,0,0,0,1,1
VEN-01014,0,0,0,0,0
VEN-01015,0,0,0,0,0
VEN-01016,1,1,0,0,0
VEN-01017,0,0,0,0,0
VEN-01018,0,0,0,0,0
VEN-01019,0,0,0,0,0
VEN-01020,0,0,0,1,1
VEN-01021,0,0,0,0,0
VEN-01022,0,0,0,0,0
VEN-01023,0,0,0,0,0
VEN-01024,1,0,1,0,0
VEN-01025,0,0,0,0,0
VEN-01026,0,0,0,0,0
VEN-01027,1,1,0,1,0
VEN-01028,0,0,0,0,1
VEN-01029,0,0,0,0,0
VEN-01030,0,1,0,0,0
VEN-01031,0,0,0,0,0
VEN-01032,0,1,0,0,0
VEN-01033,0,0,0,0,0
VEN-01034,0,0,0,0,0
VEN-01035,0,0,1,0,0
VEN-01036,0,1,0,1,0
VEN-01037,0,0,0,0,0
VEN-01038,1,1,0,0,0
VEN-01039,0,0,0,0,0
VEN-01040,0,0,0,0,0
VEN-01041,0,0,0,0,0
VEN-01042,0,1,0,0,0
VEN-01043,0,0,0,0,0
VEN-01044,1,0,0,0,0
VEN-01045,0,0,0,0,0
VEN-01046,0,0,0,0,0
VEN-01047,0,0,0,0,0
VEN-01048,0,0,0,0,0
VEN-01049,0,0,0,0,1
VEN-01050,1,0,0,0,0
VEN-01051,0,0,0,0,0
VEN-01052,1,0,0,0,0
VEN-01053,1,1,0,0,1
VEN-01054,1,0,0,0,0
VEN-01055,0,0,0,0,0
VEN-01056,0,0,0,0,1
VEN-01057,0,0,0,0,0
VEN-01058,1,0,0,0,0
VEN-01059,0,0,0,0,0
VEN-01060,1,0,0,0,0
VEN-01061,0,0,0,0,0
VEN-01062,0,1,0,1,0
VEN-01063,0,0,0,0,0
VEN-01064,0,0,0,0,0
VEN-01065,0,0,0,0,0
VEN-01066,0,0,0,1,1
VEN-01067,0,0,0,1,0
VEN-01068,0,0,0,1,0
VEN-01069,0,0,0,0,0
VEN-01070,0,0,0,0,0
VEN-01071,0,0,0,0,0
VEN-01072,0,0,0,0,0
VEN-01073,0,0,0,0,0
VEN-01074,0,1,0,0,0
VEN-01075,0,0,0,0,0
VEN-01076,0,0,0,0,0
VEN-01077,0,0,0,0,0
VEN-01078,0,0,0,0,0
VEN-01079,0,0,0,0,0
VEN-01080,0,0,0,1,0
VEN-01081,0,0,0,0,0
VEN-01082,0,1,0,0,0
VEN-01083,0,0,0,0,0
VEN-01084,0,0,1,0,0
VEN-01085,0,0,0,0,0
VEN-01086,0,1,0,0,0
VEN-01087,0,0,0,1,0
VEN-01088,0,0,0,1,0
VEN-01089,0,0,0,0,0
VEN-01090,0,0,0,1,0
VEN-01091,0,0,1,0,1
VEN-01092,0,0,0,0,0
VEN-01093,0,0,0,0,0
VEN-01094,0,0,0,0,0
VEN-01095,0,0,0,0,0
VEN-01096,1,1,1,0,1
VEN-01097,0,0,0,0,0
VEN-01098,1,0,0,0,0
VEN-01099,0,0,0,1,0
VEN-01100,1,0,0,0,0
VEN-01101,1,0,0,0,0
VEN-01102,0,0,0,0,0
VEN-01103,0,0,0,1,0
VEN-01104,0,0,0,0,1
VEN-01105,0,0,0,0,1
VEN-01106,0,0,0,0,0
VEN-01107,0,0,0,0,0
VEN-01108,0,0,0,0,0
VEN-01109,0,0,0,0,0
VEN-01110,1,0,1,1,0
VEN-01111,0,0,0,0,0
VEN-01112,0,0,0,0,0
VEN-01113,1,0,0,0,0
VEN-01114,0,1,0,0,0
VEN-01115,1,0,0,0,1
VEN-01116,0,0,0,0,0
VEN-01117,0,0,0,0,0
VEN-01118,1,0,0,0,1
VEN-01119,0,0,0,0,0
VEN-01120,0,0,0,0,0
VEN-01121,0,0,0,0,0
VEN-01122,0,0,0,0,0
VEN-01123,0,0,0,0,0
VEN-01124,0,0,0,0,0
VEN-01125,0,1,0,0,0
VEN-01126,0,0,1,0,0
VEN-01127,0,0,0,0,0
VEN-01128,0,0,0,0,0
VEN-01129,1,0,0,0,0
VEN-01130,0,0,0,0,0
VEN-01131,0,0,0,0,0
VEN-01132,0,0,0,0,0
VEN-01133,0,0,0,0,0
VEN-01134,0,0,0,1,0
VEN-01135,0,0,1,0,0
VEN-01136,0,0,0,0,0
VEN-01137,0,0,0,0,0
VEN-01138,0,0,0,0,0
VEN-01139,0,0,0,0,0
VEN-01140,0,1,0,0,0
VEN-01141,0,0,0,1,0
VEN-01142,0,0,0,0,0
VEN-01143,0,0,0,0,0
VEN-01144,0,1,0,0,0
VEN-01145,0,0,0,0,0
VEN-01146,1,0,0,1,0
VEN-01147,0,0,0,1,0
VEN-01148,0,0,0,1,0
VEN-01149,0,0,0,0,0
VEN-01150,1,0,0,0,0
VEN-01151,0,0,0,1,0
VEN-01152,1,0,0,0,0
VEN-01153,0,0,0,0,0
VEN-01154,0,0,0,0,0
VEN-01155,0,0,1,0,0
VEN-01156,0,0,0,0,1
VEN-01157,0,1,0,0,0
VEN-01158,0,0,0,0,0
VEN-01159,0,1,0,0,0
VEN-01160,1,0,0,0,0
VEN-01161,0,0,0,0,0
VEN-01162,0,0,0,0,0
VEN-01163,0,0,0,0,0
VEN-01164,0,0,0,0,0
VEN-01165,0,0,0,0,0
VEN-01166,0,1,0,0,0
VEN-01167,0,0,0,0,0
VEN-01168,0,0,0,0,0
VEN-01169,0,0,0,0,0
VEN-01170,0,0,0,0,0
VEN-01171,0,0,0,0,0
VEN-01172,1,0,0,0,0
VEN-01173,0,0,0,0,0
VEN-01174,0,0,1,0,0
VEN-01175,0,0,0,0,0
VEN-01176,1,0,1,0,0
VEN-01177,0,0,0,0,0
VEN-01178,0,1,0,0,0
VEN-01179,0,0,0,0,1
VEN-01180,0,0,0,0,0
VEN-01181,1,0,0,1,0
VEN-01182,0,0,0,0,0
VEN-01183,0,1,0,0,0
VEN-01184,0,0,0,0,0
VEN-01185,0,0,0,0,0
VEN-01186,1,0,0,0,0
VEN-01187,0,0,0,0,0
VEN-01188,0,0,0,0,0
VEN-01189,0,0,0,0,0
VEN-01190,0,0,0,0,0
VEN-01191,0,1,0,0,0
VEN-01192,0,1,0,0,0
VEN-01193,0,0,1,0,0
VEN-01194,0,0,0,1,0
VEN-01195,0,0,0,0,0
VEN-01196,0,0,0,0,0
VEN-01197,0,0,0,1,1
VEN-01198,0,1,0,0,0
VEN-01199,0,0,1,0,0
VEN-01200,0,0,0,1,0
VEN-01201,0,0,0,0,0
VEN-01202,0,0,0,0,0
VEN-01203,0,0,0,0,0
VEN-01204,0,0,0,0,0
VEN-01205,0,0,0,0,0
VEN-01206,0,0,0,0,0
VEN-01207,0,0,0,0,0
VEN-01208,0,0,0,0,0
VEN-01209,1,0,0,0,0
VEN-01210,1,0,0,1,0
VEN-01211,1,0,0,0,0
VEN-01212,0,0,0,0,0
VEN-01213,0,1,1,0,0
VEN-01214,0,0,0,1,0
VEN-01215,0,0,1,0,0
VEN-01216,0,0,0,0,0
VEN-01217,0,0,0,1,0
VEN-01218,0,0,0,0,0
VEN-01219,0,1,0,0,0
VEN-01220,0,0,0,0,0
VEN-01221,0,1,0,0,0
VEN-01222,0,0,0,0,0
VEN-01223,0,0,0,1,0
VEN-01224,0,0,0,0,0
VEN-01225,0,0,0,0,1
VEN-01226,0,1,0,1,0
VEN-01227,0,0,0,0,0
VEN-01228,0,0,0,0,0
VEN-01229,0,0,0,0,0
VEN-01230,0,0,0,0,0
VEN-01231,0,0,0,0,1
VEN-01232,0,1,0,0,0
VEN-01233,0,0,0,0,1
VEN-01234,0,0,0,0,0
VEN-01235,0,0,1,0,0
VEN-01236,0,0,1,0,0
VEN-01237,1,0,0,0,1
VEN-01238,0,0,0,0,0
VEN-01239,0,0,0,0,0
VEN-01240,0,0,0,0,0
VEN-01241,0,0,0,0,0
VEN-01242,1,0,0,0,0
VEN-01243,0,0,0,0,0
VEN-01244,0,0,0,1,0
VEN-01245,0,0,0,0,0
VEN-01246,0,0,0,0,0
VEN-01247,0,1,0,0,0
VEN-01248,0,0,0,0,0
VEN-01249,0,1,0,0,0
VEN-01250,0,0,1,1,0
VEN-01251,0,0,1,0,0
VEN-01252,0,0,0,0,0
VEN-01253,0,0,0,1,0
VEN-01254,0,0,0,0,0
VEN-01255,0,0,0,0,0
VEN-01256,0,0,0,0,0
VEN-01257,0,0,0,0,0
VEN-01258,1,0,0,0,0
VEN-01259,0,0,0,0,0
VEN-01260,0,0,0,0,0
VEN-01261,0,0,0,0,0
VEN-01262,0,0,0,0,0
VEN-01263,0,0,0,0,0
VEN-01264,0,1,0,0,0
VEN-01265,0,1,0,0,0
VEN-01266,0,0,0,0,0
VEN-01267,0,0,0,0,0
VEN-01268,0,0,0,0,0
VEN-01269,0,0,0,0,0
VEN-01270,0,0,0,0,0
VEN-01271,0,0,0,0,0
VEN-01272,0,1,0,0,0
VEN-01273,0,1,0,0,0
VEN-01274,0,0,0,1,1
VEN-01275,0,0,1,1,0
VEN-01276,1,0,1,1,0
VEN-01277,0,0,0,0,0
VEN-01278,0,1,0,0,0
VEN-01279,0,0,0,0,0
VEN-01280,0,0,0,0,0
VEN-01281,1,0,0,0,0
VEN-01282,0,0,0,0,0
VEN-01283,0,0,0,0,0
VEN-01284,0,0,0,0,0
VEN-01285,0,0,0,0,0
VEN-01286,0,0,0,0,0
VEN-01287,0,1,0,1,0
VEN-01288,0,0,0,0,1
VEN-01289,0,0,0,0,0
VEN-01290,0,0,0,0,1
VEN-01291,0,1,0,0,0
VEN-01292,0,0,0,0,0
VEN-01293,0,0,0,0,0
VEN-01294,0,0,0,0,0
VEN-01295,0,0,0,1,0
VEN-01296,0,0,0,0,0
VEN-01297,0,0,0,0,0
VEN-01298,0,1,0,0,1
VEN-01299,0,0,0,0,0
VEN-01300,0,0,0,0,0
VEN-01301,0,0,0,0,0
VEN-01302,1,0,0,0,0
VEN-01303,0,0,0,0,0
VEN-01304,0,0,0,0,0
VEN-01305,0,0,0,0,0
VEN-01306,0,0,0,0,0
VEN-01307,0,1,0,0,0
VEN-01308,0,0,0,0,0
VEN-01309,1,0,0,0,0
VEN-01310,0,1,0,0,0
VEN-01311,0,0,0,0,0
VEN-01312,0,0,0,1,0
VEN-01313,0,0,0,0,0
VEN-01314,0,0,0,0,0
VEN-01315,0,0,1,0,0
VEN-01316,0,0,0,0,1
VEN-01317,1,0,0,0,0
VEN-01318,0,1,0,0,0
VEN-01319,1,0,0,0,0
VEN-01320,0,0,1,0,0
VEN-01321,0,1,0,0,0
VEN-01322,0,0,0,0,0
VEN-01323,0,0,0,1,0
VEN-01324,0,0,0,0,0
VEN-01325,0,0,0,0,0
VEN-01326,0,0,0,0,0
VEN-01327,0,0,0,1,0
VEN-01328,0,0,1,0,0
VEN-01329,0,0,0,0,0
VEN-01330,0,0,0,0,0
VEN-01331,0,0,0,0,1
VEN-01332,1,0,0,0,0
VEN-01333,0,1,0,0,0
VEN-01334,0,0,0,0,0
VEN-01335,0,0,0,0,0
VEN-01336,0,0,0,1,0
VEN-01337,0,1,1,1,0
VEN-01338,0,0,0,0,0
VEN-01339,0,0,0,0,0
VEN-01340,0,0,0,0,0
VEN-01341,0,0,0,0,0
VEN-01342,0,0,0,1,0
VEN-01343,1,0,0,0,0
VEN-01344,0,0,0,0,0
VEN-01345,1,1,0,0,0
VEN-01346,0,0,0,0,0
VEN-01347,0,0,0,0,0
VEN-01348,0,0,0,0,0
VEN-01349,0,0,0,1,0
VEN-01350,0,0,0,0,0
VEN-01351,0,0,0,0,1
VEN-01352,1,0,0,0,0
VEN-01353,0,0,0,0,1
VEN-01354,0,0,0,0,0
VEN-01355,0,0,0,0,0
VEN-01356,0,0,0,0,0
VEN-01357,0,0,0,0,0
VEN-01358,0,0,0,0,0
VEN-01359,1,0,0,0,0
VEN-01360,0,1,0,0,0
VEN-01361,0,1,0,0,0
VEN-01362,0,0,0,0,1
VEN-01363,0,0,0,0,0
VEN-01364,0,0,0,0,0
VEN-01365,0,0,0,0,1
VEN-01366,0,0,0,1,1
VEN-01367,0,0,0,0,0
VEN-01368,0,1,0,0,0
VEN-01369,0,0,1,0,0
VEN-01370,0,0,0,0,1
VEN-01371,1,0,0,1,0
VEN-01372,0,0,0,1,0
VEN-01373,0,0,0,0,0
VEN-01374,1,0,0,0,0
VEN-01375,0,0,0,0,0
VEN-01376,0,0,0,0,0
VEN-01377,0,0,0,0,0
VEN-01378,0,0,0,0,0
VEN-01379,1,0,0,0,0
VEN-01380,1,0,0,0,0
VEN-01381,0,0,0,0,1
VEN-01382,0,0,0,0,0
VEN-01383,1,0,0,0,0
VEN-01384,1,0,0,0,0
VEN-01385,0,0,0,0,0
VEN-01386,0,1,0,0,0
VEN-01387,0,0,0,0,0
VEN-01388,0,0,0,0,0
VEN-01389,0,0,0,0,1
VEN-01390,0,0,0,0,0
VEN-01391,0,0,0,1,1
VEN-01392,0,0,1,0,0
VEN-01393,0,0,0,0,0
VEN-01394,0,0,0,0,0
VEN-01395,0,0,0,0,0
VEN-01396,0,0,0,1,0
VEN-01397,1,0,0,0,0
VEN-01398,1,0,0,0,0
VEN-01399,0,0,0,0,0
VEN-01400,0,0,0,0,1
VEN-01401,0,0,1,0,1
VEN-01402,0,0,0,0,0
VEN-01403,1,0,0,0,1
VEN-01404,1,0,0,0,1
VEN-01405,0,0,0,0,0
VEN-01406,0,0,1,0,0
VEN-01407,0,0,0,0,0
VEN-01408,0,0,0,1,0
VEN-01409,1,0,0,0,0
VEN-01410,0,0,0,1,0
VEN-01411,0,1,0,1,1
VEN-01412,0,0,0,0,0
VEN-01413,0,0,0,0,1
VEN-01414,0,0,0,0,0
VEN-01415,0,0,0,0,0
VEN-01416,1,0,0,0,0
VEN-01417,0,0,0,0,0
VEN-01418,0,0,1,1,0
VEN-01419,0,1,0,0,0
VEN-01420,0,0,0,0,0
VEN-01421,0,0,0,0,0
VEN-01422,0,0,0,0,0
VEN-01423,0,1,0,0,0
VEN-01424,0,0,0,0,0
VEN-01425,0,0,1,0,0
VEN-01426,0,0,0,1,0
VEN-01427,0,0,0,0,0
VEN-01428,0,1,0,0,1
VEN-01429,0,0,0,0,0
VEN-01430,0,0,0,0,0
VEN-01431,0,0,0,0,0
VEN-01432,0,1,0,0,0
VEN-01433,1,0,0,0,0
VEN-01434,0,0,0,0,0
VEN-01435,0,0,0,1,1
VEN-01436,1,1,0,1,0
VEN-01437,0,0,0,0,0
VEN-01438,0,0,0,0,0
VEN-01439,0,1,0,0,0
VEN-01440,0,0,1,0,0
VEN-01441,0,0,1,0,0
VEN-01442,1,0,0,0,1
VEN-01443,0,0,0,0,1
VEN-01444,0,0,0,0,0
VEN-01445,0,1,0,0,0
VEN-01446,1,0,0,0,0
VEN-01447,1,0,0,0,0
VEN-01448,0,0,0,0,0
VEN-01449,0,0,0,0,0
VEN-01450,0,0,0,1,0
VEN-01451,0,0,0,0,0
VEN-01452,0,0,0,1,1
VEN-01453,1,0,1,0,0
VEN-01454,0,0,0,0,0
VEN-01455,0,0,0,0,0
VEN-01456,0,0,1,0,0
VEN-01457,0,0,0,0,1
VEN-01458,0,0,0,0,0
VEN-01459,0,0,0,1,0
VEN-01460,0,0,0,0,0
VEN-01461,0,0,0,0,0
VEN-01462,0,0,0,0,0
VEN-01463,0,0,1,0,0
VEN-01464,1,0,0,0,0
VEN-01465,0,0,1,0,0
VEN-01466,0,0,0,0,0
VEN-01467,0,1,0,0,0
VEN-01468,0,1,0,0,0
VEN-01469,0,0,0,0,0
VEN-01470,0,0,1,0,0
VEN-01471,0,0,0,0,0
VEN-01472,0,0,0,1,0
VEN-01473,0,0,0,0,1
VEN-01474,0,0,0,1,0
VEN-01475,0,0,0,0,1
VEN-01476,0,0,0,0,0
VEN-01477,1,1,0,0,0
VEN-01478,0,1,0,0,0
VEN-01479,0,0,0,0,0
VEN-01480,0,1,0,0,0
VEN-01481,0,1,0,0,0
VEN-01482,0,0,0,0,0
VEN-01483,1,0,0,0,0
VEN-01484,0,0,0,0,0
VEN-01485,0,0,0,0,0
VEN-01486,0,0,1,0,0
VEN-01487,0,0,0,0,0
VEN-01488,0,0,0,0,0
VEN-01489,1,0,0,0,0
VEN-01490,0,0,0,0,0
VEN-01491,0,0,0,0,0
VEN-01492,0,1,0,0,0
VEN-01493,0,0,0,0,0
VEN-01494,0,0,0,0,0
VEN-01495,0,0,1,0,0
VEN-01496,0,0,1,0,0
VEN-01497,0,0,0,0,0
VEN-01498,0,0,0,0,0
VEN-01499,0,0,0,0,0
VEN-01500,0,0,0,0,0
VEN-01501,0,0,0,1,0
VEN-01502,1,0,0,0,0
VEN-01503,0,0,0,1,0
VEN-01504,0,0,0,0,0
VEN-01505,0,0,0,0,0
VEN-01506,0,0,0,0,1
VEN-01507,0,0,0,0,0
VEN-01508,1,0,1,0,0
VEN-01509,1,0,0,1,0
VEN-01510,0,0,0,0,0
VEN-01511,1,0,0,0,0
VEN-01512,0,0,0,0,0
VEN-01513,0,0,0,1,0
VEN-01514,0,0,0,0,0
VEN-01515,0,1,0,1,0
VEN-01516,0,0,1,0,0
VEN-01517,0,0,0,0,0
VEN-01518,0,1,0,0,0
VEN-01519,0,0,0,1,0
VEN-01520,0,0,0,0,0
VEN-01521,0,0,0,0,0
VEN-01522,0,0,0,0,0
VEN-01523,0,0,0,0,0
VEN-01524,1,0,1,0,0
VEN-01525,0,0,0,0,0
VEN-01526,0,0,0,0,0
VEN-01527,0,0,0,0,0
VEN-01528,0,0,0,0,0
VEN-01529,0,1,0,0,0
VEN-01530,0,0,0,0,0
VEN-01531,0,1,0,0,1
VEN-01532,1,0,0,0,0
VEN-01533,0,0,1,1,0
VEN-01534,0,0,0,0,0
VEN-01535,0,0,0,0,0
VEN-01536,0,0,0,0,0
VEN-01537,0,0,0,0,0
VEN-01538,0,1,0,0,0
VEN-01539,0,0,0,0,0
VEN-01540,1,1,0,0,0
VEN-01541,0,0,0,0,1
VEN-01542,0,0,0,0,0
VEN-01543,0,1,0,0,0
VEN-01544,1,1,0,0,0
VEN-01545,0,0,0,0,0
VEN-01546,0,0,0,1,0
VEN-01547,0,0,0,0,0
VEN-01548,0,0,0,1,0
VEN-01549,0,0,0,0,0
VEN-01550,0,0,1,0,0
VEN-01551,0,0,0,0,0
VEN-01552,0,0,0,0,0
VEN-01553,0,0,0,0,0
VEN-01554,0,0,0,0,0
VEN-01555,0,0,0,1,0
VEN-01556,0,0,0,0,0
VEN-01557,0,0,0,0,0
VEN-01558,0,0,0,1,1
VEN-01559,1,0,1,0,0
VEN-01560,0,0,0,0,0
VEN-01561,0,0,0,0,0
VEN-01562,0,0,0,0,0
VEN-01563,0,0,0,0,0
VEN-01564,0,1,0,0,1
VEN-01565,0,0,0,0,0
VEN-01566,1,0,0,0,0
VEN-01567,0,0,0,0,0
VEN-01568,1,0,0,0,1
VEN-01569,0,0,0,0,0
VEN-01570,0,0,0,1,0
VEN-01571,0,1,0,0,0
VEN-01572,0,0,0,0,1
VEN-01573,1,0,0,0,0
VEN-01574,0,0,0,0,0
VEN-01575,1,0,0,0,0
VEN-01576,0,0,1,0,0
VEN-01577,0,1,0,1,0
VEN-01578,1,0,0,0,0
VEN-01579,0,0,0,1,0
VEN-01580,0,0,0,0,0
VEN-01581,0,0,0,0,0
VEN-01582,0,0,0,0,0
VEN-01583,0,0,0,0,0
VEN-01584,0,0,0,0,0
VEN-01585,0,0,0,0,0
VEN-01586,0,1,0,0,0
VEN-01587,0,1,0,0,0
VEN-01588,0,0,0,0,0
VEN-01589,0,0,0,1,0
VEN-01590,0,0,0,0,0
VEN-01591,1,0,0,0,0
VEN-01592,0,0,0,1,0
VEN-01593,0,0,0,0,0
VEN-01594,1,0,0,0,0
VEN-01595,0,0,0,0,0
VEN-01596,1,1,0,0,0
VEN-01597,0,0,0,1,0
VEN-01598,0,0,0,0,0
VEN-01599,0,0,0,0,0
VEN-01600,0,0,0,0,1
VEN-01601,0,0,0,0,0
VEN-01602,0,0,0,0,0
VEN-01603,0,0,0,0,0
VEN-01604,0,0,0,0,0
VEN-01605,1,0,0,0,0
VEN-01606,1,0,0,0,0
VEN-01607,0,0,0,0,0
VEN-01608,0,1,0,0,0
VEN-01609,0,0,1,0,0
VEN-01610,0,0,0,0,0
VEN-01611,0,0,0,0,0
VEN-01612,0,0,0,0,0
VEN-01613,0,0,0,0,0
VEN-01614,1,1,0,0,0
VEN-01615,1,0,0,0,0
VEN-01616,1,0,1,0,0
VEN-01617,0,0,1,1,0
VEN-01618,0,0,1,0,0
VEN-01619,0,1,1,0,0
VEN-01620,0,0,0,0,1
VEN-01621,0,0,0,0,1
VEN-01622,0,1,0,0,0
VEN-01623,0,0,0,0,0
VEN-01624,0,0,0,0,0
VEN-01625,0,0,0,0,0
VEN-01626,0,0,0,0,0
VEN-01627,0,0,0,0,0
VEN-01628,0,0,0,0,0
VEN-01629,0,0,0,0,0
VEN-01630,0,0,0,0,0
VEN-01631,0,0,0,0,0
VEN-01632,0,0,0,0,1
VEN-01633,0,0,0,1,0
VEN-01634,0,0,0,0,0
VEN-01635,0,0,0,0,0
VEN-01636,0,0,1,0,0
VEN-01637,0,0,0,0,0
VEN-01638,0,0,0,0,1
VEN-01639,0,0,0,0,0
VEN-01640,0,0,0,0,0
VEN-01641,0,0,0,0,0
VEN-01642,1,0,1,0,0
VEN-01643,0,0,0,0,0
VEN-01644,0,0,0,0,0
VEN-01645,0,0,0,0,0
VEN-01646,0,0,0,0,0
VEN-01647,0,1,0,0,0
VEN-01648,0,1,0,0,0
VEN-01649,0,0,0,1,0
VEN-01650,0,0,0,0,0
VEN-01651,0,0,0,0,0
VEN-01652,0,0,0,0,0
VEN-01653,0,0,0,0,1
VEN-01654,0,0,0,0,0
VEN-01655,0,0,0,0,0
VEN-01656,1,0,0,0,0
VEN-01657,0,0,0,0,0
VEN-01658,0,0,0,0,0
VEN-01659,1,0,0,0,0
VEN-01660,0,0,0,0,1
VEN-01661,0,0,0,0,1
VEN-01662,1,0,0,0,0
VEN-01663,0,0,0,0,0
VEN-01664,0,0,0,0,0
VEN-01665,1,0,0,0,0
VEN-01666,0,0,0,0,0
VEN-01667,0,0,0,0,0
VEN-01668,0,0,0,0,0
VEN-01669,0,0,0,0,0
VEN-01670,0,0,0,0,0
VEN-01671,1,0,0,0,0
VEN-01672,0,0,0,0,0
VEN-01673,1,0,0,0,0
VEN-01674,1,0,1,0,0
VEN-01675,0,0,0,0,1
VEN-01676,0,0,0,0,0
VEN-01677,0,0,0,0,0
VEN-01678,0,0,0,0,0
VEN-01679,1,0,0,0,1
VEN-01680,0,0,0,1,0
VEN-01681,1,0,0,0,0
VEN-01682,0,0,1,0,0
VEN-01683,1,0,0,0,0
VEN-01684,0,0,0,0,0
VEN-01685,0,0,0,0,0
VEN-01686,0,0,0,0,0
VEN-01687,0,0,0,0,0
VEN-01688,0,0,0,0,0
VEN-01689,0,0,0,0,0
VEN-01690,0,0,0,0,0
VEN-01691,0,0,0,0,0
VEN-01692,0,0,0,0,0
VEN-01693,0,1,0,0,0
VEN-01694,1,0,0,0,0
VEN-01695,0,0,0,0,0
VEN-01696,0,0,0,1,0
VEN-01697,1,0,0,0,0
VEN-01698,1,0,0,0,0
VEN-01699,0,0,0,0,0
VEN-01700,0,1,0,0,0
VEN-01701,0,1,0,0,1
VEN-01702,0,0,0,0,0
VEN-01703,0,0,0,0,0
VEN-01704,0,0,0,0,0
VEN-01705,0,0,1,0,0
VEN-01706,0,0,1,1,0
VEN-01707,0,0,0,0,0
VEN-01708,0,0,0,0,0
VEN-01709,0,0,0,0,0
VEN-01710,0,0,0,1,0
VEN-01711,0,0,0,0,0
VEN-01712,0,0,0,0,0
VEN-01713,0,0,1,0,0
VEN-01714,0,0,0,0,0
VEN-01715,0,0,0,0,0
VEN-01716,1,1,0,0,0
VEN-01717,0,0,0,0,0
VEN-01718,0,0,0,0,0
VEN-01719,1,0,0,0,1
VEN-01720,0,1,0,1,0
VEN-01721,0,0,0,0,0
VEN-01722,0,0,0,0,0
VEN-01723,0,0,0,0,0
VEN-01724,0,0,0,0,0
VEN-01725,0,0,0,0,0
VEN-01726,0,0,0,0,0
VEN-01727,0,0,1,1,0
VEN-01728,0,0,0,0,0
VEN-01729,0,0,0,0,0
VEN-01730,0,0,0,0,0
VEN-01731,0,1,0,0,0
VEN-01732,1,0,0,1,0
VEN-01733,0,0,1,0,0
VEN-01734,0,1,0,0,0
VEN-01735,0,0,0,0,0
VEN-01736,0,0,0,0,0
VEN-01737,0,0,0,1,0
VEN-01738,0,1,1,0,0
VEN-01739,0,0,0,0,0
VEN-01740,0,0,0,0,0
VEN-01741,0,0,1,0,0
VEN-01742,0,0,0,0,0
VEN-01743,0,0,0,0,0
VEN-01744,1,0,0,0,0
VEN-01745,1,0,0,0,0
VEN-01746,0,0,0,1,0
VEN-01747,0,0,0,0,0
VEN-01748,0,1,0,1,0
VEN-01749,0,0,0,0,0
VEN-01750,0,0,0,0,0
VEN-01751,0,0,0,0,0
VEN-01752,0,0,0,0,0
VEN-01753,0,0,0,0,0
VEN-01754,0,0,0,0,0
VEN-01755,0,1,0,0,1
VEN-01756,0,0,0,1,0
VEN-01757,0,0,0,0,0
VEN-01758,0,1,1,0,0
VEN-01759,0,0,1,0,0
VEN-01760,0,0,0,0,0
VEN-01761,0,0,0,0,0
VEN-01762,0,0,0,0,0
VEN-01763,0,0,0,0,1
VEN-01764,0,0,0,0,0
VEN-01765,0,0,0,0,0
VEN-01766,0,0,0,0,0
VEN-01767,0,0,0,1,0
VEN-01768,0,0,0,0,1
VEN-01769,1,0,0,0,0
VEN-01770,0,0,0,0,0
VEN-01771,0,0,0,0,0
VEN-01772,0,0,0,0,0
VEN-01773,0,0,0,0,0
VEN-01774,1,1,0,1,0
VEN-01775,0,1,1,0,0
VEN-01776,0,0,0,0,0
VEN-01777,0,1,0,0,0
VEN-01778,0,0,0,0,0
VEN-01779,1,0,1,1,0
VEN-01780,0,0,0,0,0
VEN-01781,1,0,0,0,0
VEN-01782,0,0,0,0,0
VEN-01783,0,0,0,0,0
VEN-01784,0,0,0,0,1
VEN-01785,0,0,0,0,1
VEN-01786,0,0,0,0,0
VEN-01787,0,0,1,0,0
VEN-01788,0,0,0,0,1
VEN-01789,0,0,0,0,0
VEN-01790,0,0,0,1,0
VEN-01791,0,0,0,0,0
VEN-01792,0,0,1,0,0
VEN-01793,0,0,0,0,0
VEN-01794,1,0,0,0,0
VEN-01795,0,0,0,0,0
VEN-01796,0,0,1,1,0
VEN-01797,0,0,0,0,0
VEN-01798,0,0,0,0,1
VEN-01799,0,0,0,0,0
VEN-01800,0,0,0,0,0
VEN-01801,0,0,0,0,1
VEN-01802,0,0,0,0,0
VEN-01803,0,0,0,0,0
VEN-01804,0,0,0,0,0
VEN-01805,0,0,0,0,0
VEN-01806,0,0,0,1,0
VEN-01807,0,1,0,0,0
VEN-01808,0,0,0,0,0
VEN-01809,0,0,0,0,0
VEN-01810,0,0,0,0,0
VEN-01811,0,1,0,1,0
VEN-01812,0,0,1,0,1
VEN-01813,0,0,0,0,0
VEN-01814,0,0,0,0,0
VEN-01815,0,0,0,0,0
VEN-01816,1,1,0,1,0
VEN-01817,0,0,0,0,0
VEN-01818,0,0,0,0,0
VEN-01819,0,0,0,0,0
VEN-01820,0,0,0,0,0
VEN-01821,0,1,0,0,0
VEN-01822,0,0,0,0,0
VEN-01823,0,1,0,0,0
VEN-01824,0,0,0,0,0
VEN-01825,0,0,0,0,0
VEN-01826,0,0,0,0,0
VEN-01827,0,0,0,0,0
VEN-01828,0,0,0,0,0
VEN-01829,0,1,0,1,0
VEN-01830,0,0,0,0,0
VEN-01831,0,0,0,0,0
VEN-01832,0,0,0,0,0
VEN-01833,0,0,0,0,0
VEN-01834,0,0,0,0,0
VEN-01835,0,0,0,0,0
VEN-01836,0,0,0,0,0
VEN-01837,0,1,0,0,0
VEN-01838,0,0,0,0,0
VEN-01839,0,0,0,1,0
VEN-01840,0,0,0,0,0
VEN-01841,0,0,0,0,0
VEN-01842,0,1,0,0,0
VEN-01843,0,0,0,0,1
VEN-01844,0,1,0,0,0
VEN-01845,0,0,0,0,0
VEN-01846,0,0,0,0,0
VEN-01847,1,0,0,0,0
VEN-01848,0,0,0,1,0
VEN-01849,0,0,1,0,1
VEN-01850,1,1,0,0,0
VEN-01851,0,1,0,0,0
VEN-01852,1,0,0,1,0
VEN-01853,0,0,0,0,0
VEN-01854,0,1,0,1,0
VEN-01855,0,1,0,0,0
VEN-01856,1,0,0,0,0
VEN-01857,1,0,0,0,0
VEN-01858,0,0,0,1,0
VEN-01859,0,0,0,0,0
VEN-01860,0,0,0,0,0
VEN-01861,0,0,0,0,0
VEN-01862,0,0,1,0,0
VEN-01863,0,0,0,0,1
VEN-01864,1,0,0,0,0
VEN-01865,0,0,0,0,0
VEN-01866,0,0,0,0,0
VEN-01867,1,0,0,0,0
VEN-01868,0,0,0,0,0
VEN-01869,0,0,1,0,0
VEN-01870,1,0,1,0,0
VEN-01871,0,0,0,0,0
VEN-01872,0,0,0,0,0
VEN-01873,1,0,1,0,0
VEN-01874,0,0,0,1,0
VEN-01875,0,0,0,0,0
VEN-01876,0,0,0,0,0
VEN-01877,0,1,0,1,0
VEN-01878,0,0,0,0,0
VEN-01879,0,0,0,0,0
VEN-01880,0,0,0,1,0
VEN-01881,0,0,0,0,0
VEN-01882,0,0,0,0,0
VEN-01883,0,0,1,0,0
VEN-01884,0,0,0,1,0
VEN-01885,0,0,0,0,0
VEN-01886,0,0,0,0,1
VEN-01887,0,0,0,0,1
VEN-01888,0,0,0,1,0
VEN-01889,0,0,0,0,0
VEN-01890,0,1,0,0,0
VEN-01891,0,0,0,0,0
VEN-01892,0,0,0,0,0
VEN-01893,0,0,0,0,0
VEN-01894,0,0,0,0,0
VEN-01895,1,0,0,0,0
VEN-01896,0,0,0,0,0
VEN-01897,0,0,0,0,0
VEN-01898,0,0,0,0,0
VEN-01899,0,0,0,0,0
VEN-01900,0,0,0,0,0
VEN-01901,1,0,0,0,0
VEN-01902,1,0,0,1,0
VEN-01903,1,0,0,0,0
VEN-01904,0,0,0,0,0
VEN-01905,0,0,0,0,0
VEN-01906,0,1,0,0,0
VEN-01907,0,0,1,0,0
VEN-01908,0,0,0,0,0
VEN-01909,0,1,0,0,0
VEN-01910,0,1,0,0,0
VEN-01911,0,1,0,0,1
VEN-01912,0,0,0,0,0
VEN-01913,0,0,0,0,0
VEN-01914,1,1,0,0,0
VEN-01915,0,0,0,0,0
VEN-01916,1,0,0,0,1
VEN-01917,0,0,0,0,0
VEN-01918,1,0,0,0,0
VEN-01919,0,0,0,0,0
VEN-01920,0,0,1,1,0
VEN-01921,0,0,0,0,0
VEN-01922,0,0,0,0,0
VEN-01923,0,0,0,0,0
VEN-01924,0,0,0,0,0
VEN-01925,0,0,1,1,0
VEN-01926,0,0,0,0,0
VEN-01927,1,0,0,0,0
VEN-01928,0,0,0,0,0
VEN-01929,1,0,0,0,0
VEN-01930,0,0,0,0,0
VEN-01931,0,0,0,0,0
VEN-01932,0,0,0,0,0
VEN-01933,0,0,0,1,0
VEN-01934,0,0,0,0,0
VEN-01935,0,1,0,1,0
VEN-01936,0,0,0,0,0
VEN-01937,0,0,0,0,0
VEN-01938,1,0,0,0,0
VEN-01939,0,0,0,0,0
VEN-01940,0,0,0,0,0
VEN-01941,0,1,0,0,0
VEN-01942,0,0,0,0,0
VEN-01943,0,0,0,0,0
VEN-01944,0,0,0,0,0
VEN-01945,0,0,0,0,0
VEN-01946,0,0,0,0,0
VEN-01947,0,0,0,0,0
VEN-01948,0,0,0,0,1
VEN-01949,0,0,0,0,1
VEN-01950,0,0,0,0,0
VEN-01951,0,0,1,0,0
VEN-01952,0,0,0,0,0
VEN-01953,0,0,1,0,0
VEN-01954,0,0,1,0,0
VEN-01955,0,0,0,0,0
VEN-01956,0,0,0,0,0
VEN-01957,0,0,0,0,0
VEN-01958,0,0,0,0,0
VEN-01959,0,0,0,0,0
VEN-01960,0,0,0,1,0
VEN-01961,1,0,0,0,0
VEN-01962,0,0,0,0,1
VEN-01963,0,0,0,0,0
VEN-01964,0,0,0,0,0
VEN-01965,0,1,0,0,0
VEN-01966,0,0,0,0,0
VEN-01967,0,0,1,0,0
VEN-01968,0,1,0,0,0
VEN-01969,0,0,0,0,0
VEN-01970,0,0,0,0,0
VEN-01971,0,0,0,0,1
VEN-01972,0,0,0,0,0
VEN-01973,0,0,0,0,0
VEN-01974,1,0,0,0,0
VEN-01975,0,0,0,0,0
VEN-01976,0,0,0,0,0
VEN-01977,0,1,0,0,0
VEN-01978,0,0,0,0,0
VEN-01979,0,0,0,0,0
VEN-01980,0,0,0,0,0
VEN-01981,0,0,0,0,0
VEN-01982,0,0,0,0,0
VEN-01983,0,0,0,0,0
VEN-01984,0,0,0,0,0
VEN-01985,0,0,0,0,0
VEN-01986,0,0,0,1,0
VEN-01987,0,0,0,0,0
VEN-01988,0,0,0,0,0
VEN-01989,0,1,0,0,0
VEN-01990,0,1,0,0,0
VEN-01991,1,0,0,0,0
VEN-01992,0,0,0,0,0
VEN-01993,0,0,0,0,0
VEN-01994,0,0,0,1,0
VEN-01995,0,0,0,0,0
VEN-01996,0,0,0,0,0
VEN-01997,0,1,0,0,0
VEN-01998,1,0,0,0,0
VEN-01999,1,0,0,0,0
VEN-02000,0,0,1,0,0
VEN-02001,0,0,0,1,0
VEN-02002,1,0,0,0,0
VEN-02003,0,0,0,0,0
VEN-02004,1,0,0,0,0
VEN-02005,0,0,0,0,0
VEN-02006,0,0,0,0,1
VEN-02007,0,0,0,0,0
VEN-02008,0,0,0,0,0
VEN-02009,1,0,0,0,0
VEN-02010,0,0,0,0,0
VEN-02011,0,0,0,1,0
VEN-02012,0,0,0,0,0
VEN-02013,1,0,0,0,0
VEN-02014,1,0,0,0,0
VEN-02015,0,0,0,1,1
VEN-02016,0,0,1,1,0
VEN-02017,1,0,0,0,0
VEN-02018,0,0,0,1,0
VEN-02019,0,0,0,0,0
VEN-02020,0,0,0,0,0
VEN-02021,0,1,0,0,0
VEN-02022,0,0,0,0,0
VEN-02023,0,0,1,0,0
VEN-02024,0,0,0,0,0
VEN-02025,0,0,0,0,0
VEN-02026,0,0,0,0,1
VEN-02027,0,0,0,1,0
VEN-02028,0,0,0,1,0
VEN-02029,0,0,0,0,0
VEN-02030,0,0,1,0,0
VEN-02031,0,0,0,0,0
VEN-02032,0,0,0,0,0
VEN-02033,0,0,0,0,1
VEN-02034,0,0,0,0,1
VEN-02035,0,0,0,0,1
VEN-02036,0,0,0,0,0
VEN-02037,0,0,0,1,0
VEN-02038,0,0,0,0,0
VEN-02039,0,0,0,0,0
VEN-02040,0,1,0,0,1
VEN-02041,0,0,0,0,1
VEN-02042,0,0,1,0,0
VEN-02043,0,0,0,0,0
VEN-02044,1,0,0,0,0
VEN-02045,0,1,0,0,1
VEN-02046,0,1,0,0,0
VEN-02047,0,0,0,0,0
VEN-02048,0,0,0,1,0
VEN-02049,1,0,0,0,0
VEN-02050,1,0,0,0,0
VEN-02051,1,0,0,1,0
VEN-02052,0,0,0,0,0
VEN-02053,0,1,0,0,0
VEN-02054,0,0,0,0,1
VEN-02055,0,0,0,0,0
VEN-02056,0,0,0,0,0
VEN-02057,0,0,0,0,1
VEN-02058,0,0,0,0,0
VEN-02059,0,1,0,0,0
VEN-02060,0,0,0,0,0
VEN-02061,0,0,0,0,0
VEN-02062,0,0,0,0,0
VEN-02063,0,0,0,0,1
VEN-02064,0,0,0,0,0
VEN-02065,1,0,0,0,0
VEN-02066,0,0,0,0,0
VEN-02067,1,0,0,0,0
VEN-02068,1,0,0,0,0
VEN-02069,0,0,0,0,0
VEN-02070,0,0,1,0,0
VEN-02071,0,0,1,0,0
VEN-02072,0,0,0,1,0
VEN-02073,0,0,0,0,0
VEN-02074,0,0,0,0,0
VEN-02075,1,0,0,0,0
VEN-02076,0,0,0,0,0
VEN-02077,0,0,1,0,0
VEN-02078,0,0,1,0,0
VEN-02079,0,0,0,0,0
VEN-02080,0,1,0,0,0
VEN-02081,0,1,0,0,0
VEN-02082,0,0,1,1,0
VEN-02083,0,1,0,0,0
VEN-02084,0,0,0,0,0
VEN-02085,0,0,0,0,1
VEN-02086,0,0,0,0,0
VEN-02087,1,0,0,0,0
VEN-02088,0,0,0,0,0
VEN-02089,0,0,1,0,0
VEN-02090,0,0,1,0,0
VEN-02091,0,0,0,0,0
VEN-02092,1,0,0,0,0
VEN-02093,0,0,1,1,0
VEN-02094,0,0,0,0,0
VEN-02095,1,1,0,0,0
VEN-02096,0,0,1,0,0
VEN-02097,1,1,0,0,0
VEN-02098,0,0,0,0,0
VEN-02099,0,0,1,0,0
VEN-02100,1,0,0,0,0
VEN-02101,0,0,0,0,0
VEN-02102,0,1,0,0,0
VEN-02103,0,0,0,0,0
VEN-02104,0,0,0,0,0
VEN-02105,0,0,0,0,1
VEN-02106,0,0,0,0,0
VEN-02107,0,0,0,0,0
VEN-02108,0,0,0,0,0
VEN-02109,0,1,0,0,0
VEN-02110,0,0,0,0,0
VEN-02111,0,0,0,1,0
VEN-02112,0,0,0,0,0
VEN-02113,1,0,0,0,0
VEN-02114,0,0,0,0,0
VEN-02115,0,0,0,1,0
VEN-02116,0,0,0,0,0
VEN-02117,0,0,0,0,1
VEN-02118,0,1,0,0,0
VEN-02119,0,0,1,0,0
VEN-02120,0,0,0,0,0
VEN-02121,1,1,0,0,1
VEN-02122,0,0,1,0,0
VEN-02123,0,0,0,0,1
VEN-02124,1,0,0,1,1
VEN-02125,0,0,0,0,0
VEN-02126,0,0,0,0,1
VEN-02127,0,0,0,0,0
VEN-02128,0,0,0,0,0
VEN-02129,0,0,0,0,0
VEN-02130,0,0,0,0,0
VEN-02131,0,0,0,0,0
VEN-02132,0,0,0,0,0
VEN-02133,1,1,0,0,0
VEN-02134,0,0,0,0,0
VEN-02135,0,0,0,0,0
VEN-02136,1,0,0,0,1
VEN-02137,0,0,1,0,0
VEN-02138,0,0,0,0,0
VEN-02139,0,0,0,0,0
VEN-02140,0,0,0,0,0
VEN-02141,0,0,0,1,0
VEN-02142,0,1,0,0,0
VEN-02143,0,0,0,0,0
VEN-02144,0,0,0,0,1
VEN-02145,0,0,0,0,0
VEN-02146,0,0,0,0,0
VEN-02147,1,0,0,0,1
VEN-02148,0,0,0,0,0
VEN-02149,1,0,0,0,0
VEN-02150,0,0,0,0,0
VEN-02151,1,0,0,0,0
VEN-02152,0,0,0,0,0
VEN-02153,0,0,0,0,0
VEN-02154,0,0,0,0,0
VEN-02155,0,0,0,0,1
VEN-02156,0,0,0,0,0
VEN-02157,0,0,0,0,0
VEN-02158,0,0,0,0,0
VEN-02159,0,0,0,0,1
VEN-02160,0,1,0,0,0
VEN-02161,0,0,1,0,1
VEN-02162,0,0,0,0,1
VEN-02163,1,1,0,0,0
VEN-02164,0,0,0,0,0
VEN-02165,0,0,0,0,0
VEN-02166,1,0,0,0,0
VEN-02167,0,0,0,0,0
VEN-02168,0,1,0,0,0
VEN-02169,0,0,0,0,0
VEN-02170,0,0,0,0,0
VEN-02171,0,0,0,0,0
VEN-02172,1,0,0,1,0
VEN-02173,1,0,1,0,0
VEN-02174,0,0,1,0,0
VEN-02175,0,0,0,0,0
VEN-02176,0,0,0,0,0
VEN-02177,0,0,0,0,0
VEN-02178,0,0,0,0,0
VEN-02179,0,0,0,0,1
VEN-02180,0,0,0,0,0
VEN-02181,1,0,0,0,1
VEN-02182,0,0,0,0,0
VEN-02183,0,0,0,0,0
VEN-02184,1,0,0,0,0
VEN-02185,0,1,0,0,0
VEN-02186,0,0,0,0,0
VEN-02187,0,0,0,1,0
VEN-02188,0,0,0,0,0
VEN-02189,0,0,0,0,0
VEN-02190,1,0,0,0,1
VEN-02191,0,0,0,0,0
VEN-02192,0,0,0,0,0
VEN-02193,0,1,0,0,0
VEN-02194,1,0,0,0,0
VEN-02195,0,0,0,0,0
VEN-02196,0,0,0,1,0
VEN-02197,0,0,0,0,0
VEN-02198,0,0,0,0,0
VEN-02199,0,0,0,0,0
VEN-02200,0,0,1,0,0
VEN-02201,0,0,0,0,0
VEN-02202,0,0,0,0,0
VEN-02203,0,0,0,0,0
VEN-02204,1,0,1,0,0
VEN-02205,0,0,0,0,0
VEN-02206,0,0,0,0,0
VEN-02207,0,0,0,0,0
VEN-02208,0,0,0,0,0
VEN-02209,0,0,0,0,0
VEN-02210,0,0,1,0,0
VEN-02211,0,0,0,1,0
VEN-02212,0,0,0,0,0
VEN-02213,1,0,0,0,0
VEN-02214,0,0,0,0,0
VEN-02215,0,0,0,0,0
VEN-02216,1,0,0,1,0
VEN-02217,0,0,0,0,0
VEN-02218,0,0,0,0,0
VEN-02219,0,0,0,1,0
VEN-02220,0,1,0,0,0
VEN-02221,0,0,0,0,0
VEN-02222,0,0,0,0,0
VEN-02223,0,0,0,0,0
VEN-02224,0,0,0,0,0
VEN-02225,0,0,0,0,0
VEN-02226,0,0,0,1,0
VEN-02227,0,0,0,0,1
VEN-02228,0,0,0,1,0
VEN-02229,0,0,0,0,0
VEN-02230,0,0,0,0,1
VEN-02231,0,0,0,0,0
VEN-02232,0,1,0,0,0
VEN-02233,0,0,1,1,0
VEN-02234,0,0,1,0,0
VEN-02235,0,0,0,1,0
VEN-02236,0,0,0,0,0
VEN-02237,1,0,0,0,0
VEN-02238,0,0,0,0,0
VEN-02239,0,0,0,0,1
VEN-02240,0,0,0,0,0
VEN-02241,0,0,0,0,1
VEN-02242,1,0,0,0,0
VEN-02243,0,0,0,0,0
VEN-02244,1,1,1,1,0
VEN-02245,0,0,0,0,0
VEN-02246,0,0,0,0,0
VEN-02247,0,0,0,1,0
VEN-02248,1,0,0,0,0
VEN-02249,0,0,1,0,0
VEN-02250,0,0,1,0,0
VEN-02251,0,0,0,0,0
VEN-02252,0,0,0,1,0
VEN-02253,0,0,0,0,0
VEN-02254,0,0,0,0,0
VEN-02255,1,0,0,0,0
VEN-02256,0,0,0,0,0
VEN-02257,0,0,0,1,0
VEN-02258,0,0,0,1,0
VEN-02259,1,0,1,0,0
VEN-02260,0,1,1,1,0
VEN-02261,0,1,0,0,0
VEN-02262,0,0,0,0,0
VEN-02263,1,0,0,1,0
VEN-02264,0,0,0,0,0
VEN-02265,0,1,0,0,0
VEN-02266,0,0,0,0,1
VEN-02267,0,0,0,1,0
VEN-02268,0,0,0,0,0
VEN-02269,1,1,0,0,0
VEN-02270,0,0,0,0,0
VEN-02271,0,0,0,0,0
VEN-02272,0,1,0,1,0
VEN-02273,0,0,0,1,0
VEN-02274,0,1,0,1,0
VEN-02275,0,0,0,0,0
VEN-02276,0,0,0,0,0
VEN-02277,0,0,0,0,0
VEN-02278,0,0,0,0,0
VEN-02279,0,0,0,0,0
VEN-02280,0,0,0,0,0
VEN-02281,0,0,1,1,0
VEN-02282,1,0,0,0,0
VEN-02283,0,0,0,0,0
VEN-02284,0,0,0,0,0
VEN-02285,0,0,0,0,0
VEN-02286,0,0,0,0,0
VEN-02287,0,1,0,0,0
VEN-02288,0,0,0,0,0
VEN-02289,0,0,0,0,0
VEN-02290,0,0,0,0,0
VEN-02291,0,0,0,0,0
VEN-02292,1,0,1,0,0
VEN-02293,0,0,0,0,0
VEN-02294,1,0,0,0,0
VEN-02295,0,0,0,0,1
VEN-02296,1,1,1,0,0
VEN-02297,0,0,0,0,0
VEN-02298,1,0,0,1,0
VEN-02299,1,0,0,0,0
VEN-02300,0,0,0,0,0
VEN-02301,0,0,0,1,0
VEN-02302,0,0,0,0,0
VEN-02303,0,0,0,0,0
VEN-02304,0,0,0,0,0
VEN-02305,0,0,0,0,0
VEN-02306,0,1,0,0,0
VEN-02307,1,0,0,0,0
VEN-02308,0,0,0,0,0
VEN-02309,0,0,0,0,0
VEN-02310,0,0,0,0,0
VEN-02311,0,0,0,0,0
VEN-02312,0,0,0,0,0
VEN-02313,0,0,0,0,0
VEN-02314,0,0,0,0,0
VEN-02315,0,0,0,0,0
VEN-02316,0,0,0,0,0
VEN-02317,0,1,0,0,1
VEN-02318,1,0,0,1,0
VEN-02319,0,0,0,0,0
VEN-02320,0,0,0,0,1
VEN-02321,1,0,0,0,0
VEN-02322,1,0,0,0,0
VEN-02323,1,0,1,0,0
VEN-02324,1,1,0,0,0
VEN-02325,0,0,0,0,1
VEN-02326,0,0,0,1,0
VEN-02327,0,0,0,0,0
VEN-02328,0,0,0,0,0
VEN-02329,0,0,1,0,0
VEN-02330,1,0,0,1,0
VEN-02331,0,0,0,0,0
VEN-02332,0,0,0,0,0
VEN-02333,0,0,0,0,0
VEN-02334,1,0,0,0,0
VEN-02335,0,0,0,1,0
VEN-02336,0,0,0,0,0
VEN-02337,0,1,0,0,0
VEN-02338,0,0,0,0,0
VEN-02339,0,0,0,0,1
VEN-02340,0,0,0,0,0
VEN-02341,0,0,0,0,0
VEN-02342,0,0,0,0,0
VEN-02343,0,0,0,0,0
VEN-02344,0,0,0,0,0
VEN-02345,0,0,0,0,0
VEN-02346,0,0,0,0,0
VEN-02347,0,0,0,1,0
VEN-02348,0,0,0,0,0
VEN-02349,0,0,0,0,0
VEN-02350,0,0,1,0,0
VEN-02351,0,0,0,0,0
VEN-02352,0,1,0,0,0
VEN-02353,0,0,0,0,0
VEN-02354,0,0,0,0,0
VEN-02355,0,0,0,0,0
VEN-02356,0,0,1,0,0
VEN-02357,0,0,0,0,0
VEN-02358,0,0,0,0,0
VEN-02359,0,0,0,0,0
VEN-02360,0,0,0,0,0
VEN-02361,0,0,0,0,0
VEN-02362,0,0,0,0,1
VEN-02363,0,0,0,0,0
VEN-02364,1,0,0,0,0
VEN-02365,0,1,0,0,0
VEN-02366,0,1,0,0,1
VEN-02367,0,0,0,0,0
VEN-02368,0,0,0,0,0
VEN-02369,1,0,1,0,0
VEN-02370,0,0,0,0,0
VEN-02371,0,0,0,0,0
VEN-02372,0,0,0,0,1
VEN-02373,0,0,0,1,0
VEN-02374,0,0,0,0,0
VEN-02375,0,0,0,0,0
VEN-02376,0,0,0,0,0
VEN-02377,0,0,0,0,0
VEN-02378,0,0,0,0,1
VEN-02379,0,0,0,0,0
VEN-02380,0,0,0,0,1
VEN-02381,1,0,1,1,0
VEN-02382,0,0,0,0,0
VEN-02383,0,0,0,0,0
VEN-02384,0,1,0,0,0
VEN-02385,0,0,0,0,0
VEN-02386,0,0,0,0,1
VEN-02387,0,0,0,0,0
VEN-02388,0,0,0,0,0
VEN-02389,1,0,0,0,0
VEN-02390,0,0,0,0,0
VEN-02391,0,0,0,0,0
VEN-02392,0,0,0,0,0
VEN-02393,0,0,0,1,0
VEN-02394,1,0,0,1,1
VEN-02395,1,0,0,1,0
VEN-02396,1,0,0,0,0
VEN-02397,0,0,0,1,0
VEN-02398,0,0,0,0,0
VEN-02399,0,1,1,0,0
VEN-02400,0,0,0,0,1
VEN-02401,1,1,0,0,0
VEN-02402,0,0,0,0,1
VEN-02403,0,0,0,0,0
VEN-02404,0,0,0,0,0
VEN-02405,0,0,0,0,0
VEN-02406,0,0,0,0,0
VEN-02407,1,0,0,0,0
VEN-02408,0,1,0,0,0
VEN-02409,0,0,0,0,0
VEN-02410,0,1,0,0,1
VEN-02411,1,0,0,0,0
VEN-02412,0,0,0,0,0
VEN-02413,0,0,0,0,0
VEN-02414,0,0,0,0,1
VEN-02415,0,0,0,0,0
VEN-02416,0,0,0,1,0
VEN-02417,0,0,0,0,0
VEN-02418,0,0,0,1,0
VEN-02419,0,0,0,0,0
VEN-02420,0,0,0,0,0
VEN-02421,0,1,0,0,0
VEN-02422,1,0,0,1,0
VEN-02423,0,1,0,0,0
VEN-02424,0,0,0,0,0
VEN-02425,0,1,0,0,0
VEN-02426,1,0,0,0,0
VEN-02427,0,0,0,0,0
VEN-02428,0,0,1,1,0
VEN-02429,0,0,0,0,0
VEN-02430,0,0,0,0,0
VEN-02431,0,0,0,0,0
VEN-02432,0,0,0,0,0
VEN-02433,0,0,0,0,0
VEN-02434,0,0,1,0,0
VEN-02435,0,0,0,0,0
VEN-02436,0,0,0,0,0
VEN-02437,0,0,0,0,0
VEN-02438,0,0,0,0,0
VEN-02439,0,0,0,0,0
VEN-02440,0,0,0,1,0
VEN-02441,0,0,0,0,1
VEN-02442,0,0,1,0,0
VEN-02443,0,0,0,0,0
VEN-02444,0,0,0,0,0
VEN-02445,0,0,0,0,0
VEN-02446,0,1,0,0,0
VEN-02447,0,0,0,0,0
VEN-02448,1,0,0,0,0
VEN-02449,0,1,1,0,0
VEN-02450,0,0,0,0,0
VEN-02451,0,0,0,1,0
VEN-02452,0,0,0,0,0
VEN-02453,0,1,0,0,1
VEN-02454,0,0,0,0,0
VEN-02455,0,1,0,0,0
VEN-02456,0,1,0,1,0
VEN-02457,0,1,0,0,0
VEN-02458,0,0,0,0,0
VEN-02459,0,0,0,1,0
VEN-02460,0,1,0,0,0
VEN-02461,1,1,0,0,0
VEN-02462,0,0,0,0,0
VEN-02463,0,0,0,0,0
VEN-02464,1,0,0,0,0
VEN-02465,0,1,0,0,0
VEN-02466,0,0,0,0,0
VEN-02467,1,0,0,1,0
VEN-02468,0,0,0,0,0
VEN-02469,0,0,0,0,0
VEN-02470,0,0,0,0,0
VEN-02471,0,0,0,0,0
VEN-02472,1,0,0,0,1
VEN-02473,0,0,0,0,1
VEN-02474,0,0,0,0,0
VEN-02475,0,0,0,0,1
VEN-02476,0,0,0,0,0
VEN-02477,0,0,0,0,0
VEN-02478,1,0,0,0,1
VEN-02479,0,0,1,0,0
VEN-02480,0,0,1,1,0
VEN-02481,1,0,0,0,0
VEN-02482,0,0,0,0,0
VEN-02483,1,0,1,0,1
VEN-02484,0,0,0,0,0
VEN-02485,0,0,0,0,1
VEN-02486,0,0,0,0,0
VEN-02487,0,1,0,0,0
VEN-02488,0,0,1,0,0
VEN-02489,0,0,0,1,1
VEN-02490,0,1,0,0,0
VEN-02491,0,0,0,0,0
VEN-02492,1,0,0,0,0
VEN-02493,0,0,0,0,0
VEN-02494,0,1,0,0,0
VEN-02495,0,1,0,0,0
VEN-02496,1,0,0,0,0
VEN-02497,0,0,0,0,1
VEN-02498,0,0,0,0,0
VEN-02499,0,0,0,0,0
VEN-02500,0,1,0,0,0
VEN-02501,0,0,0,0,0
VEN-02502,0,1,0,0,0
VEN-02503,0,1,0,0,0
VEN-02504,0,0,0,0,0
VEN-02505,0,0,0,0,1
VEN-02506,0,1,0,1,0
VEN-02507,0,0,0,0,0
VEN-02508,0,0,0,1,0
VEN-02509,0,0,0,0,0
VEN-02510,0,0,0,0,0
VEN-02511,0,1,0,0,0
VEN-02512,0,1,0,0,0
VEN-02513,0,0,0,0,0
VEN-02514,0,0,0,0,0
VEN-02515,0,0,0,0,0
VEN-02516,0,0,0,0,0
VEN-02517,0,1,0,0,0
VEN-02518,0,0,0,0,0
VEN-02519,0,0,0,0,0
VEN-02520,0,0,0,1,0
VEN-02521,0,1,0,0,0
VEN-02522,0,0,0,0,0
VEN-02523,1,0,0,0,0
VEN-02524,0,0,0,0,0
VEN-02525,0,0,0,0,0
VEN-02526,1,0,0,0,0
VEN-02527,1,0,0,0,0
VEN-02528,0,0,0,0,0
VEN-02529,0,0,0,0,0
VEN-02530,0,0,0,0,0
VEN-02531,0,0,0,0,0
VEN-02532,0,1,0,1,0
VEN-02533,0,0,0,1,1
VEN-02534,0,0,0,0,0
VEN-02535,0,0,0,0,0
VEN-02536,0,1,0,0,0
VEN-02537,1,1,0,0,0
VEN-02538,0,0,0,0,0
VEN-02539,0,1,0,0,0
VEN-02540,0,0,0,0,1
VEN-02541,0,0,0,0,0
VEN-02542,0,0,0,1,0
VEN-02543,0,0,0,0,0
VEN-02544,0,0,1,0,0
VEN-02545,0,0,0,0,0
VEN-02546,1,1,0,0,0
VEN-02547,0,0,0,0,0
VEN-02548,0,0,0,0,0
VEN-02549,0,0,0,0,0
VEN-02550,0,0,0,0,1
VEN-02551,0,0,0,0,0
VEN-02552,0,0,0,0,0
VEN-02553,0,0,0,0,0
VEN-02554,0,0,0,0,0
VEN-02555,0,0,0,0,0
VEN-02556,0,0,0,0,1
VEN-02557,0,0,0,0,0
VEN-02558,1,0,0,0,1
VEN-02559,0,0,0,0,0
VEN-02560,0,0,1,0,0
VEN-02561,1,1,0,0,0
VEN-02562,0,1,0,0,0
VEN-02563,0,1,0,0,0
VEN-02564,0,0,0,0,0
VEN-02565,1,0,0,1,1
VEN-02566,0,0,0,0,0
VEN-02567,1,0,0,0,0
VEN-02568,0,1,0,0,0
VEN-02569,0,0,0,0,0
VEN-02570,0,0,0,0,0
VEN-02571,0,0,0,0,0
VEN-02572,0,0,0,0,0
VEN-02573,0,0,0,0,0
VEN-02574,0,0,0,0,0
VEN-02575,0,0,1,0,0
VEN-02576,0,0,0,0,0
VEN-02577,0,0,0,0,0
VEN-02578,0,0,0,0,0
VEN-02579,0,0,0,0,0
VEN-02580,0,0,0,0,0
VEN-02581,0,0,0,0,0
VEN-02582,0,0,0,0,0
VEN-02583,0,1,0,0,0
VEN-02584,0,0,1,0,0
VEN-02585,0,0,0,1,0
VEN-02586,0,0,0,0,1
VEN-02587,0,0,0,0,0
VEN-02588,0,0,0,1,0
VEN-02589,0,0,0,1,0
VEN-02590,0,0,0,0,0
VEN-02591,1,1,0,0,0
VEN-02592,0,0,0,0,1
VEN-02593,0,0,0,0,0
VEN-02594,0,0,0,0,0
VEN-02595,1,0,0,0,0
VEN-02596,0,0,0,0,0
VEN-02597,0,0,0,0,0
VEN-02598,0,0,0,0,0
VEN-02599,0,0,0,0,0
VEN-02600,0,0,0,1,1
VEN-02601,0,0,1,1,1
VEN-02602,0,0,0,0,0
VEN-02603,0,0,0,0,0
VEN-02604,0,0,0,0,0
VEN-02605,0,0,0,0,0
VEN-02606,0,0,0,0,1
VEN-02607,0,1,0,0,0
VEN-02608,0,0,0,0,0
VEN-02609,0,0,0,0,0
VEN-02610,0,0,0,0,1
VEN-02611,0,0,1,1,0
VEN-02612,0,0,1,0,0
VEN-02613,0,1,0,0,0
VEN-02614,0,0,0,0,0
VEN-02615,0,0,0,1,0
VEN-02616,0,0,0,0,0
VEN-02617,0,0,0,0,0
VEN-02618,0,0,0,0,0
VEN-02619,0,0,0,0,0
VEN-02620,0,1,0,0,0
VEN-02621,0,0,1,0,1
VEN-02622,1,0,0,0,0
VEN-02623,1,0,0,1,0
VEN-02624,0,0,0,1,0
VEN-02625,0,0,0,0,0
VEN-02626,0,0,0,0,0
VEN-02627,0,0,1,0,0
VEN-02628,0,0,0,0,0
VEN-02629,0,0,0,0,0
VEN-02630,0,0,0,1,0
VEN-02631,0,0,0,0,0
VEN-02632,0,0,1,0,0
VEN-02633,0,0,0,1,0
VEN-02634,0,1,0,0,0
VEN-02635,0,0,0,0,0
VEN-02636,1,0,0,0,0
VEN-02637,0,0,0,0,0
VEN-02638,0,1,0,0,0
VEN-02639,0,0,0,0,0
VEN-02640,0,0,0,0,0
VEN-02641,0,0,0,0,0
VEN-02642,0,0,1,0,0
VEN-02643,0,0,0,0,0
VEN-02644,0,1,0,0,0
VEN-02645,0,1,0,0,0
VEN-02646,1,0,0,1,0
VEN-02647,0,0,0,0,0
VEN-02648,0,1,0,0,0
VEN-02649,0,0,0,0,0
VEN-02650,0,0,0,0,0
VEN-02651,0,0,0,0,0
VEN-02652,0,1,0,0,1
VEN-02653,1,0,1,0,0
VEN-02654,0,1,0,0,0
VEN-02655,0,0,0,0,0
VEN-02656,0,0,0,0,1
VEN-02657,0,0,0,0,0
VEN-02658,1,0,0,0,0
VEN-02659,0,0,0,0,0
VEN-02660,0,0,0,0,1
VEN-02661,1,0,0,0,0
VEN-02662,0,0,0,0,0
VEN-02663,1,0,0,0,0
VEN-02664,0,0,0,0,0
VEN-02665,1,1,0,0,1
VEN-02666,0,0,0,0,0
VEN-02667,0,0,1,0,0
VEN-02668,1,0,0,1,0
VEN-02669,0,0,0,1,0
VEN-02670,0,1,0,0,1
VEN-02671,0,0,0,0,0
VEN-02672,0,0,0,0,0
VEN-02673,0,0,0,0,0
VEN-02674,0,0,0,0,0
VEN-02675,0,0,0,0,0
VEN-02676,0,0,0,0,0
VEN-02677,0,0,0,0,0
VEN-02678,1,0,0,0,0
VEN-02679,0,1,0,0,0
VEN-02680,1,0,0,0,0
VEN-02681,0,0,0,0,0
VEN-02682,1,0,0,0,0
VEN-02683,0,0,0,0,0
VEN-02684,0,0,0,0,1
VEN-02685,0,1,0,0,0
VEN-02686,0,0,1,1,0
VEN-02687,0,0,0,0,0
VEN-02688,0,0,0,0,1
VEN-02689,0,0,0,0,0
VEN-02690,0,0,0,0,0
VEN-02691,0,1,0,0,0
VEN-02692,0,0,0,0,1
VEN-02693,0,1,1,1,0
VEN-02694,0,0,0,0,0
VEN-02695,0,0,1,0,0
VEN-02696,0,0,0,0,0
VEN-02697,0,0,0,0,0
VEN-02698,0,0,0,0,0
VEN-02699,0,0,0,1,0
VEN-02700,0,0,0,0,0
VEN-02701,0,1,0,0,0
VEN-02702,0,0,1,0,0
VEN-02703,0,0,0,0,0
VEN-02704,0,0,0,0,0
VEN-02705,0,0,0,0,0
VEN-02706,0,0,0,0,0
VEN-02707,0,0,0,0,0
VEN-02708,0,1,0,0,0
VEN-02709,0,0,0,0,1
VEN-02710,0,0,0,0,0
VEN-02711,0,1,0,0,0
VEN-02712,0,0,0,0,0
VEN-02713,0,0,0,0,0
VEN-02714,0,0,0,0,0
VEN-02715,0,0,1,1,0
VEN-02716,0,0,0,1,0
VEN-02717,0,1,0,0,1
VEN-02718,0,0,0,0,0
VEN-02719,0,0,0,0,0
VEN-02720,0,1,0,0,0
VEN-02721,0,0,0,0,0
VEN-02722,0,1,0,0,0
VEN-02723,0,0,0,0,0
VEN-02724,1,0,0,0,0
VEN-02725,0,0,0,0,0
VEN-02726,0,0,0,0,0
VEN-02727,0,1,0,0,1
VEN-02728,0,0,0,0,0
VEN-02729,0,0,0,0,0
VEN-02730,0,0,1,1,0
VEN-02731,1,0,1,0,0
VEN-02732,1,0,0,0,0
VEN-02733,1,0,0,0,0
VEN-02734,1,1,0,0,0
VEN-02735,0,0,0,0,0
VEN-02736,0,0,0,0,0
VEN-02737,0,0,1,0,0
VEN-02738,0,0,0,0,0
VEN-02739,0,0,0,0,0
VEN-02740,0,0,0,0,0
VEN-02741,0,0,0,0,0
VEN-02742,0,0,0,0,0
VEN-02743,0,0,0,0,0
VEN-02744,0,0,0,0,0
VEN-02745,0,0,0,0,0
VEN-02746,0,1,0,0,0
VEN-02747,0,1,0,0,0
VEN-02748,0,0,0,0,0
VEN-02749,0,1,0,1,0
VEN-02750,0,0,0,0,0
VEN-02751,0,0,0,0,0
VEN-02752,0,0,0,0,0
VEN-02753,0,0,0,0,0
VEN-02754,0,0,0,0,0
VEN-02755,1,0,0,0,0
VEN-02756,1,0,0,0,0
VEN-02757,0,1,0,0,0
VEN-02758,1,0,0,0,0
VEN-02759,0,0,0,0,0
VEN-02760,0,0,0,0,0
VEN-02761,0,0,0,0,0
VEN-02762,0,0,0,1,0
VEN-02763,0,0,0,0,0
VEN-02764,0,1,1,0,0
VEN-02765,0,0,0,0,0
VEN-02766,0,0,0,0,0
VEN-02767,0,0,0,0,0
VEN-02768,0,0,0,0,0
VEN-02769,0,0,0,0,0
VEN-02770,0,0,0,0,0
VEN-02771,0,1,0,0,0
VEN-02772,0,0,1,0,0
VEN-02773,1,0,0,0,1
VEN-02774,0,0,0,0,0
VEN-02775,1,0,0,0,0
VEN-02776,0,0,0,0,0
VEN-02777,0,0,0,0,0
VEN-02778,0,0,0,0,1
VEN-02779,0,0,0,0,0
VEN-02780,0,1,0,0,0
VEN-02781,0,0,0,0,0
VEN-02782,1,0,0,0,0
VEN-02783,0,0,0,0,0
VEN-02784,0,0,0,1,0
VEN-02785,0,0,0,0,0
VEN-02786,0,0,1,0,0
VEN-02787,0,0,0,0,1
VEN-02788,0,0,0,1,0
VEN-02789,0,0,0,0,0
VEN-02790,0,0,0,0,0
VEN-02791,0,0,0,0,0
VEN-02792,0,0,0,0,0
VEN-02793,0,0,0,0,0
VEN-02794,0,0,0,0,0
VEN-02795,0,0,0,0,0
VEN-02796,1,0,0,0,0
VEN-02797,0,0,0,0,0
VEN-02798,0,0,0,0,0
VEN-02799,0,0,0,1,0
VEN-02800,0,0,0,1,0
VEN-02801,0,0,0,0,1
VEN-02802,0,0,0,0,0
VEN-02803,0,0,0,0,0
VEN-02804,0,0,0,0,0
VEN-02805,1,0,0,0,0
VEN-02806,1,0,0,0,0
VEN-02807,0,1,0,0,0
VEN-02808,0,0,0,0,0
VEN-02809,0,0,0,0,0
VEN-02810,0,0,0,0,0
VEN-02811,0,0,0,0,1
VEN-02812,0,0,0,0,0
VEN-02813,0,0,0,1,0
VEN-02814,0,0,0,0,0
VEN-02815,1,0,0,0,1
VEN-02816,0,0,1,0,0
VEN-02817,0,1,0,0,0
VEN-02818,0,0,0,0,0
VEN-02819,0,0,0,1,1
VEN-02820,0,1,0,0,0
VEN-02821,0,0,0,0,0
VEN-02822,0,0,0,0,1
VEN-02823,0,0,0,0,0
VEN-02824,0,0,0,0,0
VEN-02825,1,1,0,0,0
VEN-02826,0,0,0,0,0
VEN-02827,0,0,1,0,1
VEN-02828,0,0,0,0,0
VEN-02829,0,1,0,0,0
VEN-02830,0,0,0,0,1
VEN-02831,0,0,1,0,0
VEN-02832,0,0,0,0,0
VEN-02833,0,0,0,0,0
VEN-02834,0,0,0,1,0
VEN-02835,0,0,0,0,0
VEN-02836,0,0,0,1,0
VEN-02837,0,0,0,0,0
VEN-02838,1,0,0,0,0
VEN-02839,0,0,0,1,0
VEN-02840,0,0,0,0,0
VEN-02841,0,0,0,0,0
VEN-02842,0,0,0,0,0
VEN-02843,0,0,0,0,1
VEN-02844,0,0,0,0,0
VEN-02845,0,0,0,0,0
VEN-02846,0,0,0,0,0
VEN-02847,0,0,0,0,0
VEN-02848,0,1,1,0,0
VEN-02849,0,0,0,0,0
VEN-02850,0,0,0,0,0
VEN-02851,1,0,0,0,0
VEN-02852,0,0,0,0,1
VEN-02853,1,0,0,0,0
VEN-02854,1,0,0,1,0
VEN-02855,1,0,0,1,0
VEN-02856,0,0,0,0,0
VEN-02857,0,0,0,1,1
VEN-02858,0,0,0,0,0
VEN-02859,1,0,0,0,0
VEN-02860,0,0,1,0,0
VEN-02861,1,0,0,0,0
VEN-02862,0,1,0,0,0
VEN-02863,0,0,0,0,0
VEN-02864,0,0,0,0,0
VEN-02865,0,1,0,1,0
VEN-02866,0,0,0,0,0
VEN-02867,0,0,0,0,0
VEN-02868,0,0,0,0,0
VEN-02869,0,0,0,0,0
VEN-02870,0,0,0,0,0
VEN-02871,0,1,0,0,0
VEN-02872,1,0,0,0,0
VEN-02873,0,0,0,0,0
VEN-02874,0,1,0,0,0
VEN-02875,0,0,0,0,0
VEN-02876,0,0,0,1,0
VEN-02877,0,0,0,0,1
VEN-02878,1,0,0,0,0
VEN-02879,0,0,0,0,0
VEN-02880,1,0,0,0,0
VEN-02881,0,1,0,0,0
VEN-02882,0,0,0,0,1
VEN-02883,0,1,0,0,0
VEN-02884,0,0,0,0,0
VEN-02885,0,1,0,0,0
VEN-02886,0,0,0,0,0
VEN-02887,0,0,0,0,0
VEN-02888,0,0,0,0,0
VEN-02889,0,0,0,0,0
VEN-02890,1,1,0,0,0
VEN-02891,0,0,0,0,0
VEN-02892,1,0,1,0,0
VEN-02893,0,0,0,0,0
VEN-02894,0,0,0,0,1
VEN-02895,0,0,1,0,0
VEN-02896,0,0,0,0,0
VEN-02897,0,0,0,0,0
VEN-02898,1,0,0,0,0
VEN-02899,0,0,0,0,0
VEN-02900,0,0,0,0,0
VEN-02901,0,0,0,0,0
VEN-02902,0,0,0,0,0
VEN-02903,1,0,0,0,0
VEN-02904,0,0,0,1,1
VEN-02905,0,1,0,1,0
VEN-02906,0,0,0,0,0
VEN-02907,0,0,0,0,0
VEN-02908,0,1,0,1,0
VEN-02909,0,0,0,0,0
VEN-02910,0,1,0,0,1
VEN-02911,0,0,0,0,0
VEN-02912,1,1,0,0,0
VEN-02913,0,1,0,0,0
VEN-02914,0,1,0,1,0
VEN-02915,1,0,0,0,0
VEN-02916,0,0,0,0,0
VEN-02917,1,0,0,1,0
VEN-02918,0,0,1,0,0
VEN-02919,0,0,0,0,0
VEN-02920,0,0,0,0,0
VEN-02921,0,0,0,0,0
VEN-02922,0,0,0,1,0
VEN-02923,0,0,0,1,0
VEN-02924,0,0,0,0,0
VEN-02925,0,1,0,0,0
VEN-02926,0,0,0,1,0
VEN-02927,0,0,0,0,0
VEN-02928,0,0,0,0,0
VEN-02929,0,0,0,0,0
VEN-02930,0,1,0,0,0
VEN-02931,0,0,0,0,0
VEN-02932,0,0,0,1,0
VEN-02933,1,0,1,1,0
VEN-02934,0,0,0,0,1
VEN-02935,0,0,0,0,0
VEN-02936,1,0,0,0,0
VEN-02937,0,0,0,0,0
VEN-02938,1,0,0,0,0
VEN-02939,0,0,0,0,0
VEN-02940,0,0,0,0,0
VEN-02941,0,0,0,1,0
VEN-02942,1,0,0,0,0
VEN-02943,0,0,0,0,1
VEN-02944,0,0,0,0,0
VEN-02945,1,0,0,0,0
VEN-02946,0,0,0,0,0
VEN-02947,0,0,0,0,0
VEN-02948,0,0,0,0,0
VEN-02949,0,0,0,0,0
VEN-02950,0,1,0,0,0
VEN-02951,0,1,0,0,1
VEN-02952,0,0,1,1,0
VEN-02953,1,0,0,1,0
VEN-02954,0,0,0,0,0
VEN-02955,0,1,0,0,0
VEN-02956,0,0,1,0,0
VEN-02957,1,0,0,0,0
VEN-02958,0,0,0,0,0
VEN-02959,0,0,0,0,0
VEN-02960,0,0,0,1,0
VEN-02961,0,0,0,0,0
VEN-02962,0,0,0,0,0
VEN-02963,1,0,0,0,0
VEN-02964,0,0,0,0,0
VEN-02965,0,0,0,0,0
VEN-02966,0,0,0,0,0
VEN-02967,0,0,0,1,0
VEN-02968,0,0,0,0,0
VEN-02969,0,1,0,0,0
VEN-02970,0,0,0,0,0
VEN-02971,0,0,0,1,0
VEN-02972,0,0,0,0,0
VEN-02973,0,1,0,0,0
VEN-02974,0,0,0,0,0
VEN-02975,0,0,0,0,0
VEN-02976,0,0,0,0,1
VEN-02977,0,0,0,0,0
VEN-02978,0,1,0,0,0
VEN-02979,1,0,0,0,0
VEN-02980,0,0,0,0,0
VEN-02981,0,0,0,0,0
VEN-02982,1,0,0,0,0
VEN-02983,0,0,0,0,0
VEN-02984,0,0,0,0,0
VEN-02985,0,0,0,0,0
VEN-02986,0,0,0,0,0
VEN-02987,0,0,0,0,0
VEN-02988,0,0,1,0,0
VEN-02989,0,0,0,1,1
VEN-02990,0,0,1,0,0
VEN-02991,0,0,0,0,0
VEN-02992,0,0,0,0,0
VEN-02993,0,0,0,0,0
VEN-02994,0,0,0,0,0
VEN-02995,0,0,0,0,0
VEN-02996,1,0,0,0,0
VEN-02997,0,1,0,0,0
VEN-02998,0,0,0,0,0
VEN-02999,0,0,1,0,0
VEN-03000,0,0,0,0,0
VEN-03001,0,0,0,0,0
VEN-03002,0,0,0,0,0
VEN-03003,0,0,0,0,0
VEN-03004,1,1,1,0,0
VEN-03005,0,1,0,0,0
VEN-03006,0,1,0,0,0
VEN-03007,0,0,0,0,0
VEN-03008,0,1,0,0,0
VEN-03009,0,0,0,0,0
VEN-03010,0,1,0,0,0
VEN-03011,0,0,0,0,0
VEN-03012,1,0,0,0,0
VEN-03013,0,0,0,0,0
VEN-03014,0,1,0,1,0
VEN-03015,1,1,0,0,0
VEN-03016,0,0,0,0,0
VEN-03017,0,0,0,0,0
VEN-03018,0,0,0,1,0
VEN-03019,1,0,0,0,0
VEN-03020,0,0,0,0,0
VEN-03021,0,0,0,0,0
VEN-03022,0,0,0,0,0
VEN-03023,0,0,0,0,0
VEN-03024,1,1,0,0,0
VEN-03025,0,0,0,1,0
VEN-03026,0,0,0,0,1
VEN-03027,0,0,0,0,0
VEN-03028,0,0,0,0,0
VEN-03029,0,0,0,0,0
VEN-03030,0,1,0,0,0
VEN-03031,0,0,0,0,0
VEN-03032,0,0,0,0,0
VEN-03033,1,0,0,0,0
VEN-03034,0,0,0,0,0
VEN-03035,0,0,0,1,0
VEN-03036,0,0,0,0,1
VEN-03037,0,0,0,0,0
VEN-03038,0,0,0,0,0
VEN-03039,0,0,0,0,0
VEN-03040,0,0,0,0,0
VEN-03041,0,0,1,0,0
VEN-03042,0,0,0,1,0
VEN-03043,0,1,0,0,0
VEN-03044,0,0,0,0,0
VEN-03045,1,0,1,0,0
VEN-03046,0,0,0,0,1
VEN-03047,0,0,0,0,1
VEN-03048,0,0,0,0,0
VEN-03049,0,0,0,0,0
VEN-03050,0,0,0,0,0
VEN-03051,0,0,0,0,0
VEN-03052,0,0,0,0,0
VEN-03053,0,0,0,0,0
VEN-03054,0,0,0,0,0
VEN-03055,0,0,1,0,0
VEN-03056,0,0,1,0,0
VEN-03057,1,0,0,0,1
VEN-03058,0,1,0,0,0
VEN-03059,1,0,0,0,0
VEN-03060,0,1,0,0,0
VEN-03061,0,1,0,1,0
VEN-03062,0,0,0,0,1
VEN-03063,0,0,0,0,0
VEN-03064,0,0,0,0,0
VEN-03065,0,0,0,0,0
VEN-03066,0,0,1,0,0
VEN-03067,0,0,0,0,0
VEN-03068,0,0,0,0,0
VEN-03069,0,0,1,0,0
VEN-03070,0,0,0,0,0
VEN-03071,0,0,0,0,1
VEN-03072,0,0,0,0,0
VEN-03073,0,0,0,0,0
VEN-03074,1,1,0,0,0
VEN-03075,0,0,0,0,0
VEN-03076,0,0,0,0,0
VEN-03077,0,0,0,0,0
VEN-03078,1,0,0,0,0
VEN-03079,0,0,0,0,1
VEN-03080,0,1,1,0,0
VEN-03081,0,0,0,0,0
VEN-03082,0,0,1,0,0
VEN-03083,0,0,0,0,0
VEN-03084,1,0,1,0,0
VEN-03085,0,0,0,0,0
VEN-03086,1,0,0,0,0
VEN-03087,0,0,1,0,0
VEN-03088,0,0,0,1,0
VEN-03089,0,0,0,0,0
VEN-03090,0,0,0,0,0
VEN-03091,0,1,0,0,0
VEN-03092,1,0,0,0,0
VEN-03093,0,0,0,0,0
VEN-03094,0,0,0,0,0
VEN-03095,0,0,0,0,0
VEN-03096,0,0,0,0,0
VEN-03097,0,0,0,0,0
VEN-03098,0,0,0,0,1
VEN-03099,1,0,1,0,0
VEN-03100,1,1,0,0,0
VEN-03101,0,0,0,1,0
VEN-03102,0,0,1,0,0
VEN-03103,0,0,0,0,0
VEN-03104,0,0,0,0,0
VEN-03105,0,0,0,0,0
VEN-03106,0,0,0,1,0
VEN-03107,0,0,0,0,0
VEN-03108,0,0,0,0,0
VEN-03109,1,0,1,1,0
VEN-03110,0,1,0,0,0
VEN-03111,0,0,0,0,0
VEN-03112,0,0,0,0,0
VEN-03113,1,1,0,0,0
VEN-03114,1,0,0,0,0
VEN-03115,0,0,0,0,0
VEN-03116,0,0,0,0,0
VEN-03117,0,0,0,0,0
VEN-03118,0,0,0,0,0
VEN-03119,0,0,0,0,0
VEN-03120,0,0,0,0,0
VEN-03121,0,0,0,0,0
VEN-03122,1,0,1,0,0
VEN-03123,0,1,0,0,0
VEN-03124,0,1,0,0,0
VEN-03125,0,0,1,1,0
VEN-03126,0,0,0,0,0
VEN-03127,0,1,0,1,0
VEN-03128,0,0,0,0,0
VEN-03129,0,0,1,1,0
VEN-03130,0,1,0,0,0
VEN-03131,0,0,1,0,0
VEN-03132,0,0,0,0,0
VEN-03133,0,1,0,0,0
VEN-03134,1,0,0,1,0
VEN-03135,0,1,0,0,0
VEN-03136,0,1,1,0,0
VEN-03137,0,0,0,0,0
VEN-03138,0,0,0,0,0
VEN-03139,0,0,0,0,0
VEN-03140,0,0,0,0,0
VEN-03141,1,0,1,1,0
VEN-03142,0,0,0,0,0
VEN-03143,0,0,0,1,1
VEN-03144,0,0,0,0,0
VEN-03145,0,0,0,1,0
VEN-03146,0,0,0,0,0
VEN-03147,0,0,0,0,0
VEN-03148,0,0,0,0,0
VEN-03149,0,0,0,0,0
VEN-03150,0,0,0,1,0
VEN-03151,1,0,0,0,0
VEN-03152,1,0,0,0,0
VEN-03153,0,0,0,0,0
VEN-03154,0,0,0,0,0
VEN-03155,0,0,0,0,0
VEN-03156,0,0,0,0,0
VEN-03157,0,0,0,0,0
VEN-03158,1,0,0,0,1
VEN-03159,1,0,0,0,0
VEN-03160,0,0,0,0,0
VEN-03161,0,0,0,0,0
VEN-03162,0,0,0,0,0
VEN-03163,0,0,0,0,1
VEN-03164,0,1,0,0,0
VEN-03165,0,0,0,0,0
VEN-03166,0,0,0,0,0
VEN-03167,0,0,0,0,0
VEN-03168,1,0,0,0,0
VEN-03169,0,0,0,0,0
VEN-03170,0,0,0,1,0
VEN-03171,0,0,0,1,1
VEN-03172,0,0,0,0,0
VEN-03173,0,0,0,0,0
VEN-03174,0,0,0,0,0
VEN-03175,1,0,0,0,0
VEN-03176,0,0,1,0,0
VEN-03177,0,1,0,0,0
VEN-03178,0,0,0,0,0
VEN-03179,1,1,0,0,0
VEN-03180,0,0,1,0,0
VEN-03181,0,0,1,0,0
VEN-03182,0,0,1,0,0
VEN-03183,0,0,0,0,0
VEN-03184,0,0,0,0,0
VEN-03185,0,1,0,0,0
VEN-03186,0,0,0,0,0
VEN-03187,0,0,0,0,0
VEN-03188,1,0,0,1,0
VEN-03189,1,0,1,0,0
VEN-03190,0,1,0,1,0
VEN-03191,0,0,0,0,0
VEN-03192,1,0,0,0,1
VEN-03193,0,0,0,0,0
VEN-03194,0,0,0,0,0
VEN-03195,0,0,0,0,1
VEN-03196,1,0,0,0,0
VEN-03197,0,0,0,0,1
VEN-03198,1,0,0,0,0
VEN-03199,1,0,1,0,0
VEN-03200,0,0,0,0,0
VEN-03201,0,0,1,0,0
VEN-03202,0,0,1,0,1
VEN-03203,0,0,0,0,0
VEN-03204,1,0,1,0,0
VEN-03205,0,0,0,0,0
VEN-03206,0,0,0,0,0
VEN-03207,0,0,0,0,0
VEN-03208,0,0,0,0,0
VEN-03209,0,1,0,0,0
VEN-03210,0,0,1,0,0
VEN-03211,0,0,0,0,0
VEN-03212,0,0,0,0,0
VEN-03213,0,0,0,1,0
VEN-03214,0,0,0,0,1
VEN-03215,0,0,0,0,0
VEN-03216,0,0,0,0,0
VEN-03217,0,0,0,0,0
VEN-03218,0,0,0,0,0
VEN-03219,0,1,0,1,1
VEN-03220,1,1,0,0,0
VEN-03221,0,0,0,0,0
VEN-03222,0,0,0,1,1
VEN-03223,1,0,0,0,1
VEN-03224,0,1,1,0,0
VEN-03225,0,0,0,0,0
VEN-03226,0,0,0,0,0
VEN-03227,0,1,0,0,1
VEN-03228,0,0,1,1,0
VEN-03229,0,0,0,0,0
VEN-03230,0,0,0,0,0
VEN-03231,0,0,0,0,0
VEN-03232,0,0,0,0,0
VEN-03233,0,0,0,0,0
VEN-03234,0,0,0,0,0
VEN-03235,0,0,0,1,0
VEN-03236,0,0,0,0,1
VEN-03237,0,0,0,1,0
VEN-03238,0,0,0,0,0
VEN-03239,1,0,0,0,0
VEN-03240,0,0,0,0,1
VEN-03241,0,0,0,0,0
VEN-03242,0,0,0,0,0
VEN-03243,0,0,0,0,0
VEN-03244,0,0,1,0,0
VEN-03245,0,0,0,1,0
VEN-03246,0,0,0,0,0
VEN-03247,0,0,0,0,0
VEN-03248,0,0,0,0,0
VEN-03249,1,0,0,0,0
VEN-03250,0,0,0,1,0
VEN-03251,0,0,0,0,0
VEN-03252,0,0,0,0,0
VEN-03253,0,1,1,0,0
VEN-03254,0,0,0,0,1
VEN-03255,0,0,0,0,0
VEN-03256,0,0,0,0,0
VEN-03257,0,0,0,1,0
VEN-03258,0,0,0,0,0
VEN-03259,0,1,0,1,0
VEN-03260,0,0,0,0,0
VEN-03261,0,0,0,0,0
VEN-03262,0,0,1,0,0
VEN-03263,0,0,0,1,0
VEN-03264,0,1,0,0,0
VEN-03265,0,0,0,0,0
VEN-03266,0,0,0,0,0
VEN-03267,0,1,0,0,0
VEN-03268,0,0,0,1,0
VEN-03269,1,0,0,0,0
VEN-03270,0,0,0,0,0
VEN-03271,0,0,0,1,0
VEN-03272,0,0,0,0,0
VEN-03273,1,0,1,0,0
VEN-03274,0,1,0,0,0
VEN-03275,0,0,0,0,0
VEN-03276,0,0,0,0,0
VEN-03277,1,0,0,0,0
VEN-03278,0,0,0,0,0
VEN-03279,0,0,0,1,0
VEN-03280,0,1,0,0,0
VEN-03281,0,0,1,0,1
VEN-03282,0,0,0,0,0
VEN-03283,0,0,0,0,0
VEN-03284,0,0,0,0,0
VEN-03285,0,0,0,0,0
VEN-03286,0,0,0,0,0
VEN-03287,0,0,0,0,0
VEN-03288,0,0,0,0,0
VEN-03289,0,0,0,0,0
VEN-03290,0,0,1,0,0
VEN-03291,0,0,0,0,0
VEN-03292,1,0,0,0,0
VEN-03293,0,1,1,0,0
VEN-03294,1,0,0,0,0
VEN-03295,0,0,0,0,0
VEN-03296,0,0,0,0,0
VEN-03297,0,0,0,0,0
VEN-03298,0,0,0,1,0
VEN-03299,0,0,0,0,0
VEN-03300,1,0,0,0,0
VEN-03301,1,1,0,1,0
VEN-03302,0,0,0,0,0
VEN-03303,1,0,0,0,0
VEN-03304,1,0,0,0,0
VEN-03305,0,0,0,0,0
VEN-03306,0,0,0,0,0
VEN-03307,0,0,1,0,0
VEN-03308,1,0,0,0,0
VEN-03309,0,0,0,0,1
VEN-03310,0,0,0,0,0
VEN-03311,0,0,1,0,0
VEN-03312,0,0,0,0,0
VEN-03313,0,0,0,0,0
VEN-03314,0,0,0,0,0
VEN-03315,0,0,0,0,0
VEN-03316,0,0,0,1,0
VEN-03317,0,0,0,0,0
VEN-03318,0,0,0,0,0
VEN-03319,0,0,0,1,0
VEN-03320,0,0,1,0,0
VEN-03321,0,0,0,0,0
VEN-03322,0,0,0,0,0
VEN-03323,0,0,0,1,0
VEN-03324,0,0,0,0,0
VEN-03325,1,1,0,0,0
VEN-03326,0,0,0,0,0
VEN-03327,0,0,0,0,0
VEN-03328,0,1,0,0,1
VEN-03329,0,0,0,0,0
VEN-03330,0,0,1,0,1
VEN-03331,0,0,0,0,0
VEN-03332,1,0,0,0,0
VEN-03333,0,0,0,0,0
VEN-03334,0,0,1,0,0
VEN-03335,1,0,0,1,0
VEN-03336,0,0,0,0,0
VEN-03337,1,0,0,0,0
VEN-03338,0,0,0,0,0
VEN-03339,0,0,0,0,0
VEN-03340,0,0,0,0,0
VEN-03341,0,0,0,1,0
VEN-03342,0,0,0,0,0
VEN-03343,0,0,0,0,0
VEN-03344,0,0,0,0,0
VEN-03345,0,0,0,0,1
VEN-03346,0,0,0,0,0
VEN-03347,0,1,0,0,0
VEN-03348,0,0,0,0,0
VEN-03349,0,0,0,0,0
VEN-03350,0,0,0,0,0
VEN-03351,1,0,0,0,0
VEN-03352,0,0,0,0,0
VEN-03353,0,0,1,0,0
VEN-03354,0,0,0,0,0
VEN-03355,0,0,0,0,0
VEN-03356,0,0,0,0,0
VEN-03357,0,0,0,1,0
VEN-03358,0,0,1,0,0
VEN-03359,0,0,0,0,0
VEN-03360,0,0,0,0,0
VEN-03361,0,0,0,0,0
VEN-03362,1,0,1,0,0
VEN-03363,0,1,0,0,0
VEN-03364,0,0,1,0,0
VEN-03365,0,1,0,0,0
VEN-03366,0,1,0,0,0
VEN-03367,0,0,0,0,0
VEN-03368,0,0,0,0,0
VEN-03369,0,0,0,0,0
VEN-03370,1,1,0,0,0
VEN-03371,0,1,0,0,0
VEN-03372,0,0,0,0,0
VEN-03373,1,0,0,0,0
VEN-03374,0,1,0,0,0
VEN-03375,0,1,1,0,0
VEN-03376,0,0,0,0,0
VEN-03377,0,0,0,0,0
VEN-03378,0,1,0,0,0
VEN-03379,0,1,0,0,0
VEN-03380,0,0,1,0,0
VEN-03381,0,0,0,0,0
VEN-03382,0,1,0,0,1
VEN-03383,0,0,0,0,0
VEN-03384,0,0,0,1,0
VEN-03385,1,0,0,0,0
VEN-03386,0,0,0,1,0
VEN-03387,0,0,0,0,0
VEN-03388,0,0,0,0,0
VEN-03389,0,0,0,1,0
VEN-03390,0,1,0,1,0
VEN-03391,0,0,0,0,0
VEN-03392,0,0,0,0,0
VEN-03393,0,0,0,0,0
VEN-03394,0,0,1,0,0
VEN-03395,0,0,1,0,0
VEN-03396,1,1,0,0,0
VEN-03397,0,0,0,0,0
VEN-03398,0,0,0,0,0
VEN-03399,0,1,0,0,0
VEN-03400,0,0,0,0,0
VEN-03401,0,1,0,0,1
VEN-03402,0,0,0,0,0
VEN-03403,0,0,0,1,0
VEN-03404,1,0,0,0,0
VEN-03405,0,1,0,0,0
VEN-03406,0,0,0,0,0
VEN-03407,0,1,0,0,0
VEN-03408,0,0,0,0,0
VEN-03409,0,0,0,0,0
VEN-03410,0,0,1,0,1
VEN-03411,0,0,0,1,0
VEN-03412,1,0,0,0,1
VEN-03413,0,0,0,0,0
VEN-03414,1,0,0,0,0
VEN-03415,0,0,0,0,0
VEN-03416,0,0,0,0,0
VEN-03417,0,0,1,1,0
VEN-03418,0,0,0,0,0
VEN-03419,0,0,0,0,0
VEN-03420,0,0,0,0,1
VEN-03421,0,0,0,0,0
VEN-03422,0,0,0,1,0
VEN-03423,1,1,0,0,0
VEN-03424,1,0,0,0,0
VEN-03425,1,0,0,0,0
VEN-03426,0,0,1,0,0
VEN-03427,0,0,1,0,0
VEN-03428,0,0,0,0,0
VEN-03429,0,0,0,0,0
VEN-03430,1,0,0,0,0
VEN-03431,0,0,0,0,0
VEN-03432,0,0,0,1,0
VEN-03433,0,0,0,0,0
VEN-03434,0,0,0,1,0
VEN-03435,1,0,0,0,0
VEN-03436,0,0,0,0,0
VEN-03437,0,0,0,0,0
VEN-03438,0,0,0,0,0
VEN-03439,1,0,0,0,0
VEN-03440,0,0,0,0,0
VEN-03441,0,0,0,0,0
VEN-03442,0,0,0,0,0
VEN-03443,0,0,0,0,0
VEN-03444,0,0,0,0,0
VEN-03445,0,0,0,0,0
VEN-03446,1,0,0,0,1
VEN-03447,0,0,0,0,0
VEN-03448,0,1,0,0,0
VEN-03449,0,0,1,0,0
VEN-03450,1,0,0,1,0
VEN-03451,0,0,0,0,0
VEN-03452,0,0,1,0,1
VEN-03453,0,1,0,0,0
VEN-03454,0,0,0,0,0
VEN-03455,0,0,0,0,0
VEN-03456,0,0,0,0,0
VEN-03457,0,0,0,0,0
VEN-03458,0,0,0,1,0
VEN-03459,0,0,0,0,0
VEN-03460,0,0,0,0,0
VEN-03461,0,0,0,0,0
VEN-03462,1,0,0,0,0
VEN-03463,0,0,1,0,0
VEN-03464,0,0,0,0,0
VEN-03465,0,0,0,0,0
VEN-03466,1,0,0,0,0
VEN-03467,0,1,0,0,0
VEN-03468,0,0,0,0,0
VEN-03469,0,0,0,0,0
VEN-03470,1,0,0,0,0
VEN-03471,0,0,0,1,0
VEN-03472,0,0,1,0,0
VEN-03473,0,0,0,0,0
VEN-03474,1,0,0,0,0
VEN-03475,0,0,0,0,0
VEN-03476,0,0,0,0,0
VEN-03477,0,0,0,0,0
VEN-03478,0,0,0,0,0
VEN-03479,0,0,0,0,0
VEN-03480,0,0,0,0,0
VEN-03481,0,0,0,0,0
VEN-03482,0,0,1,0,0
VEN-03483,1,0,0,0,0
VEN-03484,1,0,0,0,0
VEN-03485,0,0,0,1,0
VEN-03486,0,0,0,0,0
VEN-03487,0,0,0,0,0
VEN-03488,0,0,0,0,0
VEN-03489,0,0,0,1,0
VEN-03490,0,0,0,0,0
VEN-03491,0,0,1,0,0
VEN-03492,0,0,0,0,0
VEN-03493,0,0,0,0,0
VEN-03494,0,0,1,0,0
VEN-03495,0,0,0,1,0
VEN-03496,0,1,0,1,0
VEN-03497,1,1,0,0,0
VEN-03498,0,0,0,0,0
VEN-03499,0,1,0,0,0
VEN-03500,0,0,0,0,0
VEN-03501,0,0,0,0,0
VEN-03502,0,0,0,1,0
VEN-03503,0,0,0,0,0
VEN-03504,0,0,0,1,0
VEN-03505,0,0,0,0,1
VEN-03506,0,1,0,0,0
VEN-03507,0,0,0,0,0
VEN-03508,0,1,0,0,0
VEN-03509,0,0,0,0,0
VEN-03510,0,0,0,0,1
VEN-03511,0,0,0,0,0
VEN-03512,0,0,0,0,0
VEN-03513,1,0,0,1,0
VEN-03514,1,0,0,0,0
VEN-03515,0,0,0,0,1
VEN-03516,0,0,0,0,0
VEN-03517,0,0,1,0,0
VEN-03518,0,0,0,0,0
VEN-03519,0,0,0,0,0
VEN-03520,1,0,0,0,1
VEN-03521,0,0,0,0,0
VEN-03522,0,0,0,0,0
VEN-03523,0,1,0,0,0
VEN-03524,0,0,0,1,0
VEN-03525,0,0,1,0,0
VEN-03526,1,1,0,0,0
VEN-03527,0,0,0,0,0
VEN-03528,0,0,0,0,0
VEN-03529,1,0,0,0,0
VEN-03530,0,0,0,0,0
VEN-03531,1,1,0,0,0
VEN-03532,0,0,0,0,0
VEN-03533,0,0,0,0,0
VEN-03534,1,0,0,0,0
VEN-03535,0,0,0,0,0
VEN-03536,0,0,0,0,0
VEN-03537,1,0,0,0,0
VEN-03538,0,1,0,0,0
VEN-03539,0,0,1,0,0
VEN-03540,1,0,0,0,0
VEN-03541,0,1,0,0,1
VEN-03542,0,0,0,0,1
VEN-03543,0,0,0,1,0
VEN-03544,0,0,0,1,0
VEN-03545,0,0,0,1,0
VEN-03546,0,1,0,0,1
VEN-03547,1,0,0,0,0
VEN-03548,0,1,0,0,0
VEN-03549,0,0,0,1,1
VEN-03550,0,0,0,0,0
VEN-03551,0,0,0,0,1
VEN-03552,0,0,0,0,0
VEN-03553,0,0,0,0,0
VEN-03554,0,0,0,0,0
VEN-03555,0,0,0,0,1
VEN-03556,0,1,0,0,0
VEN-03557,0,0,0,0,0
VEN-03558,0,0,0,0,0
VEN-03559,1,0,0,1,0
VEN-03560,0,0,0,0,0
VEN-03561,0,0,1,0,0
VEN-03562,0,0,0,0,0
VEN-03563,0,0,0,0,0
VEN-03564,0,1,0,0,1
VEN-03565,0,0,0,0,0
VEN-03566,1,0,0,0,0
VEN-03567,1,0,0,0,0
VEN-03568,0,0,0,0,0
VEN-03569,0,1,0,0,0
VEN-03570,0,0,0,0,0
VEN-03571,0,0,1,0,0
VEN-03572,0,0,0,0,0
VEN-03573,0,0,0,0,0
VEN-03574,0,0,0,0,0
VEN-03575,1,0,0,0,0
VEN-03576,0,0,0,0,0
VEN-03577,0,0,1,0,0
VEN-03578,0,0,0,0,0
VEN-03579,0,0,0,0,0
VEN-03580,0,0,0,1,0
VEN-03581,0,0,0,1,0
VEN-03582,0,1,1,0,1
VEN-03583,0,0,0,0,0
VEN-03584,0,0,0,0,0
VEN-03585,1,0,0,0,0
VEN-03586,0,0,0,0,0
VEN-03587,0,0,0,1,0
VEN-03588,0,0,0,0,0
VEN-03589,0,0,0,0,0
VEN-03590,0,0,0,1,0
VEN-03591,0,1,0,1,0
VEN-03592,0,0,0,0,0
VEN-03593,0,0,0,0,0
VEN-03594,0,0,1,0,0
VEN-03595,0,1,1,0,0
VEN-03596,0,0,0,0,0
VEN-03597,0,0,0,1,1
VEN-03598,0,0,0,0,0
VEN-03599,0,0,1,1,0
VEN-03600,0,0,0,0,0
VEN-03601,0,1,0,0,0
VEN-03602,0,0,0,0,0
VEN-03603,0,0,0,0,0
VEN-03604,0,0,0,0,0
VEN-03605,0,0,0,0,0
VEN-03606,0,0,0,0,0
VEN-03607,0,0,0,0,0
VEN-03608,0,0,0,0,0
VEN-03609,0,0,0,0,0
VEN-03610,0,0,0,0,0
VEN-03611,0,0,0,0,1
VEN-03612,0,0,0,0,0
VEN-03613,0,0,0,0,0
VEN-03614,0,1,0,0,0
VEN-03615,0,1,0,0,0
VEN-03616,0,0,0,0,0
VEN-03617,0,0,0,0,0
VEN-03618,1,0,0,0,0
VEN-03619,1,0,0,0,0
VEN-03620,0,0,0,0,1
VEN-03621,0,1,0,0,0
VEN-03622,0,0,0,0,0
VEN-03623,0,0,0,0,0
VEN-03624,0,0,0,0,0
VEN-03625,0,1,0,0,0
VEN-03626,1,0,0,0,0
VEN-03627,0,1,0,0,0
VEN-03628,0,0,0,0,0
VEN-03629,0,0,1,0,0
VEN-03630,0,0,0,1,0
VEN-03631,0,0,0,0,0
VEN-03632,1,0,0,0,0
VEN-03633,0,0,0,0,0
VEN-03634,0,0,0,0,0
VEN-03635,0,0,0,0,1
VEN-03636,0,0,0,0,0
VEN-03637,1,0,0,1,0
VEN-03638,0,0,0,0,0
VEN-03639,0,0,0,0,0
VEN-03640,0,0,0,0,0
VEN-03641,1,0,0,0,0
VEN-03642,0,0,0,0,0
VEN-03643,0,0,0,0,0
VEN-03644,0,0,0,0,0
VEN-03645,0,0,0,0,0
VEN-03646,0,0,0,0,0
VEN-03647,1,0,0,1,0
VEN-03648,0,0,0,0,0
VEN-03649,0,0,0,1,0
VEN-03650,1,0,0,0,0
VEN-03651,1,0,1,0,0
VEN-03652,0,0,0,0,0
VEN-03653,0,0,0,0,0
VEN-03654,0,0,0,0,0
VEN-03655,1,0,0,0,0
VEN-03656,0,0,0,1,1
VEN-03657,0,0,0,0,0
VEN-03658,0,0,0,0,0
VEN-03659,0,0,0,0,0
VEN-03660,1,0,0,0,0
VEN-03661,0,1,0,0,0
VEN-03662,0,0,0,0,0
VEN-03663,1,0,0,0,0
VEN-03664,0,0,0,0,0
VEN-03665,0,0,0,0,0
VEN-03666,0,0,0,0,0
VEN-03667,1,0,1,0,0
VEN-03668,0,0,0,0,1
VEN-03669,0,1,0,0,0
VEN-03670,0,0,0,0,0
VEN-03671,0,0,0,0,0
VEN-03672,1,1,0,0,0
VEN-03673,1,1,0,0,0
VEN-03674,0,0,0,0,1
VEN-03675,1,0,0,0,0
VEN-03676,0,0,0,0,0
VEN-03677,0,0,0,0,0
VEN-03678,0,0,0,0,0
VEN-03679,0,0,0,1,0
VEN-03680,1,0,0,0,0
VEN-03681,0,1,0,0,1
VEN-03682,0,0,1,0,0
VEN-03683,0,0,0,0,0
VEN-03684,0,0,0,0,0
VEN-03685,0,0,0,0,0
VEN-03686,0,0,0,0,0
VEN-03687,1,0,0,0,1
VEN-03688,0,0,0,0,0
VEN-03689,0,0,0,0,0
VEN-03690,0,0,0,0,0
VEN-03691,0,1,0,1,0
VEN-03692,0,0,0,0,0
VEN-03693,0,0,0,1,1
VEN-03694,0,0,0,0,0
VEN-03695,0,0,0,1,0
VEN-03696,1,0,0,0,0
VEN-03697,1,0,0,0,0
VEN-03698,1,0,0,1,0
VEN-03699,1,1,0,0,0
VEN-03700,0,0,0,0,1
VEN-03701,0,0,0,1,0
VEN-03702,0,0,0,0,0
VEN-03703,0,0,0,0,0
VEN-03704,0,0,0,0,0
VEN-03705,0,0,1,0,0
VEN-03706,0,0,0,0,0
VEN-03707,0,0,0,0,0
VEN-03708,0,0,0,1,0
VEN-03709,0,1,0,1,0
VEN-03710,0,0,0,0,0
VEN-03711,0,0,0,0,0
VEN-03712,0,0,0,0,0
VEN-03713,0,0,0,0,0
VEN-03714,0,0,0,0,0
VEN-03715,0,0,0,0,0
VEN-03716,1,0,0,0,0
VEN-03717,0,0,0,0,0
VEN-03718,0,0,0,0,0
VEN-03719,0,1,0,0,0
VEN-03720,0,1,0,0,0
VEN-03721,0,0,0,1,0
VEN-03722,0,0,0,0,0
VEN-03723,0,1,0,0,0
VEN-03724,0,1,0,0,0
VEN-03725,0,0,1,0,0
VEN-03726,0,0,0,0,0
VEN-03727,0,0,0,1,1
VEN-03728,0,0,0,0,0
VEN-03729,0,0,0,0,0
VEN-03730,0,0,0,0,0
VEN-03731,0,0,0,0,0
VEN-03732,0,0,0,0,0
VEN-03733,0,0,0,0,0
VEN-03734,0,0,0,0,0
VEN-03735,1,0,0,0,0
VEN-03736,0,1,1,0,0
VEN-03737,0,0,0,0,0
VEN-03738,0,0,0,0,0
VEN-03739,0,0,1,0,0
VEN-03740,0,1,0,0,0
VEN-03741,0,0,0,0,0
VEN-03742,0,1,0,0,0
VEN-03743,0,0,0,0,0
VEN-03744,0,0,0,0,0
VEN-03745,0,0,1,0,0
VEN-03746,0,1,0,0,0
VEN-03747,0,1,0,0,0
VEN-03748,0,0,0,0,0
VEN-03749,0,0,0,0,0
VEN-03750,1,0,0,0,0
VEN-03751,1,0,0,0,0
VEN-03752,0,1,0,0,1
VEN-03753,1,0,0,0,0
VEN-03754,0,0,1,0,0
VEN-03755,1,1,0,0,0
VEN-03756,0,1,0,0,0
VEN-03757,0,0,0,0,0
VEN-03758,0,1,1,0,1
VEN-03759,0,0,0,0,0
VEN-03760,1,0,1,0,1
VEN-03761,0,0,0,0,1
VEN-03762,0,0,0,0,0
VEN-03763,0,0,0,0,0
VEN-03764,0,0,0,0,0
VEN-03765,0,1,0,0,0
VEN-03766,0,0,0,0,0
VEN-03767,1,0,0,0,0
VEN-03768,0,1,0,0,0
VEN-03769,1,0,0,1,0
VEN-03770,0,0,0,0,0
VEN-03771,0,0,0,0,0
VEN-03772,0,0,0,0,0
VEN-03773,0,0,0,0,0
VEN-03774,0,1,0,0,0
VEN-03775,0,0,0,0,0
VEN-03776,0,0,0,0,0
VEN-03777,0,0,0,0,0
VEN-03778,1,0,0,0,0
VEN-03779,0,1,0,0,0
VEN-03780,0,0,0,1,0
VEN-03781,0,0,0,0,0
VEN-03782,0,0,0,0,1
VEN-03783,0,0,0,0,0
VEN-03784,0,0,0,0,0
VEN-03785,0,0,0,0,0
VEN-03786,0,0,0,0,1
VEN-03787,0,0,1,0,0
VEN-03788,1,0,0,1,1
VEN-03789,0,0,1,1,0
VEN-03790,1,0,0,0,0
VEN-03791,0,0,0,0,0
VEN-03792,0,1,0,0,0
VEN-03793,0,1,1,0,0
VEN-03794,0,0,0,0,0
VEN-03795,0,0,0,0,0
VEN-03796,0,0,0,0,0
VEN-03797,0,0,0,0,0
VEN-03798,0,0,0,1,0
VEN-03799,0,0,0,0,0
VEN-03800,0,0,0,0,0
VEN-03801,0,0,0,0,1
VEN-03802,0,0,0,1,0
VEN-03803,1,0,0,0,0
VEN-03804,0,0,0,0,0
VEN-03805,0,0,0,0,0
VEN-03806,0,0,0,0,0
VEN-03807,0,0,0,0,0
VEN-03808,0,0,0,0,0
VEN-03809,0,0,1,0,0
VEN-03810,0,0,0,0,0
VEN-03811,0,0,0,0,0
VEN-03812,0,1,0,0,1
VEN-03813,0,0,0,0,0
VEN-03814,0,0,1,1,0
VEN-03815,0,0,0,1,0
VEN-03816,0,0,0,0,1
VEN-03817,0,0,0,0,0
VEN-03818,0,1,0,0,0
VEN-03819,1,0,0,1,0
VEN-03820,0,0,0,0,0
VEN-03821,0,0,1,0,1
VEN-03822,0,0,0,0,0
VEN-03823,0,0,0,0,0
VEN-03824,0,1,0,0,0
VEN-03825,0,1,0,0,0
VEN-03826,1,0,0,0,0
VEN-03827,0,1,0,0,0
VEN-03828,0,0,0,0,0
VEN-03829,0,0,0,0,0
VEN-03830,0,0,1,0,0
VEN-03831,0,0,0,0,0
VEN-03832,1,0,0,1,0
VEN-03833,0,0,0,0,0
VEN-03834,0,1,0,0,0
VEN-03835,1,0,0,0,0
VEN-03836,0,1,0,0,0
VEN-03837,0,0,0,0,0
VEN-03838,1,0,0,0,0
VEN-03839,1,0,0,0,0
VEN-03840,0,0,0,0,0
VEN-03841,0,0,0,0,1
VEN-03842,0,0,0,0,0
VEN-03843,0,0,0,0,0
VEN-03844,0,1,0,0,0
VEN-03845,1,1,0,0,1
VEN-03846,0,1,0,0,0
VEN-03847,0,0,0,0,0
VEN-03848,1,0,0,0,0
VEN-03849,0,0,0,0,0
VEN-03850,0,1,0,0,0
VEN-03851,0,0,0,0,0
VEN-03852,1,0,0,0,0
VEN-03853,1,0,0,0,0
VEN-03854,0,0,0,0,0
VEN-03855,0,0,0,0,1
VEN-03856,0,0,0,0,0
VEN-03857,0,1,0,0,0
VEN-03858,1,0,1,1,0
VEN-03859,1,1,0,1,0
VEN-03860,0,1,0,0,0
VEN-03861,0,0,1,0,0
VEN-03862,0,0,1,0,0
VEN-03863,0,0,0,0,0
VEN-03864,0,0,1,0,0
VEN-03865,0,0,0,1,0
VEN-03866,0,0,0,0,0
VEN-03867,0,0,0,0,0
VEN-03868,0,0,0,0,0
VEN-03869,1,1,1,0,0
VEN-03870,0,0,0,0,0
VEN-03871,1,1,0,0,0
VEN-03872,0,0,0,1,0
VEN-03873,0,0,0,0,0
VEN-03874,1,0,0,0,0
VEN-03875,0,0,0,0,0
VEN-03876,0,0,0,0,0
VEN-03877,0,0,0,0,0
VEN-03878,0,1,0,0,0
VEN-03879,0,0,0,0,1
VEN-03880,0,0,0,0,0
VEN-03881,1,0,0,1,0
VEN-03882,0,1,0,0,1
VEN-03883,0,0,0,0,0
VEN-03884,0,1,0,1,0
VEN-03885,0,0,0,0,0
VEN-03886,0,0,0,0,0
VEN-03887,0,0,0,0,0
VEN-03888,0,0,0,1,1
VEN-03889,0,0,0,0,1
VEN-03890,0,0,0,0,0
VEN-03891,1,0,0,0,0
VEN-03892,0,0,0,0,0
VEN-03893,0,0,0,0,0
VEN-03894,0,0,0,0,0
VEN-03895,0,0,0,0,0
VEN-03896,0,0,0,0,0
VEN-03897,0,0,0,0,0
VEN-03898,0,1,0,0,0
VEN-03899,1,0,0,0,0
VEN-03900,0,1,0,1,1
VEN-03901,0,0,0,0,0
VEN-03902,0,0,0,1,0
VEN-03903,0,0,0,0,0
VEN-03904,0,0,0,0,0
VEN-03905,0,0,0,0,0
VEN-03906,1,0,0,0,0
VEN-03907,0,0,0,0,0
VEN-03908,0,0,0,0,0
VEN-03909,0,0,0,0,0
VEN-03910,1,0,0,0,0
VEN-03911,0,0,0,0,0
VEN-03912,0,0,0,0,0
VEN-03913,0,0,0,0,0
VEN-03914,0,0,0,0,0
VEN-03915,0,1,0,0,0
VEN-03916,0,0,0,0,0
VEN-03917,0,0,0,0,0
VEN-03918,0,0,0,1,0
VEN-03919,0,1,0,0,1
VEN-03920,1,0,0,1,0
VEN-03921,0,0,0,0,0
VEN-03922,0,0,0,1,0
VEN-03923,0,0,0,0,0
VEN-03924,0,0,0,1,0
VEN-03925,0,1,0,0,0
VEN-03926,0,0,0,0,0
VEN-03927,0,0,1,0,0
VEN-03928,0,0,0,0,0
VEN-03929,0,0,0,0,0
VEN-03930,0,0,0,0,0
VEN-03931,0,0,0,0,0
VEN-03932,1,0,1,0,0
VEN-03933,0,0,0,0,0
VEN-03934,0,0,0,1,0
VEN-03935,0,0,0,1,0
VEN-03936,0,0,0,0,1
VEN-03937,0,0,0,0,0
VEN-03938,1,0,1,0,0
VEN-03939,0,0,1,0,0
VEN-03940,1,0,0,0,1
VEN-03941,0,0,0,0,0
VEN-03942,0,0,0,0,0
VEN-03943,0,0,0,0,0
VEN-03944,0,1,0,0,0
VEN-03945,0,1,0,0,1
VEN-03946,0,0,0,0,0
VEN-03947,0,0,0,1,0
VEN-03948,1,0,0,1,0
VEN-03949,1,0,0,0,0
VEN-03950,0,0,0,1,0
VEN-03951,0,0,0,0,0
VEN-03952,0,0,0,0,0
VEN-03953,0,0,0,0,0
VEN-03954,1,0,0,0,0
VEN-03955,1,1,0,0,0
VEN-03956,0,0,0,0,1
VEN-03957,1,0,0,0,0
VEN-03958,0,0,0,0,0
VEN-03959,0,0,0,0,0
VEN-03960,0,0,0,0,0
VEN-03961,1,0,0,0,0
VEN-03962,0,0,0,0,0
VEN-03963,0,0,0,0,0
VEN-03964,0,0,1,0,0
VEN-03965,1,0,0,0,0
VEN-03966,0,0,0,0,0
VEN-03967,0,0,0,0,0
VEN-03968,0,0,0,0,0
VEN-03969,0,0,0,0,0
VEN-03970,1,0,0,0,0
VEN-03971,1,0,0,0,0
VEN-03972,0,0,0,0,0
VEN-03973,0,0,0,0,0
VEN-03974,0,0,0,0,0
VEN-03975,0,0,0,1,0
VEN-03976,0,0,1,0,0
VEN-03977,0,0,0,0,0
VEN-03978,1,0,0,1,0
VEN-03979,0,0,0,0,0
VEN-03980,0,0,0,0,0
VEN-03981,0,0,1,0,0
VEN-03982,0,0,0,0,0
VEN-03983,0,0,0,0,0
VEN-03984,0,0,0,1,0
VEN-03985,0,1,0,0,0
VEN-03986,0,0,0,0,0
VEN-03987,0,0,0,0,0
VEN-03988,1,0,1,0,0
VEN-03989,0,1,0,0,0
VEN-03990,0,0,0,0,0
VEN-03991,1,0,0,1,0
VEN-03992,0,0,0,0,0
VEN-03993,0,0,1,1,0
VEN-03994,0,1,0,0,0
VEN-03995,0,0,0,0,0
VEN-03996,0,0,0,0,0
VEN-03997,0,0,0,0,0
VEN-03998,0,0,0,1,0
VEN-03999,1,0,0,0,0
VEN-04000,0,0,0,0,0
VEN-04001,1,0,1,0,0
VEN-04002,0,0,0,0,0
VEN-04003,0,0,0,0,0
VEN-04004,0,0,0,0,0
VEN-04005,0,0,0,0,0
VEN-04006,0,0,0,0,0
VEN-04007,0,1,0,0,0
VEN-04008,0,0,0,0,1
VEN-04009,0,0,0,0,0
VEN-04010,1,0,0,1,0
VEN-04011,0,0,0,0,0
VEN-04012,0,0,0,0,1
VEN-04013,0,0,0,0,0
VEN-04014,1,1,0,0,0
VEN-04015,0,1,0,0,1
VEN-04016,0,0,1,1,0
VEN-04017,0,0,0,0,0
VEN-04018,0,0,0,0,0
VEN-04019,0,0,0,0,0
VEN-04020,0,0,1,0,1
VEN-04021,1,1,0,1,0
VEN-04022,0,0,1,0,0
VEN-04023,0,0,1,0,0
VEN-04024,0,0,0,0,0
VEN-04025,0,0,0,1,0
VEN-04026,0,0,0,0,0
VEN-04027,0,1,0,0,0
VEN-04028,0,1,0,0,1
VEN-04029,0,0,1,0,0
VEN-04030,0,0,0,0,1
VEN-04031,0,0,0,0,0
VEN-04032,0,0,1,0,0
VEN-04033,0,0,0,0,0
VEN-04034,0,0,0,1,0
VEN-04035,0,0,0,0,0
VEN-04036,1,0,1,0,0
VEN-04037,0,0,0,0,0
VEN-04038,0,0,0,0,0
VEN-04039,0,0,0,0,0
VEN-04040,0,0,0,0,0
VEN-04041,0,0,0,0,0
VEN-04042,0,0,0,0,1
VEN-04043,0,0,0,0,0
VEN-04044,0,0,1,0,0
VEN-04045,0,0,0,0,0
VEN-04046,0,0,0,0,1
VEN-04047,0,0,0,0,0
VEN-04048,0,0,0,0,0
VEN-04049,1,1,0,0,0
VEN-04050,0,0,0,0,0
VEN-04051,1,1,1,0,0
VEN-04052,0,0,0,0,1
VEN-04053,0,0,0,0,0
VEN-04054,0,0,0,0,0
VEN-04055,0,0,0,1,0
VEN-04056,0,0,0,0,0
VEN-04057,0,1,1,0,0
VEN-04058,0,0,1,0,0
VEN-04059,0,0,0,0,0
VEN-04060,0,0,0,1,0
VEN-04061,0,0,0,0,0
VEN-04062,0,0,0,0,0
VEN-04063,0,0,0,0,1
VEN-04064,1,0,0,0,0
VEN-04065,0,0,0,1,0
VEN-04066,0,0,0,1,0
VEN-04067,0,0,0,0,0
VEN-04068,0,0,0,0,0
VEN-04069,0,0,0,1,0
VEN-04070,0,0,0,0,0
VEN-04071,1,0,0,0,0
VEN-04072,0,0,0,1,1
VEN-04073,0,0,0,0,0
VEN-04074,0,0,0,0,0
VEN-04075,0,0,0,0,0
VEN-04076,0,0,0,1,0
VEN-04077,0,0,0,0,0
VEN-04078,0,0,0,0,0
VEN-04079,0,0,0,0,0
VEN-04080,0,0,0,0,0
VEN-04081,0,0,0,0,0
VEN-04082,0,0,1,0,1
VEN-04083,0,0,0,0,0
VEN-04084,0,0,0,0,0
VEN-04085,0,0,1,0,0
VEN-04086,0,0,1,0,0
VEN-04087,1,0,0,0,0
VEN-04088,1,1,0,0,0
VEN-04089,0,1,0,0,0
VEN-04090,0,0,0,0,0
VEN-04091,0,0,0,0,0
VEN-04092,0,0,0,1,0
VEN-04093,0,0,0,0,0
VEN-04094,1,0,0,0,0
VEN-04095,0,0,0,0,0
VEN-04096,0,0,0,0,0
VEN-04097,0,0,0,0,0
VEN-04098,0,0,1,0,0
VEN-04099,0,0,0,0,0
VEN-04100,0,0,0,0,0
VEN-04101,0,1,0,0,0
VEN-04102,0,0,0,0,0
VEN-04103,0,0,0,0,1
VEN-04104,0,1,0,0,0
VEN-04105,0,0,0,1,0
VEN-04106,0,0,0,0,0
VEN-04107,0,1,0,1,1
VEN-04108,0,0,0,0,1
VEN-04109,0,0,0,1,0
VEN-04110,1,0,0,1,0
VEN-04111,0,0,0,0,0
VEN-04112,0,0,0,0,0
VEN-04113,0,0,0,1,0
VEN-04114,0,0,0,0,0
VEN-04115,0,0,1,0,0
VEN-04116,0,0,0,0,0
VEN-04117,0,0,0,0,0
VEN-04118,0,0,0,0,0
VEN-04119,0,1,0,0,0
VEN-04120,0,0,0,0,0
VEN-04121,0,0,0,0,0
VEN-04122,0,0,0,0,0
VEN-04123,0,1,0,0,0
VEN-04124,0,0,0,0,0
VEN-04125,1,0,1,0,0
VEN-04126,0,0,1,0,0
VEN-04127,0,0,0,0,0
VEN-04128,0,0,0,0,0
VEN-04129,0,0,1,0,0
VEN-04130,1,1,0,0,0
VEN-04131,0,0,0,0,0
VEN-04132,1,0,0,0,0
VEN-04133,0,0,0,0,0
VEN-04134,0,1,1,0,0
VEN-04135,0,0,0,0,0
VEN-04136,1,0,0,1,0
VEN-04137,0,0,0,0,0
VEN-04138,0,0,0,0,0
VEN-04139,0,0,0,0,0
VEN-04140,1,0,0,0,0
VEN-04141,0,0,0,0,1
VEN-04142,0,1,0,0,0
VEN-04143,0,0,0,0,0
VEN-04144,0,0,0,0,0
VEN-04145,0,0,0,1,0
VEN-04146,0,0,0,0,0
VEN-04147,0,0,0,0,1
VEN-04148,0,0,0,1,0
VEN-04149,0,0,0,0,0
VEN-04150,0,0,0,0,0
VEN-04151,0,0,0,0,0
VEN-04152,1,0,0,1,0
VEN-04153,0,0,0,0,0
VEN-04154,0,0,0,0,0
VEN-04155,0,1,0,0,0
VEN-04156,0,0,0,0,0
VEN-04157,0,0,0,0,0
VEN-04158,0,0,1,0,0
VEN-04159,0,0,0,0,0
VEN-04160,1,0,0,0,0
VEN-04161,0,0,0,0,0
VEN-04162,0,0,1,0,0
VEN-04163,0,0,0,0,0
VEN-04164,0,0,1,1,0
VEN-04165,0,0,0,0,0
VEN-04166,0,0,0,0,0
VEN-04167,0,0,0,0,0
VEN-04168,0,0,0,0,0
VEN-04169,0,0,0,0,0
VEN-04170,0,0,0,0,0
VEN-04171,0,0,0,0,0
VEN-04172,0,0,0,1,0
VEN-04173,0,0,0,0,0
VEN-04174,1,0,1,0,0
VEN-04175,0,0,0,0,0
VEN-04176,0,0,0,1,0
VEN-04177,0,0,0,0,0
VEN-04178,0,0,0,0,0
VEN-04179,0,0,0,1,0
VEN-04180,0,0,0,0,0
VEN-04181,0,0,0,0,0
VEN-04182,0,0,0,0,0
VEN-04183,0,0,0,0,0
VEN-04184,0,0,0,0,0
VEN-04185,0,0,0,1,0
VEN-04186,0,0,1,0,0
VEN-04187,0,1,0,1,0
VEN-04188,0,0,1,1,0
VEN-04189,0,0,0,1,0
VEN-04190,0,0,0,0,0
VEN-04191,0,0,0,0,1
VEN-04192,0,1,0,0,0
VEN-04193,0,0,0,0,0
VEN-04194,1,0,0,0,0
VEN-04195,0,0,0,0,0
VEN-04196,1,0,0,0,0
VEN-04197,0,0,0,0,0
VEN-04198,0,1,0,0,0
VEN-04199,0,0,0,0,0
VEN-04200,0,1,0,0,0
VEN-04201,0,0,0,0,0
VEN-04202,0,0,0,0,0
VEN-04203,0,0,0,1,1
VEN-04204,0,0,0,0,0
VEN-04205,0,0,0,0,1
VEN-04206,0,0,0,0,0
VEN-04207,0,0,0,0,0
VEN-04208,0,0,0,0,0
VEN-04209,1,1,1,1,0
VEN-04210,0,0,0,0,0
VEN-04211,1,1,0,0,0
VEN-04212,0,0,0,1,0
VEN-04213,0,0,0,0,0
VEN-04214,1,0,0,0,0
VEN-04215,0,0,0,0,1
VEN-04216,0,0,0,0,0
VEN-04217,0,0,0,0,0
VEN-04218,0,0,0,0,0
VEN-04219,0,0,0,0,0
VEN-04220,0,0,0,0,0
VEN-04221,0,0,0,0,0
VEN-04222,0,0,0,0,0
VEN-04223,0,0,0,0,0
VEN-04224,0,0,0,0,0
VEN-04225,0,0,0,0,0
VEN-04226,0,1,0,0,0
VEN-04227,0,1,0,0,0
VEN-04228,0,0,0,0,0
VEN-04229,0,0,0,1,0
VEN-04230,0,1,0,0,1
VEN-04231,0,1,0,0,0
VEN-04232,0,0,0,0,0
VEN-04233,0,0,0,0,0
VEN-04234,0,0,0,0,0
VEN-04235,0,0,0,1,0
VEN-04236,0,1,0,0,1
VEN-04237,0,0,0,1,1
VEN-04238,0,0,0,0,0
VEN-04239,0,0,0,0,0
VEN-04240,0,1,0,0,0
VEN-04241,0,0,0,0,0
VEN-04242,0,0,0,0,0
VEN-04243,0,0,0,0,0
VEN-04244,0,0,0,0,1
VEN-04245,0,0,0,0,0
VEN-04246,1,0,0,0,0
VEN-04247,0,0,0,0,0
VEN-04248,0,0,0,0,0
VEN-04249,1,0,0,0,0
VEN-04250,0,0,0,0,0
VEN-04251,0,0,0,0,0
VEN-04252,0,0,0,0,0
VEN-04253,1,0,0,0,0
VEN-04254,0,0,0,0,0
VEN-04255,0,0,1,0,0
VEN-04256,0,0,0,0,1
VEN-04257,0,0,0,0,0
VEN-04258,0,1,0,0,0
VEN-04259,0,0,1,0,0
VEN-04260,0,0,0,1,0
VEN-04261,0,0,0,0,0
VEN-04262,0,0,0,0,0
VEN-04263,0,0,0,1,0
VEN-04264,1,0,0,1,0
VEN-04265,1,0,0,1,1
VEN-04266,1,0,0,0,0
VEN-04267,0,0,0,0,0
VEN-04268,0,1,1,0,0
VEN-04269,0,0,0,0,0
VEN-04270,0,0,0,0,0
VEN-04271,0,1,1,0,0
VEN-04272,0,0,1,0,0
VEN-04273,0,0,0,0,0
VEN-04274,0,0,0,0,0
VEN-04275,1,0,1,0,0
VEN-04276,0,0,0,0,0
VEN-04277,0,0,0,0,0
VEN-04278,0,0,0,0,0
VEN-04279,0,0,0,0,0
VEN-04280,1,0,0,0,0
VEN-04281,0,0,0,1,0
VEN-04282,0,0,0,1,0
VEN-04283,0,0,0,0,0
VEN-04284,0,0,0,0,0
VEN-04285,0,1,0,0,0
VEN-04286,0,0,0,0,0
VEN-04287,0,0,0,0,0
VEN-04288,0,0,0,0,0
VEN-04289,0,0,0,0,0
VEN-04290,0,0,0,0,0
VEN-04291,0,0,0,0,0
VEN-04292,0,0,0,0,0
VEN-04293,0,0,0,0,1
VEN-04294,0,0,0,0,0
VEN-04295,0,0,0,0,0
VEN-04296,0,0,0,0,0
VEN-04297,0,0,0,0,0
VEN-04298,1,0,1,0,1
VEN-04299,1,1,0,0,0
VEN-04300,0,0,0,0,1
VEN-04301,0,0,0,0,0
VEN-04302,0,1,0,0,0
VEN-04303,1,1,0,0,1
VEN-04304,1,0,0,0,0
VEN-04305,0,1,0,0,0
VEN-04306,0,0,0,0,0
VEN-04307,1,0,0,1,0
VEN-04308,0,0,1,0,1
VEN-04309,0,0,0,0,0
VEN-04310,0,0,0,0,1
VEN-04311,0,0,0,0,0
VEN-04312,0,0,1,0,0
VEN-04313,1,0,0,0,0
VEN-04314,0,0,0,0,0
VEN-04315,0,1,1,0,0
VEN-04316,1,1,0,0,0
VEN-04317,0,0,0,0,0
VEN-04318,0,1,0,0,0
VEN-04319,1,0,0,0,0
VEN-04320,0,1,0,0,0
VEN-04321,0,1,0,0,0
VEN-04322,0,0,0,0,0
VEN-04323,0,0,0,0,0
VEN-04324,0,0,1,0,0
VEN-04325,0,1,0,0,0
VEN-04326,0,1,0,0,0
VEN-04327,0,1,0,0,0
VEN-04328,0,0,0,0,0
VEN-04329,0,0,0,1,1
VEN-04330,0,0,0,0,0
VEN-04331,0,1,0,0,0
VEN-04332,0,0,0,0,0
VEN-04333,0,0,0,0,0
VEN-04334,0,0,0,0,0
VEN-04335,0,0,0,0,0
VEN-04336,0,0,0,0,1
VEN-04337,0,0,0,0,0
VEN-04338,0,0,0,0,0
VEN-04339,1,0,0,0,0
VEN-04340,0,0,0,0,0
VEN-04341,1,0,0,0,0
VEN-04342,0,1,0,0,0
VEN-04343,0,1,0,0,0
VEN-04344,1,0,0,0,0
VEN-04345,0,0,0,1,0
VEN-04346,0,0,0,0,0
VEN-04347,1,0,0,1,0
VEN-04348,0,0,0,0,0
VEN-04349,0,0,0,1,0
VEN-04350,0,0,0,0,0
VEN-04351,0,0,0,0,0
VEN-04352,0,0,0,0,1
VEN-04353,0,0,0,1,0
VEN-04354,0,0,0,0,0
VEN-04355,0,0,0,0,0
VEN-04356,1,0,0,0,0
VEN-04357,0,0,0,0,0
VEN-04358,0,0,0,0,0
VEN-04359,0,0,0,0,0
VEN-04360,1,0,0,0,0
VEN-04361,0,1,0,0,0
VEN-04362,0,0,0,0,0
VEN-04363,0,0,0,0,0
VEN-04364,0,0,0,0,0
VEN-04365,0,0,0,0,0
VEN-04366,0,0,0,0,0
VEN-04367,0,1,0,0,0
VEN-04368,0,0,0,0,0
VEN-04369,0,0,0,1,0
VEN-04370,0,0,0,0,0
VEN-04371,0,0,0,0,0
VEN-04372,0,0,0,0,0
VEN-04373,0,0,0,0,0
VEN-04374,1,0,0,0,0
VEN-04375,0,0,0,0,0
VEN-04376,0,1,0,0,0
VEN-04377,0,0,0,0,0
VEN-04378,1,0,0,0,0
VEN-04379,0,0,0,0,0
VEN-04380,1,0,0,0,0
VEN-04381,0,0,1,0,0
VEN-04382,0,0,1,1,0
VEN-04383,0,0,0,0,0
VEN-04384,0,0,0,0,1
VEN-04385,0,0,0,0,0
VEN-04386,0,0,0,0,0
VEN-04387,1,1,0,0,0
VEN-04388,0,0,0,1,1
VEN-04389,1,0,1,0,0
VEN-04390,0,0,0,0,0
VEN-04391,0,0,1,1,0
VEN-04392,0,1,0,0,0
VEN-04393,0,0,0,0,1
VEN-04394,0,1,0,0,1
VEN-04395,0,1,0,0,0
VEN-04396,1,0,0,0,0
VEN-04397,0,0,0,0,0
VEN-04398,1,0,0,0,0
VEN-04399,0,0,0,0,0
VEN-04400,1,0,0,0,0
VEN-04401,1,0,0,1,0
VEN-04402,0,0,0,0,0
VEN-04403,0,0,0,0,0
VEN-04404,0,0,0,0,1
VEN-04405,0,0,0,0,0
VEN-04406,0,0,0,0,0
VEN-04407,0,0,0,0,1
VEN-04408,1,0,0,1,0
VEN-04409,0,0,0,0,1
VEN-04410,0,0,0,0,0
VEN-04411,0,0,0,0,0
VEN-04412,0,0,0,0,0
VEN-04413,0,0,0,0,0
VEN-04414,0,1,0,1,0
VEN-04415,0,0,0,0,0
VEN-04416,0,0,0,0,0
VEN-04417,0,0,0,0,0
VEN-04418,0,0,0,0,0
VEN-04419,0,0,0,0,0
VEN-04420,0,0,1,0,0
VEN-04421,0,0,0,0,1
VEN-04422,0,0,1,0,1
VEN-04423,0,0,1,0,0
VEN-04424,1,0,0,0,0
VEN-04425,0,0,0,1,0
VEN-04426,0,1,0,0,1
VEN-04427,1,0,0,0,0
VEN-04428,0,0,0,0,0
VEN-04429,0,1,0,0,0
VEN-04430,0,0,0,0,0
VEN-04431,0,0,0,0,0
VEN-04432,0,0,0,0,0
VEN-04433,0,0,0,0,0
VEN-04434,0,0,0,0,0
VEN-04435,1,1,0,0,0
VEN-04436,0,0,0,1,0
VEN-04437,0,0,1,0,0
VEN-04438,0,0,0,0,0
VEN-04439,0,0,0,0,1
VEN-04440,0,0,0,0,0
VEN-04441,1,0,0,1,0
VEN-04442,1,0,0,0,1
VEN-04443,1,0,0,0,0
VEN-04444,0,0,0,0,0
VEN-04445,1,0,0,0,0
VEN-04446,1,0,0,0,1
VEN-04447,1,0,0,0,0
VEN-04448,0,0,1,0,0
VEN-04449,0,0,0,0,0
VEN-04450,0,0,0,0,0
VEN-04451,0,0,0,1,0
VEN-04452,0,0,0,0,0
VEN-04453,0,0,0,0,0
VEN-04454,0,0,0,0,0
VEN-04455,0,0,0,0,0
VEN-04456,0,0,0,0,0
VEN-04457,1,1,0,0,0
VEN-04458,0,0,0,0,0
VEN-04459,0,0,0,0,0
VEN-04460,1,0,0,0,1
VEN-04461,0,0,0,1,0
VEN-04462,0,0,0,0,0
VEN-04463,0,1,0,1,0
VEN-04464,0,0,0,0,0
VEN-04465,0,0,0,0,0
VEN-04466,0,1,0,0,1
VEN-04467,0,0,0,0,0
VEN-04468,0,1,0,0,0
VEN-04469,0,0,0,0,0
VEN-04470,0,0,0,0,0
VEN-04471,0,0,0,0,0
VEN-04472,0,0,1,0,0
VEN-04473,0,0,0,0,0
VEN-04474,0,0,0,0,1
VEN-04475,0,0,1,0,0
VEN-04476,0,0,0,0,0
VEN-04477,0,0,0,0,0
VEN-04478,0,0,0,0,0
VEN-04479,0,0,0,0,0
VEN-04480,0,0,0,0,0
VEN-04481,0,0,0,0,0
VEN-04482,1,1,0,0,0
VEN-04483,0,0,0,0,0
VEN-04484,0,0,0,0,0
VEN-04485,0,0,0,0,1
VEN-04486,0,0,0,0,0
VEN-04487,0,0,0,0,0
VEN-04488,1,0,0,0,0
VEN-04489,0,0,0,1,0
VEN-04490,0,0,0,0,0
VEN-04491,0,1,0,0,1
VEN-04492,0,0,0,0,0
VEN-04493,0,0,0,0,0
VEN-04494,0,0,0,0,1
VEN-04495,0,0,0,0,0
VEN-04496,0,0,0,0,0
VEN-04497,0,0,0,1,0
VEN-04498,0,0,0,1,0
VEN-04499,0,0,0,0,0
VEN-04500,0,0,0,0,0
VEN-04501,0,0,0,0,0
VEN-04502,0,0,0,0,0
VEN-04503,0,0,0,1,1
VEN-04504,1,0,0,0,0
VEN-04505,0,0,0,0,0
VEN-04506,0,0,0,0,0
VEN-04507,0,0,0,0,0
VEN-04508,0,0,0,0,0
VEN-04509,0,0,0,0,0
VEN-04510,0,0,0,0,0
VEN-04511,0,0,0,0,0
VEN-04512,0,0,0,0,0
VEN-04513,0,0,0,0,0
VEN-04514,0,0,0,0,0
VEN-04515,0,0,0,0,0
VEN-04516,0,0,0,1,0
VEN-04517,1,0,0,0,0
VEN-04518,0,0,0,0,0
VEN-04519,0,0,0,0,1
VEN-04520,0,0,0,0,0
VEN-04521,0,0,0,0,0
VEN-04522,0,1,0,0,0
VEN-04523,0,1,0,0,0
VEN-04524,1,0,0,0,0
VEN-04525,1,0,0,0,0
VEN-04526,0,1,0,0,0
VEN-04527,0,0,0,1,0
VEN-04528,1,0,1,0,0
VEN-04529,0,0,0,0,0
VEN-04530,0,0,0,0,1
VEN-04531,0,0,0,0,0
VEN-04532,0,0,0,0,0
VEN-04533,0,0,0,0,0
VEN-04534,0,0,0,0,1
VEN-04535,0,0,0,0,0
VEN-04536,0,1,0,0,0
VEN-04537,1,0,0,0,0
VEN-04538,0,0,0,0,0
VEN-04539,0,0,1,0,0
VEN-04540,1,0,0,0,0
VEN-04541,0,0,0,0,0
VEN-04542,0,0,0,0,0
VEN-04543,0,1,0,0,0
VEN-04544,0,0,0,0,0
VEN-04545,0,0,0,0,0
VEN-04546,1,0,0,0,0
VEN-04547,1,0,0,0,0
VEN-04548,1,0,0,0,0
VEN-04549,0,0,0,1,0
VEN-04550,1,0,0,0,0
VEN-04551,0,0,0,0,0
VEN-04552,0,0,0,0,0
VEN-04553,0,0,0,0,0
VEN-04554,0,0,0,0,0
VEN-04555,0,0,0,0,0
VEN-04556,0,0,0,0,0
VEN-04557,0,0,0,0,0
VEN-04558,0,0,0,0,0
VEN-04559,0,0,0,1,1
VEN-04560,0,1,0,0,0
VEN-04561,0,0,0,1,0
VEN-04562,0,0,0,0,0
VEN-04563,0,1,0,0,0
VEN-04564,1,0,0,0,0
VEN-04565,0,1,1,0,0
VEN-04566,0,0,0,0,0
VEN-04567,1,0,0,0,1
VEN-04568,1,0,0,0,0
VEN-04569,0,0,0,0,0
VEN-04570,0,0,0,0,0
VEN-04571,0,0,0,0,0
VEN-04572,0,0,0,1,0
VEN-04573,0,0,0,0,0
VEN-04574,0,1,0,0,0
VEN-04575,0,0,1,0,0
VEN-04576,0,0,0,1,0
VEN-04577,0,1,0,0,0
VEN-04578,1,1,0,0,0
VEN-04579,0,0,0,0,0
VEN-04580,0,0,0,0,0
VEN-04581,0,0,0,1,0
VEN-04582,1,0,0,0,0
VEN-04583,0,1,0,0,0
VEN-04584,0,0,1,0,0
VEN-04585,0,0,0,0,0
VEN-04586,1,0,0,0,0
VEN-04587,0,1,0,0,0
VEN-04588,0,0,1,1,0
VEN-04589,0,0,1,0,0
VEN-04590,0,0,0,0,0
VEN-04591,1,0,0,0,0
VEN-04592,0,0,0,0,0
VEN-04593,0,0,0,0,0
VEN-04594,0,0,0,0,0
VEN-04595,0,0,0,0,0
VEN-04596,0,0,0,0,0
VEN-04597,0,0,0,0,0
VEN-04598,0,1,0,0,0
VEN-04599,0,0,0,0,0
VEN-04600,0,1,1,0,0
VEN-04601,0,0,0,0,1
VEN-04602,0,0,0,0,0
VEN-04603,0,0,0,0,0
VEN-04604,1,0,0,0,0
VEN-04605,0,0,0,0,0
VEN-04606,0,0,0,0,0
VEN-04607,0,0,0,0,0
VEN-04608,0,0,0,0,0
VEN-04609,0,0,1,0,0
VEN-04610,0,0,0,0,0
VEN-04611,0,0,0,0,0
VEN-04612,0,0,1,0,0
VEN-04613,1,0,0,0,0
VEN-04614,0,0,0,1,0
VEN-04615,0,0,0,0,0
VEN-04616,0,0,1,0,0
VEN-04617,0,0,0,0,0
VEN-04618,0,0,0,0,0
VEN-04619,0,0,0,0,0
VEN-04620,0,1,0,0,0
VEN-04621,0,0,0,0,0
VEN-04622,1,0,0,0,0
VEN-04623,0,0,0,0,0
VEN-04624,0,0,0,0,0
VEN-04625,0,0,0,0,0
VEN-04626,1,1,0,0,0
VEN-04627,0,0,0,0,1
VEN-04628,0,0,1,0,1
VEN-04629,0,0,0,0,0
VEN-04630,0,0,0,0,0
VEN-04631,0,0,0,1,0
VEN-04632,0,0,1,0,0
VEN-04633,0,1,0,0,0
VEN-04634,0,0,0,0,0
VEN-04635,0,0,0,0,0
VEN-04636,0,0,0,0,0
VEN-04637,1,0,0,1,0
VEN-04638,0,0,0,0,0
VEN-04639,0,0,0,0,0
VEN-04640,0,0,0,0,0
VEN-04641,0,1,0,0,0
VEN-04642,1,0,0,0,0
VEN-04643,0,0,0,0,0
VEN-04644,0,0,0,1,0
VEN-04645,0,0,0,0,1
VEN-04646,0,0,0,0,1
VEN-04647,0,0,1,0,0
VEN-04648,0,0,0,0,0
VEN-04649,0,0,0,0,0
VEN-04650,1,0,1,0,0
VEN-04651,0,0,0,0,0
VEN-04652,0,0,0,0,0
VEN-04653,0,0,0,0,0
VEN-04654,1,0,0,1,0
VEN-04655,0,0,1,1,0
VEN-04656,0,0,0,0,0
VEN-04657,0,0,0,0,0
VEN-04658,0,0,1,0,0
VEN-04659,0,1,0,0,0
VEN-04660,0,0,0,0,0
VEN-04661,0,0,0,0,1
VEN-04662,0,1,0,0,0
VEN-04663,0,0,0,0,0
VEN-04664,0,0,0,0,0
VEN-04665,0,0,0,0,1
VEN-04666,0,0,0,0,0
VEN-04667,1,0,0,0,0
VEN-04668,0,0,0,0,0
VEN-04669,0,0,0,0,0
VEN-04670,0,0,0,0,0
VEN-04671,0,0,0,0,0
VEN-04672,0,0,0,0,0
VEN-04673,0,0,1,0,0
VEN-04674,1,0,1,0,0
VEN-04675,0,0,0,0,0
VEN-04676,0,0,0,0,0
VEN-04677,0,0,0,1,0
VEN-04678,0,0,0,1,0
VEN-04679,0,0,0,0,0
VEN-04680,0,0,0,1,0
VEN-04681,0,0,0,0,0
VEN-04682,0,0,0,0,0
VEN-04683,0,0,0,0,1
VEN-04684,0,1,0,0,0
VEN-04685,1,0,0,0,0
VEN-04686,0,1,0,0,0
VEN-04687,1,0,0,0,0
VEN-04688,0,0,0,0,0
VEN-04689,0,0,0,0,1
VEN-04690,0,0,0,0,0
VEN-04691,0,0,0,0,0
VEN-04692,1,0,0,1,1
VEN-04693,1,0,0,0,1
VEN-04694,0,1,0,0,0
VEN-04695,0,0,0,0,0
VEN-04696,0,0,0,0,0
VEN-04697,0,0,0,0,1
VEN-04698,0,0,0,0,0
VEN-04699,0,0,0,0,0
VEN-04700,1,0,0,0,0
VEN-04701,0,0,0,0,0
VEN-04702,0,0,0,0,0
VEN-04703,0,0,1,0,1
VEN-04704,0,1,0,0,0
VEN-04705,0,0,0,0,0
VEN-04706,0,0,0,0,0
VEN-04707,0,0,0,0,0
VEN-04708,0,0,0,0,0
VEN-04709,0,0,0,0,0
VEN-04710,0,0,0,0,0
VEN-04711,0,0,0,1,0
VEN-04712,0,0,0,0,0
VEN-04713,0,1,0,0,0
VEN-04714,0,1,0,0,0
VEN-04715,0,1,0,0,0
VEN-04716,0,0,0,0,0
VEN-04717,1,0,0,0,0
VEN-04718,0,0,0,0,0
VEN-04719,0,0,0,0,0
VEN-04720,0,0,0,0,0
VEN-04721,0,1,1,0,0
VEN-04722,0,0,0,1,0
VEN-04723,0,0,0,0,0
VEN-04724,0,0,0,0,0
VEN-04725,0,0,0,0,0
VEN-04726,0,0,0,0,0
VEN-04727,0,0,0,0,0
VEN-04728,0,1,0,0,0
VEN-04729,0,0,0,0,0
VEN-04730,0,0,0,0,0
VEN-04731,0,0,0,0,0
VEN-04732,0,0,0,0,0
VEN-04733,0,0,0,0,0
VEN-04734,0,0,1,1,0
VEN-04735,0,0,0,1,0
VEN-04736,1,0,0,0,0
VEN-04737,0,0,0,0,0
VEN-04738,0,0,0,0,0
VEN-04739,0,0,0,1,0
VEN-04740,0,0,0,0,0
VEN-04741,1,1,0,0,0
VEN-04742,0,0,0,0,0
VEN-04743,0,1,1,0,0
VEN-04744,0,0,0,0,0
VEN-04745,0,1,0,0,0
VEN-04746,1,0,0,0,0
VEN-04747,0,1,0,0,0
VEN-04748,0,0,0,0,0
VEN-04749,0,0,0,0,0
VEN-04750,0,0,0,0,0
VEN-04751,0,0,0,1,0
VEN-04752,1,0,0,0,0
VEN-04753,0,1,0,0,0
VEN-04754,0,0,0,0,0
VEN-04755,0,1,0,0,0
VEN-04756,0,0,1,0,0
VEN-04757,0,0,0,0,0
VEN-04758,1,0,0,0,1
VEN-04759,0,1,0,0,0
VEN-04760,0,0,0,0,0
VEN-04761,0,0,0,0,0
VEN-04762,0,1,1,0,0
VEN-04763,0,0,0,0,0
VEN-04764,0,0,1,1,0
VEN-04765,0,0,0,0,1
VEN-04766,0,0,0,0,1
VEN-04767,0,0,1,0,0
VEN-04768,0,0,0,0,0
VEN-04769,0,0,1,0,1
VEN-04770,0,0,0,0,0
VEN-04771,0,0,0,0,0
VEN-04772,0,0,0,0,0
VEN-04773,0,0,0,0,0
VEN-04774,0,0,0,0,1
VEN-04775,0,0,0,0,1
VEN-04776,0,0,1,0,0
VEN-04777,0,0,0,0,0
VEN-04778,0,1,0,0,0
VEN-04779,0,1,0,0,0
VEN-04780,0,0,0,0,0
VEN-04781,0,0,0,0,0
VEN-04782,0,1,1,0,0
VEN-04783,1,1,0,1,0
VEN-04784,0,0,0,0,0
VEN-04785,0,0,0,0,0
VEN-04786,0,0,0,0,1
VEN-04787,0,0,1,1,0
VEN-04788,0,0,0,1,0
VEN-04789,0,0,0,0,0
VEN-04790,0,0,0,0,1
VEN-04791,0,0,0,0,0
VEN-04792,0,0,0,0,0
VEN-04793,0,0,1,0,0
VEN-04794,0,0,0,0,0
VEN-04795,1,0,0,0,0
VEN-04796,0,0,0,0,0
VEN-04797,0,0,0,0,0
VEN-04798,1,0,0,0,0
VEN-04799,0,0,0,0,0
VEN-04800,0,1,0,1,0
VEN-04801,0,0,0,0,0
VEN-04802,0,0,0,0,0
VEN-04803,0,0,0,0,0
VEN-04804,1,0,0,0,1
VEN-04805,0,0,1,0,0
VEN-04806,0,0,0,0,0
VEN-04807,0,0,0,0,0
VEN-04808,0,0,0,0,0
VEN-04809,0,0,0,0,1
VEN-04810,0,0,0,0,0
VEN-04811,0,0,0,0,0
VEN-04812,0,0,0,0,0
VEN-04813,0,0,0,0,0
VEN-04814,0,0,0,0,0
VEN-04815,0,0,0,0,0
VEN-04816,1,0,0,0,0
VEN-04817,0,0,0,0,0
VEN-04818,0,0,0,0,0
VEN-04819,0,0,0,0,0
VEN-04820,0,0,0,0,0
VEN-04821,0,0,0,0,0
VEN-04822,0,0,0,0,1
VEN-04823,0,0,0,0,0
VEN-04824,0,0,0,0,0
VEN-04825,0,1,1,0,0
VEN-04826,0,0,0,0,1
VEN-04827,0,0,0,0,0
VEN-04828,0,0,0,0,0
VEN-04829,0,0,0,0,1
VEN-04830,0,0,0,0,0
VEN-04831,1,0,1,0,0
VEN-04832,1,0,0,0,0
VEN-04833,0,0,0,0,0
VEN-04834,0,0,0,0,0
VEN-04835,0,0,0,0,0
VEN-04836,0,0,0,0,0
VEN-04837,0,0,1,0,0
VEN-04838,0,0,0,0,0
VEN-04839,0,0,0,0,0
VEN-04840,0,0,0,0,0
VEN-04841,0,0,0,0,0
VEN-04842,0,0,0,0,0
VEN-04843,0,0,0,0,0
VEN-04844,0,0,0,0,0
VEN-04845,0,0,0,0,0
VEN-04846,0,0,0,1,0
VEN-04847,0,0,1,0,0
VEN-04848,0,0,0,1,0
VEN-04849,0,0,0,0,0
VEN-04850,0,1,0,0,0
VEN-04851,0,0,0,0,0
VEN-04852,0,0,0,0,1
VEN-04853,0,0,0,1,1
VEN-04854,0,0,0,0,0
VEN-04855,1,0,0,0,0
VEN-04856,0,0,0,0,0
VEN-04857,0,0,0,1,0
VEN-04858,1,0,0,0,0
VEN-04859,0,1,1,0,0
VEN-04860,1,0,0,0,0
VEN-04861,0,0,0,0,0
VEN-04862,0,0,0,0,0
VEN-04863,0,0,0,0,0
VEN-04864,1,0,0,0,0
VEN-04865,0,0,0,0,0
VEN-04866,0,0,0,0,0
VEN-04867,0,0,0,0,0
VEN-04868,0,0,0,0,1
VEN-04869,0,0,0,0,0
VEN-04870,0,0,0,0,0
VEN-04871,0,0,0,0,0
VEN-04872,0,0,0,1,0
VEN-04873,0,1,1,0,0
VEN-04874,0,0,0,0,0
VEN-04875,0,0,0,0,0
VEN-04876,0,0,1,0,0
VEN-04877,0,0,0,0,1
VEN-04878,0,0,0,0,0
VEN-04879,0,0,0,1,0
VEN-04880,0,0,0,0,0
VEN-04881,1,0,1,0,0
VEN-04882,0,0,0,0,0
VEN-04883,0,0,0,0,0
VEN-04884,1,0,0,0,0
VEN-04885,0,0,0,0,1
VEN-04886,0,0,1,0,0
VEN-04887,0,0,0,0,0
VEN-04888,0,0,0,0,0
VEN-04889,0,0,1,0,0
VEN-04890,0,0,0,0,0
VEN-04891,0,0,0,0,0
VEN-04892,1,0,0,0,0
VEN-04893,0,0,1,0,0
VEN-04894,0,0,0,0,0
VEN-04895,0,0,0,0,0
VEN-04896,0,0,0,0,0
VEN-04897,0,0,0,0,0
VEN-04898,0,0,0,0,0
VEN-04899,0,0,0,0,0
VEN-04900,0,0,0,0,0
VEN-04901,0,0,0,0,0
VEN-04902,0,0,0,0,0
VEN-04903,0,0,0,0,0
VEN-04904,0,0,0,1,0
VEN-04905,0,0,0,0,1
VEN-04906,0,0,0,1,1
VEN-04907,0,0,0,0,0
VEN-04908,0,0,0,0,0
VEN-04909,0,0,0,0,0
VEN-04910,1,0,0,0,0
VEN-04911,0,0,0,0,0
VEN-04912,0,0,0,0,0
VEN-04913,0,0,0,0,0
VEN-04914,0,0,1,1,0
VEN-04915,0,0,0,0,0
VEN-04916,1,0,0,0,0
VEN-04917,0,0,0,0,0
VEN-04918,0,0,0,0,0
VEN-04919,0,1,0,0,0
VEN-04920,0,0,0,0,0
VEN-04921,0,0,0,1,0
VEN-04922,0,0,0,0,0
VEN-04923,1,0,0,0,0
VEN-04924,0,0,0,0,0
VEN-04925,0,0,0,0,0
VEN-04926,0,0,0,0,0
VEN-04927,0,1,0,0,0
VEN-04928,1,0,0,0,0
VEN-04929,0,0,0,0,0
VEN-04930,0,1,0,0,0
VEN-04931,0,0,0,1,0
VEN-04932,0,0,0,0,1
VEN-04933,0,0,0,1,0
VEN-04934,0,0,0,0,0
VEN-04935,0,0,0,0,0
VEN-04936,0,0,0,0,0
VEN-04937,0,1,0,0,0
VEN-04938,0,0,0,0,0
VEN-04939,0,0,0,1,0
VEN-04940,0,0,0,0,0
VEN-04941,0,0,0,1,0
VEN-04942,0,0,0,1,0
VEN-04943,0,0,0,0,0
VEN-04944,0,0,0,0,0
VEN-04945,0,0,1,0,1
VEN-04946,0,0,0,0,0
VEN-04947,1,0,0,0,1
VEN-04948,0,0,1,0,0
VEN-04949,0,0,0,0,0
VEN-04950,0,0,0,0,0
VEN-04951,0,0,0,0,0
VEN-04952,0,1,0,0,0
VEN-04953,0,0,0,0,0
VEN-04954,0,0,1,0,0
VEN-04955,0,0,0,0,0
VEN-04956,0,0,0,0,0
VEN-04957,0,0,0,0,0
VEN-04958,0,0,0,0,0
VEN-04959,0,0,0,0,0
VEN-04960,0,0,0,0,0
VEN-04961,0,0,0,0,0
VEN-04962,0,1,1,0,0
VEN-04963,0,0,0,0,0
VEN-04964,0,0,0,0,0
VEN-04965,0,0,0,1,0
VEN-04966,0,0,0,0,0
VEN-04967,0,0,1,1,0
VEN-04968,1,0,0,0,0
VEN-04969,0,0,0,0,0
VEN-04970,0,0,0,0,0
VEN-04971,0,0,0,0,0
VEN-04972,0,0,0,0,1
VEN-04973,0,0,1,0,0
VEN-04974,1,1,0,1,0
VEN-04975,1,0,0,0,0
VEN-04976,1,0,0,0,0
VEN-04977,0,0,0,0,0
VEN-04978,0,0,0,0,0
VEN-04979,0,0,1,0,0
VEN-04980,0,0,0,0,0
VEN-04981,0,0,0,1,0
VEN-04982,0,0,1,0,0
VEN-04983,0,0,0,0,0
VEN-04984,0,1,1,0,0
VEN-04985,1,1,0,1,1
VEN-04986,0,0,1,0,0
VEN-04987,0,0,0,0,0
VEN-04988,0,0,1,0,0
VEN-04989,0,1,0,0,0
VEN-04990,0,0,0,0,0
VEN-04991,0,0,0,0,0
VEN-04992,0,0,0,1,0
VEN-04993,1,0,0,0,0
VEN-04994,0,0,1,0,1
VEN-04995,0,1,0,0,0
VEN-04996,0,1,0,0,1
VEN-04997,1,0,0,0,0
VEN-04998,1,0,0,0,1
VEN-04999,0,0,1,0,0
VEN-05000,0,0,0,0,0
