related_party_id,open_issue_count,overdue_issue_count,repeat_issue_count_24m,mean_days_to_remediate,risk_acceptance_count_24m
VEN-00001,1,0,0,81.80818798895075,0
VEN-00002,3,0,0,117.76481813174226,0
VEN-00003,7,3,1,106.1827994964613,0
VEN-00004,3,2,1,31.10869185599828,0
VEN-00005,3,1,0,96.87229781883136,0
VEN-00006,2,0,1,169.96200160586463,0
VEN-00007,2,1,1,34.32509625209919,0
VEN-00008,1,0,0,51.885197886373945,1
VEN-00009,2,0,2,45.57390091614591,1
VEN-00010,1,1,0,128.1717366573093,2
VEN-00011,3,1,1,60.42490448591083,0
VEN-00012,2,0,0,21.70253788597289,1
VEN-00013,2,1,2,38.84297882051828,1
VEN-00014,4,0,1,26.567421050660272,3
VEN-00015,4,0,2,108.55372202870484,1
VEN-00016,2,0,0,121.73467143010367,1
VEN-00017,3,1,0,73.2928182841656,2
VEN-00018,5,1,0,205.44346645862228,0
VEN-00019,4,1,0,93.90287723661936,0
VEN-00020,2,1,1,63.02959351522341,1
VEN-00021,4,1,0,71.75772496331027,0
VEN-00022,4,2,0,41.96120086170657,0
VEN-00023,1,0,0,24.90913879686487,2
VEN-00024,1,0,2,152.56666020504397,1
VEN-00025,2,0,0,123.01023519309564,1
VEN-00026,5,3,4,60.4160276278245,0
VEN-00027,4,0,2,64.09967792073627,0
VEN-00028,3,1,0,88.07864818964306,0
VEN-00029,2,1,0,108.43094351722748,1
VEN-00030,1,0,0,72.24209783357598,1
VEN-00031,1,0,0,52.05090408547144,1
VEN-00032,2,0,0,32.39273135526901,0
VEN-00033,2,0,1,106.74459113107588,1
VEN-00034,1,0,0,29.215108670990794,0
VEN-00035,2,1,1,40.75388790535801,1
VEN-00036,5,1,1,48.41441969395723,1
VEN-00037,0,0,1,79.81182500284646,1
VEN-00038,3,0,1,40.60834176830731,0
VEN-00039,3,1,0,57.43297859518447,1
VEN-00040,1,0,0,76.76833683423008,0
VEN-00041,6,3,1,66.90761023193892,0
VEN-00042,3,1,0,49.83721176042005,0
VEN-00043,0,0,0,135.62323685619248,0
VEN-00044,6,2,0,134.12593931460975,1
VEN-00045,6,1,1,226.4935473700084,0
VEN-00046,1,1,1,121.97112634319436,1
VEN-00047,4,1,0,116.7704990361939,1
VEN-00048,3,2,0,84.15865461966145,0
VEN-00049,0,0,1,44.51673500977888,0
VEN-00050,4,2,0,50.67331876387056,0
VEN-00051,3,1,0,28.93837987525645,1
VEN-00052,6,1,0,86.73894193851848,0
VEN-00053,5,2,0,145.176392534472,1
VEN-00054,4,1,1,55.51623246056301,0
VEN-00055,4,1,0,70.66760579158802,1
VEN-00056,3,2,0,125.2817368626299,0
VEN-00057,0,0,0,117.724932015797,1
VEN-00058,1,0,0,44.52718103447568,0
VEN-00059,1,1,1,48.03964971786776,0
VEN-00060,1,0,2,120.7052001288474,1
VEN-00061,2,0,0,111.10297555116804,1
VEN-00062,3,1,0,93.97229262539722,0
VEN-00063,4,1,1,114.90721546558922,0
VEN-00064,4,0,1,28.511766362383774,0
VEN-00065,2,0,0,54.55293296752169,0
VEN-00066,2,1,1,28.81010856664884,0
VEN-00067,2,0,0,105.69273288323528,1
VEN-00068,5,2,0,25.6683914598459,0
VEN-00069,4,1,0,89.04577078872487,1
VEN-00070,2,0,1,119.81609504844504,0
VEN-00071,2,2,0,50.13410999993352,2
VEN-00072,3,0,0,127.9158060639346,3
VEN-00073,4,2,1,49.17653737501599,0
VEN-00074,4,1,0,32.20344896552118,1
VEN-00075,2,1,0,139.3612034557216,0
VEN-00076,2,1,1,68.53809049316013,0
VEN-00077,2,1,1,44.248709167960754,1
VEN-00078,1,0,1,42.45552417828885,0
VEN-00079,4,1,0,58.18812296327892,0
VEN-00080,3,1,0,82.58137144650561,2
VEN-00081,3,2,0,99.96028230817136,1
VEN-00082,5,1,0,68.07888592897746,1
VEN-00083,1,1,0,146.9691982149257,0
VEN-00084,1,0,0,26.59065996905558,1
VEN-00085,4,1,0,93.78600830486867,0
VEN-00086,0,0,1,132.20079372218547,1
VEN-00087,2,0,0,146.49171836164933,1
VEN-00088,5,1,0,64.39182150239924,0
VEN-00089,3,0,0,62.6866573836303,2
VEN-00090,2,1,0,92.64487399504686,0
VEN-00091,0,0,0,72.48622014004013,0
VEN-00092,1,0,0,11.498672003495416,2
VEN-00093,2,1,1,64.48193469015995,2
VEN-00094,3,1,0,180.44872925732795,3
VEN-00095,7,1,0,68.73385926133132,0
VEN-00096,2,0,0,90.3555829084569,1
VEN-00097,3,1,0,77.19001405396682,2
VEN-00098,2,0,0,131.6643107005231,0
VEN-00099,1,0,0,113.36929964563384,1
VEN-00100,6,3,0,39.64555468881372,0
VEN-00101,2,1,1,122.55899642956749,0
VEN-00102,3,1,1,57.21765331838805,0
VEN-00103,3,0,0,27.452450503491995,0
VEN-00104,3,0,0,60.42701015740962,1
VEN-00105,4,1,0,55.52165904853323,1
VEN-00106,3,1,3,65.0858837119116,0
VEN-00107,2,1,0,98.90594282986248,2
VEN-00108,1,1,2,78.55539007725167,0
VEN-00109,3,2,0,140.79354371260345,1
VEN-00110,2,2,0,77.15887549769978,1
VEN-00111,1,1,2,91.57563995542654,0
VEN-00112,5,2,0,55.76626207554581,0
VEN-00113,1,0,0,42.07680611041252,2
VEN-00114,3,2,1,70.02971797556245,0
VEN-00115,3,1,0,118.2617583408709,0
VEN-00116,3,2,0,118.23268398878524,0
VEN-00117,3,0,1,225.1817146305351,0
VEN-00118,4,2,0,67.65126721644036,1
VEN-00119,1,1,0,33.156499158304136,0
VEN-00120,2,0,0,51.870164034563246,2
VEN-00121,3,2,0,63.644663841344624,1
VEN-00122,2,0,1,83.9516588978067,0
VEN-00123,2,0,0,132.7837170866761,1
VEN-00124,3,0,0,75.82406286479255,0
VEN-00125,5,2,0,34.32608090642418,0
VEN-00126,5,2,0,72.00638936085097,0
VEN-00127,3,1,1,81.89241302587789,1
VEN-00128,2,1,0,107.91960180673986,1
VEN-00129,5,1,1,23.90668797943978,0
VEN-00130,2,0,1,15.636571691076549,0
VEN-00131,1,0,1,23.35004987789799,0
VEN-00132,3,1,0,74.17665394489387,1
VEN-00133,1,0,0,87.50536883114874,0
VEN-00134,2,1,0,25.69019877434729,1
VEN-00135,3,0,0,33.65133867547982,2
VEN-00136,3,0,1,60.04567437809173,0
VEN-00137,2,0,1,69.17531809872202,1
VEN-00138,1,0,0,85.73446517839088,0
VEN-00139,0,0,0,93.04885857814124,2
VEN-00140,3,0,2,57.60971629426689,1
VEN-00141,2,1,0,46.326732470612384,0
VEN-00142,3,2,0,69.79063563952087,0
VEN-00143,4,0,0,13.710897429625517,1
VEN-00144,5,3,2,98.29065725778592,0
VEN-00145,1,1,0,25.06786376306496,1
VEN-00146,0,0,0,34.04173447924705,1
VEN-00147,5,4,1,143.18519839713397,0
VEN-00148,3,0,0,32.75339763241209,0
VEN-00149,3,1,1,51.9876307305809,0
VEN-00150,3,0,0,63.34924131405649,1
VEN-00151,2,0,1,21.531684564067785,1
VEN-00152,3,0,0,52.27654267451378,0
VEN-00153,2,1,0,93.45636045240114,0
VEN-00154,1,0,1,127.51448590899643,0
VEN-00155,1,0,0,82.42873626564634,1
VEN-00156,1,0,0,44.179749789929645,1
VEN-00157,6,2,0,50.59621339788047,1
VEN-00158,2,1,1,77.6031287786772,1
VEN-00159,1,1,0,38.20626519084592,1
VEN-00160,2,0,0,55.15617873184539,0
VEN-00161,4,2,0,63.56945664026132,2
VEN-00162,3,0,0,14.677627261280357,0
VEN-00163,5,3,0,36.09664055401927,1
VEN-00164,4,2,0,26.709236622012565,0
VEN-00165,3,1,3,160.02983195619558,1
VEN-00166,2,1,0,26.90316545204152,3
VEN-00167,1,1,1,89.93879477692877,0
VEN-00168,4,2,0,101.52955632200364,1
VEN-00169,1,0,0,90.79005296436252,1
VEN-00170,4,1,0,28.620797991974467,0
VEN-00171,1,0,0,24.095065816482364,0
VEN-00172,2,0,1,43.7080066909313,0
VEN-00173,1,0,1,117.94433233991144,2
VEN-00174,1,1,0,171.71332245384548,4
VEN-00175,2,0,1,40.02320280935178,0
VEN-00176,1,1,0,170.79646862532502,1
VEN-00177,6,3,3,93.0856032111798,1
VEN-00178,2,1,0,73.62829331190242,0
VEN-00179,5,1,2,188.63894463465067,0
VEN-00180,4,1,0,124.06555661964182,0
VEN-00181,3,0,0,109.37632988392436,1
VEN-00182,4,1,0,26.580395926690883,0
VEN-00183,4,3,0,37.13868958053951,0
VEN-00184,3,2,0,156.25641978955554,1
VEN-00185,2,1,2,77.43920806000638,1
VEN-00186,2,1,0,112.19853000361438,0
VEN-00187,2,1,0,49.17110384873113,0
VEN-00188,2,2,1,42.1060933978898,0
VEN-00189,2,1,0,78.80531069157912,1
VEN-00190,4,2,0,83.55620440010676,0
VEN-00191,6,0,1,54.364632578279895,0
VEN-00192,3,0,0,87.91201234849355,1
VEN-00193,1,0,0,285.5591110979605,1
VEN-00194,4,0,0,175.0767824335829,0
VEN-00195,1,1,0,21.49585880532526,0
VEN-00196,3,1,0,102.01447555277578,1
VEN-00197,2,0,0,88.85493073499545,0
VEN-00198,6,1,0,97.50729374165034,3
VEN-00199,1,1,0,44.7810557339955,0
VEN-00200,4,2,0,85.7395272335025,1
VEN-00201,3,1,0,44.980607013228536,0
VEN-00202,1,0,1,36.60341581274453,0
VEN-00203,2,1,0,130.14508032691293,1
VEN-00204,2,0,0,123.93516274296576,0
VEN-00205,3,1,0,82.06885420387637,0
VEN-00206,2,0,0,77.04276527921925,0
VEN-00207,0,0,1,53.51664921200463,0
VEN-00208,4,0,1,18.810536247039323,0
VEN-00209,2,0,0,88.49304628303396,0
VEN-00210,3,0,1,66.01509652582097,0
VEN-00211,3,0,1,151.36586551495736,0
VEN-00212,3,1,0,117.23101149407852,1
VEN-00213,4,1,0,54.32410202055327,0
VEN-00214,3,1,0,101.4853197823722,0
VEN-00215,6,2,0,147.88424819449102,1
VEN-00216,2,0,0,103.58002800767474,1
VEN-00217,2,0,1,115.0925697529854,0
VEN-00218,3,2,0,115.99029153318288,0
VEN-00219,3,1,0,89.08591248401326,1
VEN-00220,2,0,0,85.82827049963088,1
VEN-00221,4,2,1,41.25495065386843,3
VEN-00222,4,1,0,77.2903909900288,0
VEN-00223,4,0,0,118.73541758618455,3
VEN-00224,4,2,0,73.72417185547006,1
VEN-00225,2,2,0,58.7776807171247,2
VEN-00226,5,1,0,43.81992153469065,0
VEN-00227,3,1,0,94.7364278610144,0
VEN-00228,2,0,0,48.49686076625895,0
VEN-00229,0,0,0,48.581779507141285,0
VEN-00230,1,0,0,96.04295286122256,0
VEN-00231,3,1,1,141.83375353753266,0
VEN-00232,3,1,2,101.99953040579472,0
VEN-00233,4,1,1,125.2911137038849,2
VEN-00234,5,0,0,127.63895701335213,0
VEN-00235,3,1,0,193.43762278104413,0
VEN-00236,3,2,0,67.36734608896457,0
VEN-00237,3,1,0,120.111790203747,0
VEN-00238,3,0,0,70.02352839725502,1
VEN-00239,5,1,0,29.82656143645448,0
VEN-00240,3,2,0,10.915872450266988,2
VEN-00241,1,0,0,53.86729792878218,1
VEN-00242,1,1,0,109.8343918449071,0
VEN-00243,1,1,0,89.5549872089588,0
VEN-00244,2,1,0,10.7552184682437,0
VEN-00245,1,0,0,34.54234337703961,2
VEN-00246,4,0,1,117.21108755559592,1
VEN-00247,1,1,1,70.67019731283044,2
VEN-00248,2,1,0,81.5950503452373,0
VEN-00249,1,0,1,41.76371547567,0
VEN-00250,6,2,0,96.25149508999075,1
VEN-00251,1,0,2,32.528872604076085,0
VEN-00252,5,1,0,42.09230301141023,0
VEN-00253,2,0,1,97.55002651542974,0
VEN-00254,3,1,3,95.37147802968346,0
VEN-00255,1,0,0,86.98115452224644,0
VEN-00256,3,0,1,93.78138335544404,2
VEN-00257,4,1,1,49.90811206668637,0
VEN-00258,3,1,0,23.19964610183177,1
VEN-00259,5,1,0,52.29690500397955,1
VEN-00260,2,0,1,45.00465226397322,0
VEN-00261,4,3,1,96.60409245298712,2
VEN-00262,2,0,0,21.71851264156472,0
VEN-00263,2,0,0,68.61502672161977,0
VEN-00264,3,0,1,52.970908544421135,1
VEN-00265,2,0,1,36.50156878842739,0
VEN-00266,3,3,0,29.730642023867308,0
VEN-00267,3,1,0,25.10922630599811,1
VEN-00268,3,1,1,34.8399952377128,0
VEN-00269,5,2,0,62.60515591161106,0
VEN-00270,5,3,2,147.83645068123965,0
VEN-00271,4,1,0,56.349019992447815,1
VEN-00272,3,1,0,74.4869353210677,1
VEN-00273,1,0,1,117.94020266955256,0
VEN-00274,1,0,0,127.14667619002182,1
VEN-00275,3,1,0,133.57931578439238,1
VEN-00276,3,1,2,96.78830388161504,1
VEN-00277,6,3,3,79.52119547871303,1
VEN-00278,8,0,0,76.6450200479998,4
VEN-00279,1,1,1,38.30165885525338,0
VEN-00280,2,1,2,141.38816874165957,1
VEN-00281,2,1,0,83.37018120690658,1
VEN-00282,4,3,0,123.16516327806394,1
VEN-00283,5,2,0,55.35898650577396,1
VEN-00284,5,0,0,34.19292115690003,0
VEN-00285,4,2,3,52.55757905564788,0
VEN-00286,1,0,2,33.32793165005323,0
VEN-00287,3,0,1,151.7301501876187,0
VEN-00288,2,2,1,60.34394837844751,0
VEN-00289,4,0,0,61.93004886140868,1
VEN-00290,1,0,0,38.22510295807472,3
VEN-00291,3,2,0,146.7171821709009,3
VEN-00292,3,1,0,83.12951487100705,3
VEN-00293,5,1,1,18.78776200040293,0
VEN-00294,3,2,0,132.91861377220332,2
VEN-00295,1,0,0,120.553116410438,1
VEN-00296,6,1,0,89.02982125163845,1
VEN-00297,3,1,0,108.38497150699018,0
VEN-00298,2,0,0,146.59680637634517,1
VEN-00299,6,2,1,25.24696319113966,1
VEN-00300,0,0,0,110.39630744993364,0
VEN-00301,2,2,0,114.04525672358652,1
VEN-00302,3,2,0,46.55911296611613,0
VEN-00303,2,1,0,34.61255763978827,1
VEN-00304,2,0,0,54.52245833440097,2
VEN-00305,2,2,0,47.89238685261151,0
VEN-00306,1,0,1,37.384813063115566,1
VEN-00307,4,2,0,35.95553709061839,0
VEN-00308,4,1,4,70.50157860460409,1
VEN-00309,5,1,0,43.52576927900849,0
VEN-00310,1,0,0,48.232649916822055,2
VEN-00311,3,1,1,73.10811693151206,1
VEN-00312,2,1,0,84.72124353540848,0
VEN-00313,2,1,0,84.36733642114125,0
VEN-00314,7,4,0,74.50052427028737,0
VEN-00315,1,1,3,27.63121172262546,1
VEN-00316,3,2,0,67.98550108425228,0
VEN-00317,5,0,0,62.78959830711487,0
VEN-00318,3,0,0,87.91177762971508,1
VEN-00319,0,0,0,29.25511737305176,2
VEN-00320,3,1,0,41.42574948850461,0
VEN-00321,4,1,0,50.62543363907106,0
VEN-00322,0,0,1,45.69071582639854,2
VEN-00323,4,1,0,55.03093806306644,1
VEN-00324,2,0,1,56.41057774256371,0
VEN-00325,0,0,0,22.68502903161005,1
VEN-00326,3,1,1,74.35804026144024,3
VEN-00327,1,0,0,14.79494861523,1
VEN-00328,2,1,0,121.84755029327772,0
VEN-00329,3,1,0,47.89619530643442,0
VEN-00330,3,2,3,45.15312081879453,1
VEN-00331,3,0,1,102.98365201147148,1
VEN-00332,5,2,0,83.41465941564438,1
VEN-00333,5,1,0,50.1760795522415,0
VEN-00334,1,0,0,27.034261618822203,0
VEN-00335,3,1,0,58.06399496483792,1
VEN-00336,6,1,0,76.5513683453493,0
VEN-00337,2,1,1,102.58912859334932,0
VEN-00338,3,1,0,21.12560180858636,1
VEN-00339,1,0,1,70.41653959544503,0
VEN-00340,3,1,1,57.79928497821148,2
VEN-00341,4,1,0,68.70161797080931,0
VEN-00342,2,1,0,93.32225124015451,0
VEN-00343,6,2,1,97.20270526728154,1
VEN-00344,0,0,2,65.45002969231345,1
VEN-00345,2,0,1,20.54038322679752,1
VEN-00346,1,0,0,87.30017510237347,0
VEN-00347,3,0,0,55.80661794111885,1
VEN-00348,5,2,0,53.847431661604766,0
VEN-00349,2,1,0,65.52259036335546,0
VEN-00350,2,0,2,56.43642198623392,1
VEN-00351,2,1,0,74.436339941166,0
VEN-00352,4,1,0,94.06245395105492,0
VEN-00353,1,1,2,99.8763632201746,1
VEN-00354,3,0,1,58.24342613515802,0
VEN-00355,1,1,0,45.32863933572895,2
VEN-00356,5,3,0,101.66886927659016,1
VEN-00357,5,2,0,132.00105047453945,1
VEN-00358,2,1,0,86.65082999816278,1
VEN-00359,3,1,0,37.91620760111758,1
VEN-00360,3,0,1,40.87899969764867,0
VEN-00361,3,1,0,74.85774375649076,2
VEN-00362,4,1,0,38.96833553301276,3
VEN-00363,2,0,0,143.4240633491912,0
VEN-00364,0,0,0,65.86120960726285,1
VEN-00365,2,0,0,39.92756047775171,0
VEN-00366,2,0,1,97.91901018546476,0
VEN-00367,3,1,0,106.5131867875804,0
VEN-00368,2,0,0,135.9040832457674,1
VEN-00369,2,0,0,77.49569322195708,1
VEN-00370,4,0,0,52.83108560349048,0
VEN-00371,9,2,0,111.05593883638888,2
VEN-00372,1,0,0,29.593002731897037,1
VEN-00373,1,0,1,17.45902741207555,1
VEN-00374,4,1,0,65.15108908526834,0
VEN-00375,2,0,0,214.5165458541244,1
VEN-00376,1,0,0,126.74829576515984,0
VEN-00377,4,0,0,80.77596386368529,1
VEN-00378,3,2,0,65.1185804821715,1
VEN-00379,5,2,0,49.55628951050974,1
VEN-00380,2,0,0,35.78194655252099,0
VEN-00381,2,0,2,71.32382925322503,0
VEN-00382,3,2,1,92.27029211152778,1
VEN-00383,2,0,0,49.94355065802338,0
VEN-00384,2,0,1,39.22015730919827,2
VEN-00385,5,1,0,59.68640418425032,0
VEN-00386,2,0,1,102.22915264164097,1
VEN-00387,5,3,0,54.67878916251652,2
VEN-00388,2,0,0,122.42640166995244,0
VEN-00389,0,0,0,31.242127351233755,1
VEN-00390,4,1,0,32.48402932162222,1
VEN-00391,6,1,0,61.34130148985744,2
VEN-00392,1,0,0,49.9663207237732,2
VEN-00393,1,0,0,84.01618821771454,0
VEN-00394,2,2,0,51.130887427036576,1
VEN-00395,0,0,0,47.71209487446913,0
VEN-00396,1,0,0,50.70321533017845,1
VEN-00397,2,1,0,44.225052215607576,0
VEN-00398,1,0,1,35.625349484858184,1
VEN-00399,3,0,0,117.6103148817753,0
VEN-00400,1,0,1,67.30569993861546,1
VEN-00401,4,0,2,53.38548405706715,0
VEN-00402,1,0,0,56.22953479645004,0
VEN-00403,0,0,0,75.28523809303643,0
VEN-00404,6,6,1,73.28633445210416,0
VEN-00405,4,1,0,107.48926427212866,0
VEN-00406,2,0,0,42.91842780826933,1
VEN-00407,3,2,0,97.398744483259,0
VEN-00408,3,2,0,21.3810449936378,1
VEN-00409,1,0,0,67.10217566456294,1
VEN-00410,2,1,0,91.68502659214968,1
VEN-00411,2,0,1,39.63386390364122,1
VEN-00412,3,1,0,103.57429790844267,1
VEN-00413,3,0,0,39.18936458382544,1
VEN-00414,0,0,0,161.58092046241225,1
VEN-00415,5,0,0,53.702919398155096,0
VEN-00416,0,0,0,76.22717140463264,0
VEN-00417,1,0,1,27.62686798479191,1
VEN-00418,2,0,0,59.283239572757815,0
VEN-00419,3,0,0,170.32638048336625,0
VEN-00420,0,0,1,47.00529946983426,1
VEN-00421,2,0,1,88.03876795570558,1
VEN-00422,3,1,1,35.48475776326816,0
VEN-00423,6,2,0,48.27201742972166,0
VEN-00424,3,1,1,25.35448117931166,2
VEN-00425,4,2,0,112.70505407506204,1
VEN-00426,5,2,0,53.661044901501526,0
VEN-00427,3,0,1,101.32195678208836,0
VEN-00428,2,1,1,104.64326240584106,0
VEN-00429,0,0,0,56.95493973169973,0
VEN-00430,0,0,1,81.20665491723156,0
VEN-00431,2,2,0,127.95321277172926,1
VEN-00432,3,1,1,179.68537323054787,1
VEN-00433,2,0,1,98.17213994080468,3
VEN-00434,2,1,0,33.64452841061269,0
VEN-00435,4,1,1,34.91093639563007,1
VEN-00436,4,0,0,54.09018376954715,1
VEN-00437,1,0,1,115.08282400925034,4
VEN-00438,2,0,0,76.70759787675568,0
VEN-00439,2,0,0,39.0713643234504,0
VEN-00440,3,1,1,35.706305970313686,1
VEN-00441,3,1,1,43.11015190683308,0
VEN-00442,1,1,1,64.65877565164176,0
VEN-00443,1,0,0,32.52276479774691,1
VEN-00444,7,1,1,37.96341934270518,0
VEN-00445,1,0,0,33.187474903471426,0
VEN-00446,1,1,1,47.518252129110536,0
VEN-00447,7,3,1,92.76073335095418,0
VEN-00448,0,0,0,87.68306795393235,1
VEN-00449,2,1,0,90.80571744130906,0
VEN-00450,4,1,1,75.05773623177782,0
VEN-00451,4,3,1,42.347197400437054,1
VEN-00452,2,0,0,96.242001037739,0
VEN-00453,1,0,0,168.0473623974954,1
VEN-00454,2,1,0,94.2923326357979,1
VEN-00455,2,1,0,204.16079865413917,2
VEN-00456,2,1,0,28.357438327565408,1
VEN-00457,3,1,0,23.54898117592297,0
VEN-00458,2,0,0,59.276899248459706,0
VEN-00459,3,0,0,5.0,3
VEN-00460,3,0,0,39.51933942663606,2
VEN-00461,1,0,0,84.71763701903224,1
VEN-00462,5,2,0,55.0178803910202,0
VEN-00463,0,0,1,83.01399619194683,0
VEN-00464,5,1,0,30.786066020911957,0
VEN-00465,2,1,0,115.90866539590203,1
VEN-00466,1,0,1,53.69235914889822,2
VEN-00467,3,0,2,92.89588919668272,0
VEN-00468,2,1,1,88.22203178763813,1
VEN-00469,2,0,1,84.53705041063567,1
VEN-00470,4,1,1,212.9721383543067,2
VEN-00471,4,0,1,77.44219108697972,0
VEN-00472,1,0,1,66.77490581130854,1
VEN-00473,1,1,0,19.663623447799974,0
VEN-00474,2,1,1,76.18252899364136,1
VEN-00475,2,0,0,113.50434558428944,1
VEN-00476,2,0,0,79.75650128277977,0
VEN-00477,1,0,0,39.582008251171445,1
VEN-00478,0,0,0,58.540329642974605,0
VEN-00479,2,0,1,40.45452159488877,1
VEN-00480,1,0,0,164.834753027954,1
VEN-00481,2,1,0,35.402992542899945,1
VEN-00482,1,0,0,114.15187584009055,1
VEN-00483,6,1,0,63.98680054124728,1
VEN-00484,4,1,0,117.69513623777534,0
VEN-00485,1,0,0,74.85974977214512,0
VEN-00486,3,0,0,99.00330830362714,1
VEN-00487,6,1,0,60.77363922898092,1
VEN-00488,3,0,0,10.395761843081624,0
VEN-00489,2,0,2,71.58702180045843,1
VEN-00490,5,3,0,50.74258533777495,1
VEN-00491,3,1,1,33.03323424242099,5
VEN-00492,3,2,0,79.23362542918291,1
VEN-00493,1,0,0,112.52104563103256,1
VEN-00494,1,1,0,13.24973647908462,1
VEN-00495,3,1,0,50.810181259462816,3
VEN-00496,4,2,1,75.47290523058177,1
VEN-00497,2,0,1,190.89164453560053,2
VEN-00498,2,0,0,38.66539236930101,2
VEN-00499,2,2,0,39.80087131692581,0
VEN-00500,3,1,1,27.41524357821025,1
VEN-00501,2,1,0,42.60523531417253,0
VEN-00502,3,1,1,91.3756483789235,1
VEN-00503,2,1,1,31.63511718940306,1
VEN-00504,6,0,0,74.00944200434762,0
VEN-00505,2,1,0,53.74811029354388,1
VEN-00506,3,0,0,90.40261999065493,0
VEN-00507,5,0,0,48.76320637730404,0
VEN-00508,2,2,0,14.192948624094193,0
VEN-00509,2,0,0,55.10330809192703,2
VEN-00510,2,0,1,42.39429913396378,0
VEN-00511,2,1,0,116.09233801174535,0
VEN-00512,1,0,2,71.3219555772887,0
VEN-00513,3,0,0,85.45962741877632,0
VEN-00514,2,0,0,62.553675870196734,2
VEN-00515,2,1,0,129.47352335765478,1
VEN-00516,7,0,1,27.767385333646256,0
VEN-00517,2,0,1,37.67797523886476,0
VEN-00518,2,0,0,110.37121529613287,0
VEN-00519,2,0,0,129.80572200357935,0
VEN-00520,2,1,0,61.19059811422022,0
VEN-00521,2,0,1,17.306479292832456,0
VEN-00522,1,0,0,14.22646472108273,1
VEN-00523,0,0,0,25.48426608918111,1
VEN-00524,1,0,0,26.527832035790933,1
VEN-00525,4,0,0,67.33767524728378,0
VEN-00526,0,0,0,70.51523682212554,1
VEN-00527,2,0,1,25.751869312825157,0
VEN-00528,0,0,0,158.16865402755883,2
VEN-00529,3,0,1,125.02751974352638,0
VEN-00530,4,0,0,61.37991757756932,1
VEN-00531,3,1,0,66.0255800393934,1
VEN-00532,2,1,0,20.48269793565573,0
VEN-00533,1,1,0,44.27070210127199,2
VEN-00534,3,0,2,132.86782167921737,2
VEN-00535,4,0,0,29.24601077814405,0
VEN-00536,5,0,0,78.20926192566674,3
VEN-00537,5,2,0,169.66117875073977,2
VEN-00538,2,1,1,38.69664672859609,0
VEN-00539,3,1,0,89.36184713348534,1
VEN-00540,4,0,0,88.25065975932861,1
VEN-00541,4,2,1,34.55332474266435,0
VEN-00542,3,2,0,124.25806254831086,0
VEN-00543,1,0,0,110.18891850154723,0
VEN-00544,0,0,1,130.02830123298284,0
VEN-00545,2,1,0,132.42797569255768,1
VEN-00546,5,3,0,45.7791134325534,0
VEN-00547,5,1,0,51.45415600807967,0
VEN-00548,0,0,0,100.77995518874414,4
VEN-00549,7,1,0,38.74731463930752,0
VEN-00550,2,0,3,32.402926866971825,1
VEN-00551,1,0,1,113.6120695833052,1
VEN-00552,2,0,0,166.312539368579,0
VEN-00553,4,1,0,94.30466706815844,0
VEN-00554,5,0,0,20.226320238551704,1
VEN-00555,6,2,0,146.24998143255013,1
VEN-00556,4,1,0,55.35936942150345,1
VEN-00557,2,1,0,74.88652555798141,0
VEN-00558,2,0,0,137.3492980709514,0
VEN-00559,4,1,0,82.62878114843346,1
VEN-00560,4,2,0,135.17988687853145,0
VEN-00561,5,1,1,49.55077729387928,0
VEN-00562,0,0,0,38.05240816181081,0
VEN-00563,1,0,1,52.69590224207696,0
VEN-00564,3,3,0,36.664315700239136,0
VEN-00565,5,3,1,78.74748434542083,1
VEN-00566,2,0,0,69.547679020641,1
VEN-00567,5,4,0,79.53594370722007,2
VEN-00568,3,1,1,26.65523341029788,2
VEN-00569,0,0,1,70.5104238639524,0
VEN-00570,2,1,0,45.392671751604745,1
VEN-00571,3,0,1,170.67798606733234,0
VEN-00572,7,3,0,55.076011887866834,0
VEN-00573,1,1,0,122.34790646218796,1
VEN-00574,3,1,1,92.64094451844036,2
VEN-00575,6,1,1,113.05439945767962,1
VEN-00576,3,0,0,48.31367310096719,0
VEN-00577,3,0,1,31.626467051992687,1
VEN-00578,2,1,0,56.75364866753756,0
VEN-00579,3,0,0,68.73444637468091,0
VEN-00580,2,0,0,60.50638655292036,1
VEN-00581,2,0,0,70.5785895452479,1
VEN-00582,2,0,0,85.19977070710347,0
VEN-00583,2,1,0,26.168527883589864,1
VEN-00584,5,2,1,132.4798424086953,2
VEN-00585,2,1,0,82.12494871674097,0
VEN-00586,3,1,0,62.2101771851215,0
VEN-00587,3,0,1,15.013707849685469,0
VEN-00588,2,1,0,193.1873090992226,2
VEN-00589,1,0,1,118.68571754430326,1
VEN-00590,1,0,0,67.63043313821333,1
VEN-00591,5,1,0,86.4285367118252,0
VEN-00592,5,3,1,44.962811679004496,1
VEN-00593,0,0,0,39.00684671171012,0
VEN-00594,2,0,0,153.25478515176883,0
VEN-00595,3,1,0,94.58634782503576,0
VEN-00596,3,1,0,153.74039687929078,3
VEN-00597,3,1,1,57.71063772469618,0
VEN-00598,4,0,1,60.29501897074287,1
VEN-00599,0,0,0,53.48703374798903,0
VEN-00600,2,1,0,134.10516190598597,0
VEN-00601,3,0,0,119.18813729535604,0
VEN-00602,4,1,1,107.697327439321,0
VEN-00603,0,0,1,51.69939026607326,2
VEN-00604,1,0,0,35.18006641017792,0
VEN-00605,6,2,0,34.93257760806001,1
VEN-00606,2,0,0,153.89098201590392,2
VEN-00607,2,1,1,124.03035794845016,1
VEN-00608,4,0,0,80.2185291419178,0
VEN-00609,2,0,0,19.90952237009253,3
VEN-00610,1,0,1,45.59718280014263,2
VEN-00611,4,0,0,37.08978387734219,1
VEN-00612,8,2,0,50.83882130432277,0
VEN-00613,1,0,0,67.85580804104868,2
VEN-00614,4,2,0,132.90075639951888,0
VEN-00615,3,2,0,74.6055373566357,0
VEN-00616,2,2,0,107.54204623033564,1
VEN-00617,3,1,0,66.54393821233606,0
VEN-00618,2,0,0,52.86731647007549,2
VEN-00619,4,1,1,50.29632377054077,0
VEN-00620,3,0,1,76.43581783866522,0
VEN-00621,0,0,0,145.81202798780365,0
VEN-00622,4,2,1,65.26442926533676,0
VEN-00623,0,0,0,56.35948748931495,0
VEN-00624,3,3,0,179.3367626331372,1
VEN-00625,3,1,2,28.86604567855217,2
VEN-00626,2,0,0,43.86438590490559,1
VEN-00627,2,0,0,54.9529779520848,0
VEN-00628,8,2,0,106.03498928033548,0
VEN-00629,2,1,0,96.87468888591314,0
VEN-00630,2,0,1,34.052974455987666,1
VEN-00631,3,1,0,68.71179246532917,0
VEN-00632,3,0,0,135.0640429532411,1
VEN-00633,3,3,1,47.27926706752439,0
VEN-00634,4,0,0,104.64944773339236,0
VEN-00635,3,0,0,112.99548810958002,2
VEN-00636,2,0,0,45.39667391316373,0
VEN-00637,0,0,0,61.03232516919797,0
VEN-00638,1,0,0,71.09695324649307,0
VEN-00639,3,0,0,28.782788815152053,2
VEN-00640,4,2,0,101.0862737460774,0
VEN-00641,0,0,0,87.84814774423151,0
VEN-00642,4,2,1,31.500306603171925,0
VEN-00643,4,2,0,41.8837941668783,0
VEN-00644,3,0,0,68.24329980174649,1
VEN-00645,2,0,0,19.259264596372407,1
VEN-00646,6,3,0,108.94596039164024,0
VEN-00647,2,1,0,232.77273031339996,0
VEN-00648,3,0,0,90.28412764867475,0
VEN-00649,4,1,0,150.23623401043585,1
VEN-00650,2,1,0,94.0564257373687,0
VEN-00651,2,1,0,26.64390818697686,0
VEN-00652,5,2,0,48.35651441045518,1
VEN-00653,3,1,1,149.2401610970024,2
VEN-00654,0,0,0,67.97786932442634,0
VEN-00655,4,0,0,115.15821953636498,1
VEN-00656,1,0,0,66.171408676461,1
VEN-00657,3,0,1,39.84058682731808,0
VEN-00658,3,0,1,97.64658311157385,1
VEN-00659,5,1,0,80.33837642884784,0
VEN-00660,0,0,1,151.36900032179352,0
VEN-00661,2,0,2,67.8805379412397,0
VEN-00662,5,1,0,35.90848134605393,1
VEN-00663,4,0,0,40.9104286652514,0
VEN-00664,4,1,0,49.57170624239888,0
VEN-00665,6,3,0,57.77858779951086,1
VEN-00666,2,1,2,141.2215275968724,1
VEN-00667,1,0,0,87.02652285702773,0
VEN-00668,2,0,1,76.99285366912771,1
VEN-00669,4,1,0,81.95454383053612,1
VEN-00670,3,0,0,30.78958042553611,0
VEN-00671,2,1,0,61.24351705453682,0
VEN-00672,1,0,0,69.56222070506331,0
VEN-00673,4,0,0,190.14361397529112,0
VEN-00674,2,0,0,43.31284753114646,1
VEN-00675,4,0,0,25.805858066244244,1
VEN-00676,1,1,0,154.48286694729987,0
VEN-00677,4,0,0,20.588649645069776,1
VEN-00678,1,0,1,53.069957943032136,0
VEN-00679,3,1,0,65.55582283603853,1
VEN-00680,3,1,1,68.40473236980397,1
VEN-00681,1,1,1,68.35192003573908,0
VEN-00682,0,0,0,59.96528526801624,0
VEN-00683,5,2,0,73.26460247300103,0
VEN-00684,0,0,0,145.54371326079993,0
VEN-00685,6,1,1,66.84058955390441,1
VEN-00686,4,0,1,78.31221378915197,1
VEN-00687,4,0,0,16.118723839297424,1
VEN-00688,4,1,0,58.87926897751245,0
VEN-00689,5,1,1,112.11890638406317,1
VEN-00690,2,0,0,184.679904976843,1
VEN-00691,0,0,0,56.24925977304292,1
VEN-00692,2,1,0,55.46449126010501,0
VEN-00693,2,0,1,55.036608574354965,0
VEN-00694,3,1,1,35.83240481331792,0
VEN-00695,3,1,0,52.84185994984262,2
VEN-00696,2,2,0,60.5843485837998,0
VEN-00697,2,1,0,60.357490405958096,0
VEN-00698,3,1,0,36.61719366488034,0
VEN-00699,3,0,0,17.28514785606488,0
VEN-00700,3,2,1,18.47018229859008,1
VEN-00701,2,0,0,66.39398617497392,1
VEN-00702,3,0,0,28.977948130792747,1
VEN-00703,3,2,1,14.222359218355008,1
VEN-00704,3,0,1,44.72509766915143,0
VEN-00705,3,1,0,35.218207190227986,0
VEN-00706,5,0,1,64.14555678535834,1
VEN-00707,5,4,0,14.818886468716917,2
VEN-00708,1,0,1,9.02711668058313,0
VEN-00709,4,2,0,60.10254988369892,1
VEN-00710,5,1,1,37.84443777677286,0
VEN-00711,3,3,0,244.21223843424625,0
VEN-00712,5,1,0,74.81343635500939,2
VEN-00713,0,0,0,77.9555712563876,0
VEN-00714,2,0,0,69.28234343004429,0
VEN-00715,2,1,2,67.05925770940077,0
VEN-00716,3,0,1,52.80911043067145,0
VEN-00717,2,0,0,48.872197293557065,0
VEN-00718,4,1,1,32.100838312187285,0
VEN-00719,5,1,0,60.218720824179314,1
VEN-00720,5,1,0,54.27390549227545,1
VEN-00721,1,1,1,45.78428845619236,0
VEN-00722,2,0,0,76.94392381000469,0
VEN-00723,3,0,0,68.55799174625501,1
VEN-00724,6,2,0,25.354387721227937,1
VEN-00725,2,1,1,62.91167380199983,2
VEN-00726,4,1,1,43.41448871163016,0
VEN-00727,1,0,0,83.59606113458338,1
VEN-00728,2,1,0,128.3098718350135,0
VEN-00729,1,0,0,62.677745214530944,2
VEN-00730,4,2,3,35.04991829160316,1
VEN-00731,4,0,2,141.18029837161836,0
VEN-00732,1,0,0,129.0305842522528,1
VEN-00733,4,2,0,82.18170854230256,0
VEN-00734,6,1,0,27.55648569341709,1
VEN-00735,6,2,0,66.87840482937008,0
VEN-00736,4,1,2,18.49521933074777,0
VEN-00737,3,1,0,76.48710918089658,2
VEN-00738,3,0,1,116.93505770476123,0
VEN-00739,1,0,1,58.21369540185091,0
VEN-00740,1,1,1,31.81582567976995,1
VEN-00741,6,2,2,40.22486810373883,0
VEN-00742,4,3,0,130.77983053419317,0
VEN-00743,4,1,0,26.281655881254856,0
VEN-00744,2,1,0,38.255475971960514,2
VEN-00745,4,1,1,141.2093596377583,1
VEN-00746,2,1,1,53.87926894737211,0
VEN-00747,0,0,0,59.79402565081048,0
VEN-00748,4,1,0,51.0164372269758,1
VEN-00749,1,0,0,30.717047497164412,0
VEN-00750,0,0,0,22.46700208268897,0
VEN-00751,4,0,0,62.79932138688668,2
VEN-00752,2,2,0,156.5256629226249,1
VEN-00753,4,2,0,26.236312775631717,1
VEN-00754,3,0,0,35.832949157187585,0
VEN-00755,2,1,0,177.13138382251543,1
VEN-00756,1,1,0,90.00422072324358,1
VEN-00757,4,1,1,204.80593932187992,1
VEN-00758,1,0,0,105.71591009980206,0
VEN-00759,4,0,0,150.06548106373387,3
VEN-00760,2,0,1,121.10858586773546,0
VEN-00761,1,0,0,42.860571262569216,0
VEN-00762,3,1,0,75.94756927196465,0
VEN-00763,2,0,0,50.59172967659758,1
VEN-00764,3,1,0,94.67260163760164,0
VEN-00765,1,0,1,90.82004809044808,0
VEN-00766,3,0,1,69.07391250804532,0
VEN-00767,3,1,0,59.48713810765162,0
VEN-00768,6,2,0,65.89956745264395,0
VEN-00769,2,1,0,73.73888144376309,1
VEN-00770,3,2,2,82.68585539811633,0
VEN-00771,4,1,1,60.24117091270357,0
VEN-00772,3,1,1,53.33480207870691,2
VEN-00773,5,1,0,121.44491045381008,0
VEN-00774,4,1,0,92.57579878496934,1
VEN-00775,4,0,0,31.04937690201557,2
VEN-00776,1,0,0,35.0312436005983,4
VEN-00777,1,0,0,78.03417588513942,1
VEN-00778,3,1,2,48.71676597414124,0
VEN-00779,2,2,0,73.25841466029136,1
VEN-00780,2,0,0,30.610041702380297,1
VEN-00781,5,1,1,37.201581176922936,0
VEN-00782,2,1,0,83.9186475787907,0
VEN-00783,3,1,0,96.459190593885,1
VEN-00784,1,0,1,55.840484795149685,0
VEN-00785,2,0,1,33.05688563458368,0
VEN-00786,3,0,0,34.47232731245549,0
VEN-00787,1,1,0,44.5835565066232,0
VEN-00788,3,0,0,34.195754283634216,1
VEN-00789,3,1,1,47.37284617621414,1
VEN-00790,5,1,0,116.77694243426544,1
VEN-00791,5,1,1,92.76316382424277,0
VEN-00792,3,1,0,13.088856243247609,0
VEN-00793,1,1,1,91.95624280207008,1
VEN-00794,3,0,1,56.19719050772236,0
VEN-00795,3,0,0,82.84788391687677,1
VEN-00796,2,1,0,68.40312340504671,0
VEN-00797,1,0,0,149.0758349780376,0
VEN-00798,2,0,0,142.1763383055863,1
VEN-00799,4,1,0,38.49209069792393,0
VEN-00800,2,0,1,116.41236515262185,4
VEN-00801,2,1,0,38.50135044557448,2
VEN-00802,3,1,1,24.995298164238736,0
VEN-00803,1,0,0,83.20224786219546,1
VEN-00804,3,3,0,128.0046855153109,0
VEN-00805,3,0,0,175.99255089864457,1
VEN-00806,2,2,2,26.99462400209184,1
VEN-00807,0,0,1,88.7707863393342,1
VEN-00808,3,2,0,122.6272301009443,0
VEN-00809,3,0,2,119.4000459402792,0
VEN-00810,5,1,1,250.11057085731343,1
VEN-00811,5,1,0,62.33760542270887,1
VEN-00812,5,1,1,22.52091109370298,0
VEN-00813,2,1,0,51.00969868037077,0
VEN-00814,1,0,1,80.85928330282937,2
VEN-00815,2,0,1,60.890990824474336,1
VEN-00816,2,0,0,61.76713986949233,1
VEN-00817,6,1,1,139.38393086069522,2
VEN-00818,3,2,0,125.99681549473983,1
VEN-00819,3,0,0,90.18087515692794,0
VEN-00820,5,4,0,200.90188675688464,0
VEN-00821,2,0,1,31.817588031465824,0
VEN-00822,2,0,1,65.96663608546122,1
VEN-00823,5,3,1,87.51066340433223,0
VEN-00824,2,1,0,91.94476859325457,0
VEN-00825,2,0,1,32.676075261625,1
VEN-00826,2,2,1,36.01708618610536,1
VEN-00827,2,0,0,86.34454816533771,0
VEN-00828,3,0,0,56.77753409196736,2
VEN-00829,5,3,1,58.63931018936,1
VEN-00830,5,0,0,80.1237282152905,1
VEN-00831,2,0,0,62.396853408785,1
VEN-00832,2,1,0,37.61471561242263,1
VEN-00833,2,1,0,117.03161578018634,0
VEN-00834,4,0,0,89.41397865299082,1
VEN-00835,3,2,0,21.417617372973307,1
VEN-00836,5,1,1,193.75638637782143,0
VEN-00837,3,3,0,89.3503286127439,0
VEN-00838,2,2,0,31.85955021910413,1
VEN-00839,7,2,0,38.90650428589864,1
VEN-00840,2,1,0,97.87541224678556,2
VEN-00841,2,1,1,67.31089076793239,0
VEN-00842,2,1,0,169.20632160519168,0
VEN-00843,4,0,1,55.449406898008526,1
VEN-00844,4,2,1,79.54160208902105,0
VEN-00845,4,1,1,120.59100877303732,0
VEN-00846,2,0,0,46.162071487215,1
VEN-00847,4,0,1,46.18956945435809,0
VEN-00848,2,1,0,175.48004760548676,0
VEN-00849,3,2,0,63.30207958875829,1
VEN-00850,4,0,0,106.49894303572864,0
VEN-00851,1,0,0,38.61280497496266,0
VEN-00852,3,0,0,56.86124040165256,0
VEN-00853,3,0,0,80.20459628484991,0
VEN-00854,2,0,0,46.497603876870606,0
VEN-00855,5,0,2,57.98958290434073,1
VEN-00856,1,0,0,53.6960736006562,1
VEN-00857,0,0,0,81.57456434992041,0
VEN-00858,5,0,0,105.46883376430434,0
VEN-00859,0,0,1,118.77799727618456,1
VEN-00860,2,0,1,69.81692955412933,0
VEN-00861,0,0,2,27.53896931787525,1
VEN-00862,2,1,1,123.77254357796603,1
VEN-00863,4,1,0,162.97064058339578,2
VEN-00864,3,1,1,40.94502956340907,1
VEN-00865,2,1,1,63.79300803691744,1
VEN-00866,5,1,0,48.82334506931079,2
VEN-00867,4,0,0,56.0579899616517,0
VEN-00868,5,1,0,140.4924980001963,1
VEN-00869,1,0,0,144.68811388050264,1
VEN-00870,4,1,0,177.22290501557367,1
VEN-00871,3,0,0,31.569127022244174,0
VEN-00872,1,0,0,124.45184776121776,0
VEN-00873,3,0,1,22.197716767319257,0
VEN-00874,0,0,0,80.74290081394356,0
VEN-00875,2,0,0,123.48839282215133,0
VEN-00876,1,1,0,44.92682330848783,0
VEN-00877,2,2,0,62.04683459684207,0
VEN-00878,4,1,1,31.000866504430533,2
VEN-00879,6,2,0,26.959039108790748,0
VEN-00880,3,0,0,143.5091343257735,2
VEN-00881,0,0,0,35.090020587447505,0
VEN-00882,5,1,0,130.1067979634469,1
VEN-00883,2,1,0,51.44087314208544,2
VEN-00884,0,0,0,73.78499532995477,0
VEN-00885,2,0,0,97.8977213667769,0
VEN-00886,3,3,0,88.77562494969088,1
VEN-00887,3,2,0,77.69951959010945,0
VEN-00888,1,0,0,40.87813934344878,0
VEN-00889,2,1,0,115.27655334491484,0
VEN-00890,4,1,0,25.85744000833692,0
VEN-00891,2,0,1,164.30455509442012,1
VEN-00892,3,1,0,87.28890337322008,1
VEN-00893,1,0,0,63.62797404031309,1
VEN-00894,2,0,3,77.09867436123714,2
VEN-00895,3,0,1,73.027874197866,2
VEN-00896,4,1,0,71.3693531415995,1
VEN-00897,1,1,0,65.51939952110364,0
VEN-00898,5,0,0,39.93015507675502,0
VEN-00899,1,0,0,62.61538377515729,1
VEN-00900,3,2,0,85.46743551317509,0
VEN-00901,3,2,0,116.15102621225266,0
VEN-00902,4,1,1,112.66073255854596,0
VEN-00903,4,0,0,24.81731692765687,0
VEN-00904,4,0,0,73.1814866757821,0
VEN-00905,0,0,1,65.80964064907708,1
VEN-00906,3,1,0,37.235419630275736,3
VEN-00907,0,0,0,77.51269511909902,0
VEN-00908,2,0,0,42.7104520843223,2
VEN-00909,1,1,1,62.34350609548078,1
VEN-00910,3,0,0,114.74842666240984,0
VEN-00911,4,1,0,42.27385605999658,1
VEN-00912,5,2,0,63.38830388250796,1
VEN-00913,3,2,1,83.35734489491318,0
VEN-00914,2,1,0,111.86564783738946,0
VEN-00915,3,2,0,64.95985944512915,1
VEN-00916,1,0,0,46.10918200796121,0
VEN-00917,1,0,0,95.6667803508353,0
VEN-00918,3,0,1,67.75895217569885,1
VEN-00919,1,0,0,47.96727397686443,1
VEN-00920,3,1,0,95.35526100465265,1
VEN-00921,4,3,1,93.96396580358451,1
VEN-00922,2,0,1,66.91917398085744,0
VEN-00923,1,1,0,74.46511819527623,1
VEN-00924,5,1,0,18.301790130207245,0
VEN-00925,2,0,5,43.73177285077771,2
VEN-00926,3,0,1,74.48650216375498,1
VEN-00927,5,1,0,43.68019449138719,0
VEN-00928,3,2,1,78.49529250846827,0
VEN-00929,3,2,0,75.34198570303391,1
VEN-00930,0,0,1,105.7961200471649,0
VEN-00931,1,1,0,50.26222978926864,1
VEN-00932,0,0,0,5.581729598104299,0
VEN-00933,2,1,0,60.80818464009592,0
VEN-00934,1,0,1,34.53311846559866,0
VEN-00935,2,1,1,81.15001201294685,0
VEN-00936,3,0,1,57.11131957808361,0
VEN-00937,0,0,0,111.5027257129999,1
VEN-00938,5,0,1,77.05837042377557,2
VEN-00939,2,1,1,131.50329669237505,0
VEN-00940,4,1,2,66.08578393134913,0
VEN-00941,4,1,0,156.11551394584072,0
VEN-00942,2,0,0,19.98819075541664,1
VEN-00943,8,4,1,44.2347269988869,0
VEN-00944,3,1,1,53.98592125305284,1
VEN-00945,5,1,0,44.631167509938976,1
VEN-00946,0,0,2,20.050015019930527,0
VEN-00947,2,2,0,105.1479415613685,4
VEN-00948,3,0,0,93.80109702856342,0
VEN-00949,2,2,1,61.663191027859575,1
VEN-00950,1,1,0,79.02544419653151,1
VEN-00951,1,1,0,39.47694876296117,0
VEN-00952,3,2,0,85.08522470738798,0
VEN-00953,2,0,2,118.2505237945362,0
VEN-00954,4,0,2,19.23133802131994,0
VEN-00955,3,0,0,74.17405449994341,0
VEN-00956,5,1,0,70.41069408442405,0
VEN-00957,7,0,2,139.11074593211328,0
VEN-00958,0,0,0,179.03427213167123,0
VEN-00959,4,1,0,44.002949397940114,0
VEN-00960,5,1,1,61.533496587941855,0
VEN-00961,4,2,1,115.1337744975844,0
VEN-00962,2,0,0,36.53598258173024,0
VEN-00963,2,0,0,78.28769635666228,2
VEN-00964,2,1,1,188.0150086875479,1
VEN-00965,3,0,0,77.45441160313698,2
VEN-00966,3,1,1,71.74775811553576,0
VEN-00967,4,1,0,84.89826320127334,1
VEN-00968,6,2,0,74.88587989444717,0
VEN-00969,3,2,0,26.79907353934464,0
VEN-00970,0,0,0,58.14054558153837,0
VEN-00971,2,0,0,30.105986101317846,0
VEN-00972,2,0,0,37.339225857581305,0
VEN-00973,0,0,0,76.0281772783163,1
VEN-00974,4,0,1,137.13346879123338,1
VEN-00975,2,0,2,42.31051203650944,0
VEN-00976,5,3,0,56.6247727866548,0
VEN-00977,1,0,0,31.041860144572244,2
VEN-00978,1,0,0,66.21623876566015,1
VEN-00979,1,0,0,53.79127786579869,1
VEN-00980,4,2,0,60.99824217745412,1
VEN-00981,5,0,0,88.94738755815935,0
VEN-00982,4,3,0,20.00206907177315,0
VEN-00983,1,0,1,91.45910338547554,1
VEN-00984,2,0,1,131.74292011615424,1
VEN-00985,0,0,0,135.66816476315643,1
VEN-00986,4,0,0,104.1279704536082,0
VEN-00987,4,1,0,165.08076875216824,1
VEN-00988,1,0,1,108.19668731077658,0
VEN-00989,1,1,0,74.2773679401257,0
VEN-00990,1,1,0,65.18006387095191,0
VEN-00991,3,1,0,109.80219862695284,0
VEN-00992,2,0,1,87.95282320075606,0
VEN-00993,1,0,2,19.280638160701447,0
VEN-00994,1,0,0,58.37981563748364,0
VEN-00995,3,0,1,16.65813973530105,1
VEN-00996,5,2,0,18.95460055143382,1
VEN-00997,1,1,1,118.37959193564777,1
VEN-00998,1,0,0,84.48584246104245,0
VEN-00999,2,2,4,110.51498246283458,0
VEN-01000,3,2,0,126.02295213642608,0
VEN-01001,4,0,0,78.30267685900021,1
VEN-01002,1,0,0,70.68412367509124,1
VEN-01003,3,2,2,31.73759949102614,0
VEN-01004,1,0,0,40.022932985357,0
VEN-01005,1,0,0,82.7759528015301,1
VEN-01006,2,1,0,35.386489411475225,1
VEN-01007,5,1,0,117.0088828151157,3
VEN-01008,3,0,1,69.18689125442971,0
VEN-01009,3,3,0,25.15186483433289,0
VEN-01010,3,2,0,84.3363249000117,3
VEN-01011,5,1,0,28.566142938261347,1
VEN-01012,1,0,0,102.97357439084504,0
VEN-01013,1,0,0,45.13368068986348,0
VEN-01014,5,1,1,50.245634699963546,1
VEN-01015,3,1,0,104.1439628324166,1
VEN-01016,4,1,0,67.65547027806353,0
VEN-01017,5,1,2,84.6584430738785,1
VEN-01018,6,2,0,44.32172297139219,1
VEN-01019,2,1,0,118.95222074296667,1
VEN-01020,1,0,2,91.65010809061263,1
VEN-01021,2,0,0,115.21968852071976,1
VEN-01022,1,0,1,85.82518650270292,2
VEN-01023,2,0,0,102.51838504110108,0
VEN-01024,4,2,1,26.91249877571664,1
VEN-01025,0,0,0,44.4724448001475,0
VEN-01026,3,0,0,92.5973564585208,0
VEN-01027,2,0,1,69.62970055689199,0
VEN-01028,1,1,0,135.7382445738393,0
VEN-01029,4,3,0,87.26908560776852,0
VEN-01030,2,1,2,46.731270303294224,0
VEN-01031,2,0,0,47.16667885495339,0
VEN-01032,2,1,2,78.34652642611888,0
VEN-01033,2,0,1,96.62537500281915,2
VEN-01034,1,0,0,75.62878621886061,0
VEN-01035,2,1,0,46.356751973890674,0
VEN-01036,3,0,0,68.27079341840505,0
VEN-01037,1,0,1,18.36166367123332,0
VEN-01038,2,1,1,70.31345944412617,0
VEN-01039,1,0,0,97.9431551573566,0
VEN-01040,3,0,0,62.90420144106192,0
VEN-01041,2,0,0,53.007884180079,2
VEN-01042,6,3,1,69.14746717277643,1
VEN-01043,3,1,0,130.38557576082928,0
VEN-01044,3,1,0,68.93831471261794,0
VEN-01045,3,1,0,79.57684868703741,1
VEN-01046,4,0,0,61.6763333184511,1
VEN-01047,2,0,0,41.5186134307636,0
VEN-01048,2,0,1,89.2689675780712,2
VEN-01049,0,0,2,43.00872542289558,0
VEN-01050,1,0,1,46.14097332973604,1
VEN-01051,0,0,0,110.73352364638473,3
VEN-01052,7,2,0,139.51535570235433,1
VEN-01053,4,2,1,126.35873851594086,0
VEN-01054,0,0,0,31.02078540497661,1
VEN-01055,1,0,0,81.14060315239621,2
VEN-01056,3,1,0,59.14076079417673,1
VEN-01057,2,2,1,35.71939781822428,0
VEN-01058,2,2,1,37.78096263422052,0
VEN-01059,2,2,0,91.3631655776168,1
VEN-01060,3,1,3,71.56628319348407,1
VEN-01061,2,0,1,53.997374651202776,1
VEN-01062,6,5,1,45.40701012859769,2
VEN-01063,6,1,2,64.67787367871085,0
VEN-01064,4,0,0,66.34986408229967,1
VEN-01065,3,2,0,64.95193682809884,1
VEN-01066,3,0,0,37.56714921399462,0
VEN-01067,3,0,0,30.64913463258512,0
VEN-01068,0,0,0,150.5314458628833,0
VEN-01069,7,3,0,67.49591189399587,2
VEN-01070,4,2,0,57.19985539617797,0
VEN-01071,2,2,0,44.611964726169056,1
VEN-01072,1,0,1,157.6765030398178,0
VEN-01073,1,0,0,71.82067787366175,0
VEN-01074,3,1,1,35.17632231350318,0
VEN-01075,2,1,1,65.5845442856614,1
VEN-01076,3,1,1,77.59306518376651,1
VEN-01077,1,1,0,60.05681431057791,0
VEN-01078,3,1,1,167.32909113860427,0
VEN-01079,3,1,0,32.49820924112907,1
VEN-01080,6,0,0,157.69341976232798,0
VEN-01081,5,0,0,68.12710446426291,1
VEN-01082,2,0,0,70.40696313058395,0
VEN-01083,4,1,0,50.1742041470029,1
VEN-01084,2,2,0,63.138541025303184,0
VEN-01085,2,1,0,34.132904197725495,1
VEN-01086,2,0,0,125.45996651562037,0
VEN-01087,2,0,1,90.39012460161608,2
VEN-01088,4,1,0,92.63204605332866,1
VEN-01089,2,0,0,54.73136448999966,0
VEN-01090,1,1,1,64.76060508805976,0
VEN-01091,4,0,0,18.50005095135947,1
VEN-01092,1,1,1,64.50897945847076,1
VEN-01093,1,1,2,239.8502108817674,1
VEN-01094,2,0,0,27.576839846108232,0
VEN-01095,4,1,0,62.58154151891959,1
VEN-01096,3,2,1,139.7346803859366,2
VEN-01097,2,0,0,102.4967404305106,1
VEN-01098,4,0,0,90.14125041210085,0
VEN-01099,3,0,1,75.28889938795115,0
VEN-01100,6,5,0,255.89609601638705,0
VEN-01101,2,0,0,81.17902069810924,1
VEN-01102,3,0,0,56.68114190911633,0
VEN-01103,0,0,2,84.09620154674079,1
VEN-01104,2,1,0,129.91717800334715,0
VEN-01105,3,1,2,54.66798798556391,1
VEN-01106,3,1,0,94.40529428531607,2
VEN-01107,1,0,1,25.24289890440104,0
VEN-01108,2,0,0,137.86548454676213,2
VEN-01109,3,1,0,65.5035853206897,1
VEN-01110,0,0,1,87.57493969315193,0
VEN-01111,3,0,1,34.87083278571027,2
VEN-01112,2,0,1,63.361672741130974,1
VEN-01113,3,0,0,126.70228904144072,2
VEN-01114,2,1,0,46.19248886322083,1
VEN-01115,6,2,1,172.93751907271755,0
VEN-01116,1,0,0,43.83925983692855,0
VEN-01117,2,0,1,74.06381049851338,0
VEN-01118,4,1,0,126.9898526125375,1
VEN-01119,1,1,2,17.686399412043812,0
VEN-01120,1,1,0,60.81945205329323,0
VEN-01121,1,0,1,75.70953636839698,1
VEN-01122,5,2,0,186.0061067247102,2
VEN-01123,6,2,0,25.286859458162755,1
VEN-01124,2,0,0,73.31961003901468,0
VEN-01125,6,3,2,136.7287167478413,0
VEN-01126,2,0,0,44.72595363987074,0
VEN-01127,3,0,0,92.09819981686069,1
VEN-01128,5,4,0,58.80982737680374,0
VEN-01129,7,2,0,109.32146862916832,1
VEN-01130,0,0,1,146.12186756992676,0
VEN-01131,1,0,0,96.29925191808202,0
VEN-01132,0,0,0,68.34858414120816,0
VEN-01133,5,2,0,115.56511299159948,0
VEN-01134,3,0,1,23.655926860294343,0
VEN-01135,2,1,0,67.7869220607787,3
VEN-01136,4,2,0,128.15182575688425,0
VEN-01137,2,2,0,92.48082841815022,0
VEN-01138,2,0,1,55.48841824994446,0
VEN-01139,1,0,0,51.20509661383303,0
VEN-01140,1,1,1,97.83784831797104,0
VEN-01141,4,0,1,235.06801214980527,3
VEN-01142,2,0,1,31.24758364840497,0
VEN-01143,2,1,0,23.175177957698438,1
VEN-01144,4,2,1,121.2444240606259,1
VEN-01145,1,0,0,73.55242078790582,1
VEN-01146,4,1,1,60.518781007695466,3
VEN-01147,1,0,0,64.82252889319956,0
VEN-01148,2,2,0,88.21431553566856,0
VEN-01149,4,2,2,50.16489728907533,1
VEN-01150,2,0,0,90.86364277362507,1
VEN-01151,0,0,0,114.46693860361866,0
VEN-01152,0,0,0,105.2733900758832,1
VEN-01153,3,0,0,41.2082178590923,0
VEN-01154,2,0,0,220.990011362393,1
VEN-01155,4,1,0,79.32507393995832,0
VEN-01156,1,0,0,35.36265305638311,1
VEN-01157,6,3,0,73.74996907944096,2
VEN-01158,3,1,0,75.11410575714883,0
VEN-01159,4,2,2,79.74214381270887,1
VEN-01160,1,1,0,24.21206206045751,2
VEN-01161,1,0,0,79.12304111174889,0
VEN-01162,4,0,1,21.883243581178377,1
VEN-01163,5,1,0,20.055373910139707,0
VEN-01164,1,0,1,103.54383195214751,1
VEN-01165,1,0,0,148.6459967043731,2
VEN-01166,3,2,0,28.95820905620885,1
VEN-01167,2,1,0,80.28445852991898,1
VEN-01168,1,0,1,101.75770639032729,0
VEN-01169,0,0,1,173.36621032371335,0
VEN-01170,0,0,3,152.43019064723188,1
VEN-01171,1,1,0,48.39218097820374,0
VEN-01172,1,0,1,18.342164578188047,1
VEN-01173,4,1,1,78.29303391719796,1
VEN-01174,6,3,0,140.48817073377242,0
VEN-01175,3,1,0,59.26491361490072,0
VEN-01176,4,1,1,62.96495740987085,0
VEN-01177,1,0,0,90.48637219131746,0
VEN-01178,4,2,2,202.70974376666936,3
VEN-01179,5,2,2,38.67421164989141,1
VEN-01180,3,1,0,101.59055159925958,1
VEN-01181,3,0,0,100.82558501014996,1
VEN-01182,6,4,0,55.30545129928548,1
VEN-01183,5,2,1,73.24385770268935,0
VEN-01184,5,1,0,52.80589790802612,1
VEN-01185,5,1,0,128.88673897826806,1
VEN-01186,4,2,0,129.70417475619024,0
VEN-01187,2,0,0,66.09002997345567,0
VEN-01188,2,1,2,65.63989546094518,0
VEN-01189,1,1,0,82.76592524441743,1
VEN-01190,3,2,0,46.3313955951707,1
VEN-01191,3,2,4,86.59471503143097,1
VEN-01192,3,2,1,40.04953494068993,0
VEN-01193,1,0,1,82.35603752386501,0
VEN-01194,1,0,0,33.70720867570053,0
VEN-01195,2,0,0,31.812940770797525,1
VEN-01196,7,1,0,104.96976179987776,3
VEN-01197,1,0,1,20.029596176992992,0
VEN-01198,2,0,2,65.34564337363466,0
VEN-01199,3,0,1,117.7269755207876,0
VEN-01200,2,0,1,72.30239591811156,3
VEN-01201,3,0,2,13.841494155837433,1
VEN-01202,0,0,0,43.51889468929346,1
VEN-01203,3,1,1,125.88390926416578,1
VEN-01204,3,0,0,40.44954610349527,1
VEN-01205,4,2,0,36.367569717907465,1
VEN-01206,3,0,0,52.08804980857003,1
VEN-01207,2,0,0,52.89101911653039,1
VEN-01208,2,0,0,86.15490933332106,1
VEN-01209,7,3,3,43.88751288854268,0
VEN-01210,4,2,0,61.25288104167952,0
VEN-01211,3,0,1,100.90250635185392,1
VEN-01212,4,1,1,105.38397621563162,0
VEN-01213,4,4,0,41.81361297020082,0
VEN-01214,1,1,0,136.12305528440442,3
VEN-01215,2,0,0,113.99176985289388,2
VEN-01216,3,1,1,66.12922122334973,0
VEN-01217,5,1,0,25.69683513487024,0
VEN-01218,1,0,0,103.76138744597571,1
VEN-01219,1,0,1,53.006874081349736,0
VEN-01220,5,1,0,104.21972929852312,0
VEN-01221,3,0,1,113.1950044870931,1
VEN-01222,4,0,0,140.72346349316987,3
VEN-01223,4,2,0,56.613742577974726,0
VEN-01224,0,0,0,13.593702048859308,0
VEN-01225,4,1,0,37.01984209138401,3
VEN-01226,1,0,1,32.088600496022785,0
VEN-01227,2,1,0,122.44723668233812,0
VEN-01228,1,0,0,208.11883768564027,2
VEN-01229,2,1,0,67.43209299016962,1
VEN-01230,3,0,0,120.76537146116308,2
VEN-01231,2,0,1,64.97797012743865,1
VEN-01232,3,1,1,50.97114708057745,0
VEN-01233,2,1,0,88.48699335110831,0
VEN-01234,2,2,0,100.91318701806256,1
VEN-01235,2,1,0,52.486144669723686,0
VEN-01236,4,0,0,110.11125888093672,0
VEN-01237,3,1,1,144.7317403337697,0
VEN-01238,5,0,0,153.94713378379828,1
VEN-01239,4,1,0,65.47950585503354,2
VEN-01240,1,0,0,48.21817931451365,2
VEN-01241,1,0,0,26.86672509319273,0
VEN-01242,1,0,0,181.36643511583765,0
VEN-01243,4,2,0,118.23378647706087,0
VEN-01244,4,0,0,164.87276094430513,1
VEN-01245,3,0,1,40.4083707611033,1
VEN-01246,2,0,0,146.03103897809973,1
VEN-01247,4,1,2,46.86138380765188,0
VEN-01248,0,0,0,56.1822067525568,2
VEN-01249,8,3,0,93.88365099958742,1
VEN-01250,3,1,1,85.88820338634227,0
VEN-01251,4,1,1,65.73985412623085,0
VEN-01252,5,0,1,78.95684653202805,0
VEN-01253,5,1,1,65.42401548771119,0
VEN-01254,0,0,0,49.44871867434749,0
VEN-01255,4,0,0,83.24439997954904,2
VEN-01256,6,2,0,148.50999696649782,0
VEN-01257,2,1,0,53.90938775166027,0
VEN-01258,2,0,0,30.981759463282764,1
VEN-01259,1,0,0,138.07824050790467,0
VEN-01260,1,0,0,11.792754991807824,0
VEN-01261,2,0,0,19.131552616903026,1
VEN-01262,4,0,1,87.20366257158906,0
VEN-01263,2,1,0,94.67710815986112,1
VEN-01264,4,2,2,49.80800620456733,2
VEN-01265,2,1,0,55.401849237895824,2
VEN-01266,1,0,0,81.61097422369042,0
VEN-01267,5,1,1,53.7616773731637,1
VEN-01268,6,4,1,90.36199436550064,1
VEN-01269,2,1,0,96.7122527763508,0
VEN-01270,4,3,0,56.83443116563037,0
VEN-01271,3,1,0,71.29880620940047,0
VEN-01272,0,0,1,81.27394138763273,3
VEN-01273,5,1,0,79.31861293224692,0
VEN-01274,3,0,0,95.0665829873366,0
VEN-01275,2,2,0,81.54976762421202,1
VEN-01276,2,1,0,163.43963495034805,1
VEN-01277,3,0,1,67.01874028679599,0
VEN-01278,4,2,1,80.75020069464172,1
VEN-01279,2,0,1,85.59105324905255,0
VEN-01280,7,2,1,88.62821561032236,0
VEN-01281,2,0,1,146.92791616044389,0
VEN-01282,0,0,0,65.13576537505972,0
VEN-01283,1,0,0,82.75413056327274,0
VEN-01284,2,0,1,54.35120492803623,2
VEN-01285,8,4,0,108.89830303706916,0
VEN-01286,3,2,0,38.3901761757828,2
VEN-01287,3,0,1,130.26217151470826,1
VEN-01288,1,0,0,63.0809472375006,0
VEN-01289,5,0,0,81.25481014950573,0
VEN-01290,2,1,0,149.7847668583931,0
VEN-01291,3,1,1,93.91860587786684,1
VEN-01292,1,0,1,115.52209379886776,2
VEN-01293,1,0,0,39.1774196665076,0
VEN-01294,2,0,0,28.092213442762223,2
VEN-01295,5,2,1,42.14964463470605,1
VEN-01296,4,4,0,68.08115267578556,0
VEN-01297,4,2,1,33.69391392289952,1
VEN-01298,4,2,1,45.53458191735254,1
VEN-01299,3,0,1,162.93082703612905,0
VEN-01300,4,0,1,141.2245009666045,1
VEN-01301,2,1,0,66.4973236161481,0
VEN-01302,2,1,0,140.10793838463906,0
VEN-01303,2,0,0,59.735757190468725,0
VEN-01304,6,2,0,92.54702338788115,1
VEN-01305,1,0,0,14.927387013910804,0
VEN-01306,5,1,0,51.586259595577175,0
VEN-01307,4,1,2,94.8379339636801,1
VEN-01308,1,0,0,153.56548079092389,1
VEN-01309,6,1,0,31.089870076960807,2
VEN-01310,2,2,0,102.9069189360725,2
VEN-01311,5,1,0,102.17118797135316,0
VEN-01312,2,1,0,32.05341447317397,1
VEN-01313,2,1,0,154.9179251774002,3
VEN-01314,0,0,0,47.78108052230588,2
VEN-01315,3,1,0,97.692120651453,0
VEN-01316,3,1,1,37.43028391186627,0
VEN-01317,3,1,0,50.47790091658929,1
VEN-01318,3,1,1,52.30029449430935,2
VEN-01319,3,1,1,89.59887487773828,0
VEN-01320,4,1,1,60.62619877859544,1
VEN-01321,1,0,0,100.93748145051708,1
VEN-01322,3,1,0,23.6891618482492,1
VEN-01323,2,0,0,104.20680646058668,2
VEN-01324,6,1,1,124.48342826596328,1
VEN-01325,6,1,0,67.96967024312573,3
VEN-01326,1,1,0,112.808781788306,1
VEN-01327,2,0,0,63.90907495862113,1
VEN-01328,0,0,1,41.95953964192476,0
VEN-01329,1,0,0,37.48304840400586,0
VEN-01330,3,1,0,149.3151653563279,0
VEN-01331,6,1,0,96.95405803484466,0
VEN-01332,3,1,0,227.6168023941583,0
VEN-01333,3,2,1,28.79852326761992,2
VEN-01334,4,1,1,104.643517945228,0
VEN-01335,6,2,0,277.4817594939097,1
VEN-01336,1,0,0,71.85044976081133,1
VEN-01337,5,2,3,75.53949443171572,0
VEN-01338,6,1,0,64.64547983728366,0
VEN-01339,1,0,1,166.20302592250823,0
VEN-01340,2,0,0,108.20082896804556,0
VEN-01341,4,1,0,27.580952479142017,0
VEN-01342,0,0,0,40.86107372351478,2
VEN-01343,1,1,1,88.92110474491062,0
VEN-01344,3,0,0,92.07398495404009,0
VEN-01345,4,2,1,63.8202773153578,0
VEN-01346,1,0,0,94.8589880696206,0
VEN-01347,1,1,2,100.45398195104748,1
VEN-01348,1,1,0,106.87504184360296,2
VEN-01349,1,1,1,101.00788455732012,1
VEN-01350,6,3,0,49.51445849541421,1
VEN-01351,1,1,0,124.3398866049938,0
VEN-01352,1,1,0,147.80628388800045,1
VEN-01353,3,0,0,100.19561767393576,1
VEN-01354,2,0,1,60.61148135972063,0
VEN-01355,2,1,0,54.51073780987159,0
VEN-01356,2,1,0,130.95476638253274,0
VEN-01357,2,0,0,40.03882080668033,1
VEN-01358,0,0,1,62.32235151818746,3
VEN-01359,2,0,0,52.25848094046125,0
VEN-01360,5,1,2,125.56567291680707,1
VEN-01361,1,1,2,48.89148061814392,2
VEN-01362,6,1,1,51.98417127544682,1
VEN-01363,4,2,1,29.10675802621953,1
VEN-01364,1,0,0,118.23863345206288,0
VEN-01365,2,0,0,69.49352045797845,0
VEN-01366,4,2,0,57.96592721371949,1
VEN-01367,1,0,2,69.14461379861005,0
VEN-01368,3,2,0,131.66630671106032,0
VEN-01369,6,2,0,66.27242244598165,0
VEN-01370,3,1,0,28.16222877168224,0
VEN-01371,6,3,1,72.28064758042018,0
VEN-01372,3,1,0,73.89075114994566,1
VEN-01373,1,0,0,44.86591569051433,1
VEN-01374,3,2,1,119.77038707701396,1
VEN-01375,2,0,0,45.174509329591054,0
VEN-01376,0,0,0,96.87668815849568,0
VEN-01377,5,1,0,39.111778618642845,1
VEN-01378,2,0,0,51.09086179428285,0
VEN-01379,2,0,0,35.00289063268213,0
VEN-01380,6,1,0,133.26991820476405,4
VEN-01381,2,0,1,97.28725672226231,0
VEN-01382,8,2,1,8.363991594108414,1
VEN-01383,1,0,0,43.388169151473406,2
VEN-01384,1,1,0,182.2914586153896,0
VEN-01385,3,1,0,50.66083527721892,0
VEN-01386,1,0,1,68.60228153447868,1
VEN-01387,3,3,0,105.20701108290535,1
VEN-01388,2,0,2,54.56962712580343,0
VEN-01389,0,0,0,49.00334699401162,0
VEN-01390,2,1,0,95.08968012977294,0
VEN-01391,3,0,0,83.18517903340855,0
VEN-01392,0,0,0,67.28054575077716,1
VEN-01393,1,0,0,66.98933156663931,1
VEN-01394,1,0,1,134.4098365793134,3
VEN-01395,4,2,0,50.260602063211785,1
VEN-01396,3,1,0,219.6193521891985,0
VEN-01397,2,2,0,40.66180483204981,0
VEN-01398,1,1,0,131.06340158484718,1
VEN-01399,3,1,0,79.45677638732788,2
VEN-01400,0,0,1,59.18271414865329,1
VEN-01401,3,0,0,104.38678323378254,0
VEN-01402,2,0,0,60.84148323144336,0
VEN-01403,4,1,0,91.03512717093916,0
VEN-01404,3,0,1,53.46453876651384,2
VEN-01405,3,2,2,88.56774341445873,3
VEN-01406,1,0,0,120.8841753584064,0
VEN-01407,5,0,0,66.35763714818924,0
VEN-01408,3,0,0,116.52058609066256,1
VEN-01409,3,2,1,58.85378307665098,2
VEN-01410,0,0,0,49.89473986592235,1
VEN-01411,3,1,0,107.6203387405493,0
VEN-01412,0,0,0,144.43280163959685,1
VEN-01413,2,1,0,47.31483868351063,0
VEN-01414,7,1,0,33.0963914308601,0
VEN-01415,3,0,0,52.261577256916425,0
VEN-01416,3,1,0,22.88428858074413,1
VEN-01417,0,0,0,93.63616981401822,0
VEN-01418,1,0,1,107.4847623341154,1
VEN-01419,3,2,1,57.56337748933774,0
VEN-01420,0,0,1,97.9717252469843,1
VEN-01421,6,0,1,82.04231998971458,0
VEN-01422,3,0,1,123.7043523834954,0
VEN-01423,2,2,0,53.87158596566046,0
VEN-01424,1,0,0,50.9611714737957,0
VEN-01425,3,0,0,78.23987029878677,1
VEN-01426,1,1,1,52.34654079944057,1
VEN-01427,3,1,0,67.49021240052127,0
VEN-01428,0,0,0,100.40203270008531,0
VEN-01429,3,1,0,76.84551725049005,0
VEN-01430,1,0,0,58.97949727859979,0
VEN-01431,3,2,0,81.14824129827873,0
VEN-01432,2,2,2,151.4448798242318,1
VEN-01433,4,1,2,29.67929925440229,1
VEN-01434,1,1,2,41.58748964305426,0
VEN-01435,1,0,2,52.43550675619794,0
VEN-01436,2,0,0,120.7128459080152,1
VEN-01437,1,1,1,40.70531411408295,1
VEN-01438,5,1,1,35.20580120952705,0
VEN-01439,5,2,1,38.01457975051939,1
VEN-01440,3,3,0,58.24511470950194,0
VEN-01441,5,1,0,77.90853080962631,0
VEN-01442,3,1,0,26.23656785956384,1
VEN-01443,3,1,0,86.70787819696505,2
VEN-01444,2,1,0,80.45545639590387,0
VEN-01445,4,1,2,54.07842141193118,1
VEN-01446,3,0,0,74.89745864198191,1
VEN-01447,4,1,0,26.525465560095856,1
VEN-01448,1,0,0,30.640998001942595,0
VEN-01449,4,1,0,28.801880762137177,1
VEN-01450,4,1,0,54.99830690163706,0
VEN-01451,2,0,0,82.63293278897049,1
VEN-01452,3,2,2,117.64488179353832,0
VEN-01453,3,1,0,60.39371624008871,1
VEN-01454,5,1,2,86.37046963225824,1
VEN-01455,3,0,0,103.470395241324,1
VEN-01456,4,1,0,54.514725320938574,0
VEN-01457,4,0,1,168.50523839687816,0
VEN-01458,4,0,1,81.99738093694477,1
VEN-01459,1,0,2,41.14409241887012,1
VEN-01460,5,1,0,70.03992049141415,0
VEN-01461,2,0,0,75.12222381336687,0
VEN-01462,1,1,0,157.20119894601805,0
VEN-01463,4,1,0,93.44313776459012,2
VEN-01464,2,1,0,38.238188901805856,0
VEN-01465,3,1,1,85.33691538535777,0
VEN-01466,4,1,0,30.330870900656496,1
VEN-01467,2,1,3,89.43747378448764,1
VEN-01468,0,0,2,137.02566546479372,0
VEN-01469,2,1,1,30.45782743256514,0
VEN-01470,2,0,0,56.41171593248734,0
VEN-01471,2,0,0,42.18641942956112,3
VEN-01472,1,0,0,161.52827573822833,0
VEN-01473,4,2,3,61.350727356810175,1
VEN-01474,1,0,0,42.00205313051832,0
VEN-01475,3,1,2,96.8091413515532,1
VEN-01476,2,2,1,72.22117507976517,1
VEN-01477,4,0,2,49.45667813907568,0
VEN-01478,2,2,1,51.65856161837631,1
VEN-01479,5,2,0,107.92434126992563,0
VEN-01480,3,0,3,31.951012716652592,0
VEN-01481,4,1,2,97.816657711547,0
VEN-01482,2,1,1,47.79561928306703,0
VEN-01483,2,0,1,36.427803973950304,1
VEN-01484,1,0,0,74.00276220034917,3
VEN-01485,2,0,0,110.88162531297682,0
VEN-01486,5,1,0,60.74809360478734,0
VEN-01487,2,1,1,107.72625069535604,1
VEN-01488,2,0,0,25.77895160651658,1
VEN-01489,0,0,2,133.79885238913093,1
VEN-01490,2,0,0,101.6959684153429,0
VEN-01491,2,0,0,128.50443417467497,1
VEN-01492,5,0,2,38.73551864630165,0
VEN-01493,2,1,2,79.7910354036463,0
VEN-01494,2,0,0,63.7497234062471,3
VEN-01495,5,1,0,40.78805334401007,0
VEN-01496,1,0,0,28.33810858521573,0
VEN-01497,2,0,0,96.51534611474509,1
VEN-01498,4,1,0,48.94686945309326,0
VEN-01499,1,1,0,99.84720338782104,0
VEN-01500,2,1,0,19.748522390553276,0
VEN-01501,1,1,0,29.415848813879563,0
VEN-01502,3,1,1,27.627876343319517,1
VEN-01503,1,0,0,120.77348319298738,2
VEN-01504,0,0,2,101.94689924882918,0
VEN-01505,3,0,0,70.80453623670324,0
VEN-01506,1,0,0,68.79526907786455,0
VEN-01507,1,0,0,52.0798076048804,0
VEN-01508,1,0,0,22.971269707161884,1
VEN-01509,2,0,0,70.36009475889183,0
VEN-01510,4,2,0,158.85650764558557,0
VEN-01511,0,0,0,48.99606171806695,0
VEN-01512,1,0,1,82.93209661835407,0
VEN-01513,3,0,1,29.020431232553737,0
VEN-01514,1,0,0,148.18810803567865,0
VEN-01515,3,3,1,75.58764575155836,0
VEN-01516,3,0,0,40.9663499590369,0
VEN-01517,3,1,1,113.71402302950962,1
VEN-01518,1,0,0,73.772767921668,0
VEN-01519,1,0,0,35.957738432701426,0
VEN-01520,2,0,0,59.033706163351866,1
VEN-01521,5,2,1,71.60738416702219,1
VEN-01522,3,0,0,37.34527764579567,0
VEN-01523,2,0,0,86.73946696205847,2
VEN-01524,6,3,1,66.71204271737219,1
VEN-01525,2,1,0,121.85097566597808,1
VEN-01526,2,0,0,49.51882911139714,2
VEN-01527,2,0,0,84.12868360547078,2
VEN-01528,2,2,0,200.46450643348797,2
VEN-01529,3,2,0,203.18822844659124,0
VEN-01530,3,0,2,95.8920356731581,0
VEN-01531,6,1,1,154.71014831412998,1
VEN-01532,2,0,0,79.22386944016614,2
VEN-01533,4,1,0,49.204998611005536,1
VEN-01534,3,1,2,47.29203541218543,0
VEN-01535,3,0,0,60.61730048391263,0
VEN-01536,3,1,1,27.12809531237051,0
VEN-01537,4,1,0,63.96420567933184,0
VEN-01538,2,1,1,96.08286486092268,3
VEN-01539,3,0,2,116.63313088047188,0
VEN-01540,3,0,0,19.438053829315624,0
VEN-01541,1,1,0,180.31362320182868,0
VEN-01542,4,1,1,96.19294867511908,1
VEN-01543,3,2,1,65.03858338011558,0
VEN-01544,6,2,0,107.34886895124606,0
VEN-01545,2,1,0,33.39771261356442,0
VEN-01546,1,0,0,69.62231627423074,0
VEN-01547,3,1,0,69.75878407657889,1
VEN-01548,3,2,0,110.80635795688488,0
VEN-01549,0,0,0,213.11983081081763,0
VEN-01550,4,2,0,59.98630223312868,0
VEN-01551,0,0,1,100.38422327673734,0
VEN-01552,6,1,0,82.55764823700004,0
VEN-01553,3,1,0,164.45849673196238,1
VEN-01554,1,0,0,106.6049782605454,0
VEN-01555,1,1,1,50.857278260807,1
VEN-01556,1,1,0,170.1567986610046,0
VEN-01557,3,1,0,55.65748587441537,0
VEN-01558,2,0,1,64.19626791194656,1
VEN-01559,2,0,0,33.13257597798738,1
VEN-01560,2,1,0,129.76253132814816,0
VEN-01561,3,1,0,34.394557318738464,0
VEN-01562,0,0,0,76.25737797709695,0
VEN-01563,5,2,0,130.60055371253432,0
VEN-01564,2,1,1,99.26057532692836,0
VEN-01565,5,1,0,95.4123722701052,1
VEN-01566,4,1,0,89.67484848287866,0
VEN-01567,3,0,1,44.906169300141016,1
VEN-01568,2,0,0,104.59732452615896,1
VEN-01569,4,1,0,27.91309346452643,1
VEN-01570,1,1,0,41.44857803923001,0
VEN-01571,3,2,0,48.3678324938796,1
VEN-01572,5,1,0,79.00834634746812,0
VEN-01573,2,0,1,33.03597594635467,0
VEN-01574,2,0,0,131.69921752338206,0
VEN-01575,7,1,0,93.71347149225268,0
VEN-01576,5,1,0,76.15082301816153,1
VEN-01577,2,2,0,145.53538394631045,0
VEN-01578,2,1,0,32.89556330109761,1
VEN-01579,2,0,1,51.30720217424723,1
VEN-01580,5,3,1,42.75581392403283,1
VEN-01581,2,0,0,14.46317114319408,0
VEN-01582,1,0,1,132.0823033781191,1
VEN-01583,2,0,0,13.276893726941912,1
VEN-01584,2,0,0,75.93424296147367,0
VEN-01585,3,0,0,70.88445025830877,0
VEN-01586,3,2,0,69.51988672962752,0
VEN-01587,2,0,0,42.35144880139975,6
VEN-01588,3,0,1,81.51725650347267,1
VEN-01589,3,0,2,103.01463407609369,1
VEN-01590,6,4,0,47.72023574235416,0
VEN-01591,2,0,0,31.364841021407543,1
VEN-01592,5,1,0,63.94079519267784,0
VEN-01593,6,2,0,54.49659296016692,0
VEN-01594,2,1,0,94.08170135034489,0
VEN-01595,1,1,0,13.249841778431634,0
VEN-01596,6,2,2,26.563019994513645,1
VEN-01597,1,0,0,22.688260661826504,0
VEN-01598,0,0,0,93.86530729783998,0
VEN-01599,4,0,0,149.2654765755915,0
VEN-01600,3,3,0,72.7548074593158,0
VEN-01601,3,2,0,77.78658484769652,0
VEN-01602,3,0,0,99.96224450600666,1
VEN-01603,5,3,1,53.926970110392375,0
VEN-01604,5,1,1,72.9299317972748,0
VEN-01605,1,0,1,44.67133038167662,1
VEN-01606,3,1,0,76.9697838838079,0
VEN-01607,1,1,0,124.0935851997061,0
VEN-01608,2,0,0,30.122959753922007,1
VEN-01609,4,0,0,64.99849519243799,2
VEN-01610,2,0,1,130.48567919594203,0
VEN-01611,4,2,0,47.54864262007251,0
VEN-01612,4,0,0,52.86729991668476,1
VEN-01613,4,0,0,38.83375443634036,0
VEN-01614,1,0,2,83.45313552112418,0
VEN-01615,1,0,0,113.45498257545728,1
VEN-01616,5,0,0,69.813808877524,0
VEN-01617,1,0,0,100.3092720967757,0
VEN-01618,4,2,0,83.25913154152597,1
VEN-01619,4,2,0,49.27381862127491,0
VEN-01620,4,1,1,54.11747875487652,0
VEN-01621,1,0,1,148.39196416305091,0
VEN-01622,3,2,1,64.74391140565396,0
VEN-01623,1,0,0,110.11078422676064,0
VEN-01624,0,0,0,79.04264935521635,1
VEN-01625,3,0,0,107.269172674919,3
VEN-01626,3,2,0,32.857447355021435,0
VEN-01627,4,1,0,79.79884237560175,0
VEN-01628,7,2,1,45.08819754727236,0
VEN-01629,3,1,1,82.56726274702675,1
VEN-01630,1,0,0,28.36514179528824,0
VEN-01631,3,0,0,105.58695298049794,0
VEN-01632,2,0,1,92.60107413183542,1
VEN-01633,0,0,1,51.15694477550728,1
VEN-01634,3,0,0,75.92234579069054,0
VEN-01635,5,2,2,118.04752176866722,1
VEN-01636,2,0,1,149.58411986206443,0
VEN-01637,1,0,1,100.81667349511142,1
VEN-01638,1,0,0,45.44024595727714,0
VEN-01639,3,1,1,100.63606639498424,1
VEN-01640,4,3,0,107.09689797300136,2
VEN-01641,3,3,0,51.50767453936619,2
VEN-01642,1,0,1,91.46035769359656,0
VEN-01643,1,0,0,86.046884760846,0
VEN-01644,1,0,0,75.9529601503669,0
VEN-01645,4,0,0,27.80134277326533,0
VEN-01646,6,1,0,41.93108228879818,1
VEN-01647,3,1,0,36.64976705812547,0
VEN-01648,4,2,1,47.31188694694253,0
VEN-01649,4,1,1,44.7770957579323,0
VEN-01650,0,0,2,52.80165623759202,0
VEN-01651,3,0,0,169.11456907168025,1
VEN-01652,3,2,0,47.66164996071712,0
VEN-01653,6,0,0,92.18631432695908,2
VEN-01654,1,1,0,48.66467952041901,2
VEN-01655,5,0,2,101.9033740713969,0
VEN-01656,4,1,1,141.4804839327461,1
VEN-01657,0,0,0,79.48954650416596,0
VEN-01658,3,1,0,93.12429838868653,1
VEN-01659,2,0,1,81.16927993593599,0
VEN-01660,1,0,0,117.28763607366017,0
VEN-01661,2,1,0,44.64207751212214,2
VEN-01662,1,0,0,28.829678807917396,0
VEN-01663,4,0,1,86.65566600229218,1
VEN-01664,5,2,1,61.72269570686579,0
VEN-01665,8,0,1,105.1607866500742,0
VEN-01666,3,1,1,60.094216156396726,0
VEN-01667,2,1,0,60.0039039183485,1
VEN-01668,1,0,1,109.06951478622489,0
VEN-01669,6,0,1,124.32617718458506,1
VEN-01670,2,1,0,139.8263957009925,0
VEN-01671,4,1,0,110.76648612691004,0
VEN-01672,0,0,0,92.30749598311417,0
VEN-01673,1,0,1,86.23749865298932,0
VEN-01674,2,0,0,154.24146705171208,1
VEN-01675,1,0,1,108.007953051493,0
VEN-01676,4,0,0,30.50280118419644,0
VEN-01677,1,0,1,89.8485251203083,0
VEN-01678,3,0,1,20.266068086189037,0
VEN-01679,2,1,1,73.93113735640073,1
VEN-01680,2,0,0,64.21078245852458,1
VEN-01681,2,0,0,40.82992621946355,0
VEN-01682,3,2,0,78.0074470030192,1
VEN-01683,2,0,2,85.5805102150361,0
VEN-01684,0,0,0,89.17456479410329,0
VEN-01685,4,1,3,8.613274264782769,1
VEN-01686,1,0,0,128.41793336383483,0
VEN-01687,2,0,0,29.594733425359173,0
VEN-01688,2,1,0,81.79771570463272,1
VEN-01689,1,0,0,94.18580305593804,1
VEN-01690,2,1,0,78.29242259755526,0
VEN-01691,2,1,0,61.307733265133855,2
VEN-01692,2,0,0,115.86538758017824,1
VEN-01693,3,1,0,45.66151737323506,0
VEN-01694,0,0,0,57.163479301712194,0
VEN-01695,3,0,0,35.99635727630968,1
VEN-01696,4,1,0,55.46510034140399,2
VEN-01697,5,2,1,46.64592962750292,0
VEN-01698,3,0,0,69.00266396524005,0
VEN-01699,1,0,0,125.207382367712,2
VEN-01700,3,0,2,100.81063213631737,1
VEN-01701,6,2,0,66.17926622252145,1
VEN-01702,4,0,0,139.9335673506872,0
VEN-01703,1,0,2,54.88279720714128,0
VEN-01704,5,1,0,36.579777211970615,1
VEN-01705,3,0,1,21.738835936200594,0
VEN-01706,5,2,0,58.8846063512214,1
VEN-01707,3,1,1,64.94408007345525,1
VEN-01708,2,0,1,28.207057238485465,1
VEN-01709,3,0,0,105.639945171335,1
VEN-01710,2,1,0,27.971703265463457,1
VEN-01711,4,0,0,36.67779468515224,1
VEN-01712,0,0,0,17.15245082686212,2
VEN-01713,4,2,0,153.74680935923595,0
VEN-01714,5,2,0,82.15250422957605,0
VEN-01715,1,0,2,98.25899898751246,0
VEN-01716,2,2,2,190.82148898453727,0
VEN-01717,1,1,0,74.92565498480324,1
VEN-01718,4,1,1,129.1899309754259,1
VEN-01719,3,1,0,38.66583487840828,0
VEN-01720,1,1,2,72.37750531830929,1
VEN-01721,6,1,1,41.61894575074496,2
VEN-01722,6,0,0,56.74475085167962,0
VEN-01723,1,0,0,88.51375386910308,1
VEN-01724,2,0,1,39.61812743510036,0
VEN-01725,2,2,1,167.27418218056144,4
VEN-01726,1,0,0,52.92849046132962,1
VEN-01727,4,2,0,137.37643189093737,0
VEN-01728,3,1,0,108.741969468321,2
VEN-01729,3,0,0,100.45607635711076,0
VEN-01730,4,2,1,98.76514679696922,0
VEN-01731,3,3,2,104.95006766672904,0
VEN-01732,4,2,0,69.31324306344679,1
VEN-01733,0,0,0,94.53867607947944,0
VEN-01734,2,1,1,73.79127728283507,0
VEN-01735,3,1,0,80.55421961111158,0
VEN-01736,4,1,0,37.5987772812701,0
VEN-01737,2,1,0,50.44588340283941,0
VEN-01738,3,0,2,76.14771967981953,3
VEN-01739,3,2,2,32.311490569483695,1
VEN-01740,1,0,1,24.1427346163248,1
VEN-01741,0,0,1,91.59602113499292,1
VEN-01742,1,0,1,33.32031195766875,1
VEN-01743,4,1,0,188.1851915577444,0
VEN-01744,3,0,1,84.52581218231192,0
VEN-01745,3,1,0,57.7595324789118,0
VEN-01746,3,0,0,10.625350835632482,0
VEN-01747,3,1,1,98.1331202819613,1
VEN-01748,1,0,0,94.65859120110508,1
VEN-01749,2,1,1,39.801312333308594,0
VEN-01750,3,0,0,237.88353966358176,1
VEN-01751,2,1,0,98.868473341301,1
VEN-01752,2,0,0,59.67632159899999,0
VEN-01753,4,1,1,26.803511496130856,1
VEN-01754,3,1,1,83.0773422268858,1
VEN-01755,3,1,1,71.52422937042842,1
VEN-01756,3,0,0,41.012992741784245,0
VEN-01757,2,1,0,113.28167999651696,0
VEN-01758,3,0,1,127.40887100059564,0
VEN-01759,1,0,0,32.16406479101,0
VEN-01760,2,1,0,27.998207125540787,0
VEN-01761,3,1,2,132.6375102413079,0
VEN-01762,2,0,1,43.13704717586889,1
VEN-01763,0,0,0,22.8434105946638,1
VEN-01764,1,0,0,57.18035816724143,1
VEN-01765,1,0,0,55.20301870725117,0
VEN-01766,4,2,0,115.18439339096734,0
VEN-01767,0,0,0,88.12259918042496,1
VEN-01768,1,0,0,20.18334206606765,0
VEN-01769,4,0,0,29.508103326201606,1
VEN-01770,1,1,1,113.52898035412228,1
VEN-01771,2,0,0,141.63245052359912,0
VEN-01772,2,0,0,201.65104549332568,0
VEN-01773,5,1,0,90.3356418809527,1
VEN-01774,7,2,0,45.62462192380046,0
VEN-01775,1,1,2,159.16139395862666,1
VEN-01776,3,1,1,127.50576861191492,0
VEN-01777,5,3,0,36.460368363480086,2
VEN-01778,4,1,0,71.03093010648091,0
VEN-01779,2,0,0,74.1062253514318,0
VEN-01780,6,2,0,33.56617513445996,0
VEN-01781,2,0,2,29.79637922855697,0
VEN-01782,2,1,0,50.49434730653526,0
VEN-01783,1,0,1,117.6491297623731,0
VEN-01784,0,0,1,73.11788358716134,0
VEN-01785,3,2,0,73.20223390770936,1
VEN-01786,3,0,2,121.68450434067316,0
VEN-01787,1,1,0,78.54454822581577,0
VEN-01788,2,0,0,155.81323230618165,0
VEN-01789,4,1,0,131.9740343594961,0
VEN-01790,1,0,0,140.7285708821248,0
VEN-01791,3,1,0,53.73794053046405,0
VEN-01792,4,0,1,42.01929139694802,0
VEN-01793,2,1,0,68.84404358716519,3
VEN-01794,0,0,0,39.108297167278096,0
VEN-01795,2,1,0,54.93029726184512,1
VEN-01796,1,0,1,84.26355934037365,0
VEN-01797,2,0,0,70.89876922441603,0
VEN-01798,0,0,0,66.90050710640554,2
VEN-01799,2,1,1,136.84113805557575,0
VEN-01800,0,0,0,141.00436480415124,0
VEN-01801,2,1,0,24.53654133651985,1
VEN-01802,2,0,0,86.44756391683164,0
VEN-01803,4,0,1,63.62814611794362,2
VEN-01804,0,0,0,66.86903694344782,0
VEN-01805,0,0,0,63.6957994841022,0
VEN-01806,0,0,0,76.04823918320508,0
VEN-01807,1,0,0,44.49806184598579,1
VEN-01808,5,4,1,54.04787493085439,0
VEN-01809,2,0,2,108.02720764371053,0
VEN-01810,2,1,0,44.74454279739851,0
VEN-01811,3,0,0,65.37495249624466,0
VEN-01812,1,0,1,39.24634283319749,1
VEN-01813,2,0,2,40.95661524488562,0
VEN-01814,0,0,2,110.52421912887075,0
VEN-01815,3,1,2,88.69730578021199,0
VEN-01816,3,1,1,73.94242049750977,1
VEN-01817,1,0,0,103.37729560602185,0
VEN-01818,2,0,0,144.7036297130006,1
VEN-01819,1,1,0,77.92953988658333,1
VEN-01820,1,0,0,81.30645110617307,0
VEN-01821,5,2,0,114.42998296626118,1
VEN-01822,4,2,1,38.32963155728845,0
VEN-01823,3,2,0,36.38572652741345,0
VEN-01824,1,0,0,77.54490175776067,1
VEN-01825,1,1,0,77.41226208089205,0
VEN-01826,4,0,0,45.23803855017261,1
VEN-01827,1,0,0,47.92063222508474,2
VEN-01828,5,1,1,42.38382119150734,3
VEN-01829,3,1,0,9.399636741849257,2
VEN-01830,4,1,0,47.92206793450444,0
VEN-01831,1,1,0,62.57401362444616,0
VEN-01832,6,1,0,69.85610454719152,1
VEN-01833,4,2,1,37.97768576715446,1
VEN-01834,3,1,0,45.06321988642225,0
VEN-01835,5,1,1,92.30417823489567,1
VEN-01836,5,0,0,63.71318795506107,1
VEN-01837,3,3,0,24.36890997593661,0
VEN-01838,3,1,0,195.72119840355947,0
VEN-01839,4,1,0,80.75387539663971,1
VEN-01840,3,1,0,40.30785936259274,1
VEN-01841,4,3,0,27.342904853229285,0
VEN-01842,2,1,0,102.64940393597814,1
VEN-01843,1,1,0,53.85954574525984,1
VEN-01844,3,1,1,36.10687075850169,1
VEN-01845,1,0,1,60.13459572553302,1
VEN-01846,5,0,0,23.88612036348272,0
VEN-01847,0,0,0,21.95819739300513,0
VEN-01848,2,1,0,65.32311960656001,1
VEN-01849,3,0,0,58.32229502004892,1
VEN-01850,6,3,1,81.89721138812396,2
VEN-01851,4,4,1,128.71749279759862,0
VEN-01852,5,2,0,26.787302724000043,0
VEN-01853,1,0,0,59.97296780448925,1
VEN-01854,2,1,1,60.87299426663644,0
VEN-01855,6,1,3,26.734420025551533,1
VEN-01856,3,0,0,74.19687215311255,0
VEN-01857,7,1,0,128.9608757811975,0
VEN-01858,0,0,2,11.23842714967284,1
VEN-01859,4,0,0,75.89318967193333,1
VEN-01860,1,0,0,127.8313275476374,0
VEN-01861,5,4,0,84.85219083354342,1
VEN-01862,2,1,1,30.75028577587017,3
VEN-01863,2,1,1,96.7621106816192,0
VEN-01864,3,1,0,22.86055301018596,1
VEN-01865,1,0,2,101.73173661049216,0
VEN-01866,2,1,0,61.63161828383306,2
VEN-01867,2,1,0,82.52997333246675,0
VEN-01868,0,0,0,48.782182116751954,0
VEN-01869,2,0,0,79.06275875028231,2
VEN-01870,3,0,2,62.26941880845349,1
VEN-01871,3,1,1,70.81623929652228,0
VEN-01872,1,0,1,59.63399905847733,0
VEN-01873,2,1,0,117.5372112184304,0
VEN-01874,4,1,0,172.5422185836965,0
VEN-01875,1,1,0,93.89696727537756,1
VEN-01876,5,0,0,150.89447027091944,2
VEN-01877,6,2,0,70.89897644322099,0
VEN-01878,5,1,0,61.19879406233222,0
VEN-01879,5,3,0,68.72241496350901,0
VEN-01880,3,1,0,86.70046881380607,0
VEN-01881,4,1,0,161.74968432035726,1
VEN-01882,0,0,0,179.3221204023094,0
VEN-01883,1,0,0,96.76536384368156,0
VEN-01884,1,1,0,50.39898636716824,0
VEN-01885,5,3,1,67.66531460961444,1
VEN-01886,3,2,0,79.77284800228435,1
VEN-01887,4,0,1,112.30832359829095,0
VEN-01888,5,1,0,68.3659161713154,0
VEN-01889,1,0,0,32.2190727545298,0
VEN-01890,3,0,2,50.26053753101255,2
VEN-01891,1,1,0,121.38449984611223,2
VEN-01892,2,0,1,73.61937532622056,0
VEN-01893,2,1,1,160.34010294006237,0
VEN-01894,2,1,0,132.46259907232766,2
VEN-01895,2,1,0,77.76438118536392,1
VEN-01896,2,1,0,18.95086688130717,2
VEN-01897,4,1,2,153.69653901193453,1
VEN-01898,5,0,1,126.2756661660133,2
VEN-01899,4,2,2,113.10484428143867,1
VEN-01900,1,1,0,67.3375069397093,2
VEN-01901,1,1,1,71.58723526215033,2
VEN-01902,0,0,0,19.474714854117146,0
VEN-01903,4,1,0,35.04563511879781,0
VEN-01904,0,0,1,79.7846267376246,0
VEN-01905,4,1,1,67.80203043129725,2
VEN-01906,5,1,1,69.00988507375038,0
VEN-01907,4,2,1,91.43238982454952,0
VEN-01908,2,1,0,59.0208509185918,0
VEN-01909,4,3,0,96.931849219221,1
VEN-01910,3,3,0,70.5790220644735,0
VEN-01911,4,2,1,75.38489161709684,0
VEN-01912,5,1,0,86.41670900418261,0
VEN-01913,4,1,4,61.72125572607206,0
VEN-01914,4,2,2,39.39672655422144,3
VEN-01915,3,1,0,47.393282080755874,1
VEN-01916,1,1,0,150.24983102493613,0
VEN-01917,4,2,1,76.17859726119103,0
VEN-01918,5,2,0,102.34797763306044,0
VEN-01919,1,0,1,159.9997062563967,0
VEN-01920,4,3,2,32.87680337867001,0
VEN-01921,4,0,1,57.38174929827815,0
VEN-01922,2,0,0,85.14293758120083,0
VEN-01923,4,0,0,139.67961097579712,0
VEN-01924,2,1,0,88.74169967713722,0
VEN-01925,4,0,0,112.79767627598652,2
VEN-01926,3,0,0,55.39083196277453,1
VEN-01927,3,1,0,15.191115830497909,1
VEN-01928,1,0,0,63.30805464089713,0
VEN-01929,1,0,0,79.96175581623702,0
VEN-01930,1,0,1,119.06745145258076,0
VEN-01931,3,0,0,30.33271762633748,0
VEN-01932,2,1,0,45.5449558758153,0
VEN-01933,1,0,0,38.57277314382652,1
VEN-01934,1,0,0,83.22778408781815,0
VEN-01935,3,3,0,67.52099684696677,0
VEN-01936,1,0,1,75.75122920644155,0
VEN-01937,1,1,0,124.8734644982967,0
VEN-01938,1,0,0,51.663498579869966,1
VEN-01939,1,0,1,15.999212961515996,1
VEN-01940,4,0,1,84.89590538051758,0
VEN-01941,1,1,1,150.16728961015068,1
VEN-01942,1,1,0,125.41911316809556,0
VEN-01943,2,0,0,85.35861398968798,0
VEN-01944,0,0,0,260.90956966297495,1
VEN-01945,3,0,0,55.64097786272572,2
VEN-01946,0,0,0,144.32499500997096,0
VEN-01947,1,0,1,103.14861135868507,1
VEN-01948,4,1,1,136.29933065809078,0
VEN-01949,5,0,0,96.23012922652808,1
VEN-01950,2,0,1,31.031760198367945,1
VEN-01951,2,0,1,148.28528449107662,1
VEN-01952,3,0,0,76.97448968797433,2
VEN-01953,1,0,1,85.273768744617,0
VEN-01954,2,1,0,230.78837634415203,1
VEN-01955,2,1,0,42.67538285485488,3
VEN-01956,1,0,1,38.16844161254445,1
VEN-01957,5,1,0,75.64482961036312,0
VEN-01958,4,3,0,167.7266104443326,1
VEN-01959,8,4,1,89.02195634264571,0
VEN-01960,2,0,1,105.92191967947772,0
VEN-01961,4,0,0,38.37733966843876,0
VEN-01962,2,0,0,48.77583927179901,0
VEN-01963,1,1,1,20.822393400212576,0
VEN-01964,0,0,1,85.01836172279148,0
VEN-01965,2,0,1,75.15029398263997,1
VEN-01966,3,1,0,65.62531473906256,0
VEN-01967,2,0,0,113.18880044597556,1
VEN-01968,4,1,3,74.87496572557887,0
VEN-01969,1,1,0,90.93320983170328,1
VEN-01970,4,1,0,36.99461031911132,0
VEN-01971,4,1,0,35.989097479775225,1
VEN-01972,2,2,0,92.12585296227438,0
VEN-01973,2,1,0,57.54046460088168,0
VEN-01974,2,0,0,125.39087420609263,1
VEN-01975,2,0,1,131.510198724642,0
VEN-01976,2,1,1,52.56474355182574,0
VEN-01977,4,3,2,105.42681797273866,0
VEN-01978,3,3,1,63.42005001662064,0
VEN-01979,1,0,0,39.58367340086809,2
VEN-01980,0,0,1,112.64917518441922,2
VEN-01981,5,2,0,68.55426028127982,0
VEN-01982,4,2,1,48.14669452087573,0
VEN-01983,2,1,0,151.9440520594739,1
VEN-01984,4,1,0,59.97437369428935,1
VEN-01985,4,2,1,42.18926836180524,0
VEN-01986,0,0,0,58.822551615006944,0
VEN-01987,1,0,0,118.70289731027805,0
VEN-01988,2,0,1,91.73730363946264,1
VEN-01989,2,1,0,50.8100726023704,0
VEN-01990,2,1,1,49.72173817885574,1
VEN-01991,4,3,0,132.64508871393176,0
VEN-01992,0,0,0,70.82074525604953,2
VEN-01993,2,0,0,45.68382112281039,0
VEN-01994,2,0,0,126.67276154609137,2
VEN-01995,2,0,0,137.5018709581,0
VEN-01996,5,1,0,91.40616051895913,0
VEN-01997,2,1,2,124.63321664914082,2
VEN-01998,1,0,1,86.68180299902275,0
VEN-01999,1,1,0,95.98421126198298,0
VEN-02000,5,1,0,91.02929302388269,1
VEN-02001,1,1,1,53.19253084880323,0
VEN-02002,3,0,0,46.556315713108106,1
VEN-02003,2,1,0,177.36883530591982,0
VEN-02004,4,1,1,50.23324461362578,1
VEN-02005,4,2,0,17.509135780590867,0
VEN-02006,4,2,0,40.87892395665854,0
VEN-02007,1,0,0,29.48529303975612,0
VEN-02008,3,1,0,87.92036820612732,1
VEN-02009,5,1,1,36.53325083899286,0
VEN-02010,3,0,0,68.94166548304906,1
VEN-02011,3,0,1,75.29616867601236,1
VEN-02012,3,0,2,48.427268999427504,0
VEN-02013,3,1,0,134.1656503307304,0
VEN-02014,4,0,0,164.69014604427753,0
VEN-02015,1,0,2,66.49438210142758,0
VEN-02016,4,0,0,50.11379627541757,0
VEN-02017,5,1,0,89.00862993775215,0
VEN-02018,2,1,0,40.549811767159206,1
VEN-02019,2,0,2,152.62112211357592,1
VEN-02020,3,0,0,75.75378147377509,1
VEN-02021,5,3,2,32.67136958416984,0
VEN-02022,4,0,0,26.10100659306173,1
VEN-02023,5,4,0,66.60973840486521,1
VEN-02024,0,0,0,104.94408657572598,2
VEN-02025,5,1,0,53.17205209979142,0
VEN-02026,0,0,1,55.58093114111772,0
VEN-02027,6,1,0,37.8555248579784,1
VEN-02028,3,1,0,109.215251643796,0
VEN-02029,1,1,0,69.46236847897848,1
VEN-02030,4,1,0,42.32834095502385,1
VEN-02031,3,2,0,72.4702887173518,0
VEN-02032,5,1,0,75.99599729542817,4
VEN-02033,0,0,0,73.54729609711538,2
VEN-02034,3,2,0,60.94659707436395,1
VEN-02035,1,1,0,75.88953850825024,5
VEN-02036,5,1,0,65.51169873227602,2
VEN-02037,2,1,0,122.3118869538732,0
VEN-02038,6,1,2,71.97777545367146,1
VEN-02039,0,0,0,56.55214983100432,1
VEN-02040,2,0,0,34.204519628464624,0
VEN-02041,1,1,1,95.17758352301298,0
VEN-02042,5,2,0,38.16123420152794,0
VEN-02043,2,2,2,87.06378228045652,1
VEN-02044,2,0,1,31.365469359240173,0
VEN-02045,2,0,0,145.03217854102638,0
VEN-02046,2,0,2,44.01063581029925,0
VEN-02047,3,1,0,62.62957854578726,0
VEN-02048,4,2,0,103.30535124490466,1
VEN-02049,2,0,0,129.77525626148318,1
VEN-02050,2,2,0,53.76294508945133,1
VEN-02051,7,2,0,33.04336381785188,0
VEN-02052,4,2,0,25.261652246288204,0
VEN-02053,5,3,1,281.7882284310316,1
VEN-02054,5,1,0,57.845873213247096,1
VEN-02055,1,0,0,60.51974965774104,0
VEN-02056,2,0,0,129.62843835659288,0
VEN-02057,6,0,0,74.05111298432004,0
VEN-02058,2,1,0,75.86168740840337,1
VEN-02059,1,1,0,83.68421330647247,0
VEN-02060,3,0,0,70.55136312235092,0
VEN-02061,6,2,0,98.83336521425734,1
VEN-02062,1,0,0,123.86563953750884,0
VEN-02063,2,0,0,97.368793222166,1
VEN-02064,1,0,0,88.44236512660186,0
VEN-02065,3,0,1,80.77360882616966,0
VEN-02066,4,1,0,46.29218098445563,1
VEN-02067,5,3,0,62.593046932550536,2
VEN-02068,5,2,1,63.12452922540378,0
VEN-02069,1,1,0,36.40965033737298,0
VEN-02070,4,1,1,118.41592316966086,1
VEN-02071,2,0,1,48.38466730710826,0
VEN-02072,6,2,0,37.76900029307271,1
VEN-02073,3,1,0,77.41611545250869,0
VEN-02074,1,0,0,8.030781929224126,0
VEN-02075,4,1,0,62.80504368798942,0
VEN-02076,2,1,1,65.16067244013537,2
VEN-02077,3,1,2,77.69097996481779,0
VEN-02078,5,3,0,111.49038424843197,1
VEN-02079,2,1,0,93.93317191973708,0
VEN-02080,3,1,0,104.85779482828684,1
VEN-02081,2,2,1,165.04626582772138,1
VEN-02082,4,1,0,40.08629832003002,2
VEN-02083,0,0,0,29.326188261341148,1
VEN-02084,1,0,0,85.34035612782303,1
VEN-02085,0,0,0,92.2107893985392,0
VEN-02086,4,1,0,78.64797285377146,0
VEN-02087,5,2,1,38.08241336307703,0
VEN-02088,3,0,1,102.85265586662028,1
VEN-02089,2,1,2,9.244721301992527,0
VEN-02090,1,0,1,129.7653313070521,1
VEN-02091,4,1,1,64.19424249464744,1
VEN-02092,1,0,1,48.81018143240321,1
VEN-02093,2,0,0,209.7984223578347,1
VEN-02094,2,1,0,53.67162095262751,3
VEN-02095,3,1,2,71.92353461637877,0
VEN-02096,2,1,0,49.72500623881357,0
VEN-02097,3,2,0,54.88269417087108,1
VEN-02098,1,0,0,105.61431276740106,1
VEN-02099,4,2,1,56.13481672660552,1
VEN-02100,4,2,0,113.66226780910776,2
VEN-02101,0,0,0,76.98599094081986,0
VEN-02102,4,2,2,18.28747257457459,1
VEN-02103,6,2,0,36.6914658942817,0
VEN-02104,3,2,0,124.71190860091684,0
VEN-02105,0,0,0,123.71674677189972,1
VEN-02106,2,0,0,99.33740472708982,1
VEN-02107,2,1,0,25.33196756704159,1
VEN-02108,3,0,0,55.3206194473786,0
VEN-02109,2,0,1,76.1137581847801,0
VEN-02110,1,0,1,30.7539279502256,0
VEN-02111,2,0,1,100.32560886588516,0
VEN-02112,2,1,0,15.077187803562968,0
VEN-02113,3,1,0,98.44997254263008,0
VEN-02114,2,0,0,26.96396082761097,3
VEN-02115,2,0,1,46.94147182419568,0
VEN-02116,4,2,0,58.52094433507471,1
VEN-02117,2,0,2,99.87260576804847,0
VEN-02118,2,0,0,24.128705200866836,0
VEN-02119,2,0,1,33.23911396037724,0
VEN-02120,3,0,0,68.55947973010765,0
VEN-02121,3,1,2,88.08549006488596,0
VEN-02122,2,2,0,41.3513900477349,2
VEN-02123,3,0,1,32.97116730008316,0
VEN-02124,6,3,0,68.83252113392909,0
VEN-02125,1,0,1,105.88467209452088,3
VEN-02126,2,1,1,166.55608928152265,0
VEN-02127,3,2,0,80.19806256274188,1
VEN-02128,3,1,0,74.29461117524545,0
VEN-02129,3,0,0,55.81061547278763,0
VEN-02130,2,2,0,113.5718810528404,0
VEN-02131,2,1,0,72.75010286250598,1
VEN-02132,2,1,0,56.197435915646224,0
VEN-02133,9,4,1,49.80511149507527,0
VEN-02134,5,1,0,40.10734506218396,0
VEN-02135,1,0,0,86.75914943108108,1
VEN-02136,1,0,1,25.53916174893193,0
VEN-02137,1,0,1,19.20673627342944,1
VEN-02138,1,1,1,112.94528041305368,0
VEN-02139,3,2,0,42.3530450833147,1
VEN-02140,2,1,0,65.39666124898424,0
VEN-02141,3,1,1,88.49730357013023,0
VEN-02142,4,1,1,118.79470887592792,3
VEN-02143,2,1,0,51.11712368360617,2
VEN-02144,2,1,0,226.45567400777065,1
VEN-02145,2,1,0,57.42229103659316,0
VEN-02146,1,1,0,103.93353053494474,0
VEN-02147,5,1,0,79.54414988724963,2
VEN-02148,1,1,1,82.5042448561237,0
VEN-02149,2,0,0,177.82374923422836,1
VEN-02150,2,0,0,98.26205583323495,0
VEN-02151,2,0,3,56.6400428139583,0
VEN-02152,2,0,0,119.9582407977144,0
VEN-02153,3,2,0,23.037009814850222,0
VEN-02154,2,1,0,57.91206182544772,0
VEN-02155,3,2,1,18.103063944794417,2
VEN-02156,2,0,0,120.32914228953382,1
VEN-02157,0,0,1,55.21321400323925,0
VEN-02158,4,1,1,70.01391381931933,0
VEN-02159,3,0,1,61.22531828042308,2
VEN-02160,2,0,1,123.17247799264084,0
VEN-02161,1,0,0,33.10525952896311,0
VEN-02162,3,1,0,59.94183103639372,0
VEN-02163,3,3,0,108.91886601446733,2
VEN-02164,2,1,0,26.947481077051165,4
VEN-02165,2,2,1,97.84814400499232,2
VEN-02166,5,3,0,32.971535203420466,1
VEN-02167,3,1,1,26.761627649145456,0
VEN-02168,4,2,0,117.73976282132558,1
VEN-02169,5,1,0,46.721295433479206,0
VEN-02170,6,1,0,62.37091093293473,1
VEN-02171,4,0,1,74.83832370590115,0
VEN-02172,2,1,0,42.51220092707253,2
VEN-02173,4,1,0,26.8592203350102,0
VEN-02174,2,1,0,120.18866259790036,0
VEN-02175,3,0,1,111.35270945291695,0
VEN-02176,1,0,0,92.69811197035926,0
VEN-02177,5,0,0,28.262912315501016,1
VEN-02178,0,0,1,52.96260212175346,0
VEN-02179,2,1,0,71.73853312628692,1
VEN-02180,2,0,0,40.13932695953977,2
VEN-02181,2,2,1,34.20439037614364,1
VEN-02182,2,2,0,106.29387153809245,1
VEN-02183,1,0,0,77.83203792586542,1
VEN-02184,2,2,0,54.52551652339924,1
VEN-02185,4,2,2,85.73315212785106,1
VEN-02186,2,0,1,80.32837714709008,1
VEN-02187,2,0,0,79.82018108711068,0
VEN-02188,5,0,1,81.97107238976236,0
VEN-02189,2,2,0,98.31983973498784,0
VEN-02190,3,2,0,137.26467363512194,0
VEN-02191,2,1,0,47.73494572532285,1
VEN-02192,2,0,0,37.86124539758125,2
VEN-02193,3,1,1,159.36921519379896,0
VEN-02194,2,1,1,53.029302906818685,0
VEN-02195,4,0,1,45.426430347052886,0
VEN-02196,2,0,0,142.67822302297697,1
VEN-02197,0,0,0,85.10525021424067,1
VEN-02198,2,1,0,64.75286568232468,0
VEN-02199,0,0,0,23.262382878583583,0
VEN-02200,4,2,2,47.81497680430206,0
VEN-02201,3,0,0,104.1724972695175,1
VEN-02202,1,0,0,87.11876460921785,1
VEN-02203,2,0,0,94.12073758810769,0
VEN-02204,2,1,0,89.56703745629521,1
VEN-02205,2,2,0,53.32503369330892,1
VEN-02206,3,0,2,49.71036934334601,0
VEN-02207,2,1,2,80.18734237206668,2
VEN-02208,5,0,1,25.909932364576257,0
VEN-02209,3,1,0,69.1044626734689,0
VEN-02210,3,2,0,51.76647713382632,3
VEN-02211,4,2,0,129.77647331957098,1
VEN-02212,0,0,2,30.22911694661965,0
VEN-02213,3,2,0,74.94484205603725,1
VEN-02214,2,0,1,159.90094131414463,1
VEN-02215,1,0,0,54.3652789633628,1
VEN-02216,4,2,1,101.2743781455434,0
VEN-02217,1,1,0,49.34869428884873,1
VEN-02218,3,0,0,39.728371862054665,0
VEN-02219,3,0,0,80.05479218812398,2
VEN-02220,2,0,2,110.09297893835006,1
VEN-02221,3,1,1,23.5635117936704,1
VEN-02222,2,0,0,140.969189237777,1
VEN-02223,7,1,1,83.35695063110063,0
VEN-02224,6,1,1,91.17147546796504,0
VEN-02225,2,0,0,81.59166466582644,0
VEN-02226,2,2,0,30.63366275010147,0
VEN-02227,2,0,0,61.38020224902088,0
VEN-02228,2,0,1,24.748991660196133,1
VEN-02229,5,0,1,124.37864795638734,0
VEN-02230,1,0,0,38.41777240540849,1
VEN-02231,3,1,0,168.10081309113485,0
VEN-02232,5,2,1,139.26548819727932,2
VEN-02233,0,0,0,57.76207712911105,1
VEN-02234,2,1,0,26.10588039833547,0
VEN-02235,2,0,0,53.38794633882553,0
VEN-02236,0,0,0,60.52685256386914,0
VEN-02237,1,0,1,80.48988852722191,0
VEN-02238,7,3,0,38.51602856173648,2
VEN-02239,4,2,0,117.91352190079742,0
VEN-02240,4,0,1,54.96698274491904,0
VEN-02241,6,1,0,88.11232857560563,0
VEN-02242,0,0,0,51.00878543543026,1
VEN-02243,1,0,1,49.00705940679994,1
VEN-02244,5,2,1,95.71705697742831,2
VEN-02245,1,0,2,50.1134317246055,1
VEN-02246,0,0,0,101.778569853109,2
VEN-02247,1,1,0,55.23375456894574,1
VEN-02248,0,0,0,161.76814629672307,0
VEN-02249,5,0,0,14.671393400038342,2
VEN-02250,3,0,0,23.40611493620983,0
VEN-02251,2,0,0,139.5074392558996,1
VEN-02252,2,0,2,103.6777240510081,0
VEN-02253,5,2,0,82.19231967432397,2
VEN-02254,2,0,0,204.4771737182585,1
VEN-02255,1,1,0,37.00272827745878,2
VEN-02256,3,0,0,59.71105584547426,1
VEN-02257,3,0,0,92.48809349365824,0
VEN-02258,6,2,0,185.02823607388115,1
VEN-02259,2,2,2,145.74014431922956,1
VEN-02260,4,1,1,106.58064080758705,0
VEN-02261,2,1,2,86.24609439582316,0
VEN-02262,3,0,0,131.99348088473363,0
VEN-02263,3,1,0,119.59444812209438,0
VEN-02264,4,0,0,61.71078291186215,1
VEN-02265,5,3,1,31.29013866607839,0
VEN-02266,2,0,1,104.90137681072312,1
VEN-02267,2,2,0,162.3025330117947,1
VEN-02268,0,0,0,21.185425604724703,0
VEN-02269,2,1,1,111.58602218114814,0
VEN-02270,1,1,0,93.29823815981705,0
VEN-02271,1,0,1,104.2938391099071,0
VEN-02272,4,2,0,164.18532867096047,0
VEN-02273,4,1,0,45.87855840633688,1
VEN-02274,4,3,1,69.8053758231809,1
VEN-02275,0,0,1,56.18636062374881,0
VEN-02276,4,4,0,97.41910437320016,1
VEN-02277,4,0,0,83.16433216748592,0
VEN-02278,4,0,1,190.16538095372223,1
VEN-02279,3,1,0,80.69125120270982,0
VEN-02280,6,4,0,49.761282177295406,0
VEN-02281,3,2,0,115.18636904402643,0
VEN-02282,4,2,0,20.693373636720317,0
VEN-02283,2,0,2,144.73178860090053,0
VEN-02284,1,0,0,103.61125470597786,0
VEN-02285,5,2,1,99.91061020020004,0
VEN-02286,2,1,0,14.33423047994357,0
VEN-02287,2,0,0,99.50010353619577,0
VEN-02288,5,1,0,116.5597354078271,1
VEN-02289,0,0,0,40.37677191457857,1
VEN-02290,1,1,0,30.26763236579891,0
VEN-02291,0,0,0,116.2922418524473,1
VEN-02292,6,1,0,105.67947431463745,0
VEN-02293,1,1,0,59.59924291306553,0
VEN-02294,3,1,0,112.8951136370187,2
VEN-02295,6,3,0,33.04509281380949,0
VEN-02296,3,1,1,107.52493038707,1
VEN-02297,1,0,0,124.29468538558412,1
VEN-02298,5,1,0,16.187662706726865,2
VEN-02299,2,0,0,103.244281708791,1
VEN-02300,6,0,0,53.92801184459475,1
VEN-02301,4,0,0,58.384363637207,0
VEN-02302,5,1,0,55.84645464222305,1
VEN-02303,4,0,0,107.2790143802499,0
VEN-02304,4,3,1,97.14730565402394,1
VEN-02305,2,0,0,138.95280861136024,2
VEN-02306,1,0,1,120.551110631837,1
VEN-02307,0,0,0,50.179500927262445,4
VEN-02308,1,1,0,79.86240374178284,0
VEN-02309,3,1,0,75.97291895235614,0
VEN-02310,1,0,0,137.607986215114,0
VEN-02311,4,0,0,88.88407235324536,2
VEN-02312,3,0,0,32.81114605770322,3
VEN-02313,3,1,1,44.1229278324494,2
VEN-02314,0,0,1,83.25381543055074,0
VEN-02315,1,0,0,68.17587410937874,0
VEN-02316,5,1,0,26.939529060433127,1
VEN-02317,1,0,0,55.3558933827447,1
VEN-02318,2,1,0,137.5965138702956,1
VEN-02319,4,0,0,87.62755294922108,0
VEN-02320,3,0,1,114.39168295577248,0
VEN-02321,4,1,0,55.04755909744063,0
VEN-02322,1,0,0,123.54816847499364,2
VEN-02323,2,0,1,64.58658507245433,0
VEN-02324,1,1,0,65.02198446244972,0
VEN-02325,2,0,0,81.00618185809492,1
VEN-02326,3,0,0,91.33346321757888,0
VEN-02327,2,2,0,55.78511801729388,1
VEN-02328,0,0,1,66.30441749505405,0
VEN-02329,6,1,0,120.86671942228854,0
VEN-02330,3,0,0,79.18519941361924,0
VEN-02331,1,0,0,29.245469323583496,1
VEN-02332,2,0,1,19.580697003352352,0
VEN-02333,0,0,0,41.30467200094763,0
VEN-02334,2,0,0,132.97645066413696,1
VEN-02335,0,0,0,26.99118360332764,0
VEN-02336,2,2,1,45.82412373402048,0
VEN-02337,4,0,1,146.8428894276014,3
VEN-02338,4,1,0,153.3225115141562,2
VEN-02339,4,1,1,58.430377892489126,0
VEN-02340,3,0,0,220.53819903744895,1
VEN-02341,5,4,0,42.55305906855887,3
VEN-02342,3,0,1,67.98426802967502,0
VEN-02343,2,0,2,55.44975350107909,1
VEN-02344,0,0,0,156.86188343128137,2
VEN-02345,4,0,0,22.307411557933705,1
VEN-02346,2,0,0,213.49615580790717,0
VEN-02347,1,1,0,93.59065600784682,0
VEN-02348,3,0,0,91.0622202543844,3
VEN-02349,0,0,1,34.96026493373287,0
VEN-02350,3,2,0,47.40191235584956,0
VEN-02351,2,0,0,69.03652942737268,0
VEN-02352,4,1,0,188.76487952046276,1
VEN-02353,3,2,0,75.12774352015883,1
VEN-02354,2,0,0,67.30037728233675,1
VEN-02355,2,0,1,14.8716642452381,1
VEN-02356,2,0,2,58.04843495009117,1
VEN-02357,3,2,0,87.01890404630815,0
VEN-02358,2,2,0,56.90231792250775,0
VEN-02359,1,0,0,49.95359359899176,0
VEN-02360,5,1,0,81.35114930499721,0
VEN-02361,6,1,0,35.74051758012421,2
VEN-02362,6,1,0,28.52522657972748,1
VEN-02363,4,1,2,55.04712969701252,2
VEN-02364,5,2,1,62.338193212120046,1
VEN-02365,1,1,2,98.47764556551456,1
VEN-02366,1,0,0,227.63487432973017,1
VEN-02367,3,1,1,59.0210607053654,2
VEN-02368,2,1,0,42.5659576863189,3
VEN-02369,4,2,1,89.97823857263297,1
VEN-02370,1,1,0,44.33217837468392,0
VEN-02371,5,1,0,128.15690436028729,2
VEN-02372,4,1,1,23.936680565079804,0
VEN-02373,6,1,1,87.56713615181657,1
VEN-02374,0,0,0,81.4463241352307,1
VEN-02375,2,0,0,65.83195420183276,2
VEN-02376,6,1,1,74.13590558560284,0
VEN-02377,1,0,0,67.67224683779268,1
VEN-02378,2,1,2,40.461038677487934,1
VEN-02379,3,1,1,140.20043195145237,1
VEN-02380,4,0,1,27.718691104149773,1
VEN-02381,2,0,0,99.97053184145948,0
VEN-02382,1,1,1,38.94832431501461,1
VEN-02383,1,0,2,94.18565182307188,2
VEN-02384,3,2,0,50.97715064818014,0
VEN-02385,2,1,0,104.02803291243072,0
VEN-02386,1,0,1,36.162971565139095,1
VEN-02387,1,0,0,45.94655010947072,0
VEN-02388,1,1,0,26.945506030382404,0
VEN-02389,8,4,0,100.50911898674588,0
VEN-02390,2,1,2,42.95255149229389,1
VEN-02391,2,0,0,101.04954453999156,0
VEN-02392,3,0,1,64.55711590303112,0
VEN-02393,2,0,0,12.295612895374084,1
VEN-02394,1,1,0,106.92893654373428,0
VEN-02395,3,0,1,32.44470037047168,2
VEN-02396,3,1,2,41.572123940803614,0
VEN-02397,1,0,0,98.58679273633416,1
VEN-02398,3,1,0,43.52033417958682,1
VEN-02399,3,2,0,105.74366818546768,0
VEN-02400,2,0,0,36.53847920046441,0
VEN-02401,1,0,1,32.95726387369896,0
VEN-02402,3,0,1,126.41047750639504,0
VEN-02403,1,0,0,33.577717290216604,0
VEN-02404,1,1,2,146.74038652362475,2
VEN-02405,2,0,1,28.323323812488223,0
VEN-02406,2,0,0,54.89109300163866,0
VEN-02407,1,1,1,145.88558955309932,2
VEN-02408,1,0,0,24.737317319650916,2
VEN-02409,3,2,0,201.49192924850016,0
VEN-02410,1,1,1,21.455116856790884,1
VEN-02411,0,0,0,59.49536325819009,0
VEN-02412,3,0,0,67.87786006511656,0
VEN-02413,4,0,0,80.31723218360807,0
VEN-02414,3,2,0,34.28194611278978,0
VEN-02415,2,1,1,45.98322314959434,0
VEN-02416,3,0,0,133.60106011665067,0
VEN-02417,3,1,1,75.56355636312963,1
VEN-02418,3,1,0,42.40966842412558,0
VEN-02419,4,2,0,78.50585611680714,0
VEN-02420,5,2,0,27.91449260673244,0
VEN-02421,3,1,1,145.19559853779975,1
VEN-02422,0,0,1,98.48445239266054,0
VEN-02423,1,0,1,53.06960818585583,1
VEN-02424,1,1,0,54.851674684761015,1
VEN-02425,2,0,0,25.906141991253783,1
VEN-02426,5,0,0,84.54400638338988,3
VEN-02427,2,1,1,47.4580209135347,0
VEN-02428,1,0,0,113.05760332387402,1
VEN-02429,1,0,1,78.96968518376366,1
VEN-02430,0,0,0,50.71328762937991,1
VEN-02431,2,1,0,60.792795978070906,1
VEN-02432,1,0,0,67.74100200017412,1
VEN-02433,5,2,2,36.96236441933323,2
VEN-02434,4,1,1,60.505562290032216,1
VEN-02435,1,1,0,62.36903610321903,1
VEN-02436,3,1,1,102.42688248623683,0
VEN-02437,3,0,0,71.26630178910575,1
VEN-02438,0,0,0,18.695589826596454,0
VEN-02439,2,0,2,110.98153515354008,0
VEN-02440,2,1,0,103.48294157390748,0
VEN-02441,2,0,1,103.77771677131264,1
VEN-02442,2,1,1,30.71276264274656,0
VEN-02443,4,1,1,53.322383842805685,0
VEN-02444,1,1,0,148.48270109132326,1
VEN-02445,3,1,1,37.51991001629408,0
VEN-02446,2,2,2,49.2413386379766,1
VEN-02447,6,2,2,13.53581964055346,1
VEN-02448,3,0,0,132.69461936861205,1
VEN-02449,1,0,1,27.593274910162883,0
VEN-02450,4,0,0,163.26757725524385,0
VEN-02451,2,2,0,84.43417334953376,1
VEN-02452,2,0,0,73.03586554431759,1
VEN-02453,2,0,1,149.98244441403554,0
VEN-02454,2,0,0,100.57160898735432,1
VEN-02455,3,1,0,59.32713576861797,1
VEN-02456,3,1,0,61.0979760363816,0
VEN-02457,2,1,0,62.67323712748977,0
VEN-02458,3,0,0,64.58721596117942,0
VEN-02459,1,0,0,19.2575745658834,0
VEN-02460,3,2,0,27.64705090649856,1
VEN-02461,2,0,1,108.06737112973244,0
VEN-02462,3,0,0,62.42299270541079,2
VEN-02463,4,2,0,15.113842608630476,0
VEN-02464,2,0,0,68.25701783618797,1
VEN-02465,2,0,0,38.077852200274016,1
VEN-02466,3,0,1,73.3785357901144,3
VEN-02467,2,1,0,108.46811924721092,0
VEN-02468,3,1,0,231.3936169842113,1
VEN-02469,4,1,0,67.54470489288454,2
VEN-02470,1,1,0,100.93957970897752,0
VEN-02471,2,0,0,50.12473224618593,0
VEN-02472,7,2,1,96.4550126942596,0
VEN-02473,1,0,0,83.47824374051785,1
VEN-02474,2,1,1,58.346915677692216,0
VEN-02475,4,1,1,76.00945751982943,0
VEN-02476,4,1,1,26.161967285137287,1
VEN-02477,1,1,0,34.963736400717394,1
VEN-02478,1,0,1,92.65992523109573,0
VEN-02479,2,0,0,97.42207431523724,1
VEN-02480,2,0,1,67.55131184184445,1
VEN-02481,3,0,0,89.16442335526028,0
VEN-02482,3,1,0,61.31022245204622,1
VEN-02483,3,2,0,89.85160413580162,1
VEN-02484,3,1,0,28.979567100031364,1
VEN-02485,3,1,1,55.29117268001031,2
VEN-02486,2,1,0,52.94954068185491,0
VEN-02487,1,0,3,16.974083326392368,0
VEN-02488,2,0,1,79.27593333839916,0
VEN-02489,9,4,0,147.26060326488525,0
VEN-02490,2,1,2,103.50449107748877,0
VEN-02491,1,0,1,54.37004762590858,0
VEN-02492,5,1,1,41.270161261729065,0
VEN-02493,1,0,0,78.39685951012123,2
VEN-02494,2,0,0,52.11617915118923,0
VEN-02495,3,2,1,82.52853579586186,1
VEN-02496,1,0,0,83.80908264839444,1
VEN-02497,0,0,0,58.71448348628594,0
VEN-02498,0,0,0,103.4632634981837,0
VEN-02499,0,0,0,106.75813821820148,2
VEN-02500,2,0,0,32.182004196634495,2
VEN-02501,1,0,0,89.90944221286375,1
VEN-02502,5,1,0,70.67358114613981,0
VEN-02503,3,2,2,125.7311126343288,1
VEN-02504,3,0,1,41.328913263794,1
VEN-02505,1,0,1,214.37072040486828,0
VEN-02506,2,1,1,47.17328247632345,1
VEN-02507,1,0,0,89.68938740570228,2
VEN-02508,2,1,0,140.5857832902834,0
VEN-02509,0,0,1,25.166824205842047,0
VEN-02510,1,1,0,99.8611000258101,1
VEN-02511,2,1,3,108.57785106362932,1
VEN-02512,1,0,2,27.88232466382917,0
VEN-02513,1,1,0,84.36874343988828,1
VEN-02514,1,1,3,51.21889024316528,0
VEN-02515,1,0,0,130.73732625589858,2
VEN-02516,3,0,0,63.68580238895127,0
VEN-02517,4,2,0,110.9533714693908,0
VEN-02518,4,0,0,29.596640083703434,1
VEN-02519,1,1,1,54.83228174005752,2
VEN-02520,3,0,0,96.34951301787976,0
VEN-02521,5,2,1,51.03851818761007,0
VEN-02522,3,0,1,150.42354398132875,0
VEN-02523,2,0,0,138.08595402853138,0
VEN-02524,5,1,2,59.9842176856377,2
VEN-02525,2,0,1,64.52955503737054,0
VEN-02526,6,1,0,131.44174767311307,0
VEN-02527,2,1,0,125.49449106377328,1
VEN-02528,4,1,0,88.35090152255611,2
VEN-02529,3,0,1,97.16528965793712,0
VEN-02530,2,0,0,60.712075717884034,0
VEN-02531,3,2,0,35.98451150971134,2
VEN-02532,4,1,3,98.78122384154328,0
VEN-02533,3,2,2,52.01738411605324,0
VEN-02534,4,0,1,54.03365142321852,1
VEN-02535,4,1,0,90.11466235358684,0
VEN-02536,3,1,1,121.41556805822904,0
VEN-02537,3,2,1,77.36699875898829,0
VEN-02538,5,0,0,59.37932415418965,0
VEN-02539,3,1,2,73.36233802411664,1
VEN-02540,2,0,0,41.73086699599381,1
VEN-02541,1,1,1,81.9055322238972,2
VEN-02542,0,0,0,53.732257314726574,0
VEN-02543,3,1,0,40.7512182340723,2
VEN-02544,2,0,1,101.70367711523762,0
VEN-02545,1,0,0,40.81037137234017,1
VEN-02546,6,4,0,155.89194286331607,0
VEN-02547,2,0,0,118.6962026504096,1
VEN-02548,1,1,1,49.40392886995164,1
VEN-02549,0,0,0,46.39012701210608,1
VEN-02550,4,0,0,111.88690954579674,1
VEN-02551,3,1,0,58.27533512716601,1
VEN-02552,1,1,1,107.69925243460466,2
VEN-02553,0,0,0,72.15733421244474,3
VEN-02554,3,0,0,142.73030763982717,0
VEN-02555,3,0,0,34.25959176334338,0
VEN-02556,2,0,1,32.957040163891456,1
VEN-02557,0,0,1,36.08501541146039,0
VEN-02558,3,1,0,89.04493548124358,0
VEN-02559,2,1,0,97.40386635294702,2
VEN-02560,1,0,1,97.47799070064649,0
VEN-02561,3,1,1,58.03857239365514,0
VEN-02562,1,1,0,111.26769978651924,3
VEN-02563,3,0,0,51.36420792019748,1
VEN-02564,0,0,0,57.20449753453146,0
VEN-02565,5,2,1,47.5029628754153,0
VEN-02566,1,0,1,113.79017323867092,1
VEN-02567,6,2,0,61.48318231386919,0
VEN-02568,2,0,0,37.38504164474836,0
VEN-02569,2,1,0,132.6546169640902,0
VEN-02570,1,0,0,85.83120988083827,2
VEN-02571,2,0,0,75.02379875257964,2
VEN-02572,3,0,0,79.95475385312197,1
VEN-02573,1,1,1,169.04835456271724,2
VEN-02574,2,0,0,55.733351544983,0
VEN-02575,3,0,1,85.0881723823185,0
VEN-02576,3,0,0,143.07682554928442,0
VEN-02577,0,0,2,61.04232296238052,1
VEN-02578,4,2,0,17.05644792249472,1
VEN-02579,3,0,0,53.57047931990871,1
VEN-02580,1,1,0,144.2377463748246,2
VEN-02581,3,0,1,126.86446112688976,0
VEN-02582,5,2,0,72.43876995571475,0
VEN-02583,4,2,1,37.378823929517445,1
VEN-02584,1,0,0,72.77643517676422,0
VEN-02585,1,0,0,50.28802409896152,1
VEN-02586,3,1,0,43.04540544515709,0
VEN-02587,1,0,2,77.82805852477557,1
VEN-02588,4,1,0,100.69501944428862,0
VEN-02589,3,1,0,68.2940769584578,0
VEN-02590,3,2,1,45.22390573997204,0
VEN-02591,4,1,0,21.155752061508423,2
VEN-02592,4,2,0,43.53950270441638,0
VEN-02593,2,0,0,89.28238388551745,2
VEN-02594,3,0,0,18.357752576626428,1
VEN-02595,2,0,0,54.86597324163439,0
VEN-02596,1,0,0,52.54504022400581,0
VEN-02597,4,0,0,37.94432759534736,0
VEN-02598,7,1,0,52.0631119926965,0
VEN-02599,2,0,0,60.72291654852913,1
VEN-02600,2,0,0,137.3575672342566,0
VEN-02601,5,2,0,49.60413016646152,0
VEN-02602,2,0,0,53.98521206314294,0
VEN-02603,2,2,0,55.18244368577774,0
VEN-02604,2,1,0,91.36388911935904,0
VEN-02605,0,0,0,170.1187007078214,1
VEN-02606,7,1,0,83.53898219544152,2
VEN-02607,2,1,1,53.27132736667893,0
VEN-02608,2,2,0,34.61089902545475,4
VEN-02609,3,0,0,76.80009948909306,0
VEN-02610,1,1,0,32.41562792879587,0
VEN-02611,3,1,0,21.08556711191521,1
VEN-02612,4,1,1,58.01942249185109,1
VEN-02613,3,0,0,189.26758158486527,2
VEN-02614,5,2,0,115.86233680985434,3
VEN-02615,3,2,0,90.98692704025278,0
VEN-02616,2,1,0,40.51502512345191,2
VEN-02617,3,1,0,56.06845823224566,1
VEN-02618,1,0,0,108.5201633115204,1
VEN-02619,2,0,0,110.63278642182134,0
VEN-02620,2,1,0,16.464604281826084,0
VEN-02621,3,0,0,54.14646138743526,1
VEN-02622,3,1,0,56.85428167151869,0
VEN-02623,7,5,0,151.16760266137328,1
VEN-02624,4,0,0,43.4608213933457,1
VEN-02625,1,0,0,78.27434674350583,0
VEN-02626,1,0,1,43.68881122541626,1
VEN-02627,7,2,2,52.00834433142296,0
VEN-02628,4,2,0,33.666723746337915,1
VEN-02629,2,1,1,34.28913314491823,1
VEN-02630,1,0,0,38.12265439123666,1
VEN-02631,3,0,0,25.471940342666663,1
VEN-02632,6,2,0,60.45304645519874,0
VEN-02633,0,0,0,69.17386140065221,2
VEN-02634,2,0,1,27.33755692320089,2
VEN-02635,4,1,0,20.39579600081001,0
VEN-02636,2,0,0,96.33158577096783,0
VEN-02637,3,1,0,79.40735324598535,0
VEN-02638,8,3,0,127.65504165367668,0
VEN-02639,4,2,0,84.22155007672615,1
VEN-02640,2,0,0,32.38763571063652,0
VEN-02641,2,0,0,31.788355753301893,2
VEN-02642,7,1,0,38.53255482482443,0
VEN-02643,1,0,0,54.24026740909394,0
VEN-02644,5,0,1,61.58252425242276,2
VEN-02645,2,1,1,95.5864288924112,0
VEN-02646,8,2,1,113.27847405122294,0
VEN-02647,4,1,0,32.83324745293087,0
VEN-02648,3,1,0,100.90888787410891,2
VEN-02649,3,2,0,60.934358442410165,1
VEN-02650,2,1,1,70.12013533716033,0
VEN-02651,3,1,1,194.87127293429947,0
VEN-02652,1,1,0,142.0224791350448,0
VEN-02653,3,2,0,34.88814378341938,0
VEN-02654,3,2,1,82.18535800473428,1
VEN-02655,2,0,0,68.1737260772354,0
VEN-02656,1,0,1,96.58190931861442,1
VEN-02657,2,0,0,67.97762834356288,2
VEN-02658,6,3,0,22.68775758924302,1
VEN-02659,4,1,0,132.4510166453892,0
VEN-02660,3,0,0,48.63949293698202,1
VEN-02661,6,0,0,21.977834745493865,2
VEN-02662,0,0,0,110.78059224234738,0
VEN-02663,3,2,0,84.78127521881056,0
VEN-02664,2,1,1,39.46135720972761,1
VEN-02665,6,4,1,164.75971799772893,1
VEN-02666,1,0,0,157.9080714211737,0
VEN-02667,3,1,0,64.87198816863219,0
VEN-02668,3,1,2,64.07945436055795,0
VEN-02669,1,0,0,27.1738651644934,0
VEN-02670,0,0,0,116.66930920186648,2
VEN-02671,2,1,1,124.9524617195826,0
VEN-02672,2,0,0,55.192828635328446,1
VEN-02673,4,3,0,88.73664090546264,0
VEN-02674,1,0,0,84.67483112682761,0
VEN-02675,2,1,0,36.919720617703405,1
VEN-02676,5,3,0,264.0196356437383,1
VEN-02677,4,1,2,127.58561079041527,0
VEN-02678,4,2,0,87.74931953899636,0
VEN-02679,4,1,1,69.98041913605202,0
VEN-02680,2,2,1,28.153677371412343,0
VEN-02681,5,1,1,74.73528264257894,0
VEN-02682,2,1,0,81.55169747545206,0
VEN-02683,0,0,0,168.01438461042252,1
VEN-02684,2,0,0,22.86716048185741,0
VEN-02685,4,2,1,68.208804434628,0
VEN-02686,2,2,0,59.848112029415645,0
VEN-02687,4,1,0,49.25928955275726,0
VEN-02688,0,0,0,42.54573787938995,1
VEN-02689,2,2,0,129.09899739834134,0
VEN-02690,4,2,0,47.83160757777145,0
VEN-02691,3,2,1,194.44450337883492,0
VEN-02692,2,0,0,59.855612665616256,3
VEN-02693,3,2,1,22.494678869941488,1
VEN-02694,3,2,0,54.02150721769686,4
VEN-02695,3,1,2,120.62448881659552,0
VEN-02696,4,2,0,66.49389481398133,0
VEN-02697,1,0,0,73.48028993386845,0
VEN-02698,5,1,1,95.83855808749676,2
VEN-02699,4,3,0,20.620161838036,0
VEN-02700,3,0,0,70.93413382025787,2
VEN-02701,3,2,0,123.10749214272684,1
VEN-02702,2,1,0,32.84545602074962,1
VEN-02703,2,1,0,22.04504814877672,0
VEN-02704,4,2,0,111.96869081810352,0
VEN-02705,3,1,1,97.65883266611996,0
VEN-02706,2,0,0,172.44917462968618,0
VEN-02707,1,0,0,126.71313837652716,0
VEN-02708,5,3,0,56.11666130640223,0
VEN-02709,1,0,0,88.06810702196644,0
VEN-02710,3,0,0,63.73309122997118,1
VEN-02711,5,1,1,62.46532639174978,2
VEN-02712,1,0,1,100.76240701328682,1
VEN-02713,4,1,0,52.87046033053437,1
VEN-02714,1,0,0,46.564711624897605,0
VEN-02715,2,1,2,97.7418232120856,2
VEN-02716,2,1,0,22.43011854270498,1
VEN-02717,5,2,2,66.69725506512795,0
VEN-02718,3,2,0,18.08137025360848,1
VEN-02719,1,0,0,37.49661206166389,0
VEN-02720,1,0,0,82.26338963339278,2
VEN-02721,5,2,0,85.96004530118455,3
VEN-02722,2,1,1,85.86434688056038,1
VEN-02723,3,1,0,97.59608879172028,1
VEN-02724,1,0,1,38.10889374394017,1
VEN-02725,2,0,0,93.88976674300166,0
VEN-02726,2,1,0,117.271705784493,0
VEN-02727,5,2,0,79.08674541408378,0
VEN-02728,3,0,0,12.69245312824189,2
VEN-02729,4,1,0,80.64408078524099,1
VEN-02730,3,0,0,33.62682430859169,1
VEN-02731,2,0,0,31.842885089712087,2
VEN-02732,3,2,1,82.2535324501222,0
VEN-02733,3,0,3,86.5765225055114,2
VEN-02734,6,4,1,70.04760449904587,0
VEN-02735,6,2,1,139.37272208706818,0
VEN-02736,6,3,1,68.2921670377665,1
VEN-02737,3,0,0,47.37270265001165,1
VEN-02738,1,0,1,102.71784274432514,1
VEN-02739,0,0,3,55.630458657824754,0
VEN-02740,2,1,0,76.41842328389271,3
VEN-02741,4,1,0,88.69070840592829,1
VEN-02742,2,1,1,107.50840598278036,0
VEN-02743,3,1,0,146.66785947116293,1
VEN-02744,4,1,2,88.79055069484968,0
VEN-02745,1,1,1,19.57228095016388,0
VEN-02746,5,1,0,112.56618810144911,0
VEN-02747,5,1,1,75.63826678960785,0
VEN-02748,2,1,0,53.10155220863194,1
VEN-02749,1,1,1,83.66022632433771,1
VEN-02750,3,1,0,59.05479963257064,2
VEN-02751,3,1,0,82.1677179387867,2
VEN-02752,3,0,0,78.65498178349111,0
VEN-02753,2,1,0,51.40264191173559,0
VEN-02754,1,0,0,70.42487147503405,0
VEN-02755,3,2,0,122.0347957442072,0
VEN-02756,4,1,1,129.73079163869076,0
VEN-02757,3,3,1,29.14500107454964,1
VEN-02758,2,1,0,36.57977644825499,1
VEN-02759,3,0,0,96.58527211765092,3
VEN-02760,1,0,0,70.82171839026167,1
VEN-02761,4,1,0,84.63594461174044,2
VEN-02762,1,0,0,95.2191981267409,0
VEN-02763,1,0,1,48.00078816265079,0
VEN-02764,5,2,1,14.966681362067805,2
VEN-02765,3,0,0,66.07426327154715,3
VEN-02766,2,1,1,147.50530345462005,1
VEN-02767,4,1,0,61.17983861916689,0
VEN-02768,4,1,0,117.24263449557694,1
VEN-02769,2,1,0,103.49986729512194,4
VEN-02770,4,0,0,47.213026932857694,3
VEN-02771,7,1,1,69.91726689987766,3
VEN-02772,0,0,0,98.72267171226444,1
VEN-02773,3,1,0,41.55537545719564,1
VEN-02774,0,0,0,34.60685398678146,0
VEN-02775,3,1,2,70.13484236093933,1
VEN-02776,3,0,0,101.46485090824405,1
VEN-02777,2,0,1,58.29520503761874,2
VEN-02778,1,0,1,79.25852179059365,0
VEN-02779,3,2,1,51.66744275451551,0
VEN-02780,2,1,0,7.39783849107558,1
VEN-02781,6,2,1,69.28876082161878,0
VEN-02782,5,1,1,43.942135751092486,1
VEN-02783,3,2,0,78.77874598887922,1
VEN-02784,1,0,4,86.82038611245734,1
VEN-02785,2,1,1,63.63248734143933,1
VEN-02786,4,0,0,126.29682373838976,0
VEN-02787,5,0,0,53.28041152399274,2
VEN-02788,1,0,0,98.96742482386163,0
VEN-02789,4,3,0,87.6929211195476,0
VEN-02790,3,0,0,83.63073304984222,0
VEN-02791,4,1,1,147.69949705296554,0
VEN-02792,4,0,0,23.657604285481987,1
VEN-02793,3,1,1,19.95060244452727,1
VEN-02794,1,1,0,84.80952816497349,1
VEN-02795,2,2,0,29.76741775694909,3
VEN-02796,3,2,0,57.58082691009746,2
VEN-02797,1,0,0,51.98062452104977,1
VEN-02798,3,1,0,107.1884984704896,0
VEN-02799,3,1,0,52.05096149062622,0
VEN-02800,4,3,0,34.64747733315266,0
VEN-02801,3,0,0,73.61208201992063,1
VEN-02802,4,2,0,75.37972307664512,1
VEN-02803,0,0,1,71.11868022463288,3
VEN-02804,1,1,1,38.71250766397762,0
VEN-02805,5,1,1,82.90926295178285,1
VEN-02806,1,0,0,36.152241179183015,0
VEN-02807,2,0,1,32.43401041127333,1
VEN-02808,3,1,0,77.41724984138533,0
VEN-02809,2,0,1,70.04261606693382,0
VEN-02810,2,0,0,199.7035717531481,1
VEN-02811,3,2,1,113.04293599716549,1
VEN-02812,2,0,0,75.83334251068989,1
VEN-02813,1,0,3,76.65667384771854,3
VEN-02814,1,1,0,25.575229082837367,1
VEN-02815,4,1,0,104.69020720142304,0
VEN-02816,3,0,0,60.27457714604139,2
VEN-02817,4,2,1,58.69523996416257,0
VEN-02818,4,1,0,85.81467988544476,0
VEN-02819,2,0,0,98.49198351176602,1
VEN-02820,0,0,0,77.89163811817419,0
VEN-02821,3,1,0,125.63989832380496,1
VEN-02822,3,0,1,79.01706503735466,0
VEN-02823,4,2,0,101.46037395407492,0
VEN-02824,4,1,0,28.52306328321888,1
VEN-02825,5,2,0,37.00709709467375,1
VEN-02826,6,1,0,117.04742057465528,1
VEN-02827,1,1,1,61.8268774063236,1
VEN-02828,2,2,0,63.128162205946815,1
VEN-02829,2,2,0,79.2701052421683,0
VEN-02830,4,1,0,22.584888383712013,0
VEN-02831,5,1,0,23.224536478525376,0
VEN-02832,1,0,2,117.76347884231063,1
VEN-02833,1,0,0,44.02664044649914,0
VEN-02834,3,1,0,130.87838195090512,3
VEN-02835,2,0,0,103.85869176646494,0
VEN-02836,2,1,1,68.30029899536899,0
VEN-02837,2,1,0,90.50442877912148,0
VEN-02838,2,0,0,80.98311369451825,1
VEN-02839,3,0,2,38.0628226571709,0
VEN-02840,3,2,0,25.502881864887637,1
VEN-02841,4,1,0,30.736405180500928,0
VEN-02842,0,0,1,66.22863970010741,2
VEN-02843,2,0,0,72.54348771753939,2
VEN-02844,0,0,0,122.12530976136026,1
VEN-02845,0,0,0,93.34716138416924,0
VEN-02846,4,1,1,160.84127360449406,0
VEN-02847,3,0,2,158.24601116531773,1
VEN-02848,2,0,1,58.73787644599569,0
VEN-02849,2,0,0,70.03244805212641,0
VEN-02850,4,1,1,71.6225380448961,1
VEN-02851,2,0,0,68.08009945424168,0
VEN-02852,1,0,0,63.455938691728605,2
VEN-02853,2,0,0,95.27289405442104,0
VEN-02854,3,1,1,28.34288225679628,0
VEN-02855,5,0,1,67.20297493166657,3
VEN-02856,3,1,0,66.33209904337096,2
VEN-02857,1,1,0,70.07937427680189,2
VEN-02858,5,0,2,132.61751072611588,1
VEN-02859,3,0,1,43.31475947029608,0
VEN-02860,3,2,0,61.68919395310729,0
VEN-02861,1,1,0,97.41406323270144,0
VEN-02862,2,0,0,50.11525649405063,0
VEN-02863,3,2,0,8.738021264514904,0
VEN-02864,5,3,1,60.006507029462014,1
VEN-02865,4,1,1,80.38272474895538,1
VEN-02866,3,0,0,82.73661937553241,1
VEN-02867,2,2,0,100.2199249616509,0
VEN-02868,2,0,0,57.83812077271666,0
VEN-02869,2,0,0,39.32600361945789,0
VEN-02870,2,0,0,127.94975276651836,0
VEN-02871,0,0,0,53.210616338862295,0
VEN-02872,3,1,0,63.4185267572227,2
VEN-02873,5,2,1,46.636982469958056,0
VEN-02874,4,2,1,98.33631676015574,0
VEN-02875,3,2,0,26.52011217693309,1
VEN-02876,2,2,0,91.42117821675198,0
VEN-02877,1,0,0,50.41759343186732,0
VEN-02878,2,2,0,136.27004959016256,1
VEN-02879,3,0,0,67.22707339756421,0
VEN-02880,3,0,0,43.856456960933485,0
VEN-02881,4,2,2,126.65004450475342,1
VEN-02882,2,0,0,33.750953714606936,3
VEN-02883,5,1,1,60.13202408048906,2
VEN-02884,4,1,1,70.03884753830923,0
VEN-02885,2,0,0,48.58864897233335,0
VEN-02886,3,0,0,52.82124582310652,1
VEN-02887,3,1,0,53.03069211293304,1
VEN-02888,2,1,2,71.0122148167209,1
VEN-02889,1,0,0,166.38986637136327,1
VEN-02890,4,2,1,74.02256440215426,1
VEN-02891,4,2,0,128.68669239428914,0
VEN-02892,2,0,0,65.1378569146341,0
VEN-02893,1,1,0,172.0364418411424,1
VEN-02894,4,3,0,95.17171186772082,0
VEN-02895,1,0,0,34.389215744252944,0
VEN-02896,0,0,0,35.82206857793606,0
VEN-02897,0,0,0,16.124209528105915,1
VEN-02898,2,0,0,51.47697692105441,0
VEN-02899,4,2,0,106.76557678993176,0
VEN-02900,0,0,2,114.80409226898016,0
VEN-02901,4,2,0,63.92532631432948,1
VEN-02902,0,0,0,75.95433711237406,0
VEN-02903,6,1,1,41.83419582997976,0
VEN-02904,2,1,0,21.32856455577587,1
VEN-02905,1,0,0,105.01601362059128,0
VEN-02906,2,0,0,104.15410391324583,1
VEN-02907,2,0,1,28.319704538437417,1
VEN-02908,4,1,1,86.64305112906746,0
VEN-02909,0,0,1,75.49248481478753,0
VEN-02910,2,1,0,90.93191793242516,1
VEN-02911,0,0,2,92.674314482689,1
VEN-02912,1,0,0,34.46426308077773,1
VEN-02913,7,0,1,105.53133364236544,1
VEN-02914,3,0,1,42.70553198519571,0
VEN-02915,1,0,2,118.21948456508954,0
VEN-02916,2,1,1,80.51723835932059,1
VEN-02917,1,1,1,46.27347125152372,1
VEN-02918,5,0,0,98.9236055691853,0
VEN-02919,3,1,0,180.44562940526356,0
VEN-02920,3,0,0,98.7923423526115,1
VEN-02921,2,0,1,51.85384568821043,0
VEN-02922,3,0,1,93.4738551512486,0
VEN-02923,4,0,1,169.7777535213714,0
VEN-02924,1,0,2,124.34186718942892,0
VEN-02925,1,0,1,95.60602583056668,1
VEN-02926,3,1,1,77.04487436323932,0
VEN-02927,1,1,0,131.68853055895863,2
VEN-02928,4,1,0,69.42909802089366,0
VEN-02929,0,0,1,66.41412109433055,1
VEN-02930,2,1,1,32.63470042689842,0
VEN-02931,4,1,2,27.369977915548677,0
VEN-02932,2,0,0,126.6387163594692,0
VEN-02933,2,1,0,124.00373687896274,0
VEN-02934,4,1,1,86.3799137893383,1
VEN-02935,6,2,0,167.5970916482031,0
VEN-02936,2,1,0,99.17270436145878,0
VEN-02937,3,2,1,84.35354902739026,0
VEN-02938,1,1,1,93.07527297221914,0
VEN-02939,2,1,0,17.86391570538793,3
VEN-02940,1,0,0,54.4731583952663,0
VEN-02941,3,0,0,75.15346483692149,0
VEN-02942,3,1,1,146.26383683330263,0
VEN-02943,1,0,1,101.07653135316352,0
VEN-02944,4,2,0,66.0824682052537,1
VEN-02945,2,0,0,74.50204470880902,2
VEN-02946,3,1,0,34.46721926075242,0
VEN-02947,5,0,1,77.0270685447596,0
VEN-02948,1,0,1,76.61365719664208,1
VEN-02949,6,1,1,94.60248340793363,0
VEN-02950,4,2,1,55.67001087030873,1
VEN-02951,2,0,1,75.16305046467386,0
VEN-02952,0,0,1,41.15097003489058,0
VEN-02953,3,2,0,21.07014246584829,2
VEN-02954,1,0,0,119.73000386426268,0
VEN-02955,5,4,1,34.38038022894298,0
VEN-02956,3,1,0,131.70355431234506,0
VEN-02957,4,2,0,67.2279295480807,1
VEN-02958,2,0,0,35.788794808423816,1
VEN-02959,2,1,0,70.79352645334754,1
VEN-02960,1,0,0,37.28114712211561,1
VEN-02961,0,0,0,64.23925155033956,0
VEN-02962,2,0,1,64.92504728523703,0
VEN-02963,2,0,1,39.110112467440345,1
VEN-02964,1,0,0,195.8470631212782,1
VEN-02965,4,1,0,89.9890243437909,1
VEN-02966,3,0,0,40.42989303735051,0
VEN-02967,3,0,0,36.25669393178751,2
VEN-02968,2,1,0,33.74019688822241,1
VEN-02969,2,1,1,70.72851120153088,1
VEN-02970,2,0,0,56.018043272997495,1
VEN-02971,3,0,0,77.40035086711195,1
VEN-02972,3,1,0,208.86187201651808,1
VEN-02973,3,0,1,59.71379909265929,1
VEN-02974,2,0,1,177.3057989623082,0
VEN-02975,0,0,1,78.41740387033688,0
VEN-02976,2,0,0,34.57764143340881,0
VEN-02977,2,0,0,54.5737944268388,2
VEN-02978,1,1,1,37.58019033124552,2
VEN-02979,4,2,0,80.22124684620483,0
VEN-02980,3,0,0,60.06431081419183,0
VEN-02981,7,3,0,76.84772774952253,0
VEN-02982,1,0,1,89.23797070145561,0
VEN-02983,5,1,0,59.36660566554062,0
VEN-02984,0,0,1,108.50394641246116,0
VEN-02985,2,0,1,68.60338768693344,0
VEN-02986,4,1,0,53.59589133712931,0
VEN-02987,2,0,0,71.50668693272794,1
VEN-02988,2,1,0,56.84179209574216,0
VEN-02989,6,1,1,62.40248620544696,0
VEN-02990,3,1,0,62.37404109078385,1
VEN-02991,1,0,0,40.48245397916962,2
VEN-02992,1,0,1,75.39686978099789,0
VEN-02993,2,1,0,73.89763121991426,0
VEN-02994,4,2,0,69.96159200725161,0
VEN-02995,2,0,1,74.3396476011841,1
VEN-02996,3,0,1,204.7997995231448,1
VEN-02997,3,0,0,53.39403187995155,0
VEN-02998,2,2,1,39.44560689464475,2
VEN-02999,7,1,1,58.5925396051976,0
VEN-03000,4,1,0,68.24930008102149,0
VEN-03001,3,1,0,143.74863358889823,2
VEN-03002,0,0,0,49.48139301871494,3
VEN-03003,2,1,0,44.21021142716195,0
VEN-03004,5,1,0,58.87299741241475,0
VEN-03005,4,1,1,27.002524652759742,0
VEN-03006,4,4,0,73.27589307650213,1
VEN-03007,3,2,1,74.0876814425838,1
VEN-03008,1,0,0,92.47784715660454,2
VEN-03009,1,0,0,38.16960527800956,0
VEN-03010,9,6,0,12.250554709296248,0
VEN-03011,3,2,0,137.6474799658105,1
VEN-03012,4,0,1,66.1964749051929,0
VEN-03013,3,0,0,101.23204876827307,0
VEN-03014,6,1,1,26.38249260963392,0
VEN-03015,3,1,0,76.43232221066239,0
VEN-03016,4,0,0,76.66114728007038,0
VEN-03017,1,0,0,99.16928038663303,0
VEN-03018,2,1,0,58.36600399624985,0
VEN-03019,3,1,1,42.58779899938766,0
VEN-03020,4,0,0,61.70705904194345,0
VEN-03021,0,0,0,122.8072898540507,1
VEN-03022,3,1,0,77.67720484803758,1
VEN-03023,3,1,0,43.85308563032546,1
VEN-03024,6,3,0,75.95984228874143,1
VEN-03025,4,1,0,101.45966815488404,1
VEN-03026,2,1,0,133.55344828506873,1
VEN-03027,0,0,0,87.20340137876819,0
VEN-03028,2,0,1,25.17787426261892,1
VEN-03029,1,0,1,36.68391978289952,0
VEN-03030,3,0,1,9.61178423753771,0
VEN-03031,2,1,0,61.19841256792766,1
VEN-03032,3,1,1,75.2375821249679,2
VEN-03033,3,3,0,163.4966649333687,1
VEN-03034,3,1,0,44.77932913406077,1
VEN-03035,3,0,0,84.20829308115303,0
VEN-03036,3,0,0,80.64158781181294,4
VEN-03037,1,0,0,61.19463039347223,1
VEN-03038,5,2,0,58.497784010054914,2
VEN-03039,2,1,2,136.55271562910832,0
VEN-03040,1,0,0,37.772958958519006,1
VEN-03041,0,0,0,89.28713400055936,1
VEN-03042,2,0,0,39.509430275301206,0
VEN-03043,4,2,2,120.16234657042914,0
VEN-03044,4,2,1,33.22649488564965,1
VEN-03045,2,0,0,44.3392741592576,0
VEN-03046,1,1,0,22.36729831664659,1
VEN-03047,5,3,0,22.78757595333881,1
VEN-03048,6,0,1,55.64675504424818,0
VEN-03049,1,1,0,137.27793081593094,0
VEN-03050,0,0,0,52.79834582448362,3
VEN-03051,2,1,0,82.22527352675048,0
VEN-03052,4,1,0,138.76729579888567,0
VEN-03053,3,1,0,100.5456578156794,0
VEN-03054,4,0,1,12.986796311562124,1
VEN-03055,2,1,0,149.7647941435902,0
VEN-03056,5,2,0,100.72156908354958,0
VEN-03057,1,0,0,43.62850609960346,2
VEN-03058,1,1,0,47.22730261034693,2
VEN-03059,2,2,1,98.87967594217275,0
VEN-03060,1,0,0,67.91524118599642,0
VEN-03061,0,0,0,52.27190768263639,1
VEN-03062,1,0,0,81.67058614541192,0
VEN-03063,0,0,1,112.78096986309708,0
VEN-03064,1,0,1,93.1215842140138,2
VEN-03065,2,0,2,101.91330515064972,0
VEN-03066,1,0,0,195.6527361338545,0
VEN-03067,5,3,0,88.84385419318832,1
VEN-03068,2,1,0,87.67740406286092,0
VEN-03069,0,0,1,118.71165330226783,1
VEN-03070,2,1,0,59.38130302901919,0
VEN-03071,1,0,0,25.48213968293174,0
VEN-03072,2,1,1,53.55864769602432,0
VEN-03073,3,2,0,64.42369311467544,0
VEN-03074,5,1,0,203.12992175450745,1
VEN-03075,4,3,1,16.683981734455077,0
VEN-03076,4,0,0,87.82631723196613,0
VEN-03077,2,1,0,63.49913749721991,0
VEN-03078,4,1,0,43.11152624875055,3
VEN-03079,2,1,0,92.94779582655586,3
VEN-03080,3,0,1,75.0624985850341,0
VEN-03081,2,0,0,79.99277223637834,0
VEN-03082,2,0,0,62.20968949977742,1
VEN-03083,4,0,0,103.67768961575196,0
VEN-03084,6,1,2,189.8912997532849,0
VEN-03085,7,2,0,52.00033865414535,2
VEN-03086,6,1,0,58.31784474297322,1
VEN-03087,2,1,0,119.41412121589,1
VEN-03088,4,2,0,177.2768242929457,1
VEN-03089,6,0,0,63.2100636870824,0
VEN-03090,2,1,1,58.10517779469694,0
VEN-03091,4,1,0,45.96002709944672,2
VEN-03092,4,2,1,54.75505217850625,1
VEN-03093,5,0,0,50.699158349243376,0
VEN-03094,6,0,0,98.38051222019284,0
VEN-03095,1,0,1,81.98952730674961,1
VEN-03096,1,0,2,24.84090205434253,0
VEN-03097,2,1,2,28.397315809869266,0
VEN-03098,1,0,2,94.20534568660264,1
VEN-03099,2,1,0,110.73156384719503,2
VEN-03100,5,1,1,79.1317623030906,0
VEN-03101,4,2,0,27.117966932603583,0
VEN-03102,1,1,0,90.26574807090256,0
VEN-03103,2,1,0,33.469223893701745,0
VEN-03104,6,1,0,65.69662097431326,2
VEN-03105,3,2,0,110.50981937866725,1
VEN-03106,2,2,0,139.2356563037257,0
VEN-03107,3,2,0,57.37904146362057,0
VEN-03108,2,0,0,67.0873181247207,1
VEN-03109,3,0,0,49.63989450815915,1
VEN-03110,5,2,1,146.80756964481162,0
VEN-03111,2,1,0,22.52034023554105,0
VEN-03112,2,1,0,65.5342540173948,0
VEN-03113,4,2,1,68.13500997699035,1
VEN-03114,4,2,1,63.927425641645705,0
VEN-03115,3,0,0,40.8109380591578,0
VEN-03116,5,1,0,79.1933451089836,0
VEN-03117,4,1,0,68.50504673522235,2
VEN-03118,0,0,0,65.79294702543686,2
VEN-03119,3,1,1,121.8405065790438,2
VEN-03120,2,0,0,150.59638772092785,0
VEN-03121,1,0,0,28.488528268836312,0
VEN-03122,2,1,2,69.28321133017035,0
VEN-03123,1,0,0,84.21686429218309,1
VEN-03124,7,4,0,86.32846667584796,3
VEN-03125,1,0,1,47.26581164326309,2
VEN-03126,1,1,2,9.613483627725476,0
VEN-03127,2,1,2,133.4251038361913,1
VEN-03128,4,1,0,41.07229889421975,1
VEN-03129,3,0,1,43.479188019643374,0
VEN-03130,2,2,1,18.651199372589108,1
VEN-03131,4,0,1,84.55159794072162,0
VEN-03132,0,0,0,67.36433285530646,1
VEN-03133,1,0,2,122.5249796368139,0
VEN-03134,1,0,0,40.156863572380445,2
VEN-03135,5,2,1,127.08207646191832,0
VEN-03136,6,1,1,95.07099840370992,1
VEN-03137,3,1,0,30.96277738538378,0
VEN-03138,2,1,0,85.93526646524685,1
VEN-03139,4,2,0,69.97633466601125,1
VEN-03140,3,2,0,70.80791462721375,1
VEN-03141,6,1,0,134.65128405298637,0
VEN-03142,1,0,0,110.12658580013463,0
VEN-03143,1,0,0,84.27609069717106,0
VEN-03144,3,2,1,100.04182880556338,0
VEN-03145,3,1,0,59.821066278089,1
VEN-03146,1,1,1,52.85006925225332,1
VEN-03147,3,0,2,45.50803176140896,0
VEN-03148,1,0,1,102.42463736673233,1
VEN-03149,4,1,3,70.14061534278626,2
VEN-03150,3,2,0,82.82042032079977,0
VEN-03151,3,0,0,91.8910839084538,0
VEN-03152,4,2,0,112.83599749966092,0
VEN-03153,3,0,0,104.43337560145356,0
VEN-03154,4,1,0,112.5058846023224,2
VEN-03155,3,1,1,117.00160226658151,0
VEN-03156,2,1,0,60.02940756842041,1
VEN-03157,1,1,0,39.666217345548965,2
VEN-03158,5,0,1,51.63749865705049,0
VEN-03159,1,0,0,69.7817088364337,2
VEN-03160,4,1,0,117.78298166306926,0
VEN-03161,4,1,0,41.96201082537973,0
VEN-03162,4,2,2,108.00983904043932,1
VEN-03163,2,0,0,84.49645367370287,2
VEN-03164,1,0,0,55.73660201129505,0
VEN-03165,6,1,1,106.13951539051992,0
VEN-03166,3,0,2,58.10000905034332,1
VEN-03167,4,0,0,74.72308991837745,0
VEN-03168,3,0,0,21.37728317623241,0
VEN-03169,1,1,2,90.22049288468806,1
VEN-03170,2,0,0,138.13888131123736,0
VEN-03171,1,0,0,65.50649416996309,1
VEN-03172,3,1,0,15.642426226829736,0
VEN-03173,1,0,0,138.30388120318588,1
VEN-03174,1,0,0,59.42535096480998,0
VEN-03175,3,0,0,93.01051629940125,0
VEN-03176,3,0,0,57.83643992074312,1
VEN-03177,7,2,1,36.62304671999191,2
VEN-03178,3,1,1,119.12727910280393,1
VEN-03179,0,0,1,50.56525328994029,1
VEN-03180,3,1,0,40.853763029302975,1
VEN-03181,2,0,0,115.41625406634913,0
VEN-03182,2,0,1,70.78184717939784,1
VEN-03183,7,2,0,46.921297262300605,1
VEN-03184,3,1,0,52.0284066923448,0
VEN-03185,7,1,0,45.52887903350698,2
VEN-03186,5,2,0,34.78934800294792,1
VEN-03187,3,0,0,51.25338582058163,0
VEN-03188,5,2,0,179.92115063658423,0
VEN-03189,4,1,0,101.9979232848396,0
VEN-03190,4,1,0,65.69419232203938,2
VEN-03191,4,1,0,94.18477560271933,0
VEN-03192,3,1,0,20.59133655754427,1
VEN-03193,2,0,0,31.713266087943364,1
VEN-03194,5,3,0,65.40630378927372,0
VEN-03195,3,0,0,69.10413163203661,2
VEN-03196,3,2,2,18.085587204170285,2
VEN-03197,5,3,0,137.75042322332953,0
VEN-03198,2,0,0,77.14953114621262,1
VEN-03199,3,1,1,96.51381800076054,1
VEN-03200,4,1,0,74.86726514626176,0
VEN-03201,4,1,0,137.0088965918851,1
VEN-03202,1,0,0,29.396154035995444,0
VEN-03203,4,1,1,66.73141404235352,1
VEN-03204,5,2,1,218.19700325041896,1
VEN-03205,3,1,1,52.8030159328486,0
VEN-03206,2,1,0,37.03366619605702,5
VEN-03207,4,2,0,98.39362258611332,1
VEN-03208,5,1,0,38.68852029786196,1
VEN-03209,4,2,1,41.35555260344771,1
VEN-03210,3,1,0,26.45347163032058,1
VEN-03211,0,0,0,60.81153368379216,0
VEN-03212,3,0,0,64.64395110161487,0
VEN-03213,2,1,0,30.939859396686096,1
VEN-03214,2,1,0,50.40042782879223,0
VEN-03215,3,0,2,78.57477572757433,0
VEN-03216,4,1,0,15.193321907991132,0
VEN-03217,4,0,1,141.9901810356805,1
VEN-03218,2,2,0,57.46781819911362,0
VEN-03219,3,2,1,46.68083458285665,0
VEN-03220,2,1,1,270.1770775968334,2
VEN-03221,2,0,0,126.84094412764944,1
VEN-03222,2,2,0,47.11269096366252,2
VEN-03223,4,1,1,71.73276491167636,0
VEN-03224,8,2,1,48.781698274119165,0
VEN-03225,0,0,0,165.2440551928975,1
VEN-03226,1,1,0,62.67323926461026,0
VEN-03227,3,2,2,38.89925665798774,0
VEN-03228,1,1,1,120.01989013946157,0
VEN-03229,1,0,0,143.6439863263495,1
VEN-03230,6,3,0,134.33975432555778,0
VEN-03231,1,0,0,80.50168656597273,0
VEN-03232,3,1,1,110.14077695254268,2
VEN-03233,2,0,1,91.78241167656984,1
VEN-03234,1,1,0,144.58811900714585,0
VEN-03235,3,2,0,44.42078253323028,2
VEN-03236,1,0,0,83.49178111983878,1
VEN-03237,2,0,0,76.89330521021157,0
VEN-03238,4,1,1,49.54390919899302,1
VEN-03239,4,0,0,93.78019923547603,2
VEN-03240,2,0,1,167.74732556590138,1
VEN-03241,0,0,1,68.15609605968078,0
VEN-03242,6,3,1,172.55711343725537,4
VEN-03243,3,1,0,30.23811087459089,1
VEN-03244,2,1,0,43.95265571003193,1
VEN-03245,1,1,0,118.55335760990326,0
VEN-03246,3,2,1,82.00309530461021,1
VEN-03247,0,0,0,39.21708157883701,0
VEN-03248,5,1,0,49.87772414280152,2
VEN-03249,3,0,0,60.399549884454274,1
VEN-03250,4,1,0,96.75689516754956,1
VEN-03251,1,0,0,73.05011988934795,0
VEN-03252,5,0,0,62.24421488868779,1
VEN-03253,2,1,1,76.52402738149539,0
VEN-03254,2,1,0,113.06813529361426,1
VEN-03255,2,0,1,8.340730376266457,1
VEN-03256,2,0,0,112.8287061314435,2
VEN-03257,2,0,0,70.7437593897071,2
VEN-03258,2,0,0,161.09404683927744,2
VEN-03259,3,1,0,72.73404045990044,0
VEN-03260,2,0,1,35.44770996422502,1
VEN-03261,2,0,0,76.71970245664473,0
VEN-03262,2,1,0,65.05383088833453,0
VEN-03263,4,1,0,85.87937478954429,0
VEN-03264,1,0,0,69.60690742353587,2
VEN-03265,2,1,1,68.24556158771415,0
VEN-03266,0,0,0,53.8936486375453,0
VEN-03267,4,1,0,115.13130401143331,1
VEN-03268,1,1,0,316.17208662347537,0
VEN-03269,1,0,0,45.69862407842194,0
VEN-03270,2,0,0,24.684399746435293,1
VEN-03271,4,0,1,146.62931737798712,3
VEN-03272,3,0,1,39.7261181061615,2
VEN-03273,5,2,0,82.18718146889294,0
VEN-03274,5,2,1,107.04648797481978,1
VEN-03275,0,0,0,111.93695193659572,0
VEN-03276,3,3,0,58.53495735336303,0
VEN-03277,2,0,2,62.60413686190012,1
VEN-03278,4,0,0,48.46552375359215,0
VEN-03279,3,0,0,29.67023882954804,1
VEN-03280,3,0,0,44.84654763364266,1
VEN-03281,1,1,1,83.34875975201562,4
VEN-03282,2,1,1,131.46486392922873,0
VEN-03283,4,0,0,82.47927124872716,1
VEN-03284,1,1,0,54.03470821219486,1
VEN-03285,3,1,0,67.935408025601,1
VEN-03286,2,1,1,70.71018445536085,1
VEN-03287,3,2,1,70.15924702538946,1
VEN-03288,3,1,0,108.98344034955804,0
VEN-03289,3,2,0,93.97572802063434,0
VEN-03290,0,0,1,13.140308105274094,1
VEN-03291,4,0,0,94.79327279185168,0
VEN-03292,3,1,1,51.27558022356883,1
VEN-03293,2,0,1,150.92355825419506,0
VEN-03294,2,0,1,12.245184629741363,0
VEN-03295,0,0,0,82.32291657449842,2
VEN-03296,1,0,0,198.27250980046463,1
VEN-03297,2,2,0,130.57580148167955,1
VEN-03298,1,0,0,64.94617633235323,2
VEN-03299,1,0,0,88.39999756069267,0
VEN-03300,1,0,0,56.38885309536055,0
VEN-03301,4,1,0,78.91714687224255,1
VEN-03302,1,0,2,27.502360261360224,0
VEN-03303,6,1,0,92.9589847582254,0
VEN-03304,2,0,1,88.29718316401187,0
VEN-03305,2,0,0,74.52187342801227,2
VEN-03306,2,1,0,74.51009311245502,0
VEN-03307,2,0,0,60.488271728396846,0
VEN-03308,5,3,1,52.16770100400141,2
VEN-03309,6,1,1,75.25272677397679,0
VEN-03310,3,1,1,46.27786361885257,1
VEN-03311,1,0,0,82.24219017684408,1
VEN-03312,2,0,2,45.20639518615503,0
VEN-03313,1,1,0,64.27803367285541,0
VEN-03314,3,1,0,31.36155844425704,0
VEN-03315,2,0,0,44.59778578209806,0
VEN-03316,1,1,0,51.16948042563206,0
VEN-03317,4,1,1,90.70003863731488,0
VEN-03318,4,0,0,54.01899160938612,0
VEN-03319,2,0,1,135.41611826487667,1
VEN-03320,2,0,0,63.90719622852803,1
VEN-03321,0,0,0,107.21564908634376,0
VEN-03322,4,1,0,20.33756704733183,0
VEN-03323,0,0,0,128.67386870935874,1
VEN-03324,4,1,1,160.12648156985216,1
VEN-03325,2,1,0,84.03584360555575,0
VEN-03326,3,0,0,16.80785856165758,0
VEN-03327,1,1,0,21.72726216937263,1
VEN-03328,1,0,1,66.55116740826034,0
VEN-03329,3,1,0,80.17807550799301,0
VEN-03330,2,1,0,38.75034291972965,0
VEN-03331,5,1,0,105.64763429094032,1
VEN-03332,4,1,0,24.85941325461867,0
VEN-03333,4,1,0,57.87302300510059,3
VEN-03334,3,1,0,69.46819049460831,1
VEN-03335,2,1,0,84.3242729651946,1
VEN-03336,5,0,1,47.7085207193257,0
VEN-03337,4,3,0,89.96693144392697,0
VEN-03338,3,0,0,72.37481421835506,0
VEN-03339,2,1,2,70.47216661163883,1
VEN-03340,4,1,0,53.51012556685789,2
VEN-03341,3,1,0,28.76150078924653,1
VEN-03342,10,3,2,160.39339720752062,0
VEN-03343,2,0,0,64.91171651878827,2
VEN-03344,4,2,0,117.87508002709583,2
VEN-03345,2,2,0,194.3864780067122,1
VEN-03346,0,0,2,42.89353276235537,0
VEN-03347,3,1,0,91.00890602680388,2
VEN-03348,2,1,0,226.56099397789995,0
VEN-03349,4,2,0,81.32202419244632,1
VEN-03350,2,1,1,92.52359550520696,1
VEN-03351,4,1,2,49.39858585419016,0
VEN-03352,2,1,0,66.09982336648407,0
VEN-03353,2,0,0,60.859569798282486,2
VEN-03354,2,0,0,103.49584864617202,2
VEN-03355,4,1,0,75.17063698581035,0
VEN-03356,5,0,0,66.98336962250681,1
VEN-03357,2,0,1,79.17624720428684,0
VEN-03358,3,1,0,113.68193138299137,0
VEN-03359,1,0,0,58.35217585724804,1
VEN-03360,1,0,0,78.68055564488279,2
VEN-03361,1,0,0,41.04883849142216,0
VEN-03362,3,1,0,156.32960056243172,1
VEN-03363,2,1,1,43.47700396747381,1
VEN-03364,3,0,0,35.25432298240713,0
VEN-03365,2,2,0,46.2408223777424,0
VEN-03366,5,1,0,119.60285500100646,0
VEN-03367,2,0,1,14.084515410933964,0
VEN-03368,1,1,2,113.18572571884955,2
VEN-03369,2,0,1,72.26710037217514,1
VEN-03370,3,2,1,25.131280330103536,0
VEN-03371,0,0,0,156.39263353316522,1
VEN-03372,2,0,1,146.5033123389106,3
VEN-03373,4,1,0,95.53850156516388,0
VEN-03374,2,2,1,87.03494664749388,1
VEN-03375,5,1,1,34.168382406872226,0
VEN-03376,4,0,1,82.25925100002448,1
VEN-03377,0,0,1,62.92408092304062,0
VEN-03378,5,1,0,186.05754516779209,2
VEN-03379,2,2,1,16.924345546554697,1
VEN-03380,2,0,0,106.32100995419653,0
VEN-03381,1,0,0,79.90790715189235,0
VEN-03382,1,1,0,82.73785699418661,1
VEN-03383,1,0,0,85.15895070909204,0
VEN-03384,3,0,0,249.5344372333316,1
VEN-03385,6,1,1,115.61825572312928,0
VEN-03386,1,1,0,52.35371492560519,1
VEN-03387,2,1,2,13.75856783861572,0
VEN-03388,3,0,0,51.046612314134656,1
VEN-03389,3,1,1,71.58370618774109,0
VEN-03390,1,0,1,99.79089353078912,0
VEN-03391,1,1,0,80.23574443579692,0
VEN-03392,3,0,0,25.398674518872177,2
VEN-03393,3,3,1,39.95275568731643,0
VEN-03394,3,1,0,41.25844785898471,3
VEN-03395,0,0,0,52.69221117637678,1
VEN-03396,5,1,2,115.7476727816624,0
VEN-03397,2,0,0,41.21197820987874,1
VEN-03398,1,0,0,74.95122728638894,0
VEN-03399,2,0,0,48.13058345764274,0
VEN-03400,0,0,0,90.087730438412,0
VEN-03401,3,1,1,96.40638614817767,1
VEN-03402,2,1,0,54.02700821988092,1
VEN-03403,3,0,0,42.73955466049309,1
VEN-03404,4,2,1,55.74646600684544,0
VEN-03405,3,0,1,90.59718437107588,1
VEN-03406,2,0,0,55.17443108602341,2
VEN-03407,4,2,0,56.5652545150146,2
VEN-03408,1,1,1,73.91168215533136,1
VEN-03409,2,0,1,20.03829302893564,0
VEN-03410,2,0,1,47.76641396080731,2
VEN-03411,2,0,0,143.07277769799703,2
VEN-03412,2,1,1,194.10351009080708,0
VEN-03413,3,1,0,101.7149069301985,1
VEN-03414,4,1,1,138.7435504371793,1
VEN-03415,3,1,0,102.0410426144476,0
VEN-03416,1,0,0,15.229698305689396,0
VEN-03417,3,1,1,103.6997478638339,0
VEN-03418,1,0,0,65.10693943093047,0
VEN-03419,4,0,0,82.65119804263028,0
VEN-03420,6,0,0,139.02345512585595,0
VEN-03421,1,0,0,69.71409038259914,0
VEN-03422,0,0,1,150.1629721559727,1
VEN-03423,3,1,1,26.59162084993856,0
VEN-03424,1,0,0,104.52065214502144,1
VEN-03425,3,0,1,133.05537826492903,1
VEN-03426,1,0,1,77.15384538095213,0
VEN-03427,3,1,1,20.622029482533733,0
VEN-03428,1,1,1,62.62008483794536,0
VEN-03429,1,1,0,24.780095699337245,0
VEN-03430,2,1,1,116.83109425244614,1
VEN-03431,2,2,0,90.1405719759587,0
VEN-03432,0,0,1,16.105186902499657,1
VEN-03433,2,0,0,56.989682267100754,1
VEN-03434,3,0,0,76.35219417485969,0
VEN-03435,4,2,0,101.36693979811656,0
VEN-03436,3,2,1,33.28404057588029,1
VEN-03437,5,0,0,31.481717711110548,0
VEN-03438,5,1,0,59.017587443424496,0
VEN-03439,1,0,0,32.18007384126137,1
VEN-03440,5,0,1,75.00977291011964,0
VEN-03441,4,0,0,58.674393339762375,1
VEN-03442,4,1,2,17.272182509113303,1
VEN-03443,0,0,0,72.52840357414819,1
VEN-03444,3,0,0,52.52675191345888,2
VEN-03445,2,0,0,63.57033573085253,1
VEN-03446,1,0,0,19.179305785586656,0
VEN-03447,3,2,0,74.89281707700054,1
VEN-03448,6,5,0,50.39556451664584,1
VEN-03449,2,0,0,128.99960469947766,1
VEN-03450,4,3,2,134.36807880922672,0
VEN-03451,1,1,2,79.87940205037214,0
VEN-03452,5,0,1,14.182267573860162,0
VEN-03453,2,1,0,60.94131978552828,1
VEN-03454,3,1,1,56.803109698675534,0
VEN-03455,3,1,0,98.41391468524552,1
VEN-03456,0,0,0,89.8887888378637,0
VEN-03457,4,1,0,15.286153429388278,1
VEN-03458,2,1,0,146.97307874499518,0
VEN-03459,3,1,0,83.43253679514494,1
VEN-03460,2,0,0,39.55113662321571,0
VEN-03461,4,2,0,190.07106725336908,1
VEN-03462,4,0,0,162.82152589407417,1
VEN-03463,1,1,0,122.76536798728182,1
VEN-03464,7,2,0,89.33654901940487,0
VEN-03465,3,2,0,94.70952723769948,2
VEN-03466,2,0,0,76.4832230294916,2
VEN-03467,5,3,2,129.77582199834794,1
VEN-03468,6,2,0,42.95336700265528,0
VEN-03469,0,0,0,62.95089225160102,2
VEN-03470,4,1,0,69.9794207917834,0
VEN-03471,3,2,2,109.311937896454,0
VEN-03472,4,0,0,103.16877990353404,0
VEN-03473,2,0,1,82.47886529423364,0
VEN-03474,4,2,0,73.40575156711529,0
VEN-03475,4,1,0,126.39330442286033,0
VEN-03476,3,1,1,36.39703438927465,0
VEN-03477,1,1,0,35.1302420350594,1
VEN-03478,3,0,0,102.97928949974988,0
VEN-03479,4,1,0,93.51834757583768,0
VEN-03480,0,0,1,37.83807964570875,0
VEN-03481,0,0,0,80.9634653384795,0
VEN-03482,1,0,0,82.17676486430327,0
VEN-03483,3,1,0,32.80506900004742,0
VEN-03484,1,0,1,44.29086070096089,1
VEN-03485,1,0,1,116.9483937152103,2
VEN-03486,2,1,0,92.131000283849,0
VEN-03487,3,1,1,81.43902377483738,0
VEN-03488,3,0,0,102.24177413587928,2
VEN-03489,6,2,1,84.6427180006105,1
VEN-03490,1,0,0,97.58035999007537,2
VEN-03491,4,1,0,24.45259069077033,0
VEN-03492,3,0,1,113.56512034940592,1
VEN-03493,3,2,1,55.63839842744091,0
VEN-03494,1,0,0,47.39008283145777,0
VEN-03495,2,1,2,98.66860524235572,1
VEN-03496,4,2,0,70.75511621238658,0
VEN-03497,7,3,0,43.39984475144286,0
VEN-03498,4,0,0,122.58270477287296,0
VEN-03499,3,1,1,64.11224080767158,3
VEN-03500,5,1,0,45.98141298386365,0
VEN-03501,3,0,0,51.99493601322114,0
VEN-03502,3,0,0,127.259688681404,1
VEN-03503,3,0,0,53.04566096636882,1
VEN-03504,2,0,3,35.240107527728235,0
VEN-03505,1,0,0,34.1018848370572,0
VEN-03506,2,1,2,102.90985861189051,1
VEN-03507,4,2,0,78.50440887729104,0
VEN-03508,3,1,0,26.15358125138144,0
VEN-03509,1,0,1,34.593995113128535,0
VEN-03510,6,1,0,118.3702504248852,0
VEN-03511,3,0,0,49.74981983964718,0
VEN-03512,1,0,0,76.9921317961138,0
VEN-03513,3,0,0,53.67217135913312,1
VEN-03514,3,1,1,70.69644079847941,1
VEN-03515,1,0,0,91.04258928201816,0
VEN-03516,5,1,0,56.59007085697093,2
VEN-03517,0,0,0,88.4854921214336,0
VEN-03518,5,3,0,32.72701302562659,0
VEN-03519,1,0,1,110.1194750727628,1
VEN-03520,1,0,0,62.16054539307211,0
VEN-03521,0,0,2,81.66264754968483,0
VEN-03522,5,1,0,39.035963608993534,1
VEN-03523,2,1,0,94.91260822720848,0
VEN-03524,3,2,0,52.29910137680832,1
VEN-03525,1,0,0,16.94516043882267,2
VEN-03526,4,1,1,77.1600910615764,1
VEN-03527,2,0,0,17.012602416624862,1
VEN-03528,4,2,0,63.31244916948346,1
VEN-03529,6,4,0,101.68138276052656,1
VEN-03530,2,0,0,85.1705962130217,2
VEN-03531,2,1,1,126.53790056216717,0
VEN-03532,2,1,0,26.26030526444673,0
VEN-03533,1,0,0,51.498121723096894,3
VEN-03534,3,1,1,64.27675056201198,2
VEN-03535,3,0,0,85.83187519723448,1
VEN-03536,3,2,0,24.224783091361843,1
VEN-03537,1,0,0,173.83084656562656,0
VEN-03538,2,0,1,59.23067221884735,0
VEN-03539,2,0,0,62.95191737470904,0
VEN-03540,5,1,0,53.43165810888068,2
VEN-03541,1,0,1,40.02157303146849,0
VEN-03542,3,0,0,39.96409948937839,1
VEN-03543,3,1,0,178.09774130760766,0
VEN-03544,1,0,0,116.8203118748703,0
VEN-03545,3,2,0,34.00497286403113,0
VEN-03546,5,2,0,46.912289200376726,1
VEN-03547,4,0,0,74.57734841567657,1
VEN-03548,8,1,0,71.31598901007811,2
VEN-03549,4,1,0,116.96700458878465,0
VEN-03550,1,0,1,65.66197978796819,0
VEN-03551,4,2,1,137.5185520090943,0
VEN-03552,2,0,1,84.12642224105018,0
VEN-03553,2,1,0,175.83772779138235,1
VEN-03554,3,2,0,69.66839165109903,2
VEN-03555,4,2,0,95.28268918919716,0
VEN-03556,1,1,0,93.13933977396144,0
VEN-03557,2,1,0,12.961729399423552,3
VEN-03558,2,1,0,22.34607638486545,1
VEN-03559,2,2,1,46.94385977309441,0
VEN-03560,2,1,1,62.32529100758552,1
VEN-03561,3,0,0,79.93570913705089,1
VEN-03562,3,2,0,41.7447946240513,2
VEN-03563,2,1,0,71.19800012179485,1
VEN-03564,5,1,1,269.4355383495496,1
VEN-03565,4,2,1,87.42571454840032,3
VEN-03566,2,1,1,40.37141297151587,2
VEN-03567,0,0,0,63.58691258483178,0
VEN-03568,3,0,0,55.33752369314807,1
VEN-03569,5,2,0,50.89934764026039,0
VEN-03570,1,0,1,35.11260100383413,0
VEN-03571,2,0,1,37.482176760194136,1
VEN-03572,1,0,0,62.07747945616695,1
VEN-03573,5,2,0,70.85299211223924,0
VEN-03574,5,2,0,68.5365199125161,2
VEN-03575,1,1,0,57.79833542033286,2
VEN-03576,6,0,0,32.0701200393932,0
VEN-03577,2,0,0,90.01116415067645,1
VEN-03578,0,0,1,46.97204779639328,1
VEN-03579,2,1,2,112.62580974574752,0
VEN-03580,3,1,1,95.03072269784236,0
VEN-03581,4,2,0,86.54056704490154,0
VEN-03582,5,3,1,111.24028232120924,0
VEN-03583,3,1,0,46.81747337657809,0
VEN-03584,1,1,0,137.61423788609667,1
VEN-03585,1,0,1,74.2418878103343,0
VEN-03586,5,3,0,30.68621664618195,1
VEN-03587,2,1,0,51.26973957428704,1
VEN-03588,4,1,0,54.54751914198795,0
VEN-03589,2,0,1,59.08892243534818,0
VEN-03590,2,0,0,40.04104814149814,0
VEN-03591,5,4,0,24.70770141603625,0
VEN-03592,6,1,1,148.82762508337123,0
VEN-03593,4,2,2,81.54314245352971,0
VEN-03594,3,0,0,44.33681076617994,0
VEN-03595,5,1,0,86.06788957258526,0
VEN-03596,5,1,2,33.63644821495416,0
VEN-03597,3,2,1,70.75493343487577,1
VEN-03598,1,0,0,159.40708495318643,0
VEN-03599,1,0,1,69.28824435771506,0
VEN-03600,4,0,0,93.96226666941092,2
VEN-03601,5,3,0,134.210280052109,0
VEN-03602,0,0,1,93.26620099573528,0
VEN-03603,1,0,0,195.837378489446,1
VEN-03604,4,0,0,38.105038494143685,0
VEN-03605,3,0,0,80.37190399891423,1
VEN-03606,2,1,1,24.90653584293928,0
VEN-03607,2,0,1,15.012626668383067,0
VEN-03608,6,1,1,99.37966855582752,0
VEN-03609,0,0,0,39.09758989118186,1
VEN-03610,2,1,0,57.25880959854592,1
VEN-03611,3,0,1,11.5881279647703,1
VEN-03612,2,0,0,49.47560225409184,3
VEN-03613,2,0,1,36.52563080727249,0
VEN-03614,5,2,0,101.60308559516636,0
VEN-03615,3,1,2,75.31401737388396,3
VEN-03616,3,0,0,105.52074976197466,0
VEN-03617,4,1,0,48.02762545199683,1
VEN-03618,3,2,0,53.92697943142716,1
VEN-03619,4,1,0,111.07074721899934,0
VEN-03620,3,0,0,78.01595752317465,2
VEN-03621,2,0,0,39.77809448597373,0
VEN-03622,0,0,0,46.58682035477089,1
VEN-03623,5,2,1,55.823268481101806,0
VEN-03624,3,1,0,68.77055798971863,2
VEN-03625,2,1,0,37.62072712509888,0
VEN-03626,1,0,0,81.58990611428834,1
VEN-03627,3,0,0,96.88484376757368,0
VEN-03628,0,0,1,106.98093186931932,1
VEN-03629,3,0,0,59.19414228585538,0
VEN-03630,1,0,1,45.21112686589796,1
VEN-03631,1,0,0,89.26706221562428,0
VEN-03632,3,2,1,25.43802881968097,1
VEN-03633,3,1,0,86.68295808505023,1
VEN-03634,1,0,1,93.61698245441164,0
VEN-03635,1,0,0,35.30696559241186,2
VEN-03636,3,0,1,99.81290984639382,1
VEN-03637,3,1,0,79.91549387990597,1
VEN-03638,3,2,0,47.44305854747086,1
VEN-03639,2,0,2,76.97007865243896,0
VEN-03640,2,0,0,95.06355118789924,2
VEN-03641,4,1,0,80.31510619078237,1
VEN-03642,1,0,0,77.97823913133608,0
VEN-03643,1,0,1,26.11505480412146,0
VEN-03644,3,2,1,35.71438556139341,0
VEN-03645,2,0,1,113.1805108425101,2
VEN-03646,4,0,0,37.92994704166746,0
VEN-03647,5,1,0,76.3491745881115,1
VEN-03648,1,0,2,50.03754690515471,0
VEN-03649,0,0,1,94.04233782354832,1
VEN-03650,2,1,1,89.11756421830951,1
VEN-03651,2,2,0,37.88203555563926,1
VEN-03652,2,0,0,39.320909184283686,1
VEN-03653,3,0,1,117.53991164051028,0
VEN-03654,5,1,0,65.22771815071076,0
VEN-03655,5,1,0,81.04556352140958,2
VEN-03656,1,1,0,24.330679957881813,0
VEN-03657,4,0,1,43.67533454020846,0
VEN-03658,5,1,0,99.14929016442956,0
VEN-03659,2,2,0,21.04388863545593,2
VEN-03660,5,2,0,92.02699980581868,0
VEN-03661,5,1,0,49.69952154780467,2
VEN-03662,2,1,0,43.94187041310849,1
VEN-03663,4,0,0,27.004173051730945,1
VEN-03664,2,0,0,50.85444223545784,0
VEN-03665,2,1,0,75.57839605571951,2
VEN-03666,5,1,0,29.348847014325223,0
VEN-03667,4,2,0,73.07997124841476,1
VEN-03668,2,1,1,32.73004437853476,0
VEN-03669,3,0,2,62.816777506610016,0
VEN-03670,2,1,0,157.07546849480602,1
VEN-03671,0,0,1,58.30259939458272,1
VEN-03672,7,5,1,105.92007727943712,0
VEN-03673,3,1,0,68.68090959812456,1
VEN-03674,4,1,0,29.410560378008054,2
VEN-03675,0,0,1,152.34249784808915,0
VEN-03676,2,1,0,90.20537735658014,0
VEN-03677,2,1,1,40.4731686146418,1
VEN-03678,2,0,0,67.4915103320398,0
VEN-03679,3,1,0,90.76577606725152,1
VEN-03680,1,1,0,19.2791172832229,0
VEN-03681,2,1,0,51.079063684777694,2
VEN-03682,2,1,0,132.2029143541171,0
VEN-03683,4,0,0,100.82239216453426,0
VEN-03684,4,1,0,19.795817954443635,0
VEN-03685,3,1,0,46.720973588043016,1
VEN-03686,2,0,0,94.96501066201712,0
VEN-03687,1,0,0,38.33953555426615,0
VEN-03688,2,0,2,36.58329028295105,2
VEN-03689,1,0,0,104.511346386244,1
VEN-03690,0,0,0,29.04445122362813,1
VEN-03691,4,3,1,64.6179952622896,0
VEN-03692,2,1,1,93.07966060145604,1
VEN-03693,2,1,0,43.74917126047318,2
VEN-03694,3,1,1,196.30546216131563,0
VEN-03695,1,0,0,120.82035683451626,1
VEN-03696,3,1,0,171.50306032827862,0
VEN-03697,2,0,2,39.49396216506227,0
VEN-03698,1,0,1,78.83410652678953,1
VEN-03699,5,3,0,88.93542749511082,0
VEN-03700,3,0,0,76.15577056748683,0
VEN-03701,1,1,0,116.6136610984518,2
VEN-03702,0,0,0,31.223550063138347,0
VEN-03703,1,0,0,124.60601970031178,0
VEN-03704,2,0,2,99.10437189461256,0
VEN-03705,7,3,0,70.95368754463375,1
VEN-03706,5,2,0,55.39902343610434,1
VEN-03707,5,1,0,49.46108757119632,1
VEN-03708,4,3,1,42.2515072609672,0
VEN-03709,4,0,1,79.01648045135258,1
VEN-03710,2,0,1,42.29000505090461,0
VEN-03711,4,1,0,18.45361574820644,0
VEN-03712,3,0,1,105.93017967011129,2
VEN-03713,3,1,0,195.97513151462,1
VEN-03714,3,0,0,120.71303310770617,1
VEN-03715,1,0,0,44.97707064809971,0
VEN-03716,5,1,0,55.53549272740911,1
VEN-03717,3,1,0,36.099080699088,1
VEN-03718,6,1,0,66.06245135578732,0
VEN-03719,1,0,2,109.48871264694732,0
VEN-03720,6,1,0,63.54569369407319,0
VEN-03721,4,1,0,203.0711130189509,0
VEN-03722,4,0,1,21.80935116958024,0
VEN-03723,4,3,0,89.12667661104352,1
VEN-03724,2,2,1,133.10084058329355,0
VEN-03725,2,1,0,75.12060609488717,2
VEN-03726,5,0,0,44.03862180978652,2
VEN-03727,2,0,0,70.51460284307936,0
VEN-03728,4,2,0,67.41398528889752,0
VEN-03729,3,1,1,41.54877969475826,0
VEN-03730,3,0,0,59.05311315983942,1
VEN-03731,2,0,0,118.19915093847338,0
VEN-03732,3,0,1,110.67672280638423,0
VEN-03733,3,2,0,43.50771836681564,1
VEN-03734,3,2,1,71.34921681939277,0
VEN-03735,4,1,0,67.13721984221006,2
VEN-03736,3,1,1,71.74896778089666,0
VEN-03737,2,0,1,84.9459591188328,0
VEN-03738,0,0,1,122.70567776415034,0
VEN-03739,2,2,1,60.311276629240645,0
VEN-03740,3,2,0,157.0944736769966,1
VEN-03741,2,1,0,53.22168182077988,1
VEN-03742,3,0,0,36.66585838307259,0
VEN-03743,2,1,0,21.60278113514088,1
VEN-03744,1,1,0,82.70875447867931,1
VEN-03745,3,0,0,151.23882723231384,1
VEN-03746,2,2,1,62.35744568202002,0
VEN-03747,2,2,0,91.92837462882336,0
VEN-03748,1,0,1,96.2538733525648,1
VEN-03749,3,2,0,156.63809905489168,2
VEN-03750,6,1,0,147.1443655245203,0
VEN-03751,1,1,2,112.59851224728656,0
VEN-03752,3,1,0,120.79424816390834,1
VEN-03753,2,2,0,75.81046525486009,0
VEN-03754,1,1,1,64.83597149264764,0
VEN-03755,6,0,0,30.295372423160217,0
VEN-03756,2,0,1,27.368457294719946,0
VEN-03757,1,0,1,118.85230346305168,0
VEN-03758,4,0,2,59.84812362155789,0
VEN-03759,1,0,0,154.7316725943488,0
VEN-03760,7,2,0,63.42789167589459,0
VEN-03761,3,0,3,42.27326596651467,0
VEN-03762,6,1,0,52.75030636299308,0
VEN-03763,1,0,0,104.6068164302588,0
VEN-03764,3,1,0,72.80951267221222,0
VEN-03765,3,1,0,145.43660366699228,2
VEN-03766,1,0,0,38.66218606680563,1
VEN-03767,5,0,0,51.4783021222064,1
VEN-03768,3,1,0,92.60611157547925,0
VEN-03769,2,0,0,21.959458880912603,0
VEN-03770,4,1,1,105.29213173928478,1
VEN-03771,3,0,0,69.3431531456494,1
VEN-03772,1,1,0,31.219267003615894,1
VEN-03773,2,0,0,69.58157401415365,1
VEN-03774,4,1,2,52.14846311328464,0
VEN-03775,3,0,0,106.6715290687624,1
VEN-03776,4,1,1,40.85099744974846,0
VEN-03777,3,0,0,99.84232466228477,0
VEN-03778,2,0,0,107.8465853796578,1
VEN-03779,2,1,1,194.0236685862668,0
VEN-03780,1,0,0,70.03472543642218,0
VEN-03781,3,1,0,29.996132956896,1
VEN-03782,6,1,1,54.0259233986005,0
VEN-03783,0,0,1,44.9959712464056,0
VEN-03784,1,0,0,66.24644876670551,1
VEN-03785,2,0,0,73.77937058454559,1
VEN-03786,3,1,1,76.95039874297171,0
VEN-03787,1,1,0,29.42136057962358,0
VEN-03788,1,0,1,49.89566436715719,0
VEN-03789,1,0,1,53.62700662053594,0
VEN-03790,2,2,0,39.99778318193946,0
VEN-03791,4,0,0,54.58531962754615,0
VEN-03792,3,1,1,93.45974175933068,1
VEN-03793,0,0,0,83.60297150861314,1
VEN-03794,4,1,0,10.428629940837762,2
VEN-03795,2,0,0,105.5726018164236,0
VEN-03796,0,0,0,82.01181813867883,0
VEN-03797,0,0,0,118.9124491694984,3
VEN-03798,2,2,1,137.0858671783051,0
VEN-03799,1,1,0,72.95415316438228,0
VEN-03800,1,1,2,29.40327086048358,1
VEN-03801,1,0,0,66.72434243115255,0
VEN-03802,2,0,1,105.87209772156864,0
VEN-03803,4,2,0,72.71683284964514,2
VEN-03804,2,0,1,25.927936278682942,2
VEN-03805,1,0,0,74.82244311539392,1
VEN-03806,2,1,0,56.07834540185215,0
VEN-03807,1,0,1,80.68064702274367,0
VEN-03808,3,1,0,79.76125793953376,0
VEN-03809,1,0,0,79.59281364857833,0
VEN-03810,1,0,1,53.10882301616001,1
VEN-03811,6,2,0,56.98425066053719,1
VEN-03812,5,1,0,26.39774160257989,1
VEN-03813,0,0,1,89.76151427989925,1
VEN-03814,1,0,1,111.73875337657697,0
VEN-03815,1,0,2,90.88341604057037,0
VEN-03816,3,0,0,169.0568480971986,0
VEN-03817,2,1,0,31.524996535977746,1
VEN-03818,4,2,0,158.01905888680233,0
VEN-03819,1,0,0,120.01163898924172,0
VEN-03820,0,0,1,132.09141394310393,1
VEN-03821,2,2,0,53.77635225377495,0
VEN-03822,5,3,0,99.662310761931,0
VEN-03823,1,1,0,90.3420483635911,2
VEN-03824,4,3,0,37.480899314742736,0
VEN-03825,5,2,1,64.74637677674555,0
VEN-03826,6,1,1,118.86214860647044,0
VEN-03827,4,2,0,55.69391288574934,2
VEN-03828,3,1,1,199.1365586791817,0
VEN-03829,2,0,1,31.31521572943469,3
VEN-03830,4,0,1,10.252097682840486,0
VEN-03831,4,3,0,82.53958633048474,1
VEN-03832,3,2,0,131.47584513172038,0
VEN-03833,3,1,0,82.0899280064132,1
VEN-03834,2,1,1,20.60715284785821,2
VEN-03835,6,2,1,38.19761236968457,1
VEN-03836,4,2,2,14.455738389077553,0
VEN-03837,0,0,1,99.04899891000515,1
VEN-03838,2,1,0,59.98901621473564,1
VEN-03839,1,0,0,115.15681063458928,2
VEN-03840,2,0,0,105.27141822311482,1
VEN-03841,2,0,0,68.93658047513586,0
VEN-03842,3,0,0,22.82011005439066,0
VEN-03843,3,0,0,71.96450481996715,0
VEN-03844,5,2,1,117.94897448606191,0
VEN-03845,1,1,1,60.59334598099529,0
VEN-03846,4,3,3,82.63851394923965,0
VEN-03847,3,0,0,58.63184282636689,1
VEN-03848,3,1,0,54.32370023811225,0
VEN-03849,0,0,0,60.23965723038999,0
VEN-03850,2,1,2,78.30780675501872,0
VEN-03851,2,1,0,42.91816495557679,0
VEN-03852,2,1,1,38.02532761123184,2
VEN-03853,4,1,0,126.7566013832302,2
VEN-03854,2,0,0,35.097869217808174,0
VEN-03855,1,0,1,196.04966266702536,1
VEN-03856,3,0,0,66.033220833897,0
VEN-03857,1,1,1,205.1309589938276,0
VEN-03858,3,2,1,19.82329351010156,1
VEN-03859,4,2,0,72.0877326715238,0
VEN-03860,3,1,3,15.253056528176833,0
VEN-03861,4,2,0,25.257275405340568,1
VEN-03862,3,1,0,123.99036795456942,0
VEN-03863,3,1,0,81.72914956882107,1
VEN-03864,7,3,1,106.788278341742,1
VEN-03865,2,1,0,83.04912197951744,0
VEN-03866,4,1,1,23.55408812915305,0
VEN-03867,4,2,0,163.6911061579315,2
VEN-03868,4,0,0,69.67746785689931,0
VEN-03869,1,0,2,111.1298460024892,0
VEN-03870,1,0,0,180.16054869684044,1
VEN-03871,2,1,0,42.86005798896152,0
VEN-03872,1,0,0,131.4572161185111,1
VEN-03873,2,1,0,223.38802573772332,0
VEN-03874,5,1,0,91.92741934166156,0
VEN-03875,1,1,1,111.65338351830935,0
VEN-03876,2,1,0,51.26405036139497,0
VEN-03877,1,1,1,195.74008002056308,1
VEN-03878,2,1,1,77.40736936881126,1
VEN-03879,4,2,0,113.09628058212697,1
VEN-03880,4,0,0,34.24453444020372,2
VEN-03881,2,0,0,111.69713312456727,0
VEN-03882,3,1,1,170.5379848688171,0
VEN-03883,2,0,0,23.80313393772268,0
VEN-03884,3,0,1,91.95430506426815,1
VEN-03885,2,1,2,49.03124433741733,2
VEN-03886,0,0,0,68.19036193581773,0
VEN-03887,1,1,0,101.60427220486524,1
VEN-03888,2,0,1,66.23825099577934,2
VEN-03889,4,0,0,96.10858582476972,0
VEN-03890,3,1,1,100.05080359463106,0
VEN-03891,2,1,2,42.12847524396518,1
VEN-03892,0,0,0,172.16553825770328,1
VEN-03893,1,0,0,39.5868338838113,1
VEN-03894,3,1,0,144.6221543539062,2
VEN-03895,1,1,0,96.362414109427,1
VEN-03896,3,0,1,50.20735417042885,0
VEN-03897,2,0,1,39.16811632071569,1
VEN-03898,4,1,0,66.18976203681635,2
VEN-03899,1,0,1,94.06369823945175,1
VEN-03900,3,2,0,136.11387337578833,0
VEN-03901,3,0,0,47.67889468206963,1
VEN-03902,3,2,1,76.22210703496792,0
VEN-03903,3,0,0,144.4039707962267,0
VEN-03904,0,0,3,73.60791890906268,2
VEN-03905,4,2,0,70.25085992553137,0
VEN-03906,3,0,0,19.96794285325536,0
VEN-03907,0,0,0,118.61598213906778,0
VEN-03908,3,1,0,76.67106852607694,1
VEN-03909,1,1,0,150.3602641867561,1
VEN-03910,1,0,0,65.39271093506656,0
VEN-03911,3,0,0,68.33681159588396,1
VEN-03912,2,0,0,86.96315614924306,1
VEN-03913,7,3,2,59.023930094849455,0
VEN-03914,4,2,1,127.06105994912,0
VEN-03915,1,1,1,151.4033952981482,1
VEN-03916,5,1,0,44.95474126031311,1
VEN-03917,2,0,1,42.9615758306942,0
VEN-03918,0,0,1,24.005195741482584,0
VEN-03919,4,1,2,35.48341914736616,1
VEN-03920,1,1,1,87.09880419633213,1
VEN-03921,3,1,1,36.76022201657536,0
VEN-03922,0,0,0,133.97263889540054,1
VEN-03923,2,1,0,58.26036493823319,1
VEN-03924,5,3,0,86.32820956229675,0
VEN-03925,2,1,1,25.84948841731495,0
VEN-03926,3,1,1,62.42499067457335,1
VEN-03927,1,0,0,81.59408310538566,0
VEN-03928,8,1,0,116.50025189301653,0
VEN-03929,4,2,1,149.63521510775297,1
VEN-03930,2,0,0,112.51940525510854,1
VEN-03931,2,1,0,58.43907332815355,0
VEN-03932,1,0,0,53.261797180140114,2
VEN-03933,2,0,1,44.05003716510683,1
VEN-03934,2,1,0,96.3972262218788,1
VEN-03935,1,0,2,78.49149629361254,0
VEN-03936,2,0,0,178.41313837176614,2
VEN-03937,1,1,1,111.18325626586996,1
VEN-03938,4,2,2,57.97292689848666,0
VEN-03939,7,1,1,33.915687342997536,1
VEN-03940,4,0,1,67.47997781813045,2
VEN-03941,2,1,0,27.16922183181993,0
VEN-03942,1,0,0,105.36528479864944,2
VEN-03943,1,0,0,60.9019477342771,0
VEN-03944,4,2,1,37.78456021391688,2
VEN-03945,3,3,1,34.13364404057967,1
VEN-03946,3,2,0,168.31037302101436,0
VEN-03947,3,0,0,54.71405106140491,0
VEN-03948,3,0,0,81.3996493192676,0
VEN-03949,3,0,0,85.10958963751314,1
VEN-03950,4,0,0,45.90436064694767,0
VEN-03951,5,0,0,27.55604664540484,4
VEN-03952,4,1,0,119.44370259972489,1
VEN-03953,2,0,1,74.90704234090029,0
VEN-03954,1,1,1,51.8779263238027,2
VEN-03955,4,2,2,87.73375725629839,0
VEN-03956,5,1,0,73.38548904096216,0
VEN-03957,4,0,0,77.37721853947883,0
VEN-03958,2,1,2,26.685629114366115,0
VEN-03959,2,0,0,121.7832976203964,1
VEN-03960,0,0,1,37.01726503498918,0
VEN-03961,3,2,1,35.57182843834938,1
VEN-03962,1,0,0,78.06735790205575,0
VEN-03963,3,1,0,50.48831774043531,1
VEN-03964,2,1,0,55.54290563231916,0
VEN-03965,3,1,0,135.69826588589115,0
VEN-03966,1,0,0,21.124236747671347,2
VEN-03967,1,0,1,124.85564097354052,0
VEN-03968,1,0,0,63.19008628636981,1
VEN-03969,4,2,1,230.8229468380104,0
VEN-03970,5,2,1,44.67201427223863,1
VEN-03971,3,0,0,61.40926927546299,0
VEN-03972,1,0,0,53.21876684169168,1
VEN-03973,2,0,2,124.91534788462938,0
VEN-03974,3,2,0,79.38276202676728,0
VEN-03975,1,0,0,44.22136547475348,3
VEN-03976,2,0,0,44.54321828156037,0
VEN-03977,0,0,0,90.98493802008932,1
VEN-03978,4,1,0,95.84467979430558,1
VEN-03979,0,0,2,46.39586872219927,0
VEN-03980,1,1,0,90.08427846619286,0
VEN-03981,2,0,0,76.96464937210413,0
VEN-03982,4,2,0,10.46752390844158,0
VEN-03983,3,1,1,75.68572655705292,0
VEN-03984,3,1,0,79.38379991429916,0
VEN-03985,3,3,0,94.13692222853145,2
VEN-03986,1,0,0,75.35155972717183,0
VEN-03987,2,0,0,57.18961727734939,0
VEN-03988,2,1,0,37.2401410862359,1
VEN-03989,2,0,2,54.95971627999284,0
VEN-03990,5,2,0,75.19298743142244,0
VEN-03991,3,1,0,58.417527858578495,0
VEN-03992,4,0,0,77.74156169139479,1
VEN-03993,1,0,0,109.40433314219928,2
VEN-03994,3,0,2,153.66105753969856,0
VEN-03995,1,0,0,30.60309416879456,1
VEN-03996,3,0,0,94.20884627356234,1
VEN-03997,3,1,0,61.102253401961335,2
VEN-03998,3,0,0,53.95979140561917,1
VEN-03999,0,0,1,93.727558037552,0
VEN-04000,0,0,1,96.1941420971224,2
VEN-04001,2,1,0,42.6856600012857,4
VEN-04002,1,0,2,35.84856427743846,0
VEN-04003,1,0,0,108.72480141873858,0
VEN-04004,1,0,0,72.92096978225969,0
VEN-04005,1,0,0,59.38358995802361,0
VEN-04006,2,1,1,46.9622925636036,0
VEN-04007,2,1,0,26.25542094112493,0
VEN-04008,2,1,0,134.2132940574147,0
VEN-04009,3,0,0,71.89290191417854,1
VEN-04010,2,0,0,29.906402001344617,0
VEN-04011,2,1,3,128.60296349884862,1
VEN-04012,3,0,0,88.7849390081838,0
VEN-04013,4,3,0,41.112204569269615,3
VEN-04014,4,1,1,143.71701020946037,2
VEN-04015,3,2,1,47.72188665176712,0
VEN-04016,2,2,2,109.8413606628688,0
VEN-04017,3,0,0,30.333559088274,0
VEN-04018,2,0,1,41.68379763043492,1
VEN-04019,6,1,0,33.96091474007491,0
VEN-04020,1,1,0,31.045872138752465,1
VEN-04021,4,1,1,50.95191895226565,1
VEN-04022,2,0,0,92.1669513531308,0
VEN-04023,2,1,1,99.642070180257,1
VEN-04024,1,0,0,31.29947197983907,0
VEN-04025,1,0,0,40.98497782413169,3
VEN-04026,2,2,2,121.12916145153751,2
VEN-04027,2,2,1,67.84744987180468,0
VEN-04028,6,2,1,105.6352139266968,2
VEN-04029,2,0,0,106.12111067911188,0
VEN-04030,3,2,1,156.0888822959104,0
VEN-04031,5,2,0,45.44173145281472,0
VEN-04032,4,2,1,129.59607419576815,1
VEN-04033,2,1,0,48.0475447140817,1
VEN-04034,9,3,0,122.55671980238978,3
VEN-04035,0,0,0,38.81577763570893,1
VEN-04036,1,0,0,92.9475095844684,0
VEN-04037,4,1,1,75.6867405768757,2
VEN-04038,2,2,1,159.7491168562652,1
VEN-04039,0,0,1,37.9674855741868,1
VEN-04040,6,4,0,110.74548582602164,1
VEN-04041,4,1,0,187.21758296610068,2
VEN-04042,5,0,1,20.147063057245173,1
VEN-04043,4,1,0,55.21595271208845,1
VEN-04044,3,1,0,128.33182304880938,1
VEN-04045,5,2,0,138.2832822680823,2
VEN-04046,1,0,1,81.96600753798543,0
VEN-04047,2,1,1,36.68476463561611,2
VEN-04048,1,0,0,80.86130233587502,0
VEN-04049,5,2,1,44.61149250027079,0
VEN-04050,4,0,0,72.363346327581,1
VEN-04051,2,1,0,163.32618725169058,1
VEN-04052,2,1,1,40.14890262486698,0
VEN-04053,1,1,0,65.61307611342421,3
VEN-04054,1,0,0,106.28580418462036,2
VEN-04055,2,1,0,58.67441939823003,0
VEN-04056,3,1,0,140.6328724233796,0
VEN-04057,4,0,1,26.500160433875525,1
VEN-04058,6,2,0,64.87874251742801,0
VEN-04059,3,1,0,56.37750762350212,0
VEN-04060,5,3,1,80.67890759850857,2
VEN-04061,1,0,0,112.45369007412556,1
VEN-04062,4,2,0,95.60214550881484,2
VEN-04063,2,1,0,34.13544627704926,0
VEN-04064,3,1,0,69.43083447036956,0
VEN-04065,4,1,0,23.373515693315472,0
VEN-04066,2,0,1,74.01522439055094,0
VEN-04067,3,0,4,10.355497666739527,0
VEN-04068,3,0,0,65.18749127654644,0
VEN-04069,5,2,1,54.89178901771548,1
VEN-04070,2,0,1,106.65771071306924,0
VEN-04071,5,2,1,55.65969368262607,2
VEN-04072,0,0,0,52.51338807856471,0
VEN-04073,2,0,0,37.827581855874605,0
VEN-04074,4,1,0,48.00287988859334,0
VEN-04075,1,0,2,64.9661258652898,5
VEN-04076,2,1,0,88.70121619093815,0
VEN-04077,6,1,1,116.11821599539029,2
VEN-04078,1,1,1,54.05353181168972,1
VEN-04079,6,1,1,72.01732072661686,3
VEN-04080,4,0,0,73.19617698924313,1
VEN-04081,2,1,0,64.99464083158004,0
VEN-04082,0,0,0,55.8849258879028,1
VEN-04083,3,2,1,34.986322349330294,2
VEN-04084,4,0,0,129.07457055456013,0
VEN-04085,1,0,0,184.672047669514,0
VEN-04086,2,0,1,125.38161343745672,1
VEN-04087,2,0,0,42.93371471490923,0
VEN-04088,3,2,2,89.46710509773989,3
VEN-04089,4,1,1,160.49437695164795,2
VEN-04090,3,0,0,98.92112980368567,0
VEN-04091,1,0,0,71.25018240091558,0
VEN-04092,1,0,0,24.618625006791312,1
VEN-04093,4,0,0,139.18505839000295,1
VEN-04094,8,2,0,17.618973898766686,0
VEN-04095,5,3,0,98.18499495065343,0
VEN-04096,4,0,0,154.32052563997826,0
VEN-04097,2,1,0,47.52778850410502,2
VEN-04098,2,1,0,48.249536746459896,0
VEN-04099,4,2,0,65.83907832670383,1
VEN-04100,5,2,0,135.7717428418333,0
VEN-04101,1,0,1,177.9920293386859,0
VEN-04102,5,1,1,10.497338517389,0
VEN-04103,5,0,0,65.55578151172256,2
VEN-04104,4,1,2,47.90364772294348,0
VEN-04105,2,1,0,20.37565072192003,2
VEN-04106,3,0,0,79.83183815436433,0
VEN-04107,1,1,1,52.38019487526151,0
VEN-04108,4,0,0,84.2262652472942,2
VEN-04109,4,0,0,70.80380690719991,0
VEN-04110,4,1,2,138.1417873730132,0
VEN-04111,2,1,0,156.5476570347828,0
VEN-04112,2,0,0,35.80333389892782,0
VEN-04113,4,2,0,43.16527265219069,1
VEN-04114,3,1,2,35.20321375602242,1
VEN-04115,3,1,0,106.1959201743253,1
VEN-04116,5,3,0,61.52999555538124,1
VEN-04117,2,0,0,26.88934236190123,1
VEN-04118,4,0,1,75.42742208111709,0
VEN-04119,5,1,1,103.10245838082258,1
VEN-04120,2,1,0,125.40537868791904,0
VEN-04121,4,2,0,60.163446893893976,0
VEN-04122,4,1,0,67.84651957689562,0
VEN-04123,4,1,0,29.904368040609317,0
VEN-04124,5,0,1,161.6238522915182,0
VEN-04125,4,0,1,133.26672918817937,0
VEN-04126,7,2,1,106.215681001951,1
VEN-04127,5,3,1,89.79835173203764,0
VEN-04128,5,0,0,35.76644964498383,1
VEN-04129,7,1,0,79.714884003791,1
VEN-04130,5,2,0,120.8195732624082,0
VEN-04131,2,0,0,90.9158644335267,1
VEN-04132,2,0,0,74.80304576409075,0
VEN-04133,6,1,0,75.26574060044834,3
VEN-04134,2,0,1,108.43929667397803,1
VEN-04135,3,0,1,86.1262712681296,0
VEN-04136,2,1,2,66.13451476983472,0
VEN-04137,1,0,0,76.9161563947677,1
VEN-04138,3,1,1,35.65648090326794,0
VEN-04139,3,1,0,89.19118951775897,0
VEN-04140,3,2,1,92.71467886421637,1
VEN-04141,6,4,0,105.1688416802678,1
VEN-04142,3,2,2,82.10165822020944,1
VEN-04143,3,1,0,88.80094047326033,0
VEN-04144,0,0,1,140.67171415947746,0
VEN-04145,2,0,0,29.917330703449647,0
VEN-04146,0,0,0,128.07103389680032,0
VEN-04147,3,0,0,180.67384221899647,2
VEN-04148,2,0,0,68.16190205816984,0
VEN-04149,2,2,1,86.80795081666385,0
VEN-04150,1,0,0,108.73506313945732,1
VEN-04151,1,0,1,85.94661041127557,1
VEN-04152,1,0,0,51.43797838859156,0
VEN-04153,2,0,0,68.36209499057453,1
VEN-04154,4,1,1,74.52648843281139,0
VEN-04155,1,0,1,58.42398119750703,0
VEN-04156,1,0,0,23.73500078702674,0
VEN-04157,3,0,0,56.5740654320904,1
VEN-04158,2,0,1,76.14681206995728,1
VEN-04159,4,3,0,90.70583679795746,1
VEN-04160,3,1,0,134.19557709783282,1
VEN-04161,4,0,1,76.03667278291121,1
VEN-04162,8,3,0,32.86306505318234,2
VEN-04163,0,0,0,118.812182727541,0
VEN-04164,1,0,0,135.59433782211332,0
VEN-04165,3,0,1,68.35884572592548,2
VEN-04166,2,1,0,34.991054150598664,1
VEN-04167,2,1,0,73.29239883348166,0
VEN-04168,1,0,0,69.95895353574112,1
VEN-04169,3,1,0,55.78371581298178,1
VEN-04170,1,0,0,56.81950390733034,1
VEN-04171,3,1,0,80.80892222052202,3
VEN-04172,6,0,0,155.05331865755156,0
VEN-04173,3,2,0,128.04067604274573,0
VEN-04174,3,1,0,52.39201051589389,2
VEN-04175,4,2,0,36.84233773805952,0
VEN-04176,2,0,0,131.54222719398416,0
VEN-04177,0,0,0,38.91491689910181,1
VEN-04178,3,0,0,55.1111684218524,2
VEN-04179,4,2,0,14.858711748014684,0
VEN-04180,1,1,1,93.42739695188084,5
VEN-04181,1,1,1,35.15154135895119,1
VEN-04182,1,0,0,36.28926714881744,0
VEN-04183,1,1,1,78.43294441764414,1
VEN-04184,1,1,1,89.45416112214902,0
VEN-04185,2,0,0,271.2690074532025,3
VEN-04186,4,2,0,107.0046295429226,1
VEN-04187,3,1,3,94.30752179900092,1
VEN-04188,3,1,0,79.20320652293763,1
VEN-04189,0,0,0,8.041258920194092,0
VEN-04190,0,0,0,66.67515709600919,2
VEN-04191,0,0,0,56.82327137642367,0
VEN-04192,1,0,0,19.09892965982206,0
VEN-04193,2,0,0,79.20264691818483,0
VEN-04194,7,2,0,62.93749804326438,0
VEN-04195,2,2,2,13.031686768780602,0
VEN-04196,2,0,1,85.33632283703412,0
VEN-04197,1,0,0,52.93574641940397,0
VEN-04198,6,2,0,88.51560202169104,1
VEN-04199,2,0,1,28.974245265778716,1
VEN-04200,5,2,1,61.315098852459336,1
VEN-04201,2,1,0,191.55152704809768,0
VEN-04202,3,0,0,102.60328452771586,1
VEN-04203,4,0,0,22.102690172154343,0
VEN-04204,3,2,1,84.47991949911167,0
VEN-04205,1,1,0,63.508614754728974,1
VEN-04206,2,1,1,17.087035851108478,0
VEN-04207,2,0,0,63.945565130049694,1
VEN-04208,4,0,0,46.21954034345527,0
VEN-04209,0,0,0,57.93623267226167,2
VEN-04210,3,0,0,163.65652240260195,1
VEN-04211,2,2,2,127.56410718969428,0
VEN-04212,3,0,0,61.74138873450273,1
VEN-04213,6,2,0,93.85878914660697,2
VEN-04214,2,0,1,41.67331928971366,0
VEN-04215,3,2,1,31.524751301374003,0
VEN-04216,1,0,1,66.8049901297355,0
VEN-04217,3,0,1,157.4858341292538,1
VEN-04218,4,1,0,64.59986950234297,1
VEN-04219,2,1,0,19.856059564870893,0
VEN-04220,2,1,0,140.53480758472136,1
VEN-04221,3,1,1,45.97093873774618,1
VEN-04222,4,1,0,79.15200365630918,1
VEN-04223,1,1,0,97.2751921326966,0
VEN-04224,3,0,2,64.83139627106874,0
VEN-04225,5,2,0,87.5076845849942,0
VEN-04226,8,3,1,71.82604527213185,0
VEN-04227,2,1,3,92.95546477362996,1
VEN-04228,0,0,0,34.6215750700169,0
VEN-04229,2,0,0,90.30518521008788,3
VEN-04230,3,1,2,87.72276147900686,0
VEN-04231,2,1,1,84.31875934305639,2
VEN-04232,2,1,0,181.50465917645505,2
VEN-04233,2,0,1,92.42728828715572,2
VEN-04234,1,1,0,38.60745230258236,0
VEN-04235,0,0,0,33.942473903752884,1
VEN-04236,6,2,1,80.84054574078928,0
VEN-04237,4,0,0,39.61952948942859,1
VEN-04238,4,0,1,56.18643437127741,2
VEN-04239,4,1,0,63.961953343537765,1
VEN-04240,1,0,0,106.50234244696787,1
VEN-04241,2,1,2,25.343262770735613,0
VEN-04242,1,0,3,31.67493783687698,1
VEN-04243,0,0,0,88.76222148594141,0
VEN-04244,0,0,0,66.62599339868882,1
VEN-04245,2,0,0,29.139235566249667,1
VEN-04246,1,0,0,96.41607128569387,0
VEN-04247,1,0,0,103.46344113529828,0
VEN-04248,0,0,0,85.23326183243205,0
VEN-04249,2,2,0,71.13404202946084,1
VEN-04250,0,0,0,74.8072665783605,3
VEN-04251,2,1,2,74.47132778304407,0
VEN-04252,3,2,1,36.18394143127512,2
VEN-04253,3,0,0,53.58281405424093,1
VEN-04254,1,1,0,61.39865287411816,0
VEN-04255,1,0,0,102.7741784564056,1
VEN-04256,1,0,1,41.24965011922734,2
VEN-04257,5,1,1,154.21145750532364,0
VEN-04258,5,1,3,84.07146350897628,1
VEN-04259,1,0,0,72.1536438256166,1
VEN-04260,1,0,0,62.32411008999037,0
VEN-04261,2,1,0,105.30821408212688,1
VEN-04262,4,1,1,18.46637512056624,0
VEN-04263,6,4,0,58.57637611430714,2
VEN-04264,3,1,0,155.65694216125922,0
VEN-04265,2,0,0,48.98456438024681,0
VEN-04266,4,2,1,50.58442867044805,1
VEN-04267,0,0,1,67.34759978440098,1
VEN-04268,0,0,3,102.10485842288604,1
VEN-04269,4,1,1,99.90790992755495,0
VEN-04270,4,3,0,80.73507048204655,1
VEN-04271,2,1,0,7.214833087133459,1
VEN-04272,4,1,0,117.0236208878857,0
VEN-04273,4,1,1,87.93948002798916,2
VEN-04274,4,0,1,52.67778155413238,0
VEN-04275,0,0,0,24.024268262809592,2
VEN-04276,1,0,0,113.413832464384,1
VEN-04277,2,0,0,62.78330323241727,0
VEN-04278,3,1,0,106.53271593686058,0
VEN-04279,3,1,1,40.5041754310924,0
VEN-04280,3,0,0,54.08527076624775,1
VEN-04281,2,0,0,30.743136547734387,1
VEN-04282,4,1,1,25.687721715609317,1
VEN-04283,2,2,0,34.53223401949165,1
VEN-04284,4,2,0,67.58696591147016,3
VEN-04285,1,0,0,34.156556668039045,1
VEN-04286,3,1,0,49.532648606280894,0
VEN-04287,1,1,0,62.37608495984984,1
VEN-04288,2,0,1,65.18494030693888,1
VEN-04289,2,0,0,115.54665441936952,0
VEN-04290,0,0,0,93.47162081348738,3
VEN-04291,3,0,0,66.1492237593746,0
VEN-04292,4,0,1,46.96308280032645,0
VEN-04293,2,0,0,93.59211789573676,0
VEN-04294,4,0,0,56.65670262326422,2
VEN-04295,4,1,0,56.72751953626665,4
VEN-04296,0,0,0,20.811601969479764,0
VEN-04297,1,1,0,36.67184013279134,0
VEN-04298,4,1,0,46.78125954580981,1
VEN-04299,1,0,1,108.78483563524875,0
VEN-04300,2,0,0,43.386879331163456,0
VEN-04301,5,0,1,84.91124300096696,0
VEN-04302,2,1,1,125.73270907236513,1
VEN-04303,7,4,1,65.04284636928082,2
VEN-04304,1,0,1,38.77644208717738,1
VEN-04305,4,1,1,79.54414828996622,1
VEN-04306,2,1,0,200.8774707047682,0
VEN-04307,2,1,1,114.36396897911852,0
VEN-04308,1,0,0,47.44469179073376,1
VEN-04309,1,0,0,67.66938393659728,1
VEN-04310,0,0,0,47.02071239126376,1
VEN-04311,2,0,0,95.40041531834392,1
VEN-04312,1,0,0,167.2646596946772,0
VEN-04313,2,0,0,100.82790089265656,0
VEN-04314,2,1,0,97.05265399405154,0
VEN-04315,5,3,0,56.36279389222228,1
VEN-04316,4,2,1,29.74812860181572,1
VEN-04317,3,1,0,79.70570198916276,0
VEN-04318,0,0,1,116.62829803124362,1
VEN-04319,0,0,0,26.90158128840149,2
VEN-04320,2,0,1,102.01806405725328,3
VEN-04321,4,1,0,9.195327551426145,0
VEN-04322,1,0,1,29.21036330031852,2
VEN-04323,5,0,0,237.2321621191936,1
VEN-04324,1,0,0,58.0219121765675,1
VEN-04325,3,0,0,60.64604015339025,0
VEN-04326,0,0,3,189.73461587249915,2
VEN-04327,2,0,0,99.13089625880636,1
VEN-04328,4,1,0,66.23812372443334,0
VEN-04329,1,1,1,160.74187985988243,0
VEN-04330,2,1,0,40.6786770481079,0
VEN-04331,5,2,3,113.62613563584462,0
VEN-04332,0,0,0,33.55521126129325,1
VEN-04333,5,1,0,90.50333223471746,2
VEN-04334,1,1,1,30.8284545008496,1
VEN-04335,0,0,1,95.32196189659004,2
VEN-04336,3,1,0,170.6326125439465,3
VEN-04337,2,0,1,133.19564676246077,0
VEN-04338,3,0,0,50.03168201748099,0
VEN-04339,3,0,0,56.81500923074865,1
VEN-04340,1,0,0,29.597122276934066,0
VEN-04341,3,0,0,38.65470794118522,2
VEN-04342,0,0,0,110.71049700555758,0
VEN-04343,3,1,1,113.3190060734528,2
VEN-04344,3,1,1,45.057764489499625,0
VEN-04345,2,1,0,50.71624950365327,0
VEN-04346,4,0,0,45.81206538057795,1
VEN-04347,3,1,0,90.17648945938356,0
VEN-04348,0,0,1,95.44865962346422,0
VEN-04349,3,2,0,25.93709428906601,2
VEN-04350,6,2,0,34.768532616021965,1
VEN-04351,1,0,1,62.65462986139822,2
VEN-04352,3,1,1,41.72147258729383,0
VEN-04353,1,0,0,116.853990797898,0
VEN-04354,1,0,0,66.08704672579182,1
VEN-04355,4,1,1,74.33001648988503,1
VEN-04356,4,0,0,40.46451153647646,1
VEN-04357,2,0,0,52.5991974495707,0
VEN-04358,2,1,0,74.65933418751743,0
VEN-04359,4,1,0,70.46734582740804,1
VEN-04360,2,1,0,78.7683663671789,1
VEN-04361,3,1,0,87.6273889483527,0
VEN-04362,4,1,1,54.854694343786726,0
VEN-04363,4,1,1,101.34803117738132,3
VEN-04364,1,0,0,58.900874304991575,0
VEN-04365,6,1,0,46.0273326054464,0
VEN-04366,0,0,2,47.0087976187639,0
VEN-04367,1,1,0,144.50229792994566,2
VEN-04368,0,0,0,111.23958146933164,1
VEN-04369,5,0,0,41.29347908281709,0
VEN-04370,3,1,0,61.56304004356828,0
VEN-04371,4,1,0,78.90614467216048,1
VEN-04372,6,2,1,91.1665645039508,0
VEN-04373,3,0,0,60.18172213895079,1
VEN-04374,3,2,0,121.28178504494916,0
VEN-04375,5,2,0,152.0482543994376,2
VEN-04376,1,1,0,72.81887492556837,0
VEN-04377,4,1,0,50.97057467652907,1
VEN-04378,4,0,0,117.57809241285524,1
VEN-04379,3,1,0,86.95627153114516,0
VEN-04380,3,1,1,99.92774861265256,1
VEN-04381,4,1,1,128.6613882351441,0
VEN-04382,1,0,0,49.807607227890735,2
VEN-04383,0,0,1,80.69238335741235,0
VEN-04384,3,0,1,59.502341247287575,0
VEN-04385,4,1,1,91.93266032241311,3
VEN-04386,1,0,0,173.22359651798223,1
VEN-04387,8,5,1,31.93447324544814,2
VEN-04388,3,0,0,101.89559216780424,0
VEN-04389,3,1,0,61.36052990831468,0
VEN-04390,3,1,1,36.20514801553119,2
VEN-04391,3,0,0,185.49314425442375,0
VEN-04392,2,1,0,9.259803518278044,1
VEN-04393,1,0,0,133.84190421708624,0
VEN-04394,4,1,2,19.625894515658363,0
VEN-04395,7,2,1,25.988999430678128,1
VEN-04396,1,1,1,99.94633210518091,1
VEN-04397,3,1,0,58.80488956067352,1
VEN-04398,2,1,1,58.94379880430705,0
VEN-04399,2,0,0,36.27101840858889,0
VEN-04400,4,2,1,46.508401292665205,0
VEN-04401,2,1,1,61.378237278558096,0
VEN-04402,2,1,0,99.47655354234104,0
VEN-04403,3,1,1,98.2774378402892,0
VEN-04404,1,0,0,83.71599432439454,1
VEN-04405,1,0,1,70.93190667840354,4
VEN-04406,1,0,1,204.82884709928655,2
VEN-04407,4,1,0,61.50461710147047,0
VEN-04408,3,0,1,56.80240384939332,2
VEN-04409,8,1,0,99.0266898618927,1
VEN-04410,3,0,1,80.90736094270812,2
VEN-04411,4,2,0,110.13844235252998,1
VEN-04412,2,1,0,95.29485826256855,0
VEN-04413,3,0,0,49.13297681966608,1
VEN-04414,5,1,1,55.7077972298173,0
VEN-04415,2,0,0,25.44669318298353,1
VEN-04416,1,0,1,84.83294507853546,1
VEN-04417,5,4,0,110.4217010521384,0
VEN-04418,2,1,0,20.81126598685381,0
VEN-04419,1,0,0,106.20468043636266,2
VEN-04420,0,0,0,83.89555917350545,1
VEN-04421,1,0,0,24.80370938119357,0
VEN-04422,4,2,1,67.09172111676361,1
VEN-04423,2,0,1,36.04974668334877,0
VEN-04424,3,1,0,35.258669325363655,0
VEN-04425,3,0,1,129.6231265910958,0
VEN-04426,2,0,0,103.64727946987789,1
VEN-04427,2,0,1,52.90589885077031,2
VEN-04428,4,3,0,61.92629891632423,1
VEN-04429,2,0,2,160.48137782137684,1
VEN-04430,5,1,0,45.73684099011926,1
VEN-04431,1,0,0,132.47339467336977,0
VEN-04432,3,0,1,82.17389826927915,0
VEN-04433,0,0,0,52.40811062149344,0
VEN-04434,3,1,1,80.24222167864049,2
VEN-04435,3,1,0,77.50843899393925,1
VEN-04436,3,0,1,93.3896311885616,1
VEN-04437,2,1,1,133.99274358316336,0
VEN-04438,1,0,0,80.41813917313802,3
VEN-04439,7,2,1,46.759277754935695,0
VEN-04440,3,1,0,78.17970370490266,1
VEN-04441,4,2,0,84.03258000258394,1
VEN-04442,4,3,0,80.94470740044417,1
VEN-04443,2,0,0,50.8945109011439,0
VEN-04444,1,1,0,43.11613781440854,2
VEN-04445,1,0,0,54.3209778056246,1
VEN-04446,4,0,0,60.90134944430452,0
VEN-04447,4,1,0,36.23949112587179,0
VEN-04448,2,1,0,54.54964087726899,1
VEN-04449,2,0,1,158.14632413674718,3
VEN-04450,4,1,1,160.80053253877966,0
VEN-04451,0,0,2,107.0006397709782,0
VEN-04452,2,0,1,81.24028384055802,1
VEN-04453,1,0,0,33.04044998532288,0
VEN-04454,3,1,1,112.14509848494944,1
VEN-04455,3,0,1,24.948970824553264,0
VEN-04456,6,1,0,67.34879046972276,0
VEN-04457,3,0,1,100.647056433144,1
VEN-04458,5,1,0,105.9023515314978,1
VEN-04459,4,3,0,48.132784807351385,0
VEN-04460,3,1,0,27.05725836106658,0
VEN-04461,3,1,1,58.08182918474242,0
VEN-04462,4,1,0,40.18334218516611,1
VEN-04463,3,2,0,80.4599733801335,0
VEN-04464,1,0,0,94.55236451862564,0
VEN-04465,4,0,1,46.3254749598898,1
VEN-04466,5,2,1,81.19406110983492,1
VEN-04467,0,0,0,43.69434884113251,0
VEN-04468,2,1,0,62.56965477228979,0
VEN-04469,1,1,1,33.007010842087695,0
VEN-04470,3,1,0,30.730936095478828,0
VEN-04471,2,0,1,72.49899149449644,1
VEN-04472,4,1,1,67.39187139761412,0
VEN-04473,1,0,0,77.33836737705441,1
VEN-04474,4,1,0,59.01009047642889,0
VEN-04475,3,1,0,58.69398386851756,0
VEN-04476,3,0,0,86.72429727123763,0
VEN-04477,4,2,0,46.03238615134292,0
VEN-04478,5,0,0,77.9579743029038,0
VEN-04479,2,1,0,24.067715716929623,0
VEN-04480,2,2,2,69.19750782221035,1
VEN-04481,4,2,0,202.61645698997037,1
VEN-04482,3,1,2,73.61098526436132,0
VEN-04483,1,0,0,161.0884170197717,1
VEN-04484,2,1,0,27.62717747936025,3
VEN-04485,1,0,0,93.77568142107408,0
VEN-04486,5,2,0,42.459487234253615,1
VEN-04487,2,0,0,59.46995737571753,3
VEN-04488,3,0,0,42.37013082605168,1
VEN-04489,3,1,0,69.387240910007,3
VEN-04490,0,0,1,84.16334148606838,1
VEN-04491,3,0,1,26.809394227651723,1
VEN-04492,3,1,1,22.604597642335555,1
VEN-04493,1,0,1,73.54308189479916,0
VEN-04494,4,0,0,31.28194461989148,1
VEN-04495,2,1,0,90.50914427909096,1
VEN-04496,4,0,0,101.99375960486412,0
VEN-04497,1,1,0,49.63484699520026,0
VEN-04498,0,0,0,79.91982778583085,0
VEN-04499,3,1,0,15.371802705175735,0
VEN-04500,2,0,1,66.22448358351129,1
VEN-04501,4,0,1,80.65981687977315,0
VEN-04502,2,0,0,135.65635205270755,0
VEN-04503,4,1,1,54.77802307730912,0
VEN-04504,4,0,2,106.6936271399398,2
VEN-04505,6,2,0,72.5814030986953,1
VEN-04506,5,1,1,28.366453792907425,0
VEN-04507,1,0,1,30.61953446778234,1
VEN-04508,2,1,1,21.9068779191881,3
VEN-04509,2,0,0,55.69184587069381,0
VEN-04510,3,2,0,135.5904465631523,0
VEN-04511,0,0,0,48.98811440756925,1
VEN-04512,1,1,1,105.75765795068216,0
VEN-04513,2,0,1,24.072583367559968,1
VEN-04514,3,0,0,85.90995050547384,3
VEN-04515,1,0,2,45.95059074825189,2
VEN-04516,0,0,0,73.20406215305742,0
VEN-04517,1,1,0,36.02184316422567,0
VEN-04518,6,0,0,153.3002722291846,1
VEN-04519,7,0,0,100.58758793517096,0
VEN-04520,1,0,0,56.09986102767872,0
VEN-04521,0,0,1,50.75284492875139,0
VEN-04522,1,1,0,57.67463932214634,0
VEN-04523,2,0,1,79.9853930391391,1
VEN-04524,3,1,0,55.63885997458654,1
VEN-04525,4,1,0,172.1730176448892,3
VEN-04526,3,2,1,122.39156420480596,0
VEN-04527,5,1,0,137.12404430328337,0
VEN-04528,1,0,0,88.30998024993947,1
VEN-04529,1,0,0,108.38584584874552,0
VEN-04530,1,1,0,113.74292979249934,0
VEN-04531,3,0,0,71.24750761117467,0
VEN-04532,4,2,0,37.09229189536194,0
VEN-04533,5,1,0,34.81340455544409,0
VEN-04534,3,1,0,35.00078589158787,2
VEN-04535,1,0,0,33.96795791339727,0
VEN-04536,4,1,3,41.88949832972446,0
VEN-04537,4,2,1,94.12761874285177,0
VEN-04538,1,0,0,79.85923934677818,1
VEN-04539,2,0,1,47.43536841837947,0
VEN-04540,2,0,1,56.46784977515061,2
VEN-04541,1,0,0,32.820376295328046,1
VEN-04542,4,1,3,93.73777946942018,0
VEN-04543,3,1,0,36.63385587427052,1
VEN-04544,2,2,0,39.36539569509447,0
VEN-04545,3,0,0,100.74223344190038,0
VEN-04546,2,0,0,102.20845578440176,0
VEN-04547,3,2,1,88.22133074503023,0
VEN-04548,4,2,1,179.03438544613576,1
VEN-04549,2,1,0,115.634890218875,0
VEN-04550,6,0,0,132.5708085261472,0
VEN-04551,1,0,1,138.0185389549091,1
VEN-04552,2,0,2,19.34603646683631,0
VEN-04553,1,0,0,107.56111641879056,1
VEN-04554,2,0,0,128.8721355436601,1
VEN-04555,7,1,0,52.08882488815839,1
VEN-04556,5,1,2,77.01458884138387,1
VEN-04557,2,0,0,122.13845965232568,1
VEN-04558,4,1,0,32.398977765230114,0
VEN-04559,3,2,0,78.90109705389564,1
VEN-04560,4,0,1,10.186586843327872,1
VEN-04561,4,0,0,159.72774726248767,3
VEN-04562,2,0,0,62.97702067139475,2
VEN-04563,1,1,0,33.93957774936104,0
VEN-04564,3,1,0,56.23926493398021,1
VEN-04565,7,3,1,81.02461472474577,0
VEN-04566,2,1,0,60.14681858414311,0
VEN-04567,2,0,2,115.8037537095923,1
VEN-04568,3,1,0,25.86830496259065,1
VEN-04569,2,1,0,129.59829861294364,0
VEN-04570,1,0,0,36.43558003876493,2
VEN-04571,2,0,0,48.60014795793046,2
VEN-04572,4,0,0,76.8771527872742,1
VEN-04573,2,1,0,21.08029896537972,1
VEN-04574,2,0,0,105.16500395896075,0
VEN-04575,2,0,0,93.06448891928132,3
VEN-04576,2,1,2,65.56060477139002,0
VEN-04577,2,0,1,85.47155292157231,2
VEN-04578,3,0,3,33.85952668646417,0
VEN-04579,3,0,0,60.15904605479125,3
VEN-04580,0,0,0,97.8700848785795,1
VEN-04581,2,1,0,89.3695491009778,1
VEN-04582,4,1,1,71.1330534533785,2
VEN-04583,7,3,1,71.80061314767111,0
VEN-04584,5,0,0,76.64739441944627,0
VEN-04585,4,2,2,84.02861728893934,1
VEN-04586,0,0,0,67.2696628657543,1
VEN-04587,1,1,0,22.75993640899228,1
VEN-04588,2,2,1,50.42537424817554,0
VEN-04589,3,1,1,269.05710357529193,0
VEN-04590,2,0,1,99.6946302115222,0
VEN-04591,2,0,0,54.057206598622265,2
VEN-04592,0,0,1,17.406014475625838,0
VEN-04593,2,0,1,61.623109362312434,2
VEN-04594,5,1,1,34.93970147969819,1
VEN-04595,4,2,0,25.577098746857885,1
VEN-04596,1,0,1,101.51192425870433,1
VEN-04597,3,1,0,54.169037866076806,1
VEN-04598,2,0,1,70.34509110359261,1
VEN-04599,5,3,0,95.2465084765335,1
VEN-04600,1,0,0,127.17844646439848,1
VEN-04601,5,1,0,44.36910479151068,1
VEN-04602,4,0,1,89.2364689047169,0
VEN-04603,2,1,0,25.983939802825866,0
VEN-04604,6,2,1,89.76057278347322,0
VEN-04605,1,0,0,99.64828176622164,1
VEN-04606,2,1,1,71.98500916318564,0
VEN-04607,3,2,1,62.00576206558532,1
VEN-04608,2,1,0,55.11277301687976,1
VEN-04609,3,0,0,42.79318996181656,1
VEN-04610,5,1,0,57.5920223380113,0
VEN-04611,3,0,0,60.712620967609226,0
VEN-04612,3,1,0,109.38398845843864,0
VEN-04613,4,1,0,103.92470741567136,1
VEN-04614,3,0,0,65.11280988408804,0
VEN-04615,3,0,0,26.04619777441698,0
VEN-04616,4,0,0,60.67478473727818,1
VEN-04617,3,0,0,84.42626649026856,1
VEN-04618,2,1,0,48.40582041445112,0
VEN-04619,2,1,0,19.859186438074698,1
VEN-04620,2,0,0,58.60199844978849,1
VEN-04621,1,1,0,99.634442663225,0
VEN-04622,2,2,1,43.43378560330373,0
VEN-04623,2,1,1,50.66351758690532,0
VEN-04624,3,2,0,82.23583181993612,0
VEN-04625,3,1,1,35.71732593984452,0
VEN-04626,4,2,0,21.46042130665595,0
VEN-04627,1,0,0,56.49521400906299,0
VEN-04628,0,0,1,12.31538208928542,1
VEN-04629,0,0,0,31.276244141976647,0
VEN-04630,4,2,1,56.59663319996372,1
VEN-04631,3,1,0,39.232741523810006,1
VEN-04632,1,0,1,65.99003539145856,1
VEN-04633,4,2,1,23.462936700775128,1
VEN-04634,3,2,0,129.74106409514528,0
VEN-04635,2,1,1,102.4544078161028,1
VEN-04636,0,0,0,104.60961787226682,0
VEN-04637,5,3,1,91.41992337476712,0
VEN-04638,2,1,1,63.57421016453195,0
VEN-04639,2,0,1,137.62891558308394,2
VEN-04640,3,2,3,96.80896975495185,0
VEN-04641,3,0,1,45.87375484466326,0
VEN-04642,3,1,1,124.50512330372422,2
VEN-04643,0,0,0,63.8379672310464,0
VEN-04644,2,0,0,67.97927872686542,1
VEN-04645,6,1,0,133.6813201426141,1
VEN-04646,0,0,1,38.58789329416653,0
VEN-04647,0,0,0,110.76667971206376,0
VEN-04648,3,1,0,117.12870502561432,0
VEN-04649,0,0,2,56.18473021539816,1
VEN-04650,2,0,1,76.54416544306888,0
VEN-04651,1,0,1,29.358739573197475,0
VEN-04652,2,0,0,73.7475874659835,1
VEN-04653,2,0,1,40.450067428598736,2
VEN-04654,5,1,1,17.81592881263201,0
VEN-04655,1,0,0,31.194259531423107,1
VEN-04656,2,0,0,29.95547003109231,0
VEN-04657,2,1,0,50.25230113454587,1
VEN-04658,2,1,0,109.6814105695784,0
VEN-04659,6,2,1,72.28704822632787,1
VEN-04660,4,1,1,86.48221175995702,0
VEN-04661,2,1,1,61.90515227123816,3
VEN-04662,5,1,3,37.46179950326924,0
VEN-04663,1,0,1,43.17763538226428,1
VEN-04664,2,0,0,98.21482499986163,0
VEN-04665,3,1,0,63.37356177940852,1
VEN-04666,3,2,0,93.7725484163467,1
VEN-04667,6,2,0,64.01592958612814,1
VEN-04668,1,0,0,59.53737174770845,0
VEN-04669,3,0,1,105.66539001743736,0
VEN-04670,3,0,0,51.24907836801117,0
VEN-04671,5,3,0,67.25623993074056,1
VEN-04672,4,2,0,68.61984946581131,0
VEN-04673,4,1,0,79.59992467449872,0
VEN-04674,2,0,1,89.82622672978496,0
VEN-04675,1,0,1,85.4279908021799,0
VEN-04676,1,1,0,62.15879684862771,0
VEN-04677,1,0,1,9.407637391231347,1
VEN-04678,3,1,1,74.90557845455537,1
VEN-04679,2,1,0,62.0307099451575,2
VEN-04680,1,0,0,78.90340885491273,0
VEN-04681,4,1,1,59.78896509635938,1
VEN-04682,3,0,0,150.2109237689201,0
VEN-04683,0,0,1,120.71942528013368,0
VEN-04684,4,0,1,105.42395659647056,1
VEN-04685,4,3,2,45.32200184726312,2
VEN-04686,3,1,0,89.63504783829184,0
VEN-04687,6,0,0,129.1821739532969,1
VEN-04688,2,0,0,67.58841217221163,0
VEN-04689,5,3,0,82.51882747647711,0
VEN-04690,2,0,0,169.29410382482254,2
VEN-04691,1,0,1,54.29046866327417,1
VEN-04692,4,1,0,30.94330321805952,1
VEN-04693,1,0,0,79.2752276571939,0
VEN-04694,4,1,0,12.006140171395865,1
VEN-04695,0,0,1,58.12659140207947,2
VEN-04696,3,0,1,42.204206027575445,2
VEN-04697,4,1,0,132.19408035968695,0
VEN-04698,2,0,0,50.41548258569706,0
VEN-04699,4,2,1,68.37943063823305,1
VEN-04700,3,0,1,67.62555623425038,0
VEN-04701,6,0,2,20.743571391618307,0
VEN-04702,2,0,0,115.35513652439562,1
VEN-04703,3,2,3,33.01886389995715,0
VEN-04704,2,0,3,36.36747709423938,0
VEN-04705,1,1,0,25.81587159058388,0
VEN-04706,2,1,1,94.60048279239344,1
VEN-04707,0,0,0,73.55387070675681,1
VEN-04708,3,1,0,107.09370240975774,0
VEN-04709,0,0,0,49.4272128972593,1
VEN-04710,2,1,1,63.76873572876262,0
VEN-04711,2,0,0,48.39751779931004,0
VEN-04712,5,1,0,55.68199291863556,0
VEN-04713,2,1,1,46.38121511790018,1
VEN-04714,1,0,0,123.0030943714159,0
VEN-04715,2,0,1,227.48292784971497,0
VEN-04716,4,2,0,92.76252353558448,0
VEN-04717,2,1,0,73.31430395460087,1
VEN-04718,3,1,0,148.27131250218187,1
VEN-04719,1,0,0,290.6122833381559,2
VEN-04720,1,0,0,78.85025567529472,2
VEN-04721,4,2,0,34.84045951821996,1
VEN-04722,1,0,0,93.56148777218874,0
VEN-04723,4,0,1,10.0795679211957,1
VEN-04724,4,2,0,138.4923786943456,0
VEN-04725,4,1,0,55.212165054712585,1
VEN-04726,3,0,0,72.22228686140899,0
VEN-04727,4,2,0,22.357360902152816,0
VEN-04728,4,1,0,141.85998898546205,0
VEN-04729,0,0,1,49.09724518062328,0
VEN-04730,3,0,0,127.37122048583436,0
VEN-04731,2,1,1,88.44026056602824,2
VEN-04732,1,0,0,82.28920711068643,0
VEN-04733,2,0,1,71.70622013406255,0
VEN-04734,4,3,0,30.28212929611158,0
VEN-04735,2,0,0,62.19843041510822,0
VEN-04736,0,0,1,66.61043207868278,2
VEN-04737,2,0,0,70.04312941817508,0
VEN-04738,1,0,0,58.32250969154749,1
VEN-04739,3,2,1,91.9987383525396,0
VEN-04740,8,4,0,89.10922940971881,1
VEN-04741,2,0,3,71.18782719804052,0
VEN-04742,3,2,0,158.1302697261306,0
VEN-04743,1,1,3,73.85195902427888,2
VEN-04744,2,1,0,126.46022538784696,0
VEN-04745,5,2,0,50.25626806483053,0
VEN-04746,4,2,0,70.80462136202448,0
VEN-04747,3,0,3,169.8183459781706,0
VEN-04748,4,2,0,32.896162293611006,3
VEN-04749,2,0,1,69.04565374649135,0
VEN-04750,2,0,0,195.9523026290073,1
VEN-04751,7,4,0,59.909727971920056,1
VEN-04752,1,0,0,175.6427127163541,1
VEN-04753,3,0,0,113.6721267690194,0
VEN-04754,1,0,1,102.8954643075475,0
VEN-04755,1,1,2,118.31177140134336,2
VEN-04756,2,0,0,33.91050649342807,1
VEN-04757,3,1,0,126.13375504807578,1
VEN-04758,4,1,0,72.05251970085054,2
VEN-04759,4,3,1,46.727058998580205,0
VEN-04760,4,1,1,65.08532774094736,0
VEN-04761,2,1,0,104.409602542571,1
VEN-04762,2,0,0,80.33518646632498,2
VEN-04763,6,3,0,52.88673332814484,0
VEN-04764,3,1,0,91.22826800850808,0
VEN-04765,3,0,0,32.79305893980866,2
VEN-04766,1,0,0,66.26889821179263,0
VEN-04767,1,0,0,222.95429618426968,0
VEN-04768,2,0,0,27.56070748691014,0
VEN-04769,2,1,0,87.0067427165768,0
VEN-04770,2,1,0,104.14052176497898,0
VEN-04771,3,0,0,76.30831830188602,2
VEN-04772,2,0,0,68.01223245947864,1
VEN-04773,2,0,1,25.971409485106697,0
VEN-04774,3,1,1,80.9355311634868,2
VEN-04775,3,1,0,71.35791146148657,1
VEN-04776,1,1,0,28.219001097568647,0
VEN-04777,1,0,0,86.38290001004944,1
VEN-04778,3,2,0,43.85192996587959,0
VEN-04779,5,1,1,87.46822811409369,1
VEN-04780,4,0,0,113.81684619284806,1
VEN-04781,5,1,0,27.60757329499122,0
VEN-04782,6,1,1,151.93445324470508,1
VEN-04783,3,3,0,21.30792735717004,1
VEN-04784,1,1,0,129.34815841627008,0
VEN-04785,2,1,0,95.8224104959579,0
VEN-04786,1,0,1,76.75066649769272,0
VEN-04787,2,2,0,69.87066767684091,1
VEN-04788,3,0,1,81.03084414680362,0
VEN-04789,3,0,0,26.57637728941573,0
VEN-04790,0,0,0,39.40738804231499,1
VEN-04791,3,0,1,52.10980249728312,0
VEN-04792,1,1,0,20.8898106743189,0
VEN-04793,2,1,0,45.355371254740255,0
VEN-04794,3,1,1,72.70469048043189,1
VEN-04795,3,1,0,98.07467717827998,0
VEN-04796,4,0,0,68.63281302841663,1
VEN-04797,3,0,0,110.1732902837894,0
VEN-04798,2,1,0,74.53704388796925,0
VEN-04799,1,0,1,88.23549061998185,0
VEN-04800,3,1,0,74.00858574454392,1
VEN-04801,2,0,0,142.37564736879858,3
VEN-04802,1,1,1,46.39351745156173,2
VEN-04803,2,1,0,23.866496612058107,1
VEN-04804,1,0,0,22.925638707200477,1
VEN-04805,1,0,0,64.20108575630636,1
VEN-04806,6,1,1,17.64970073545107,1
VEN-04807,3,1,0,30.23041790190093,2
VEN-04808,4,1,1,85.9185987491713,1
VEN-04809,5,2,0,27.989220790182326,0
VEN-04810,1,0,1,88.45438868621966,1
VEN-04811,2,1,1,78.21918620899635,0
VEN-04812,2,1,0,108.0511166633719,0
VEN-04813,1,1,0,61.25241560163042,1
VEN-04814,5,2,0,30.83710429126565,2
VEN-04815,3,0,1,149.40555139981626,2
VEN-04816,4,2,0,51.80590215204228,0
VEN-04817,1,1,0,235.07507447365836,0
VEN-04818,3,1,0,78.60836571937581,2
VEN-04819,3,1,1,51.515413669173405,3
VEN-04820,0,0,2,52.75252598363573,0
VEN-04821,2,1,1,57.01353618727788,0
VEN-04822,3,0,0,106.10849824603991,0
VEN-04823,0,0,0,26.96437611706412,0
VEN-04824,3,0,0,86.8888873538079,0
VEN-04825,5,3,1,81.7691355093907,2
VEN-04826,4,2,0,42.06346231771335,2
VEN-04827,3,0,2,43.34455520232948,0
VEN-04828,1,0,0,43.550195115451096,0
VEN-04829,0,0,0,141.48443542315712,0
VEN-04830,2,0,1,16.259666313762803,2
VEN-04831,4,0,0,153.70332370898242,1
VEN-04832,5,2,0,47.70813049733314,0
VEN-04833,3,1,0,139.27718990703283,0
VEN-04834,3,1,1,59.6102246574413,0
VEN-04835,3,1,0,64.968604116499,1
VEN-04836,1,1,1,55.8814732898651,0
VEN-04837,3,1,0,60.31916541247968,0
VEN-04838,3,1,0,49.53956399635522,0
VEN-04839,1,1,0,66.08780453209668,2
VEN-04840,4,1,0,83.96298255743872,0
VEN-04841,4,1,1,58.0884728119466,1
VEN-04842,1,1,1,94.48093741076735,0
VEN-04843,2,1,0,60.67355851941815,0
VEN-04844,2,1,0,165.3989363064793,0
VEN-04845,3,2,0,87.85078491208974,0
VEN-04846,5,2,0,125.33187274306768,0
VEN-04847,2,1,1,130.55048410717748,0
VEN-04848,3,0,0,53.537279135071856,1
VEN-04849,3,1,0,105.1152010326587,0
VEN-04850,2,0,1,81.19439423229271,0
VEN-04851,4,1,0,116.33736601622292,1
VEN-04852,2,0,0,72.92570443030296,3
VEN-04853,0,0,0,100.88462424387588,0
VEN-04854,2,0,0,73.77690372453914,1
VEN-04855,1,0,1,101.20417809233751,0
VEN-04856,2,1,0,58.718372225788286,3
VEN-04857,3,1,1,54.648266813141234,0
VEN-04858,4,1,1,54.62949839844853,2
VEN-04859,1,0,2,132.9108178045868,1
VEN-04860,4,2,1,178.06595940585106,1
VEN-04861,6,3,1,63.57293849405591,0
VEN-04862,3,0,1,26.710916163976574,1
VEN-04863,3,0,1,48.42881498396818,2
VEN-04864,2,0,0,50.04932270249286,1
VEN-04865,0,0,0,32.76525977368004,0
VEN-04866,1,0,0,57.862741813987846,0
VEN-04867,3,1,0,74.41850375037092,0
VEN-04868,5,0,0,71.15644372571313,1
VEN-04869,4,2,1,63.7082704408227,1
VEN-04870,2,0,0,37.479948093074064,0
VEN-04871,1,1,0,130.78490892832096,0
VEN-04872,1,0,0,11.624699202936814,1
VEN-04873,1,0,0,95.1909248840704,1
VEN-04874,3,1,0,32.632551217975376,0
VEN-04875,3,1,0,76.9194077578043,2
VEN-04876,1,1,0,69.18851749584242,0
VEN-04877,2,1,0,117.07940727714234,2
VEN-04878,1,0,0,108.40702606467524,1
VEN-04879,5,1,0,59.40253809111448,1
VEN-04880,2,0,1,80.23374767860854,1
VEN-04881,4,1,0,33.06141327787074,0
VEN-04882,1,0,0,66.94381389676937,0
VEN-04883,1,1,1,170.67601929671244,0
VEN-04884,5,3,0,106.6511086776808,0
VEN-04885,3,0,0,67.3713200362133,2
VEN-04886,6,2,0,85.31829136126122,0
VEN-04887,7,2,0,17.949855088369308,0
VEN-04888,2,0,1,46.40787322661405,0
VEN-04889,3,0,1,24.443776503499823,1
VEN-04890,3,0,0,91.11392336486456,0
VEN-04891,2,1,1,110.93658283220309,2
VEN-04892,3,1,1,54.013867594249625,0
VEN-04893,2,0,2,70.97764435607532,1
VEN-04894,2,1,1,112.39284226015144,1
VEN-04895,1,1,0,32.71228543662916,2
VEN-04896,0,0,0,115.8650257554388,0
VEN-04897,1,0,2,90.09392544426971,0
VEN-04898,3,2,0,235.5154005104621,0
VEN-04899,7,3,0,216.046922118482,0
VEN-04900,2,0,0,95.9973858482081,0
VEN-04901,3,1,1,63.887774352667776,1
VEN-04902,7,4,0,103.88621913699488,1
VEN-04903,4,1,1,58.741691301924845,0
VEN-04904,1,0,0,81.4548286392323,1
VEN-04905,4,0,0,66.37501340585587,0
VEN-04906,6,1,0,109.06187430068272,0
VEN-04907,1,1,0,108.37704296531858,1
VEN-04908,2,1,0,47.843742571791736,0
VEN-04909,4,2,0,81.1896271683582,0
VEN-04910,2,2,0,23.43431326580871,0
VEN-04911,3,0,0,69.76254352088473,2
VEN-04912,3,0,0,86.47671849978632,0
VEN-04913,6,4,0,41.34035794094552,1
VEN-04914,1,1,1,98.39546243574708,2
VEN-04915,1,1,0,180.7360684237739,1
VEN-04916,3,2,0,85.58852532600164,0
VEN-04917,7,2,0,127.10859489749096,0
VEN-04918,1,0,0,99.60913613861338,1
VEN-04919,0,0,0,24.19765842488958,0
VEN-04920,2,1,1,96.69711751798708,0
VEN-04921,4,0,0,198.2395260240081,0
VEN-04922,4,1,1,86.810367211331,0
VEN-04923,0,0,1,105.20896978558126,0
VEN-04924,2,0,0,61.38747867786542,1
VEN-04925,1,0,0,42.59244251560981,1
VEN-04926,3,0,0,52.18411953803202,2
VEN-04927,2,0,2,166.95398676139553,1
VEN-04928,3,0,0,56.26846984296633,1
VEN-04929,1,0,0,181.85532115810335,1
VEN-04930,1,0,1,31.68540189368788,0
VEN-04931,3,0,0,20.814509144191558,1
VEN-04932,2,0,1,26.67179651570928,0
VEN-04933,2,0,0,62.64194009792617,0
VEN-04934,3,2,0,42.78691790810989,1
VEN-04935,2,0,1,56.42136031203098,1
VEN-04936,3,1,0,145.03328080298868,0
VEN-04937,3,0,2,62.14654181431007,0
VEN-04938,3,0,0,77.19016467850271,0
VEN-04939,3,0,0,77.41862059866332,0
VEN-04940,1,1,0,22.00498014471208,0
VEN-04941,3,0,0,47.84548415323608,1
VEN-04942,4,0,0,78.173505180953,1
VEN-04943,3,0,1,79.84645665767023,0
VEN-04944,1,0,0,134.17825848182582,2
VEN-04945,3,2,0,56.21234288646735,2
VEN-04946,2,0,1,71.47916120383223,0
VEN-04947,2,0,0,54.74668533749111,1
VEN-04948,1,0,0,68.4874287383473,0
VEN-04949,4,1,0,169.6221867794532,0
VEN-04950,1,1,1,75.79484295215305,2
VEN-04951,3,1,0,218.0279405964616,0
VEN-04952,5,1,1,37.119207000864165,2
VEN-04953,0,0,0,106.53930330114436,2
VEN-04954,5,2,1,83.65302467785764,1
VEN-04955,5,0,0,130.97543365124113,0
VEN-04956,1,0,0,50.37535922793862,0
VEN-04957,5,2,0,15.60676784365872,0
VEN-04958,3,1,1,203.1685532640629,2
VEN-04959,1,0,1,39.4293107873223,0
VEN-04960,1,0,2,125.3405482627076,1
VEN-04961,2,0,0,91.09522138214996,1
VEN-04962,5,2,2,88.83668122322698,2
VEN-04963,0,0,0,90.02676573651698,0
VEN-04964,2,1,0,41.848461390812695,1
VEN-04965,1,0,0,84.02276979467467,1
VEN-04966,2,0,0,71.73692213146815,0
VEN-04967,3,1,1,54.22365657697701,0
VEN-04968,4,2,1,151.65423092384543,0
VEN-04969,2,0,0,33.1592722819751,0
VEN-04970,2,1,0,77.75327022008278,0
VEN-04971,1,0,1,95.86745007695234,0
VEN-04972,1,1,0,88.82832281838827,0
VEN-04973,4,1,0,51.58242042883377,2
VEN-04974,1,0,1,52.83030102809024,1
VEN-04975,2,1,0,33.79902374268549,2
VEN-04976,2,0,1,83.55349506395376,0
VEN-04977,0,0,1,117.38291504165537,2
VEN-04978,1,1,0,111.11455451393503,2
VEN-04979,1,0,1,73.36816240814771,1
VEN-04980,3,1,0,74.99720230860028,1
VEN-04981,2,1,0,33.095500633140865,1
VEN-04982,1,1,1,42.32857544652131,1
VEN-04983,0,0,1,72.11190574319166,0
VEN-04984,3,3,2,70.12160429297859,1
VEN-04985,1,1,1,32.04641770898382,0
VEN-04986,2,1,0,55.45748728644264,0
VEN-04987,4,0,0,208.62308958263677,0
VEN-04988,3,1,1,48.38306049514104,2
VEN-04989,3,1,1,17.291054731288252,1
VEN-04990,3,2,0,61.2050402388139,0
VEN-04991,7,2,0,49.91668030645657,0
VEN-04992,3,1,1,63.15918440217821,0
VEN-04993,4,0,0,55.01528015023267,1
VEN-04994,1,0,0,65.54598025769647,1
VEN-04995,7,2,0,125.86926393739655,1
VEN-04996,1,1,0,78.27149487274295,0
VEN-04997,5,5,0,54.65152442158634,0
VEN-04998,3,0,0,133.68656928064954,0
VEN-04999,3,0,0,46.35884468435047,0
VEN-05000,2,0,2,30.722713881277485,0
