assessed_entity_id,assurance_exception_count,high_severity_finding_count,control_maturity_score,months_since_independent_assurance
VEN-00001,1,0,3.99644946608582,2.65235912931137
VEN-00002,2,0,2.9754876944399067,9.349258566393988
VEN-00003,2,2,2.440288280929651,15.173942161231672
VEN-00004,0,0,4.01216490644744,16.705065446843882
VEN-00005,1,0,1.4708910657720815,7.197975455084349
VEN-00006,0,0,3.7267437630808753,13.779125316764253
VEN-00007,0,0,4.9451249525261485,17.790519751692646
VEN-00008,1,0,3.443838188140239,13.605955212471288
VEN-00009,2,1,3.946953026285236,7.8968483347809535
VEN-00010,2,1,3.2223729360448043,17.557029741749144
VEN-00011,2,1,3.2786547101511867,33.006152790533875
VEN-00012,0,0,3.790590764687384,31.700547547345785
VEN-00013,1,0,4.118672862489342,7.073144843961106
VEN-00014,0,0,3.011856424555429,19.45384956847428
VEN-00015,0,0,2.4345769621322155,6.331958182527114
VEN-00016,0,0,3.5711237049933118,40.78351187304675
VEN-00017,1,0,3.75290293767656,7.196580532264132
VEN-00018,1,0,2.8356756457686583,5.5176258382366505
VEN-00019,2,1,5.0,7.140851431258136
VEN-00020,0,0,2.326689926199978,12.320237833521912
VEN-00021,0,0,2.9864855891008224,7.776453801390469
VEN-00022,1,0,3.525756932348516,16.877774000668325
VEN-00023,0,0,2.968544556676409,12.778585688912614
VEN-00024,1,0,4.010288237672125,7.279547046444289
VEN-00025,1,0,3.3730913234401174,32.9921359443094
VEN-00026,1,1,3.4298259025896054,16.49481696646853
VEN-00027,1,0,4.647431802793802,3.231701575988074
VEN-00028,0,0,4.771676016741749,14.32919680734232
VEN-00029,3,1,3.944570854919281,12.393182143946714
VEN-00030,1,0,3.941035897656557,4.9054789603948645
VEN-00031,3,1,5.0,13.411772364027984
VEN-00032,1,0,2.777737489599423,21.13739918848329
VEN-00033,0,0,4.71887984513014,16.739884584100782
VEN-00034,1,0,4.181950026181674,32.22277834901405
VEN-00035,0,0,3.434887245754894,7.1543921584972665
VEN-00036,0,0,3.4337874043761154,12.094471817090394
VEN-00037,1,0,3.031994271855102,5.178411451946494
VEN-00038,2,0,2.8281807192960504,4.697513067814092
VEN-00039,3,1,3.2520347798606206,12.812386881546718
VEN-00040,1,0,1.9517848586650797,7.505501152239291
VEN-00041,1,0,3.4244710807756427,28.665480698215525
VEN-00042,1,1,3.678951568242896,9.544228969288122
VEN-00043,2,0,3.179090718632593,13.23943873461797
VEN-00044,0,0,4.627476748867081,6.697971894688611
VEN-00045,1,0,4.544724558872777,17.067476660216492
VEN-00046,2,1,3.593898415815893,9.306953711583692
VEN-00047,2,0,4.834714023377522,15.369554819296726
VEN-00048,0,0,2.7846335180303883,19.036038839599023
VEN-00049,2,0,3.474709878302237,11.722021371416288
VEN-00050,0,0,1.9917515622071928,8.492199712144947
VEN-00051,0,0,3.481378007028296,18.453782457166568
VEN-00052,0,0,2.80756091038988,12.122238049830326
VEN-00053,4,0,2.996769136828929,24.928723001854674
VEN-00054,0,0,3.2974831276545,4.948306428071482
VEN-00055,1,0,3.720935739259536,16.56825462954414
VEN-00056,2,1,3.3013900241133203,17.034641997243902
VEN-00057,3,1,2.645577910578557,9.138396553257866
VEN-00058,1,0,4.765364155468288,11.65495566725155
VEN-00059,2,0,3.250184441551748,5.201966292437396
VEN-00060,2,0,3.36661725410577,24.5848222514528
VEN-00061,1,0,3.842501366518323,6.485104956449492
VEN-00062,0,0,2.229649747725829,3.7406862107956096
VEN-00063,3,0,4.533872094770132,23.986963327705407
VEN-00064,0,0,2.659450523931026,6.718294767808857
VEN-00065,1,0,2.9979058153709577,32.13898900636091
VEN-00066,2,0,4.310694318635923,32.10421615953212
VEN-00067,2,0,3.444336205416703,10.014427812802074
VEN-00068,2,0,4.333953120571069,7.226088443203118
VEN-00069,2,0,3.737285962973227,10.962005663901444
VEN-00070,0,0,3.757152883751197,6.774314216522264
VEN-00071,0,0,2.259209081183565,9.498311543067937
VEN-00072,0,0,2.456328334189104,2.950016597908212
VEN-00073,1,0,4.639515353600576,17.57821242022715
VEN-00074,2,0,3.8070561112897896,40.84514893138318
VEN-00075,0,0,3.7325008181604105,12.651125730624669
VEN-00076,1,0,3.648034603597942,0.7749499641065151
VEN-00077,1,0,3.222164844100368,8.98633537625193
VEN-00078,1,0,4.57346378978575,3.138566777121552
VEN-00079,2,1,3.891427735512952,13.297804339497809
VEN-00080,0,0,4.090096977750331,14.829947652612688
VEN-00081,0,0,3.790524795590963,15.334856696406831
VEN-00082,2,1,3.29068218303866,14.279792802130247
VEN-00083,1,0,3.468402790987532,15.702106006369576
VEN-00084,1,0,3.0455178647733594,10.186896455358816
VEN-00085,1,0,3.707662390643789,26.52176119969566
VEN-00086,2,1,3.8351241683372015,10.612577050127962
VEN-00087,0,0,3.39645915658971,10.1283903433896
VEN-00088,1,0,5.0,20.803960999460404
VEN-00089,0,0,4.896066015221311,18.67345950124652
VEN-00090,0,0,2.438693144330061,26.525601770017268
VEN-00091,1,0,3.2700225308535296,2.1777746394025086
VEN-00092,0,0,2.204313749153119,7.391320335356823
VEN-00093,1,0,1.9954829419559912,17.91721026826878
VEN-00094,1,0,4.5468314296126415,5.690212189284483
VEN-00095,0,0,3.9256415538638194,11.351727588719006
VEN-00096,1,1,4.734761918571385,4.150748803819675
VEN-00097,3,2,2.9369796127489853,16.913137186611845
VEN-00098,1,0,3.9110977513610767,17.01930464681461
VEN-00099,1,1,3.0492035575875422,34.00116303353822
VEN-00100,4,0,2.950152379135572,7.646475280921424
VEN-00101,3,1,3.772194261195245,7.505995118503624
VEN-00102,1,0,4.038125101303796,8.20179544041477
VEN-00103,2,0,4.028671511970694,19.086876464073296
VEN-00104,1,0,3.850063829018146,5.924551841069897
VEN-00105,3,0,2.090796513015819,16.41959889735278
VEN-00106,0,0,2.2502061227359675,5.738783013684409
VEN-00107,0,0,4.09600389241869,11.663806082486612
VEN-00108,0,0,3.223160013930482,14.510571575140489
VEN-00109,1,0,3.0908209330409555,8.969651214495084
VEN-00110,2,0,2.5403855608317616,21.11135255312133
VEN-00111,1,1,3.6463745248907617,21.90467733371053
VEN-00112,1,1,3.6279947159622994,16.615413338804704
VEN-00113,1,1,3.066329396648048,17.06197175376941
VEN-00114,0,0,3.45247164026523,8.705712649617364
VEN-00115,0,0,3.9229377135302346,9.285902008854231
VEN-00116,0,0,1.9715865238414008,40.87583380800522
VEN-00117,1,0,3.764259218585817,8.138867498682313
VEN-00118,0,0,3.7524951422375024,1.559699928361086
VEN-00119,1,0,3.570619240685109,7.9065390383826095
VEN-00120,1,1,4.665572918425273,15.368095047758263
VEN-00121,2,1,3.0335274622498303,15.763054394808297
VEN-00122,1,0,4.036977935987897,11.572021413671376
VEN-00123,0,0,4.4190103908315,13.42473439556782
VEN-00124,1,0,4.364796243390131,5.343643990196388
VEN-00125,2,1,4.386120951875139,7.777240632410498
VEN-00126,1,0,2.95529357736808,6.15999576617933
VEN-00127,0,0,3.670437334195741,17.639695374236876
VEN-00128,0,0,4.075769346066081,13.803048768914136
VEN-00129,0,0,3.127806370469853,36.74181014597988
VEN-00130,2,0,3.79935970030223,7.729425213189743
VEN-00131,1,0,3.049044995531237,2.4554119612765013
VEN-00132,0,0,2.8293310652167705,7.052044673313435
VEN-00133,1,0,1.5020680810001372,12.08634613387337
VEN-00134,1,0,3.1076365855190327,6.870898443828715
VEN-00135,1,0,3.636352030604212,6.310840101586319
VEN-00136,0,0,4.122772677671828,12.48471241569279
VEN-00137,0,0,4.265314008488511,7.30776909371266
VEN-00138,0,0,3.230516787416253,3.52084553755337
VEN-00139,0,0,4.270624068525494,10.28158617251889
VEN-00140,2,0,4.858133333674962,13.164663111697058
VEN-00141,1,0,3.386928171877129,5.304953834181351
VEN-00142,0,0,3.5761933377576267,6.920283724414699
VEN-00143,4,1,3.365876790699289,5.956358906145892
VEN-00144,1,0,3.865284061870433,24.598906232929995
VEN-00145,1,0,3.794544832560685,11.938111042471062
VEN-00146,2,1,4.0220509555549055,17.866350999687334
VEN-00147,2,0,2.4963470594785195,2.108213477772804
VEN-00148,0,0,4.069762945259819,7.5520231283024
VEN-00149,1,0,3.56252591717938,6.885878654891495
VEN-00150,2,1,4.249500423871422,11.181400510472972
VEN-00151,0,0,3.14793251318229,7.242371828224882
VEN-00152,1,1,4.118957716489621,14.502601422077436
VEN-00153,1,0,3.1427760142861043,10.224374672963584
VEN-00154,0,0,3.850320293640433,10.120901219371204
VEN-00155,1,0,3.029551921423129,4.241396987977119
VEN-00156,1,0,3.5967311002411297,7.531917354602158
VEN-00157,1,0,2.947267364710587,21.14471329761424
VEN-00158,0,0,4.152620802395916,4.678931771727245
VEN-00159,2,0,3.456138978998911,6.578843265304887
VEN-00160,0,0,2.62603663269443,9.85491160803316
VEN-00161,0,0,4.821079074466884,18.20880426910327
VEN-00162,1,0,4.742351991904252,25.37751416912799
VEN-00163,2,1,3.0083259340129187,10.57285074850891
VEN-00164,1,0,4.762094668449388,5.818978672170848
VEN-00165,1,0,4.542645885239292,2.9580838730818617
VEN-00166,3,0,3.6908782269188825,14.363334600167065
VEN-00167,2,0,3.452166179623127,20.0622823438746
VEN-00168,0,0,3.7002514056623528,8.587765637984178
VEN-00169,3,1,1.7665993068651755,15.841175614908648
VEN-00170,1,0,4.818894208626707,8.580903120398911
VEN-00171,1,0,2.8308798758585034,12.600391199908069
VEN-00172,5,2,3.313603079189571,6.303290445332494
VEN-00173,0,0,4.009556488140367,10.658386017918492
VEN-00174,4,2,4.216787504657465,4.011283221133829
VEN-00175,0,0,2.810020649381748,15.530623832820536
VEN-00176,1,0,4.866605896112401,11.758067664745177
VEN-00177,2,0,3.1660754941066607,9.79531168761561
VEN-00178,0,0,3.856072373136695,23.796171538459035
VEN-00179,1,1,4.118308378914079,8.017446794989418
VEN-00180,2,0,3.556549104729832,23.485132635895454
VEN-00181,3,0,3.967417817938933,12.40828972150357
VEN-00182,0,0,3.551238912811633,20.69773190518707
VEN-00183,0,0,3.4418352350824835,9.048351340263528
VEN-00184,0,0,4.024790525449497,16.78049324620079
VEN-00185,1,0,3.488729511917549,32.53093892741017
VEN-00186,1,0,3.506416061677768,9.191197851928704
VEN-00187,2,0,3.802437654827665,27.991078070312334
VEN-00188,1,0,2.4997205285015287,9.679495347450262
VEN-00189,2,0,3.576748931648938,6.534153002080907
VEN-00190,1,0,2.4165390639980773,1.807677205075614
VEN-00191,1,0,4.546874843043189,24.598377777483847
VEN-00192,0,0,2.9699739013237387,11.079368315209884
VEN-00193,1,0,3.492131847878297,12.764040937648565
VEN-00194,1,0,3.8963493276201175,19.285757063228584
VEN-00195,3,0,2.524388016847181,17.80867400035726
VEN-00196,0,0,4.790687255356463,22.93345776604649
VEN-00197,1,0,4.414896351940383,3.3054062565051034
VEN-00198,0,0,3.717442826413768,10.931550491509675
VEN-00199,3,1,2.7612547018279368,21.635650460504763
VEN-00200,0,0,2.7138215862797823,2.639114492546447
VEN-00201,0,0,2.9638771639143666,6.210295247526528
VEN-00202,0,0,3.9291069947794166,7.72848107814854
VEN-00203,2,1,3.765828497656351,9.51804938578517
VEN-00204,1,0,3.3893454038787576,23.84245885521221
VEN-00205,4,1,3.025490400289517,8.848723806235803
VEN-00206,2,1,3.5686612696641378,11.167096416853113
VEN-00207,1,0,2.996976057751441,16.640265974007725
VEN-00208,2,0,4.108819502313593,14.433814996648236
VEN-00209,2,1,4.139185509505454,9.601257381165128
VEN-00210,0,0,2.655341645220044,11.220445413363482
VEN-00211,3,1,3.277829272734833,11.199378730008986
VEN-00212,2,1,3.868779865722111,8.002836388487115
VEN-00213,1,0,4.719935122447939,8.813147693403241
VEN-00214,0,0,3.4742413712006286,33.935346301944186
VEN-00215,1,0,4.581690682238154,4.010513392595638
VEN-00216,2,0,3.337229843329143,17.858303132569883
VEN-00217,2,0,4.323720279315234,43.14471544724675
VEN-00218,0,0,4.324326956712615,26.153677702919016
VEN-00219,1,0,4.536113596333346,21.5155470667965
VEN-00220,2,0,4.057518458492993,15.529103251623642
VEN-00221,2,0,4.997654067132878,9.765931122106624
VEN-00222,0,0,3.879354841520332,2.8262814198447908
VEN-00223,1,0,2.622544974162831,10.178969700394438
VEN-00224,0,0,3.51434125964672,5.272183343175048
VEN-00225,1,1,2.506583571187535,23.114939066123387
VEN-00226,1,0,3.884757000964618,3.5969204469633187
VEN-00227,3,3,1.8848166852854784,6.478626644840311
VEN-00228,2,1,4.149255857907336,10.469303358016852
VEN-00229,0,0,4.3244886181011095,3.244239729304363
VEN-00230,0,0,2.777848302085096,6.858008644283845
VEN-00231,1,0,3.284568007257123,2.7627443441646267
VEN-00232,1,0,2.4713437781773173,3.0431354848076952
VEN-00233,2,1,1.5914423037809784,18.32014761590986
VEN-00234,0,0,3.674848360659325,22.167631180488435
VEN-00235,1,0,2.2605108867190085,25.69303326004321
VEN-00236,4,0,3.882634689569394,8.221797823187877
VEN-00237,0,0,2.087181406401854,16.94947241625495
VEN-00238,0,0,4.369221503083679,47.95461601777508
VEN-00239,1,0,3.8824044359572873,20.519991208105672
VEN-00240,1,0,4.334284994337164,23.47882190117606
VEN-00241,2,1,4.17531565489258,21.35616779932116
VEN-00242,1,0,3.712740242178453,12.067697557797509
VEN-00243,1,0,1.8701009902613408,9.050805643879723
VEN-00244,4,0,2.6847537374906656,12.822150264860058
VEN-00245,0,0,3.3530526930484355,6.462156171710604
VEN-00246,1,0,5.0,16.969382660574187
VEN-00247,0,0,3.778005549044576,23.94310394804206
VEN-00248,2,2,2.972895986612932,12.43875394616134
VEN-00249,0,0,2.889067056664404,25.39972254585001
VEN-00250,2,1,3.856648790456924,5.644584576914912
VEN-00251,2,0,2.1657566645704858,2.978146223234365
VEN-00252,2,0,3.717161621999625,21.13192776744658
VEN-00253,1,0,3.604083731200181,4.730877327739204
VEN-00254,2,1,3.827636476237188,3.103337602132296
VEN-00255,2,0,2.960228240370868,33.62323896405537
VEN-00256,2,0,2.961054395099218,8.110358418176917
VEN-00257,1,0,4.093156029851273,40.68430046650968
VEN-00258,2,0,2.6949164161828616,11.716403851404982
VEN-00259,2,1,4.63393977169497,7.055684599959644
VEN-00260,2,0,4.45020186349403,3.7002483714244927
VEN-00261,1,1,3.1829539817402184,25.12062289548344
VEN-00262,2,1,4.073140421404929,33.32616758543155
VEN-00263,1,0,2.777965438710392,26.10708334764916
VEN-00264,1,0,3.0181508524835383,18.460872818419308
VEN-00265,0,0,2.018784668385,5.58371185604766
VEN-00266,3,1,3.434027615916025,11.477781006394167
VEN-00267,2,0,4.2027543033257,16.180607628860564
VEN-00268,3,0,3.39113226419163,22.27264160873063
VEN-00269,2,0,4.28481438229467,4.708761200242232
VEN-00270,1,1,2.5083274310082277,23.35345177419513
VEN-00271,2,1,3.468002438049206,5.080362062151497
VEN-00272,2,0,4.288187945000485,12.047980970800864
VEN-00273,2,0,2.063885988675523,9.91659156791822
VEN-00274,0,0,3.1868911505420607,14.965981851303848
VEN-00275,3,0,4.136059958340638,1.4620580292398344
VEN-00276,1,0,3.1263410630071418,18.78565762234257
VEN-00277,0,0,3.1723651406373152,13.477956789707957
VEN-00278,1,1,3.999935921188322,14.204872241867806
VEN-00279,1,1,2.405765123715696,16.28880536446682
VEN-00280,1,0,3.800238588054148,23.792246044090994
VEN-00281,0,0,3.9824009612370537,32.74514636221359
VEN-00282,0,0,5.0,11.426294171392444
VEN-00283,3,0,4.891378787503991,10.080020564650036
VEN-00284,1,1,3.5653767373008165,17.761243354673354
VEN-00285,0,0,2.8738036486447824,5.176818879101794
VEN-00286,0,0,3.1883622723130736,2.530350223817996
VEN-00287,0,0,3.184069451584264,4.70382479824454
VEN-00288,0,0,3.5782979203916163,10.224930492640082
VEN-00289,1,0,3.0522625999867103,22.247473071903244
VEN-00290,0,0,4.595969569024287,4.121098561692428
VEN-00291,2,0,4.092957455159331,6.935916354257101
VEN-00292,0,0,2.88983408180107,4.918791762608293
VEN-00293,0,0,2.1121310842973053,8.632768128339992
VEN-00294,2,0,2.908038381908157,4.1456139594879975
VEN-00295,1,0,3.340545125048715,15.461817931719803
VEN-00296,2,0,4.18497085297878,15.44206776037086
VEN-00297,0,0,3.779413329898935,7.942753188623349
VEN-00298,2,2,3.499383091597561,7.827713858321847
VEN-00299,0,0,2.8681263268420683,48.0
VEN-00300,1,0,1.634664169324299,19.596816888203
VEN-00301,1,0,3.4979670382536705,5.422679646784759
VEN-00302,2,1,3.3841153868974763,20.0409575493644
VEN-00303,1,0,3.694491150937047,5.418715371160383
VEN-00304,0,0,3.715138134855821,9.95448688354838
VEN-00305,2,1,3.144516487864954,10.849079172781895
VEN-00306,1,1,3.343020758983242,1.3138884053262403
VEN-00307,3,0,4.011929346865877,24.07408605354931
VEN-00308,0,0,3.243988340834734,38.58740179454246
VEN-00309,0,0,2.9025591844218077,31.54908690365837
VEN-00310,0,0,2.8783863297245897,8.640782759065994
VEN-00311,0,0,2.851615586780532,18.643416566202983
VEN-00312,2,1,3.202949266198982,18.011364229244467
VEN-00313,1,0,3.3243284751839117,16.523904022543572
VEN-00314,1,0,4.426868227702159,6.164781071149585
VEN-00315,1,0,2.395140199835708,6.46258614605803
VEN-00316,1,0,2.4116333061048243,10.066748849924675
VEN-00317,1,0,4.208679794272718,1.7315360239190565
VEN-00318,1,0,4.117171569169533,10.855356737361149
VEN-00319,0,0,5.0,13.757205307485105
VEN-00320,3,1,3.0228486662471314,7.787840055337705
VEN-00321,3,0,2.959829685956346,0.4243726646428838
VEN-00322,0,0,3.8413752947076807,16.732203572717573
VEN-00323,1,0,3.130879262156972,12.75486226686744
VEN-00324,0,0,3.154597693026449,10.204331794914484
VEN-00325,0,0,5.0,23.632862175702307
VEN-00326,0,0,3.574581335412957,18.9477789295126
VEN-00327,3,0,3.673419825894625,6.359964355424151
VEN-00328,1,0,3.1318738307923204,18.276569087985447
VEN-00329,1,0,3.170843936917,6.805736354702238
VEN-00330,0,0,2.7476983095140435,3.398849802318317
VEN-00331,1,0,2.9400077044170403,11.139571336795612
VEN-00332,1,0,2.902470790969676,18.349388959287197
VEN-00333,1,0,4.091897606733118,10.56872768692734
VEN-00334,1,0,3.81313944187395,6.480515148572081
VEN-00335,0,0,3.029957990879992,17.45280963538738
VEN-00336,3,0,2.9095212870415548,8.9287116711219
VEN-00337,1,0,5.0,6.779087299021643
VEN-00338,0,0,3.324636923473121,16.935187674185837
VEN-00339,0,0,3.0985053596657988,5.088812021234181
VEN-00340,2,0,4.037932551790945,7.411960378849683
VEN-00341,3,0,4.016895813331868,26.14748871955428
VEN-00342,2,1,2.9923325653102752,15.354735624218405
VEN-00343,2,0,3.6464018936816087,12.145903398375028
VEN-00344,0,0,3.7093898074104894,12.204161756779351
VEN-00345,2,1,4.342657136145741,28.410054783245727
VEN-00346,1,0,5.0,4.882275233882884
VEN-00347,0,0,5.0,8.94600798012415
VEN-00348,1,0,4.102603592540654,4.735726735660894
VEN-00349,0,0,3.2928187604687205,10.065740103216768
VEN-00350,1,0,3.31450071148788,13.150812920969742
VEN-00351,0,0,4.037416369520116,18.235757624507208
VEN-00352,0,0,3.3897901700962856,3.744157601922227
VEN-00353,0,0,3.733080541587981,18.824155446672407
VEN-00354,1,0,3.86371086334374,21.263195665613765
VEN-00355,2,0,4.973108936668822,10.153402360868794
VEN-00356,0,0,3.887162063627063,8.097374902780286
VEN-00357,2,0,3.977459130231611,6.418382806173476
VEN-00358,2,1,3.4883120618890007,5.6809830015716045
VEN-00359,0,0,2.29772418171852,23.748153444249464
VEN-00360,2,0,2.951660153436064,4.8890929505846685
VEN-00361,4,1,2.8393201570340065,5.376206855918893
VEN-00362,1,0,3.498443630652863,16.89370679440937
VEN-00363,2,0,3.2021658799205754,5.619424704844199
VEN-00364,2,0,3.729070342441827,9.141692378981237
VEN-00365,1,0,2.618464779830005,10.306943390143012
VEN-00366,2,0,4.885946898120521,14.381674559811382
VEN-00367,1,1,3.5381740937292205,22.5300270693779
VEN-00368,1,0,4.06659721530526,5.727230787188029
VEN-00369,1,0,3.043723946394738,3.0548991634170464
VEN-00370,0,0,5.0,3.4645433687244758
VEN-00371,2,1,1.6134981644215252,13.029467520521298
VEN-00372,2,1,3.6384937378810953,20.385809418732475
VEN-00373,0,0,2.08803426060315,26.009527329764712
VEN-00374,4,1,3.1186390476781742,10.908790765843564
VEN-00375,1,0,4.15982939186493,10.601653018554856
VEN-00376,1,0,2.7884235036293057,5.639461585216763
VEN-00377,1,0,3.4911366047383368,0.6052759660521114
VEN-00378,1,0,3.643336701447111,8.425134850766678
VEN-00379,3,1,3.3100035332132958,5.942577178617514
VEN-00380,2,0,4.206976108070352,3.734571094610331
VEN-00381,1,0,5.0,13.721381306065847
VEN-00382,0,0,2.905370046688005,18.805726862880345
VEN-00383,1,0,4.939533089759111,22.223309308316576
VEN-00384,3,0,3.713843927187768,17.258371455532224
VEN-00385,0,0,3.357880554263847,10.585873663884875
VEN-00386,2,1,3.872255767285735,10.700899454608424
VEN-00387,2,1,2.858004524142751,7.864115566338917
VEN-00388,4,1,4.625359256863423,6.987668713991094
VEN-00389,1,0,3.756626452271999,4.958799770945548
VEN-00390,0,0,3.507841510770258,4.7485761595235125
VEN-00391,2,1,3.484099135244887,1.53609528617924
VEN-00392,1,0,3.097968564407479,15.20725976073884
VEN-00393,0,0,3.0713233988038398,24.58373175022617
VEN-00394,3,0,2.77862017057545,10.184330094260009
VEN-00395,1,0,2.957286365858636,6.948287284403065
VEN-00396,0,0,3.628489245761865,20.543762618996823
VEN-00397,1,0,2.9079619160760624,9.481209016040465
VEN-00398,1,0,2.756202179141237,10.21595902357105
VEN-00399,0,0,3.7549972396760447,7.239871195538901
VEN-00400,0,0,4.078582642328742,10.531339958274936
VEN-00401,1,0,4.066350850003118,11.4023403461234
VEN-00402,1,1,3.796079435196344,4.11704896937109
VEN-00403,3,0,4.489836566535415,13.033635517684722
VEN-00404,1,0,1.8963153878105563,26.141240944226624
VEN-00405,1,0,3.963607583642239,15.55366253655142
VEN-00406,2,0,3.788943019298879,14.027209152666286
VEN-00407,0,0,4.3595376780216935,9.616573943862823
VEN-00408,1,0,2.47029966454081,5.878504070434883
VEN-00409,2,0,4.241210965646517,25.239436523457236
VEN-00410,2,0,3.445281462393792,33.09874054650322
VEN-00411,2,1,4.672516885508125,10.48714923425242
VEN-00412,1,0,4.2805386080215975,3.0911077523018937
VEN-00413,2,1,4.673005073733,3.3555085496572867
VEN-00414,0,0,3.1155044598960795,17.35740119105244
VEN-00415,1,0,4.431167904609522,7.849195321535502
VEN-00416,0,0,2.589437866918997,3.745866997165176
VEN-00417,0,0,4.919051105273212,10.410789699633913
VEN-00418,1,0,3.2062389369935644,18.059404696236
VEN-00419,0,0,3.3618753790654776,28.75275728461425
VEN-00420,0,0,3.255708681177232,11.41114525370706
VEN-00421,3,0,3.3699404903006167,9.20557060006275
VEN-00422,1,1,3.035719985514813,4.785191717564495
VEN-00423,1,0,3.57300300602466,28.146988251250043
VEN-00424,1,0,3.972350737156493,11.495296128611248
VEN-00425,0,0,3.207462543164264,27.15939440860764
VEN-00426,1,0,1.798266302504259,4.012066591256671
VEN-00427,1,0,3.650105398932972,6.042071289691776
VEN-00428,0,0,5.0,3.3646772601302803
VEN-00429,0,0,3.509459228174148,11.67122329700754
VEN-00430,1,1,4.746127755136227,16.443147956954288
VEN-00431,1,0,5.0,19.998372922483707
VEN-00432,1,0,4.07184620121937,29.16151875173772
VEN-00433,1,0,3.433548009814794,12.194576468277427
VEN-00434,2,1,4.510971603261011,3.4823503378628105
VEN-00435,1,0,2.79965403865175,6.9341782144103545
VEN-00436,3,0,3.6855174963926425,13.360788504954016
VEN-00437,0,0,2.736142466816037,15.89816493595783
VEN-00438,1,0,3.1921238070158213,10.827853828511527
VEN-00439,0,0,3.6196274512360698,3.024787773389686
VEN-00440,1,0,3.4767002602039545,10.867112907436033
VEN-00441,1,0,4.165812792581657,14.228653173005666
VEN-00442,1,1,3.366762832195056,26.882760402080137
VEN-00443,1,1,3.508067526785951,8.246669187538876
VEN-00444,0,0,3.4162934378077163,9.997753357097665
VEN-00445,1,0,4.786280678341101,14.087874057293345
VEN-00446,0,0,4.172330234256945,7.07405305672834
VEN-00447,0,0,4.192462156045587,14.242308417520452
VEN-00448,3,3,3.643510163248667,16.922203787093935
VEN-00449,2,1,4.442059308065411,5.5843512019483885
VEN-00450,0,0,4.061614838478032,19.219239719360964
VEN-00451,1,1,3.286480179057549,6.691766739968578
VEN-00452,1,0,4.16298582755336,6.1003753275800605
VEN-00453,2,0,2.7254509277266696,17.992674955275533
VEN-00454,0,0,3.5907053944850005,8.459906849910723
VEN-00455,2,0,3.9538341396861663,20.909953789188236
VEN-00456,3,0,2.4732101774782724,5.7615569733661935
VEN-00457,3,0,2.681434812853529,23.56041657823356
VEN-00458,3,0,4.386256950037122,16.27795271518362
VEN-00459,0,0,4.180169115350672,10.79728185193683
VEN-00460,2,0,2.688812270370091,12.180350386857365
VEN-00461,3,0,2.9649590570759816,5.660026848808443
VEN-00462,0,0,3.010416738156695,10.934846511235584
VEN-00463,4,0,2.892040704100161,9.35235944588585
VEN-00464,2,0,3.5786761441086123,29.88658136670529
VEN-00465,0,0,2.294228965184148,6.96978904542455
VEN-00466,2,0,3.430561252074411,17.999293101161854
VEN-00467,1,0,4.187044813850759,28.376565285628907
VEN-00468,2,1,3.473518398078885,17.038802353868657
VEN-00469,3,0,3.77158539575066,7.535465483691742
VEN-00470,0,0,4.537413817347343,3.112880474022541
VEN-00471,2,1,2.4977164418578632,20.238830969794503
VEN-00472,0,0,3.4950977890021027,14.8391667219087
VEN-00473,1,0,3.338173079728911,5.3311026441274745
VEN-00474,2,0,4.07907586534197,2.3170725234055287
VEN-00475,1,0,3.1216890321254422,6.595670821945518
VEN-00476,1,0,3.2292077152038137,15.498649189545256
VEN-00477,2,0,3.688516970570288,14.19732191557941
VEN-00478,0,0,3.64288384701936,22.784202724906702
VEN-00479,1,1,3.324104727550405,15.382865702037586
VEN-00480,0,0,4.2336029153844414,7.464218553433385
VEN-00481,1,1,2.938571699964008,12.27996408407857
VEN-00482,2,1,2.608782502076783,10.41271909908082
VEN-00483,1,0,3.4205476585319947,22.98189701416104
VEN-00484,1,0,3.641224891057445,6.119243552545926
VEN-00485,0,0,3.014270543287635,9.412701392966476
VEN-00486,1,1,4.657974232612786,17.678755041638876
VEN-00487,1,0,4.1263001775768,2.4553958750400477
VEN-00488,1,0,4.876118808659338,14.32554704108585
VEN-00489,2,1,2.996146582471197,9.316160930729128
VEN-00490,0,0,3.082998052052819,7.10844293066539
VEN-00491,1,0,2.4232349996201523,6.678935274990833
VEN-00492,0,0,3.815750417993068,19.91992025053369
VEN-00493,0,0,2.9524608140665314,19.99906061961642
VEN-00494,0,0,4.424339179983781,12.36802883259981
VEN-00495,1,0,3.078617017459646,12.176213131277576
VEN-00496,1,0,3.9671939376278296,32.48578293378878
VEN-00497,1,0,4.1827950214220415,8.9520117748476
VEN-00498,2,1,3.446476718317484,4.978478891527377
VEN-00499,2,0,4.112934445589326,2.800769308730134
VEN-00500,1,0,3.348398590045705,2.2330402413561754
VEN-00501,3,0,2.7155458222695428,16.690391900807093
VEN-00502,1,0,4.019767919649725,5.319435061987981
VEN-00503,0,0,4.479365823596486,27.01098090950846
VEN-00504,1,0,2.1030680065255085,3.831061013919832
VEN-00505,3,0,2.122989910671448,19.82411466420098
VEN-00506,2,0,3.610890689933725,3.877459966942711
VEN-00507,4,1,3.5759181985982837,23.952546671290197
VEN-00508,3,2,2.231269879515001,7.783315873449058
VEN-00509,3,2,4.563631786840157,6.455355821992034
VEN-00510,1,0,3.799476696732744,10.358549125525746
VEN-00511,0,0,4.614909625216077,8.037809893925285
VEN-00512,2,0,3.5769231918460505,9.849279788884886
VEN-00513,0,0,2.997822146298863,19.25760475993947
VEN-00514,0,0,3.468734295056993,12.820292913630375
VEN-00515,0,0,3.198943466490683,9.05910582497205
VEN-00516,2,0,3.550083733641473,16.523044186303288
VEN-00517,0,0,2.9029517749545737,5.329641131600419
VEN-00518,0,0,3.3308918902859546,14.690137786234017
VEN-00519,2,0,4.112867452917716,12.92912302566603
VEN-00520,1,0,3.525550678541098,5.762357191369477
VEN-00521,2,1,3.206826474550993,9.91368494762814
VEN-00522,2,1,3.5971736216246084,13.901745130680704
VEN-00523,1,0,2.649104478735097,16.841802069297728
VEN-00524,1,0,3.586898312892618,5.644410432670592
VEN-00525,1,1,3.650188734864735,11.542732423942663
VEN-00526,1,1,2.3214411358455465,20.53347744845916
VEN-00527,0,0,3.879018221009917,33.83033160399052
VEN-00528,0,0,2.316230017735276,37.0320864578776
VEN-00529,0,0,3.886487351285408,8.454738042966254
VEN-00530,1,0,3.6907183227740905,9.118435238788829
VEN-00531,1,0,3.789927367831295,12.470038601688875
VEN-00532,1,0,3.059058822248824,47.76526067902133
VEN-00533,0,0,3.30533167233802,6.204522781530303
VEN-00534,0,0,3.9578624266872255,7.228213073703593
VEN-00535,1,0,3.623268305171601,10.440724623537426
VEN-00536,2,0,4.382048695183012,7.261117805997105
VEN-00537,1,0,3.553307584043353,16.76740508623119
VEN-00538,1,1,3.573215015962505,16.895856276270564
VEN-00539,3,1,2.5480354075296705,8.119182524580964
VEN-00540,2,0,4.361448571086632,6.911046915368566
VEN-00541,0,0,4.3151895915433744,6.81663109547394
VEN-00542,0,0,4.259039594606986,3.677184249028037
VEN-00543,1,0,4.196933267278574,18.940913400716084
VEN-00544,0,0,2.62390621825859,5.147755693816059
VEN-00545,0,0,4.766568144753446,12.100649126122972
VEN-00546,0,0,4.187014013146496,20.81104934339006
VEN-00547,1,0,3.9006481171225422,5.028981977418478
VEN-00548,3,0,2.7651582414795364,11.153391836946373
VEN-00549,1,0,3.7196907773356793,12.369108459172525
VEN-00550,0,0,5.0,20.02967066974545
VEN-00551,2,1,3.3812721983950427,3.945858668841269
VEN-00552,1,0,4.579287525393759,4.772176503232084
VEN-00553,1,0,2.9610674828381285,6.361951597068186
VEN-00554,2,0,3.7588471775318815,11.69566523001665
VEN-00555,3,0,2.343618041054108,9.446213836094833
VEN-00556,0,0,4.623260783683316,14.58597843398627
VEN-00557,1,0,3.907966834440317,14.689284182011187
VEN-00558,2,0,3.0931080954871977,2.987787256934902
VEN-00559,1,0,4.370221334080717,9.416436206308893
VEN-00560,1,0,4.484610224450515,5.412568890803099
VEN-00561,2,0,4.017053875397052,17.089903251116418
VEN-00562,1,0,3.057065838620112,13.982629241046412
VEN-00563,1,0,2.780270346715371,9.241312050554546
VEN-00564,0,0,4.098531842723034,12.669834164079033
VEN-00565,3,0,3.5906316863962355,20.549322005888087
VEN-00566,0,0,3.5002473383363317,18.48651387277764
VEN-00567,2,0,3.7819608705657872,11.55192371590428
VEN-00568,0,0,3.3417268511298595,38.51186000813891
VEN-00569,1,1,3.331414926886991,8.333809674120365
VEN-00570,0,0,4.2720549771941005,14.822459472801938
VEN-00571,2,0,2.2638219932489023,9.7188375691573
VEN-00572,1,0,4.095152695175854,7.634123854790248
VEN-00573,1,0,2.446758418561645,17.682450762934064
VEN-00574,2,0,3.85142264048231,13.088118007653364
VEN-00575,1,0,3.878619527385327,17.296226820635464
VEN-00576,2,1,4.148501859412278,9.867549806319332
VEN-00577,2,0,3.937476009727428,5.914072023121985
VEN-00578,1,0,3.8822238049269417,30.45301579693928
VEN-00579,2,1,2.054132726272899,3.826480905483084
VEN-00580,0,0,5.0,8.313356680456153
VEN-00581,2,0,2.2842884162476804,2.609014245225894
VEN-00582,2,1,4.9761765014102,20.46193645337247
VEN-00583,2,1,4.349846679808344,18.96499470517591
VEN-00584,4,1,2.227902560791075,7.5734346209084356
VEN-00585,1,0,3.9453458850158993,9.754999684317394
VEN-00586,1,0,3.595620243373967,6.329423357328575
VEN-00587,2,0,4.954247628680464,12.040221438935742
VEN-00588,2,1,3.97161929829123,36.22004980056797
VEN-00589,1,1,4.009496180376418,2.4641709272605445
VEN-00590,3,0,3.52873061237804,15.077799164862462
VEN-00591,0,0,2.9229002801476724,21.971465252242503
VEN-00592,2,0,3.5923232826968543,13.269586714331032
VEN-00593,1,0,3.609337939893774,10.019765240589807
VEN-00594,2,2,4.44720378262936,19.623281219143625
VEN-00595,1,1,3.1391343654122865,15.24447077300812
VEN-00596,0,0,2.5891289385183773,2.560056900335206
VEN-00597,1,0,3.444533808171818,11.064875615769784
VEN-00598,0,0,3.3051302658648227,31.069728866522546
VEN-00599,1,0,4.228510172316242,6.187054369035684
VEN-00600,2,0,4.043174853602524,0.5810059665541365
VEN-00601,3,0,3.6448356732344416,8.260769265762852
VEN-00602,0,0,3.2871220210151546,8.060841894947878
VEN-00603,2,0,3.555520117238864,16.14852943370854
VEN-00604,1,0,3.936875676774259,2.535373558205073
VEN-00605,2,1,2.625547597946181,10.015650567980025
VEN-00606,1,0,3.605865587725828,7.006277398387359
VEN-00607,1,0,3.8447992173463352,15.226897036165315
VEN-00608,0,0,3.500947111000154,21.29729629846316
VEN-00609,1,1,4.317456520668379,8.986716063788483
VEN-00610,0,0,3.882471902025828,6.067856882345921
VEN-00611,3,0,3.943670919093452,15.490487908436103
VEN-00612,1,1,3.997993870983043,8.436198197647654
VEN-00613,0,0,3.101897033437772,15.928776158175271
VEN-00614,1,0,3.9351544011333344,6.3675524335650495
VEN-00615,1,0,4.505981388536629,17.06461245894766
VEN-00616,1,0,4.687912202421456,11.110345080494216
VEN-00617,1,0,3.9505695221757655,1.4915163656940076
VEN-00618,3,0,3.98517717998113,28.14304534986481
VEN-00619,1,0,3.107512079614912,5.445666646341906
VEN-00620,0,0,3.0643622111700446,15.666124616869062
VEN-00621,1,0,4.338653475507077,15.49811003498391
VEN-00622,2,0,3.89047488447528,21.161985818078666
VEN-00623,1,0,3.5205735150397754,12.521398495764863
VEN-00624,1,0,3.332389758642179,7.466633915636586
VEN-00625,0,0,4.077259619562271,4.942917361754509
VEN-00626,1,0,3.5464935569030955,22.47195987439811
VEN-00627,0,0,3.6976637378237016,12.297846597303725
VEN-00628,2,1,4.470821451269147,9.929394706054648
VEN-00629,1,0,3.691716857747077,13.530791981591404
VEN-00630,2,0,3.8446838943143,8.605671002281255
VEN-00631,0,0,2.809751260260282,11.957207800107945
VEN-00632,0,0,3.731388944218771,13.016476498768396
VEN-00633,2,0,3.6721668287151417,28.652308621324348
VEN-00634,1,0,2.76375938929656,44.86912771732463
VEN-00635,1,1,3.741926458979162,5.416096794851243
VEN-00636,0,0,3.969808315066015,7.589324202805451
VEN-00637,1,0,5.0,15.47738131186782
VEN-00638,0,0,3.6897538488599446,17.564488703870182
VEN-00639,2,0,3.4186858118331056,4.246311057756302
VEN-00640,0,0,3.95011730130212,20.95820443981444
VEN-00641,2,0,1.9375574314207624,0.901526526476543
VEN-00642,1,0,3.741850030481761,25.65087511628192
VEN-00643,2,0,2.3512006831528485,6.197143254405391
VEN-00644,1,0,3.550326871386651,19.066318811413044
VEN-00645,1,0,3.09468806000545,6.243362260195976
VEN-00646,1,0,4.21059434910509,23.44517615018553
VEN-00647,2,0,4.652533187556421,7.056415028821933
VEN-00648,2,0,3.488315194628544,11.330383624873315
VEN-00649,7,0,4.510812503008154,11.54434406689948
VEN-00650,2,0,4.342099420091756,3.489052027198446
VEN-00651,4,0,3.4491886342571734,17.526855435034282
VEN-00652,0,0,3.163243465155672,10.20624163904183
VEN-00653,2,0,3.08078839310376,7.437282362947599
VEN-00654,2,1,2.8829360060232885,22.59271015013308
VEN-00655,1,0,3.787852283530496,6.137374863784321
VEN-00656,1,1,4.473895467986591,7.028980534067299
VEN-00657,2,0,1.867646743165011,6.753350965956003
VEN-00658,2,1,3.7146921090271072,26.663511705408467
VEN-00659,0,0,3.632347549691991,6.898121990758316
VEN-00660,0,0,2.233860804032017,24.28449616791307
VEN-00661,0,0,3.805164993927403,2.535866849735005
VEN-00662,1,0,3.663818448244623,5.21588070072224
VEN-00663,1,0,3.719612154604064,5.31158538037817
VEN-00664,4,2,3.849673443649898,11.763412059711245
VEN-00665,1,0,4.135937115323641,24.911266855999237
VEN-00666,1,0,3.0463609429988034,20.255937935313035
VEN-00667,3,1,4.1623234198412975,20.710997096457028
VEN-00668,2,1,3.193602596184425,5.334761554586536
VEN-00669,1,0,3.920121349967979,6.9911954792052775
VEN-00670,1,1,4.299625143978708,7.645750340199484
VEN-00671,1,0,3.182339580417752,9.240867300197122
VEN-00672,0,0,4.0242445889540726,28.696526580265
VEN-00673,1,0,3.529507611343791,5.230268122689188
VEN-00674,2,0,5.0,18.13063445170677
VEN-00675,2,1,3.2494348207499697,10.556488205356631
VEN-00676,0,0,2.863729870432746,4.912833921472963
VEN-00677,3,0,3.5590399456558224,4.239031713577653
VEN-00678,0,0,4.510300135180777,10.950120011685414
VEN-00679,0,0,2.8060499806594734,12.40389428092374
VEN-00680,1,0,3.6588130483099928,18.01878796387862
VEN-00681,2,1,2.9023394181092104,4.65591167328621
VEN-00682,2,0,3.669742381509817,12.513990466628018
VEN-00683,1,1,3.789935609248066,13.649767187474618
VEN-00684,1,0,3.308339893244092,5.040741216282671
VEN-00685,1,0,3.2829045203513467,5.213930576015636
VEN-00686,0,0,3.05899386055177,10.058019633979988
VEN-00687,1,0,1.9551894242131895,11.78441908295938
VEN-00688,2,0,3.360190370619435,6.695931352731606
VEN-00689,1,0,3.1463644133281514,5.793733836937038
VEN-00690,2,0,4.1097496239057385,5.544088758227464
VEN-00691,1,0,2.291630573246299,17.614259617433888
VEN-00692,2,0,2.9118861846957773,10.099715446685112
VEN-00693,1,0,3.250701045118088,3.862063493793025
VEN-00694,0,0,2.635146621047709,18.166812848782037
VEN-00695,0,0,4.59212667564717,12.583552539324533
VEN-00696,1,1,4.088712936110271,11.306830033835926
VEN-00697,0,0,3.23879169143145,47.580206363788
VEN-00698,1,1,3.5846956552616422,10.008636507163756
VEN-00699,2,1,3.6237219580254,5.97043442260074
VEN-00700,0,0,4.02905682936147,6.705760075913476
VEN-00701,2,1,2.77724101061289,8.734488503674278
VEN-00702,0,0,3.005972010700199,4.574757400633619
VEN-00703,2,0,2.3773121465264087,8.617190422345475
VEN-00704,1,0,3.976526489589552,11.48641985489148
VEN-00705,2,0,4.055088842612699,5.587656367471524
VEN-00706,2,0,3.7168862775275526,7.592198591675295
VEN-00707,2,0,2.941208276970471,10.840278063300888
VEN-00708,2,1,3.3914058336696296,4.755455066285493
VEN-00709,0,0,2.833240249754975,9.094987560255497
VEN-00710,0,0,3.0820035515602315,9.292391771273088
VEN-00711,1,0,2.1079946538039445,10.313116438164087
VEN-00712,0,0,3.914145161934712,14.065030717895038
VEN-00713,0,0,2.811011582915588,26.634450302982685
VEN-00714,0,0,3.075780240392294,11.74389341822286
VEN-00715,1,0,3.878418367136227,17.00164106735242
VEN-00716,2,0,2.564679212036038,12.864385132347923
VEN-00717,2,1,3.42084378719095,12.983794556737514
VEN-00718,1,1,3.469714309133225,24.25052269422212
VEN-00719,0,0,2.500221974404026,7.079067426790356
VEN-00720,1,0,3.4315229661884983,7.671826814436438
VEN-00721,3,1,3.875380516300249,11.09521517273393
VEN-00722,2,0,4.631327101470568,7.214962449590279
VEN-00723,0,0,3.170128482791742,8.969277270253638
VEN-00724,3,0,3.097011385753134,2.1983820380562524
VEN-00725,0,0,5.0,20.025288175267217
VEN-00726,1,1,2.999972042542763,28.08157517571828
VEN-00727,0,0,3.540246921762647,14.136903990669568
VEN-00728,1,0,3.697841748525906,10.314692279723433
VEN-00729,1,0,2.621085695354198,20.770675248062165
VEN-00730,3,1,4.102959069794156,9.030268381522395
VEN-00731,0,0,5.0,1.993375836536496
VEN-00732,2,1,3.1404607460187504,15.74088329341669
VEN-00733,0,0,4.130496335878546,18.675669520694903
VEN-00734,3,0,2.355459878459078,18.128355656065523
VEN-00735,0,0,3.8217173168675744,8.31106810508231
VEN-00736,0,0,2.852981799339443,8.925688677376863
VEN-00737,1,1,4.438378668481552,21.44909462771488
VEN-00738,1,0,2.869791749072679,16.650565701637063
VEN-00739,0,0,2.659917290864625,19.355239037150312
VEN-00740,1,0,3.5172119204477688,10.733040124251197
VEN-00741,2,0,3.0327505749615797,10.785041277954017
VEN-00742,0,0,3.6029300058987,7.3431170992397
VEN-00743,0,0,3.1563611360340245,8.169134351022311
VEN-00744,1,0,3.628030946130441,9.231795518013408
VEN-00745,0,0,4.321357126874712,20.36807423536729
VEN-00746,0,0,3.197572120792456,21.5682954792796
VEN-00747,1,0,4.081764913358034,5.519082438176013
VEN-00748,0,0,3.1486055820007355,20.0183684826424
VEN-00749,3,2,2.709108549239525,13.41020441897605
VEN-00750,4,1,4.924744259370721,14.370519866126914
VEN-00751,1,0,3.7918593402224823,40.88109985498423
VEN-00752,1,0,4.104610397398798,3.575898108361991
VEN-00753,0,0,2.886824840572348,9.43960686129417
VEN-00754,1,0,3.712781462290105,30.04706129292728
VEN-00755,2,0,3.9409215154925015,9.822566638081726
VEN-00756,1,1,4.462702527382591,13.651592308758389
VEN-00757,2,0,3.8126624716819495,17.025734231517006
VEN-00758,1,1,3.981317992286795,6.068548715608408
VEN-00759,3,0,2.485950601651103,6.6881548269325
VEN-00760,0,0,3.0725944069306825,19.38563971678787
VEN-00761,1,0,4.654588992193699,15.945832308629834
VEN-00762,1,0,4.115360069290607,5.892725493486259
VEN-00763,3,0,3.539693340580479,7.650600302885678
VEN-00764,1,0,4.218769566503379,9.957953950550348
VEN-00765,2,1,2.574609105080085,14.624145801101069
VEN-00766,1,0,3.449095062903208,14.779606763148786
VEN-00767,2,0,3.8333652017873048,9.314463466070467
VEN-00768,1,0,1.9066263723155563,5.868418519725953
VEN-00769,2,0,3.566845272356617,6.769295651082613
VEN-00770,2,0,3.608927953865905,10.855578751808263
VEN-00771,0,0,3.395843496571016,19.692769611302403
VEN-00772,1,1,3.368092351932633,12.596434797581846
VEN-00773,0,0,3.709425492317443,15.04819199688497
VEN-00774,0,0,4.024312544480195,12.361493841896335
VEN-00775,1,0,2.7059329411036352,7.396798238042441
VEN-00776,0,0,3.854255974703188,17.981035188916497
VEN-00777,1,1,4.09422705348502,13.144266417092258
VEN-00778,0,0,3.965267227781933,6.9946724716974495
VEN-00779,0,0,3.4377504932096143,16.765894317871588
VEN-00780,2,1,3.5700814386508304,4.266952945295104
VEN-00781,1,1,4.903558012305159,11.811943469969563
VEN-00782,4,0,3.1754845469688457,7.861364989039469
VEN-00783,0,0,3.221144425358213,27.59780812307905
VEN-00784,5,1,3.2986281420203185,8.082107695283087
VEN-00785,1,0,3.639819881614313,4.59908134772125
VEN-00786,4,1,2.6832669495207373,4.4954465183160295
VEN-00787,1,1,2.292149640532455,17.01185393615588
VEN-00788,2,2,3.34681063218602,10.701067168607544
VEN-00789,2,1,4.266731118339355,4.9606788146538445
VEN-00790,0,0,1.8650485481564467,5.544679837637555
VEN-00791,1,0,2.389297202297252,23.47052050119989
VEN-00792,3,2,3.240377124776132,8.81411402693415
VEN-00793,1,1,2.697182668212433,28.081692947345537
VEN-00794,2,0,3.623681984458899,16.88290181396657
VEN-00795,1,0,3.503927209318282,19.83749930433087
VEN-00796,3,0,2.453072776743077,20.996356422871912
VEN-00797,2,0,3.9731775980446975,18.179003056111902
VEN-00798,1,0,4.300497662411169,13.5144648541511
VEN-00799,1,1,3.84558181226016,7.799313677794972
VEN-00800,1,0,3.213701277191939,12.299998935033871
VEN-00801,0,0,3.4709942313655047,47.64373824199307
VEN-00802,0,0,2.9191744494657192,8.093289250223938
VEN-00803,2,1,4.307633943381321,3.691570501679681
VEN-00804,0,0,3.915601059516447,8.05159343424015
VEN-00805,1,1,4.490385758106934,5.883796603454292
VEN-00806,1,1,3.645228889460212,21.596113282969405
VEN-00807,2,1,2.6591852708312387,3.160683312648896
VEN-00808,0,0,3.1409481364673013,10.188544662816856
VEN-00809,0,0,3.679338185366985,17.19648006200731
VEN-00810,0,0,2.2329592479814884,12.210672702000714
VEN-00811,1,0,3.9257236567142497,4.772307272385096
VEN-00812,2,1,3.4290224662624915,15.013736456627251
VEN-00813,2,0,1.7810929506847888,15.117102871745486
VEN-00814,0,0,2.548045990279886,19.364445188396548
VEN-00815,1,0,3.51094561205559,24.023940877172027
VEN-00816,1,1,3.9672093698840976,19.726234576321065
VEN-00817,0,0,3.4782760204638605,14.891898775765172
VEN-00818,6,3,2.914336443112521,6.76659622683829
VEN-00819,0,0,2.6448913906696,31.404431864301817
VEN-00820,0,0,2.119148858229352,6.897931647187631
VEN-00821,1,0,4.127501059901102,5.76401426696054
VEN-00822,2,0,1.689474246557424,8.095974822920638
VEN-00823,0,0,3.4526137424651244,20.042387031371923
VEN-00824,1,0,4.337825000197432,13.992530029321095
VEN-00825,1,0,2.823391392418997,5.010312676520583
VEN-00826,2,0,1.9071518914592387,2.600730899653799
VEN-00827,1,0,2.7050014680073744,19.713023517960533
VEN-00828,0,0,3.3180942138840157,2.8690504188436856
VEN-00829,2,0,3.292434422617304,18.57468442163764
VEN-00830,0,0,2.271846163329556,23.12289997247089
VEN-00831,2,1,3.656588415467222,20.22915636835837
VEN-00832,2,0,2.7363477021755296,6.832920890070216
VEN-00833,0,0,3.667384696703515,10.486472528278824
VEN-00834,0,0,3.265489762152337,32.13174423018705
VEN-00835,0,0,3.812851048602769,27.59886281664448
VEN-00836,0,0,3.322628746028211,12.50969682781924
VEN-00837,0,0,3.127403100904125,6.590405217290241
VEN-00838,1,0,3.1246171562517464,34.469787808961044
VEN-00839,2,0,2.173097851790005,6.518496013348871
VEN-00840,0,0,4.963019822739435,19.381786783609808
VEN-00841,0,0,3.269305780389124,3.7776923156540594
VEN-00842,2,0,3.6478635147603216,3.716444190318597
VEN-00843,1,0,3.3236706793791164,14.71917258282028
VEN-00844,1,0,3.7188582480043233,7.370452812642164
VEN-00845,1,0,3.7854397728704807,29.947977197724057
VEN-00846,2,0,4.695924972791499,6.451840359821837
VEN-00847,3,0,2.972809584929574,23.55498901239748
VEN-00848,3,1,4.164768629177277,4.359731952753641
VEN-00849,2,0,3.59031325469454,4.277163818176424
VEN-00850,1,0,1.9358982712134656,8.808709675712947
VEN-00851,1,0,3.649563650310929,14.61933806649756
VEN-00852,1,0,4.216241350686975,23.56143374405844
VEN-00853,1,0,3.67149937864412,6.580819268584363
VEN-00854,1,0,2.456403741301401,3.295632117019471
VEN-00855,2,0,4.235443843886403,13.269616337412163
VEN-00856,0,0,3.849467141714308,3.382351125796838
VEN-00857,1,0,2.6348420668694224,6.34477856998261
VEN-00858,0,0,1.7681849443315103,15.59908644743566
VEN-00859,1,1,3.5364087988911432,7.334310529580748
VEN-00860,4,1,3.922809071716756,10.238035413283828
VEN-00861,0,0,2.1138756680168176,15.28798566353424
VEN-00862,0,0,4.401359501770228,16.799374133009593
VEN-00863,3,1,2.521393882639428,32.019303719099014
VEN-00864,0,0,3.35517335046447,13.462943682545957
VEN-00865,2,0,3.07859092114729,5.726729044580358
VEN-00866,0,0,3.833661284080325,16.79513514604158
VEN-00867,0,0,3.9425548398307777,5.055515203902512
VEN-00868,0,0,2.9167966048572063,18.08062604022521
VEN-00869,1,0,4.523177191101174,12.814521857520074
VEN-00870,1,0,3.943037202272813,24.532243583706823
VEN-00871,1,0,3.529623457532372,9.861160913052451
VEN-00872,2,0,3.4979405105327506,7.632666439078279
VEN-00873,1,0,3.104415221106766,14.983593260894397
VEN-00874,0,0,2.861185566696795,9.4159366356608
VEN-00875,5,0,4.273112858752227,10.530870403757271
VEN-00876,2,2,4.639618845316442,8.808949546001621
VEN-00877,2,0,3.93335069146082,13.037632772430332
VEN-00878,1,0,2.713222635568239,13.315696082017151
VEN-00879,3,1,3.323793833222721,6.172084584325665
VEN-00880,0,0,3.331478901847776,12.65276523835476
VEN-00881,2,0,2.72819964065284,1.4765734357212443
VEN-00882,0,0,2.935160035887733,28.746956223706157
VEN-00883,2,0,2.108107319481034,23.58036792791781
VEN-00884,2,0,3.223450894400912,15.0631401177095
VEN-00885,0,0,3.090588917873297,3.181210175610895
VEN-00886,0,0,2.1155299280395035,4.420804453032249
VEN-00887,1,0,4.308767371874012,16.696943896405507
VEN-00888,0,0,2.4029932420473,2.5401849618032486
VEN-00889,4,1,4.042144535085491,6.762186590095025
VEN-00890,0,0,3.2432739401794715,3.3979560608313464
VEN-00891,1,0,3.624657903753672,2.225226847168552
VEN-00892,1,0,3.852049603917932,10.549990787061136
VEN-00893,1,0,3.30570322899151,19.063792271469232
VEN-00894,3,0,4.78636708163009,24.299080496055595
VEN-00895,2,1,3.6886420594517753,30.04219978543192
VEN-00896,1,0,3.387950249179071,5.4697670406501295
VEN-00897,0,0,3.531974419430413,19.2868379395176
VEN-00898,0,0,4.94931780857555,5.452860469814403
VEN-00899,2,2,2.762453130268706,20.323785816384817
VEN-00900,1,0,3.640288321911803,4.569712586553983
VEN-00901,1,0,3.627475900095748,12.274809884028029
VEN-00902,3,1,3.8855836489196367,27.065416541459168
VEN-00903,0,0,3.305862149040488,13.01316246071288
VEN-00904,1,0,3.6804283907042903,7.715144430859967
VEN-00905,5,2,4.456357634820285,5.250010885371859
VEN-00906,1,0,2.835896989669247,10.069925340432375
VEN-00907,0,0,2.840811394943426,4.720623623770269
VEN-00908,4,3,2.817681470999827,10.761983251127486
VEN-00909,1,0,2.930818589002754,1.1949066024698574
VEN-00910,2,1,2.884627826070054,5.838400466540902
VEN-00911,1,0,3.561964428900232,5.984489834448267
VEN-00912,3,0,2.451846970130464,6.647924526514581
VEN-00913,1,0,4.620234234241464,13.85149212566568
VEN-00914,2,1,4.060333471668926,21.49120560523283
VEN-00915,1,1,3.3485677036188783,27.985024408102323
VEN-00916,0,0,4.606082182590694,1.0015679650391505
VEN-00917,4,0,2.8224651008881523,9.302176162842372
VEN-00918,1,0,3.446301396454712,26.820097580839253
VEN-00919,1,0,4.419859346832192,8.3263379301239
VEN-00920,0,0,3.872526259577568,7.717217467932152
VEN-00921,1,0,3.2667867935830914,2.7688421817048687
VEN-00922,3,1,3.5774402155859457,13.83594679629946
VEN-00923,1,1,5.0,8.044818637848696
VEN-00924,2,2,2.651394639036641,23.40503357283028
VEN-00925,3,0,4.53305781448187,11.59536399753436
VEN-00926,1,1,3.545164953661671,15.214249090988522
VEN-00927,2,1,2.872237827113173,10.589347636510476
VEN-00928,2,0,4.809248464592455,3.2070660697609363
VEN-00929,1,1,4.545719594929212,43.13252877340028
VEN-00930,0,0,4.324879948598894,14.700098715162069
VEN-00931,1,1,3.9121126664476646,10.506825118783327
VEN-00932,7,0,3.68226732136457,19.1576450933846
VEN-00933,0,0,3.938857723680064,9.285432419597996
VEN-00934,0,0,3.479983723985725,10.311690265636573
VEN-00935,1,0,4.1247635770208015,15.440186635324023
VEN-00936,0,0,3.373383149123548,7.216888459968457
VEN-00937,3,1,3.289920786429226,17.597377931998118
VEN-00938,1,1,3.808673182422848,24.75090493962349
VEN-00939,1,0,3.9240864544522527,5.426353379094723
VEN-00940,1,0,1.9426402683931108,12.989531493365185
VEN-00941,1,0,4.153041315261338,37.64402122425636
VEN-00942,2,0,3.553443174416956,19.813274654146245
VEN-00943,2,1,3.429630321122893,9.36190071740093
VEN-00944,2,1,3.876277434534994,18.09029632091002
VEN-00945,1,0,3.100920531059831,10.13989236419438
VEN-00946,4,1,3.4461399300163045,13.156802771786658
VEN-00947,3,0,2.071514314370868,11.530060048292786
VEN-00948,1,0,3.687298490909328,19.577461611115908
VEN-00949,0,0,2.1349657573537284,2.706674273442438
VEN-00950,1,0,3.606072757139085,14.985316125137548
VEN-00951,0,0,5.0,11.94852667998214
VEN-00952,0,0,3.26431444241129,3.4687356485094054
VEN-00953,2,0,3.2888314520737394,16.356157881309695
VEN-00954,0,0,3.201671554375851,7.007401937407716
VEN-00955,1,1,2.9768152180797927,10.744501519181105
VEN-00956,1,1,1.921563436149208,17.450627446559363
VEN-00957,0,0,1.5297825479036165,2.6965868612063075
VEN-00958,1,0,3.8554396960046473,15.272141920432825
VEN-00959,3,1,3.009900167188058,11.989860619062632
VEN-00960,0,0,5.0,21.444632374496027
VEN-00961,0,0,3.257834072857104,33.29797800202172
VEN-00962,0,0,3.908974617377168,9.249021065106332
VEN-00963,1,0,3.780253051753805,21.30141480490981
VEN-00964,2,1,3.862664956916744,8.313910403344709
VEN-00965,3,1,3.0433613765458984,3.854242791401788
VEN-00966,1,1,4.151069828972812,23.176480955807413
VEN-00967,1,0,3.0397965085863143,18.462395495240088
VEN-00968,4,1,3.7813355394120514,13.064920015547688
VEN-00969,1,1,3.766384277720864,8.3896532292597
VEN-00970,0,0,4.192639322868738,6.359012044081708
VEN-00971,1,0,3.272090151152152,19.01738717747173
VEN-00972,2,0,3.768240057348241,2.924481444398528
VEN-00973,0,0,2.437682375541085,19.241899362629432
VEN-00974,1,0,2.9557022373948816,5.211493840469695
VEN-00975,0,0,3.470563059972264,2.231951949769002
VEN-00976,3,1,1.7177962476907331,8.992360745853533
VEN-00977,1,0,2.8790543796125987,12.402923937665612
VEN-00978,0,0,3.0632045280137654,22.56622173023635
VEN-00979,0,0,3.452114889451694,16.291542831774787
VEN-00980,2,0,4.7125664527980495,34.43534997452825
VEN-00981,0,0,2.3647103432683827,6.912378099829491
VEN-00982,0,0,3.98193090648528,3.921558070537132
VEN-00983,2,2,5.0,20.035665900016177
VEN-00984,1,0,3.574575042397028,17.695251480711722
VEN-00985,1,0,4.698992596578579,9.397076693214228
VEN-00986,0,0,3.249296380579739,7.694949305575395
VEN-00987,1,0,2.9662226615965075,11.106067600755887
VEN-00988,1,0,3.5312631398113563,13.34922263235622
VEN-00989,3,1,3.59447669434845,10.300637316341794
VEN-00990,0,0,3.201327765808702,12.00791270154824
VEN-00991,0,0,3.675873611192842,11.187942578462032
VEN-00992,2,2,3.1275043052675904,11.681973581184064
VEN-00993,0,0,3.05628960139745,3.2162597554156047
VEN-00994,1,0,3.0983966131716385,21.140544834961872
VEN-00995,2,0,2.988224826390149,6.196783143661801
VEN-00996,1,0,3.062351111478512,6.949057058560057
VEN-00997,1,0,4.39715506942705,14.929365612683164
VEN-00998,2,0,3.727125151040043,15.236927337589028
VEN-00999,1,1,2.6749139183868804,48.0
VEN-01000,1,0,3.719650319173637,20.835700536229748
VEN-01001,1,0,3.606786829492538,12.205020864254312
VEN-01002,2,0,2.7773988309177318,14.722465800346898
VEN-01003,1,0,3.1168527141735582,23.63134534624255
VEN-01004,0,0,3.467682273512266,15.663667830456532
VEN-01005,3,0,3.365481904168364,35.73443084501971
VEN-01006,1,1,3.7855857992837976,5.25252945281092
VEN-01007,1,0,4.2313520406824,37.54288620856251
VEN-01008,4,1,2.348016757026528,12.310210464323132
VEN-01009,2,0,3.170174469627665,11.423111759682016
VEN-01010,1,0,4.314301731130602,7.570301867178971
VEN-01011,1,0,3.1846959062590487,23.002857536445724
VEN-01012,0,0,3.741965996432768,16.692436042480608
VEN-01013,1,0,3.6062773536589017,28.752345949707937
VEN-01014,0,0,3.340953161369225,26.14260635466325
VEN-01015,2,0,4.032976207849485,18.4847833786645
VEN-01016,2,0,2.582030775086251,4.513315338200763
VEN-01017,0,0,3.092603792060935,3.355449505917421
VEN-01018,1,0,3.4768491978851817,21.944821647123405
VEN-01019,1,0,4.974515727890347,1.872015866518088
VEN-01020,0,0,3.180455837734707,36.4539906393275
VEN-01021,1,0,3.38343172358136,14.21490047986373
VEN-01022,3,0,3.4841786956118352,4.427175822546338
VEN-01023,1,0,4.25923114649082,23.29621910930041
VEN-01024,0,0,4.439972646805088,9.043234383090978
VEN-01025,3,0,3.141409051318229,8.299384517378321
VEN-01026,0,0,3.305475675248445,11.891181085491764
VEN-01027,1,1,4.206197788110614,7.6783694673186735
VEN-01028,0,0,3.692920085560728,19.29805127026593
VEN-01029,1,0,3.849547173908887,4.533302176174075
VEN-01030,1,1,2.671612750741517,21.688188835514858
VEN-01031,0,0,4.361269043362924,13.128510054074075
VEN-01032,3,1,4.716971093079388,20.58438911367769
VEN-01033,2,1,3.033593860889491,25.2986058534
VEN-01034,1,1,3.133781869025236,1.6583442248243183
VEN-01035,3,0,2.9365701733662792,6.8143849840428885
VEN-01036,1,1,2.421355550077642,10.704431822427864
VEN-01037,2,0,3.096480424828733,11.699371986497091
VEN-01038,3,2,3.219132043112597,20.50083905973186
VEN-01039,2,1,4.395348526572935,6.977745997695529
VEN-01040,0,0,2.383084112873569,4.1794727573306325
VEN-01041,0,0,2.9503089513732106,9.665204405443475
VEN-01042,0,0,3.833908253778216,10.89416110679225
VEN-01043,0,0,3.0328167519691798,13.466612180244285
VEN-01044,2,0,3.139356268809675,9.324024682609076
VEN-01045,1,1,3.373979201787497,10.526814110242375
VEN-01046,0,0,3.2586715783158384,4.675366732161211
VEN-01047,0,0,3.5454680100678937,12.989412479536282
VEN-01048,1,1,3.9779244773423215,19.15310813894333
VEN-01049,2,0,4.031446490340971,4.2853392003148025
VEN-01050,1,0,3.3617761315529595,16.748463385535796
VEN-01051,2,1,4.028080669679644,31.069359162354612
VEN-01052,1,0,2.466432732231496,15.232203588026504
VEN-01053,1,0,2.8951412373841627,2.5836877022500797
VEN-01054,2,1,4.081056748601658,3.27872094382345
VEN-01055,0,0,3.899376894752593,22.740261344428937
VEN-01056,2,0,3.0037198107686462,9.554612577434058
VEN-01057,2,0,2.744679067008616,10.188534026848506
VEN-01058,2,1,4.502384834034437,18.038703126394555
VEN-01059,0,0,5.0,11.734808793556953
VEN-01060,1,0,3.9831723541260815,3.638123251832393
VEN-01061,1,1,4.8094725058610015,11.491053481599058
VEN-01062,2,0,2.117446245916787,16.43070294136798
VEN-01063,2,0,3.472628300745019,4.015260905004034
VEN-01064,1,0,2.3059138208622003,12.413817573804147
VEN-01065,1,0,4.182158144563187,4.085626418589803
VEN-01066,2,0,4.078497730536531,19.970307453846694
VEN-01067,1,0,3.960096103137091,36.06927976820713
VEN-01068,1,0,2.585372516405603,10.31266101488348
VEN-01069,0,0,3.779956077391316,18.717321942256067
VEN-01070,2,0,3.385433714874863,13.191605837927424
VEN-01071,0,0,2.593852658343623,3.890412279630085
VEN-01072,0,0,3.0073505808078638,16.603536396705778
VEN-01073,3,2,2.99618147290878,18.332033018964072
VEN-01074,0,0,2.6664467106657925,18.061651972465626
VEN-01075,0,0,2.1590050791212567,18.969258107283537
VEN-01076,0,0,4.651175870403256,29.105164579631
VEN-01077,0,0,3.839089560540107,7.388943467457776
VEN-01078,2,0,4.258364170139064,14.165724257388831
VEN-01079,1,0,3.933461950801464,6.395168027883793
VEN-01080,1,0,3.7139732027262418,13.542404694681242
VEN-01081,1,0,2.108212811631404,14.90858029043401
VEN-01082,1,1,3.0228521187052038,40.04499461872117
VEN-01083,0,0,3.3365291342885603,26.701706895302056
VEN-01084,0,0,1.6412073947401615,20.633158430531104
VEN-01085,0,0,4.6248489370461305,10.907864411438725
VEN-01086,4,2,3.123872110485656,18.183023319868894
VEN-01087,1,0,3.668161793204251,13.048679271742165
VEN-01088,1,0,3.342240249804902,21.411002695838395
VEN-01089,0,0,3.876351010891037,36.44078334648785
VEN-01090,1,0,2.6971616883213767,15.58879709524166
VEN-01091,1,0,4.670059155134293,12.775176262401091
VEN-01092,1,0,3.8001176452467766,5.438454679550064
VEN-01093,4,2,4.625210144522546,18.203950067307314
VEN-01094,0,0,3.216428665264046,4.299982557268412
VEN-01095,1,0,3.531199180486985,18.49418381823577
VEN-01096,2,0,3.3338057508940824,4.859032030177986
VEN-01097,2,1,2.528591934095721,15.65354928052692
VEN-01098,1,0,4.429465792608819,11.640364045368282
VEN-01099,2,1,3.206454912270387,14.866484015762108
VEN-01100,0,0,3.837053058742901,9.81024451835416
VEN-01101,0,0,4.512995397450254,6.282208817891863
VEN-01102,1,0,3.440642621419806,11.313518127903452
VEN-01103,2,1,2.6666930354095366,8.419027636338415
VEN-01104,1,0,3.740724351355676,20.08721582279693
VEN-01105,0,0,4.037353725955896,8.71166853859375
VEN-01106,0,0,3.6003043142103643,7.329252633058857
VEN-01107,1,1,3.345843486639028,11.009451378973122
VEN-01108,0,0,3.2717141728440025,20.609055771054837
VEN-01109,0,0,1.8727762788801017,19.606918238743745
VEN-01110,0,0,4.000311381115856,21.144661686192126
VEN-01111,2,0,4.263718743837757,5.271972478359101
VEN-01112,2,1,5.0,11.79912671513008
VEN-01113,3,1,3.808125790404481,6.748125392477077
VEN-01114,3,0,2.871819954811799,31.064925613533436
VEN-01115,2,0,2.632612765547404,10.835198033702536
VEN-01116,1,0,3.7878996345269615,10.911199952424589
VEN-01117,1,0,5.0,12.875559654621062
VEN-01118,1,0,4.448134432308508,3.747905396368587
VEN-01119,1,0,4.303769088986307,15.041264087976998
VEN-01120,0,0,2.210092511137844,15.592065228949313
VEN-01121,0,0,3.103115177668362,1.9058301482567384
VEN-01122,2,0,3.689584180766262,2.040530391683089
VEN-01123,1,1,2.9927853817752377,9.944523126454932
VEN-01124,2,1,2.670372209361388,17.96159641377605
VEN-01125,2,0,3.992526339379,5.4122874649617145
VEN-01126,4,0,2.502016887058906,6.18277640678056
VEN-01127,2,0,2.7852183330516005,19.68227614892313
VEN-01128,1,0,4.103289616696618,17.114609833010217
VEN-01129,2,0,3.610092080149633,8.373924365519551
VEN-01130,1,1,3.52020197012143,3.3295799254739302
VEN-01131,4,0,3.282937296243353,8.592404403027576
VEN-01132,1,0,3.995083503660436,19.698294869865364
VEN-01133,3,0,3.984988879182019,12.91083369203996
VEN-01134,1,0,4.124012882112328,16.363235889791106
VEN-01135,3,1,3.347685476310363,5.917477816330109
VEN-01136,1,1,4.760541872789495,18.944800063013425
VEN-01137,0,0,3.156723869250867,11.481154077648297
VEN-01138,4,0,2.9983651802189235,48.0
VEN-01139,3,0,4.556802331719144,23.410962716295995
VEN-01140,2,1,4.924639942099803,4.258810173146938
VEN-01141,2,0,2.0974422849265046,18.825681511194656
VEN-01142,0,0,3.8223886919953807,14.882725278708143
VEN-01143,1,1,3.6835502005709455,19.175094642352864
VEN-01144,2,0,3.4734755304931126,16.47908835182648
VEN-01145,1,0,3.875289839440281,7.858248311279802
VEN-01146,1,0,3.2510172803390995,7.693978569532142
VEN-01147,1,0,3.146423079207107,2.25296709257206
VEN-01148,1,1,3.7287740064342794,7.600598796929701
VEN-01149,0,0,3.1557572723633465,29.87892498703807
VEN-01150,2,0,2.7659495194910804,6.315846886201763
VEN-01151,0,0,3.257442968772052,6.625864208081175
VEN-01152,2,0,2.432852439799309,11.191139076467794
VEN-01153,1,0,2.735270167771702,9.611806769514947
VEN-01154,1,0,3.834263960381504,7.308062225198487
VEN-01155,4,0,2.5008031011414107,30.444602299580907
VEN-01156,1,1,3.3903702997683487,8.538636353584012
VEN-01157,0,0,3.3438455820885595,20.427970944306896
VEN-01158,1,0,5.0,8.995495939572507
VEN-01159,1,1,3.27796102075308,4.932493048624594
VEN-01160,1,0,3.27152937454229,15.083307091852715
VEN-01161,0,0,3.340177779416239,9.575246145210745
VEN-01162,1,0,3.479447705485879,8.996482442936957
VEN-01163,0,0,2.527895573997107,16.518501435333043
VEN-01164,1,0,4.7033558142032845,1.737870597393428
VEN-01165,1,0,3.641841450542164,26.25207596727041
VEN-01166,2,1,3.522395184500821,2.4127288959821334
VEN-01167,0,0,3.1567789692858432,13.29265277422339
VEN-01168,4,1,3.3528837324144454,37.56440137308986
VEN-01169,1,0,2.7218105555906966,21.789850136836268
VEN-01170,0,0,4.372980763671012,12.01682935256992
VEN-01171,1,0,2.8752901344257333,9.024946805783896
VEN-01172,2,0,3.6995911426142896,5.7035107270734375
VEN-01173,2,0,3.949589763097187,9.512821794047513
VEN-01174,0,0,4.457999656903634,10.017631733444617
VEN-01175,3,0,3.877366047444343,16.44456163269253
VEN-01176,1,0,4.192422544782554,10.817033074203156
VEN-01177,0,0,3.250918696555299,32.26500365630403
VEN-01178,3,0,2.351493214506972,21.27627099859112
VEN-01179,1,0,3.351200028531069,23.12844799211423
VEN-01180,1,0,3.631323031188749,7.102328345243577
VEN-01181,3,1,3.3905653917523204,13.279919938763395
VEN-01182,1,0,3.7573922974686593,6.423155203336599
VEN-01183,0,0,3.2287172979146868,9.374128065551366
VEN-01184,2,0,4.300369483936186,9.171561460195328
VEN-01185,1,0,2.565149982561846,8.082427316885692
VEN-01186,0,0,3.950231409418924,34.42882557781821
VEN-01187,2,0,4.182087170109035,29.595967697178807
VEN-01188,1,0,4.474417952984915,8.44099280719718
VEN-01189,4,0,3.159845681474067,23.174471358676666
VEN-01190,1,0,3.618888789850117,15.886138046439104
VEN-01191,0,0,3.9753669791495145,11.60929216515937
VEN-01192,1,0,2.3675723512882403,10.897143239008246
VEN-01193,1,0,2.4563066139507344,21.559994271608883
VEN-01194,3,0,3.583452057667248,13.498897560328832
VEN-01195,1,0,3.9412469523951783,15.375118883975112
VEN-01196,0,0,2.559966091133755,6.131388989252962
VEN-01197,2,0,3.9012970637339865,17.079456032331773
VEN-01198,4,2,2.2096952976120168,10.867446724208593
VEN-01199,1,0,3.4491083942775496,5.695794608839149
VEN-01200,1,0,3.2183105214803067,5.1512856324948375
VEN-01201,2,1,5.0,13.39585455019401
VEN-01202,2,1,2.782105686800792,6.616076666014243
VEN-01203,0,0,3.817101801885326,6.834931254222101
VEN-01204,2,0,4.294011895838829,9.740473336004731
VEN-01205,1,0,2.459084190279881,12.32478414716724
VEN-01206,1,0,3.2358126293199247,18.36777936541732
VEN-01207,1,0,4.586441442727114,22.36914262476663
VEN-01208,3,0,2.1911355842913927,35.16939489368294
VEN-01209,0,0,3.585815805791217,34.0585965534283
VEN-01210,2,0,2.930105992684768,6.877304238747166
VEN-01211,0,0,3.099567876393932,24.515997093782445
VEN-01212,2,0,2.467378823556924,8.026318563423358
VEN-01213,1,1,4.61497647909523,23.077553818598357
VEN-01214,0,0,3.6462567727494752,32.08992935573147
VEN-01215,2,0,2.8001465382025943,22.152733857259
VEN-01216,2,0,3.0905069334949284,10.516932398339232
VEN-01217,2,0,2.484064658020377,31.68070796501396
VEN-01218,1,0,2.997659337147546,24.37285585685907
VEN-01219,0,0,3.625239514037674,18.779190579611377
VEN-01220,1,0,2.70589741921508,7.178183188991342
VEN-01221,1,1,2.455481065570498,13.082178730741406
VEN-01222,1,0,3.703049324076345,16.650670874275164
VEN-01223,3,0,3.1448998402452752,8.235934224665172
VEN-01224,2,0,4.083306816303801,16.841462241228893
VEN-01225,2,0,3.737993794650439,28.868827422111305
VEN-01226,1,0,3.3173569204154587,20.53834282764625
VEN-01227,1,0,3.509612222462954,9.922766312011396
VEN-01228,1,0,3.446804610217073,10.25509890087813
VEN-01229,1,0,3.8877407887406177,25.257806123657502
VEN-01230,1,0,2.6798982674421064,33.847908655436825
VEN-01231,1,0,4.156032624039038,23.51678525163812
VEN-01232,0,0,4.004610873878719,41.28876138710552
VEN-01233,3,0,3.3257894492436244,19.42626001257198
VEN-01234,2,0,3.848142030455436,16.865342313043154
VEN-01235,2,0,3.9419021474090767,6.540896875289603
VEN-01236,3,1,3.3736734267560995,35.290064124645966
VEN-01237,1,0,3.841318023158468,10.102739340772148
VEN-01238,1,1,3.426382218169041,20.6875351585493
VEN-01239,0,0,3.284984976763209,5.28913813173217
VEN-01240,1,0,3.737073666199235,5.481869488636811
VEN-01241,0,0,4.494207064261868,8.731267610627702
VEN-01242,1,0,2.354502448916902,19.801673984539644
VEN-01243,0,0,4.337713229276718,15.63086459725939
VEN-01244,2,0,3.567381295431998,20.71161731517609
VEN-01245,0,0,3.4239245826901423,33.52628097176617
VEN-01246,1,0,3.870107873707101,9.450831911312571
VEN-01247,4,2,2.808720094591556,9.645632774964875
VEN-01248,2,0,2.067294162265653,22.25583249627228
VEN-01249,0,0,1.5280491949122257,7.032603291227489
VEN-01250,1,0,4.161633030503539,12.94583127255595
VEN-01251,3,2,3.5192569275651104,11.666984022320085
VEN-01252,2,0,3.587959657083093,27.508206154963133
VEN-01253,2,0,4.440813667095325,18.876049702365957
VEN-01254,2,0,3.582747172795445,19.11817326961394
VEN-01255,3,1,4.237149653681531,18.098179307069824
VEN-01256,0,0,2.916949987020012,12.230824853127954
VEN-01257,0,0,3.725112668649128,8.901588695398482
VEN-01258,2,0,3.046493923446304,15.200108064106184
VEN-01259,3,1,3.495617041554401,6.073277155859463
VEN-01260,1,0,3.021683538853596,42.44482969994559
VEN-01261,0,0,4.264053882970211,15.771873784010854
VEN-01262,1,0,3.0724589260754325,6.217870483219431
VEN-01263,2,0,2.562935395694637,10.546273152241731
VEN-01264,0,0,3.8775329458748087,17.468967824020506
VEN-01265,2,1,3.433550390019599,7.751845083516362
VEN-01266,2,0,4.245429981588228,6.121686285982527
VEN-01267,2,0,3.478434785867402,11.864482680358764
VEN-01268,1,0,2.944649971117994,22.85733462297617
VEN-01269,1,0,4.497253721238025,33.75352595436085
VEN-01270,2,1,3.3536107628394234,25.28237984864084
VEN-01271,0,0,3.442166337067783,29.727840719875704
VEN-01272,3,0,2.2608546583779088,14.146109220838676
VEN-01273,2,1,3.559756005797009,15.064005037271944
VEN-01274,2,0,4.855046176572745,3.0020548048918347
VEN-01275,3,0,4.108653729951293,11.69792010815734
VEN-01276,0,0,3.3962435434816776,12.596332910121994
VEN-01277,0,0,2.909011878607741,9.726907119388189
VEN-01278,1,0,2.355330983472256,7.902240834021753
VEN-01279,1,0,3.971452033863628,4.923627426075296
VEN-01280,1,1,3.6654444677054663,8.222241432064472
VEN-01281,3,1,3.2734412912736435,6.40829140305309
VEN-01282,2,0,3.574642699974968,16.227257597367913
VEN-01283,1,0,4.502792903132452,24.57545272436572
VEN-01284,3,1,3.338728819633177,8.97670567508788
VEN-01285,2,0,3.593751880303574,7.261211432810636
VEN-01286,1,1,4.569137165815315,15.235619335293167
VEN-01287,2,0,5.0,12.479422676000349
VEN-01288,1,0,2.518977931624969,9.791348199842812
VEN-01289,2,0,4.1046660805523,15.993802717889194
VEN-01290,2,0,2.719626584751131,10.7119650281133
VEN-01291,1,0,2.4782277270510367,11.369310642406552
VEN-01292,1,0,3.4864463936360166,8.380932135071756
VEN-01293,3,1,3.029863231258951,22.820043180787835
VEN-01294,0,0,3.811252815257274,18.46278039228115
VEN-01295,2,0,4.380741900111327,8.685163910546521
VEN-01296,2,1,3.019109318942025,26.54665310115466
VEN-01297,0,0,4.322484376832505,17.255807604426796
VEN-01298,0,0,3.451003845299605,15.56739298467966
VEN-01299,0,0,3.038147916241368,11.992334983285671
VEN-01300,1,0,3.774072964728964,3.7084868888485514
VEN-01301,0,0,3.80005311499855,4.775729674461948
VEN-01302,4,0,2.025904801873554,12.880320516554228
VEN-01303,2,0,3.009792034470242,7.507246955991351
VEN-01304,1,0,2.7802429560221467,14.662643583026709
VEN-01305,1,0,4.63519373571504,2.31056104730692
VEN-01306,3,0,1.9933819742564087,9.445534813065136
VEN-01307,3,2,3.072797928010004,4.640221582788342
VEN-01308,1,0,3.8123408982463625,17.819808473567466
VEN-01309,1,0,5.0,10.926307857068885
VEN-01310,1,1,3.206573096312663,17.94998615413454
VEN-01311,1,0,3.4742732209480254,14.521874462924613
VEN-01312,1,1,2.7085739790584906,16.949312094936705
VEN-01313,0,0,3.813590781195749,13.682723802618364
VEN-01314,1,0,3.4823838274173444,28.38385744533856
VEN-01315,0,0,3.027102821277437,3.093049903976088
VEN-01316,0,0,3.574619788945148,11.660617747214031
VEN-01317,2,0,3.951313823729481,20.527346209664152
VEN-01318,2,1,2.3675075318699617,14.075441802233872
VEN-01319,0,0,5.0,12.55486875769591
VEN-01320,0,0,3.731422075520345,32.24415907305993
VEN-01321,3,2,2.4304916494057407,9.85806521357712
VEN-01322,0,0,3.147845752193526,18.721904107744407
VEN-01323,0,0,2.709473994211685,14.124550782900004
VEN-01324,1,0,4.652684470954718,12.776072936623468
VEN-01325,0,0,4.182758610689158,7.452222574816824
VEN-01326,0,0,3.1779646307917795,9.948143873087083
VEN-01327,1,0,3.183481736100298,12.70565695547988
VEN-01328,1,0,3.718829570490944,2.8967691122290606
VEN-01329,0,0,2.798673573965334,3.771567360976415
VEN-01330,1,1,4.390685850084386,22.669387078664823
VEN-01331,2,1,3.6217329907249063,7.072575263471084
VEN-01332,2,1,3.849501010512552,9.1398655188257
VEN-01333,0,0,3.921550815367279,20.26510912483855
VEN-01334,0,0,3.075764917672237,8.410161543588705
VEN-01335,2,1,4.193483931402334,9.809896181915468
VEN-01336,2,0,3.778874422132178,24.481249866019628
VEN-01337,1,0,3.4183860843849607,13.409548026223504
VEN-01338,2,0,3.1640012791474312,14.713351365775674
VEN-01339,1,0,2.948366422806079,7.896078740631713
VEN-01340,3,0,3.7801567207750137,22.9498828099125
VEN-01341,1,0,2.386563913995393,9.610689602579551
VEN-01342,1,1,2.974345270131809,16.595064688187488
VEN-01343,0,0,2.5595449096829697,7.306010643892711
VEN-01344,2,0,4.657397471105833,25.10792698266283
VEN-01345,1,0,3.748478944836724,17.58276649325458
VEN-01346,2,1,4.452531014986181,27.131010730022677
VEN-01347,0,0,3.365821892419319,47.61108430339057
VEN-01348,2,0,2.4244621002977063,7.7530822475670815
VEN-01349,3,3,3.478502466268761,18.186130464294965
VEN-01350,3,0,4.80314051498006,22.18978940424497
VEN-01351,0,0,3.341179530847356,5.5176616862270365
VEN-01352,4,1,3.6756530141207753,7.763089686911147
VEN-01353,0,0,3.71888946705424,2.901577761362064
VEN-01354,0,0,3.627074164702528,8.220494790545708
VEN-01355,2,0,3.6540864811527816,13.81486715277935
VEN-01356,1,0,3.932998231651808,26.087981429423586
VEN-01357,1,0,3.443179005781128,10.105212462708543
VEN-01358,1,1,3.564722151421377,11.284065836265675
VEN-01359,0,0,3.397803891359994,4.572878039046231
VEN-01360,0,0,4.289324273726764,4.949192843909926
VEN-01361,1,0,3.2898236616788865,8.99334901142118
VEN-01362,1,1,3.1929476900706617,34.921557923671
VEN-01363,0,0,3.171584178573564,8.711687744336386
VEN-01364,1,0,2.710522100492556,25.075802838467183
VEN-01365,3,0,3.217393865950535,4.596653304873833
VEN-01366,0,0,4.119154839843829,7.638625144975668
VEN-01367,1,0,2.7815099549081745,19.953255308107632
VEN-01368,0,0,3.476636391846718,10.568644195680973
VEN-01369,1,0,2.736907920151398,5.528972466491702
VEN-01370,0,0,3.839109720387227,5.450836228306555
VEN-01371,0,0,3.6681156223804554,6.628350451590116
VEN-01372,1,0,3.9173913988311817,10.632805903076276
VEN-01373,0,0,3.4529382080484234,2.5520600093036845
VEN-01374,2,0,2.860085274767748,18.915424538521084
VEN-01375,0,0,4.061425658721321,22.01479723466003
VEN-01376,2,1,3.435002986966444,8.489026828535465
VEN-01377,1,0,3.99946727511788,25.054113526128155
VEN-01378,0,0,2.5884900682624794,19.19699608420224
VEN-01379,2,0,2.6524975307127043,9.903550546299126
VEN-01380,1,1,3.645409275055192,17.730728077834197
VEN-01381,0,0,3.6068923110283087,11.439312572047005
VEN-01382,0,0,2.730420149591789,6.655319352100016
VEN-01383,1,0,3.2268307610522204,6.567765624263487
VEN-01384,3,0,4.139197426925764,8.853805709067803
VEN-01385,2,1,3.774329928167929,12.39740264566344
VEN-01386,0,0,2.839739390019568,17.88936131533942
VEN-01387,0,0,3.412764749998217,10.399206814315438
VEN-01388,1,1,4.534477084257024,5.437401307652441
VEN-01389,1,0,3.765119490853519,8.542501673183615
VEN-01390,1,0,3.163025385648657,2.925678512380528
VEN-01391,1,0,2.925175209130467,24.972009327207047
VEN-01392,1,0,3.335612084190866,21.356354267061747
VEN-01393,3,0,3.5201881662344605,9.26014516336608
VEN-01394,1,0,3.685397689097516,18.254915290244043
VEN-01395,2,1,5.0,14.35213655221126
VEN-01396,2,0,3.0702452094366035,7.077015276711754
VEN-01397,1,0,2.4626797768932307,6.055608607813386
VEN-01398,2,1,4.288571407053155,7.880158100124541
VEN-01399,1,0,3.096902511445139,27.37843646278941
VEN-01400,0,0,3.5499071687753774,12.503862515491166
VEN-01401,0,0,4.0465547206999934,18.653190988923328
VEN-01402,1,0,3.496707653776146,10.609260635237876
VEN-01403,1,1,4.078267521922165,12.49086635251002
VEN-01404,1,0,4.683964503327117,1.5000202144900414
VEN-01405,1,0,3.82998770421133,4.359013811840069
VEN-01406,0,0,3.7913146442751664,14.13887869302016
VEN-01407,1,0,4.663319858791023,3.689142036600954
VEN-01408,0,0,3.163650804008721,5.255804373865647
VEN-01409,1,0,2.4655406574219687,9.969408792178015
VEN-01410,0,0,3.58375038095464,14.369374402563746
VEN-01411,0,0,3.822531643278347,23.869799689702056
VEN-01412,1,0,1.563634686019566,21.999407772296877
VEN-01413,1,0,4.459275299243502,10.07334155229366
VEN-01414,0,0,2.726805881605151,15.372126396344711
VEN-01415,2,0,3.458304106146293,5.4544514793932
VEN-01416,2,0,4.059871768124877,29.608360099650668
VEN-01417,1,0,3.2875687473263824,32.69935206105448
VEN-01418,1,0,2.729614124951941,8.65366591298673
VEN-01419,2,1,3.5615131763168097,29.422322037043543
VEN-01420,2,1,5.0,6.812794696620558
VEN-01421,0,0,2.44004979331808,6.234034702942591
VEN-01422,1,0,2.4643006375172054,10.557990874929242
VEN-01423,4,0,2.774567161382607,3.991419591266653
VEN-01424,0,0,2.8824173051319595,31.52026355086941
VEN-01425,0,0,3.365162821034238,14.624306347566357
VEN-01426,1,0,4.9607562478732135,42.04711429263397
VEN-01427,0,0,3.815392286112668,18.478841205064843
VEN-01428,4,2,2.9707236421582364,6.351023230446392
VEN-01429,1,0,3.624422776513206,23.87502765273476
VEN-01430,1,0,3.664797300401389,20.905202865305363
VEN-01431,3,0,4.894542097339059,2.4728297144034026
VEN-01432,2,0,3.46894634789925,3.952823530453806
VEN-01433,0,0,2.705061907867459,23.037856876424307
VEN-01434,0,0,3.923136032164204,9.02839780621492
VEN-01435,2,0,2.6742800873445103,12.973282837126275
VEN-01436,2,1,3.414115771383914,8.656674226600291
VEN-01437,0,0,3.7700118139526975,11.16719273267272
VEN-01438,3,0,3.798834138799509,12.945808440734943
VEN-01439,1,1,3.947201955079699,25.3421378421457
VEN-01440,1,0,3.8785581740192354,16.671053582135738
VEN-01441,4,1,4.113464706957013,5.504348668875254
VEN-01442,1,0,2.031967078459721,13.43000016999343
VEN-01443,1,0,3.27997163131712,26.009795369951963
VEN-01444,0,0,4.279561319948321,11.87562123957178
VEN-01445,1,1,2.4048080449038007,8.420823473683058
VEN-01446,1,0,3.5537407344860767,17.653124114430323
VEN-01447,1,0,2.548244318630943,11.95500840044479
VEN-01448,4,0,3.720020713598744,12.899548665456798
VEN-01449,0,0,3.719375647453724,12.935157598227446
VEN-01450,0,0,3.581645409512442,10.167782554550415
VEN-01451,1,0,3.097314287022005,8.949477775434634
VEN-01452,1,0,2.7148726513719152,10.456569820197757
VEN-01453,3,0,4.231848988546068,15.90566505914122
VEN-01454,0,0,3.0829350185852182,27.48015204916654
VEN-01455,3,1,3.4710655328905573,18.95640863550644
VEN-01456,2,0,3.640272869330235,32.63094449160633
VEN-01457,2,0,2.6499114454938546,23.028977441861866
VEN-01458,1,0,3.4971474555828195,19.48727871125844
VEN-01459,0,0,3.9505656871909305,4.19094153418636
VEN-01460,1,1,3.6768139636013166,3.65465780353911
VEN-01461,1,0,3.1794545337266564,10.704160916024142
VEN-01462,3,1,2.9056296316764096,9.048290260583787
VEN-01463,0,0,3.1791383067594903,9.622750777207154
VEN-01464,2,0,2.7565024533758486,9.993362401502212
VEN-01465,0,0,4.190558035782889,37.4901489904756
VEN-01466,1,0,3.813782370771992,18.437681378049703
VEN-01467,1,1,4.539160429954279,9.402974904661216
VEN-01468,3,2,3.6921766946164745,9.93186081381062
VEN-01469,0,0,3.769186754768604,14.911178700880262
VEN-01470,0,0,3.533933156380548,13.71646114467274
VEN-01471,1,0,5.0,3.359506611126585
VEN-01472,0,0,3.356959404684676,1.6706888489388223
VEN-01473,1,0,3.675062317197319,10.503658401540168
VEN-01474,1,1,4.265082802415464,1.53558972300039
VEN-01475,0,0,4.067108661323857,15.837628474363637
VEN-01476,2,0,4.187248283864753,7.871966936635909
VEN-01477,1,1,2.5895381810093374,32.07799807682521
VEN-01478,1,1,2.756461574756948,4.667580381072305
VEN-01479,0,0,2.633613961890988,10.23913953314231
VEN-01480,2,2,2.8153652112937504,19.027942176838486
VEN-01481,2,1,3.3565831252619263,8.700815199171146
VEN-01482,2,0,3.451540328606551,6.542224823382061
VEN-01483,1,0,3.94081371411732,11.6839374442104
VEN-01484,1,0,2.227096466502915,28.10968833520959
VEN-01485,0,0,2.0661817525555817,11.822288052695336
VEN-01486,2,1,4.737616156359259,6.864497140736083
VEN-01487,2,0,2.6291828191316355,25.71031740684801
VEN-01488,1,1,4.233216514465052,3.9976517626374446
VEN-01489,1,1,4.248509573712169,15.612860284120178
VEN-01490,2,1,4.453636584183288,9.004147619224893
VEN-01491,1,0,4.212827794553401,13.682785324933397
VEN-01492,0,0,3.4746680643315844,19.55595014256938
VEN-01493,3,0,2.949928951831542,12.619287306074137
VEN-01494,0,0,3.402938211315756,14.224029352483551
VEN-01495,0,0,2.9293733831756685,8.17990592760867
VEN-01496,1,0,4.015588922463276,6.280003149066439
VEN-01497,3,0,3.128871217680513,18.91342780616165
VEN-01498,2,0,4.785011261047076,7.967224657592407
VEN-01499,0,0,3.317070662569977,21.1025154885539
VEN-01500,0,0,4.248894794894955,8.273237175013715
VEN-01501,1,0,3.3947333478153667,11.668702370144032
VEN-01502,0,0,3.356506988993293,0.8204239810805564
VEN-01503,1,0,3.886588731681023,17.03813538174342
VEN-01504,0,0,3.396021920143402,4.587997412509723
VEN-01505,0,0,2.848703583610477,17.992670153420136
VEN-01506,1,0,3.6010249727836188,16.339272693944814
VEN-01507,1,0,3.534941287530748,14.638849701158057
VEN-01508,0,0,3.151415433296461,12.989164388484602
VEN-01509,0,0,3.450501199166139,9.250575811876836
VEN-01510,0,0,3.4912933357439133,31.988098918740675
VEN-01511,1,0,3.62775838269688,7.950788848429018
VEN-01512,1,0,3.68532354330512,26.93351132136703
VEN-01513,2,0,3.8329656255658993,8.570754148526357
VEN-01514,0,0,2.6224454677575904,27.12430750890276
VEN-01515,0,0,2.469893296582579,7.374505276153101
VEN-01516,1,0,3.3912453309572155,9.45184407242888
VEN-01517,0,0,3.14518853185016,7.4685143749845055
VEN-01518,2,0,3.7943743551488094,28.178299731184293
VEN-01519,2,0,4.093774199086504,6.779372906671665
VEN-01520,0,0,2.798119155471413,32.31504285541845
VEN-01521,0,0,4.28982139791133,37.977038794259535
VEN-01522,2,2,4.326551967964223,8.561938694152815
VEN-01523,1,1,3.950322342549105,48.0
VEN-01524,2,0,3.6639663999788814,8.406767206704034
VEN-01525,2,0,2.3445424904822083,20.280796464016387
VEN-01526,2,1,3.527579625779321,25.141355685547293
VEN-01527,1,1,3.460779466407165,28.855786236440316
VEN-01528,0,0,3.819556798427773,9.713480870073044
VEN-01529,1,1,3.742641194484877,7.172197130192743
VEN-01530,1,0,3.644999316328357,21.80661827895788
VEN-01531,3,0,3.033827477181207,33.43570241658799
VEN-01532,2,1,3.68730216912069,13.480330339612458
VEN-01533,0,0,4.086688225459273,6.308078816184199
VEN-01534,2,0,4.383437747457185,11.747953365166929
VEN-01535,0,0,2.9820095449274096,14.23512113592544
VEN-01536,1,0,4.140753965838956,5.928432719851438
VEN-01537,0,0,3.6870279169141953,6.580919183910935
VEN-01538,1,1,3.38200994827085,10.341188479545588
VEN-01539,2,0,2.582033696895433,27.65401936695511
VEN-01540,1,0,4.025366980165085,15.224547366675145
VEN-01541,1,0,2.5364920890346943,7.858957289153572
VEN-01542,1,0,3.149146040656629,20.003086894769865
VEN-01543,4,1,3.567816457343828,7.531985056885526
VEN-01544,2,1,4.702348015872954,3.1031731551771062
VEN-01545,2,2,3.708676466057869,42.95422242851057
VEN-01546,2,1,2.719830478447018,8.810392963312347
VEN-01547,0,0,3.968522301725778,14.435602176598309
VEN-01548,1,0,4.20607946056546,9.836991698006956
VEN-01549,0,0,3.438350366848081,6.8632315046014485
VEN-01550,1,1,4.617916571719822,16.49071635693476
VEN-01551,1,0,3.525251526469428,40.81894779267213
VEN-01552,1,1,2.478970849282349,17.692986260650986
VEN-01553,2,0,2.258602998195139,1.3954695706392872
VEN-01554,0,0,3.0799380193657817,19.749451371239594
VEN-01555,0,0,3.6209766988872896,2.276070653448843
VEN-01556,3,1,3.770930223285525,9.880262473134136
VEN-01557,0,0,2.829651083759174,12.93845420998283
VEN-01558,1,1,3.481649835913892,24.18337073535095
VEN-01559,0,0,2.273947248127569,3.480871315417251
VEN-01560,2,0,2.7614838609846237,6.685427293157669
VEN-01561,0,0,3.3181204519018808,18.487975067879542
VEN-01562,1,0,2.986980920642064,9.441808178209536
VEN-01563,3,1,2.613106784791115,22.36745022990489
VEN-01564,3,0,3.549896852677582,3.9473128393030055
VEN-01565,1,0,3.5929462266886825,22.57935730540728
VEN-01566,3,0,4.657398457190658,3.690505058135442
VEN-01567,1,0,2.5940032805732924,18.428975806144628
VEN-01568,2,1,2.659541549094236,31.12165050195061
VEN-01569,1,1,4.343165725265106,36.55535101776127
VEN-01570,3,1,3.362846803057024,7.547259340215165
VEN-01571,1,1,3.4602872963189326,9.880357980718824
VEN-01572,0,0,3.4307563060449606,15.255286843909689
VEN-01573,1,0,4.253727683308414,12.17099800671943
VEN-01574,2,0,3.8802758737236167,18.48880832303949
VEN-01575,4,1,2.642687605066684,17.47303502532183
VEN-01576,1,0,3.7411603242224767,14.232582493268026
VEN-01577,0,0,2.383802775045059,4.453887021206668
VEN-01578,0,0,4.233098217760007,2.513932839267724
VEN-01579,0,0,3.6777448746922223,10.735878970947685
VEN-01580,0,0,3.012948214787679,12.226924514000348
VEN-01581,2,0,3.140302496074213,10.925065639716578
VEN-01582,3,0,2.494478932530232,17.039285903585224
VEN-01583,1,0,3.4729877221550867,6.011212789946704
VEN-01584,1,0,2.7500513663682344,7.191632189692172
VEN-01585,0,0,2.7626241847126023,17.150600760062662
VEN-01586,2,1,4.035714981139415,12.289809459778764
VEN-01587,2,0,3.2200592719981724,4.373247293116016
VEN-01588,6,1,3.903528350142704,18.30989832086989
VEN-01589,2,0,4.165863074965804,9.497540622951457
VEN-01590,0,0,3.561431315682444,11.192320814586814
VEN-01591,1,0,3.195523393948135,2.288423145484156
VEN-01592,0,0,3.992137213624656,10.845922146418884
VEN-01593,1,0,3.019321194856542,7.846086402045222
VEN-01594,0,0,3.3726033119432155,3.196891140249968
VEN-01595,3,0,4.339987785899963,10.917659579038473
VEN-01596,6,1,3.0179480018058493,13.181847974856638
VEN-01597,2,0,3.797892388733938,17.91909799101917
VEN-01598,0,0,3.716618236167204,9.064921206038434
VEN-01599,1,0,4.331679067611463,10.79893707746876
VEN-01600,1,0,3.1531786796505776,10.83727672921527
VEN-01601,1,0,2.725089765367981,11.924774120916137
VEN-01602,1,1,2.9777708856178817,5.856737252922127
VEN-01603,0,0,3.3770607725224715,10.48909046944004
VEN-01604,0,0,4.067586368886817,9.185706830156882
VEN-01605,2,1,1.5888361505793314,17.25114965750709
VEN-01606,0,0,4.133171468177955,9.485728379730077
VEN-01607,1,0,5.0,5.751224845968374
VEN-01608,2,1,3.3991993705576946,8.383954051905558
VEN-01609,1,0,4.822730313655344,6.765831644966136
VEN-01610,1,1,4.29720164637242,13.795424146606653
VEN-01611,3,1,2.512187874554403,14.30917976157014
VEN-01612,0,0,3.8811606350944174,18.90353252987028
VEN-01613,1,0,3.48731998121477,3.696895080999244
VEN-01614,2,1,3.223973189297834,20.19816791534202
VEN-01615,0,0,4.311144297627269,12.552377893620267
VEN-01616,3,0,4.082517140106697,13.27049337764617
VEN-01617,3,0,2.6669807872906115,7.29966018849275
VEN-01618,1,1,3.612714578966527,13.234143879767384
VEN-01619,1,1,2.081089961229832,18.42639573099503
VEN-01620,1,0,3.791083277269957,7.535374385948277
VEN-01621,0,0,3.241261116274995,11.84057332009287
VEN-01622,2,0,2.815707990793352,3.147619474527466
VEN-01623,1,0,2.7768415855696325,5.854242815132061
VEN-01624,0,0,3.153953713370925,22.562014773824146
VEN-01625,0,0,3.957564190608073,22.42361034436858
VEN-01626,3,1,3.4648700652123368,13.957728520005483
VEN-01627,0,0,3.559897394202891,12.416197323334696
VEN-01628,2,1,4.692454449017297,20.41687802138669
VEN-01629,0,0,4.345558743574763,30.42161950649846
VEN-01630,1,0,4.124455529395626,2.162896920052946
VEN-01631,3,0,3.276085599325888,6.340590509925375
VEN-01632,2,1,4.106193334849929,10.524037966732289
VEN-01633,0,0,3.9430996627380974,9.257840252497813
VEN-01634,0,0,4.396297759055216,8.848037969577229
VEN-01635,1,0,4.627430501338075,13.313101881119051
VEN-01636,0,0,5.0,3.70513686351438
VEN-01637,2,0,3.215067172207559,6.935109976139591
VEN-01638,2,1,3.8898833398190327,10.790705557439155
VEN-01639,2,1,3.098438722469717,10.123884553789182
VEN-01640,1,0,2.2934098851418807,20.388206816340883
VEN-01641,4,1,3.1533965426664525,7.170896400682321
VEN-01642,2,0,4.677506415004014,6.232389843165883
VEN-01643,1,1,3.546734081027458,14.478147213123474
VEN-01644,0,0,4.173969688007533,9.95061308797911
VEN-01645,1,0,3.954953764400366,14.526251641348948
VEN-01646,1,0,2.2249993658384155,5.249384479740556
VEN-01647,4,0,3.1519323138562685,12.462611093484147
VEN-01648,0,0,4.111980232795839,7.324283641880175
VEN-01649,1,1,3.7376684986021154,13.482017485633348
VEN-01650,1,0,3.856726903914736,6.625234308086943
VEN-01651,1,1,1.832894145332401,12.2260515176212
VEN-01652,2,1,2.911184511716192,3.487499301719905
VEN-01653,2,0,3.266289803386253,25.23487446030622
VEN-01654,0,0,4.812573516813897,15.865679577365864
VEN-01655,1,0,2.6475501966441155,2.127766860859431
VEN-01656,1,0,4.006225971915031,5.824116459167805
VEN-01657,1,0,3.040993944031348,26.44814694611924
VEN-01658,1,0,4.310698566808165,19.228422307460757
VEN-01659,4,1,3.2536508572576577,27.00410082135784
VEN-01660,2,0,3.780989987438328,6.615143465394022
VEN-01661,0,0,3.580203241258907,25.55342421672473
VEN-01662,0,0,1.5594055406422382,17.245218914946058
VEN-01663,1,0,3.1989202065321742,6.098021011615549
VEN-01664,0,0,3.171387511683093,7.3462015363356095
VEN-01665,1,1,3.8564910037080433,11.850561774548344
VEN-01666,0,0,3.58735843026226,7.507812656150378
VEN-01667,1,0,3.739485475373873,19.385677437664384
VEN-01668,4,1,3.358724115621893,8.771960735313538
VEN-01669,1,0,4.619123314953032,5.053396761001725
VEN-01670,1,0,4.805095361023181,21.73652280135329
VEN-01671,0,0,2.987385694999734,31.225421653085704
VEN-01672,0,0,2.585045211184469,10.71139272371905
VEN-01673,1,0,3.629347285532485,22.631287678573845
VEN-01674,0,0,4.136698776621354,6.484765453285671
VEN-01675,2,0,2.9081118500687126,5.776198278814984
VEN-01676,1,0,2.5067829228885623,20.27450599130188
VEN-01677,1,0,3.7433153212866257,43.81502190550864
VEN-01678,0,0,3.8730079168512255,13.49982584279688
VEN-01679,3,2,5.0,20.24661210449903
VEN-01680,0,0,4.347951436984159,20.468352876914302
VEN-01681,0,0,3.9542550009412016,14.244297387253036
VEN-01682,1,0,4.8215834471315,5.866829718089049
VEN-01683,0,0,5.0,3.619918354648972
VEN-01684,0,0,3.444447539767831,7.776355968788629
VEN-01685,2,0,4.119913906418033,3.637310976120141
VEN-01686,1,0,2.776919155705884,14.79129899035163
VEN-01687,1,0,3.963343301996767,29.810315387751626
VEN-01688,1,1,3.3848099201090043,5.549956719255572
VEN-01689,4,1,3.419148598076454,12.665851985607215
VEN-01690,1,1,3.268221971669596,44.62054419319463
VEN-01691,0,0,3.5092477903078185,5.301242835582434
VEN-01692,2,1,3.146418350055567,19.632670515032352
VEN-01693,3,1,3.4951337902665363,18.512650617516705
VEN-01694,1,0,4.421611749557089,5.400972111484174
VEN-01695,1,0,2.640152023507732,12.88707167973236
VEN-01696,1,0,3.4354008147990003,10.32723549422213
VEN-01697,2,0,4.677019305363701,23.640573917494343
VEN-01698,1,1,3.461028338313449,16.1970278384935
VEN-01699,1,0,3.6943034418661527,6.255997994156699
VEN-01700,0,0,3.332984981009852,15.328371881812233
VEN-01701,2,1,3.4369909814241053,31.04441895472813
VEN-01702,1,0,4.402686531526323,21.469944469780245
VEN-01703,0,0,3.3152955833864324,16.34143946586442
VEN-01704,1,0,3.4158255271066387,13.000576845013466
VEN-01705,1,0,2.8144244280391675,26.02112246180754
VEN-01706,2,0,3.343887232006124,4.592067578809744
VEN-01707,1,1,3.370865449560109,26.13957223948933
VEN-01708,1,0,2.4041042111505027,5.98930960880919
VEN-01709,2,0,3.7640130909265386,4.17385020556815
VEN-01710,1,1,3.479842175051597,10.495610381551655
VEN-01711,0,0,3.8269333068960623,9.8714131692755
VEN-01712,1,0,4.302163742206159,19.67539053743021
VEN-01713,0,0,3.7929167330533,12.058586106071235
VEN-01714,1,0,3.123290391820318,3.537591515095716
VEN-01715,5,2,3.460785162204594,11.52289430646622
VEN-01716,2,2,3.3823913216996857,41.080179438652586
VEN-01717,1,0,5.0,10.73723003023869
VEN-01718,1,1,3.5456124801077777,6.466393128977387
VEN-01719,2,1,3.3513025705536554,24.028674684214927
VEN-01720,0,0,3.4250521383907,14.718207868038409
VEN-01721,0,0,2.63834157626248,1.3241908420874866
VEN-01722,1,0,3.184377713518685,7.47179715089668
VEN-01723,2,0,4.185475430023895,9.043164745302464
VEN-01724,1,1,2.8933706390876583,10.372205588782236
VEN-01725,0,0,4.6057440713996645,6.9843747047858775
VEN-01726,2,1,3.778707853941366,5.225316152070991
VEN-01727,3,0,2.1585572785219265,26.11367399700851
VEN-01728,0,0,3.825267277619,14.259361507585158
VEN-01729,0,0,3.0410931773040804,12.949998385681685
VEN-01730,1,0,4.93927497451907,16.944685309392835
VEN-01731,0,0,4.2014364692175725,4.61538392436542
VEN-01732,0,0,3.625845486403552,12.128259257598849
VEN-01733,0,0,3.613331106226778,28.94009649918288
VEN-01734,0,0,3.883104639259904,21.004513109210627
VEN-01735,1,0,4.83879152249329,22.45427965634611
VEN-01736,2,0,3.587791295148677,3.8822384264564023
VEN-01737,3,2,2.862211661035009,20.649680796349035
VEN-01738,0,0,3.919960176747984,13.78829268993404
VEN-01739,3,0,3.3180798319365303,26.76490962979228
VEN-01740,0,0,3.846620290344679,6.534912626842339
VEN-01741,1,0,3.880635373658627,5.15338749272022
VEN-01742,1,1,4.985083118855781,20.18066323229884
VEN-01743,1,0,3.978366207202869,10.077115439634714
VEN-01744,0,0,2.9449272572369605,15.795522491580511
VEN-01745,0,0,3.125753590086341,30.517725329893253
VEN-01746,2,2,3.632124031087558,8.447515556470409
VEN-01747,1,0,2.651632546865082,27.6493348025028
VEN-01748,0,0,3.751534548768185,26.14115082485508
VEN-01749,1,0,4.046114002816452,14.961574112714104
VEN-01750,2,1,4.364911732065274,5.396200374445849
VEN-01751,1,0,2.580807232103977,8.179141958573178
VEN-01752,1,0,4.722767592394068,18.567845704636728
VEN-01753,3,1,3.749060491418557,7.0309149214341335
VEN-01754,0,0,4.451049271610056,6.228573941570568
VEN-01755,1,0,2.126403995283094,11.37522990566824
VEN-01756,3,0,3.577189668198973,4.363263185956645
VEN-01757,2,1,4.138008129321426,10.957528036463964
VEN-01758,1,0,4.503731264991979,7.678171034340158
VEN-01759,0,0,4.486778703502896,29.402449264472978
VEN-01760,2,1,2.64687827249417,17.91113641662654
VEN-01761,1,0,3.2572195647064413,2.273677972289289
VEN-01762,2,1,4.226411000748841,40.365204767751344
VEN-01763,0,0,3.3012841442434837,18.523004432929557
VEN-01764,4,0,4.059885327969573,14.233366010165202
VEN-01765,1,0,3.9795694098315546,8.273074005115765
VEN-01766,0,0,1.492339696639455,2.1637806564900868
VEN-01767,0,0,4.080642226762673,31.134018766576236
VEN-01768,2,0,2.8423497562851057,14.225257205929296
VEN-01769,0,0,4.056217837494728,16.337878559780002
VEN-01770,2,0,3.0959295832603466,10.25139704590766
VEN-01771,0,0,3.613698285444138,23.17188140245364
VEN-01772,1,0,3.516733439862102,28.44935087651052
VEN-01773,0,0,4.457229951479056,5.20050589260617
VEN-01774,2,1,3.537457049153731,9.396538098096666
VEN-01775,1,0,3.5151394609683715,11.457860729320362
VEN-01776,1,0,4.052106716870837,6.038645567850461
VEN-01777,1,1,3.896225296303186,5.571338983375382
VEN-01778,6,1,4.020189271399222,10.169515481393914
VEN-01779,1,0,3.324665902975866,18.54102016110049
VEN-01780,0,0,4.647476375446944,11.341625451273728
VEN-01781,3,2,2.7151126218559365,13.056779883044214
VEN-01782,1,0,4.467100226004309,9.811544744989495
VEN-01783,2,0,4.85339139404222,19.83574177775577
VEN-01784,1,0,1.915031841004689,7.029262901342478
VEN-01785,2,0,2.880992065587721,8.314462773592435
VEN-01786,2,0,2.6399294587495303,3.415762824114978
VEN-01787,1,0,3.1251074793967737,18.742378968785783
VEN-01788,0,0,3.166094530277711,6.794762703175979
VEN-01789,1,0,3.1311097412307056,15.830094711063072
VEN-01790,0,0,4.174909495928292,5.264975393817433
VEN-01791,2,1,3.322796050920104,12.629283046052516
VEN-01792,2,0,4.027822657962084,13.557708566428351
VEN-01793,1,0,4.118273380685265,8.790021043706393
VEN-01794,1,1,3.81268272541344,6.980189490256986
VEN-01795,1,0,4.166378922805821,5.871851640631202
VEN-01796,0,0,3.179735497253374,14.233968157169626
VEN-01797,2,1,2.722066925057248,9.99368146270539
VEN-01798,0,0,3.909182752730965,8.400523700662996
VEN-01799,2,0,5.0,9.132723110421026
VEN-01800,1,0,4.618424616246909,9.316570554342332
VEN-01801,0,0,3.4938061896717825,9.526632655097806
VEN-01802,6,1,4.023803713407209,10.332974163787169
VEN-01803,2,0,2.9272515926275338,23.757883080875
VEN-01804,1,1,3.9145739955730257,15.918525125374831
VEN-01805,2,0,3.1832148929445205,2.072610138230722
VEN-01806,2,0,4.424711138127724,18.620207503874063
VEN-01807,3,2,2.7786747928717377,6.486758367407786
VEN-01808,1,0,4.818958038933655,7.598390687731137
VEN-01809,0,0,2.6015492455284126,15.980102943480032
VEN-01810,2,0,4.607293808115841,3.890856698897653
VEN-01811,0,0,3.1411596278129235,9.444759511928044
VEN-01812,2,2,3.690951473253668,27.472381840048143
VEN-01813,1,1,3.6308927518067424,8.215936220841794
VEN-01814,0,0,4.041079271073086,11.801105539833804
VEN-01815,0,0,2.6145570829741094,12.867248250325323
VEN-01816,3,2,2.879466578175531,9.18770518331
VEN-01817,1,0,3.777788002323555,12.216783981293814
VEN-01818,1,0,2.646160848230535,28.33331798723716
VEN-01819,0,0,2.608479900157642,9.602915525813849
VEN-01820,1,0,4.043521779308545,3.026594927849761
VEN-01821,3,1,3.425145289852259,16.819932317039303
VEN-01822,1,0,4.332688272301785,3.9783233625010457
VEN-01823,1,0,2.455919861801038,15.65863668851648
VEN-01824,1,1,3.1730813800040147,5.839210287148258
VEN-01825,3,1,3.6758541354969,14.45673601995592
VEN-01826,2,1,4.059540380208039,22.622396269358173
VEN-01827,2,0,2.527633897320426,12.783742667956044
VEN-01828,0,0,3.800856833014196,16.48739048188765
VEN-01829,1,1,2.919423098075023,30.0294937385476
VEN-01830,0,0,4.584738408318736,6.413390288231218
VEN-01831,2,1,3.947420552930823,8.330799693075148
VEN-01832,0,0,4.034963414601405,24.637193398889103
VEN-01833,2,2,3.914593437152521,13.189662649649437
VEN-01834,1,0,3.4290295894807934,19.08649240955157
VEN-01835,2,0,3.34919081838512,18.47450421508664
VEN-01836,1,0,2.5316014705286647,3.7393445149524194
VEN-01837,2,0,3.4694550236619155,29.822264021254835
VEN-01838,1,1,3.9577387005082674,4.123288089706788
VEN-01839,3,0,2.967293733255414,18.819538657460825
VEN-01840,1,0,1.9791414525502795,26.379456307811388
VEN-01841,2,0,3.111314532036749,5.495674403586823
VEN-01842,0,0,5.0,36.8949795106105
VEN-01843,0,0,3.26428304074635,5.1091102950023135
VEN-01844,1,0,3.476373504117994,10.035075671811995
VEN-01845,0,0,4.083852881484875,43.07159142992888
VEN-01846,0,0,3.0619439124703107,6.68594495554309
VEN-01847,2,1,3.470371099114144,6.432341615703824
VEN-01848,1,0,3.868989718895671,27.60255202035494
VEN-01849,0,0,4.077165023611845,15.297241279228643
VEN-01850,1,0,3.414931512860477,46.3574717950644
VEN-01851,5,1,3.160348706746281,22.203066175717986
VEN-01852,0,0,2.579428741175343,27.96543249252853
VEN-01853,1,1,3.651173854902285,4.51935575537522
VEN-01854,3,1,3.1162349184555653,17.424230143193377
VEN-01855,1,0,3.741371267564402,2.140599480922623
VEN-01856,2,1,3.357121440901777,5.176351515135178
VEN-01857,2,0,3.5424635872477244,17.2701193564431
VEN-01858,0,0,3.625397705547961,18.89468086862608
VEN-01859,3,0,4.740047731135468,18.86527432044325
VEN-01860,1,1,3.3447772635411632,4.023399187637335
VEN-01861,4,0,3.183113666506449,8.0798801690631
VEN-01862,1,0,2.3527044172421485,9.335918185457327
VEN-01863,0,0,3.9549544376927264,14.148202256600216
VEN-01864,0,0,3.9970448530087967,9.796059512545783
VEN-01865,1,0,4.145173107002854,11.253317091390782
VEN-01866,0,0,4.149085449098342,4.295227338213599
VEN-01867,1,0,3.375112344948282,15.7381300053016
VEN-01868,3,1,4.204559283477757,6.497754587144475
VEN-01869,1,0,3.480875692350851,6.666231992635378
VEN-01870,0,0,3.186700974742593,2.409013794124231
VEN-01871,2,0,3.126497524533905,12.797948735706704
VEN-01872,1,0,4.43416205853626,6.846146492035195
VEN-01873,1,0,3.401078464122221,25.863593724681408
VEN-01874,1,0,3.1222522113371265,14.817201691994224
VEN-01875,1,0,3.753090460342049,2.4706998795316366
VEN-01876,1,0,4.357115279871737,6.023474436216042
VEN-01877,3,1,3.739495022311373,14.8235771041312
VEN-01878,0,0,2.3335053651950104,12.047278886379877
VEN-01879,1,0,3.649180921016832,5.560167333348176
VEN-01880,2,0,3.945147381146768,0.3848335091710025
VEN-01881,2,0,4.13801989700006,15.992148320422006
VEN-01882,0,0,3.9285742208040566,13.890965659278958
VEN-01883,2,0,4.137355796793204,12.996706969993305
VEN-01884,0,0,2.422745564612512,5.659291649641057
VEN-01885,1,0,3.132774139310057,15.256965036733142
VEN-01886,1,0,3.2063435357465795,11.498731823052154
VEN-01887,2,2,4.595911419272056,1.888161263288524
VEN-01888,2,1,3.5620700609577947,13.053121300794745
VEN-01889,1,0,4.69570513719845,23.49597845866218
VEN-01890,2,1,4.599492348454696,17.414288507854423
VEN-01891,1,0,3.169769087614336,7.479290289910459
VEN-01892,1,0,3.300076709342009,14.586753799660451
VEN-01893,2,1,3.13701806551504,10.58390515134418
VEN-01894,2,1,3.447540145707896,11.914888327613044
VEN-01895,0,0,2.551117864891748,9.65194755454564
VEN-01896,3,0,2.7428020298133724,15.645338606050233
VEN-01897,2,0,3.1774882657720838,21.7837653612527
VEN-01898,2,0,4.061416031303542,6.665498145237756
VEN-01899,1,0,3.1709671612545587,8.908281886143794
VEN-01900,0,0,2.9420893187664,8.136003488038982
VEN-01901,0,0,3.3579444490228068,16.017498936833945
VEN-01902,1,0,3.000658684509334,31.734195735817416
VEN-01903,5,1,3.6746471481954255,8.913838823498297
VEN-01904,1,0,5.0,15.022168255767
VEN-01905,1,0,3.5147265568395487,13.789556156090557
VEN-01906,2,0,3.0376447648003078,4.87089022451371
VEN-01907,2,1,4.030823142688064,35.28237746706085
VEN-01908,0,0,2.791156501783152,34.50948554631122
VEN-01909,2,1,2.8151664189282126,4.929166608889235
VEN-01910,0,0,2.953726311177856,3.609435829351311
VEN-01911,1,0,2.4839896933203685,22.43761355429071
VEN-01912,0,0,4.125573335762189,6.224981694016881
VEN-01913,0,0,3.37666352239629,11.21985862191559
VEN-01914,3,1,2.188285491551357,17.740496983754902
VEN-01915,0,0,4.25342391556096,13.331524441063754
VEN-01916,1,0,2.759191538067016,5.394094182593443
VEN-01917,2,1,3.84330249809229,18.608042281963808
VEN-01918,0,0,4.084126072750957,13.992396698296654
VEN-01919,1,1,3.3369856574379093,4.420738705211269
VEN-01920,1,0,3.2307988277926767,7.018194917133641
VEN-01921,1,0,3.669685090811833,4.723378573150715
VEN-01922,0,0,4.147628211443655,6.902579785591323
VEN-01923,0,0,4.174849159662528,19.297284493057305
VEN-01924,0,0,3.156897755683886,9.111179172564114
VEN-01925,3,0,4.496586743380738,1.5002330724099673
VEN-01926,0,0,3.359308055578841,22.613934306606197
VEN-01927,1,0,2.549402397400848,9.85043503682624
VEN-01928,2,1,3.151067364481453,36.21975707653174
VEN-01929,1,1,3.555052735549963,4.863955978691365
VEN-01930,0,0,3.269353859603639,16.83475616221399
VEN-01931,0,0,2.148988930768276,20.33079577115473
VEN-01932,1,0,2.358092496994388,6.5150698186843
VEN-01933,0,0,2.669529765954866,20.71651343136084
VEN-01934,0,0,4.255556148902144,18.201060788711533
VEN-01935,2,1,2.808062390941869,12.969804165489226
VEN-01936,4,0,3.7453763443320898,5.071789950445744
VEN-01937,0,0,3.579733971350956,6.441904162843295
VEN-01938,2,0,3.4423042351176587,12.734294300894804
VEN-01939,1,0,3.5594894995596955,12.920966724409707
VEN-01940,0,0,4.027421989484474,5.892280346793981
VEN-01941,3,2,3.591212780201701,31.454748032768173
VEN-01942,1,0,3.770325613933231,7.630894619986696
VEN-01943,0,0,3.958640780540738,13.034294144442711
VEN-01944,0,0,2.92870969514743,18.910384444324595
VEN-01945,0,0,3.2421226605247746,13.242895919859702
VEN-01946,5,2,1.798559820465687,15.170756743811287
VEN-01947,1,0,2.568470017418733,7.869395921763576
VEN-01948,2,1,4.512538323612706,16.985443442930208
VEN-01949,0,0,3.613615176638701,3.931684893551063
VEN-01950,1,0,4.2451700891304895,8.376559601779041
VEN-01951,2,0,4.827997714758293,5.557943802276107
VEN-01952,0,0,3.1833499259681184,2.9799658464243874
VEN-01953,0,0,5.0,12.235033011571836
VEN-01954,0,0,3.0205018239503345,9.277056388477078
VEN-01955,3,0,4.005863108290165,6.987369173015076
VEN-01956,2,0,2.340019554274553,13.03807809838126
VEN-01957,0,0,2.457940316106591,3.4973461459573
VEN-01958,0,0,3.430961284468665,21.348632972994157
VEN-01959,0,0,3.206500506126941,16.784479828716243
VEN-01960,4,1,2.3832129131656647,12.938235881226632
VEN-01961,2,0,3.287109994906068,6.714595890698779
VEN-01962,2,0,4.371205048050388,12.407195715536377
VEN-01963,0,0,3.780038615833399,9.852298743582864
VEN-01964,1,1,3.4814175171081594,16.69325970332192
VEN-01965,3,0,3.331770048071062,5.391107949976026
VEN-01966,2,0,3.2141816270199657,11.279766370691783
VEN-01967,3,1,4.47189922414406,5.529800500154996
VEN-01968,2,0,2.804811044065868,6.7530736091905785
VEN-01969,1,0,3.835751601504033,27.47745428223979
VEN-01970,0,0,3.3047816933642378,7.506456125893046
VEN-01971,3,0,2.713248423875948,16.2551036985826
VEN-01972,3,0,4.2777311796589,27.96414719209276
VEN-01973,2,0,3.82983870358806,2.255808956934292
VEN-01974,1,0,3.8538741487431016,7.510652325507644
VEN-01975,2,0,3.649995254488039,3.293401455990644
VEN-01976,0,0,4.347160460528244,10.964630462060777
VEN-01977,1,0,2.896147224585381,14.80544364816371
VEN-01978,1,0,3.8208503626669663,8.259711391693994
VEN-01979,1,1,4.373453138070555,16.51291114780279
VEN-01980,2,0,3.5048128600685744,10.77964023314112
VEN-01981,3,0,2.364628388808609,3.2929161438879726
VEN-01982,2,1,4.469370544930254,23.060002567841455
VEN-01983,1,0,4.195544500973586,29.974877589821425
VEN-01984,4,0,3.5203960560858074,23.513489337763986
VEN-01985,1,0,3.351271609251933,9.897561963539715
VEN-01986,1,0,3.9043358160402497,25.917931920222603
VEN-01987,0,0,3.625521967224516,5.703195493778204
VEN-01988,4,1,3.8521847266922418,2.525973229388547
VEN-01989,1,1,3.6339227468544206,5.496360704141865
VEN-01990,1,0,1.7645397879458864,24.146999774147748
VEN-01991,1,0,3.8459296344457794,29.085624414966947
VEN-01992,0,0,3.3191044811006414,24.860269117597564
VEN-01993,0,0,3.838822773708277,5.170045520120723
VEN-01994,0,0,2.80356462377879,4.9341621904819455
VEN-01995,2,0,3.743078487743053,0.8342046269633686
VEN-01996,1,0,4.063417346071459,11.126642464098747
VEN-01997,1,0,2.8334819993696865,20.754414370562152
VEN-01998,1,0,4.349551171107159,14.480324573405058
VEN-01999,0,0,4.415936005702068,6.86047012673337
VEN-02000,1,0,3.5319340486248625,5.27139289104367
VEN-02001,2,1,3.736989180857978,17.924914725765543
VEN-02002,2,0,2.8101248484554358,2.209088511985236
VEN-02003,0,0,3.402903557189817,14.395563556184342
VEN-02004,1,1,4.494774366539898,9.194526914576503
VEN-02005,3,0,3.4529127976311207,42.1414952380887
VEN-02006,1,0,3.886251400468246,15.688207162937802
VEN-02007,2,0,3.817908191055776,7.372087359171258
VEN-02008,1,0,2.955219949294916,6.936133779442503
VEN-02009,1,0,2.6289028690603877,6.707111100373028
VEN-02010,1,1,2.420247838413262,19.36112719457316
VEN-02011,2,1,3.091119344465284,16.48272791615027
VEN-02012,0,0,3.001100521691873,30.57114825248731
VEN-02013,1,0,3.690683270949193,22.762024487749983
VEN-02014,1,0,3.4350916487319307,7.904076868277146
VEN-02015,2,1,3.2183683408405326,17.38419261361763
VEN-02016,0,0,4.935100039680265,8.339461834125006
VEN-02017,2,0,4.298817552397992,32.162359758093146
VEN-02018,3,1,4.165470659951913,19.69450546330425
VEN-02019,1,0,2.3721275842702028,36.50460675834987
VEN-02020,1,0,2.699774794794965,23.52853577917305
VEN-02021,2,0,5.0,14.861061846988113
VEN-02022,1,0,4.345100237634853,21.66678615548662
VEN-02023,0,0,3.756831691806558,27.971965385980283
VEN-02024,0,0,2.734014201067431,5.220840125420513
VEN-02025,1,0,3.4893874558919027,6.315644576832285
VEN-02026,2,0,3.1052706319738483,2.191265660413128
VEN-02027,2,0,2.3905132938281537,10.20594396386133
VEN-02028,1,0,1.7743468276148358,10.87446151346479
VEN-02029,2,1,3.854236016360804,3.1452414113986844
VEN-02030,1,0,3.652787018916296,14.739016581208764
VEN-02031,0,0,3.318209483810557,21.15823084737517
VEN-02032,3,1,3.856002829567746,0.9594957346991468
VEN-02033,2,0,4.395907079325761,13.577055006055424
VEN-02034,0,0,3.344647274481195,25.921259506822143
VEN-02035,1,0,3.854135015866534,5.256352544696064
VEN-02036,3,0,3.1923689610190653,14.22803735517054
VEN-02037,1,0,3.828587417270657,15.228604456412809
VEN-02038,0,0,4.452555701118672,10.76175632078284
VEN-02039,0,0,3.2210470401856397,5.494766010650372
VEN-02040,2,2,3.65648493718386,12.019079900787812
VEN-02041,1,0,3.6495264551163262,35.092211814742626
VEN-02042,1,0,3.622516653112733,9.760947129642616
VEN-02043,3,2,4.419529237174102,24.694857743984684
VEN-02044,2,0,3.1590147657751624,7.698778564489735
VEN-02045,2,1,2.8736744900805684,20.63769098949343
VEN-02046,2,0,3.994095799700313,6.983338336994903
VEN-02047,2,0,4.648795984371487,13.185536555061445
VEN-02048,0,0,3.1923124307638844,15.165820320621568
VEN-02049,0,0,2.658724340476899,27.724533535761783
VEN-02050,1,0,3.5452714663898224,7.281175409897161
VEN-02051,1,0,3.5202060089970617,13.903771560593244
VEN-02052,1,0,4.080240973774091,10.678242563163067
VEN-02053,2,1,5.0,7.659183711028259
VEN-02054,0,0,4.326923947058432,35.599849159399774
VEN-02055,2,0,3.813836436709696,1.7708055163923535
VEN-02056,2,0,3.012221901159844,6.793696747131659
VEN-02057,1,0,3.2202308786217038,12.6918066005854
VEN-02058,0,0,2.634933217571062,16.095377355234778
VEN-02059,0,0,3.783860646410836,10.76128180450442
VEN-02060,1,0,3.058882239419685,6.16764736398136
VEN-02061,1,0,3.944469882090991,8.698323628228032
VEN-02062,2,1,4.038795094218137,21.60612735883754
VEN-02063,0,0,3.554381427385693,15.831997917541342
VEN-02064,1,0,3.2846931510631325,14.287286709841515
VEN-02065,2,0,3.4593396611651483,13.899357088470545
VEN-02066,1,1,3.157227499068189,46.71781002782774
VEN-02067,1,0,2.889708948886256,3.1091934430871877
VEN-02068,2,0,4.552826389441347,4.97372628062153
VEN-02069,1,0,3.296967575859615,14.061497988621776
VEN-02070,0,0,3.0717154232285435,6.228910028813292
VEN-02071,0,0,3.59523067769967,25.42092454587385
VEN-02072,2,0,4.319412293222749,13.416766551946957
VEN-02073,4,0,3.178401721198098,14.496930091984009
VEN-02074,0,0,1.6079942779914942,4.66446978245636
VEN-02075,2,1,3.14418703464192,38.36500065680022
VEN-02076,0,0,3.774032532064606,11.747540917909795
VEN-02077,1,0,3.188700981415433,11.638786709650134
VEN-02078,0,0,4.091308025166511,13.230749811551169
VEN-02079,0,0,3.85123887143216,20.87169517883574
VEN-02080,1,0,2.0592016431187554,14.65561834310378
VEN-02081,3,1,2.986710270493624,4.679488217645106
VEN-02082,2,0,4.646781162785766,32.0701594892924
VEN-02083,0,0,3.170462437829642,10.75785743572556
VEN-02084,0,0,2.635299772276441,3.580403766822968
VEN-02085,0,0,3.47014299510906,29.072379713595478
VEN-02086,0,0,4.386616850795005,30.804181267182667
VEN-02087,2,0,3.4491761534302325,9.154223087855518
VEN-02088,0,0,2.851319859717937,9.87998031592304
VEN-02089,1,0,4.675088944446381,30.49061717687505
VEN-02090,3,0,3.4439503803689027,9.173041544232149
VEN-02091,4,0,3.362846830787452,12.408274237010184
VEN-02092,0,0,2.3311080021692407,19.314026508856557
VEN-02093,2,0,3.435932549318077,20.39857474253029
VEN-02094,1,1,2.4393749935775606,10.28443456911904
VEN-02095,1,1,3.391456026738524,14.141455283072007
VEN-02096,1,1,4.472894302531007,35.050996924684576
VEN-02097,2,1,2.5211526133600954,7.0734766381324405
VEN-02098,3,0,2.8830690579991933,23.67305700993223
VEN-02099,1,1,4.865471503153639,11.220530869426392
VEN-02100,1,0,3.611924489525768,18.105412131981392
VEN-02101,1,1,2.5974399407453594,8.395058868227414
VEN-02102,2,0,3.848323727564923,13.86860594406642
VEN-02103,1,0,3.184148230179661,22.12600558972239
VEN-02104,1,0,3.18642316505946,9.81368543544144
VEN-02105,1,0,2.0815775777581096,7.916399312905177
VEN-02106,4,0,3.7840604408717735,13.82199084000193
VEN-02107,0,0,3.591567161841762,9.278509326719062
VEN-02108,1,0,3.957462365369154,10.488914605904352
VEN-02109,3,3,3.3604646815351957,18.940129868310148
VEN-02110,3,1,2.866459275658843,33.9503198424343
VEN-02111,0,0,2.289165767497102,6.06800110192902
VEN-02112,1,1,4.806527193678457,9.926639324954149
VEN-02113,0,0,2.586717824916655,5.775775823368143
VEN-02114,1,0,2.1590278630969104,10.695573365525778
VEN-02115,2,0,5.0,25.737097477207275
VEN-02116,4,1,2.9414915628700897,9.10189250100892
VEN-02117,0,0,3.75313163017276,8.468645775671071
VEN-02118,1,0,1.769982877849487,15.6428489618266
VEN-02119,0,0,4.274172436525061,18.87027312825694
VEN-02120,1,0,3.4539367736918565,15.417627895038429
VEN-02121,1,0,3.5957959363930496,4.640638876673632
VEN-02122,1,0,3.7647279179226176,16.514503325209603
VEN-02123,3,2,3.286097100519127,6.037471247354096
VEN-02124,1,0,3.151173936422248,21.73032441638896
VEN-02125,1,1,2.955596352966677,24.00209867172549
VEN-02126,3,0,4.429729477605338,42.44055272307029
VEN-02127,3,0,4.91312733219529,9.916840665679937
VEN-02128,1,0,1.8423643377615249,13.607107608526473
VEN-02129,0,0,3.768327587966793,3.022627425257755
VEN-02130,1,0,4.332607049272389,6.798683519534176
VEN-02131,4,1,4.11688011673984,9.972709560317933
VEN-02132,0,0,3.4440473353335115,11.32728770694503
VEN-02133,0,0,2.8559481082875933,6.639089465598952
VEN-02134,1,0,4.498396669287457,11.937234027856537
VEN-02135,0,0,1.3053977638073642,22.280003594762384
VEN-02136,0,0,3.523412280393784,15.639264850182371
VEN-02137,0,0,3.36366996020432,40.81303321883578
VEN-02138,2,1,4.658697915749576,3.3349657238331134
VEN-02139,0,0,3.103800121788024,10.052527231977365
VEN-02140,2,1,4.221690735825268,9.039509178542882
VEN-02141,1,0,4.58871775809515,14.774302788774074
VEN-02142,1,1,3.384248929466356,8.936894875847162
VEN-02143,1,0,4.368188621191843,6.600060002403855
VEN-02144,1,0,3.440104300141528,6.523502406585729
VEN-02145,0,0,3.1930586059546453,5.534095932057816
VEN-02146,1,0,3.53688599108411,13.92166598635561
VEN-02147,0,0,4.512546911166195,19.7263202245757
VEN-02148,3,0,2.41864442074958,10.160772148521565
VEN-02149,2,0,4.330347759986367,8.396229335991936
VEN-02150,0,0,3.67341196195128,7.884421226130415
VEN-02151,2,0,3.1752432601304768,24.002992469922315
VEN-02152,1,0,2.520531812344196,13.187699891054075
VEN-02153,1,0,2.7818667338447938,10.56867373936219
VEN-02154,0,0,3.223446712648726,18.112930722842137
VEN-02155,2,1,4.095751337524462,16.88805860889819
VEN-02156,1,0,3.877427231894356,30.01636773197284
VEN-02157,2,1,3.799356437539125,25.121994083178063
VEN-02158,0,0,3.530343544878785,12.656392679922634
VEN-02159,2,0,3.336016841644326,19.673076998420267
VEN-02160,1,1,1.3611426900679646,10.005884817434035
VEN-02161,1,0,3.772427102331927,18.011299869849076
VEN-02162,1,0,3.140629204272318,7.217382591935602
VEN-02163,1,0,3.25935885764142,15.92679337450477
VEN-02164,0,0,3.1425654479138627,19.92874194667984
VEN-02165,4,2,4.704518277520063,9.531213366655464
VEN-02166,0,0,4.1977053706195,7.4885837991941475
VEN-02167,1,1,4.484814047624983,12.148655877869396
VEN-02168,1,0,2.6161284202728674,2.889899349717802
VEN-02169,1,0,4.721630757985801,10.166157974570876
VEN-02170,0,0,4.247403780013705,10.48121398052705
VEN-02171,1,0,2.710031021277131,3.986712837649324
VEN-02172,0,0,3.871866156023936,12.771396704820042
VEN-02173,1,1,2.6095531963392697,4.728079499594351
VEN-02174,3,0,2.6033319420287464,6.123036846578662
VEN-02175,0,0,3.4482818098397003,9.053070133707902
VEN-02176,1,0,2.673916660134277,23.5202038388204
VEN-02177,0,0,3.292455811746452,13.995348851171997
VEN-02178,0,0,3.661511860258293,11.344472649853158
VEN-02179,0,0,3.767197824533493,7.949439962547589
VEN-02180,1,1,4.29302474621787,14.443421218852006
VEN-02181,2,0,3.228483505416247,2.5200160439366504
VEN-02182,2,0,4.067769481435882,10.824895592631236
VEN-02183,1,1,2.580574986558162,18.03876275968424
VEN-02184,1,0,3.7739250656907193,12.102745242241074
VEN-02185,1,0,4.111746328604495,4.144988588031889
VEN-02186,2,0,3.6642218327520406,16.411745349333586
VEN-02187,0,0,3.0570245545173704,9.755967072508646
VEN-02188,0,0,2.924599406770303,9.247436211758057
VEN-02189,1,0,2.5418047167603617,16.431994492510935
VEN-02190,1,0,2.9922609128532915,17.728395576573387
VEN-02191,2,0,3.4283412226462806,14.595645364339983
VEN-02192,1,1,3.2047894134630828,22.111363379104056
VEN-02193,0,0,2.939262768820156,8.3261535732326
VEN-02194,2,1,4.421993440118596,7.321416096453691
VEN-02195,0,0,3.4739591760356663,9.14819034310917
VEN-02196,0,0,2.5943872521686657,9.139933261825329
VEN-02197,1,0,3.11667730206088,26.15865529611633
VEN-02198,2,0,5.0,28.119321680496068
VEN-02199,0,0,3.738608270519465,4.796081753926138
VEN-02200,0,0,4.22850634293952,13.899386479550255
VEN-02201,0,0,3.621527344957628,9.667925796082606
VEN-02202,1,1,4.567224497292751,7.326551465620428
VEN-02203,0,0,3.387376705906553,3.336134300670364
VEN-02204,0,0,3.340250581618828,13.501480035188212
VEN-02205,0,0,3.877310703241292,23.439378016993476
VEN-02206,0,0,2.93348527092311,7.898549447662244
VEN-02207,0,0,4.329905360701999,7.921855401381321
VEN-02208,2,0,3.0200608964910014,13.466613468371976
VEN-02209,0,0,3.9409495942326176,18.15266763012673
VEN-02210,0,0,3.866581414097626,23.68339310951196
VEN-02211,0,0,2.6306864306950706,19.24014735091501
VEN-02212,2,0,3.768666199430864,3.404179930327354
VEN-02213,1,0,3.697286979034808,14.544378667461228
VEN-02214,2,0,2.9400475902099483,12.060350245522296
VEN-02215,0,0,2.30206158305486,11.417032653910129
VEN-02216,1,0,4.4438015224561145,13.67847850165573
VEN-02217,1,0,5.0,23.843817928769468
VEN-02218,2,1,2.8548778661427194,8.473884154019679
VEN-02219,2,0,4.063737631419768,19.87207766950175
VEN-02220,1,0,3.7899250902160007,5.940036748776105
VEN-02221,2,0,3.660231046011595,2.307304556469962
VEN-02222,0,0,3.058413978994148,9.966536391641114
VEN-02223,0,0,2.9170961868530214,26.14482504302083
VEN-02224,2,0,3.451327065701996,11.08245808057235
VEN-02225,1,0,2.348296132449941,16.32053892679481
VEN-02226,1,0,2.8690051658498823,17.13059595307065
VEN-02227,1,0,3.014218055464201,8.604500766987616
VEN-02228,2,0,3.827295091558894,16.47984218552077
VEN-02229,1,0,2.235194772093089,2.202816215286004
VEN-02230,0,0,3.612174888720098,12.492723668859584
VEN-02231,3,0,2.9640347477989453,4.808958681381846
VEN-02232,0,0,4.716831474920276,7.005051655203309
VEN-02233,4,0,4.408903251687958,13.914242666617689
VEN-02234,4,2,4.3431030592422,33.14867963834352
VEN-02235,1,0,2.95758450588822,13.692372324830345
VEN-02236,3,1,3.7032643570954864,1.3231594123577717
VEN-02237,0,0,3.1880154726855823,9.793284560868996
VEN-02238,0,0,3.243484399677741,5.9370137811223485
VEN-02239,0,0,3.0743690632013543,5.751041761392113
VEN-02240,2,0,4.22554156161304,3.611265791980181
VEN-02241,0,0,2.468589590248805,4.323304006571424
VEN-02242,1,0,2.7186868716300614,5.243292176763492
VEN-02243,2,0,3.143175463165854,1.1777934497668847
VEN-02244,3,1,3.602543491826375,10.005399939134698
VEN-02245,1,0,4.695058625820931,12.070002824750828
VEN-02246,0,0,3.778866291919445,4.970619091249195
VEN-02247,0,0,4.150004511363043,12.857214679842926
VEN-02248,2,0,3.2652927621340684,21.1980856834194
VEN-02249,4,1,4.762040016792144,19.554630063798708
VEN-02250,0,0,2.664224221506005,8.931206364689166
VEN-02251,1,0,2.9974599898517207,24.34607296183461
VEN-02252,2,1,3.755774609491081,6.539090466950317
VEN-02253,1,0,2.94043024815382,7.55214607060217
VEN-02254,2,0,4.311682706180839,1.8143470625245337
VEN-02255,2,0,2.929631178714874,3.8319812735487098
VEN-02256,0,0,3.385700376373732,10.786523393750398
VEN-02257,0,0,3.2579684304748078,11.780642972067549
VEN-02258,1,0,4.1570585466947865,15.349739685298902
VEN-02259,0,0,3.8093726372429337,21.00106838689298
VEN-02260,0,0,2.2301428492195527,18.657325119996283
VEN-02261,0,0,3.8597192815502672,3.8210147879678895
VEN-02262,4,2,3.180692043088208,12.879720428789392
VEN-02263,0,0,3.383331070699984,4.129789377014991
VEN-02264,2,2,3.589063658332507,31.5416285430865
VEN-02265,1,0,3.4182199466379117,19.91263417268371
VEN-02266,0,0,2.9772366030190605,18.41952664566323
VEN-02267,4,0,3.3518008692707943,21.43128712751636
VEN-02268,1,0,2.7291527455496327,21.264375274395366
VEN-02269,3,1,2.659637909507773,14.813487251847985
VEN-02270,1,0,3.6186948032468544,8.123458444063564
VEN-02271,1,0,2.921922247604723,7.461108147829628
VEN-02272,2,2,4.675012908182115,10.607579022010793
VEN-02273,0,0,2.0616388110816573,14.389859230123752
VEN-02274,0,0,2.4971059071539328,15.56864941196297
VEN-02275,1,0,2.891467104519964,14.241653164531318
VEN-02276,0,0,4.305292108159303,2.899942824255121
VEN-02277,2,1,2.915855322645554,13.886574245263107
VEN-02278,5,2,3.754083470183616,26.71544065610552
VEN-02279,2,0,4.2290803145042455,7.184596659630024
VEN-02280,0,0,3.385257413121843,7.2935131472088335
VEN-02281,0,0,3.6309339158635296,28.31123506715825
VEN-02282,0,0,4.806527992420407,10.338510813744124
VEN-02283,0,0,3.946480389509386,9.987701813998212
VEN-02284,2,0,3.363823188481518,11.303220721089437
VEN-02285,1,0,4.6879410405159,9.15319436004758
VEN-02286,1,0,4.117143970940597,10.25022374997898
VEN-02287,2,1,3.515842677945624,11.45105201680098
VEN-02288,2,1,1.963133308037344,20.19357058529908
VEN-02289,3,0,3.6668832468861954,11.975417151766674
VEN-02290,1,1,2.8466106510560145,15.26955532640937
VEN-02291,1,0,3.543338217993068,16.82244609861236
VEN-02292,1,0,3.786415618128801,6.421722380314021
VEN-02293,1,0,3.266786125744554,20.328397803571665
VEN-02294,3,0,1.7709541142806646,23.23238311942643
VEN-02295,1,0,2.38160966907474,11.433951354888556
VEN-02296,1,1,4.213320721731352,11.657150526345296
VEN-02297,1,0,1.295399065761663,12.96547811352734
VEN-02298,1,0,3.5737917098009424,15.02594692492102
VEN-02299,2,1,3.0354565039537595,8.258979733130758
VEN-02300,0,0,3.3664271004096986,11.32642509463557
VEN-02301,3,1,3.731306931907184,15.055606854589971
VEN-02302,3,0,3.5934461619219573,24.02933247351705
VEN-02303,3,0,3.9293373624625128,35.22245932949671
VEN-02304,1,1,4.379897019916369,23.79422065846016
VEN-02305,0,0,3.780594492731317,9.414149585044536
VEN-02306,1,0,1.9888937401770568,5.970348541535769
VEN-02307,3,0,2.9939165543449224,8.201015198282645
VEN-02308,1,0,4.861465779231736,19.20028110022639
VEN-02309,2,0,2.9482963249574645,14.488028814129702
VEN-02310,3,0,4.544741747384276,19.86698810989536
VEN-02311,0,0,3.293732975510798,25.829596820595867
VEN-02312,2,0,2.7543479414779783,6.1682019862385085
VEN-02313,1,0,3.870202463578202,21.88207381072871
VEN-02314,1,1,4.686024868958613,12.01053758072031
VEN-02315,2,1,4.1947666969215405,11.61087871266322
VEN-02316,2,0,3.3599969402148444,25.43331253874068
VEN-02317,4,1,2.860089147307298,9.378116082455122
VEN-02318,3,1,3.786532090317908,25.498712559949027
VEN-02319,0,0,3.1569062198623747,6.661414223943696
VEN-02320,0,0,2.865792791326277,20.9330233828728
VEN-02321,1,0,3.781363854498486,28.52423796609404
VEN-02322,0,0,3.7129228554757407,9.607397658954952
VEN-02323,2,1,3.5919936768939777,10.76187642806224
VEN-02324,1,0,2.1821136815987288,10.963069331652417
VEN-02325,0,0,3.8445497310014103,9.426773649311452
VEN-02326,3,0,3.5936434637226613,4.33959359675703
VEN-02327,0,0,3.3772706549648284,19.1213244926508
VEN-02328,1,0,2.47935181179158,32.6601373827696
VEN-02329,1,1,2.84556294907201,16.925548940932668
VEN-02330,1,0,3.6599178760559887,9.46946189954692
VEN-02331,3,1,2.799525774759527,3.0593533149778507
VEN-02332,2,0,2.992584060120581,6.555641970366544
VEN-02333,2,0,3.512632728484383,16.71457370585206
VEN-02334,1,0,3.2849852507994397,21.975202834744557
VEN-02335,0,0,4.160802470311961,12.364461813576462
VEN-02336,0,0,4.073552522395277,24.80956982999629
VEN-02337,1,1,3.746795302249552,35.07513001823597
VEN-02338,0,0,3.0492236442061444,6.640005855088481
VEN-02339,1,1,2.5260348030416866,25.050371897907105
VEN-02340,1,0,3.5871394946716304,15.97144328536331
VEN-02341,2,1,4.077074156427424,14.330888893258804
VEN-02342,1,0,3.932869138355419,10.635571380071358
VEN-02343,1,0,3.295455597045224,11.422069037735865
VEN-02344,1,0,4.30990892261732,19.01827607992915
VEN-02345,0,0,3.5249328419434653,27.6548025139305
VEN-02346,3,0,3.4811960239520703,6.157066435048026
VEN-02347,3,1,2.249242233623528,5.052370402529766
VEN-02348,1,0,4.193903481910748,5.101282924320682
VEN-02349,1,0,3.651248838798941,15.609868396325089
VEN-02350,3,0,3.86569074166348,1.9698639194290024
VEN-02351,1,0,4.624785249509815,23.555436948034977
VEN-02352,1,0,2.8233255542558098,4.950879441515383
VEN-02353,0,0,3.614760787023416,13.19031571925366
VEN-02354,0,0,3.099324190414395,8.978518567567148
VEN-02355,1,0,3.517771152936197,3.697656840435616
VEN-02356,1,0,3.9400065188091866,5.455476810071682
VEN-02357,1,0,4.9995089788790095,14.595676310594609
VEN-02358,2,0,2.69896392407749,8.682477592349837
VEN-02359,0,0,3.616472540543773,17.77075284738553
VEN-02360,0,0,3.152128766373018,22.67774837391368
VEN-02361,1,1,3.751195887426855,14.342490721671732
VEN-02362,0,0,3.607557389582469,20.719832435794977
VEN-02363,4,0,3.2054805608292654,8.198734132383711
VEN-02364,1,0,3.775994793883224,7.599307046384192
VEN-02365,1,0,2.983032698677609,6.523094199449853
VEN-02366,1,0,3.953609710498233,11.749266573284334
VEN-02367,1,0,4.101756611869862,8.104658503524508
VEN-02368,1,0,3.6866147571133614,7.790004439096672
VEN-02369,0,0,4.463323696274582,8.355809055048928
VEN-02370,3,0,5.0,19.632798589769248
VEN-02371,0,0,3.922050519919869,25.37227745878959
VEN-02372,0,0,3.408536020052076,13.333164860504557
VEN-02373,0,0,2.8425515033522,10.686053390987336
VEN-02374,0,0,3.8862879600643807,17.407107840169505
VEN-02375,1,0,3.930273341652104,17.014164206354888
VEN-02376,0,0,3.1693308225986194,12.471353879695656
VEN-02377,2,1,3.9575420379345423,13.040909898730728
VEN-02378,2,0,3.9450355818918728,8.708436869191905
VEN-02379,1,0,3.8397240210942583,7.683543511273842
VEN-02380,1,0,3.5018951581807487,11.650003072966836
VEN-02381,1,0,3.6153782769298672,6.609961812621311
VEN-02382,0,0,4.012853884389915,40.69088756117825
VEN-02383,0,0,3.0360471868393497,32.115999275278774
VEN-02384,2,2,2.9792339090670192,17.56389139096622
VEN-02385,1,0,3.5302271367737235,6.167805861848106
VEN-02386,1,0,3.723739893200813,1.0119815793091909
VEN-02387,0,0,3.7259192513512,18.12209700371119
VEN-02388,2,1,2.982870964140651,17.819515224878977
VEN-02389,0,0,3.6645073740693546,26.072559574037147
VEN-02390,0,0,3.3121332848541725,30.3687302716862
VEN-02391,2,1,4.123065714782703,13.82661034190052
VEN-02392,1,0,3.451951296953655,16.85445584621197
VEN-02393,2,1,4.475986283634985,10.490833956147496
VEN-02394,0,0,4.345983467846032,11.16618123310151
VEN-02395,1,0,3.703567628033963,7.472033446297905
VEN-02396,2,0,3.292180294459657,8.438300819890767
VEN-02397,4,1,3.4310714507792044,37.7173009035042
VEN-02398,3,0,3.1870638510129496,19.59719377400768
VEN-02399,1,0,2.7374732114029663,48.0
VEN-02400,2,1,3.5679863672697287,20.10435413304384
VEN-02401,2,1,4.151842012959888,20.2789829070471
VEN-02402,2,0,5.0,14.473165186481143
VEN-02403,1,0,3.822754547488103,8.895110721476556
VEN-02404,2,0,3.203979318110473,3.401683239280595
VEN-02405,2,0,4.895010610167509,15.59324865326197
VEN-02406,1,0,4.722976781147736,19.73580189306248
VEN-02407,0,0,3.218531873582762,11.086408349149222
VEN-02408,3,1,2.8791962717075146,14.919150391971565
VEN-02409,1,0,3.6323294859967055,13.71220721401676
VEN-02410,2,1,2.743452283500906,21.97122853139636
VEN-02411,2,1,3.4772892623337768,10.168620137664137
VEN-02412,1,0,2.6226746972196557,3.170891579684768
VEN-02413,0,0,3.11540869148371,24.965695764162597
VEN-02414,0,0,3.5032332231196697,15.640090939166411
VEN-02415,1,0,3.41882121765629,8.342838824415418
VEN-02416,0,0,3.552656089371054,6.288650898939789
VEN-02417,4,1,3.6626926986953015,7.3034458159268
VEN-02418,1,0,3.108223158061372,12.006325487404272
VEN-02419,0,0,3.7144310959649927,8.693330334404367
VEN-02420,3,0,4.309380433200054,3.927410246733212
VEN-02421,4,1,3.811751549256504,7.519904190305858
VEN-02422,0,0,4.061730050474117,16.49476218245354
VEN-02423,2,1,3.207560986452174,15.649227475081023
VEN-02424,1,0,3.524228131238984,0.949046520259932
VEN-02425,3,2,4.598710225155673,5.148549961282124
VEN-02426,0,0,2.8065258639804247,2.2023649415410924
VEN-02427,1,0,3.968837862407208,5.793929915258249
VEN-02428,1,1,3.480451559150118,14.922565011659108
VEN-02429,2,0,4.528672661942929,13.069247461190717
VEN-02430,2,0,3.995658054019893,2.4581001744510567
VEN-02431,3,1,3.964390942509992,11.98235695403682
VEN-02432,2,0,3.634751332442125,6.491962894363279
VEN-02433,2,0,4.111641972369669,8.558278027595316
VEN-02434,1,0,2.320693096342207,10.364346540102437
VEN-02435,1,0,3.345933766002711,7.255275046700232
VEN-02436,0,0,3.4135178895890284,9.863335018828623
VEN-02437,1,0,3.008647102165831,6.878836428099616
VEN-02438,0,0,3.763738229637952,26.566085070738545
VEN-02439,2,1,2.9026950927148265,7.874404856323711
VEN-02440,1,0,2.4822307295088075,14.132174006291464
VEN-02441,0,0,4.095903991928572,17.227690942102203
VEN-02442,0,0,2.419968583059255,7.466497381868877
VEN-02443,1,1,4.364651733994264,31.232895658289053
VEN-02444,1,0,2.7283724745894675,13.453209098070664
VEN-02445,1,0,3.278124240196986,32.483188662392834
VEN-02446,2,0,2.926162687805042,6.492537871354247
VEN-02447,0,0,3.738955385448528,6.381877403452513
VEN-02448,0,0,4.071513903922223,10.888771764998207
VEN-02449,3,2,3.0601922191916784,9.7027759861113
VEN-02450,1,0,3.2246406379078496,7.803541879449757
VEN-02451,2,1,3.951417986421786,7.404609255411449
VEN-02452,0,0,4.079378247737424,8.329335655725066
VEN-02453,1,1,3.068596502701432,15.810303959808712
VEN-02454,1,0,2.388896547523648,4.949773864541626
VEN-02455,1,1,4.324730626659372,26.86391882457912
VEN-02456,3,1,3.2071832744050104,4.576574945356309
VEN-02457,2,0,4.687418113094807,4.777274347071262
VEN-02458,0,0,3.723580611163937,11.027753006464692
VEN-02459,0,0,2.4939225320642686,3.302602930658624
VEN-02460,1,0,3.577135683679028,12.823096285832309
VEN-02461,1,1,2.5332603999582,18.98481745848668
VEN-02462,0,0,2.034014185935964,11.660544046101135
VEN-02463,2,0,2.7938623744377047,8.405659721180802
VEN-02464,1,0,4.938526292152458,6.561252648474392
VEN-02465,0,0,1.7191893626354826,11.575870333032643
VEN-02466,0,0,4.0641742393441325,11.547769218113574
VEN-02467,1,0,2.7163334424602805,22.16196798182524
VEN-02468,4,1,4.227049536304459,7.159292576105682
VEN-02469,1,0,4.050143583809643,9.434157442338796
VEN-02470,1,0,5.0,20.121377794812187
VEN-02471,1,0,4.575269683140863,12.074591721586296
VEN-02472,1,0,3.657166296898041,4.211359564084281
VEN-02473,0,0,3.5188994995771856,5.664971791061064
VEN-02474,1,0,3.0141913378377736,15.05799788013132
VEN-02475,0,0,2.51199008112528,11.357242573829996
VEN-02476,2,0,4.760161051110526,6.663156911826519
VEN-02477,2,0,3.626537320519833,13.174473571271369
VEN-02478,1,0,3.006845602650413,7.582628408496674
VEN-02479,1,0,2.0907783060665017,31.90880775145533
VEN-02480,1,0,3.451044939588473,12.63426746098106
VEN-02481,1,0,4.54177538921521,11.921541661824252
VEN-02482,2,0,2.772628943626245,8.808294036553606
VEN-02483,0,0,2.3009240127938986,20.32511524746017
VEN-02484,0,0,3.4996668669072024,22.04824197268416
VEN-02485,2,0,3.3438235593572823,13.457039473226963
VEN-02486,1,0,1.6955372126305766,11.312633853624408
VEN-02487,3,1,3.316249542041237,9.99518008323422
VEN-02488,1,1,3.780177552398592,4.66686725433318
VEN-02489,2,0,3.145754783358613,4.0303822230556365
VEN-02490,5,2,3.711793941191292,2.8642971501740697
VEN-02491,0,0,3.703838437095935,24.501840376344425
VEN-02492,1,0,2.9212684120281827,4.777345466370646
VEN-02493,1,1,2.53800051434864,9.777365191161868
VEN-02494,1,1,3.738756519503505,5.625627576465892
VEN-02495,0,0,2.0821798249628807,9.158808178486042
VEN-02496,1,0,3.000905120098561,9.704634785664725
VEN-02497,3,1,3.325280353702558,24.15260334987838
VEN-02498,1,0,3.3145446286986973,10.171748513439251
VEN-02499,0,0,2.7207640245069697,20.468651232779948
VEN-02500,2,1,3.519857049103357,13.02808189869395
VEN-02501,3,0,2.026907090385322,4.57725574149062
VEN-02502,1,0,1.2916793616528215,8.830409409692546
VEN-02503,2,0,2.888717777179756,12.338689085402835
VEN-02504,0,0,3.090349700042593,26.454688639572552
VEN-02505,0,0,4.692181175358594,6.174742848961196
VEN-02506,1,1,1.7237376443097905,17.465577806151465
VEN-02507,0,0,3.331671944349926,13.344918082692669
VEN-02508,1,0,4.159472816767206,7.8577755302147905
VEN-02509,3,0,3.816439116143021,18.47246558352451
VEN-02510,2,0,3.7118327705020993,5.6077974933520505
VEN-02511,1,0,2.8436557804488136,19.68838492164013
VEN-02512,1,0,3.088700785300626,5.823431087197427
VEN-02513,0,0,3.4864465944027945,5.58553539056272
VEN-02514,1,0,3.808388344607165,2.9896525170191106
VEN-02515,3,1,2.9590757732707527,4.272993371658637
VEN-02516,2,0,3.980857650398611,15.196241790415346
VEN-02517,4,1,3.636537560663277,11.126173900822172
VEN-02518,1,0,3.550068770393907,15.99968844799006
VEN-02519,1,0,4.23589893837427,7.30436519454998
VEN-02520,0,0,2.6382029928497657,11.853708993708857
VEN-02521,3,1,3.703887381396425,12.844858430468848
VEN-02522,3,1,3.643772235028577,9.166914356501344
VEN-02523,1,0,3.3116476256963376,9.80545734218706
VEN-02524,2,0,2.2270004165327606,11.286821093455812
VEN-02525,0,0,5.0,15.074104727468065
VEN-02526,0,0,3.6341106166993424,26.00135165823793
VEN-02527,1,0,4.234145422261543,28.68361685100108
VEN-02528,2,0,4.0312598795235,4.527512791717095
VEN-02529,1,0,3.1270560200865853,3.7913141144264646
VEN-02530,0,0,3.9769480570225166,1.9611950198612065
VEN-02531,1,0,4.43791223959463,8.20034285087128
VEN-02532,1,0,2.630199618942437,27.328793720165425
VEN-02533,0,0,4.171546704774329,10.048011976582536
VEN-02534,0,0,2.8984043227110083,13.097863101628814
VEN-02535,0,0,3.680278551351988,32.560433749259765
VEN-02536,0,0,2.2874735685933523,5.811537620552851
VEN-02537,0,0,3.680483910216693,6.949022450434991
VEN-02538,0,0,3.788915796084024,17.36797826097377
VEN-02539,3,0,2.4473938361953937,4.88923314464802
VEN-02540,0,0,3.5935287727613323,10.207036083534463
VEN-02541,0,0,4.517881926237852,12.73678781988697
VEN-02542,3,1,3.5126743339311908,10.223288024140237
VEN-02543,2,1,3.9979480990697382,14.710865953297535
VEN-02544,2,0,3.3152291249993224,13.338622538985248
VEN-02545,1,0,3.7678295827550414,6.032697492022573
VEN-02546,0,0,3.748801551055029,28.94628442193197
VEN-02547,1,0,3.5015218788692586,5.204240056369756
VEN-02548,1,0,3.0507517165149816,23.80324110826745
VEN-02549,0,0,4.151516024700547,11.576428973393035
VEN-02550,0,0,4.451216542828103,15.278212016713658
VEN-02551,3,1,5.0,3.864316775252281
VEN-02552,1,0,4.099549419374234,2.255414475307816
VEN-02553,0,0,3.012129468108566,26.004743436276645
VEN-02554,2,0,4.868476530572795,31.676284178788407
VEN-02555,2,0,5.0,14.142479764941143
VEN-02556,2,0,2.302141629442386,11.754499813659562
VEN-02557,2,0,3.068166485966789,10.474401877987187
VEN-02558,3,0,2.5492750050311885,16.218991104855608
VEN-02559,0,0,3.734332119364107,11.086735910383789
VEN-02560,0,0,3.613816502287525,10.167795410170733
VEN-02561,1,0,3.3289739485019383,13.61570760505784
VEN-02562,1,0,2.5396975325575597,13.805884508424317
VEN-02563,1,1,2.1796747445130262,10.401108120129969
VEN-02564,1,0,3.1817983951210773,4.35253427749846
VEN-02565,3,2,5.0,11.792871104495635
VEN-02566,1,0,4.677109980689231,26.02694952015422
VEN-02567,0,0,4.727290443998309,4.064974655364256
VEN-02568,1,0,1.4887086613340514,5.230225723839864
VEN-02569,1,0,3.627947749571046,17.706534021257948
VEN-02570,2,0,5.0,10.935118487683692
VEN-02571,2,0,2.965260976991323,15.22523238197346
VEN-02572,2,0,3.530443442449151,43.33709025718346
VEN-02573,1,0,3.477068461218667,1.974512581969644
VEN-02574,2,0,3.656979837472398,11.85550792247115
VEN-02575,1,0,3.611786843753735,13.336624744737213
VEN-02576,1,0,4.487407786534602,7.306619168226447
VEN-02577,1,0,3.1105785761659264,6.825892413447403
VEN-02578,2,0,3.514367416803789,12.964388755718986
VEN-02579,2,0,2.427282468239373,33.241437268527775
VEN-02580,2,1,2.9442348759991117,13.329727746423783
VEN-02581,1,0,3.5682842967599395,13.896046802004587
VEN-02582,0,0,3.843992300455918,5.135625180164791
VEN-02583,1,0,3.702603565477771,19.145816095843827
VEN-02584,1,1,3.558610932700796,18.869980283716234
VEN-02585,1,0,2.7688422854781005,34.31652759696453
VEN-02586,1,0,3.406205912666711,22.17565737162816
VEN-02587,1,0,3.630608211782732,23.231550723527945
VEN-02588,3,1,3.785054004356245,4.576859929865331
VEN-02589,0,0,4.095935138620253,12.294392674438372
VEN-02590,1,0,3.209125315355156,4.913748323414446
VEN-02591,2,2,3.255677857314299,12.383526569244466
VEN-02592,1,0,4.183215949820424,5.699076218283706
VEN-02593,1,0,3.5627912691753365,12.003546014577372
VEN-02594,0,0,3.1477702580110365,20.349523829451428
VEN-02595,1,0,2.927967026263841,20.33998996894425
VEN-02596,2,0,4.30011685266646,29.22976313145943
VEN-02597,2,0,3.9901890664118422,21.49824453506659
VEN-02598,2,0,3.226985953112568,18.31073764060933
VEN-02599,0,0,3.362528668775086,15.217383552169943
VEN-02600,1,1,3.7979787622178502,7.548160731862677
VEN-02601,0,0,2.4655206680765485,5.462827144716266
VEN-02602,2,0,4.9135231536738,22.82341292693775
VEN-02603,1,1,2.5342992500556987,2.311584917559183
VEN-02604,2,0,4.521209782661344,12.766066594065864
VEN-02605,2,1,3.2531710410693684,4.615708916857033
VEN-02606,1,0,4.129098230999816,18.79101088347829
VEN-02607,4,2,3.377456067670946,17.43532531530885
VEN-02608,1,0,2.710495377994575,1.473467034166266
VEN-02609,2,1,3.511870195579462,38.91817865400438
VEN-02610,2,0,4.036821984558629,9.79433599738953
VEN-02611,0,0,4.293954944145257,9.043898312229503
VEN-02612,1,0,3.895555902705335,8.985990812579164
VEN-02613,1,0,3.193441577529581,11.37303600903432
VEN-02614,0,0,2.8658801176400077,11.189361199482263
VEN-02615,1,0,2.6149835900313856,15.448142034548423
VEN-02616,1,1,2.885334424089032,1.8826810760903123
VEN-02617,2,1,4.675737477213703,28.078127735373524
VEN-02618,2,0,4.246290788522943,5.580543393327013
VEN-02619,1,1,2.5622479280929986,13.015191609765704
VEN-02620,2,1,1.863111260554712,11.212837515079036
VEN-02621,2,0,2.22962364391829,15.181711679974647
VEN-02622,1,1,3.4088548787203345,13.464808442862804
VEN-02623,0,0,4.3731224569502265,7.454332055518172
VEN-02624,0,0,4.105322372753037,42.59183619009762
VEN-02625,1,0,3.568591959019966,7.04443401998682
VEN-02626,0,0,2.510881631574544,7.583238975664796
VEN-02627,0,0,3.634588226748821,15.18968705481432
VEN-02628,0,0,3.552668194057155,45.73408581185762
VEN-02629,0,0,4.020874462586256,21.931266527513696
VEN-02630,1,0,3.683228845129661,15.565059770103744
VEN-02631,1,0,1.8887076990626344,8.096460584744063
VEN-02632,3,0,1.7738861416706695,34.86347968403983
VEN-02633,3,0,3.7838269147530097,6.34451255700883
VEN-02634,1,0,2.084972407674804,42.46048054163358
VEN-02635,1,0,3.516456567550978,5.893213902925688
VEN-02636,2,0,1.3851653857243085,29.059122541321383
VEN-02637,3,0,3.9809181115404906,9.225460701205954
VEN-02638,2,2,4.540489457201118,29.098514580146187
VEN-02639,0,0,4.1914870649804765,10.505565768838174
VEN-02640,1,1,3.585669043594564,3.3864984380733585
VEN-02641,0,0,3.865588145714272,31.329588588710376
VEN-02642,0,0,2.8984034310735343,16.470986181127675
VEN-02643,2,0,3.570834293687586,24.22116450620588
VEN-02644,2,1,2.572638754988728,48.0
VEN-02645,1,0,2.783432661870461,2.1259788541195848
VEN-02646,1,0,4.161084036228779,22.672557471987854
VEN-02647,3,0,3.650660931565339,5.1277807501119295
VEN-02648,3,1,1.9663090868488864,7.922142607372337
VEN-02649,0,0,3.6214276750843455,24.38926277691219
VEN-02650,2,0,3.658164111700925,14.010646245221114
VEN-02651,1,0,3.9823810471749344,9.845432571227205
VEN-02652,1,0,2.633411286302877,8.751089615665116
VEN-02653,0,0,3.3827897621521,15.86711088529692
VEN-02654,1,0,4.308277789203173,9.719276815547769
VEN-02655,2,0,4.116875161386561,17.98761660612002
VEN-02656,2,0,2.766430656276764,20.950458924922003
VEN-02657,0,0,2.901362144130725,44.6808857219615
VEN-02658,0,0,3.616433742126276,36.63864943311345
VEN-02659,0,0,3.586627220682054,8.884496443417975
VEN-02660,1,0,3.4463865554613387,14.971665614408192
VEN-02661,1,0,4.793096885630168,7.10771570300816
VEN-02662,2,0,4.4553151351067,12.566269613160031
VEN-02663,1,0,4.392123254763173,9.359878062545292
VEN-02664,1,1,3.4222676815248927,7.400550152472043
VEN-02665,2,0,3.374024080073072,21.83779125134386
VEN-02666,1,0,4.057303841408484,12.241214794087153
VEN-02667,1,0,3.3763051944059064,4.856536992358878
VEN-02668,1,0,3.420363650141373,11.767424206992915
VEN-02669,0,0,2.913690340873276,13.718953723407676
VEN-02670,2,1,2.8249591213891234,13.049637284040765
VEN-02671,4,0,3.349647309709829,13.06731397832103
VEN-02672,0,0,3.768017020108316,12.929310659480182
VEN-02673,0,0,4.525891275067327,12.04286597000752
VEN-02674,3,1,4.370922364745226,22.995441624881817
VEN-02675,0,0,2.7520158248882005,12.41808151731052
VEN-02676,0,0,3.2507831260087423,18.966534070150104
VEN-02677,1,0,4.608634627861437,6.46268301303837
VEN-02678,3,0,4.182336301475073,12.213093930415312
VEN-02679,4,0,4.261591773297608,15.52267981672474
VEN-02680,1,0,2.7227701010721423,13.233626945065806
VEN-02681,0,0,3.6778934134996426,8.734460803683598
VEN-02682,1,0,3.7561683140467146,6.658660220417794
VEN-02683,0,0,3.688629080845538,14.348481360215578
VEN-02684,1,0,4.231457053517296,15.003883089382263
VEN-02685,2,0,2.5340279513484782,11.548338199891088
VEN-02686,1,0,3.2092874386967183,11.29154225602052
VEN-02687,2,0,3.0660974691966283,13.31027518769649
VEN-02688,2,0,4.492123984036358,27.58246041696782
VEN-02689,2,0,3.8036236216254182,31.846584907897924
VEN-02690,5,1,4.24961887456999,11.736499806918316
VEN-02691,1,0,2.956893587385917,5.88980236360827
VEN-02692,0,0,2.417130593015047,13.781450787265111
VEN-02693,2,2,2.6485068341627205,10.470556244437436
VEN-02694,1,1,4.434968490776102,13.10746426472544
VEN-02695,0,0,4.3195409789337,17.789507604491252
VEN-02696,0,0,3.874269015481095,13.12209013903769
VEN-02697,2,1,3.9015446664658553,2.208746562343862
VEN-02698,0,0,3.4493607339699697,2.943329299471882
VEN-02699,2,0,3.0604193756883373,13.123295221125389
VEN-02700,1,0,3.547795760060335,2.0082925244621013
VEN-02701,1,0,2.3015758678335625,6.479107991301773
VEN-02702,0,0,3.1627133723339678,13.828595562147571
VEN-02703,0,0,5.0,20.165987864087032
VEN-02704,1,0,3.44345579738276,11.152877045231024
VEN-02705,1,0,3.403125854575501,11.397000264790314
VEN-02706,3,0,3.8241593572070136,10.142693517672882
VEN-02707,2,0,2.9088879984939515,1.7735874015537465
VEN-02708,0,0,2.688127475566342,22.97814207462125
VEN-02709,0,0,3.785535720491479,10.095487504632674
VEN-02710,0,0,3.669508740426145,9.433346681374848
VEN-02711,1,0,3.195808647844741,16.773416656239043
VEN-02712,2,0,1.3905771452813287,9.20950294395886
VEN-02713,0,0,5.0,15.709703152775427
VEN-02714,2,0,5.0,30.0713293581149
VEN-02715,1,0,4.589070461798645,7.660615949842914
VEN-02716,1,0,2.7892209378112103,23.88072449068251
VEN-02717,5,0,2.776734692184782,4.337669471829575
VEN-02718,3,1,3.197876323237146,4.867858744516364
VEN-02719,1,1,2.9126869036136185,19.51057837803144
VEN-02720,2,1,1.890035967407842,10.92915193117016
VEN-02721,0,0,3.185639572059813,4.668429697375403
VEN-02722,1,1,3.473845314444243,9.49022545126268
VEN-02723,2,0,2.513781833356299,10.738190373858233
VEN-02724,1,0,3.62999611172064,12.515891692675904
VEN-02725,4,2,3.5765518299113928,25.46976259688253
VEN-02726,1,0,4.332685978550838,11.040475382819311
VEN-02727,0,0,3.2748354349445608,10.895927664902292
VEN-02728,2,0,4.972052261213104,19.53506384108065
VEN-02729,1,0,3.7203240012223233,18.714790739098763
VEN-02730,0,0,3.3273678457013967,2.4695004757761807
VEN-02731,2,1,4.644016370531224,19.529659992636677
VEN-02732,1,0,3.830176281453904,7.057205831437901
VEN-02733,2,2,3.102767873866505,7.503376940164796
VEN-02734,0,0,3.5186535025822843,22.791782193209784
VEN-02735,0,0,4.325808694772082,19.30130244148325
VEN-02736,2,0,3.836461418652781,15.191769194189586
VEN-02737,2,0,3.921506907113296,11.167742875853198
VEN-02738,3,0,4.331789581813547,9.90017506381212
VEN-02739,2,0,2.771757853492176,9.912869429620086
VEN-02740,0,0,3.199579275777813,27.16370386493879
VEN-02741,0,0,3.993207947214616,41.083138874993054
VEN-02742,0,0,4.707105349199481,6.267426900400065
VEN-02743,0,0,3.7283655069547934,3.5322375887486346
VEN-02744,0,0,4.448791597219126,5.296835453276553
VEN-02745,2,0,3.564754607852225,25.296248746326462
VEN-02746,4,1,4.230308842644114,12.1320612769739
VEN-02747,2,1,3.202169923083848,13.1753632014851
VEN-02748,0,0,4.290078648377783,12.52838497303256
VEN-02749,1,0,3.1272066250563864,27.19616781628881
VEN-02750,3,0,3.982123613423276,20.65062622421424
VEN-02751,0,0,2.321778743317056,10.977762970730938
VEN-02752,1,0,2.987731061930718,4.75120893371946
VEN-02753,0,0,3.975070661282999,21.0967581595561
VEN-02754,0,0,2.357294707271532,11.331478945101082
VEN-02755,2,0,2.5296644196655698,22.08873307710934
VEN-02756,3,2,2.928680854403426,24.69039787841924
VEN-02757,3,1,3.0977127314152586,12.366260568167704
VEN-02758,4,0,2.989916932587498,16.062061032298132
VEN-02759,2,0,2.9375425575955947,13.371288144310252
VEN-02760,1,0,3.417548906305632,6.40919048853807
VEN-02761,2,0,3.82640285570584,15.711698935594512
VEN-02762,2,0,2.8633160229765986,20.628520619375564
VEN-02763,3,0,4.345909207189561,22.22901132166026
VEN-02764,0,0,3.065050796981796,14.009889846644912
VEN-02765,2,1,3.8282044432565128,14.620812117944345
VEN-02766,2,0,2.725484053388951,1.033960191053665
VEN-02767,0,0,2.679515348925626,18.694018136700645
VEN-02768,2,1,3.4177584339487788,12.481281191746127
VEN-02769,0,0,2.2520947114574703,26.94227544320662
VEN-02770,0,0,3.9625270183605537,9.081256682909167
VEN-02771,2,1,3.0952932785193035,12.477865064681035
VEN-02772,4,1,4.150881072660584,36.7868876894912
VEN-02773,0,0,3.1144966203772357,8.576406863455125
VEN-02774,3,0,4.042499996027788,12.217094344657252
VEN-02775,0,0,3.0570906805448645,12.008300400160245
VEN-02776,0,0,4.290312776504615,13.31851979749283
VEN-02777,1,0,3.8114429012132898,21.63925546868581
VEN-02778,1,0,3.699535680432565,14.377254533354751
VEN-02779,0,0,4.372245381966423,17.536379942313054
VEN-02780,4,2,4.714625218115789,12.482425797099983
VEN-02781,3,0,4.559972935075209,3.5498693270858563
VEN-02782,1,1,4.452082324833994,16.60182579881541
VEN-02783,0,0,3.9851759375866553,12.42544226321532
VEN-02784,1,1,4.009287140905899,22.49156100194551
VEN-02785,0,0,3.8054722156576153,7.498772419911496
VEN-02786,1,0,3.337718171479477,1.6611843206869903
VEN-02787,0,0,3.8498311385246047,6.697471476305231
VEN-02788,4,1,4.505975645021589,3.137442513546593
VEN-02789,0,0,3.692581390706844,38.88573888705185
VEN-02790,2,2,3.380344418397482,10.90344129926269
VEN-02791,2,0,4.550130896686067,15.628521933988695
VEN-02792,2,0,2.406162028813835,13.1315168297199
VEN-02793,2,0,3.287346696389283,10.632731915111457
VEN-02794,2,0,3.6237354369564887,20.384184236620285
VEN-02795,1,0,4.579850105652721,13.275688736373942
VEN-02796,3,1,2.5479690342311843,6.118129299299463
VEN-02797,1,0,3.766823317740288,17.336197049037384
VEN-02798,1,0,3.4598508551090825,6.669072215921887
VEN-02799,0,0,3.0346698800939227,16.946625482445892
VEN-02800,0,0,2.3332548755075284,8.517283123335497
VEN-02801,0,0,4.330133860254343,13.26902583602571
VEN-02802,1,0,2.956459941497157,2.244632077439902
VEN-02803,1,1,4.808796566052651,1.442178663399634
VEN-02804,0,0,3.588235779204644,15.009507517882902
VEN-02805,1,0,3.091892416186012,2.1996771074949635
VEN-02806,0,0,3.316297503740453,9.89059056617811
VEN-02807,2,1,3.101529796075768,14.351953468527366
VEN-02808,0,0,3.8632067868961215,18.62508744231925
VEN-02809,2,0,3.686221220666352,6.210864414427872
VEN-02810,1,0,3.470759118530953,20.010192281988747
VEN-02811,1,0,4.43193224897743,10.76418236286752
VEN-02812,2,1,2.962293851070392,40.05276524182023
VEN-02813,1,0,3.0660093160319284,15.432761029597655
VEN-02814,0,0,3.77796427286926,27.48307599327253
VEN-02815,1,0,3.647471067003595,10.37000970802115
VEN-02816,1,0,4.458117494222429,3.741905113971825
VEN-02817,3,1,2.984596007194054,11.294872872607604
VEN-02818,1,0,3.772422622919645,1.034503689914372
VEN-02819,0,0,4.846892771255321,10.044951441693016
VEN-02820,1,0,3.1005728275697035,19.62327635738807
VEN-02821,3,0,2.1566875010635105,2.570473819436764
VEN-02822,1,1,3.77954117621418,17.292522432338956
VEN-02823,2,0,3.098009445242751,15.489846356965886
VEN-02824,1,1,4.643177039959564,5.4837819608107
VEN-02825,0,0,3.2696237912148645,10.137066104310025
VEN-02826,4,0,3.274652509330474,5.261329184607135
VEN-02827,1,0,4.410683433189544,42.11754135016655
VEN-02828,1,0,3.896062342270164,6.996229130534862
VEN-02829,1,0,2.365599116599109,4.801279668984953
VEN-02830,0,0,4.323249323096293,38.69920449853347
VEN-02831,2,0,4.203234898894863,21.317662956550222
VEN-02832,0,0,3.65359013411002,23.05327476214691
VEN-02833,3,0,3.170600647727375,8.641306834144782
VEN-02834,0,0,2.592018095476176,9.185197946579748
VEN-02835,1,0,4.043249951521278,8.780021792588304
VEN-02836,2,0,2.799290077434954,7.971979308309238
VEN-02837,1,0,3.423389280992929,15.582029269079015
VEN-02838,1,0,2.1179362238518635,13.404465964868589
VEN-02839,2,0,3.0371111313401458,20.380908335992626
VEN-02840,3,0,4.501349733545489,6.4584647968904205
VEN-02841,2,0,3.922791399175036,7.80377177431706
VEN-02842,0,0,4.336776842259766,5.93988551119226
VEN-02843,2,0,3.2057267678049506,8.239504739671375
VEN-02844,1,0,3.980701105917856,10.186136600787425
VEN-02845,3,0,3.784197839738911,11.1505837951099
VEN-02846,2,0,1.759818350872731,10.019518956222658
VEN-02847,0,0,2.590571995250995,5.90157068549119
VEN-02848,2,1,2.869837279381301,16.516123999238342
VEN-02849,0,0,3.1414194033395493,17.850261974320862
VEN-02850,0,0,3.697861862343192,8.458757423158323
VEN-02851,0,0,3.2654556446566434,6.50588891790875
VEN-02852,2,0,3.311130278224114,9.66792443435454
VEN-02853,1,0,3.171425276447475,5.492126439418415
VEN-02854,1,0,1.7868058404044602,7.263751902049714
VEN-02855,1,0,4.003997942570599,43.66610878001172
VEN-02856,3,0,2.8076326344461795,1.2954135529011117
VEN-02857,1,0,3.069930468053464,9.478567277247564
VEN-02858,0,0,4.813488550642993,6.629629336458499
VEN-02859,0,0,3.5515974801623327,6.010576184172312
VEN-02860,1,0,3.726399061266764,20.220294956398916
VEN-02861,3,1,2.367481828487211,12.388059796444193
VEN-02862,3,2,3.046307978431443,17.81307052455645
VEN-02863,2,1,2.2594642873292248,5.494795719635437
VEN-02864,2,0,3.833257842196725,24.482284543201438
VEN-02865,1,0,4.160211709927459,8.377321455300818
VEN-02866,0,0,3.681199633560991,19.777538072390367
VEN-02867,1,0,3.6509710106217543,29.09026203042805
VEN-02868,3,0,4.628741715395687,19.913604692673747
VEN-02869,3,0,2.869761825015969,29.3017621336284
VEN-02870,3,0,3.91100157545774,11.855743945998883
VEN-02871,3,1,3.0356391307029726,18.194966307171786
VEN-02872,1,1,4.890449345743929,7.557457967855181
VEN-02873,1,0,3.4663430450305306,12.628010403692771
VEN-02874,2,1,2.6654490476807844,3.96177989580252
VEN-02875,2,1,4.076631779584615,4.028280720620343
VEN-02876,0,0,4.594188397567232,9.616106935513324
VEN-02877,5,1,3.829589274243935,12.345743652972835
VEN-02878,3,1,3.3654875503203736,15.23593316449056
VEN-02879,2,1,4.051961709348701,23.064439030427643
VEN-02880,0,0,4.52524397194259,25.062846603003152
VEN-02881,2,1,2.6580368719094025,12.78688283408669
VEN-02882,0,0,3.408545422509784,15.916040302152089
VEN-02883,2,1,1.988190114232066,4.566614061688212
VEN-02884,2,0,4.282295118439722,11.64753052590438
VEN-02885,1,0,2.119618802464432,11.686896856633064
VEN-02886,2,0,3.2694202023232446,13.849707606853167
VEN-02887,1,0,3.3079946892229724,8.280023648721297
VEN-02888,2,1,4.509187664749653,8.675878177299087
VEN-02889,1,0,4.418593065810859,10.618400142154682
VEN-02890,2,1,2.985975096875376,3.7321435043886
VEN-02891,2,0,3.796464549350212,7.28190025801176
VEN-02892,1,0,3.7029215403021767,1.0297124859302966
VEN-02893,0,0,3.157681850905583,5.05971515629845
VEN-02894,1,0,3.0647635502568327,16.638021484152265
VEN-02895,0,0,3.5701221944729404,4.460027321474961
VEN-02896,1,0,3.073008226295282,5.678387888978853
VEN-02897,0,0,2.892440469793756,7.784901356082299
VEN-02898,0,0,3.3081931888325693,11.97265091366796
VEN-02899,1,0,3.435687497216839,0.9949315001828004
VEN-02900,2,0,4.450754802598372,8.174264475208721
VEN-02901,0,0,4.7287305217561135,1.294933746821494
VEN-02902,3,0,2.766691022205969,6.020173921142743
VEN-02903,1,0,3.408248452383776,6.6229995155679
VEN-02904,1,1,2.898052583041413,3.873978670206889
VEN-02905,2,1,1.1781589817984317,8.977226049073371
VEN-02906,2,1,2.730177040517442,7.502838832452214
VEN-02907,1,0,2.508260106464969,13.263667407377564
VEN-02908,2,1,2.414367311884116,13.348729245317086
VEN-02909,0,0,2.960149246442877,5.820575174838484
VEN-02910,0,0,2.437602946838472,11.481855415419911
VEN-02911,1,0,3.2669711430274506,4.473682226954458
VEN-02912,0,0,3.62564591909053,3.767010442916744
VEN-02913,3,1,3.0118219586218427,12.560172442235492
VEN-02914,2,1,2.491359875945528,4.590946316541077
VEN-02915,4,2,3.681272567050664,14.047123908299824
VEN-02916,0,0,4.434389335288906,7.0651665121485925
VEN-02917,0,0,3.219789543790893,20.91026326175969
VEN-02918,2,0,2.9179699604697027,34.69486447853636
VEN-02919,2,0,4.130757195053713,2.5150058107434345
VEN-02920,1,0,3.469755890302459,8.530284494236552
VEN-02921,3,1,4.215451219513552,9.149262001871389
VEN-02922,1,0,3.3943686570649816,14.624507107303057
VEN-02923,2,1,2.408181090871001,17.862324866236257
VEN-02924,0,0,4.351163108412836,24.79269032997444
VEN-02925,2,1,2.522425454025624,7.974710668821229
VEN-02926,1,1,4.096540867217834,18.64785514903113
VEN-02927,1,0,3.4098803163918365,2.5116444502222284
VEN-02928,0,0,5.0,6.798549830896175
VEN-02929,0,0,3.112744960834416,15.388784513582111
VEN-02930,4,1,2.8650257888214794,26.64706014818678
VEN-02931,0,0,3.3614347110611584,10.047338000450804
VEN-02932,0,0,3.7525762165734458,3.855476741624861
VEN-02933,1,1,3.5143090841665066,9.1656558504145
VEN-02934,0,0,2.201154479873151,20.282021497826136
VEN-02935,1,0,4.721067939682464,27.060004476615564
VEN-02936,0,0,4.086001836574866,8.252812030115754
VEN-02937,1,0,3.662189665325857,9.651650159613524
VEN-02938,0,0,3.3549434156789912,3.909108021258487
VEN-02939,1,0,3.899449035235799,19.928330071114928
VEN-02940,0,0,2.825747408504232,18.375172195616944
VEN-02941,1,1,3.3504127146644387,12.726164488846964
VEN-02942,2,1,4.347385775010514,6.501250288643456
VEN-02943,0,0,3.7895704705405695,15.108143815969
VEN-02944,0,0,2.753654128001929,6.752015637924566
VEN-02945,3,0,4.225214691522822,26.09025266769319
VEN-02946,1,0,2.9307757730546053,16.67873124029322
VEN-02947,0,0,3.641718699424257,12.138399552963726
VEN-02948,1,1,3.6108321833917945,10.749505881959484
VEN-02949,0,0,3.734576632493518,8.515223076801337
VEN-02950,2,2,4.226774601964793,7.442248013483808
VEN-02951,2,0,2.311760758256688,19.35820660220225
VEN-02952,1,0,2.8916837484376265,8.152573327450467
VEN-02953,0,0,2.7161729167155424,7.86868321497904
VEN-02954,0,0,2.6832422507687914,7.964323799866321
VEN-02955,1,1,2.052255801614372,7.355549895879345
VEN-02956,2,1,3.7382990516371017,28.432748236555387
VEN-02957,2,0,1.5867836620463216,14.389817882596663
VEN-02958,1,0,2.864492774355334,12.004629928314648
VEN-02959,5,2,4.109537057125575,5.516145693867907
VEN-02960,1,0,4.856387314101436,9.654761827829862
VEN-02961,1,0,4.927232860202436,9.96795323116412
VEN-02962,1,0,4.2225117475154965,6.525514251424245
VEN-02963,1,0,2.429878245694879,16.468498077396212
VEN-02964,2,0,3.643953369846997,4.018853137133893
VEN-02965,0,0,3.65949341597212,1.9013175695399895
VEN-02966,1,0,1.8534234469962296,19.79135255936604
VEN-02967,2,2,2.313612150161784,20.45387282617619
VEN-02968,0,0,5.0,6.585983134444379
VEN-02969,2,0,2.1134637957088813,11.390347367023647
VEN-02970,0,0,3.536955677793836,7.676209061573317
VEN-02971,0,0,5.0,14.850359923798637
VEN-02972,2,0,3.1250849789101824,5.0776966385664295
VEN-02973,2,2,4.764368151476088,16.898288679917933
VEN-02974,2,1,3.3544305701616794,15.31000478577346
VEN-02975,1,0,2.594850604753789,4.271516121039425
VEN-02976,1,0,3.6284057492358937,10.099602443240526
VEN-02977,0,0,2.664915713665289,14.774734562848826
VEN-02978,1,1,3.380269923232033,2.3706386037492257
VEN-02979,2,0,3.2499236082325487,6.062993266568792
VEN-02980,1,1,4.315334228607514,10.412693518579417
VEN-02981,1,0,3.551198695134035,22.619234778954585
VEN-02982,2,0,4.141817479704468,12.78915820868014
VEN-02983,0,0,3.5730435945313666,12.190401520385455
VEN-02984,4,1,3.888137946367659,9.817260903011212
VEN-02985,0,0,3.398760510173485,12.025996603820518
VEN-02986,0,0,2.9861220186626336,25.962656857984783
VEN-02987,1,0,3.7990077626009375,47.14704169554364
VEN-02988,2,0,3.478646740381802,19.151461768065943
VEN-02989,2,1,3.4866592849408256,7.522942297156397
VEN-02990,0,0,3.9939696082556857,7.648248668695434
VEN-02991,0,0,2.871235523265065,9.95620137045993
VEN-02992,3,1,2.6123614102117783,10.82611982546026
VEN-02993,0,0,2.3285986652078496,18.370458556894636
VEN-02994,1,1,3.040469532829154,10.7733065614383
VEN-02995,0,0,2.8220909582186096,15.052926714734904
VEN-02996,0,0,3.2182969036764204,42.81481953242513
VEN-02997,2,0,2.342879947907172,7.227248667978922
VEN-02998,1,0,3.554482064700963,9.477093467711526
VEN-02999,0,0,3.3349699621995,11.016688466903236
VEN-03000,0,0,4.121185952320473,19.908165547534367
VEN-03001,1,0,4.903323279645958,7.132157574657218
VEN-03002,1,0,4.513888664426423,1.9049042247819223
VEN-03003,1,0,2.4306507507112247,23.083223678255305
VEN-03004,2,0,2.142314403141855,25.10410526306365
VEN-03005,3,0,2.992382806248189,19.41088365175399
VEN-03006,4,2,3.398813098798433,10.263337501722326
VEN-03007,0,0,3.7374878040827633,1.3153477238631155
VEN-03008,0,0,3.447191284052038,7.726531405842302
VEN-03009,0,0,3.2306064617379704,24.471067928631157
VEN-03010,2,1,3.1632983254735647,11.12587602476319
VEN-03011,0,0,3.8097834235874513,8.07890535673086
VEN-03012,1,0,3.067440545375757,12.724478469498065
VEN-03013,4,0,2.7572947373074106,9.872834242282408
VEN-03014,1,0,3.4045271756498483,3.319512900925927
VEN-03015,2,2,4.294455485079214,21.637867600032376
VEN-03016,0,0,3.6344644193142575,8.023083052357283
VEN-03017,3,0,3.896693594665295,16.459029253184823
VEN-03018,0,0,3.351297446207988,8.512048453689655
VEN-03019,1,0,3.220388656084017,6.3913007046552135
VEN-03020,1,0,3.3219450023347243,3.343545415780888
VEN-03021,0,0,5.0,22.619629224020503
VEN-03022,1,0,4.0311980095577225,19.871137508012414
VEN-03023,1,0,5.0,11.33556704728719
VEN-03024,0,0,4.561406978864817,20.27653629539985
VEN-03025,0,0,4.672012074065595,3.842113527836224
VEN-03026,1,0,4.195450345160973,38.75504874915808
VEN-03027,3,0,3.580878844722101,21.74116262618816
VEN-03028,1,0,3.741724128111412,10.754819246609207
VEN-03029,0,0,4.065725429325564,21.869868778059384
VEN-03030,1,1,2.550124508510681,12.745421059692934
VEN-03031,2,1,3.160104486693413,24.241592120025462
VEN-03032,0,0,2.085021448794935,7.899961244305608
VEN-03033,1,0,3.1819826276815477,35.645025530635564
VEN-03034,1,1,4.028107289255549,13.047026982606006
VEN-03035,1,1,4.0239342017492845,12.907248776823153
VEN-03036,2,0,2.9332803697126346,17.995909678194693
VEN-03037,1,1,2.724863209994899,22.561871172262126
VEN-03038,0,0,3.376607144535795,12.714680104557004
VEN-03039,0,0,3.7689214920087286,12.346253264783096
VEN-03040,1,0,4.5580073611158864,13.734719827210895
VEN-03041,1,0,3.954860102226082,18.884202257530912
VEN-03042,0,0,2.7857901955854065,3.647637440545647
VEN-03043,2,1,2.3335045540787207,4.52691769315152
VEN-03044,1,0,3.831008384919127,5.172026324909941
VEN-03045,1,0,3.865729679843384,5.962323197251035
VEN-03046,0,0,3.913963305941349,29.38759440004358
VEN-03047,0,0,3.295216574269033,20.816992880133785
VEN-03048,1,0,3.997786125493749,15.15080204316735
VEN-03049,2,0,3.1547472950574647,5.522438163873488
VEN-03050,2,1,3.042648598741073,8.550433034951942
VEN-03051,1,1,4.084206868249551,5.215876894858701
VEN-03052,1,0,3.957925734973414,9.477988669452222
VEN-03053,1,0,2.8559756750781027,8.206112609784963
VEN-03054,2,1,4.012322351171719,6.1254357160715225
VEN-03055,1,0,2.3643983029975977,10.649405845280546
VEN-03056,1,1,3.4185408293704067,22.9118617383537
VEN-03057,1,0,5.0,11.137917318092788
VEN-03058,2,1,2.343672401573234,14.379078396745324
VEN-03059,0,0,2.413134343147241,6.850651113364787
VEN-03060,4,1,2.3420922569951754,5.181685235181141
VEN-03061,2,0,4.385575236798172,6.318390596251214
VEN-03062,0,0,4.174945809117641,5.414667243318301
VEN-03063,0,0,2.615086812000219,7.283620466649101
VEN-03064,3,1,3.0044429259037875,19.43115591853869
VEN-03065,0,0,3.054396066312276,4.065465338453285
VEN-03066,2,0,5.0,11.768775650065336
VEN-03067,2,0,4.050236627221245,10.516967770607357
VEN-03068,1,0,2.536744498662808,11.163610485650672
VEN-03069,0,0,3.2950717303113466,15.607650663797829
VEN-03070,3,1,4.372577095657933,7.81920415512803
VEN-03071,1,0,4.004902165785182,6.980565626078533
VEN-03072,0,0,3.064870650979371,6.299990135126511
VEN-03073,1,0,3.534078379656437,15.007033306719496
VEN-03074,3,1,3.5427783151107963,7.3669174833898685
VEN-03075,2,0,3.785392033176765,3.8593417880878182
VEN-03076,2,2,4.714481281122141,20.61536391717496
VEN-03077,2,0,3.679469546360444,8.056787891305015
VEN-03078,2,0,2.835499086060268,21.84694310976259
VEN-03079,2,0,3.547442788751576,17.425159848149544
VEN-03080,3,2,3.5313259112926074,18.15993425664784
VEN-03081,0,0,3.288923746122477,17.636521041514307
VEN-03082,0,0,3.2675910706144853,19.837624331551623
VEN-03083,3,1,4.084710816320455,46.46241778011578
VEN-03084,2,0,3.847639361714412,18.600688241509555
VEN-03085,0,0,2.642694064051576,1.2412247632501807
VEN-03086,2,0,3.480348020776661,10.260514237659237
VEN-03087,0,0,4.297448701644372,40.69441262529766
VEN-03088,2,0,4.411771057060402,23.750197387015906
VEN-03089,2,1,3.517443902456595,15.734017805831604
VEN-03090,1,0,2.3050099716714567,40.34421584170928
VEN-03091,2,1,3.5626597374935707,8.69423267952535
VEN-03092,0,0,4.064038344765577,14.809413183549548
VEN-03093,3,0,3.390911419312216,27.31834545157717
VEN-03094,0,0,4.201625602642713,16.332260777450706
VEN-03095,1,0,3.072321203959957,17.605892654379375
VEN-03096,3,0,3.615337174987687,14.619758170795697
VEN-03097,0,0,4.13829031890491,5.401406595404209
VEN-03098,0,0,3.729311015447151,11.835611417759836
VEN-03099,1,0,4.077308503246958,28.7845951802887
VEN-03100,0,0,1.971312254370471,21.90849642759561
VEN-03101,0,0,2.43272320655665,22.72898705957321
VEN-03102,2,1,4.01798362521201,2.9709536804856342
VEN-03103,1,0,3.666660431438797,12.886402684065173
VEN-03104,1,0,2.1855388887033462,10.74746599516864
VEN-03105,0,0,3.875778241598465,12.85606260396674
VEN-03106,0,0,3.3689785822128058,4.147765734410623
VEN-03107,3,0,2.9343683362648214,8.535219489916514
VEN-03108,1,0,3.5375825948365125,19.70921049835219
VEN-03109,2,0,3.499061107536773,12.758447063013104
VEN-03110,1,1,2.696250325083396,19.44040027798352
VEN-03111,1,0,2.726346977615337,16.633377424946357
VEN-03112,0,0,3.688758359621222,3.61842618405885
VEN-03113,2,0,2.143679491325066,9.389940752984035
VEN-03114,2,0,3.9255489712167546,9.355313313602142
VEN-03115,0,0,1.7926176132447995,20.87683175168653
VEN-03116,0,0,3.279872396932773,17.090923398800097
VEN-03117,0,0,3.35330120562372,19.261936305174277
VEN-03118,2,0,2.855434828271584,12.398876170157044
VEN-03119,0,0,3.523765583487437,16.55403318594688
VEN-03120,2,0,3.045298804304993,5.119232822829375
VEN-03121,1,0,2.803264703665472,16.269016142332287
VEN-03122,5,1,3.2868113032412123,11.07329561277725
VEN-03123,4,2,4.469752703556408,2.570788232772684
VEN-03124,2,0,3.383032407127118,9.220373645718382
VEN-03125,1,0,3.059990999682872,2.5098256343280423
VEN-03126,2,1,3.5706193230117247,8.647304786083685
VEN-03127,2,1,3.4262109018965194,48.0
VEN-03128,1,0,3.244440726586436,2.3180464006374826
VEN-03129,2,0,4.3758127492367045,34.816743204016454
VEN-03130,2,0,5.0,12.275097659838815
VEN-03131,0,0,4.548862324621319,11.570777997962644
VEN-03132,1,0,4.906294844241744,7.691844477511363
VEN-03133,2,0,2.660776190383219,7.937529915718123
VEN-03134,2,0,2.8846655564796904,3.320028433707692
VEN-03135,4,1,4.632044221597662,20.646286347240945
VEN-03136,0,0,3.1867535825031297,8.513415247051682
VEN-03137,0,0,3.969331417651664,21.00386597820412
VEN-03138,3,1,3.243110187581901,11.286372736467037
VEN-03139,1,0,3.948213627956068,9.116584737187072
VEN-03140,3,0,3.5638182853646363,15.438605674923526
VEN-03141,3,0,2.591825351051669,4.742904544396649
VEN-03142,2,0,3.474116928502592,16.750795499831685
VEN-03143,0,0,2.456291070900336,20.71102676486229
VEN-03144,2,0,4.222058832478988,25.48135411359669
VEN-03145,0,0,3.814137805987381,29.782410766534568
VEN-03146,1,0,3.3977475566406614,29.630392198359655
VEN-03147,1,0,3.5648586083982328,17.681616236175905
VEN-03148,2,0,3.575989122862808,16.538408856948802
VEN-03149,0,0,3.6486773732097353,9.437635284286651
VEN-03150,1,0,2.0776890083573045,4.666942243182352
VEN-03151,0,0,3.2268397646155567,15.056152885759806
VEN-03152,0,0,2.6327111848227465,24.698754164173536
VEN-03153,2,1,3.02786567621934,24.998382615533096
VEN-03154,0,0,4.012517726740235,24.071174695588084
VEN-03155,1,0,5.0,2.547494714042028
VEN-03156,1,1,3.203309102181952,7.848391145649765
VEN-03157,0,0,3.599626941465843,13.190043818429452
VEN-03158,0,0,4.22457581495399,6.097285629238462
VEN-03159,5,0,4.342941142182035,3.4646792801792365
VEN-03160,1,0,3.251969650262182,14.700026722005855
VEN-03161,0,0,4.243884159547855,11.716681043024757
VEN-03162,2,0,4.426960144397343,11.328185839493532
VEN-03163,4,1,4.24415764822522,5.720861249279896
VEN-03164,0,0,2.681959566965468,7.749308501872967
VEN-03165,2,1,3.3735108174542585,20.00189963879669
VEN-03166,0,0,3.579613101730972,13.113145417721324
VEN-03167,1,0,3.9823288414374463,12.012789957809831
VEN-03168,0,0,3.8698217954680585,9.29188733696918
VEN-03169,2,1,3.960931952599105,11.128137707158045
VEN-03170,2,1,3.196909265546505,4.099393227430496
VEN-03171,0,0,1.8910513404391764,16.7423183583373
VEN-03172,1,0,3.2904692300952627,1.482355009235274
VEN-03173,1,0,3.730691330388176,11.439087365522504
VEN-03174,2,0,5.0,14.34596809358143
VEN-03175,2,0,3.640376524299407,12.025835868864595
VEN-03176,1,0,2.9353075283355547,7.770343833186424
VEN-03177,3,1,4.73932129473687,4.858160879865553
VEN-03178,0,0,3.757389246308964,15.17692773502383
VEN-03179,1,1,4.77698235188691,5.977033777185137
VEN-03180,1,0,3.490884355875988,23.962870382152456
VEN-03181,2,0,4.229953370785095,5.915080029332949
VEN-03182,0,0,3.5463084782621115,6.900166828541178
VEN-03183,0,0,4.076449656764831,9.630868853850354
VEN-03184,2,0,3.615463148372077,26.76583200363452
VEN-03185,1,1,2.458341164347096,18.59742133247733
VEN-03186,1,0,4.204945267923998,10.160124442586746
VEN-03187,2,0,3.109344410511202,33.63951165880992
VEN-03188,2,0,3.741973960863935,2.696562509259713
VEN-03189,0,0,4.300794673557904,23.40377071119357
VEN-03190,3,2,2.376884244972431,17.22047112744004
VEN-03191,1,0,4.125380219952933,26.98831569123193
VEN-03192,2,1,4.0859926887823725,6.512144422229373
VEN-03193,0,0,3.7809764495787137,12.174865366895787
VEN-03194,1,0,3.916568027071039,18.15317995440478
VEN-03195,2,0,3.6263885718543167,27.33466064733184
VEN-03196,2,0,3.0630699175393064,6.484153592938199
VEN-03197,0,0,2.6434208606176224,18.74891819538585
VEN-03198,0,0,4.658841432125958,9.370078507556986
VEN-03199,3,0,3.7764491956511,30.562644039055048
VEN-03200,0,0,2.989825185747073,4.725860314604853
VEN-03201,3,1,4.216403677501344,26.007157431354003
VEN-03202,0,0,3.5529064847921377,14.02358721102174
VEN-03203,2,0,4.084963365263516,34.76204183229268
VEN-03204,0,0,3.291183081030068,6.157731353611576
VEN-03205,1,1,3.4705404757827933,15.246241965783884
VEN-03206,2,0,2.0959730217529176,18.78623904126845
VEN-03207,0,0,2.7210492314510395,12.722940067305617
VEN-03208,1,1,3.683548276576423,19.19186019320131
VEN-03209,2,0,2.7685015933250807,4.863449131610682
VEN-03210,0,0,3.065818047845115,22.897928774920658
VEN-03211,1,0,3.439374670890184,4.405067056206386
VEN-03212,2,0,3.241756890475576,20.853378188104838
VEN-03213,1,0,3.673642210997889,6.3298461592884845
VEN-03214,0,0,3.7154400814162334,3.2002864804572417
VEN-03215,2,0,4.0403184840756845,10.426763015791591
VEN-03216,1,0,4.384307685923882,4.205730238437279
VEN-03217,1,1,3.7111792403573096,17.840295523513344
VEN-03218,2,1,3.763184382657387,12.938722882573217
VEN-03219,3,0,4.150513420159019,2.6372853181647926
VEN-03220,2,0,3.156942297771652,7.92023868997578
VEN-03221,3,0,2.336715579421136,5.115698763949539
VEN-03222,4,0,3.401186063227165,7.46580318667596
VEN-03223,0,0,3.850309201740501,16.53347360563824
VEN-03224,2,1,2.9565359186663827,19.5719266552891
VEN-03225,2,1,2.351898661367368,7.015729635175581
VEN-03226,4,1,2.30434426770698,5.260610529674733
VEN-03227,1,0,3.984674853220024,5.071308220922011
VEN-03228,1,0,4.415449991303128,3.678438144501618
VEN-03229,0,0,5.0,4.957183373290152
VEN-03230,0,0,4.163098480499406,2.2860077985210485
VEN-03231,3,0,3.673929471058489,14.404774884995431
VEN-03232,1,0,3.475011884861643,18.321002918986025
VEN-03233,0,0,2.976542554758069,15.311959158070971
VEN-03234,2,0,3.982205937013764,13.236827083972
VEN-03235,1,0,3.67293084741952,2.7682009023403715
VEN-03236,3,0,4.338396594800591,18.582878013152968
VEN-03237,0,0,2.589929591445157,12.872939218958887
VEN-03238,2,0,3.422982413749922,23.161770848413124
VEN-03239,1,0,2.927245592714552,16.21744871649862
VEN-03240,0,0,5.0,10.94352088822378
VEN-03241,1,1,4.172870885173571,23.46440103170618
VEN-03242,0,0,3.287878959212112,12.171008113985824
VEN-03243,1,1,3.253766327624857,6.9785552087981
VEN-03244,0,0,3.323384142501539,20.013148612232744
VEN-03245,0,0,4.422832816798559,16.628047741643325
VEN-03246,2,1,3.615740312313271,9.951796540056003
VEN-03247,2,1,3.1109504628221347,29.3058159599194
VEN-03248,1,0,3.5686930659010607,9.953770465406814
VEN-03249,1,0,2.9155891587080798,7.607070983949459
VEN-03250,2,0,2.76715078899782,6.641598627390961
VEN-03251,1,0,3.175556738370372,8.93412222826219
VEN-03252,1,0,3.4316683521507,20.646958517612163
VEN-03253,2,1,2.4054909522100165,10.482281737562722
VEN-03254,2,0,3.32197967847918,2.424137903066318
VEN-03255,3,1,3.555405891800643,2.025581426782963
VEN-03256,2,0,4.336821910731199,9.245470722807106
VEN-03257,0,0,5.0,13.955490080922704
VEN-03258,0,0,3.078196841796261,15.4334409301622
VEN-03259,2,2,4.456153417673146,16.542331643485504
VEN-03260,2,0,3.103221628256131,2.3046459306995013
VEN-03261,2,0,4.457156171206597,14.835812880873544
VEN-03262,2,1,3.3864043564204103,12.206184496761791
VEN-03263,3,1,3.9456562704846494,15.07288238884044
VEN-03264,2,1,4.2248959610953465,36.0106960383873
VEN-03265,0,0,2.9309240935460066,7.360882553178287
VEN-03266,3,0,2.792037776545897,13.357772881364795
VEN-03267,2,1,2.747671359589913,8.980980218863543
VEN-03268,1,0,2.433196685801461,36.97205684393726
VEN-03269,1,0,5.0,4.182007114397801
VEN-03270,3,2,3.510325089228206,5.567111420463474
VEN-03271,0,0,3.0333282428667,5.757908682331954
VEN-03272,2,0,3.8573798353844406,7.693546506672893
VEN-03273,0,0,3.124403183166251,9.806659706563057
VEN-03274,0,0,1.8287057266587887,20.913060271900683
VEN-03275,1,0,3.092016360232544,12.45396538025768
VEN-03276,1,0,4.003164177935804,5.835292358059037
VEN-03277,3,0,3.053868926506654,9.616178806601454
VEN-03278,1,0,2.7865053953305794,13.967148913280012
VEN-03279,1,0,3.1653120016590197,16.607303773073586
VEN-03280,4,2,3.643534770699636,4.770586408818138
VEN-03281,2,0,4.962917891758155,18.287414179475107
VEN-03282,0,0,3.880063465962467,24.152350997672784
VEN-03283,0,0,3.166637363382439,28.94067918975249
VEN-03284,0,0,3.520377598032263,10.715221397018832
VEN-03285,1,0,2.946050743914002,3.763952631497682
VEN-03286,0,0,4.291432536278635,15.69478608672235
VEN-03287,3,0,3.623980302481584,22.92199974482794
VEN-03288,2,0,3.2853718964011924,7.22292373706109
VEN-03289,3,1,3.670955169813056,23.38778633994543
VEN-03290,3,1,3.901655541870692,24.32978217103761
VEN-03291,1,0,2.530420081041396,9.041141456450951
VEN-03292,1,0,2.8783630862524565,12.762407337545868
VEN-03293,2,1,2.934210085390556,14.30341196070222
VEN-03294,2,1,4.115764917579821,22.82724237145919
VEN-03295,2,1,4.0743228663772255,24.820098903183865
VEN-03296,1,0,3.858478258259396,3.1517737280070977
VEN-03297,0,0,2.5286555002829103,3.4063969004441423
VEN-03298,0,0,4.597809221859553,11.472263804946255
VEN-03299,1,0,3.783121011651575,14.888442786934664
VEN-03300,3,0,2.857767014866404,14.60470807575006
VEN-03301,2,2,3.057188910500838,7.611305513291947
VEN-03302,0,0,2.7760352822862973,4.109163819212115
VEN-03303,0,0,4.0828029933250365,47.87784066553549
VEN-03304,0,0,2.3945591704159543,6.290880064699429
VEN-03305,0,0,3.7897151371908495,6.323995490612791
VEN-03306,6,2,3.9222680670882495,30.105938794009877
VEN-03307,1,0,3.269866161759233,3.0667143545494806
VEN-03308,0,0,3.933046022781843,8.053617379773943
VEN-03309,0,0,5.0,9.286318358762845
VEN-03310,0,0,2.249189658763223,10.65865467738866
VEN-03311,1,0,3.5846167971381173,17.424397622546717
VEN-03312,1,0,1.9176659601020327,9.90661560351549
VEN-03313,2,0,1.6219258471930311,9.376557831954711
VEN-03314,1,1,2.94409715938525,20.691538996540896
VEN-03315,0,0,3.043152513820305,17.723433567839013
VEN-03316,2,0,4.347407233771046,10.63484135469587
VEN-03317,4,0,4.132975069371401,12.921622574113664
VEN-03318,1,0,2.590436298192889,25.69085592394797
VEN-03319,1,0,3.999597340103688,23.06742861639972
VEN-03320,2,0,3.889153036693709,33.81884043167558
VEN-03321,2,0,4.548237072686116,18.046957140114834
VEN-03322,0,0,4.672673596011523,3.5707034424699398
VEN-03323,0,0,4.063287091971806,5.0364344803148
VEN-03324,0,0,2.9952080832820136,8.870243109813584
VEN-03325,2,1,2.5794876586295907,19.53837673725066
VEN-03326,3,2,2.897664450643295,2.8010688777651183
VEN-03327,1,0,4.017696362916129,5.199822670333341
VEN-03328,4,0,4.142046116043639,5.590689896737401
VEN-03329,1,0,3.228545458290833,23.016652198247947
VEN-03330,1,0,2.673363792636631,3.141940550407447
VEN-03331,0,0,3.675121786897153,22.785570027991994
VEN-03332,1,0,3.864555156129706,19.171872354060916
VEN-03333,2,0,2.940042016939966,2.5563926623227307
VEN-03334,1,0,3.0261579359438517,23.668987749566668
VEN-03335,2,0,3.935789365386593,8.72336886187973
VEN-03336,2,1,3.2284953655708453,3.048059226129494
VEN-03337,1,0,2.398491519243336,19.721852769875092
VEN-03338,0,0,4.2512269559953575,4.610065187239019
VEN-03339,2,0,3.7961541518701103,4.675938109626159
VEN-03340,2,0,2.5574469559192776,10.99557821599906
VEN-03341,1,1,2.75149950204729,7.036174792098638
VEN-03342,2,0,3.756036985756945,14.594223018100672
VEN-03343,4,1,2.1779829382971245,10.355969189198436
VEN-03344,0,0,3.817968698268608,25.176654186169557
VEN-03345,1,0,3.811153059951986,9.225687027450832
VEN-03346,0,0,4.10868723846115,1.974376530345924
VEN-03347,2,0,3.9932825095623024,14.97951390240789
VEN-03348,2,0,2.67480485591915,14.243733580436611
VEN-03349,1,0,4.253528206247726,10.206476047671224
VEN-03350,0,0,2.773371673534042,5.177544400258583
VEN-03351,1,0,1.6803069771925765,32.51955456519652
VEN-03352,0,0,3.241080351714712,17.6004057543704
VEN-03353,1,0,2.8460045829832827,24.788186044014232
VEN-03354,1,0,3.2650738574606115,13.294544651140397
VEN-03355,3,0,3.36562896980117,26.7779421055605
VEN-03356,0,0,2.90587056772456,6.886109743763487
VEN-03357,0,0,2.611561408546282,6.711788060932647
VEN-03358,2,0,3.176355650437324,11.317995621462195
VEN-03359,2,0,3.540432657673837,8.264956843036517
VEN-03360,2,0,2.9125474416299384,17.836724183156505
VEN-03361,2,0,4.31640036501735,28.922197185569505
VEN-03362,2,0,3.7216499912325127,34.26626805821116
VEN-03363,4,2,4.188687696799904,36.686612519887866
VEN-03364,2,1,4.325800148760716,6.579998727940613
VEN-03365,1,1,3.043826570701865,19.771866724285807
VEN-03366,1,1,1.843813500636836,3.528799824312368
VEN-03367,3,1,4.494852112070954,15.131802497360992
VEN-03368,0,0,4.940984805054193,26.795202835896163
VEN-03369,1,0,3.9413776276062142,7.649592863847912
VEN-03370,1,1,3.3213742954335004,11.457028543754202
VEN-03371,3,1,2.678048104441806,1.3995093294953391
VEN-03372,2,0,4.168233764781106,19.48522019844748
VEN-03373,1,0,2.424136999049766,9.93293529029898
VEN-03374,0,0,3.1957296477149257,5.288922962475706
VEN-03375,2,0,2.356939056933088,13.033479559888177
VEN-03376,1,0,3.628123481739826,18.2955392373898
VEN-03377,0,0,5.0,3.2202739726896894
VEN-03378,2,1,2.789229690732774,19.985449913843624
VEN-03379,0,0,4.210219672015837,16.195553725348553
VEN-03380,1,0,3.827511224458272,1.745067986546078
VEN-03381,1,0,2.9154339572430312,11.93012150840305
VEN-03382,2,1,3.8865004412286734,9.192203813339605
VEN-03383,1,0,3.830204312280287,28.93579407892152
VEN-03384,1,0,3.593861050225416,23.75832213809434
VEN-03385,0,0,3.625319787907088,14.795960062357931
VEN-03386,0,0,2.4946150687776423,25.45445780556697
VEN-03387,2,0,3.3709201725965485,9.230918774061188
VEN-03388,1,1,3.187341372437691,17.177300509228044
VEN-03389,3,0,2.9546672497636286,4.598789951462849
VEN-03390,1,0,1.709790006320891,11.049171603305016
VEN-03391,1,0,2.713539218555025,12.03763697958646
VEN-03392,1,1,3.0641354391865527,26.87267564704051
VEN-03393,2,1,3.14000349017324,12.17732147137338
VEN-03394,1,0,2.7327364142197146,20.98480575082296
VEN-03395,2,0,2.9447159870724238,8.830196372855541
VEN-03396,1,0,2.962496878580176,25.788705265610627
VEN-03397,1,0,4.999077204818985,8.605816610269335
VEN-03398,1,0,2.998652392977707,8.923846055196778
VEN-03399,0,0,3.5322426164150142,11.368766108512084
VEN-03400,1,1,3.3793525255161168,19.624319366172813
VEN-03401,3,1,3.2935408864091693,14.510775682229683
VEN-03402,2,0,4.541672035582476,3.181526020996858
VEN-03403,1,0,4.5967780505123645,21.96271314201915
VEN-03404,0,0,3.467848148020892,5.9557318953200005
VEN-03405,2,1,3.561672150958373,8.37542109174057
VEN-03406,2,1,3.3626568101545784,4.1399271642518265
VEN-03407,1,0,3.720071265628982,2.702069349258078
VEN-03408,0,0,3.205726950145365,26.666998198893303
VEN-03409,0,0,3.2754636192255875,3.374350306568545
VEN-03410,0,0,3.429296754459902,8.115998382956391
VEN-03411,0,0,3.7284756498315854,19.93199273549629
VEN-03412,0,0,3.357571119831786,3.0246805418071343
VEN-03413,0,0,4.4604616976786335,9.401758990202053
VEN-03414,1,0,3.835824742524344,23.3535873514285
VEN-03415,1,0,3.3466528167669813,23.31203778533901
VEN-03416,0,0,5.0,22.341113085028542
VEN-03417,0,0,4.394639258279312,10.243197106910351
VEN-03418,1,0,3.752459483467693,23.46306205714471
VEN-03419,2,1,3.8372904281027833,11.471358402586056
VEN-03420,2,1,3.9554743565528905,5.918738353901473
VEN-03421,2,0,4.385758902626438,22.358726778945307
VEN-03422,1,0,4.631565909642388,14.13684614125562
VEN-03423,2,0,3.1431279567654906,8.55913404009253
VEN-03424,2,0,2.0011888766247536,21.853666242321196
VEN-03425,2,0,2.899286466951561,1.2524805428037806
VEN-03426,1,1,3.172127046814372,4.934893775448607
VEN-03427,2,0,3.647357452815189,11.27854741104179
VEN-03428,0,0,3.74531341781982,12.30073970534084
VEN-03429,0,0,3.7593259281102154,14.228732858669268
VEN-03430,1,1,4.592050151303411,25.18362270009631
VEN-03431,1,0,3.0080730184454265,14.870630324646704
VEN-03432,0,0,4.471853486800777,4.261473907605002
VEN-03433,1,0,3.491532810498083,7.921915924990311
VEN-03434,0,0,4.0724463864238665,12.076571734959762
VEN-03435,1,0,4.1985480103687065,25.486176581322557
VEN-03436,1,0,3.3371011534984336,21.409057769340706
VEN-03437,2,1,3.7759520835266858,4.674841871597368
VEN-03438,1,0,2.9530543904897337,12.084061364407482
VEN-03439,2,1,2.669840189718625,36.83132114929947
VEN-03440,2,0,3.207180936653492,16.64124454042993
VEN-03441,2,0,2.54938412572386,11.75491218526752
VEN-03442,1,0,3.2300201536833075,5.585908593932257
VEN-03443,2,0,4.115765411490727,23.860208015544032
VEN-03444,1,0,2.9976213088465964,15.568767935260835
VEN-03445,3,0,3.765990285751655,6.99597520077231
VEN-03446,2,0,3.3234826568727285,9.54837291521462
VEN-03447,2,1,3.611025888687964,6.037687010284638
VEN-03448,1,1,4.673691831435386,16.740044291484047
VEN-03449,2,0,4.969967352406301,18.0649561414406
VEN-03450,2,0,2.5622417531842405,27.10789696208272
VEN-03451,0,0,3.800906797579215,37.33900378179224
VEN-03452,1,0,2.1854398230090384,21.40753119160171
VEN-03453,3,3,4.339724352268218,7.566655501604088
VEN-03454,2,0,3.63719794833507,23.301634858444324
VEN-03455,1,0,3.701390635684886,23.47251940058913
VEN-03456,0,0,1.338588558614323,19.202879561772825
VEN-03457,2,0,3.3588535941910966,9.236186294211178
VEN-03458,2,0,4.842664143590199,4.091933982322716
VEN-03459,2,1,3.878711412271685,24.1567600867378
VEN-03460,2,0,3.5997503347865583,1.8241053103128344
VEN-03461,1,0,4.490417995755685,18.71953348939011
VEN-03462,0,0,3.899362516276781,16.645873504588216
VEN-03463,2,1,2.5139317697982086,9.357085945584885
VEN-03464,4,1,2.8738291192511785,20.0719939222062
VEN-03465,1,0,5.0,10.874348131786151
VEN-03466,3,1,4.062512303643379,4.773572873327795
VEN-03467,0,0,3.369487830539066,15.63540525223891
VEN-03468,2,0,2.9880408006465164,4.458655458722194
VEN-03469,0,0,3.868577048260177,8.99017628646969
VEN-03470,2,0,3.3533925752053846,16.228686981086856
VEN-03471,1,0,5.0,14.744884221595964
VEN-03472,1,0,3.5320640990973216,11.470641840705532
VEN-03473,1,0,4.950078654385948,16.97370480500293
VEN-03474,1,1,3.5810219081870738,23.027201292631386
VEN-03475,0,0,3.236539571674406,6.968610742489346
VEN-03476,1,0,2.4442517938231214,1.7308384295068215
VEN-03477,0,0,4.823241795242652,14.725209088354948
VEN-03478,1,0,3.551057031041244,11.510313052031371
VEN-03479,4,0,4.2435777594515685,11.907888652186708
VEN-03480,0,0,4.110545301611769,35.95915968727694
VEN-03481,0,0,3.479916940828476,12.5330350178749
VEN-03482,0,0,4.98277930020558,18.516401721170126
VEN-03483,0,0,3.4628928948745763,8.503821740276374
VEN-03484,3,0,2.124772924174464,6.196862802073112
VEN-03485,1,0,2.985923812741514,47.418626711478105
VEN-03486,1,0,5.0,13.97443551771947
VEN-03487,0,0,3.3985070661181185,19.80721256863377
VEN-03488,2,0,4.187504210995593,9.765687248291316
VEN-03489,2,0,4.208139347622115,7.549111427092931
VEN-03490,2,0,2.564644258614075,13.27253770883106
VEN-03491,1,1,3.4715412073969723,8.303481002201877
VEN-03492,2,0,4.262659380282141,8.867537392805753
VEN-03493,1,0,4.391939614554392,5.568745665799927
VEN-03494,1,0,2.806597318666017,9.707686822731612
VEN-03495,1,0,3.590046681189848,5.550614465508576
VEN-03496,1,1,2.6910644702647883,4.155341916439457
VEN-03497,1,1,2.6895938634393013,33.05865092725559
VEN-03498,2,2,2.205831784117664,5.51616474565314
VEN-03499,1,0,4.508316767492077,14.846213406191715
VEN-03500,1,0,3.585396422791622,19.35946901920341
VEN-03501,0,0,2.735992035172806,11.98448146016445
VEN-03502,0,0,4.849262718837563,48.0
VEN-03503,0,0,2.797358044363779,11.582786597412635
VEN-03504,1,0,2.7734517738623183,12.02835208389786
VEN-03505,1,1,2.614242993126956,10.39903491764733
VEN-03506,4,0,3.6013129395718426,8.075942632927722
VEN-03507,1,0,4.1113153440868535,9.797822953742113
VEN-03508,1,0,2.724679957427113,16.259078404741413
VEN-03509,1,0,3.35030339264302,12.95100408647525
VEN-03510,3,0,3.4632211123225933,14.94299374525798
VEN-03511,3,0,2.890821888065888,8.756934400907745
VEN-03512,0,0,3.925424708707332,18.99803744911162
VEN-03513,0,0,1.98392059400042,14.16761479940627
VEN-03514,1,0,2.7274049326098724,31.16446905861726
VEN-03515,1,1,2.8589860828862848,11.29532309132786
VEN-03516,1,0,3.1048039002846664,19.67152793215621
VEN-03517,0,0,4.726989977663701,5.006998580327555
VEN-03518,3,0,4.010253105892425,16.074260133168075
VEN-03519,2,0,2.848244578297882,17.057514486168447
VEN-03520,1,0,2.9969313325448903,18.257452000188238
VEN-03521,0,0,3.837434563097224,14.782028168280362
VEN-03522,1,0,3.1822106597334967,13.045620347973246
VEN-03523,0,0,2.5568460839408798,18.237069908861155
VEN-03524,2,1,4.346582299002264,12.552894178345747
VEN-03525,0,0,3.4327605723603734,22.048470066855494
VEN-03526,1,1,3.231866025344633,17.51887024282015
VEN-03527,0,0,2.43513374703652,11.674962981810571
VEN-03528,0,0,3.949424508047656,17.652552058157415
VEN-03529,0,0,3.640991527028949,1.029030439814699
VEN-03530,0,0,4.528583298919911,4.196856640467683
VEN-03531,0,0,3.712079230716373,9.513345915974275
VEN-03532,1,0,4.566781957359581,20.469904052264223
VEN-03533,2,1,2.6916848234394197,21.325246667511013
VEN-03534,1,0,3.1045902895659303,12.736084274385126
VEN-03535,1,0,3.9359260013673336,4.786053902396682
VEN-03536,1,0,3.638076641836506,2.6834031689337694
VEN-03537,1,0,2.708922424070676,4.26731661249036
VEN-03538,2,1,3.308858807980994,6.491075345491342
VEN-03539,0,0,3.369720180508139,5.534793330022966
VEN-03540,0,0,3.619868855968325,3.4767896605554647
VEN-03541,3,1,3.212533674653595,14.747958492719247
VEN-03542,2,1,2.257873173888157,17.24423283008593
VEN-03543,0,0,2.7015421475567,1.84880735964396
VEN-03544,0,0,2.354615214561944,7.331203180614604
VEN-03545,0,0,4.193452909019768,5.095165404957843
VEN-03546,1,0,2.418205052150247,26.00638919305465
VEN-03547,1,0,4.84174746451035,15.175938866309254
VEN-03548,2,0,3.0476780069372507,9.38712098983444
VEN-03549,3,0,4.080256613727962,5.165170198575445
VEN-03550,0,0,4.271344770511775,12.78331353509182
VEN-03551,3,1,4.549029240178172,23.07120171375381
VEN-03552,2,0,4.047125159676086,28.11176089804121
VEN-03553,1,0,3.543888316386556,7.795907965081948
VEN-03554,0,0,1.8138954340865048,3.4687249464383654
VEN-03555,0,0,4.12263869130369,24.248919999610205
VEN-03556,1,1,2.940253362873853,10.70895527325657
VEN-03557,3,0,3.637437555812306,9.906166742981348
VEN-03558,1,0,2.8988080920411488,13.69581991315948
VEN-03559,3,0,3.619734025976353,26.29407773483205
VEN-03560,0,0,3.933854968072609,13.682835920317602
VEN-03561,2,0,3.283756214424945,9.661542482313154
VEN-03562,1,1,3.806232568699019,15.545371468916487
VEN-03563,1,0,3.056465365484806,13.824149290796868
VEN-03564,0,0,2.0516727565935917,8.062651863058242
VEN-03565,3,0,4.0088203767492185,12.643296419301418
VEN-03566,0,0,3.458031393359225,14.36790862575721
VEN-03567,0,0,3.085946705732701,17.824347268198448
VEN-03568,1,0,4.129032870535295,14.96926441656342
VEN-03569,1,1,2.194504280816333,12.764363994858636
VEN-03570,1,1,3.554130807540582,3.198108829415644
VEN-03571,3,0,1.938965900925885,7.009189999053788
VEN-03572,1,0,1.280316556100061,2.9942244103765336
VEN-03573,3,1,3.837321254179564,24.01005665373212
VEN-03574,1,0,3.973629282173866,3.716214472181165
VEN-03575,1,0,2.8142552077413754,8.376254511476251
VEN-03576,1,0,3.314399040877294,7.231154466095653
VEN-03577,0,0,2.2398072574472083,15.49581439367734
VEN-03578,2,0,3.146386645436208,7.035127785592762
VEN-03579,3,1,4.491033868018296,2.0443833087796888
VEN-03580,0,0,4.593792267853267,12.513571823721998
VEN-03581,1,0,3.23185955283406,24.5668015773064
VEN-03582,1,1,2.9996083427278792,16.382805267336167
VEN-03583,3,0,3.164808636784617,22.515614667303627
VEN-03584,0,0,2.7848245972231016,8.121307565326296
VEN-03585,0,0,3.151358889044301,9.99408414909067
VEN-03586,1,0,3.5752647139465146,9.865017907640269
VEN-03587,0,0,3.752289447245024,22.29184028901365
VEN-03588,1,0,2.9956748982297183,13.1979177330719
VEN-03589,0,0,2.6122058635152543,2.616497737042755
VEN-03590,2,0,4.470266041181175,8.38397306637239
VEN-03591,0,0,2.82170015333178,10.461625137274412
VEN-03592,1,0,2.678427161420436,8.661106443667672
VEN-03593,0,0,4.3763184491846765,26.204767131338308
VEN-03594,2,0,4.887727103790174,39.06399921458595
VEN-03595,0,0,2.3840902240491806,4.151845367868009
VEN-03596,3,0,3.3335995975099384,8.035248936209756
VEN-03597,0,0,3.0857553211382367,13.936178123908624
VEN-03598,1,0,4.142687875068939,15.30609613040678
VEN-03599,5,0,3.526104377935152,5.724358445014751
VEN-03600,0,0,3.833882627026612,18.821953031362405
VEN-03601,3,1,3.3982660968697744,6.7156740443028
VEN-03602,3,0,4.224691267594306,4.3234342525257095
VEN-03603,1,0,3.050739035216284,15.0772054393049
VEN-03604,1,0,2.587399528046303,11.166119942386716
VEN-03605,3,0,4.263917370011841,7.306205436855357
VEN-03606,1,0,3.454897289779645,20.32703358458462
VEN-03607,1,0,4.3263593074957925,9.562657459388978
VEN-03608,0,0,3.556741306957596,24.156960621624226
VEN-03609,0,0,3.946610823131747,5.81305533583804
VEN-03610,2,1,4.647294927642739,8.94019698392289
VEN-03611,0,0,3.70450590403723,17.85424691659216
VEN-03612,3,0,2.032049150737913,4.980243711819921
VEN-03613,0,0,3.8486843210234176,24.678519104335475
VEN-03614,2,0,3.257362857451769,3.764310291603146
VEN-03615,1,0,5.0,15.376217588972912
VEN-03616,1,0,2.2697836525814923,4.818279163720074
VEN-03617,0,0,4.25654134235343,14.890668208810176
VEN-03618,0,0,3.653863661034223,11.870255637979232
VEN-03619,0,0,3.372677381348802,10.950276316156517
VEN-03620,2,0,3.724604771379994,6.22911945114831
VEN-03621,1,1,3.0207136326685786,5.276731173763404
VEN-03622,1,0,3.816002769976032,7.576306647836576
VEN-03623,1,1,2.611854479884599,20.1616999302502
VEN-03624,2,0,4.201636941557806,2.412057091317305
VEN-03625,1,0,4.844299484931655,9.846666559344497
VEN-03626,2,0,3.110567332222639,6.484109786924138
VEN-03627,3,2,3.674967442570512,6.844580325713665
VEN-03628,1,0,4.680012918759914,10.545049865639422
VEN-03629,0,0,3.6157890125470815,12.961802297250166
VEN-03630,0,0,4.440672682672801,10.832029748482274
VEN-03631,2,0,3.57900886748883,7.642974976458355
VEN-03632,0,0,3.3659833652838245,7.982214184191598
VEN-03633,1,0,3.779181732411926,21.059736166345267
VEN-03634,0,0,1.9718055868779651,10.583715682970633
VEN-03635,1,0,4.096171949719269,18.045824903955214
VEN-03636,2,0,3.212130335250527,2.026654404112743
VEN-03637,0,0,4.273538754617512,16.760654450340915
VEN-03638,0,0,3.6529145415985447,5.584655966193369
VEN-03639,3,0,3.758304015201076,21.639416179591095
VEN-03640,0,0,3.3626429703005143,7.697988063576022
VEN-03641,1,0,5.0,35.58287791842157
VEN-03642,1,0,3.465449587598584,11.933214534115796
VEN-03643,0,0,4.530085796821567,22.232695031172074
VEN-03644,3,1,5.0,12.187609587901685
VEN-03645,1,0,2.858092615856336,12.805646037844328
VEN-03646,3,1,2.470830766210529,4.341435452658954
VEN-03647,1,0,3.863573982452089,20.67013545895129
VEN-03648,0,0,2.854705682804527,14.196403776815544
VEN-03649,0,0,3.608636682565917,26.78441049248777
VEN-03650,1,0,3.717588331896675,41.69088927283857
VEN-03651,2,0,3.0071073744910084,38.05850866777444
VEN-03652,0,0,4.039539098255968,24.555933254840813
VEN-03653,0,0,3.425756337325609,17.90834211054454
VEN-03654,1,1,4.167762086176622,2.403016135664272
VEN-03655,3,0,4.064622582869268,4.99617931545705
VEN-03656,0,0,4.44166236469461,17.30521844395918
VEN-03657,3,0,4.53938761426598,5.488098805327944
VEN-03658,3,1,4.119566615948735,17.792109589928764
VEN-03659,2,0,3.7943948958175207,7.123526174441659
VEN-03660,1,0,4.448134715679705,6.478885662055682
VEN-03661,2,0,2.2905328376247174,6.613509164262952
VEN-03662,1,0,2.175941702191144,20.80680003472524
VEN-03663,2,1,1.72630428571371,19.632864322902613
VEN-03664,0,0,3.754470386289402,5.993640785943109
VEN-03665,2,0,3.282747271150135,1.122040984358581
VEN-03666,1,1,2.863517666295474,5.296097328060882
VEN-03667,2,0,2.9673947045957885,20.345873976160107
VEN-03668,3,1,3.792646310781264,4.912702934810156
VEN-03669,3,0,2.236357532307788,8.159837023891331
VEN-03670,1,0,3.408844108414886,12.97097807101855
VEN-03671,1,0,4.029219360228185,13.337286506281362
VEN-03672,1,0,3.244278253409743,4.8113281874848095
VEN-03673,1,0,3.424852408708017,7.15055691825863
VEN-03674,0,0,4.695919250541383,3.10825416805008
VEN-03675,1,0,2.806105029491758,17.061203291949518
VEN-03676,3,1,4.510024030605486,25.430172326226103
VEN-03677,0,0,2.407373171166655,16.0970283768817
VEN-03678,0,0,2.7080816817221303,5.639986192802606
VEN-03679,1,0,2.555358062246441,9.147883479020043
VEN-03680,0,0,4.382971313710596,16.36862809547956
VEN-03681,1,1,3.3853536279397525,2.38273715232748
VEN-03682,1,0,3.242755673350257,17.688497501880658
VEN-03683,2,1,4.414018654395654,8.101365400922806
VEN-03684,2,0,3.689077231882921,13.380550240449796
VEN-03685,0,0,3.499614098333174,21.94675671216899
VEN-03686,0,0,3.4081213332392077,20.25178156532953
VEN-03687,2,0,3.515334699037959,15.540278002477338
VEN-03688,1,0,4.187607648483752,23.88885411176109
VEN-03689,1,0,4.152809690643933,15.82243341953966
VEN-03690,1,0,4.916959188052688,32.5681354115682
VEN-03691,0,0,4.193177505528043,17.540724934991395
VEN-03692,1,0,3.320920271233495,10.706058077220865
VEN-03693,1,1,2.8964410779311387,14.340457437129816
VEN-03694,0,0,4.00072366620357,29.005239025567786
VEN-03695,2,0,3.457320273101124,4.556447030551578
VEN-03696,0,0,2.854467768283243,3.2769933663723885
VEN-03697,0,0,4.222446201811083,7.084037556224922
VEN-03698,0,0,3.2088841215061885,8.777087853285975
VEN-03699,2,1,3.037282004200433,24.12943505006039
VEN-03700,1,0,3.970666055646556,21.63691048173721
VEN-03701,2,0,3.559866242642777,24.93873501056161
VEN-03702,0,0,4.285488747614394,18.877069180527407
VEN-03703,1,0,2.880928648819159,13.580964839142704
VEN-03704,1,0,2.7244974016489065,12.836966945158569
VEN-03705,2,0,2.7556902822321367,48.0
VEN-03706,0,0,5.0,6.845947362486088
VEN-03707,0,0,4.889098432215635,20.220968053327432
VEN-03708,3,1,2.1188881062940785,27.140575292527725
VEN-03709,2,1,2.777309407587249,6.044803772554904
VEN-03710,4,1,3.401605006202234,11.663591814737572
VEN-03711,2,0,3.406239952497709,30.57152725479622
VEN-03712,1,0,3.91895173803513,4.099092193096834
VEN-03713,0,0,3.8571697044964495,20.207295352555093
VEN-03714,2,0,3.2151959369168543,6.833004605398128
VEN-03715,2,0,3.730089069373346,23.960062282385238
VEN-03716,1,0,3.0801686691614645,48.0
VEN-03717,1,0,4.434445679747407,5.896274834885923
VEN-03718,0,0,4.489358229325624,5.395561624318474
VEN-03719,2,1,1.789968705078421,7.481560797330035
VEN-03720,1,1,2.63114615885934,12.861831126788305
VEN-03721,4,0,4.27161674066054,10.676899432465738
VEN-03722,1,0,3.019793065820038,15.078606146245068
VEN-03723,2,1,3.3445971172102675,27.223752021210665
VEN-03724,1,1,3.019856243502925,1.5608511044078317
VEN-03725,0,0,2.069968309219706,25.64839270350144
VEN-03726,4,2,3.552994548355347,23.301367983945163
VEN-03727,3,0,3.6649596496338654,9.811003306249225
VEN-03728,0,0,4.191268185236575,13.960569346865586
VEN-03729,1,0,3.6692345936560784,5.572926054266581
VEN-03730,1,0,3.748474646878813,16.845445430912964
VEN-03731,1,1,4.229175599770461,6.61028513234477
VEN-03732,3,1,2.8809028992482943,20.832953566346447
VEN-03733,0,0,3.0759571050721863,1.902419421457039
VEN-03734,1,0,3.8938637838504335,10.709751711428492
VEN-03735,1,0,3.761632371118165,9.380602037010982
VEN-03736,3,2,5.0,10.9661345989606
VEN-03737,0,0,3.193554161247003,26.561217108450236
VEN-03738,1,0,4.439190101635534,6.636221110183238
VEN-03739,2,1,3.8330251702302607,3.3348074652996225
VEN-03740,0,0,3.879465379886916,12.07900068179069
VEN-03741,0,0,5.0,3.5799066833053974
VEN-03742,1,0,2.1796303251303604,19.860726872553407
VEN-03743,2,1,2.9869488500984698,12.745678275652883
VEN-03744,0,0,2.395057298379456,12.376830050294974
VEN-03745,1,0,3.725095758511248,6.9065969522777255
VEN-03746,0,0,3.4275535139065507,18.82680480600846
VEN-03747,2,1,3.966563750799464,19.99784412404799
VEN-03748,1,0,3.1890768792211728,21.857525249812547
VEN-03749,0,0,3.977806076146855,11.932100036689787
VEN-03750,0,0,2.6073053264739867,4.547462976491539
VEN-03751,3,0,4.158581666969991,14.4111970833406
VEN-03752,2,0,1.4314113419912875,15.41420390981695
VEN-03753,1,0,4.601829748347599,18.57935241803749
VEN-03754,1,0,3.574601723871306,10.056425061216297
VEN-03755,1,1,3.288102163673664,12.66676899900101
VEN-03756,1,0,3.797091462846888,4.383715457058038
VEN-03757,2,0,3.6064030556851336,14.367159804652218
VEN-03758,2,1,2.5906591593326693,9.583359834207274
VEN-03759,2,0,3.933672272675353,2.6744018221605708
VEN-03760,1,0,2.8384778824544155,5.897149039464112
VEN-03761,1,0,3.0779814289153427,5.998871428604065
VEN-03762,0,0,3.5513004515263664,45.83381749784817
VEN-03763,3,0,3.3286671692116045,18.35679197201018
VEN-03764,0,0,2.838315980238024,19.712988801913063
VEN-03765,4,1,4.183807739016486,5.142827197086052
VEN-03766,2,0,1.6623952710940069,7.76719387202506
VEN-03767,1,0,2.0186221216935443,13.063568926143065
VEN-03768,1,0,2.2328902931305468,9.997565755750369
VEN-03769,1,0,3.402413908962419,20.66226864735293
VEN-03770,1,0,3.1837571086910823,26.8999764700762
VEN-03771,2,0,3.644680620059481,3.978494130046725
VEN-03772,2,1,2.9680167311465038,9.868448690316953
VEN-03773,0,0,5.0,16.901730356877735
VEN-03774,1,0,2.4755697992257746,10.27054997990994
VEN-03775,2,1,3.8745365438020136,15.03078956489665
VEN-03776,0,0,3.360541227095044,8.371148717143218
VEN-03777,1,0,3.517808102964385,1.5750484329180665
VEN-03778,1,0,3.7878780753444583,8.061798036612696
VEN-03779,1,1,2.751957900641977,26.378492310053872
VEN-03780,0,0,3.789934070839786,8.86772085484014
VEN-03781,1,0,2.745032537794452,24.291435924013147
VEN-03782,4,0,3.876548670915946,25.16626868432384
VEN-03783,3,1,2.818239042047531,24.05902355368438
VEN-03784,0,0,3.819844172453361,28.67833083192291
VEN-03785,1,0,3.159115116460112,8.899300152987703
VEN-03786,3,1,3.342377314121729,12.773366167407405
VEN-03787,4,1,3.228763755701934,22.23447426878537
VEN-03788,0,0,2.5979087598165727,18.408409776629185
VEN-03789,2,0,3.6421060846575912,13.682220374295582
VEN-03790,1,0,2.745782610779039,14.002800610173487
VEN-03791,2,2,3.087771714108406,6.605885765216019
VEN-03792,2,0,3.6774559935169946,13.446221773911097
VEN-03793,2,1,3.0700741814725765,8.028337708916654
VEN-03794,1,0,4.284457489960601,7.069513600737187
VEN-03795,1,0,3.9790108881946606,6.647674915380829
VEN-03796,0,0,4.202772327513141,8.949904439313237
VEN-03797,1,0,3.307677614034608,8.909703313112209
VEN-03798,0,0,4.022751778730221,16.696395643486913
VEN-03799,2,0,3.7203403720130233,13.375187105759023
VEN-03800,0,0,5.0,6.570019102596306
VEN-03801,1,0,1.9899875055070804,23.247734316891915
VEN-03802,4,0,3.3105051783187256,12.535815726353697
VEN-03803,2,0,3.7721594585564775,22.211807128118902
VEN-03804,3,0,2.651136336453382,39.86756445467928
VEN-03805,2,0,2.991715613226825,4.447994085859642
VEN-03806,1,0,3.973162316433082,5.793231528667622
VEN-03807,1,0,2.8491605284395733,10.3390004814404
VEN-03808,0,0,3.663921802108917,6.748396536278857
VEN-03809,0,0,3.872360398097805,17.32541633671232
VEN-03810,2,2,3.864157551823384,20.31241344051211
VEN-03811,0,0,4.057583944765994,9.181916869117927
VEN-03812,0,0,3.4401072914142423,15.455528776656625
VEN-03813,1,0,3.678162830785976,22.633111804532685
VEN-03814,2,0,5.0,19.29675307332736
VEN-03815,1,0,3.149867903664683,18.19618878206977
VEN-03816,3,1,4.378796200993192,13.774223924699172
VEN-03817,0,0,3.808317397823175,21.190351641458392
VEN-03818,1,1,4.067663043581888,24.226472493510087
VEN-03819,2,1,3.501310133118348,10.53662654359238
VEN-03820,2,0,3.6434391616980535,3.947662245089486
VEN-03821,2,1,3.426866618144972,7.625178463994594
VEN-03822,1,0,3.2111845889663746,26.096847133263324
VEN-03823,0,0,4.323025665827916,13.652516658730004
VEN-03824,4,1,4.30826132869565,17.8610072643245
VEN-03825,4,2,3.2942003271957128,3.804138649395794
VEN-03826,2,0,3.863685665213151,6.33488374008374
VEN-03827,1,1,2.919606747824182,15.489264140190617
VEN-03828,0,0,3.188003003752306,4.18880216624097
VEN-03829,4,0,1.7754153760682176,16.696491314252835
VEN-03830,0,0,4.592550394438171,15.255728872072766
VEN-03831,2,0,3.7227703116350273,6.864936205354828
VEN-03832,3,2,3.2674767100325104,5.302557258960655
VEN-03833,1,0,3.755292563279514,10.27573705867995
VEN-03834,0,0,1.719448412590423,14.376077282463989
VEN-03835,1,1,3.425534590307801,16.18687096315126
VEN-03836,1,0,1.9907528625191504,4.788762416125989
VEN-03837,0,0,4.249475919491271,14.694693306633834
VEN-03838,4,1,4.421989356511805,2.1178963309289287
VEN-03839,1,0,2.375399777003293,7.924261198849683
VEN-03840,3,1,3.840546523603203,15.899928738927404
VEN-03841,2,1,3.2127575213585136,7.837124428754939
VEN-03842,0,0,2.27825535521561,11.673481765915575
VEN-03843,3,1,5.0,17.091939263004296
VEN-03844,2,1,2.5549030537917448,9.679327412517177
VEN-03845,1,0,4.308931244473307,4.477120617056165
VEN-03846,1,0,2.9326412291774933,48.0
VEN-03847,0,0,2.180734345542467,6.459066007497374
VEN-03848,2,1,3.4450771784064256,5.82487812941494
VEN-03849,0,0,4.306743282425951,16.651061178135354
VEN-03850,1,0,2.597967916343148,7.646777915301267
VEN-03851,1,0,3.737922389517145,2.663332374090237
VEN-03852,2,0,3.710434921979993,18.03157467184664
VEN-03853,2,0,3.560192466438066,13.270446246136675
VEN-03854,0,0,5.0,7.831760752857914
VEN-03855,2,0,3.0078447248951266,8.37213438338865
VEN-03856,1,0,4.362523416558041,14.617833215653762
VEN-03857,4,3,2.8711182588873325,41.28444116812014
VEN-03858,3,0,2.7587499933123385,0.8925759700335183
VEN-03859,3,2,3.799125203252227,15.231872912378838
VEN-03860,0,0,3.8069082865772894,28.14963103967404
VEN-03861,1,0,4.22224594939847,33.97654904993465
VEN-03862,1,0,3.519319741755291,10.802977476446893
VEN-03863,2,0,2.3558024051203907,9.840330835578852
VEN-03864,0,0,2.958680851022387,6.485840409821143
VEN-03865,0,0,3.949979103271719,5.066054194070896
VEN-03866,0,0,3.039193733961401,14.900188490599074
VEN-03867,1,1,1.9383460097787184,13.551570375368984
VEN-03868,1,0,3.881155402750074,38.77530057434982
VEN-03869,1,1,3.2964568538173844,15.231446519826864
VEN-03870,1,0,4.648616560690176,24.53559926261829
VEN-03871,0,0,4.522551601295646,12.142609506973017
VEN-03872,1,0,1.5998624004624982,14.902083130160728
VEN-03873,2,0,3.429145403993528,17.55107063417245
VEN-03874,1,0,4.217001250775378,8.282813833187355
VEN-03875,1,0,3.889386754323937,5.340983491433712
VEN-03876,0,0,2.552695453522377,13.58099376053429
VEN-03877,0,0,3.433681539458492,2.516669408209961
VEN-03878,0,0,2.5666662350971614,14.427895530092746
VEN-03879,2,1,3.9356249652479214,16.036494428328638
VEN-03880,2,0,3.4399627852959105,6.307330945158472
VEN-03881,1,0,4.941846319540524,5.840104144337873
VEN-03882,3,1,3.3627918322778547,30.142469330947115
VEN-03883,0,0,3.429312239845562,10.875520719292386
VEN-03884,1,1,1.4659259544121146,12.95221464834849
VEN-03885,1,0,4.201952619884442,28.53671985730925
VEN-03886,1,0,2.8925852094479927,6.285677926865781
VEN-03887,1,0,2.3066213164462765,25.68643626810831
VEN-03888,1,0,3.005700252557732,9.36769055819452
VEN-03889,1,0,3.448539005455702,9.083705167957554
VEN-03890,2,0,4.854642504615793,43.87722970134659
VEN-03891,2,1,3.787915716344272,10.428155103279328
VEN-03892,0,0,4.104038985835557,20.043660971575058
VEN-03893,0,0,3.028291292313418,15.219893833632751
VEN-03894,2,1,5.0,17.608576735739508
VEN-03895,2,0,2.988295205064384,11.92729515179207
VEN-03896,1,0,3.1692345030969933,13.872438525815902
VEN-03897,0,0,2.055151187773625,15.099407068913663
VEN-03898,1,0,3.149480133240216,19.644795775838467
VEN-03899,1,0,3.5826877333149487,5.259158397977433
VEN-03900,1,0,3.974038751132982,10.361684305304156
VEN-03901,1,0,3.6755675617884265,18.9375663368768
VEN-03902,1,1,4.090302796438408,10.002052416865164
VEN-03903,2,1,2.676387937854992,8.224036394558533
VEN-03904,1,0,2.7818133038786463,10.603629643986926
VEN-03905,0,0,4.4874180197010585,37.95212560259878
VEN-03906,5,0,4.563898434624274,34.383128832920804
VEN-03907,2,1,4.125800516967704,11.08703393183633
VEN-03908,0,0,4.00401537527673,37.11518561912514
VEN-03909,0,0,2.965428141058955,28.46700352846485
VEN-03910,0,0,4.5640767064023455,6.923584457696428
VEN-03911,0,0,3.335607829370458,15.939702506876744
VEN-03912,1,0,4.1921184896192365,22.5536298791346
VEN-03913,3,0,3.1052165248367887,5.941866155938396
VEN-03914,1,0,4.084964116181432,9.124487972405053
VEN-03915,1,1,3.895733132895647,12.01027480575492
VEN-03916,2,0,3.970177079274952,4.190279387775895
VEN-03917,1,0,4.436933391566924,15.92600998215354
VEN-03918,2,0,3.120935488384148,4.906910587664454
VEN-03919,1,0,2.3916018671081,19.673373273368927
VEN-03920,1,0,2.937644914921284,31.41694781243284
VEN-03921,0,0,3.794001847337056,3.4455482506203365
VEN-03922,1,0,4.114608227042861,4.746863114113228
VEN-03923,1,0,4.061860892666717,23.432153616466216
VEN-03924,3,1,4.02413601660833,15.564170448452892
VEN-03925,2,1,3.3376212589883605,16.95823896362516
VEN-03926,0,0,2.5631828904904896,21.756544019677445
VEN-03927,3,1,4.503931744803868,15.543301881022208
VEN-03928,2,0,2.7537496836029542,32.84911362954054
VEN-03929,1,0,4.473844240212769,11.912945525814754
VEN-03930,1,0,3.5083299536943198,11.680303337358668
VEN-03931,0,0,2.661986173142405,8.883581050501181
VEN-03932,1,0,4.204159924389443,16.42956702350661
VEN-03933,1,0,3.807158609455328,8.8344394043657
VEN-03934,2,0,2.9284927455546805,13.003798895039784
VEN-03935,0,0,3.1898215634842675,30.94206840472663
VEN-03936,1,0,3.0354266849639133,5.112227877370599
VEN-03937,0,0,3.1842640769116364,9.675511309146962
VEN-03938,1,0,4.108863498166436,2.099283418538095
VEN-03939,4,2,4.275200815715163,24.707858153415994
VEN-03940,1,0,4.067202697733791,23.724111670386783
VEN-03941,1,0,3.005324805367396,6.220123325700214
VEN-03942,4,1,2.7490592120526447,35.69444690720201
VEN-03943,1,0,3.6539743101612223,1.3944710887288878
VEN-03944,3,0,3.357624183010868,12.282931928328114
VEN-03945,0,0,2.5884685773485865,21.199337075993565
VEN-03946,1,0,3.6121289843573607,6.489597378804547
VEN-03947,1,0,2.616721744461902,24.453038886809203
VEN-03948,0,0,4.02658046996047,26.832127331756727
VEN-03949,0,0,2.94291808777803,6.289981898808089
VEN-03950,3,2,2.8826126285115823,13.79277629984357
VEN-03951,1,0,2.7282290269221603,13.538137451156654
VEN-03952,2,0,3.366916570148153,4.841344397066905
VEN-03953,2,0,3.5069484019948804,7.453351729085188
VEN-03954,2,0,3.5383966103493503,21.095338881494836
VEN-03955,1,1,3.046688228717088,12.079683049807388
VEN-03956,1,0,4.301649804978105,2.369081794517973
VEN-03957,1,1,4.224649010117043,17.67344662390362
VEN-03958,2,1,3.3690483508003157,37.72937426268268
VEN-03959,3,0,3.603173693613032,12.53528631266926
VEN-03960,0,0,3.161177020891201,16.529859430911237
VEN-03961,0,0,3.8770900310471466,7.2747406405918
VEN-03962,0,0,3.657743967915545,5.967221725158288
VEN-03963,0,0,3.667658486180628,17.22177369824801
VEN-03964,0,0,4.197667469008353,7.060440052361665
VEN-03965,1,0,3.94882193994688,9.423801059620429
VEN-03966,1,0,2.8864360178000688,14.872975007068671
VEN-03967,0,0,3.4755050856362413,15.871661745674004
VEN-03968,1,0,4.0526724986256735,8.476046321677359
VEN-03969,2,0,2.5661792246597384,11.091505141585728
VEN-03970,0,0,4.932443818636191,8.152547080305885
VEN-03971,1,1,3.676964687225585,5.860538547681149
VEN-03972,1,0,3.965501557011568,9.434878423063722
VEN-03973,2,0,3.3697210205959727,26.05931347981845
VEN-03974,0,0,3.702277755904288,29.019204936894
VEN-03975,1,1,3.645828610319651,5.648150809170668
VEN-03976,0,0,3.443878991366836,18.264524370827928
VEN-03977,1,0,3.958490024659453,11.18555128152473
VEN-03978,1,0,3.4795446828301486,18.46485630490772
VEN-03979,0,0,3.214272907596422,8.602271396617573
VEN-03980,2,0,2.962264750666851,47.59071175640746
VEN-03981,1,1,4.645785171044569,25.09983618296261
VEN-03982,1,0,2.387575874176623,13.057529359256248
VEN-03983,0,0,2.617824202707693,20.289732652470764
VEN-03984,1,1,3.350722577137594,18.59002278721673
VEN-03985,2,0,2.823561143688897,4.58777450223189
VEN-03986,3,1,3.421445828321799,5.153784005995592
VEN-03987,3,0,2.989748795303545,3.5540269828488693
VEN-03988,2,0,3.883276235340859,13.793344668934818
VEN-03989,0,0,3.146037331481967,20.916356920048383
VEN-03990,1,0,4.055294147452394,25.20162237476777
VEN-03991,4,0,3.0130843498764106,12.766298952296497
VEN-03992,3,0,4.608129340707228,8.376597165829326
VEN-03993,0,0,3.68002933558291,4.061984353501002
VEN-03994,1,0,3.4581111987026327,8.677232471817183
VEN-03995,2,2,5.0,12.544345937846591
VEN-03996,2,0,3.936328899875985,12.159698223563383
VEN-03997,2,0,3.825215893487604,15.792144806221817
VEN-03998,3,0,4.469802849436791,14.436770579270284
VEN-03999,3,0,3.845948543934736,17.710355790527643
VEN-04000,0,0,2.853905067772008,15.95693277499812
VEN-04001,0,0,2.9183811796995296,29.29271531426384
VEN-04002,1,0,4.356225276468503,10.0210022609268
VEN-04003,0,0,4.530550036671145,9.559122543135611
VEN-04004,1,0,2.000516390563112,19.72015892792077
VEN-04005,0,0,3.709475845962277,20.79713182161369
VEN-04006,1,0,2.6726738804136287,6.436631336788137
VEN-04007,1,1,3.1314299606208325,12.948899294197837
VEN-04008,0,0,3.1467080640698613,9.779672451567018
VEN-04009,3,1,2.7209219516030063,12.399834926081237
VEN-04010,2,1,3.244328310287092,8.998394707058205
VEN-04011,0,0,4.406406364637736,9.354450730560403
VEN-04012,5,0,4.492187510320766,35.35159448387751
VEN-04013,3,0,3.696483197597982,5.894382555258204
VEN-04014,0,0,2.9120620268121504,12.143577335922874
VEN-04015,2,1,4.036746470615865,2.6804928013380405
VEN-04016,2,1,2.832584748913182,4.602068768948506
VEN-04017,2,0,3.3076304791799886,12.202073514140093
VEN-04018,1,0,4.2091481661526124,8.829354080232156
VEN-04019,1,0,3.623363702063807,30.30529190215993
VEN-04020,2,1,3.7094605022511247,14.62283815207296
VEN-04021,4,1,2.0902166526993566,6.248280839188753
VEN-04022,2,1,4.299635485835398,12.69152004500264
VEN-04023,3,0,3.9345597044363534,18.73616606655056
VEN-04024,1,0,3.0836001440363625,4.1607078981929
VEN-04025,1,0,3.55596247279658,40.90166608987279
VEN-04026,0,0,3.863636449407524,12.429361277980789
VEN-04027,1,0,2.7239202394689146,16.108359617382796
VEN-04028,0,0,2.350743973915579,12.78958557324339
VEN-04029,1,1,2.2937999598673464,30.960200201295457
VEN-04030,1,0,3.759786488505772,15.456740350175568
VEN-04031,0,0,3.2551092501703343,7.52239273530542
VEN-04032,1,0,3.2567613958337405,14.905155097011496
VEN-04033,0,0,2.903646500869144,9.924010811854124
VEN-04034,0,0,2.2497577324247757,17.89513058228136
VEN-04035,2,0,3.4776509804663607,8.101479502949863
VEN-04036,1,0,3.171434030344071,6.779680720325111
VEN-04037,0,0,3.039410864956758,6.487844435387031
VEN-04038,2,0,3.8068619013040728,5.086804135951034
VEN-04039,2,1,4.391346209839704,7.36485252237218
VEN-04040,3,0,3.0678299554943744,6.430904370720753
VEN-04041,1,0,2.068072980082471,9.144184076073657
VEN-04042,1,0,3.274776469463318,12.654149988471543
VEN-04043,3,0,2.1593976898547997,8.158469211267898
VEN-04044,0,0,2.5382297291916527,17.769744902333372
VEN-04045,2,0,4.1709284593252285,11.27833120926773
VEN-04046,3,1,3.8330687660479854,18.257441128707832
VEN-04047,1,0,4.176756993743413,14.531623136316426
VEN-04048,2,0,4.563740314681185,13.420665278131706
VEN-04049,3,1,2.5361275747890915,17.169200165594226
VEN-04050,2,0,3.0359365739833466,7.634424627637297
VEN-04051,2,1,5.0,12.01547593265374
VEN-04052,3,0,4.327228955385307,5.096365277852688
VEN-04053,3,0,4.513994643949298,38.508493294094194
VEN-04054,1,0,3.6565140816314887,9.056305965140746
VEN-04055,1,0,2.548606881572325,9.57801437039288
VEN-04056,0,0,3.813193763404565,6.016985067904152
VEN-04057,3,2,3.695298059244296,26.71128218869033
VEN-04058,1,0,3.0057812428269584,11.18212710669476
VEN-04059,0,0,3.369994977920636,5.228756148961365
VEN-04060,2,1,3.6083927612527606,28.554853570720237
VEN-04061,1,0,3.5114956020115864,13.081577929187567
VEN-04062,1,0,4.7262123495936645,6.297409773421968
VEN-04063,0,0,2.6298342240720665,42.51582916270517
VEN-04064,2,0,4.397624157946793,10.687108090781049
VEN-04065,1,0,3.8111719431004185,3.269249061915992
VEN-04066,1,0,4.591816344696669,5.992352238993142
VEN-04067,0,0,3.153366560595948,22.39702360188291
VEN-04068,0,0,3.9664786842794366,11.138656880705897
VEN-04069,2,1,2.3810859238669413,6.427624879295784
VEN-04070,2,0,4.08425269049937,28.183833180260795
VEN-04071,1,0,3.8884547318085354,13.727065838761073
VEN-04072,0,0,4.150152116556494,6.912951375021815
VEN-04073,1,0,3.269818705112486,9.02682324839779
VEN-04074,1,0,3.652726571703123,12.300554078090617
VEN-04075,3,0,4.825483355154841,6.555137503562841
VEN-04076,1,1,4.123856613936166,23.56878892987376
VEN-04077,1,0,4.054306942258331,3.352913607937712
VEN-04078,0,0,2.7549810788301503,15.42119291735004
VEN-04079,0,0,3.091274501078587,9.841996611692164
VEN-04080,0,0,4.04914927210146,7.260763410157279
VEN-04081,0,0,3.42190893204217,7.748420545560762
VEN-04082,2,0,2.3157445558340406,12.145945686838328
VEN-04083,2,0,3.577759742380916,10.142040811241412
VEN-04084,0,0,2.9411901154638755,0.7619787967995545
VEN-04085,0,0,4.00845384555671,16.965374702329896
VEN-04086,1,0,3.072824318927667,28.46936954305609
VEN-04087,6,1,3.256488123816985,8.295259807833075
VEN-04088,1,0,3.37675531117833,19.058391648125905
VEN-04089,2,1,4.522358061026367,9.005916684068442
VEN-04090,2,0,3.962055120238309,18.93505875081487
VEN-04091,1,1,3.498985606109545,0.8645532195833847
VEN-04092,1,0,4.128896954861602,10.578033456301084
VEN-04093,5,2,1.573887644504774,2.951876407872734
VEN-04094,3,0,3.5195764640631,17.612385775068578
VEN-04095,1,0,3.9216747629922457,15.901112813566902
VEN-04096,1,1,3.742739843714795,9.908160723876271
VEN-04097,0,0,2.904656510782012,16.215647930186265
VEN-04098,0,0,3.667172604422399,15.410129030762208
VEN-04099,0,0,3.376525609963832,2.1666091340277003
VEN-04100,1,1,4.342376225895804,16.027941834569063
VEN-04101,2,1,3.0645441393775528,10.32068290289839
VEN-04102,3,1,4.968798855984282,14.744072187064392
VEN-04103,1,1,3.1912250804987305,4.740514809301509
VEN-04104,2,0,3.4862695689393983,20.71475606765704
VEN-04105,1,1,3.025652315062308,12.977961181989452
VEN-04106,1,0,2.768114519520386,18.37594693032124
VEN-04107,2,1,2.835284284987309,11.068922852774886
VEN-04108,1,0,4.040736155642834,11.586333835926723
VEN-04109,1,0,4.341360678412514,23.33971269713228
VEN-04110,2,0,2.0660326981568584,9.688939540319216
VEN-04111,1,0,3.0355681349072694,4.183582574096495
VEN-04112,0,0,3.137063123414519,7.692181034400723
VEN-04113,1,0,3.579161873493123,8.37199661885904
VEN-04114,2,0,2.781330275852471,17.088995161855586
VEN-04115,0,0,4.222736611491487,6.3779547986842005
VEN-04116,0,0,3.195790506712154,15.446780136264406
VEN-04117,1,1,4.620920140399649,6.863555474180778
VEN-04118,0,0,2.088205282273555,16.282198411202845
VEN-04119,4,1,3.782611180742827,18.099740764836376
VEN-04120,1,0,4.446073709287987,16.685035198943233
VEN-04121,2,0,2.89652126597148,12.29066396623484
VEN-04122,1,0,3.2337625154170437,23.808609496145834
VEN-04123,2,2,1.4851060438988195,5.24155262409038
VEN-04124,2,0,3.3989000417057733,10.167818099206006
VEN-04125,0,0,3.623874769381565,17.02230296315442
VEN-04126,0,0,3.282990202961333,21.52168264663816
VEN-04127,1,1,2.9311367021737054,10.099218465020586
VEN-04128,0,0,3.3716730705504485,22.838185905466105
VEN-04129,5,0,3.0937351964149125,10.084864608786496
VEN-04130,1,1,2.920309280124996,34.60874702074826
VEN-04131,0,0,2.933966563745676,17.162849516451942
VEN-04132,0,0,4.317335453345199,8.909264915077918
VEN-04133,2,1,3.128633693337173,12.62331797255398
VEN-04134,2,1,2.4125977554692444,18.845088134059164
VEN-04135,1,0,2.7747815545690746,17.706922073281834
VEN-04136,1,0,4.621358786109707,14.640466749113097
VEN-04137,2,0,3.958719643914183,14.53888174999948
VEN-04138,0,0,3.328024807056348,9.263508112010154
VEN-04139,1,0,4.030692327110288,8.236304762756403
VEN-04140,1,0,3.4672317715567225,3.085241413343297
VEN-04141,0,0,3.075538021915865,11.50550421240685
VEN-04142,1,0,4.544479764107194,4.546550555423374
VEN-04143,3,0,4.242178983706929,19.07874911163815
VEN-04144,2,1,3.231461158320964,10.887572302081876
VEN-04145,0,0,3.913815259056504,11.270789311283702
VEN-04146,2,1,4.020983801893963,35.326976240500905
VEN-04147,1,0,4.020420907642645,10.3940175180979
VEN-04148,1,0,3.2252092013207045,22.817807137315857
VEN-04149,1,0,2.785302085536189,10.296136322405236
VEN-04150,1,0,4.117131608624102,8.959525668819646
VEN-04151,1,0,4.1429534389857805,6.654819654769094
VEN-04152,1,0,3.967835708500739,0.784395498621408
VEN-04153,4,0,3.127994389204193,9.430640364065072
VEN-04154,1,1,3.797170026530924,19.69756848078807
VEN-04155,1,1,3.785980049731794,13.171327678702708
VEN-04156,1,0,2.3596150661487454,9.710658642114849
VEN-04157,1,0,3.2151042996342167,13.914099931796246
VEN-04158,2,0,3.6712424745877823,28.417136287475344
VEN-04159,0,0,3.809620371625917,8.67426903783808
VEN-04160,1,1,3.6305335778953576,1.6398466317530396
VEN-04161,2,0,2.312775315691506,8.698032418841843
VEN-04162,1,0,4.370628450142134,15.415804435298872
VEN-04163,1,0,3.205254624718267,44.2066551823211
VEN-04164,2,1,2.8634252861717115,18.64587798048479
VEN-04165,0,0,4.3973483197931,8.379993541780049
VEN-04166,5,2,2.770593638238777,8.167129241186045
VEN-04167,2,0,2.9027349666763085,34.3478396717628
VEN-04168,1,0,3.763390424781238,8.726754837126482
VEN-04169,1,0,3.03396946837588,9.098853966955684
VEN-04170,1,0,4.96314923404535,9.517744410463203
VEN-04171,2,1,3.1470252886442096,33.76548752139347
VEN-04172,0,0,3.19832627048272,23.521135218474274
VEN-04173,1,1,3.897481536134742,9.914629280748365
VEN-04174,1,0,2.0456774386627465,20.648167425848023
VEN-04175,1,0,3.517749624903065,8.616630892189624
VEN-04176,0,0,4.058840825935903,26.286857425086307
VEN-04177,0,0,2.769443897158985,4.72487554232674
VEN-04178,2,0,3.448668863577363,6.654520405739132
VEN-04179,1,0,3.1314848318338413,7.144763792945376
VEN-04180,0,0,2.8577117941231416,48.0
VEN-04181,0,0,3.790926664517592,21.614529578363644
VEN-04182,1,0,4.806843722685603,20.236350624363368
VEN-04183,2,0,3.183593650347549,5.20059776614236
VEN-04184,0,0,4.622993540297816,11.602374840369404
VEN-04185,0,0,3.542661127172638,3.375911836055683
VEN-04186,0,0,4.060630650059152,13.70331322516854
VEN-04187,1,0,2.3099331606234084,19.862316295436436
VEN-04188,1,1,4.3953853800562666,20.846339527712065
VEN-04189,1,0,2.679804387305448,4.323634395584149
VEN-04190,0,0,3.043152496526983,10.827633129407667
VEN-04191,1,0,3.016515167851523,5.639860338694046
VEN-04192,1,1,1.891171117509939,8.123850969186991
VEN-04193,1,0,3.936252198599085,25.81732656425465
VEN-04194,0,0,2.5619003507492213,5.2143688973719415
VEN-04195,0,0,4.952715105336925,11.16836327072144
VEN-04196,2,0,3.737828251678304,5.304595296334575
VEN-04197,0,0,3.20113270202552,22.651589959606167
VEN-04198,2,1,3.575705771778433,33.366580966995805
VEN-04199,0,0,2.122060084247093,11.850454612112191
VEN-04200,1,1,2.8153078024412217,11.634690241646425
VEN-04201,1,0,4.239920083679376,3.798170703090964
VEN-04202,2,0,3.778472149260833,32.68492765491094
VEN-04203,0,0,3.909868124468333,10.789388250793117
VEN-04204,1,0,3.85348770543072,5.729067438026728
VEN-04205,1,0,2.2233623498238018,17.829639811321044
VEN-04206,1,0,2.5591124298711745,14.321693944528056
VEN-04207,0,0,3.807726335250048,8.57638838079787
VEN-04208,1,0,4.069706169363239,16.789554379822736
VEN-04209,2,1,2.851736588939352,34.72799049250252
VEN-04210,3,1,3.707397919648046,2.374862668261488
VEN-04211,2,2,3.992090786556232,5.440192107727564
VEN-04212,1,0,4.451337331208491,7.131762914214958
VEN-04213,4,2,4.272484707889566,10.418014456067487
VEN-04214,3,1,3.125705899447984,20.426219189289533
VEN-04215,1,0,5.0,15.250944562635253
VEN-04216,2,0,3.890143507860719,28.021007616879807
VEN-04217,0,0,3.896924792515221,9.792997054889678
VEN-04218,0,0,4.861688625694486,7.238958957197545
VEN-04219,0,0,2.4993746083629125,14.294695368564945
VEN-04220,0,0,4.001443049157496,15.02841274807583
VEN-04221,1,0,3.080723824386426,19.006940888486064
VEN-04222,1,1,3.3999282175574783,16.313478837314637
VEN-04223,2,0,3.097689895646861,17.000594556760916
VEN-04224,1,0,3.6895927551398655,2.383089681117644
VEN-04225,0,0,2.3122188852684387,20.16352668423716
VEN-04226,2,0,3.743597961753735,24.410756445482093
VEN-04227,2,0,2.6346181408991813,15.88473279929215
VEN-04228,2,1,5.0,5.991637175320232
VEN-04229,1,0,3.883679397595325,20.473466507202616
VEN-04230,1,0,2.2341002935361525,6.479741737145178
VEN-04231,0,0,1.9948817018612657,15.156283182584064
VEN-04232,2,0,2.7609943156982424,8.152612287308477
VEN-04233,1,0,3.577659981492314,20.801371133632276
VEN-04234,2,1,2.9801714283220013,9.380272158105432
VEN-04235,2,1,3.3424756164048066,5.375579755977004
VEN-04236,2,1,4.065084282344714,8.696955058678693
VEN-04237,1,0,2.8057158172833923,26.664987313305964
VEN-04238,1,0,3.555658746695402,3.0315316541004336
VEN-04239,1,0,2.7660198641095075,23.62027009914113
VEN-04240,1,1,3.901558365339105,6.237221958595675
VEN-04241,0,0,3.17181611121668,27.47635871840075
VEN-04242,1,1,3.301068700434807,6.602359083804071
VEN-04243,3,1,2.656414835446266,17.873639285859753
VEN-04244,3,1,4.53100019470584,7.633197834166183
VEN-04245,1,0,3.951678422007807,20.62302817528929
VEN-04246,0,0,2.223078935265302,6.445751076890609
VEN-04247,0,0,4.269923656190385,5.549823816301635
VEN-04248,0,0,2.796439671331755,16.09284400763825
VEN-04249,1,0,2.7533060908432048,18.633608532399123
VEN-04250,2,1,4.690308098820854,12.306312204696882
VEN-04251,0,0,4.474620137340728,7.0687789333012345
VEN-04252,2,0,2.814308874169537,1.1221543547265524
VEN-04253,3,0,2.5730185636860297,17.71466762527188
VEN-04254,1,1,2.995856078320034,2.130634316296896
VEN-04255,0,0,2.555190212796137,16.765456358423286
VEN-04256,3,1,3.0593500879417097,5.5553433308121045
VEN-04257,1,0,3.910931384555973,11.263044018072062
VEN-04258,0,0,2.1500512479214264,9.627677298737064
VEN-04259,3,1,2.531983391629544,17.477866214696686
VEN-04260,0,0,2.6469207620852213,22.576745189826337
VEN-04261,1,0,3.6890173148603034,13.066402983576056
VEN-04262,1,0,3.9591596034095655,33.62788500697132
VEN-04263,3,0,2.701165085927566,15.907416131277897
VEN-04264,2,1,3.0996565161295417,10.319376920242936
VEN-04265,2,0,4.436256758211753,2.627103526067349
VEN-04266,4,0,4.519981225507295,22.970184621303204
VEN-04267,3,0,4.185469797404227,22.38104142136677
VEN-04268,2,1,2.184547841100611,8.381607108117313
VEN-04269,1,0,4.070262668994911,11.236177633134508
VEN-04270,3,0,2.5941402933584223,11.499836718160166
VEN-04271,3,1,2.728911955854822,3.0522102047490085
VEN-04272,4,1,3.1385590144958293,4.043183006161179
VEN-04273,3,1,4.618725501135595,12.50342696582752
VEN-04274,0,0,3.9150384108044056,24.16968222814739
VEN-04275,2,0,4.169891445865934,13.395849741410377
VEN-04276,1,0,2.9226779117812924,14.411729233979925
VEN-04277,2,1,3.0820068308476163,8.256887587209746
VEN-04278,1,0,3.550154881864738,23.12708477983449
VEN-04279,1,0,4.402878805980376,10.652685687157453
VEN-04280,0,0,2.472171254721717,15.09457863068286
VEN-04281,1,0,3.177444407046356,3.639748826523776
VEN-04282,2,0,3.301586623324611,6.760266697156687
VEN-04283,0,0,2.420088355055945,9.578510397246692
VEN-04284,0,0,4.161210851769712,11.52958201475484
VEN-04285,1,1,2.012085953667498,9.963539261782664
VEN-04286,0,0,4.272821781427503,24.59850160048942
VEN-04287,2,1,3.3724163625642527,10.440128684608563
VEN-04288,1,0,3.72322074017767,12.139674792669483
VEN-04289,0,0,4.127987548988209,2.6392881954625684
VEN-04290,0,0,2.7431023200589437,20.537930182193435
VEN-04291,1,0,3.546375648548649,8.778838401862547
VEN-04292,2,0,4.018000646217942,12.640859748653057
VEN-04293,1,0,2.348656682682801,7.24547490242821
VEN-04294,1,1,3.867227984365372,4.788297597102678
VEN-04295,0,0,4.282699682875736,48.0
VEN-04296,2,0,3.062142388585698,20.068858066612236
VEN-04297,1,0,3.938898310891156,13.67205116176657
VEN-04298,0,0,3.1139950567559467,3.296295143517328
VEN-04299,3,2,2.745866184727324,6.748167808040299
VEN-04300,2,0,2.905922786746705,5.134976209943578
VEN-04301,1,1,3.846705051888054,7.776181366980883
VEN-04302,3,1,2.636999873087248,9.446085029642422
VEN-04303,1,0,2.503969726904322,5.034907529783301
VEN-04304,1,0,3.285480516964978,2.5505817237971606
VEN-04305,2,1,4.590266011143165,11.826125581751208
VEN-04306,2,0,3.846208059887438,4.556015858414624
VEN-04307,2,0,4.048454499254394,14.93242384457368
VEN-04308,2,1,4.119897670578209,7.765589903312064
VEN-04309,1,0,3.5671813015852862,9.622178793717818
VEN-04310,0,0,3.0873321207087185,2.1749699146528347
VEN-04311,1,0,2.7324192368050277,10.968877069550636
VEN-04312,3,0,1.6174425212018717,29.280154202979247
VEN-04313,1,0,2.492136470171906,12.822861154170944
VEN-04314,0,0,1.713897747291276,1.467737443094822
VEN-04315,3,0,3.626556435836096,32.01644242407377
VEN-04316,0,0,2.218461800616128,7.18590044994287
VEN-04317,0,0,3.5152856688221927,17.848086519395263
VEN-04318,0,0,3.4325105271679868,9.69212722390738
VEN-04319,0,0,3.1013447168952237,3.936419965902052
VEN-04320,0,0,3.963563886432624,15.36338683623574
VEN-04321,1,1,3.171096618894085,25.464048355559704
VEN-04322,0,0,4.184951659837283,8.713521570268
VEN-04323,0,0,4.361036724043127,8.377754425888591
VEN-04324,2,0,1.8159776542729844,6.34543445131004
VEN-04325,1,0,2.4329696088207298,1.1027804012315277
VEN-04326,1,0,1.6188766069142746,14.385354066877108
VEN-04327,0,0,4.362858990181857,19.338728327761785
VEN-04328,2,1,3.897838151441585,7.818803253142342
VEN-04329,2,0,4.018363937611529,10.34116680197702
VEN-04330,2,0,3.4937022723516726,10.140149521047576
VEN-04331,1,1,4.157391291758618,13.3202898714676
VEN-04332,0,0,2.568949142396817,10.124845777352348
VEN-04333,0,0,2.765503315344312,29.704000995743264
VEN-04334,1,0,3.595648303306034,3.716482545501284
VEN-04335,3,1,3.6077419878806025,14.944824911953065
VEN-04336,2,0,3.606828638664516,24.12632056036185
VEN-04337,1,0,3.288909067285033,11.089589607007966
VEN-04338,1,1,4.137516481751819,17.986295629733934
VEN-04339,4,1,2.411979909558285,11.964106638793158
VEN-04340,1,0,2.286858184614411,11.011046370839754
VEN-04341,0,0,3.730260243438949,5.2236852465976895
VEN-04342,2,0,2.4560535683192706,12.745479709202472
VEN-04343,3,1,3.2748712267508653,2.4401867775776904
VEN-04344,3,0,3.203339924219405,4.599632324014436
VEN-04345,0,0,4.146046585586602,21.35924611291876
VEN-04346,1,0,5.0,6.7441705725041565
VEN-04347,2,0,4.116091951906978,7.728170760797305
VEN-04348,0,0,3.2695039460566617,8.825744670546966
VEN-04349,0,0,2.6226745778117024,0.9394009072335592
VEN-04350,1,0,2.7010321277491656,7.354482957865397
VEN-04351,1,1,3.310208894013453,20.64683469502186
VEN-04352,2,0,4.04632123171712,15.583954681483377
VEN-04353,0,0,3.3887341633025194,14.78732132162842
VEN-04354,3,0,3.526903516211182,10.80034103406472
VEN-04355,2,0,4.322201722282776,24.86416003481038
VEN-04356,2,2,5.0,30.43559386340839
VEN-04357,1,0,4.266477829552747,18.428160186080923
VEN-04358,2,1,4.2116664639813095,10.379534397523452
VEN-04359,1,1,4.0160362974195785,12.343670369371583
VEN-04360,0,0,3.959311306221874,9.321851346587223
VEN-04361,2,1,2.2572100712232506,5.817356664357584
VEN-04362,1,0,3.7651640783536906,27.41269542810258
VEN-04363,2,0,3.412712585363642,35.510477589025136
VEN-04364,1,0,3.403496758503839,15.452627548994222
VEN-04365,3,1,4.398590443880778,17.01194316488724
VEN-04366,1,0,4.871012235236725,6.304243301753768
VEN-04367,1,0,2.819700339318393,9.517581157109955
VEN-04368,0,0,2.731171736251964,9.551805495304317
VEN-04369,1,0,3.0453534858901548,3.925782008557898
VEN-04370,0,0,3.371882907326228,12.039105017430336
VEN-04371,0,0,3.77125628260734,5.994314995497192
VEN-04372,3,0,2.9657671219513246,48.0
VEN-04373,2,0,2.5669824534036123,24.23212878119365
VEN-04374,1,0,2.781136827164004,8.480482810224478
VEN-04375,1,0,4.208521365123328,13.553524736212092
VEN-04376,4,0,3.095762062118177,2.439507236002302
VEN-04377,1,0,3.312169244712921,6.523368785314001
VEN-04378,0,0,2.8755904832818544,7.141132534509401
VEN-04379,1,1,4.281014909276953,16.12197617144283
VEN-04380,1,0,3.6445962958135016,6.651909011673259
VEN-04381,1,0,3.459525673284971,19.671584077843043
VEN-04382,2,0,3.859947141362448,6.3345249169870685
VEN-04383,0,0,3.325343267891841,14.94005768500431
VEN-04384,2,0,2.4977754462935486,24.07765056975013
VEN-04385,0,0,3.164156952436809,6.997858151903121
VEN-04386,2,1,3.9979379683191754,21.83032969363747
VEN-04387,0,0,4.169597713637887,5.440600545374729
VEN-04388,0,0,5.0,13.924715931248686
VEN-04389,0,0,3.906676177056973,3.766322787160487
VEN-04390,2,0,2.556120279801572,20.91189609125046
VEN-04391,0,0,4.174530459466646,14.216851563903692
VEN-04392,3,0,3.66940392861602,4.360443110791919
VEN-04393,1,0,1.6486833596562498,16.14842849181254
VEN-04394,0,0,2.382762619272145,5.891349294296696
VEN-04395,2,0,2.727640677095427,9.05424215961329
VEN-04396,3,0,4.398091188229154,1.9408978626793287
VEN-04397,2,1,4.071676916587971,7.7849499512027425
VEN-04398,0,0,3.5226043710244577,0.861308675704963
VEN-04399,3,0,3.623693721617632,11.87344165958516
VEN-04400,0,0,4.248576382617317,13.333767538181291
VEN-04401,2,0,4.148883598852542,23.036417047907104
VEN-04402,4,2,2.86107325385264,31.60767671617732
VEN-04403,1,0,4.051551135730081,19.250315239607225
VEN-04404,0,0,4.564235644266505,27.01098437609183
VEN-04405,0,0,4.113414212514523,13.651295960028389
VEN-04406,0,0,2.7171152347307466,32.10845546264418
VEN-04407,0,0,3.7580602514696175,5.1431969472739
VEN-04408,2,0,2.6162488454183634,17.25202126843253
VEN-04409,1,0,2.723642874906427,7.996148012937283
VEN-04410,0,0,2.682914376605015,6.067614629095042
VEN-04411,0,0,4.5399538251097695,18.058064261634136
VEN-04412,0,0,2.9258532080700657,14.122199700389336
VEN-04413,1,0,2.294300758443552,13.833550946653544
VEN-04414,4,1,2.806705973921101,10.815635589909846
VEN-04415,1,0,3.7801858007770255,15.944454615173674
VEN-04416,1,1,4.405536429169361,10.93823606292698
VEN-04417,0,0,3.11901295831352,9.075012926110324
VEN-04418,1,0,4.620408544005177,16.77891747685369
VEN-04419,1,1,3.647962429160682,17.40553521919348
VEN-04420,0,0,3.1428953138350364,7.295960737854039
VEN-04421,1,0,3.1173271149376838,13.515413200883206
VEN-04422,1,0,3.197772513230426,7.012194613567254
VEN-04423,2,0,3.382813666471597,6.716792645579596
VEN-04424,0,0,3.4497314105979062,18.07703900702812
VEN-04425,0,0,4.018282057998265,1.3201118523475988
VEN-04426,2,1,2.867901632591763,24.415898731287687
VEN-04427,2,1,3.432668046633634,7.377175119762295
VEN-04428,0,0,3.165004825216759,17.638819120261893
VEN-04429,1,1,4.217848144258825,5.123944904070854
VEN-04430,1,0,3.3623005389852056,14.409030960105335
VEN-04431,1,0,4.483805424563049,8.345102197775953
VEN-04432,2,2,4.294345892392919,7.062135628940657
VEN-04433,2,1,2.1184432153309807,12.46459273218632
VEN-04434,2,0,2.6892822424099423,20.218315650755592
VEN-04435,0,0,3.0729708068187565,11.295548459257816
VEN-04436,0,0,4.154150825843937,9.563932470916187
VEN-04437,1,0,4.518570822618949,15.797968398337163
VEN-04438,2,0,3.1465634338772936,4.619600349730513
VEN-04439,0,0,2.20517261471774,1.927706172096832
VEN-04440,0,0,2.5148901990565955,4.028918660435976
VEN-04441,0,0,3.461261573732988,16.33782239612265
VEN-04442,1,0,3.2387177054717915,15.452636734100375
VEN-04443,3,0,3.759662130335704,7.420086451198112
VEN-04444,0,0,3.43171656996896,8.692617923807772
VEN-04445,0,0,2.853981673382319,18.536631624404308
VEN-04446,1,0,3.137006834716812,25.978143484468134
VEN-04447,3,1,3.248974600674548,32.03596660118851
VEN-04448,3,0,3.19661192398098,17.51509703796368
VEN-04449,1,0,3.4762172929232813,20.69037541449984
VEN-04450,1,0,4.724016590437774,9.40554452301313
VEN-04451,0,0,3.820997176874236,5.007728211072512
VEN-04452,1,0,4.049103675344626,8.805447915683246
VEN-04453,2,0,2.450528173791782,9.771234188754647
VEN-04454,0,0,3.3392334727370216,19.48779210318554
VEN-04455,0,0,5.0,19.07814384393229
VEN-04456,0,0,3.692585132445352,6.623390449095035
VEN-04457,1,1,3.691216611336994,12.301937846864869
VEN-04458,1,0,3.1716860020663367,4.265752223854413
VEN-04459,1,0,3.744605903254367,7.265591829151278
VEN-04460,2,0,3.755216571762207,7.716586498548535
VEN-04461,3,1,4.925230624263758,12.099247472922794
VEN-04462,0,0,4.024680152795116,20.60495489277424
VEN-04463,3,2,4.1199348721569455,12.60912689740781
VEN-04464,1,0,2.8836421570138544,12.330173809226634
VEN-04465,3,0,3.1167880047158776,15.82537866523054
VEN-04466,1,0,3.000158597430985,21.589718536137216
VEN-04467,2,0,2.54060708616145,11.02087003598811
VEN-04468,2,0,2.9976696630709947,19.154599520663915
VEN-04469,0,0,2.7662032551624347,14.236945193786385
VEN-04470,1,0,4.044565313267023,9.134250131895511
VEN-04471,0,0,3.232693036283432,18.743989147399976
VEN-04472,1,0,3.142212867676032,23.50750592050771
VEN-04473,0,0,2.855657416699608,9.588909935784786
VEN-04474,2,0,3.118921360047348,3.388467775862813
VEN-04475,0,0,4.757509428317656,4.45835898964884
VEN-04476,4,0,5.0,21.164300760956337
VEN-04477,1,0,4.162834743227188,5.890510006775543
VEN-04478,1,0,3.683332699791449,10.609701529774014
VEN-04479,3,1,3.0482608014634223,11.002116933207793
VEN-04480,5,0,3.572415884229339,5.3134279555826645
VEN-04481,1,0,4.363045718983194,17.87540836413206
VEN-04482,1,0,2.475246929908112,23.47517837322039
VEN-04483,1,0,2.5562887904234617,11.396848109731517
VEN-04484,3,1,3.816754784204519,6.200699725809769
VEN-04485,0,0,3.930740307547409,3.3918939597595705
VEN-04486,2,0,4.037332776165004,3.0940871464459883
VEN-04487,1,0,2.343551857686206,10.99081711236814
VEN-04488,2,1,3.270837611783885,15.72148907502674
VEN-04489,1,1,3.5595039070500234,14.054801630133763
VEN-04490,3,1,3.2009595069650776,5.972675833111309
VEN-04491,1,1,3.073753784671011,38.26853244634278
VEN-04492,0,0,3.030165127425438,9.469787264625005
VEN-04493,0,0,4.057930487565824,17.745019621484964
VEN-04494,0,0,2.2258595868050577,7.432728041746266
VEN-04495,2,0,4.270128102428391,15.88955942268513
VEN-04496,0,0,3.0934186978102685,6.699230604348979
VEN-04497,0,0,3.305370931409457,7.528735994699141
VEN-04498,1,1,3.4498242624410875,16.265751165623072
VEN-04499,1,0,4.22538158100066,7.050560145427531
VEN-04500,2,0,4.834511256831958,12.615816398356282
VEN-04501,0,0,4.530578581913018,9.41668236984309
VEN-04502,1,0,2.941121000410508,6.901249336566551
VEN-04503,3,1,2.697292187834514,16.000599621808938
VEN-04504,2,0,2.648409075018204,10.42080372504836
VEN-04505,1,0,2.045793738829824,6.5822751278028
VEN-04506,0,0,3.602922136307377,3.9382418412648015
VEN-04507,1,0,4.145634135731285,20.596623339677578
VEN-04508,3,0,4.474380645524203,9.704375876241649
VEN-04509,0,0,4.332576355423656,13.734192456956906
VEN-04510,2,1,3.228834565767457,6.637169639179318
VEN-04511,1,0,3.1889291785696665,29.24956836330943
VEN-04512,3,0,2.385678126541899,8.135906577335708
VEN-04513,2,0,3.0845217975361816,6.691023243328785
VEN-04514,1,0,3.223070385296846,2.223301293336473
VEN-04515,2,0,3.3188985678296343,3.2610413348923006
VEN-04516,1,0,3.6757237907305074,23.584629632112737
VEN-04517,2,0,5.0,21.025046427688608
VEN-04518,1,0,3.1726433108276915,9.192754183438586
VEN-04519,3,0,4.067912340728504,7.471274062697228
VEN-04520,1,1,2.8365757466499386,17.117943973722085
VEN-04521,0,0,3.1344313581561547,7.551918374573834
VEN-04522,1,0,2.78360325129794,11.609080960535216
VEN-04523,1,1,3.554259079934651,13.199516235806106
VEN-04524,2,0,2.932769754052405,12.440281438921687
VEN-04525,1,0,4.085372972931845,6.542743820815087
VEN-04526,0,0,1.398043180189502,13.164994902830284
VEN-04527,5,1,4.433731010132855,9.579139353688063
VEN-04528,0,0,3.818429398280565,10.392215649572654
VEN-04529,1,0,4.37939692222327,16.8742695567527
VEN-04530,2,0,2.451136286104885,16.609015900488917
VEN-04531,1,1,2.560510785933496,20.108821445058105
VEN-04532,1,0,2.920921258561478,28.73726685355545
VEN-04533,0,0,2.7708221099657475,20.8101624239986
VEN-04534,0,0,4.179613318677614,10.4136459871973
VEN-04535,2,0,2.4228353247105803,30.856490233649915
VEN-04536,3,0,3.7664428643098153,10.640216799426524
VEN-04537,2,1,2.9450123186925845,14.846167628172877
VEN-04538,1,1,3.49113365456326,14.828354276348712
VEN-04539,0,0,3.713546994396936,17.781177615573576
VEN-04540,0,0,5.0,6.090974031175736
VEN-04541,0,0,2.914650916375337,26.159647589895982
VEN-04542,1,0,3.7036420083132833,5.570575515132926
VEN-04543,1,0,3.2768192882685017,18.528872097303456
VEN-04544,0,0,3.995777694738731,8.253733551469303
VEN-04545,4,1,3.391442295697097,9.696529647080492
VEN-04546,1,0,3.1905125537822814,12.888056082488747
VEN-04547,3,0,3.663160614301785,23.019701676178524
VEN-04548,2,0,4.428944210420401,17.278443631703343
VEN-04549,1,0,4.111867061448455,11.5738993493068
VEN-04550,3,1,4.507523918303764,9.67293752797364
VEN-04551,1,0,4.360804472935138,6.308906458661654
VEN-04552,1,0,4.337090420295188,2.2279761720107287
VEN-04553,1,0,2.535119343736816,31.26832128392665
VEN-04554,0,0,2.9224904689413624,11.043526350488246
VEN-04555,2,0,3.561078990571326,13.56399311779164
VEN-04556,2,0,3.945660076497499,9.427096126126008
VEN-04557,2,0,3.0299873775856496,7.724512312634846
VEN-04558,2,0,2.303867847580983,23.791505051519003
VEN-04559,2,0,3.7180719513426688,6.502508195452372
VEN-04560,2,2,3.964233685567671,13.11145820798485
VEN-04561,1,0,2.6973856624687667,12.39101137466028
VEN-04562,0,0,3.18198795640829,6.087470474222678
VEN-04563,1,1,2.441886457355773,12.643088738863613
VEN-04564,4,1,3.957063965682101,1.1135247908451231
VEN-04565,1,0,3.1295949867967083,15.676378586356329
VEN-04566,1,0,4.025849404793152,7.036805256036848
VEN-04567,2,0,4.310651514227982,18.09861937287048
VEN-04568,0,0,4.056278496959142,10.551844977378718
VEN-04569,2,0,2.5272776027321333,15.781665214531134
VEN-04570,2,0,3.000587444080989,10.240213801085291
VEN-04571,0,0,1.5831553506229803,13.3030295380015
VEN-04572,0,0,3.2158058511919174,41.40390813831952
VEN-04573,1,0,4.066688896389842,11.006909037013315
VEN-04574,2,0,2.782962408008707,36.64357367104637
VEN-04575,1,0,4.424006629313111,10.03599913252011
VEN-04576,1,0,4.247451932857782,1.96821379423516
VEN-04577,2,1,3.640599096307482,18.11138951579202
VEN-04578,2,1,3.771849968036924,25.19000835733216
VEN-04579,0,0,2.9384035705930205,8.118223376032685
VEN-04580,2,1,2.532916843789713,8.86022447070369
VEN-04581,1,0,2.828008265159093,9.851917727233015
VEN-04582,0,0,4.564631630424972,19.086763891680988
VEN-04583,0,0,2.7354127365943075,16.420733395512293
VEN-04584,0,0,4.232600709003663,11.990660331229972
VEN-04585,1,0,4.705313792489852,3.196409053399262
VEN-04586,1,0,3.991779723986159,31.02405432713469
VEN-04587,1,0,2.3979187288415997,2.0714450398223394
VEN-04588,2,1,5.0,24.94860890648261
VEN-04589,1,1,3.5141939260548165,17.47500647156236
VEN-04590,3,1,3.381166938287973,22.44071293868993
VEN-04591,0,0,2.898507090343154,5.979729574337382
VEN-04592,2,0,3.850809617114078,1.905012856899164
VEN-04593,0,0,4.370371549151735,9.66661355340122
VEN-04594,1,0,3.931283333330669,21.594888164551897
VEN-04595,0,0,3.547494961230155,19.962670819748976
VEN-04596,3,0,3.798852920333829,34.25902802192359
VEN-04597,1,0,2.98961138912257,20.82938326877909
VEN-04598,5,2,3.6984032246735015,9.071630755077909
VEN-04599,2,1,4.432472937333895,6.640686334078455
VEN-04600,1,0,3.855932308560172,2.4025163228829785
VEN-04601,0,0,4.126063178970035,14.314189593983563
VEN-04602,3,1,2.3090528019552305,2.542121940487947
VEN-04603,2,0,4.007430890607692,8.429944870657971
VEN-04604,0,0,3.05233458377952,10.909444231931142
VEN-04605,0,0,3.4830536008916355,22.18829927044385
VEN-04606,2,0,3.296900872071396,22.40283379238627
VEN-04607,0,0,3.627704079796606,8.346904606745616
VEN-04608,0,0,3.5707875924095536,21.537658000480917
VEN-04609,2,0,3.035456302483577,10.18703814377812
VEN-04610,1,1,3.8849352988097614,22.233279406410105
VEN-04611,0,0,4.150852068963635,12.55750290137238
VEN-04612,3,0,3.7257805627906313,5.920644830890902
VEN-04613,0,0,3.815869612068588,3.0059817870376127
VEN-04614,1,0,2.6581148055246624,9.861069617156575
VEN-04615,4,0,2.716025897475091,13.222717184915796
VEN-04616,0,0,5.0,15.631459704966248
VEN-04617,2,1,2.5921650279189152,21.883711210227663
VEN-04618,0,0,3.4373974843559165,6.75889198516038
VEN-04619,2,0,3.653301930105078,13.069449479564677
VEN-04620,1,0,2.705525202181505,25.50414512698697
VEN-04621,1,0,2.763184246174194,8.65939014935145
VEN-04622,6,0,3.7548460270618618,9.52604554829489
VEN-04623,1,0,4.800443039516981,32.019532981204286
VEN-04624,3,0,2.391187776749459,6.955912563838457
VEN-04625,2,0,2.216159037672954,6.726523682542871
VEN-04626,4,0,2.2238916500764363,8.135476214749792
VEN-04627,1,0,3.649100642070764,6.185255607874587
VEN-04628,2,0,3.4288181877648225,2.0934926290309104
VEN-04629,0,0,2.3888503637733423,20.57776952509095
VEN-04630,1,0,3.277212932177136,14.407341510218076
VEN-04631,1,1,4.763313212387199,6.609662845858207
VEN-04632,1,0,3.584408081994661,22.555912294511277
VEN-04633,2,2,2.2049285182044405,2.1238055931934023
VEN-04634,0,0,4.070895729695316,4.237006428471475
VEN-04635,0,0,4.936699584366066,7.374864291748373
VEN-04636,2,1,3.2540290261604428,24.63355372651409
VEN-04637,0,0,5.0,1.1536262857982622
VEN-04638,1,0,2.9229439977541176,24.989625232374816
VEN-04639,1,0,3.4063056367333022,10.786054116477018
VEN-04640,0,0,3.7011170208211466,18.43613633985765
VEN-04641,1,0,2.096557379901368,18.751706076072622
VEN-04642,3,1,3.197477899426463,4.649131624004975
VEN-04643,1,0,3.846352102556399,7.331131078633701
VEN-04644,1,1,3.0753474353300048,10.176091205056704
VEN-04645,1,1,4.50939602434871,8.452897761970679
VEN-04646,0,0,4.109284882782851,6.220779198369749
VEN-04647,1,0,2.3370962548749272,13.9218094451313
VEN-04648,6,0,4.244141757401526,3.022131935517185
VEN-04649,1,0,4.103485603955384,13.58233168161221
VEN-04650,1,0,3.4333226817396154,2.168115054755801
VEN-04651,1,0,3.4340380510924686,5.88262119012809
VEN-04652,5,0,4.570963998391612,39.89661784531368
VEN-04653,1,1,1.983001256826512,12.802787135274407
VEN-04654,1,0,4.304156266728557,5.254826349167413
VEN-04655,2,0,4.215234206431677,16.090371242804842
VEN-04656,4,1,4.5230947755666495,8.542397236741039
VEN-04657,0,0,3.8484884039890304,5.054920076214575
VEN-04658,1,0,4.658049236658498,13.139679784196488
VEN-04659,1,0,3.3533781490356804,12.546802450402446
VEN-04660,1,0,4.306771672264103,4.04217231795758
VEN-04661,1,0,3.668207465171876,13.800784345298135
VEN-04662,1,0,3.0178018084626066,16.839896723447854
VEN-04663,3,0,3.587370068177796,7.481980965164495
VEN-04664,0,0,3.321072073667524,11.86079825448086
VEN-04665,2,1,4.636366673392906,4.647961688620084
VEN-04666,3,0,4.201699857342168,10.46518333979502
VEN-04667,0,0,2.640382238582809,21.6851890629178
VEN-04668,0,0,3.50323662611336,16.34335664112799
VEN-04669,2,0,2.881394146088468,16.071434035588595
VEN-04670,0,0,2.723040282159772,11.242221624048492
VEN-04671,2,0,3.673310179240656,17.523102746567353
VEN-04672,0,0,3.845823812508992,8.746507924000811
VEN-04673,1,0,4.592912250312489,10.325263324545483
VEN-04674,1,0,3.2499527715469623,14.039673934426157
VEN-04675,0,0,4.275822478534668,15.793181063484289
VEN-04676,3,0,4.149290565150658,29.677352744933785
VEN-04677,1,0,3.799097604853732,17.95936151349794
VEN-04678,3,0,3.451779386069888,13.94543785816292
VEN-04679,1,0,2.6861668508027714,14.817470137234531
VEN-04680,0,0,5.0,20.64709162343149
VEN-04681,2,1,3.9021616970562047,12.244304727848224
VEN-04682,1,0,4.396838015539471,10.534071626970894
VEN-04683,0,0,3.6402758739819863,14.0063507891859
VEN-04684,2,0,3.847910676203304,19.709249806355263
VEN-04685,0,0,3.481891644459876,11.076891960285824
VEN-04686,0,0,2.9251285210706137,15.867100092954503
VEN-04687,2,0,3.670558694886886,16.75743285209804
VEN-04688,0,0,3.638312874905656,18.4581422398804
VEN-04689,1,0,2.643404626278194,7.56819535212025
VEN-04690,2,1,4.632971230058029,8.899105299820341
VEN-04691,1,0,2.199633340450291,13.805955522378849
VEN-04692,3,0,3.811491551883531,9.689362488451724
VEN-04693,4,0,4.07324510818083,23.305182851097847
VEN-04694,1,1,3.325081718606054,16.91443409205279
VEN-04695,2,0,3.4548639638770684,2.9230176707199007
VEN-04696,0,0,3.7613136295454384,4.1283436865111565
VEN-04697,0,0,5.0,7.499261669859627
VEN-04698,2,0,3.4058426714021808,7.583515488526643
VEN-04699,1,0,3.0371566985051457,14.1093875580412
VEN-04700,2,0,3.455895581266147,4.317338349789248
VEN-04701,2,1,2.9973835527390857,15.14302156914409
VEN-04702,0,0,1.6061026411991253,10.695270213442925
VEN-04703,0,0,2.7021761148919445,18.031708397295382
VEN-04704,3,2,3.7058380225279177,19.33696204688531
VEN-04705,1,0,4.730738662774628,26.465458905723004
VEN-04706,4,0,3.491697260275409,21.102075105064497
VEN-04707,0,0,3.2812983791544146,13.922210859028764
VEN-04708,0,0,3.200515863647538,26.558483271976872
VEN-04709,2,0,4.635311254658377,11.793048561887971
VEN-04710,3,1,4.581462771002416,4.943363790297219
VEN-04711,1,1,2.3502209339907414,1.7351769813152045
VEN-04712,0,0,2.8460726004179198,12.060140764874216
VEN-04713,2,0,2.796901063716817,30.073055901967507
VEN-04714,0,0,3.517313754293601,16.53427165569813
VEN-04715,1,0,2.750109845257734,22.88007998885748
VEN-04716,1,0,3.2865577492495857,17.74127983191641
VEN-04717,1,0,2.8716429410825417,23.970344107818004
VEN-04718,3,0,2.812107358785699,22.107926477370555
VEN-04719,2,0,4.956645750595124,7.151645792667607
VEN-04720,0,0,1.631412179544686,8.196102446552963
VEN-04721,0,0,4.186964298997702,2.681818469908585
VEN-04722,1,1,3.407676823579228,16.384552013183406
VEN-04723,0,0,3.6696438621248193,11.983187909537149
VEN-04724,2,0,3.352423280651121,5.102870967755702
VEN-04725,3,2,4.820853301881106,27.299511084906136
VEN-04726,1,0,4.136942033872118,3.821770229095318
VEN-04727,0,0,3.897559151402522,29.177082193352497
VEN-04728,1,1,5.0,23.80001503932099
VEN-04729,2,1,3.285120477780035,38.31551432154749
VEN-04730,3,1,3.6733912220223592,3.716670090846288
VEN-04731,0,0,3.655975053201008,9.779053172557488
VEN-04732,0,0,2.6119719912815382,9.895748149167355
VEN-04733,3,0,4.046827024366529,10.701535866782894
VEN-04734,1,0,4.036183484442924,21.894772497891594
VEN-04735,1,0,4.295414639841734,13.895705096265887
VEN-04736,0,0,4.187706446757175,21.346078960972832
VEN-04737,1,0,3.3120901672780088,10.486192589725972
VEN-04738,2,0,3.4862156253131764,17.38162065804909
VEN-04739,0,0,3.194612730708229,9.149029922765036
VEN-04740,0,0,5.0,10.07976069909122
VEN-04741,4,1,3.1691494574800543,13.160031012773109
VEN-04742,0,0,3.7986394253098585,9.555123314506734
VEN-04743,2,1,3.751890473838459,46.54447783740088
VEN-04744,1,0,1.8578900974456896,9.237564338355124
VEN-04745,1,0,1.921600539129459,13.36071325751863
VEN-04746,1,0,4.859963781779352,12.535508237863883
VEN-04747,0,0,2.976548733369558,6.296520757139639
VEN-04748,1,0,4.070731287194052,24.31385197796204
VEN-04749,0,0,3.498607109314756,10.93467628706787
VEN-04750,1,0,2.85492203316104,6.639118136405921
VEN-04751,1,0,3.2716731065786515,5.442200562125452
VEN-04752,1,0,4.322336782792172,18.493903089721005
VEN-04753,1,0,3.5501618270236084,12.510834049145622
VEN-04754,0,0,5.0,20.600343938257478
VEN-04755,2,1,2.9626465669525777,11.303653960418211
VEN-04756,0,0,4.156756295685205,6.163452706307504
VEN-04757,0,0,3.981173839031618,12.708190507310874
VEN-04758,1,0,2.898861983288489,48.0
VEN-04759,0,0,3.0062872776754594,8.394058731173775
VEN-04760,1,0,2.6537311687381857,16.07581457757229
VEN-04761,0,0,2.609406397165059,21.375567294383284
VEN-04762,1,0,2.707930900577495,11.02916218544643
VEN-04763,2,0,3.4862045378860262,8.801112281813971
VEN-04764,0,0,1.7430276312503117,6.3086018426844905
VEN-04765,0,0,2.828547144013319,12.341604062734383
VEN-04766,2,0,3.517003561096745,7.134185012713338
VEN-04767,0,0,3.4310934207883497,10.92480507446579
VEN-04768,2,0,3.2868272419335334,18.990873663334888
VEN-04769,1,0,3.556957066163147,13.07867441652722
VEN-04770,1,0,2.680441765241274,15.454727758246484
VEN-04771,2,0,3.362060520250735,14.271701788672772
VEN-04772,4,0,4.911516648820026,8.249294606847318
VEN-04773,3,0,3.90629940509229,13.338572659219368
VEN-04774,1,0,2.832425518275824,12.394689965278554
VEN-04775,0,0,3.121731548356668,8.337148320591472
VEN-04776,1,0,4.156511492680527,27.49849707413699
VEN-04777,1,0,3.465037916952836,12.016281898447511
VEN-04778,2,1,3.0438927726168217,13.498379698057963
VEN-04779,2,0,3.4331106734438674,44.116577940866726
VEN-04780,2,0,3.4337838842162527,5.372321577536409
VEN-04781,2,0,3.3560480652426707,7.37667080482034
VEN-04782,3,1,3.065318693290521,13.974102495127832
VEN-04783,2,1,2.5604367906434007,9.646446144548538
VEN-04784,1,1,3.397149313125372,17.130622193840317
VEN-04785,2,0,3.73791344576768,7.281472033179363
VEN-04786,2,1,3.623918894425544,11.34344159264382
VEN-04787,2,0,3.263338289946072,18.014262685841704
VEN-04788,2,0,4.5732065479657,14.774220113769832
VEN-04789,0,0,2.6728333466391434,4.81787384711421
VEN-04790,3,1,2.3021365425747065,17.515532765086242
VEN-04791,5,0,2.0095527772875794,17.063161151583575
VEN-04792,1,0,2.3828388942769685,8.55375890764641
VEN-04793,0,0,4.075349470579484,4.880771016511312
VEN-04794,1,0,3.240508064050567,7.715260215895642
VEN-04795,0,0,3.2634062091657867,9.81285639250912
VEN-04796,0,0,3.4094527654955065,19.44708172015859
VEN-04797,0,0,2.984188170973343,9.790839270673208
VEN-04798,0,0,2.9428741340942217,17.103266777292173
VEN-04799,0,0,3.881591695542392,5.43991079093414
VEN-04800,2,1,3.275368630579513,12.602935825663552
VEN-04801,2,0,2.6546699481174647,30.149279653067577
VEN-04802,1,0,3.1707567961180096,6.981627105520297
VEN-04803,1,1,4.027789185540554,12.186008458961934
VEN-04804,1,1,3.545005611575786,9.331223738528488
VEN-04805,1,0,4.410390233497085,6.061720054144337
VEN-04806,1,0,3.834940195765735,12.95749462791012
VEN-04807,0,0,3.372409636442669,17.0501507766441
VEN-04808,0,0,3.7041915601790287,20.6787315178668
VEN-04809,1,0,3.109876611976752,5.442799093081498
VEN-04810,1,0,3.606703769844252,20.97426371534301
VEN-04811,0,0,3.764369708707796,35.45807003940093
VEN-04812,1,0,2.9917731045159544,17.79803089079968
VEN-04813,0,0,3.581081578698408,14.653410137779444
VEN-04814,0,0,4.471125102378356,2.3093591101785544
VEN-04815,2,0,3.574956122170143,27.541946388809635
VEN-04816,3,1,3.130915981126901,11.21973656444949
VEN-04817,4,0,4.727440563627908,5.886709815140525
VEN-04818,0,0,3.4312745236801585,21.068262208632397
VEN-04819,1,0,5.0,6.606658061150731
VEN-04820,1,0,3.752959272527341,5.140630304179613
VEN-04821,2,0,3.563805247276685,11.655252399701704
VEN-04822,1,0,3.8354727894624863,11.416790131201582
VEN-04823,1,0,4.629049055580537,8.00485916967214
VEN-04824,0,0,2.386054563210365,10.721816038954596
VEN-04825,1,1,1.6744540453905503,12.971915903698257
VEN-04826,3,0,2.2634077206350254,17.196027157544556
VEN-04827,2,0,2.9637940211885603,5.41337056593847
VEN-04828,2,0,3.391803383107685,9.644705970496336
VEN-04829,3,0,3.866887272141546,20.827814268647582
VEN-04830,0,0,2.7893803070849845,24.062903662995748
VEN-04831,1,0,3.3924948001665967,23.576638721878965
VEN-04832,2,1,3.688240213029895,11.025571825889912
VEN-04833,0,0,3.307659912092808,14.93294536380014
VEN-04834,0,0,3.351190036181148,15.840023314306556
VEN-04835,1,0,3.278669748022091,9.28720098404902
VEN-04836,1,0,5.0,13.541063042114343
VEN-04837,1,1,3.280321989005335,34.63402252014265
VEN-04838,2,0,5.0,2.789688093677836
VEN-04839,0,0,4.266479601384739,15.124761646452896
VEN-04840,1,0,3.930285026693146,5.9519843298312605
VEN-04841,0,0,3.27148286322495,17.4799943282852
VEN-04842,4,0,3.9608527968262006,4.257625853932359
VEN-04843,1,0,2.451915301587008,27.47627536782223
VEN-04844,1,0,3.033339057421501,38.03273124272907
VEN-04845,0,0,2.680769193717101,29.91855500923676
VEN-04846,1,0,4.4959595529877525,16.888926822628616
VEN-04847,2,0,4.410882847795597,6.828251196484997
VEN-04848,2,0,3.688648438378395,13.43628558597208
VEN-04849,1,0,3.032193636943258,5.171196809968581
VEN-04850,0,0,2.594510039177515,7.207954898220449
VEN-04851,3,2,4.215796011898643,16.889911354733147
VEN-04852,1,0,3.350751954841305,28.4824233292426
VEN-04853,1,0,3.836416902123464,13.636416368682186
VEN-04854,0,0,3.604670194624463,25.57072081716409
VEN-04855,3,0,2.949763076175463,12.023149332244014
VEN-04856,0,0,3.184456371391274,30.362131616630723
VEN-04857,1,0,4.582035828626073,8.380667447609639
VEN-04858,0,0,2.4855939901105994,5.90168851642931
VEN-04859,1,0,2.3238697984245404,3.2059123342601006
VEN-04860,1,0,3.1379397281410064,17.002364476383576
VEN-04861,0,0,4.060824654722217,6.085097325902596
VEN-04862,0,0,3.345603955370065,5.497633442763725
VEN-04863,1,0,4.0020063796057705,8.85696949941543
VEN-04864,1,0,3.9147885200920527,25.154174143691257
VEN-04865,1,0,2.979978796961952,26.498758645815435
VEN-04866,4,2,2.71404641893759,48.0
VEN-04867,1,0,3.050427788243443,18.566664423313487
VEN-04868,1,0,5.0,1.282321478829452
VEN-04869,0,0,4.287462212650576,7.546289922292181
VEN-04870,0,0,2.8535046585288875,23.03025962117298
VEN-04871,0,0,3.7965145760514254,19.600952538774617
VEN-04872,2,0,4.303090463069643,13.080246642418574
VEN-04873,2,1,2.8763239453641924,23.09939065344189
VEN-04874,4,0,4.368083460182826,2.1177079497127798
VEN-04875,1,0,3.8268215214133834,7.2525450747848605
VEN-04876,1,1,4.042852366974453,2.766385810092763
VEN-04877,2,1,3.885988951746443,10.76776550481477
VEN-04878,2,0,3.688367507043201,14.591768353934947
VEN-04879,0,0,3.6347160263096434,18.77314008753893
VEN-04880,4,0,4.144195269714279,29.59170234263524
VEN-04881,1,0,4.7995391365015045,5.658162873967614
VEN-04882,2,0,3.013568480052392,5.853585625160327
VEN-04883,0,0,2.827624530811009,16.569656209306974
VEN-04884,1,0,4.617987147730965,15.209750361694786
VEN-04885,1,0,3.98666072770713,10.545286343593965
VEN-04886,1,0,3.381979383000618,1.763074879653742
VEN-04887,2,0,3.8633720543495738,35.50768084261489
VEN-04888,2,0,3.674981168650264,4.768538696486718
VEN-04889,1,0,2.738237748968288,8.20213872144599
VEN-04890,3,1,3.8463643771880074,23.34777520021162
VEN-04891,1,0,3.1076850033477954,2.0973389277597603
VEN-04892,0,0,3.0434166728955923,5.4070578220330985
VEN-04893,1,0,5.0,9.347649057149576
VEN-04894,4,0,4.02998566599015,5.639436705603703
VEN-04895,0,0,3.7435947549502,7.581923688639556
VEN-04896,1,0,2.7193871318229865,18.883349213911867
VEN-04897,0,0,3.12053609003022,11.627745473833729
VEN-04898,3,0,4.321397275920885,28.30216150921504
VEN-04899,0,0,2.708419154414752,18.35628656499569
VEN-04900,3,0,3.994926884588801,12.50891312684058
VEN-04901,2,0,3.2253266841921016,7.892108408865959
VEN-04902,0,0,4.6173221134907445,5.380431252244946
VEN-04903,1,0,3.814036470442301,9.736580337733802
VEN-04904,3,0,4.992416425474247,13.142705574213643
VEN-04905,0,0,1.9302441029736488,22.67351943870924
VEN-04906,3,0,4.243372865914516,10.12820413377566
VEN-04907,1,0,3.385592938467097,25.64663327368284
VEN-04908,2,1,3.9339747040742,13.967742792339772
VEN-04909,3,1,4.858174811336681,2.815462710493013
VEN-04910,0,0,3.121218034494098,10.853872347877063
VEN-04911,1,0,3.824168649215008,17.347666932382648
VEN-04912,1,0,3.8153277406089945,6.834078299820749
VEN-04913,1,0,1.7573399891110606,8.291707509329822
VEN-04914,3,1,3.4238784238460798,2.5860398642175184
VEN-04915,0,0,4.619741498835742,16.091019404393407
VEN-04916,0,0,4.279131307566253,12.153640683599532
VEN-04917,2,0,3.6387253791576777,15.333779325342908
VEN-04918,1,0,4.472014583460755,41.784990628692654
VEN-04919,1,0,1.994575204068973,19.91386374669468
VEN-04920,0,0,2.904058096254673,16.80212640221457
VEN-04921,0,0,3.58387993672337,22.8172675519724
VEN-04922,0,0,3.223381184197886,8.278896844946932
VEN-04923,0,0,3.1901625329380736,14.504396974507388
VEN-04924,4,2,3.2645728130735505,8.149175126377903
VEN-04925,0,0,4.021896285730847,4.386686460076825
VEN-04926,0,0,3.961849052744774,8.28233331671685
VEN-04927,0,0,3.7972698318526046,7.248175831904989
VEN-04928,1,0,3.30791074826905,11.285381014867038
VEN-04929,2,0,4.697638504058274,13.26471089366144
VEN-04930,3,2,2.99370211075189,2.7454932767875397
VEN-04931,2,0,4.884094290982046,12.987176261588075
VEN-04932,0,0,4.840010810102406,48.0
VEN-04933,3,0,3.1930439683808807,21.40167170369783
VEN-04934,1,1,2.783276787213124,17.784297882492197
VEN-04935,0,0,3.565522998951708,20.46613422979479
VEN-04936,2,0,2.4621574797336163,20.86260178523748
VEN-04937,2,1,3.8383805683530334,6.3912343070892055
VEN-04938,0,0,3.5880487355002333,7.759755742354613
VEN-04939,0,0,3.654915994611672,10.458790571398652
VEN-04940,3,1,3.9061549765269112,4.264742222062666
VEN-04941,0,0,2.89296460468762,4.987574070257177
VEN-04942,1,0,2.8739642804671552,9.373004349572176
VEN-04943,0,0,2.465563930691429,8.398901651544884
VEN-04944,2,0,3.866344925604944,18.648580855670403
VEN-04945,1,0,1.9331518962984555,6.404168157484919
VEN-04946,0,0,2.881814676006328,19.30427895071782
VEN-04947,0,0,3.52656088310546,11.244796133509375
VEN-04948,2,0,3.117872491225095,27.12101663468372
VEN-04949,2,0,4.874951050907505,14.688268970908457
VEN-04950,0,0,2.1008369405325085,26.117656130945665
VEN-04951,3,0,2.3553192275581605,3.857589969329845
VEN-04952,0,0,3.034352250237733,9.839441174642008
VEN-04953,1,0,3.1056274063666947,4.692393801760489
VEN-04954,1,0,3.9435880024234495,11.251761660813672
VEN-04955,1,0,4.0032457821998175,8.977118212749394
VEN-04956,1,1,4.898612061010181,15.128577689774552
VEN-04957,0,0,3.7788735966120335,18.046450335442184
VEN-04958,1,0,2.4960906107970207,1.949616878667957
VEN-04959,2,0,2.3600989952289946,9.0954819118964
VEN-04960,1,1,4.55059845696206,12.119976509788302
VEN-04961,1,0,4.329465001151737,13.540248335809263
VEN-04962,0,0,2.9712749000608443,17.29078174870179
VEN-04963,0,0,2.706454429737189,19.65226747490225
VEN-04964,3,0,3.220215188245541,12.533722934138671
VEN-04965,1,0,1.6909615976274046,5.397689640639129
VEN-04966,1,0,4.301317740044021,12.641578076275778
VEN-04967,0,0,4.010959320939319,23.08490897763045
VEN-04968,1,0,3.54734300668111,12.437627175654322
VEN-04969,2,0,2.243897842840525,6.558685149029686
VEN-04970,3,0,3.607508066605708,24.326042211631798
VEN-04971,1,0,5.0,6.587082160618188
VEN-04972,1,0,1.8636273680117577,8.979422378748549
VEN-04973,0,0,3.670941000639954,7.037366199858087
VEN-04974,2,1,2.2505767310832407,10.377832689229296
VEN-04975,0,0,2.408718979447245,20.214511725250443
VEN-04976,0,0,4.22974824286606,19.266476383753822
VEN-04977,1,0,2.9822148300064413,6.290118091031455
VEN-04978,1,0,3.0021368256618675,14.603179482151525
VEN-04979,1,1,4.450390926171207,13.501360803528154
VEN-04980,1,0,3.552056961260396,3.552408570044288
VEN-04981,3,0,2.614397751109892,22.834960379700355
VEN-04982,1,0,3.1595621708994868,11.55493636161816
VEN-04983,2,0,3.4276353805538844,13.626150564495038
VEN-04984,2,1,3.901622706900965,8.519600272396351
VEN-04985,3,1,2.951282183629352,28.33547794363856
VEN-04986,0,0,4.166955466618575,12.736930450536931
VEN-04987,3,0,3.3022045216530214,7.282535426807847
VEN-04988,2,0,3.953697196340677,10.22704484516871
VEN-04989,1,0,3.6178423048546655,5.651414414317687
VEN-04990,2,0,2.7593382367362054,15.406929558692788
VEN-04991,1,1,3.619430476410112,19.781625901632022
VEN-04992,0,0,3.900034974668434,4.678319357723967
VEN-04993,2,1,5.0,1.7514070390842176
VEN-04994,2,0,3.947001853448007,2.363244058972901
VEN-04995,1,0,2.8714500089971158,3.26573088232597
VEN-04996,1,0,2.476829546194196,11.10744372162053
VEN-04997,1,0,3.524038542263508,4.889321098289857
VEN-04998,1,0,4.569974770097192,14.989589384521969
VEN-04999,2,1,4.164100123237669,12.912672994455123
VEN-05000,0,0,3.3165992760349416,20.77364638686783
