vendor_reference,business_service_dependency_pct,viable_alternative_provider_count,single_region_delivery_pct,declared_subcontractor_count,relationship_manager_change_count_24m
VEN-00001,40.12339286881087,2,70.20356492001689,2,1
VEN-00002,11.053736022559232,5,18.84663928522541,3,0
VEN-00003,22.76181607732141,2,19.019977444871486,3,2
VEN-00004,58.11377375480822,3,44.56648771400216,4,3
VEN-00005,13.4687489202998,4,44.39473126374091,3,0
VEN-00006,61.31959739223007,0,31.753087677655543,3,0
VEN-00007,42.16938727490473,2,29.062093741988893,1,0
VEN-00008,65.98236574730338,1,66.8654226988062,7,0
VEN-00009,53.47847276151597,2,26.52020214018348,2,0
VEN-00010,21.49301977271452,3,54.12790930089847,1,0
VEN-00011,84.19924311018266,4,59.41775321298843,4,2
VEN-00012,1.8418743276292069,0,42.7014742924022,2,0
VEN-00013,60.96676380158922,0,69.29294324572521,2,1
VEN-00014,71.19470927094035,2,82.54033174132273,6,1
VEN-00015,10.85106655325266,0,39.76747676484711,1,1
VEN-00016,47.856229323784326,5,23.33766076524354,3,0
VEN-00017,51.0170259247585,1,29.40495799586445,4,1
VEN-00018,17.712718507385237,2,67.81637871566002,6,1
VEN-00019,14.609642054607152,1,59.746033275099855,5,2
VEN-00020,59.69143689675472,5,45.409475352704405,5,1
VEN-00021,20.48807215959081,2,58.64809598753201,4,2
VEN-00022,40.56212074228094,2,40.4114799967511,3,2
VEN-00023,26.44065561226964,5,47.99267968110325,1,2
VEN-00024,33.658242006888635,2,41.90092886219186,2,0
VEN-00025,35.423766003248616,1,40.1045510453064,1,0
VEN-00026,14.303676855533528,1,94.18976376687424,3,2
VEN-00027,19.599058199212184,3,62.63060594928037,1,2
VEN-00028,40.582029228976985,1,60.588873868762114,0,0
VEN-00029,28.517644421128324,1,72.49941118648738,1,1
VEN-00030,66.66202451310681,1,67.79061966029272,4,1
VEN-00031,22.12985437295355,2,58.661388932404535,6,0
VEN-00032,42.13943679202836,1,37.82570497764968,1,1
VEN-00033,45.307959177349694,2,72.1733407365586,5,1
VEN-00034,65.728416346904,4,61.780543690883896,4,0
VEN-00035,14.553195581275212,2,38.75321455137603,4,0
VEN-00036,22.60238512220731,2,34.728866602461714,3,0
VEN-00037,40.36032535098449,4,49.84429365937117,4,0
VEN-00038,67.07561764456158,1,57.68919224881481,4,0
VEN-00039,25.718995178194703,1,41.43387613183701,4,3
VEN-00040,41.50928222559824,4,38.03643110311559,2,1
VEN-00041,41.130954803162574,3,36.283628813709385,2,1
VEN-00042,35.60708454232344,2,47.27333424985876,4,0
VEN-00043,58.446064111569264,1,38.58757883186341,0,0
VEN-00044,42.34873786936333,3,19.67492385542002,1,2
VEN-00045,18.969412567691588,0,32.14767740665534,2,0
VEN-00046,71.47040856328312,3,26.44861523349072,3,2
VEN-00047,28.776483953615656,2,34.97599895078731,1,0
VEN-00048,41.38902308800593,1,52.2256890824487,5,1
VEN-00049,20.922399171852632,1,62.92713382984337,3,2
VEN-00050,56.03078324009135,2,88.98480873846678,2,0
VEN-00051,22.72698532398427,2,56.966109521525375,4,1
VEN-00052,56.8909963857919,0,10.701745438678817,0,1
VEN-00053,38.36831688102314,1,59.02171845902176,5,2
VEN-00054,56.84892331502562,3,89.96684524080764,5,0
VEN-00055,11.216666184776631,1,47.404423614621294,3,0
VEN-00056,11.613124015340723,2,31.432581965303868,5,1
VEN-00057,55.07640116293705,1,75.74447695945985,1,1
VEN-00058,42.221733527394,4,39.73310783794881,5,0
VEN-00059,64.35123112721529,2,43.03196037053566,2,3
VEN-00060,19.15759464175716,3,42.12764784393956,3,0
VEN-00061,1.6381244978110423,3,42.185865176164846,2,1
VEN-00062,73.76990967113912,1,38.28626079203558,3,1
VEN-00063,41.74624023829462,2,21.45313807575933,3,0
VEN-00064,50.70197863295103,2,34.11469275749662,4,0
VEN-00065,83.32730972798016,2,53.85751066559287,4,1
VEN-00066,9.577121697841038,0,17.256415496215887,2,1
VEN-00067,37.16320646639674,0,76.46900061914751,5,1
VEN-00068,49.88744156389454,4,59.7773504720515,5,0
VEN-00069,38.41026888448742,4,62.08647867793935,4,0
VEN-00070,73.40433905516184,1,41.07042213834016,5,0
VEN-00071,17.721389207708725,1,45.08264975575715,7,2
VEN-00072,35.06930004888225,1,36.59101858299573,4,1
VEN-00073,61.14083433821289,3,43.02620096857962,3,3
VEN-00074,4.409057764437349,5,33.61472992352025,2,2
VEN-00075,35.8632635445376,5,31.12615375732206,4,1
VEN-00076,37.76904685493079,3,17.531157002140848,5,1
VEN-00077,47.956511127699606,3,17.843587912852406,3,1
VEN-00078,60.694328286865286,1,37.15508238474731,2,0
VEN-00079,50.619173051172325,2,85.17647709976956,4,1
VEN-00080,27.92205957905886,3,50.04157480272292,1,1
VEN-00081,78.04701599744142,1,13.419807457033109,2,1
VEN-00082,20.89383548599757,3,62.28165985419989,3,1
VEN-00083,92.78035580129092,2,42.40216289321302,5,0
VEN-00084,39.70611854961096,3,78.16188563393315,2,1
VEN-00085,38.48539261724252,2,25.882589200568106,4,0
VEN-00086,67.30335729210516,0,37.20231271776671,1,1
VEN-00087,12.018674288741376,2,28.417190982236257,2,0
VEN-00088,66.31257539829369,4,51.51135877266,2,1
VEN-00089,74.08446039420609,5,44.44621325169033,2,0
VEN-00090,45.63690479084052,1,5.137653053072484,1,1
VEN-00091,19.56319245831708,0,57.23590422554767,6,0
VEN-00092,34.88920699679607,4,52.02619371175646,2,1
VEN-00093,32.9591432706579,2,36.94121351172141,3,2
VEN-00094,40.82258802846212,4,51.03139790728416,1,2
VEN-00095,53.89908832564728,3,44.36448996068408,1,0
VEN-00096,25.571671641800098,3,31.78473537727409,2,0
VEN-00097,33.424608794069755,0,74.51913826608721,5,0
VEN-00098,22.0136341852438,2,19.84927325644618,1,2
VEN-00099,20.264978812278635,1,87.01104462782632,2,1
VEN-00100,10.810907201236596,0,76.04750379914374,2,0
VEN-00101,21.522733290160637,2,26.61002914485964,4,0
VEN-00102,51.11686140906715,5,62.119671388760935,1,1
VEN-00103,46.03064135538551,3,53.82786651082439,4,1
VEN-00104,54.07008243027728,2,45.328878065406535,3,0
VEN-00105,52.60564680519294,2,26.57835856464725,7,0
VEN-00106,16.264283616896584,0,29.1021076559566,3,1
VEN-00107,56.30909229240644,0,54.2602787537317,1,1
VEN-00108,71.32486837610867,2,28.09654412153941,3,1
VEN-00109,39.72663789460037,2,31.676277749318547,5,0
VEN-00110,36.05593559326916,4,50.20174098189639,0,0
VEN-00111,78.80221755130611,3,61.03789495585825,4,0
VEN-00112,54.61724973788501,1,67.52833584518834,1,1
VEN-00113,53.27548630755251,1,17.85809497060795,6,0
VEN-00114,59.8203229210584,2,50.905928449077145,1,0
VEN-00115,44.02963127071264,3,48.37174954207909,4,2
VEN-00116,4.303965746950681,1,64.3867168524258,2,1
VEN-00117,25.654815415255595,4,78.76758934866771,2,0
VEN-00118,46.79026617167764,2,40.4180061187611,6,1
VEN-00119,38.89014940134796,3,17.12566064422963,3,1
VEN-00120,23.29528349281146,6,91.2778101156476,3,0
VEN-00121,15.426635087843469,2,40.619629491055136,6,2
VEN-00122,20.029339012330617,2,78.21877936713561,2,2
VEN-00123,15.32417872845408,2,40.39972420438662,5,2
VEN-00124,46.85190539433569,0,23.47855887979446,0,0
VEN-00125,25.153847142454776,5,66.05438759303892,6,0
VEN-00126,71.57902875433844,2,45.3989897911646,0,1
VEN-00127,37.41913873568345,1,37.05264520737726,5,1
VEN-00128,77.65748214565157,2,57.70899871017961,3,0
VEN-00129,59.795897621787205,2,42.8572027392486,3,0
VEN-00130,65.74362862640658,3,6.4710149796025895,5,0
VEN-00131,14.27950052088608,2,42.99262300246768,5,1
VEN-00132,28.09565506861479,0,23.923487480082247,4,0
VEN-00133,39.82815572444064,3,71.58176666053294,3,2
VEN-00134,46.57828687577566,1,48.992751281678856,2,1
VEN-00135,18.06426900490779,1,7.984739666180324,3,0
VEN-00136,8.484139561555434,3,15.65619007844272,3,1
VEN-00137,73.66218496196846,0,13.296843354880474,7,0
VEN-00138,19.713127845339315,0,31.831428527828788,3,2
VEN-00139,74.63718379023786,5,37.79677944667188,3,0
VEN-00140,16.419981801705962,2,36.62316593899212,2,1
VEN-00141,18.378491582957544,1,46.89943867476105,4,1
VEN-00142,19.286209563988077,2,50.90688293128084,1,1
VEN-00143,31.375801439405983,2,15.215703557633825,3,0
VEN-00144,69.38354172813675,1,56.03884456091279,6,0
VEN-00145,72.04188082857281,3,61.72606145914949,2,0
VEN-00146,74.50045627588942,3,44.47869206312271,3,0
VEN-00147,45.2793143659113,4,79.68037414653556,10,0
VEN-00148,12.681741415302165,0,33.73468877794439,0,1
VEN-00149,46.61745860775014,2,49.299499991869936,4,0
VEN-00150,52.0022896503712,0,17.723205719376082,3,1
VEN-00151,56.21310133170485,4,54.52554143969659,2,2
VEN-00152,61.29351532755842,1,35.008271513015174,2,1
VEN-00153,26.369754916130976,0,67.14832818675605,2,0
VEN-00154,52.60964653375512,1,49.43678202477543,5,0
VEN-00155,66.4641872391739,3,55.46440750065529,2,1
VEN-00156,19.76649657133599,4,50.92239201892973,1,0
VEN-00157,40.44864215166857,4,12.307051159091708,3,2
VEN-00158,15.62790086861559,3,36.57017977840555,2,2
VEN-00159,7.965202830896165,3,76.39204003955635,7,0
VEN-00160,45.38234079431004,2,56.96633649382736,3,1
VEN-00161,12.239732850717758,1,48.63552715035513,2,1
VEN-00162,20.876978702793597,0,49.86630844815914,3,3
VEN-00163,51.82016808510528,3,26.11945761662677,6,2
VEN-00164,74.53088075140633,0,38.25413541670955,1,0
VEN-00165,52.04737062960183,6,67.11902393820233,3,2
VEN-00166,47.0944368852843,1,25.590502594889013,1,0
VEN-00167,24.58208662623493,3,50.35521661319676,4,0
VEN-00168,47.092014036789685,0,34.967085569364066,4,0
VEN-00169,31.791289042869504,2,9.07093401306776,5,1
VEN-00170,11.658448460443177,4,48.6789692601058,7,0
VEN-00171,46.31756556804776,2,17.796632967065634,1,1
VEN-00172,90.67866365318822,1,34.87941458959265,4,1
VEN-00173,33.05235351341672,2,42.72732141189397,1,1
VEN-00174,1.6335511288111104,1,40.370394833962166,3,3
VEN-00175,32.91545170353224,0,47.26600781766488,7,0
VEN-00176,53.77088141283206,4,48.51504807862626,3,2
VEN-00177,22.217053223697786,2,71.90484939461551,4,3
VEN-00178,29.132934768331587,2,14.00757677113009,3,1
VEN-00179,13.613044998572304,4,27.71057337781968,1,0
VEN-00180,30.49911056880292,3,18.839642716393808,5,3
VEN-00181,27.50404504674668,1,38.706632284112,5,1
VEN-00182,31.31738284700457,3,43.08260067094901,2,1
VEN-00183,13.135309772481344,2,64.67143206864966,5,1
VEN-00184,51.8153608493218,1,47.90494342127259,4,1
VEN-00185,61.758883368980754,1,23.127779887000592,1,1
VEN-00186,33.40323577578479,0,12.753355717238795,1,0
VEN-00187,67.9682320905935,2,83.48151644239373,6,0
VEN-00188,33.8097201225237,2,61.04089903049591,3,3
VEN-00189,92.3014013497465,4,67.25897241149748,2,0
VEN-00190,34.52680938161352,1,70.49654934393953,3,1
VEN-00191,29.28981486833467,1,63.1374116088457,2,1
VEN-00192,77.74532372195235,0,69.51443572643902,2,3
VEN-00193,35.774040328158186,0,49.9737547436332,5,0
VEN-00194,35.96115605466218,2,55.85834485890332,6,0
VEN-00195,19.222185000532253,4,31.98379759594826,3,1
VEN-00196,12.40115368114005,3,26.08958906356758,2,0
VEN-00197,44.72678774084783,3,19.0989117004214,0,1
VEN-00198,87.08244090444109,0,72.61048022683696,3,0
VEN-00199,35.266151986071954,3,69.90295677236563,4,1
VEN-00200,25.77593278436566,2,28.69321215843284,3,0
VEN-00201,46.186139954466384,3,37.19948438052421,1,0
VEN-00202,14.459381679573664,2,50.97547682104428,6,2
VEN-00203,34.44356103777671,0,64.78154725406348,3,2
VEN-00204,31.91339091268452,0,47.67521450860826,3,0
VEN-00205,30.274131587743497,5,25.622055867905548,8,1
VEN-00206,67.28826760936448,0,62.291985983961006,2,0
VEN-00207,27.342881069694364,0,34.62762006630494,4,0
VEN-00208,56.37861854504968,2,52.02029390784217,6,0
VEN-00209,6.0066038400898085,1,46.39030651965778,2,2
VEN-00210,45.09265239394619,1,54.06689546437525,5,0
VEN-00211,31.716061047190134,1,46.816022750702345,2,1
VEN-00212,30.01923314096394,3,80.85606900871731,4,1
VEN-00213,11.749650667691576,2,35.357422937550545,3,2
VEN-00214,38.22851785193402,1,38.11164085346317,3,0
VEN-00215,63.66784784607267,2,75.58406169094071,2,0
VEN-00216,75.686558313591,2,23.449504989029155,2,0
VEN-00217,11.978861306821468,3,33.39411438871484,2,0
VEN-00218,42.12512244365181,0,91.30856197965755,3,1
VEN-00219,56.91225192781033,1,23.78607324423605,3,0
VEN-00220,24.7246538803936,3,31.87247494874047,4,0
VEN-00221,22.32657621315176,1,51.04576210879937,6,1
VEN-00222,41.43491529954653,4,59.47974631176467,5,1
VEN-00223,63.159709795178806,1,34.66727937141958,3,1
VEN-00224,31.36221614226564,2,66.28630984087809,3,0
VEN-00225,70.6917269048695,1,28.70129393681213,4,1
VEN-00226,17.867152057469134,1,13.030208941057756,3,2
VEN-00227,64.44259608101146,2,68.27435314367915,5,0
VEN-00228,29.21039738390189,2,41.459791419106,2,0
VEN-00229,26.83301930229984,2,41.3942514206752,4,1
VEN-00230,22.01977902713135,4,32.397746513337864,3,0
VEN-00231,18.133677115896823,2,39.23644013996695,4,0
VEN-00232,32.17046398643978,0,38.43409602819092,3,0
VEN-00233,66.27462874574653,0,61.08616486500006,2,2
VEN-00234,35.31639322816507,1,62.25491255080492,2,0
VEN-00235,20.378274823116637,5,52.04797048851355,1,1
VEN-00236,75.88707090861269,3,27.921239172521883,1,1
VEN-00237,10.41497430610319,1,40.73324060846728,6,2
VEN-00238,21.803339096231227,3,35.97226498682602,4,1
VEN-00239,18.57698876455452,1,18.7396621873336,2,1
VEN-00240,14.779632944688847,1,47.07056937570348,5,1
VEN-00241,33.82969876492666,4,44.393971480029656,3,1
VEN-00242,29.67424025206296,1,36.42572535947344,5,0
VEN-00243,65.64866678025739,4,35.4990864064478,4,1
VEN-00244,53.99319279475918,2,61.89509775199705,3,0
VEN-00245,33.47573095551427,3,35.64858156501812,3,0
VEN-00246,69.38411363413137,1,26.104555972601144,1,1
VEN-00247,85.83658716874028,2,43.80635633502206,2,0
VEN-00248,3.385563345295436,2,21.865573344178152,2,0
VEN-00249,76.08605339680742,3,28.236956053801897,1,0
VEN-00250,79.15533416632769,3,44.95761218817788,2,1
VEN-00251,41.78097587960513,2,61.873630863812814,3,0
VEN-00252,50.29595809430724,2,44.76749052721605,1,0
VEN-00253,27.33304382181572,1,46.343086969715976,4,0
VEN-00254,27.50108464297345,0,31.50385796212088,1,0
VEN-00255,21.388617882401498,0,63.31255809868104,5,0
VEN-00256,9.20661407058,3,51.77429552876045,2,1
VEN-00257,80.37828799684569,4,25.28801592723875,3,0
VEN-00258,65.68185622452441,1,59.93968291987276,4,0
VEN-00259,70.43083083571162,2,79.17870532682176,2,0
VEN-00260,69.27924881546174,0,32.556195746419334,3,2
VEN-00261,54.90649160200287,2,38.42395359349551,9,1
VEN-00262,25.94346637157831,3,47.95986411540186,4,0
VEN-00263,61.69198415433211,1,20.084970372894333,4,0
VEN-00264,60.783052305480886,5,71.48583033596766,3,0
VEN-00265,18.00928040384495,2,49.56014135489119,5,1
VEN-00266,56.4813028500456,4,52.79591727939461,0,0
VEN-00267,30.598478611492645,3,30.08946430574576,2,0
VEN-00268,24.06177255648309,4,22.217771990862957,2,1
VEN-00269,34.01978240507104,0,42.88899801610705,3,1
VEN-00270,18.55800125730346,2,47.74375312307234,2,3
VEN-00271,15.119237482261646,4,57.26921448095303,3,1
VEN-00272,35.1173150771167,2,46.1287425851174,3,0
VEN-00273,63.144257423546655,0,35.73913617858032,3,0
VEN-00274,59.49125481672467,3,48.87104946970695,4,0
VEN-00275,47.73211265449998,0,42.606437749626416,7,0
VEN-00276,28.327022290731136,0,60.26428941077794,2,2
VEN-00277,43.91378126277681,1,20.161982439184257,4,1
VEN-00278,25.322650625294543,2,34.0296099443894,2,2
VEN-00279,21.93256511828873,0,10.200886799556844,10,1
VEN-00280,39.2778393935458,2,66.99517843109966,2,0
VEN-00281,8.634659589672951,1,45.08030882948944,3,1
VEN-00282,48.90446969234338,2,4.653443972993921,2,0
VEN-00283,10.536643858326553,1,18.536059075438864,2,0
VEN-00284,46.40413381030213,3,51.21205645698882,1,1
VEN-00285,55.697013594405895,0,48.974689926842224,3,1
VEN-00286,31.273529657780685,5,72.76109686476731,2,0
VEN-00287,33.88259357228352,1,57.82915254969512,3,2
VEN-00288,41.414550926076906,2,35.31538812464735,5,0
VEN-00289,63.833445069759456,2,69.48650917487652,4,0
VEN-00290,39.25420239291482,2,75.48892131221207,7,0
VEN-00291,53.11755451909679,3,61.00327265187452,4,0
VEN-00292,27.721241585589247,1,67.65815319591094,2,2
VEN-00293,33.426619267030574,2,45.44102661335933,2,1
VEN-00294,37.31938930089641,1,46.77712835879551,3,0
VEN-00295,27.274088719975666,0,27.45642326146206,3,1
VEN-00296,45.64488369963103,1,61.96952142358209,7,3
VEN-00297,72.09877961142614,2,30.882115056538623,3,0
VEN-00298,61.23497787968844,1,32.531467711692855,8,0
VEN-00299,7.153978569212873,3,27.5083797215654,7,1
VEN-00300,72.75668333708029,2,63.44084184892898,0,0
VEN-00301,9.070562070710448,2,45.00071255137146,4,0
VEN-00302,35.78688639705651,0,51.75120021780542,4,0
VEN-00303,28.7649384687467,3,70.27975759267309,3,0
VEN-00304,50.00354989854181,3,27.49731512313965,1,1
VEN-00305,36.848295535669294,5,9.445080997220348,1,1
VEN-00306,42.90244036177439,0,47.57297539180186,3,1
VEN-00307,49.40042536099368,1,26.24688764564538,2,0
VEN-00308,70.64178011238396,2,26.673940809664824,3,0
VEN-00309,13.93309775757506,5,63.40322275146046,5,0
VEN-00310,24.566629442331543,1,52.95664349350338,3,2
VEN-00311,4.550176134312911,4,38.59999396980723,3,1
VEN-00312,24.78559711141762,0,70.37614384024947,2,0
VEN-00313,20.103773326549454,3,20.88096966907736,2,1
VEN-00314,30.21715171493888,0,47.53931983092084,6,1
VEN-00315,45.72027016057884,2,50.341781367556685,1,0
VEN-00316,52.67220782265388,3,59.66592037079915,3,0
VEN-00317,22.378224450238932,4,33.71084584599161,2,0
VEN-00318,20.39090127039245,3,66.9998025499585,5,0
VEN-00319,61.81050095183684,1,32.57151121542246,4,1
VEN-00320,20.145302744341308,1,31.128958313080076,6,0
VEN-00321,70.73546268477952,1,62.720249572719325,5,0
VEN-00322,44.70819065128156,2,65.50496897957075,3,0
VEN-00323,80.50287370469466,1,39.19887401911047,2,2
VEN-00324,38.69657079797904,2,22.40054526218192,3,1
VEN-00325,61.480457328715765,1,38.69961369564037,2,0
VEN-00326,76.55645134604462,3,24.54651842939529,1,2
VEN-00327,16.069790455310052,3,14.30725578194718,1,1
VEN-00328,34.52263701298872,0,81.03307821188237,3,0
VEN-00329,29.20926508396949,2,8.489663836412102,1,1
VEN-00330,32.11597525388495,6,50.79089016156368,3,1
VEN-00331,51.02513626630368,1,51.378470990479066,1,1
VEN-00332,33.63664044710309,0,78.05163240343907,2,0
VEN-00333,19.889393133569666,1,33.89702299667552,3,0
VEN-00334,23.5406743856505,2,60.17491866494373,3,0
VEN-00335,69.52708917654536,2,33.584432700410495,5,0
VEN-00336,48.12040423122739,3,37.360526763029135,2,1
VEN-00337,18.84682620448805,1,27.73758148701651,6,1
VEN-00338,26.56125766789338,3,18.527172487723963,1,1
VEN-00339,48.294584631296445,1,50.05954117857745,7,1
VEN-00340,51.14272668205755,1,71.68026408231545,6,0
VEN-00341,78.4185560557966,4,50.6168042208666,4,1
VEN-00342,50.396787965419584,3,13.60201126858519,5,1
VEN-00343,28.24635347020173,3,57.48150389579997,4,0
VEN-00344,70.92748036807558,2,29.520272789553506,1,0
VEN-00345,43.554176239689525,3,30.91009719740167,5,1
VEN-00346,52.76102999696567,1,28.459394000699312,4,1
VEN-00347,28.56279198162618,2,50.3845853245715,3,0
VEN-00348,12.2753968381307,2,33.770084942434714,3,0
VEN-00349,63.9098985655831,1,86.97490452859343,6,1
VEN-00350,22.24352039185538,4,40.39454116818617,3,0
VEN-00351,33.24269502309819,2,70.25822721107083,7,2
VEN-00352,80.20652259633091,2,43.69567803186617,2,0
VEN-00353,60.226142567468784,2,40.385862882914495,3,2
VEN-00354,29.075321931717973,1,31.157090307489284,3,1
VEN-00355,65.64169601147084,1,11.016101990300758,1,0
VEN-00356,7.444859894561788,5,52.27011309150217,2,0
VEN-00357,54.91373611887559,1,76.56304725140892,2,0
VEN-00358,15.3358846134457,1,68.47256139298969,4,1
VEN-00359,48.83227566359511,1,34.17041207353992,3,0
VEN-00360,31.25477931223638,1,12.412372285540489,3,0
VEN-00361,27.78352805224456,2,55.84189751407905,3,0
VEN-00362,63.879081326266,1,4.680501672108995,6,0
VEN-00363,31.304485465594382,4,69.31527566953042,1,1
VEN-00364,49.14451433973503,3,74.9980897436945,3,1
VEN-00365,34.70568717687128,1,22.450616847396216,1,2
VEN-00366,12.058309683945428,2,66.67375766326452,2,0
VEN-00367,38.66623317199422,1,9.96664679228771,2,0
VEN-00368,30.014318586542167,1,4.051152512545088,5,3
VEN-00369,32.676246529583814,3,52.37336894012662,6,0
VEN-00370,26.91168682576675,1,53.46247559490224,5,1
VEN-00371,46.29313963340054,2,54.11282788180208,0,0
VEN-00372,34.78318107332151,2,15.806555249820123,4,1
VEN-00373,9.970385547536193,1,38.68265394256121,4,0
VEN-00374,32.253100310064006,0,22.27223654104016,1,0
VEN-00375,40.404839213639285,5,45.871858758556414,3,1
VEN-00376,40.6286894628659,1,31.06235829399283,4,0
VEN-00377,24.33487801494655,1,45.059990810406106,2,1
VEN-00378,28.76163847214041,1,57.85961916496748,3,0
VEN-00379,47.29754701232768,2,82.46249906792826,5,0
VEN-00380,26.742600546499744,7,57.55787161146089,3,0
VEN-00381,52.94156969930929,2,70.08046998539169,4,0
VEN-00382,35.59014514996186,3,59.04814438413955,4,2
VEN-00383,66.91828039134535,6,67.22415088805106,5,1
VEN-00384,61.38437927433921,1,77.82247315159923,4,0
VEN-00385,19.36580657770217,2,55.87375343103908,3,2
VEN-00386,61.02925656964495,1,71.3005257881847,2,1
VEN-00387,43.7868747775303,2,49.71938971761846,2,3
VEN-00388,37.64357038638856,0,64.24518129427885,3,2
VEN-00389,72.44557893611345,3,73.01246194291608,2,0
VEN-00390,63.887049869581325,4,21.391061113184648,3,2
VEN-00391,24.08274757441293,1,16.459700503746763,3,1
VEN-00392,48.669873112019474,3,60.95939971729781,1,1
VEN-00393,33.84757755850206,5,67.0872310920736,4,4
VEN-00394,27.344962724869426,3,49.73072297252615,1,0
VEN-00395,28.236788035126114,1,92.72902661897828,4,1
VEN-00396,18.19597367253033,3,81.8855475030076,2,1
VEN-00397,21.906703378105124,2,44.53431199611183,7,0
VEN-00398,42.432229551360976,1,45.440822239786286,3,0
VEN-00399,25.084205425892264,2,61.48092718426265,3,2
VEN-00400,39.81608168700619,1,11.688637953595585,3,0
VEN-00401,41.23753719142792,0,48.00296267122502,9,1
VEN-00402,29.84529486096852,2,39.76474940990661,1,0
VEN-00403,44.17842169527776,3,15.919326638431638,1,2
VEN-00404,62.641897014578085,0,56.76299894439969,4,0
VEN-00405,46.58617068109106,1,48.74345219725604,2,0
VEN-00406,66.45645568273648,3,27.49115113235816,1,0
VEN-00407,67.86363078792323,2,17.95326985542164,1,2
VEN-00408,66.31312905947372,5,80.66881163339154,5,0
VEN-00409,14.247827939638247,2,31.463401306855538,2,0
VEN-00410,55.04320040981877,1,13.379155559978514,2,1
VEN-00411,14.414259427599625,4,21.212222733841703,1,0
VEN-00412,97.25977410914942,5,54.42400219473522,3,0
VEN-00413,46.42676010309811,6,15.984390646753512,0,0
VEN-00414,32.77868781244101,2,46.19062851461181,3,0
VEN-00415,40.28701584768179,3,41.80465565296922,3,1
VEN-00416,75.2077410783005,1,52.04321566882676,4,1
VEN-00417,9.987128718430888,4,43.51646421026644,4,0
VEN-00418,35.612126763209304,0,21.90882848384045,2,0
VEN-00419,34.58225056320236,5,56.729024076948896,4,1
VEN-00420,16.762142675524107,2,13.617137711871742,3,0
VEN-00421,61.37285927624549,3,77.04559858618167,3,1
VEN-00422,31.18146085264568,2,24.23390437702941,1,0
VEN-00423,27.58916886614716,1,42.90157777432776,5,1
VEN-00424,29.195886141335738,3,54.60219875162291,6,1
VEN-00425,34.835394273962336,1,30.80722595347527,2,0
VEN-00426,44.27727115828723,1,49.72775186329786,2,1
VEN-00427,16.29287104243698,3,31.75745884185463,3,0
VEN-00428,23.69661313014697,6,28.55146376524253,2,1
VEN-00429,12.304942409011822,3,31.627396738546544,2,0
VEN-00430,41.4334611528818,0,88.56619273705896,5,0
VEN-00431,74.20536649363115,1,89.1785360487449,4,0
VEN-00432,23.752253544768934,1,57.86221555877986,2,0
VEN-00433,46.65914516834913,1,49.96538649945382,4,0
VEN-00434,45.91102351223852,1,66.48229454514501,2,2
VEN-00435,16.66066333063997,1,47.8791104369322,5,2
VEN-00436,43.241479767764616,2,37.38758631233184,3,0
VEN-00437,41.54759773659567,3,46.8687988295174,1,1
VEN-00438,14.73867534064502,3,52.46365244686289,4,0
VEN-00439,9.85788166779787,3,29.996001013486037,2,0
VEN-00440,30.856707277382416,2,79.2769348246133,3,1
VEN-00441,41.81737026575518,1,46.385594586780726,2,0
VEN-00442,71.26725411706126,2,60.41721827185711,10,0
VEN-00443,48.11321213665129,1,23.94297894936028,3,0
VEN-00444,58.94067633949015,5,66.77774094369823,4,1
VEN-00445,73.37408943437369,3,55.471478122554096,5,1
VEN-00446,34.64913397019608,2,36.52470793056053,2,1
VEN-00447,70.76544127383421,0,77.06144252432344,5,2
VEN-00448,82.51904392599654,0,48.348173317809184,0,0
VEN-00449,18.831270089184336,2,50.65161339594968,5,2
VEN-00450,52.334128189043646,2,20.05964224077519,5,1
VEN-00451,3.749901124478852,2,42.50934321803976,3,0
VEN-00452,36.55064920885561,0,64.81775861824211,2,1
VEN-00453,16.218756862751913,2,36.30020834559205,1,0
VEN-00454,31.827517865322385,2,49.06514135178537,2,1
VEN-00455,39.53437428009072,0,37.7677090697901,4,1
VEN-00456,34.314441120631514,1,30.155519902102014,5,0
VEN-00457,35.1126475769795,0,32.719842076627884,1,0
VEN-00458,34.45529955339172,3,68.1883777918126,5,0
VEN-00459,44.32696504639531,2,34.504930577392486,4,2
VEN-00460,48.13620931348225,2,62.82581155258995,1,0
VEN-00461,47.33455189287027,1,83.08575758424078,5,2
VEN-00462,23.261170994514853,6,49.72316817177715,5,1
VEN-00463,24.949830113154235,4,56.51395830141082,5,0
VEN-00464,45.25002135194624,4,33.72731376722459,2,0
VEN-00465,66.27860644275293,3,29.09334018741457,4,2
VEN-00466,47.96949657017942,2,58.56059830422095,1,0
VEN-00467,35.0257285343084,3,44.620586077462185,7,1
VEN-00468,77.17255681932279,3,50.63567872878543,3,0
VEN-00469,71.84160826958058,3,44.757144008452485,4,0
VEN-00470,28.2797514067094,0,21.556773289768127,7,0
VEN-00471,55.23194812899697,1,36.54480009518459,1,0
VEN-00472,8.70992260267536,2,58.90374647363026,5,3
VEN-00473,37.0182864063697,5,36.00973023324038,2,0
VEN-00474,32.258666690224494,6,46.87910821891741,1,2
VEN-00475,60.1719406874372,3,23.662694673523895,1,0
VEN-00476,60.837241196239255,3,21.187792583446512,3,1
VEN-00477,49.95391848712156,1,70.59095532991489,5,0
VEN-00478,30.880761452102835,2,66.2567780233429,5,1
VEN-00479,40.09525775833118,1,53.28602093133106,4,0
VEN-00480,18.80772375610822,4,55.61687527463505,4,1
VEN-00481,50.70131200269725,1,72.47891767136456,1,1
VEN-00482,63.9617704180278,4,36.71078615398694,4,0
VEN-00483,72.44268012966134,1,34.177531747247,4,0
VEN-00484,34.04941690333548,2,63.24536668680937,3,0
VEN-00485,26.08788447179598,4,41.05543099369828,5,0
VEN-00486,11.741277309595484,3,71.12032924464225,1,0
VEN-00487,74.67532608018658,5,36.78588625938445,2,0
VEN-00488,60.160406945872914,6,7.328894865717698,3,0
VEN-00489,15.555753683914425,2,64.4543908188807,3,0
VEN-00490,55.68656342285887,0,19.24505651390852,3,1
VEN-00491,60.625869490512486,3,50.7154154364028,2,1
VEN-00492,33.29416214243685,4,35.24993586309315,2,2
VEN-00493,31.61391583232041,1,58.77771996504364,3,1
VEN-00494,51.61348363030292,2,37.78318502435165,1,1
VEN-00495,1.0,4,55.97468011360506,3,1
VEN-00496,21.906560362607568,4,26.31472866011688,5,0
VEN-00497,46.65459582154065,1,48.64623264944693,3,0
VEN-00498,38.88574018393636,1,63.19524409845173,3,0
VEN-00499,63.30926615965612,1,24.32986297507022,5,0
VEN-00500,31.935604135762677,1,49.178546575777446,2,0
VEN-00501,57.36290460369662,3,50.015675947363626,3,0
VEN-00502,40.45614748270852,3,14.058112642666968,4,0
VEN-00503,30.394254668671845,0,71.70414827277399,3,2
VEN-00504,8.598395323188106,1,70.67034468949755,1,0
VEN-00505,24.27195891319574,4,21.95780254108735,3,0
VEN-00506,10.515801655738716,2,59.91923960924257,2,0
VEN-00507,78.67439167160062,2,61.24801951123743,3,1
VEN-00508,47.92833443792931,3,29.076550740296486,7,1
VEN-00509,38.47155464429945,2,19.82531717000031,3,0
VEN-00510,59.12985537468332,2,84.46279926768223,2,0
VEN-00511,50.94744844448673,3,75.04005409605354,3,0
VEN-00512,68.61333144992044,0,55.23049459089805,3,2
VEN-00513,18.382882365052343,2,20.07817859875455,1,1
VEN-00514,12.08351168461012,1,66.061608559942,7,0
VEN-00515,63.81069188295179,5,54.84170551996527,2,1
VEN-00516,75.19727668957914,2,40.76016482076113,2,1
VEN-00517,48.04662810595185,2,75.2739292155136,3,0
VEN-00518,10.424651571503189,1,54.64859000632379,1,0
VEN-00519,9.67886101127624,0,39.78705972015173,1,0
VEN-00520,36.80830576736667,1,22.93316370780461,7,1
VEN-00521,17.040501182660282,2,53.192406480520575,3,1
VEN-00522,28.406727700193,1,28.88972699647957,7,1
VEN-00523,33.58271375680606,3,20.26972974673317,5,2
VEN-00524,28.94779604026069,1,51.59150307812762,3,1
VEN-00525,30.41231454840961,1,32.15049660785541,1,0
VEN-00526,32.55838315527868,2,13.91707341687138,1,1
VEN-00527,34.78010353948874,1,73.26785746548924,2,2
VEN-00528,10.119183673649514,1,35.94290167726534,3,1
VEN-00529,81.8756671100786,1,51.94609820983391,5,1
VEN-00530,47.91250139394688,4,74.97597370207598,4,1
VEN-00531,22.161009116030662,1,51.64684983186222,5,0
VEN-00532,37.506743977967645,0,67.98179861488086,0,1
VEN-00533,16.406481523697554,3,23.64588340842565,4,1
VEN-00534,65.22386731394482,1,47.04693201180699,5,1
VEN-00535,36.06629192067867,4,61.56762786699848,2,0
VEN-00536,27.548127432195532,2,61.00746626456155,1,0
VEN-00537,27.96326573922648,1,22.741656522617987,2,0
VEN-00538,33.28401392194771,2,53.52410100575419,4,1
VEN-00539,43.48010132112863,1,53.39594649700826,4,1
VEN-00540,26.740001004611496,1,9.285259480885246,4,2
VEN-00541,39.89802423047873,3,48.77084001072943,3,0
VEN-00542,47.001594689465946,2,60.07319000444892,1,0
VEN-00543,29.1149946832913,3,47.518600094574296,2,1
VEN-00544,61.032210708108295,1,69.47807177472792,2,0
VEN-00545,16.94983551487055,2,44.6543777267222,2,0
VEN-00546,14.628784129378422,1,33.2820688877118,1,0
VEN-00547,22.528560629960136,3,54.28348155946557,1,0
VEN-00548,18.50587912554701,3,49.65762869164507,0,1
VEN-00549,26.85174577260112,2,27.89339459902628,3,0
VEN-00550,42.337159559142776,4,27.932351917705606,0,0
VEN-00551,13.747695388126902,1,43.25807893650989,2,1
VEN-00552,59.2790861926388,2,33.28652955085309,5,1
VEN-00553,37.92268418699859,0,22.283236440822343,5,0
VEN-00554,64.01420296863111,3,48.20816605929616,2,0
VEN-00555,24.836733118314577,3,62.18483872841013,5,0
VEN-00556,63.40581346305972,1,84.84880822563387,1,0
VEN-00557,35.43655702254823,2,25.96392195807118,1,0
VEN-00558,47.76026627404215,2,35.872446708715664,7,2
VEN-00559,38.9497814125044,3,56.2492095560654,2,0
VEN-00560,23.757645965986462,2,24.83432347940407,2,0
VEN-00561,45.80834831986444,1,47.37474768423841,5,1
VEN-00562,35.15614674561161,1,24.87345279580233,6,2
VEN-00563,17.469706633529295,3,60.94992414881308,4,0
VEN-00564,51.157074533917104,1,33.021444316951744,2,0
VEN-00565,17.456416436548558,0,85.01415972669703,4,3
VEN-00566,51.174193378147926,1,48.08255413671184,5,0
VEN-00567,31.63813195502717,4,57.78842561093867,2,0
VEN-00568,12.37262586025334,1,44.49905539898028,0,1
VEN-00569,50.414742032218655,2,24.38577422128181,4,2
VEN-00570,35.96801279639867,1,35.942967295410725,3,1
VEN-00571,44.12151087997191,0,85.54935115020278,4,0
VEN-00572,19.66311838360637,1,30.92827273654672,1,1
VEN-00573,27.65109883397156,1,38.577412990910645,1,0
VEN-00574,9.042429769434357,1,31.786054760717757,4,0
VEN-00575,50.42980462115499,0,50.11532399802376,9,1
VEN-00576,17.602649610302933,3,27.57435131741491,1,2
VEN-00577,35.440756332068844,1,45.47561263100943,5,0
VEN-00578,26.307912503627712,2,56.43435740502489,1,0
VEN-00579,17.323386336569566,2,32.41719075933689,2,1
VEN-00580,20.98532590403624,1,48.0699590411286,4,0
VEN-00581,69.22128283617222,1,31.227110378880603,4,1
VEN-00582,45.37582024596753,3,54.54865729647776,3,2
VEN-00583,27.777438137206765,1,37.33303879624681,4,0
VEN-00584,33.11212846470417,0,45.42674574248379,1,0
VEN-00585,25.88587497942675,4,52.31932448071541,3,1
VEN-00586,87.25510057632118,1,68.5817170059378,3,1
VEN-00587,82.35473633536769,1,45.60687128552704,5,2
VEN-00588,17.058414226973678,4,74.95249191009246,4,0
VEN-00589,26.76990006343584,1,22.0233529880262,1,1
VEN-00590,39.425640869889975,2,32.4672575035798,2,3
VEN-00591,17.258375957886408,2,48.35402848175385,7,0
VEN-00592,40.249632720592935,1,22.355640734253303,2,0
VEN-00593,44.35025891289715,2,31.02742744439928,1,0
VEN-00594,48.81996741267841,2,16.27937914338911,1,1
VEN-00595,36.10484316460357,1,47.21877081312842,0,0
VEN-00596,64.49127837673564,0,31.386999610021,3,0
VEN-00597,24.13371548457252,2,59.22933511316152,2,1
VEN-00598,21.914288398351182,1,60.46125186257177,4,0
VEN-00599,44.21248528437548,1,35.909818765395826,4,1
VEN-00600,54.59964823682333,3,35.95146972082585,1,0
VEN-00601,35.315140493618856,3,16.066899292133026,1,2
VEN-00602,65.32104179938419,4,62.47782700128086,3,2
VEN-00603,40.161405053218566,2,37.67717336448575,1,0
VEN-00604,58.47106779710541,0,67.442064245431,1,0
VEN-00605,33.18293682969965,0,54.62255845255043,3,0
VEN-00606,10.45206888244058,1,58.44588361646933,1,0
VEN-00607,44.099389421223314,4,35.51257251921553,4,2
VEN-00608,23.90606194300524,4,4.212128236854778,2,2
VEN-00609,56.1475616718872,3,44.96922641629876,5,0
VEN-00610,31.043717341049295,4,38.17764551891226,6,0
VEN-00611,9.016526172360644,3,57.39881867081055,6,0
VEN-00612,28.67655545363264,2,42.89333676200275,2,3
VEN-00613,60.50950009744642,1,29.910170067207048,2,0
VEN-00614,12.03112978223281,1,81.04866437929226,1,1
VEN-00615,27.7937393672633,2,53.04283024358667,5,0
VEN-00616,41.53031073972493,0,75.02699597631681,2,1
VEN-00617,52.62372823414873,2,18.58124664505636,2,0
VEN-00618,61.279718659929415,2,34.80632975760625,5,0
VEN-00619,78.17214247570257,1,52.65194322187667,4,0
VEN-00620,57.55929639606803,1,23.771845424552374,3,0
VEN-00621,53.85302829404627,1,12.093083777204772,3,0
VEN-00622,7.438117526934008,0,15.386250848131592,3,1
VEN-00623,63.24526070354658,1,62.863530966219,4,0
VEN-00624,17.32814875998884,2,45.54270649756248,0,0
VEN-00625,15.02972589991915,1,67.95271045871097,3,0
VEN-00626,23.919896147911796,3,71.72409920380643,1,2
VEN-00627,25.236619804628607,3,44.794609960350336,5,1
VEN-00628,28.88300501395432,0,29.80714802883253,4,1
VEN-00629,31.71885796977329,1,66.37084396504822,1,1
VEN-00630,18.385358870518164,6,45.499240654593294,1,0
VEN-00631,32.62836551517118,0,37.94728255484533,5,1
VEN-00632,5.173812740335298,2,44.75579015931792,7,0
VEN-00633,52.6882625305029,2,50.39471130866772,8,1
VEN-00634,86.95673699567335,1,68.76786989423925,2,0
VEN-00635,60.55433277324603,2,88.74221070491465,4,1
VEN-00636,45.4513111501009,2,35.168109717063984,2,1
VEN-00637,63.77958393589671,1,43.852099690893056,4,0
VEN-00638,45.72336452718229,4,11.539464721776408,0,0
VEN-00639,64.61442844808407,2,88.26127268771619,4,2
VEN-00640,34.98953465364136,4,77.88944058092639,3,0
VEN-00641,7.3717429812169,6,52.72801750652568,1,0
VEN-00642,35.45743003566569,2,18.9121572550759,2,0
VEN-00643,26.102827737088784,1,75.55005432938007,2,2
VEN-00644,54.17058863458927,3,92.61079879086184,4,0
VEN-00645,5.549472332810858,3,28.625436377967617,2,0
VEN-00646,22.4889971730977,1,8.260815997712758,0,1
VEN-00647,32.17108000173141,1,57.04359140790066,2,0
VEN-00648,73.03015465945832,2,42.49806628074101,3,0
VEN-00649,21.27806379845728,1,51.652866035018896,5,2
VEN-00650,42.92441595808604,2,78.42441692162231,1,0
VEN-00651,63.851218122245214,0,80.72470822142702,1,1
VEN-00652,50.01697890802013,3,33.4758867731308,4,1
VEN-00653,26.90431903694904,0,70.73437977781138,2,1
VEN-00654,68.82620402882847,2,51.86839122901696,3,0
VEN-00655,21.818965073338468,0,17.906525703434912,2,2
VEN-00656,31.268332715519023,4,26.987530119116123,4,0
VEN-00657,51.510694118402114,2,36.18901040485363,3,1
VEN-00658,32.710027635237026,1,9.114155620658265,3,0
VEN-00659,27.040710442850703,3,70.34441650222003,4,0
VEN-00660,37.81844537048056,1,37.36419064793861,3,1
VEN-00661,62.834090765766526,2,32.1900557869394,3,1
VEN-00662,59.38730122550563,4,47.77363602373434,2,1
VEN-00663,68.88708751911842,2,71.97652357725232,3,1
VEN-00664,40.71469972859742,1,23.96996742496736,3,0
VEN-00665,25.465138158989348,1,40.12504447217607,2,1
VEN-00666,17.9107331955115,3,37.51821197868207,1,0
VEN-00667,58.69392920573912,1,59.62313149044201,1,0
VEN-00668,46.0490735141701,1,56.43593835272321,6,1
VEN-00669,30.4208340474644,1,46.20336610344504,6,0
VEN-00670,4.291598054079131,2,42.93618951957897,1,1
VEN-00671,20.3798162847048,2,49.19138197611113,4,1
VEN-00672,61.66226618405245,0,56.22512439397872,6,0
VEN-00673,21.6322268456962,0,86.97390502278301,4,0
VEN-00674,10.59224661083115,3,55.1486631965666,4,0
VEN-00675,16.251279529080993,2,68.64984385811962,3,1
VEN-00676,60.153726498728766,1,40.082303769201125,5,1
VEN-00677,40.184418626102016,4,65.91653702931019,5,0
VEN-00678,73.66266426692857,2,88.71362009894067,6,0
VEN-00679,49.25869543492553,0,72.93703373390639,1,0
VEN-00680,24.768642921987592,3,63.97925582823597,1,0
VEN-00681,44.61315225892914,4,43.384883136077576,3,2
VEN-00682,60.390303367217456,2,84.9634442216694,7,3
VEN-00683,12.894832214175834,1,48.500175911235374,3,0
VEN-00684,25.277973608016367,2,41.90878064536403,2,0
VEN-00685,70.55632084762141,1,32.81095228576579,2,1
VEN-00686,15.41497630715478,5,13.276701346490846,6,2
VEN-00687,29.791266156814345,1,18.03122596552752,4,0
VEN-00688,23.86468007939433,0,58.61925755304976,3,1
VEN-00689,33.25898315176683,1,50.94227707512362,2,0
VEN-00690,83.79692877964405,2,30.14041716401264,4,1
VEN-00691,44.49367501181721,1,41.75349525841936,1,0
VEN-00692,22.885764241927813,1,60.42314735068326,3,2
VEN-00693,49.53281915302302,1,42.96696917550965,3,2
VEN-00694,67.68314294959684,2,77.9362046346199,3,5
VEN-00695,37.41869164505586,0,76.56310908343538,6,2
VEN-00696,10.788396154750032,4,40.99319674915684,3,1
VEN-00697,34.925588630486864,1,73.72123551154074,2,1
VEN-00698,35.05919031772571,0,38.16097436871211,4,0
VEN-00699,41.594592667552384,0,79.0619498255584,2,1
VEN-00700,62.7441831083822,5,28.67200247659088,3,0
VEN-00701,45.50270643106456,4,6.111181001736984,5,0
VEN-00702,43.94888680543495,2,46.52340582368766,5,1
VEN-00703,51.51117346059561,2,52.45607305246664,5,3
VEN-00704,67.92295551343672,0,44.43506212087739,3,1
VEN-00705,32.49050536930911,4,25.7099263958314,4,0
VEN-00706,59.4066811223217,1,13.360545018500266,2,1
VEN-00707,40.08733473463512,2,50.19548275276357,1,2
VEN-00708,35.93123250736968,2,68.13528712965817,4,0
VEN-00709,62.79856223585269,0,62.96176176765675,6,1
VEN-00710,13.895562644186176,0,39.934541295443175,3,0
VEN-00711,72.13599052151969,2,36.8596970660833,3,0
VEN-00712,26.29731681255909,3,59.0997613361339,2,0
VEN-00713,52.40934986721732,5,31.8476860546969,5,0
VEN-00714,57.7111650918055,1,76.49233528611205,2,0
VEN-00715,62.89536352141334,0,34.99319784037089,5,0
VEN-00716,48.33040163039862,3,23.14734928422691,0,0
VEN-00717,19.89097811953955,1,28.14530551610403,2,0
VEN-00718,42.295773334861,2,22.246079363916287,2,0
VEN-00719,17.93879348136902,0,77.78748000247538,2,0
VEN-00720,56.06703284866059,1,35.58198631289311,1,0
VEN-00721,40.22439492837944,2,24.050699074576222,0,0
VEN-00722,54.2782083889152,1,29.64227593675472,5,1
VEN-00723,21.31084926569507,2,74.15771584841946,4,1
VEN-00724,41.61612785460845,4,36.78959901549684,2,1
VEN-00725,94.72322408938535,2,56.890273990989805,2,1
VEN-00726,44.00912423874057,2,19.84730332517807,5,1
VEN-00727,35.81758109543112,3,35.8777475249741,5,1
VEN-00728,43.481387887342,3,48.23369012972174,4,2
VEN-00729,33.289284185418936,1,16.728590730336705,7,0
VEN-00730,9.989822256346107,2,60.5566387602172,4,3
VEN-00731,43.750494077945554,1,65.84497170599589,3,0
VEN-00732,40.08277440241544,2,42.459020273213824,0,0
VEN-00733,35.057476932906084,1,55.79253997889545,7,0
VEN-00734,72.00313056705022,4,32.692093054550966,5,1
VEN-00735,36.43006116392483,2,56.77860875740909,2,0
VEN-00736,40.63611653658498,0,42.94697642786269,2,0
VEN-00737,22.786458632909863,2,29.747916182948043,2,1
VEN-00738,31.99404367324264,1,50.9834727292716,2,1
VEN-00739,41.76139485846237,2,43.27824932374931,4,1
VEN-00740,57.53724335174638,2,36.39496586649916,6,2
VEN-00741,34.00566508852768,2,37.932393243167375,1,0
VEN-00742,21.01318214600833,0,22.172729688129028,4,1
VEN-00743,29.84519239837055,1,30.478050887002272,1,1
VEN-00744,76.19506465766347,1,19.519412266436657,2,2
VEN-00745,73.04883663893642,2,80.4253876613531,1,1
VEN-00746,54.21942132315619,2,28.39164442335123,2,1
VEN-00747,7.156551519478874,4,22.53632775222235,4,0
VEN-00748,63.39624516302322,1,62.060717205125705,3,0
VEN-00749,73.66963554730806,0,42.64717118630296,5,0
VEN-00750,64.98282069677157,2,18.65218779879868,5,2
VEN-00751,3.562278825840003,4,32.39174474588885,2,0
VEN-00752,16.18966814609993,2,71.1956944898874,9,0
VEN-00753,51.65777729169688,4,32.24109064617034,1,0
VEN-00754,29.48948941539433,1,36.18147957061576,4,2
VEN-00755,35.947322049041695,0,21.74713920706328,2,0
VEN-00756,43.58219817345048,2,63.64687184142925,4,3
VEN-00757,11.689178682801854,2,61.46060750822366,2,0
VEN-00758,49.48440628943344,2,27.044085230756664,4,2
VEN-00759,52.41771197115159,3,13.359506413325905,2,0
VEN-00760,32.34384730998058,2,36.53283794047745,2,0
VEN-00761,33.38029132473509,1,62.93680112705354,2,2
VEN-00762,46.154909013617264,2,28.42419296191045,3,0
VEN-00763,22.074247201961565,1,64.7641488401844,1,0
VEN-00764,27.55331584829953,0,29.22001462461369,2,0
VEN-00765,31.18174599204433,3,49.729437553245006,5,0
VEN-00766,38.91418240977124,4,29.08382416712737,2,1
VEN-00767,32.875211412292046,8,25.140393292667067,4,0
VEN-00768,66.63698329874508,5,83.67429408137261,5,0
VEN-00769,61.78804473123976,3,79.31174404365223,2,0
VEN-00770,40.74917362363757,1,46.59804321448682,1,1
VEN-00771,23.83965236601624,3,58.62505413710704,1,1
VEN-00772,7.353040326941759,0,64.02046425297556,4,0
VEN-00773,75.76819026498463,3,48.59829373941388,1,1
VEN-00774,32.96995246219076,6,24.431213964952097,3,1
VEN-00775,44.876262477849714,3,43.62248247888897,2,1
VEN-00776,52.62151130496326,4,38.41486526035898,4,0
VEN-00777,32.32245607094126,3,36.04110225282515,4,0
VEN-00778,20.026232961150868,2,17.44344063102318,3,0
VEN-00779,54.93345407072883,3,37.83588174435862,2,1
VEN-00780,29.016594880716912,1,22.757236417956925,4,1
VEN-00781,50.14424036055547,0,47.09394911600293,5,2
VEN-00782,21.6869938345078,1,64.62423460205913,4,4
VEN-00783,76.76968166815475,2,45.99247559872212,4,1
VEN-00784,49.98352397570447,1,66.62352373023283,6,0
VEN-00785,47.52954942322615,3,58.38558248103012,4,0
VEN-00786,42.70024337354412,1,51.11347089473986,1,1
VEN-00787,49.95315061277646,1,73.0114349066102,2,0
VEN-00788,16.384784066503915,1,60.70913444451457,4,0
VEN-00789,28.01035710650808,1,23.71616444159625,4,0
VEN-00790,78.70091718326783,2,43.10357087006296,5,2
VEN-00791,21.88801334954619,1,65.51477937174121,0,0
VEN-00792,41.1328553201855,2,43.97732289481234,5,0
VEN-00793,54.26711790222869,1,30.245599880218077,4,0
VEN-00794,37.77131111397674,1,37.78529803533221,3,0
VEN-00795,42.6078186461604,6,68.7953568604041,3,0
VEN-00796,48.152001113127085,3,78.57908691259593,4,0
VEN-00797,2.813127621165084,3,39.84070917458615,3,0
VEN-00798,32.889679143797395,1,45.21311791134792,2,1
VEN-00799,65.33114674494209,1,40.21207962403854,2,0
VEN-00800,57.1126416687159,4,57.70814641959176,5,1
VEN-00801,36.38770493692542,1,45.07424247154663,6,0
VEN-00802,34.41351426798745,0,50.73633386758781,2,0
VEN-00803,70.61472420720484,3,48.92468677214366,1,0
VEN-00804,31.7663280864698,1,53.56807991537814,4,2
VEN-00805,10.175373177371696,1,75.65153627339757,3,0
VEN-00806,32.31405198030411,3,36.90314248183855,3,1
VEN-00807,3.041565145096305,3,67.15916520372886,4,1
VEN-00808,27.53483072622516,1,69.8711394250322,4,0
VEN-00809,33.479209540310265,2,20.552720943890083,4,0
VEN-00810,5.715671888550668,1,35.42010777333678,6,0
VEN-00811,26.743985017896488,0,15.775556306193614,5,1
VEN-00812,35.47247753692533,1,27.163988799329505,4,0
VEN-00813,36.03622933666566,3,63.444289167910384,1,0
VEN-00814,23.106570012144097,1,69.45100902177327,6,2
VEN-00815,23.380446153322648,3,12.871831906733323,7,2
VEN-00816,18.87334351322309,1,39.07146217253543,1,0
VEN-00817,40.00020991805882,1,20.092895043992563,5,1
VEN-00818,17.302827863432306,0,48.20149201878609,2,1
VEN-00819,63.30772562723309,1,61.268617514663696,4,2
VEN-00820,29.965927852547285,1,33.42236445545308,4,1
VEN-00821,27.779543336618577,1,83.81994835973255,4,1
VEN-00822,69.75715840595447,1,20.25026634727026,4,1
VEN-00823,51.99369250322327,5,18.3566980852002,4,0
VEN-00824,21.353344433738798,2,50.85435903548693,3,0
VEN-00825,34.08742822148146,0,44.84663671442164,3,1
VEN-00826,36.58977339914763,1,26.00412417854072,3,0
VEN-00827,22.958237627004426,4,86.11449822337511,3,1
VEN-00828,24.20135623547668,0,68.66977817306008,4,1
VEN-00829,23.37098786431289,3,26.027332608098813,2,0
VEN-00830,18.83310419867809,4,48.063454614868334,4,1
VEN-00831,27.376861520030083,0,16.64831761661632,7,1
VEN-00832,84.61921256557562,1,51.29676968625204,3,0
VEN-00833,27.089836502705484,5,66.18248777488361,2,2
VEN-00834,25.31262383536907,0,24.740361771491813,3,0
VEN-00835,27.45613847653653,2,55.32004952064411,3,1
VEN-00836,34.11604275868941,0,38.55267455486706,2,0
VEN-00837,21.88534775654007,3,20.00810972420215,3,0
VEN-00838,22.916555577762622,1,54.03059810240152,2,0
VEN-00839,52.44445960278584,2,68.39224425419698,3,2
VEN-00840,18.259465240506813,1,21.88684284024398,2,3
VEN-00841,5.677497525338898,1,44.90743480757214,8,0
VEN-00842,65.64400706144491,2,36.15877193850686,3,0
VEN-00843,52.31317933539135,2,54.449053477564256,4,0
VEN-00844,3.106858249179142,2,45.49444982098358,3,0
VEN-00845,39.07811969134187,3,22.94888768414,3,0
VEN-00846,89.75284825860123,2,37.86966073686949,2,0
VEN-00847,58.9297532644152,1,40.05064197637528,2,1
VEN-00848,52.29546066914281,2,57.09140883482922,3,0
VEN-00849,29.41397936820371,3,32.27442277255938,3,2
VEN-00850,10.111343375809296,0,68.44014751491105,4,0
VEN-00851,49.61100603813588,1,68.6694499634693,1,1
VEN-00852,10.136657298735788,1,22.760535827107333,3,1
VEN-00853,27.05605572661789,6,49.47732357440106,3,0
VEN-00854,41.560743146164405,2,63.898690290408645,1,1
VEN-00855,54.2863949736342,3,55.37651787849883,1,2
VEN-00856,19.8794727434096,2,27.71575615274808,2,0
VEN-00857,68.0760442283156,4,27.375937744118232,4,1
VEN-00858,37.404077609027865,2,35.02263340400575,6,0
VEN-00859,33.076312342708654,2,68.56712504185225,3,0
VEN-00860,51.44224142142407,2,48.65123665826591,3,0
VEN-00861,51.90423991922371,2,35.855508578615115,5,0
VEN-00862,69.95748846402033,0,35.922418759128846,1,2
VEN-00863,24.68645601281528,3,52.639486132646496,4,1
VEN-00864,53.75585181856357,1,35.02674466541596,1,1
VEN-00865,18.061943573054418,1,42.368966455425344,1,1
VEN-00866,55.15475806388162,2,12.712570426971617,2,2
VEN-00867,54.16927992211943,3,74.59462959955299,3,0
VEN-00868,43.00407995251287,0,56.98773171072846,2,0
VEN-00869,72.59059180353873,0,50.1531390866771,4,0
VEN-00870,67.61533846981868,1,33.22487034366253,10,0
VEN-00871,33.747057697478986,0,59.37180781847273,3,1
VEN-00872,15.773854937766854,0,32.21789389192814,1,0
VEN-00873,38.99769386161483,1,78.30874968995491,4,0
VEN-00874,13.683015566018472,0,27.24053732502827,2,0
VEN-00875,15.30701903374726,2,45.46735880289116,7,1
VEN-00876,25.319774798874903,2,23.606528022779656,2,0
VEN-00877,29.469015673892457,4,76.42321005675215,1,1
VEN-00878,41.46801970654333,1,44.49602144582721,2,2
VEN-00879,63.02389413740605,4,41.09867082715338,0,0
VEN-00880,50.25648692476919,1,52.07105957376509,1,1
VEN-00881,45.92079809917861,0,56.30222200139644,3,0
VEN-00882,37.58938873546239,1,41.15081106539567,8,0
VEN-00883,30.254817405300187,2,17.81612533050465,5,1
VEN-00884,27.30685736486111,3,20.96176626427078,5,1
VEN-00885,76.85943086274159,3,43.11719552127456,6,2
VEN-00886,72.62613760335456,1,34.9623496719234,4,2
VEN-00887,48.145253225705865,3,44.717666955990445,7,2
VEN-00888,32.356453200929934,2,34.208729101606735,2,0
VEN-00889,14.896365616296128,3,60.1199516528978,2,1
VEN-00890,64.72677510703389,1,52.71654791461044,1,0
VEN-00891,29.96208496006946,2,36.54660417893079,3,2
VEN-00892,21.08295869434558,1,14.456734674112006,4,0
VEN-00893,6.814804742032646,2,62.60475133884381,2,1
VEN-00894,42.12654572911718,4,55.88082576150664,2,0
VEN-00895,33.93033453936219,3,42.50168982221915,5,0
VEN-00896,10.087679586275462,1,74.18885134254316,1,1
VEN-00897,33.76487048503743,2,61.95907335639757,2,0
VEN-00898,21.629793530456435,1,59.2191772934755,4,0
VEN-00899,30.39246913686569,2,70.35241331736518,3,1
VEN-00900,43.65781943822495,2,46.75594858275916,1,1
VEN-00901,43.18881096071469,5,29.533364014838693,4,1
VEN-00902,48.62303626295351,2,10.497075682099377,3,0
VEN-00903,21.509094566719018,1,34.07565646068743,3,0
VEN-00904,28.68839568712503,0,38.21568153346907,1,0
VEN-00905,56.63700187279649,2,57.81444055296057,4,1
VEN-00906,31.24997106875935,2,26.79487850073361,4,0
VEN-00907,72.90918226113332,4,46.72244891015507,3,0
VEN-00908,53.12736285784443,3,30.60362981170265,2,0
VEN-00909,28.60155965987558,0,62.38223195425373,4,0
VEN-00910,7.022118529566465,1,47.46344152767696,4,0
VEN-00911,70.6786094958379,1,53.845415826136325,2,1
VEN-00912,76.34602842229728,4,15.391366123059813,5,0
VEN-00913,40.55440399503578,1,51.39191003941625,3,1
VEN-00914,64.50318351343192,1,39.11756133469275,1,1
VEN-00915,14.861471833293944,0,68.5646526412566,4,1
VEN-00916,78.34581813058215,5,70.52262475148581,4,0
VEN-00917,13.091421254585242,1,13.884790584608028,3,0
VEN-00918,40.51201655771021,0,53.01109187965427,3,0
VEN-00919,40.39684166184836,0,85.1952591815793,4,0
VEN-00920,67.98895712879508,3,83.32735782967532,1,0
VEN-00921,21.90452180016934,2,59.21037260003041,4,0
VEN-00922,31.42810387519192,3,69.22791913375283,2,0
VEN-00923,7.560201145109652,0,29.619191672321865,3,0
VEN-00924,43.608518330189725,2,51.040298607224855,5,1
VEN-00925,38.73486385081802,2,13.552175211352496,3,1
VEN-00926,27.760508406360696,3,28.96487829089917,5,0
VEN-00927,51.28040433286998,2,36.85465786942015,3,0
VEN-00928,12.990612776929837,3,65.33125081917777,6,2
VEN-00929,32.868826769668175,2,34.86061338704099,4,0
VEN-00930,10.417445922724204,1,59.11995375276832,2,1
VEN-00931,53.59132748697286,4,20.312948998330075,4,1
VEN-00932,26.38028787551523,1,65.70217417486603,3,0
VEN-00933,81.38444968807092,1,67.25671322078341,2,2
VEN-00934,28.568133360155297,1,63.096831592108806,3,0
VEN-00935,19.720251920554052,2,43.11017870016909,2,0
VEN-00936,37.72347843899665,1,25.60133051580272,1,1
VEN-00937,36.346783328899086,0,38.17219348338982,4,0
VEN-00938,46.22214803489,2,33.65175803054071,2,0
VEN-00939,11.186059327932512,3,11.651373090466782,1,2
VEN-00940,34.70782976827453,7,37.37027219994087,6,0
VEN-00941,34.50767007459069,2,26.21439205073424,3,1
VEN-00942,80.3092828512342,6,20.493570690226896,0,0
VEN-00943,15.047299938637876,1,47.52945622693503,4,0
VEN-00944,24.939853240928432,3,68.71154626714264,2,0
VEN-00945,33.29660758856983,1,54.30071409162844,0,0
VEN-00946,27.338409181416417,0,55.72474862372051,3,1
VEN-00947,24.49937396819159,0,42.49672356802275,3,2
VEN-00948,61.54180689791245,2,33.972295908713,5,1
VEN-00949,46.98900226037807,0,48.15573204056546,5,1
VEN-00950,35.87795360505864,1,80.78709634553296,2,0
VEN-00951,36.42720049274482,1,44.90294851732087,5,1
VEN-00952,47.88311750541119,4,65.34760405437211,2,2
VEN-00953,37.03918273704505,0,52.32915051099523,1,0
VEN-00954,32.31115391435731,1,23.778809183306777,1,0
VEN-00955,63.56067265646011,1,18.530454927167217,1,1
VEN-00956,61.79217141181402,5,32.529093239438794,1,0
VEN-00957,45.4858115749072,3,55.082515510724186,4,0
VEN-00958,44.58193145377006,1,43.31382098683107,4,1
VEN-00959,52.50690564309682,0,32.41963189487277,6,1
VEN-00960,43.26583001308327,0,69.42798067220032,6,0
VEN-00961,52.02383570956148,2,59.29757472454589,4,0
VEN-00962,48.52467623894188,5,55.13415565120462,1,1
VEN-00963,25.988809079440912,2,30.822029742623474,5,1
VEN-00964,29.28458982588681,3,36.813780811915606,2,1
VEN-00965,32.67684511352253,2,62.18862145281416,3,0
VEN-00966,26.661165412693105,0,56.04878294459618,3,2
VEN-00967,23.890430779493983,2,76.35028528589206,4,1
VEN-00968,36.55826553624338,1,75.15849075820357,5,0
VEN-00969,32.85078290287798,3,23.384701390541068,5,1
VEN-00970,50.27179100831527,0,30.245516127011403,3,2
VEN-00971,30.512255827389232,1,22.10965305719676,4,1
VEN-00972,36.0636915346877,0,34.54703081246034,3,0
VEN-00973,66.51006761937866,0,39.0647372483242,2,0
VEN-00974,33.297492397542044,4,62.09803807885431,6,0
VEN-00975,58.10939305051941,0,8.026839606762666,0,1
VEN-00976,60.73795477418268,4,17.66806195135745,3,0
VEN-00977,20.8008982245796,2,73.38529141798242,2,0
VEN-00978,9.655661039928171,1,66.90786276239167,2,2
VEN-00979,66.59674234499126,1,74.16914622831764,3,0
VEN-00980,73.85730056893426,1,25.20888738946977,4,0
VEN-00981,38.19627202290593,1,68.41319181525675,3,0
VEN-00982,87.82778432453757,3,52.90454052612639,2,0
VEN-00983,51.62730294466618,3,33.380030301576056,6,1
VEN-00984,13.588128175916792,2,44.10218663570437,9,0
VEN-00985,58.882991163426304,0,16.889105193889502,6,0
VEN-00986,46.71476900283171,1,45.49679137854095,5,0
VEN-00987,43.546555799659984,3,70.52155025971247,4,1
VEN-00988,45.00476129567249,2,17.988413331983427,3,1
VEN-00989,40.51578688194412,1,44.98786227999768,3,0
VEN-00990,4.785159722913997,4,44.14639826889483,3,1
VEN-00991,17.143607369971303,3,37.65251403373674,3,0
VEN-00992,42.44464913154772,2,45.055919287949074,3,1
VEN-00993,17.310496441326183,1,31.173749804725965,2,1
VEN-00994,76.1774333732545,4,52.82976580463141,1,0
VEN-00995,37.34335045577515,0,55.94968166669505,2,1
VEN-00996,10.6622334135878,2,28.47192693689116,3,0
VEN-00997,43.62609847021442,2,72.70525832925759,6,1
VEN-00998,41.24002225236472,3,48.31085449913226,5,3
VEN-00999,19.39389097558022,3,43.44364238892633,4,2
VEN-01000,46.06023976310702,2,35.595923555592975,2,1
VEN-01001,85.06539375795117,2,77.95532839251891,3,1
VEN-01002,39.84747107979405,1,80.42544021138195,2,0
VEN-01003,43.19865370577903,3,53.476648901226994,3,2
VEN-01004,54.78088744147935,2,24.295646364410544,4,0
VEN-01005,37.67299350143978,1,63.33586393280613,5,1
VEN-01006,27.24497860340593,5,46.11289941084268,4,1
VEN-01007,92.00053725145764,3,33.76496927383621,4,1
VEN-01008,17.33833083072338,2,82.20655953895253,3,0
VEN-01009,11.909156585726318,3,6.39215104571614,0,1
VEN-01010,62.68401184649708,0,32.76487691351441,1,1
VEN-01011,41.38238048599502,2,35.076084704737376,4,2
VEN-01012,39.26299022996626,0,34.41541284122113,3,2
VEN-01013,58.08123861081312,0,66.16813023291283,2,1
VEN-01014,16.955404162937597,5,31.484926256481774,3,1
VEN-01015,4.332751835357172,1,31.514543757803114,5,0
VEN-01016,41.471191287790006,2,44.345296545207646,1,1
VEN-01017,65.50988064886192,2,47.82745391952764,5,2
VEN-01018,49.76364616380575,2,58.1471631249024,5,1
VEN-01019,29.34483589453845,1,37.63883218975842,5,0
VEN-01020,37.25021591419733,3,81.42025674851054,3,0
VEN-01021,12.896167975074126,6,18.4430902946584,7,0
VEN-01022,17.108156089740053,3,65.98845909975456,2,0
VEN-01023,26.379549994654493,2,64.97673055816678,2,0
VEN-01024,65.42427511968722,3,61.1239489267278,4,1
VEN-01025,51.59568167975319,5,39.889636801355074,1,0
VEN-01026,80.88511841495243,4,52.69378713052151,3,0
VEN-01027,54.771117483614,2,77.75678064616176,2,1
VEN-01028,53.1112864679977,2,4.663084526040639,4,0
VEN-01029,6.578408931175725,1,59.4505209378657,0,0
VEN-01030,56.19685735686297,3,40.86449550685237,5,2
VEN-01031,24.708156359571493,2,14.80109177009237,2,1
VEN-01032,24.837119490508577,2,56.48499089255681,3,1
VEN-01033,27.543331070809984,3,50.93033357453432,4,2
VEN-01034,16.812464164346455,4,85.80630952348234,2,1
VEN-01035,60.19245572270191,1,50.4964657043277,4,1
VEN-01036,26.34511528452646,3,41.24190741514515,5,1
VEN-01037,51.067544168999525,3,48.14037463656396,2,4
VEN-01038,85.94708678656777,1,31.32851658433784,5,1
VEN-01039,34.89008698737194,3,73.39654557406222,1,0
VEN-01040,46.77643262092492,3,24.414893142514877,3,0
VEN-01041,68.52380561309742,2,37.56328720287354,2,0
VEN-01042,35.51650727017806,4,77.82904773178659,2,1
VEN-01043,35.90414117115794,3,47.56861024644408,5,1
VEN-01044,53.79728781163307,4,23.34626012751416,1,0
VEN-01045,61.40857797142528,1,34.17770359461764,4,0
VEN-01046,44.44229513871182,1,72.9395295165857,1,1
VEN-01047,26.285595992740014,0,56.44654574591599,5,0
VEN-01048,65.71733821833648,3,37.09499960612159,5,0
VEN-01049,15.619800384929404,1,44.921584072952406,4,2
VEN-01050,44.57436386359616,2,16.15663639927422,4,0
VEN-01051,16.622329505062456,2,59.21958987654725,1,0
VEN-01052,32.21413677970887,3,50.19816887525981,0,1
VEN-01053,29.166421117914503,0,32.86095621972263,2,2
VEN-01054,35.90285438584067,1,45.06040691060712,3,1
VEN-01055,58.4858019239637,1,45.43099801377771,6,0
VEN-01056,6.521300408898146,0,29.031117801185665,2,0
VEN-01057,32.308738870524,2,13.66065201362758,2,1
VEN-01058,19.180748944640676,1,68.28173621927507,2,0
VEN-01059,14.674813527793248,4,37.6275546795324,9,0
VEN-01060,35.05721950122398,0,35.09322780610514,3,1
VEN-01061,58.90338616195179,2,17.869110654404796,2,1
VEN-01062,34.84029067495922,1,56.99332682802682,1,0
VEN-01063,54.28076232078279,2,72.33121470772251,5,1
VEN-01064,35.04666725807791,1,17.169944226323974,5,1
VEN-01065,5.165617291737358,3,25.28334763046945,5,0
VEN-01066,18.790396825768138,3,28.62865178041385,4,1
VEN-01067,23.831976422115897,2,55.721028085890914,4,0
VEN-01068,48.05367154151806,3,29.321149699911224,0,0
VEN-01069,36.16302727400719,5,28.433875221369853,5,0
VEN-01070,37.31954032128751,2,77.10381696807697,2,1
VEN-01071,32.54805724353423,2,31.59667676859339,3,2
VEN-01072,39.99232538844431,2,78.16212346526851,2,1
VEN-01073,23.70972257352294,2,56.516794496847766,1,0
VEN-01074,49.81443761672358,1,42.72251929410806,0,2
VEN-01075,45.531035668974106,0,65.54804170696025,4,2
VEN-01076,44.282811747385686,3,37.82536496023748,6,3
VEN-01077,31.07431990005562,1,28.490279093304498,3,0
VEN-01078,28.425400735663725,2,77.21327994891905,3,0
VEN-01079,36.41109373421288,4,46.98459204548015,1,1
VEN-01080,23.107693132682204,4,68.03329720719393,3,0
VEN-01081,69.6482927122829,2,33.213675719629464,5,0
VEN-01082,26.85402427628796,5,31.906674894611196,6,1
VEN-01083,32.22064058701214,3,81.02674252960038,2,0
VEN-01084,10.30350903127735,1,81.7109799986471,5,2
VEN-01085,31.668771615653068,2,39.66799178897914,3,2
VEN-01086,50.78241464123472,3,78.55788803782727,3,1
VEN-01087,60.08281774792928,2,32.73935718848534,5,1
VEN-01088,8.217978875037211,2,34.90663183245427,8,1
VEN-01089,85.51149796133734,1,43.00722187317261,4,1
VEN-01090,34.47753620650092,2,20.08041803914579,4,1
VEN-01091,72.91506520004368,1,72.222197440186,6,0
VEN-01092,23.35369540240079,2,52.881538478358216,0,0
VEN-01093,29.459856917798017,2,25.4753213990652,1,0
VEN-01094,15.404834388827927,3,19.49642214316241,6,1
VEN-01095,71.02460232365793,2,35.430004353046584,4,0
VEN-01096,36.1303348785448,1,55.15699755824441,0,1
VEN-01097,26.451276223586383,2,41.41680779125348,1,0
VEN-01098,69.97901510176744,2,51.07261623092158,2,2
VEN-01099,72.12396612738698,1,28.31251163124055,5,1
VEN-01100,1.0,1,30.724824739387994,2,2
VEN-01101,63.37832166530539,2,52.2402468359646,1,0
VEN-01102,21.68690976574422,1,33.1735364672089,5,1
VEN-01103,75.0432847128656,1,18.943397523396225,7,2
VEN-01104,23.60960642394961,3,27.509544406930917,2,1
VEN-01105,48.20040667434529,3,31.47526116725067,6,0
VEN-01106,46.600976497518566,2,15.313078010614497,4,1
VEN-01107,18.90548910374821,1,29.896295207737374,5,1
VEN-01108,26.71744432376606,2,80.55845617624091,3,0
VEN-01109,76.2615459778663,1,22.992481283114707,5,2
VEN-01110,63.37887752384904,2,51.7123454553434,6,1
VEN-01111,42.65580622821138,1,45.97258850360289,2,0
VEN-01112,31.0796763159491,3,30.82215231589916,2,0
VEN-01113,89.4780318785562,1,43.6257675203078,6,1
VEN-01114,54.91110203195313,3,36.25714010179245,1,1
VEN-01115,21.13972861943761,3,62.44714714517791,7,2
VEN-01116,58.62731826341445,2,39.967348865671084,1,1
VEN-01117,56.56457047818406,3,31.36746063340661,6,0
VEN-01118,66.83377223872883,3,31.033227113895197,4,0
VEN-01119,51.31123638417091,3,54.8864672889754,5,1
VEN-01120,17.47019945485896,2,71.56095459302027,0,1
VEN-01121,42.15144104205692,1,65.36553694935118,5,1
VEN-01122,36.71927402490158,3,37.62667921603524,3,0
VEN-01123,31.81534434622528,2,38.62516205129112,3,3
VEN-01124,55.8928948507187,4,25.37619246219912,5,0
VEN-01125,4.291245448054188,2,77.87540162516568,2,2
VEN-01126,51.57840474734352,2,22.189536246855145,1,1
VEN-01127,68.96604421222318,3,61.63019903356827,3,0
VEN-01128,80.29181042040044,2,27.14968949775815,5,0
VEN-01129,2.463318681345398,2,22.50258682018893,2,0
VEN-01130,44.21375979366306,3,44.689328626093285,3,0
VEN-01131,48.10984708324591,2,47.96137671764878,4,0
VEN-01132,43.10962183341002,5,14.213861623537822,1,0
VEN-01133,30.124452687528485,1,40.67202007410404,5,0
VEN-01134,35.05744946757673,4,68.26378275318865,5,0
VEN-01135,91.1984648701917,3,51.2690229868645,1,1
VEN-01136,42.8673044189292,2,47.69886375604451,1,1
VEN-01137,30.900287036006837,1,33.04451615637545,4,1
VEN-01138,19.73101084716338,0,9.199811079739792,4,1
VEN-01139,72.39106979644501,1,25.693589720819737,2,0
VEN-01140,76.38714101173034,0,51.356484245887415,4,1
VEN-01141,15.496120949182329,1,46.31327332502189,2,0
VEN-01142,24.995955041699176,1,57.098987159754046,4,0
VEN-01143,40.28440674729566,4,75.90694279046505,1,1
VEN-01144,29.99234086097948,3,50.37051776901456,2,0
VEN-01145,57.80333653171324,3,33.55116355058054,2,0
VEN-01146,33.52249727732984,1,48.627963694553785,8,0
VEN-01147,24.849359966461783,0,56.67519262242608,2,1
VEN-01148,21.46003570536585,1,15.640970328726404,4,1
VEN-01149,69.58660217658577,2,22.167632951952392,0,1
VEN-01150,14.676055018603837,2,69.50169259924795,7,0
VEN-01151,85.85131381196504,2,69.3672387910612,4,0
VEN-01152,10.290064026825538,0,32.49176386037706,3,0
VEN-01153,3.779377264188908,3,33.781787349816966,0,1
VEN-01154,73.16289222138872,1,40.43571003536698,6,0
VEN-01155,78.54076565593296,4,49.28778404995714,5,1
VEN-01156,33.47995408412408,0,39.06229029469179,4,1
VEN-01157,28.70865291098872,3,4.522826072897508,2,1
VEN-01158,32.91240042084653,2,23.627016271652685,2,1
VEN-01159,14.789982660859872,3,32.06937631773197,4,1
VEN-01160,29.978496308244534,1,73.17869767688276,2,2
VEN-01161,57.355265124231295,4,47.8311268705242,6,0
VEN-01162,20.758082980442637,1,81.23433134843869,4,0
VEN-01163,41.03706318741347,2,15.626035503280486,1,0
VEN-01164,20.730030338719345,3,63.39569899323367,3,1
VEN-01165,29.726975471922053,1,27.833564189651334,1,0
VEN-01166,61.82354806189093,0,38.952573145855006,2,0
VEN-01167,5.157135490209575,3,27.21030893103987,4,0
VEN-01168,7.544861117138356,3,10.515509575814775,2,2
VEN-01169,41.99556020238535,3,53.153130812114526,4,0
VEN-01170,13.81809044629877,4,49.54581894320288,9,2
VEN-01171,37.26397115810709,1,58.490423703421015,1,0
VEN-01172,26.01418003039271,4,85.96224758877817,5,0
VEN-01173,41.50041531087111,1,36.42162047841326,6,0
VEN-01174,70.57263962502887,2,36.489559415592936,2,2
VEN-01175,40.41540040142595,1,28.45827172356999,5,3
VEN-01176,34.92941668133599,0,59.85562892211961,5,0
VEN-01177,45.167024706721485,2,24.85878798510249,4,0
VEN-01178,21.098945503049787,4,56.45849674267546,4,3
VEN-01179,58.5207981352601,6,14.494257683100276,1,0
VEN-01180,83.35247229241676,4,36.33223031340005,1,1
VEN-01181,29.10608140247141,1,19.61726481245497,2,1
VEN-01182,40.94038146693897,1,18.382866508609705,5,0
VEN-01183,42.28551055014494,2,72.87728120849275,4,3
VEN-01184,45.62584119370949,1,49.988502354970095,8,0
VEN-01185,19.11981295611493,2,48.62087066734669,4,0
VEN-01186,24.66792128912536,1,80.76204452141663,6,1
VEN-01187,61.275402554990734,2,71.40575157773776,2,0
VEN-01188,32.67922128331515,2,26.19353781453619,2,2
VEN-01189,2.666091079847952,3,52.00230804496216,6,1
VEN-01190,27.760150195204485,4,35.033839911829936,1,1
VEN-01191,65.38899758547429,3,61.045711461017525,2,0
VEN-01192,4.174580305034171,6,32.412703377455465,4,2
VEN-01193,39.79143781932677,1,73.43329015821723,5,1
VEN-01194,24.326226834664944,0,41.026478139338494,3,0
VEN-01195,11.11159834755894,4,31.26607505204761,1,0
VEN-01196,25.498004852998207,1,32.006704682026005,5,1
VEN-01197,31.057201186499057,2,56.41949160231616,5,2
VEN-01198,67.80744221139727,2,5.908531745125441,3,0
VEN-01199,78.59566248749559,3,34.4973974889949,1,1
VEN-01200,39.52801099170986,4,36.45812763004346,4,1
VEN-01201,83.16716431140786,3,46.8748881639093,5,1
VEN-01202,47.46209664944799,1,24.156733997221227,5,0
VEN-01203,79.8726128255694,1,62.22300924931944,8,2
VEN-01204,57.71454664226968,1,82.81644569014381,4,3
VEN-01205,16.16466610762784,1,45.1551033618765,2,1
VEN-01206,3.756780001556242,1,25.18631239972729,1,1
VEN-01207,78.002328185643,0,54.59495238275134,5,1
VEN-01208,24.06764042934682,2,38.13287586069938,3,0
VEN-01209,77.32026173737916,4,56.25360721362209,4,0
VEN-01210,28.354518056329717,1,48.01802319590048,5,0
VEN-01211,48.48091745026736,1,72.99797304867577,2,0
VEN-01212,31.059027956948945,5,32.237491108088335,1,0
VEN-01213,54.67602562116095,2,49.479608464619936,1,2
VEN-01214,41.306913142907575,2,14.661035194024,6,1
VEN-01215,72.56244722356404,2,46.53274491725018,4,2
VEN-01216,26.47924948289809,2,13.771258347093504,1,2
VEN-01217,17.365322663507932,0,88.38670628662732,3,1
VEN-01218,24.23312002943767,1,55.44025769804036,2,0
VEN-01219,36.77765772121992,5,47.72248960579167,2,1
VEN-01220,17.036085301015767,4,48.016350426537706,4,1
VEN-01221,60.83569355519883,1,69.93351101838596,2,0
VEN-01222,17.387738572630383,1,87.10255899204233,6,2
VEN-01223,14.782292641497968,0,62.91479222426249,4,2
VEN-01224,28.42031708678561,3,40.59979362335051,4,0
VEN-01225,27.990639609273003,4,60.31675263683912,4,0
VEN-01226,43.07517324094229,1,40.19074610385942,5,0
VEN-01227,19.312421449015197,2,59.03146313707316,2,0
VEN-01228,37.51725059653874,1,33.16853252997649,2,0
VEN-01229,31.40161501522098,2,10.402299176285243,1,3
VEN-01230,6.289784355152605,2,62.98803321787276,5,1
VEN-01231,58.62173472667395,0,50.143946556627874,1,0
VEN-01232,61.91696859539372,2,31.828052594997292,5,0
VEN-01233,42.42689763749647,3,38.02022954886493,3,0
VEN-01234,52.823077148083165,2,32.703773541059974,7,0
VEN-01235,76.78160430691034,4,14.697498297821667,3,0
VEN-01236,10.650519841341138,0,45.83988533255372,4,0
VEN-01237,71.44710883515421,4,33.42203658310225,5,0
VEN-01238,41.2918853629418,1,58.23540045930036,3,1
VEN-01239,9.974376628904288,4,17.857160304069172,2,2
VEN-01240,21.459925093993448,4,59.97579989470203,2,2
VEN-01241,43.63905407087895,2,15.526305912519408,3,0
VEN-01242,52.71578835540649,1,74.5755321390753,0,1
VEN-01243,39.9629495713619,2,53.78099684803643,3,0
VEN-01244,26.46160580490288,0,32.903265743336746,3,1
VEN-01245,33.168029315306654,2,29.11651938864438,2,0
VEN-01246,37.06373389517337,2,54.14026334706069,6,2
VEN-01247,42.44963546034503,2,29.6958556227747,4,1
VEN-01248,42.13736333733563,5,48.39755040816701,2,1
VEN-01249,50.88916182801329,0,57.56811072080728,4,0
VEN-01250,83.50491023904962,2,70.94515408696329,2,0
VEN-01251,72.26184547647281,0,64.71258016612956,5,2
VEN-01252,48.10437945489934,2,30.09716408590437,2,1
VEN-01253,88.46721215271309,3,56.30551366951448,2,0
VEN-01254,48.95650379570127,3,53.57734710171712,2,3
VEN-01255,29.337107689173763,1,48.225453552315,1,1
VEN-01256,60.086356753355,2,25.2004639219516,3,2
VEN-01257,8.099773002842412,0,31.657025937237854,6,0
VEN-01258,19.910800772486795,1,77.24292265262027,4,1
VEN-01259,27.521447963519897,1,19.95365761097816,0,0
VEN-01260,28.604070630849325,3,34.54618333530979,7,0
VEN-01261,24.92245749608679,3,29.85449952277073,5,4
VEN-01262,8.708880913424242,2,25.31892785051783,2,2
VEN-01263,63.254948853230445,5,28.18229554912816,7,0
VEN-01264,36.61996557624258,2,70.69355940856158,4,1
VEN-01265,55.72135075506257,4,55.01504951560087,2,1
VEN-01266,31.022553899839256,5,74.69613063463024,2,0
VEN-01267,59.32657231966901,0,66.63758189379088,7,0
VEN-01268,41.28197442760776,1,46.27098780960146,3,1
VEN-01269,11.87503933912609,2,28.05927662355026,3,2
VEN-01270,7.043455835406018,0,29.695064414649035,6,0
VEN-01271,66.88213326348988,0,75.55526745080022,2,0
VEN-01272,35.58634854691971,3,39.003968556259046,6,3
VEN-01273,40.84288627407117,1,62.57845768040527,5,1
VEN-01274,27.40608510428244,2,29.771974842059056,4,0
VEN-01275,68.49984932316089,2,78.80159138544404,2,0
VEN-01276,67.50136423421282,2,36.37859641270053,1,1
VEN-01277,48.8131246037174,1,29.77163708387001,3,0
VEN-01278,43.84914131454624,0,70.64982054784495,3,0
VEN-01279,24.95688760572859,1,14.508019363727422,4,0
VEN-01280,49.73888560225056,0,25.274993664590816,0,1
VEN-01281,65.90848364128709,2,64.23966317748938,4,0
VEN-01282,78.23749991420276,2,80.06867774588056,3,2
VEN-01283,38.9158554017747,1,23.94290209324998,3,2
VEN-01284,14.785540273502315,2,62.096936157680446,6,0
VEN-01285,52.86271721216404,3,62.155398025819096,4,0
VEN-01286,49.558747437520985,1,25.48687397443689,3,0
VEN-01287,39.533790174305125,3,36.66591043005759,1,1
VEN-01288,27.89205931117892,3,34.2989220860545,3,0
VEN-01289,24.58320786895222,3,50.721423282520185,6,0
VEN-01290,80.22185577947957,4,70.08048784707694,1,0
VEN-01291,17.021455861651674,1,62.41127260062556,3,0
VEN-01292,46.93836921897996,1,58.41016178991367,4,0
VEN-01293,63.23345986983726,1,45.11114006133408,2,0
VEN-01294,43.29525844344214,1,52.76947334437391,7,1
VEN-01295,23.548587993882023,3,64.58051366281958,5,0
VEN-01296,79.78651980835615,2,66.70833889575168,3,0
VEN-01297,6.398574524011794,5,32.099055048866035,4,0
VEN-01298,21.59751433071865,0,65.11487169442216,5,1
VEN-01299,42.93630045598118,1,62.68728062761817,2,0
VEN-01300,41.89228947460897,1,61.03970924505944,1,1
VEN-01301,42.99845215740908,3,65.78742997175866,3,0
VEN-01302,39.996892575092936,1,37.1258721824315,0,1
VEN-01303,48.28152891678536,4,40.64821174457568,5,0
VEN-01304,49.48099787254783,2,10.25447114186359,2,1
VEN-01305,23.37216104790796,2,57.56257268065056,6,0
VEN-01306,52.99436671341606,2,60.46346598212155,6,0
VEN-01307,16.756124953210612,2,25.287365451502048,5,1
VEN-01308,68.11244741885683,2,38.46298287422134,0,0
VEN-01309,44.26043875827149,3,41.00408739073451,1,0
VEN-01310,38.10955093973708,2,85.8143651035757,2,1
VEN-01311,19.286941534921315,2,40.307477218121605,3,0
VEN-01312,65.7986375360237,0,16.29646877636072,1,0
VEN-01313,41.59608202317385,2,76.15773805465551,1,0
VEN-01314,65.36523637669251,2,30.885581450590223,6,0
VEN-01315,62.427685636382776,0,72.04367933072443,7,0
VEN-01316,28.230116506097573,3,53.82969375379724,4,0
VEN-01317,21.827797332622463,1,21.57885075112741,7,1
VEN-01318,42.658659085892246,2,67.61846020108528,5,0
VEN-01319,43.227042821576575,5,48.03071299733445,4,0
VEN-01320,54.59909377177495,1,42.998460754562245,7,1
VEN-01321,50.55387088121969,5,21.51413269104373,7,1
VEN-01322,38.41487370790847,2,72.6239398720626,3,0
VEN-01323,38.148815721117465,2,32.18748917109132,6,1
VEN-01324,26.142539098431776,3,32.365838892972825,3,2
VEN-01325,11.029466444882942,4,23.86523504369863,3,0
VEN-01326,15.289074334089973,2,70.72091160656218,4,0
VEN-01327,40.63940448335458,2,34.20905580109933,1,0
VEN-01328,25.398043584340783,0,53.01296103747042,2,1
VEN-01329,84.66871504671879,1,39.73084407730215,4,0
VEN-01330,63.60866279204823,4,36.14447412151927,2,2
VEN-01331,41.8043412759334,1,49.21141262592709,3,2
VEN-01332,68.33929401875957,1,77.22275460447723,1,0
VEN-01333,23.151934892143085,2,55.18109070182765,6,1
VEN-01334,83.11357616939785,0,50.88018301783676,2,0
VEN-01335,47.57757807125921,0,26.77326212183417,3,2
VEN-01336,36.53257313650038,4,48.69256414845587,1,1
VEN-01337,84.98259329886413,3,70.74470020521309,4,0
VEN-01338,29.914637754559596,3,26.052231555676563,5,1
VEN-01339,43.87345680521573,2,34.76684085960141,5,1
VEN-01340,36.08068289551964,2,53.05355308614149,3,0
VEN-01341,36.48811489978208,2,38.90652854760142,6,0
VEN-01342,72.01835357537396,5,61.73228048734502,2,2
VEN-01343,17.909443067827166,1,42.046461082972215,8,0
VEN-01344,15.562016616346172,5,63.53701120365896,1,0
VEN-01345,59.18964454509951,4,46.465808241421485,2,2
VEN-01346,25.88598776851052,3,66.79884682133509,4,1
VEN-01347,59.18183947617839,5,42.08689561635783,4,0
VEN-01348,48.56732144145012,0,70.20605234820555,1,1
VEN-01349,69.0243601093607,3,67.68792011768214,1,2
VEN-01350,55.18119701219367,2,52.892357352870754,3,0
VEN-01351,26.55972335515789,2,67.85006783888747,2,0
VEN-01352,22.46444888159896,2,28.30863113205886,4,0
VEN-01353,57.74229582780399,5,50.28847779218378,4,0
VEN-01354,74.87831845598195,2,93.46014262710143,2,0
VEN-01355,17.262108458844043,3,71.05547164279218,2,0
VEN-01356,63.60307771249529,1,27.093567745170443,3,0
VEN-01357,55.08234205943704,4,30.16203471299661,5,0
VEN-01358,43.456062592625536,3,57.80844019567175,4,0
VEN-01359,12.6444602742102,2,77.6920599459379,3,1
VEN-01360,41.713364299351845,2,66.11005348424455,3,1
VEN-01361,38.916792673315065,0,18.59790032402628,5,0
VEN-01362,41.16393801685229,1,89.92879761176657,2,0
VEN-01363,14.460427354020776,0,86.02055682736311,3,0
VEN-01364,64.67675752172575,1,47.51511697347946,0,0
VEN-01365,44.37868860324311,2,60.0224590908154,3,0
VEN-01366,15.498335363629096,4,58.9044987669175,1,0
VEN-01367,17.334128045391537,2,61.18388153253863,6,1
VEN-01368,56.43121008074172,2,35.00961674570409,5,3
VEN-01369,70.21752763922294,5,34.32321444506398,6,0
VEN-01370,63.00263607046816,4,52.963016603348834,3,1
VEN-01371,20.12554426990901,3,69.71524994372392,1,0
VEN-01372,27.141352296125717,2,61.06656604566118,9,1
VEN-01373,17.55624227781036,2,52.20320611529231,3,0
VEN-01374,34.97937667330196,1,61.13733155992246,4,0
VEN-01375,24.011237984218862,1,22.446566517589005,3,0
VEN-01376,44.961648345705854,3,12.468429944365464,5,0
VEN-01377,36.75641724884421,3,50.83437493124454,2,1
VEN-01378,17.819517408070418,1,51.67152378022747,4,1
VEN-01379,68.90595287318567,1,38.67797130143224,3,0
VEN-01380,51.15105029897728,4,32.773752632040534,4,1
VEN-01381,46.03866227632043,2,56.59510922202833,7,0
VEN-01382,24.94481665658784,1,20.169797820241943,2,0
VEN-01383,85.27578347646421,1,49.54528693051964,1,1
VEN-01384,32.23405072693634,4,43.39867380448688,6,0
VEN-01385,54.16491086270946,4,35.341300623680496,2,0
VEN-01386,19.22287103390568,3,31.43811736699751,3,0
VEN-01387,32.42938121910364,0,47.18127803409251,5,1
VEN-01388,31.172346902964165,2,28.244393958073346,2,1
VEN-01389,60.98566903249891,5,38.4598767988323,4,0
VEN-01390,47.1326725783626,0,54.55968420946778,3,0
VEN-01391,59.94340201910489,2,20.995026431839012,1,1
VEN-01392,93.88634940679916,0,72.5791106143058,0,0
VEN-01393,34.297570209130406,1,47.71686761021433,3,0
VEN-01394,54.59074440707787,2,29.4296590682626,2,1
VEN-01395,11.38109572472422,1,29.508409088510152,3,1
VEN-01396,38.7368679705566,1,30.652141968641487,1,0
VEN-01397,47.93903682286615,3,64.40430515701311,1,0
VEN-01398,73.220627512639,1,24.404242205898196,1,0
VEN-01399,49.92008334859895,2,67.91243178330684,3,1
VEN-01400,19.253518664967483,2,19.0741143573008,2,1
VEN-01401,72.84113157615974,0,26.602575343301265,6,1
VEN-01402,63.30702137474762,3,42.15399592298774,1,0
VEN-01403,39.03608840619254,4,36.68107872485312,4,1
VEN-01404,49.6544571025874,3,17.564980518668026,1,3
VEN-01405,12.369438084458166,0,86.41182719470724,1,1
VEN-01406,60.01700921255264,1,64.80785359510445,4,1
VEN-01407,10.928550120243573,2,12.837092236926,2,1
VEN-01408,53.3194586495816,2,77.05677220392239,2,1
VEN-01409,58.00702826651269,1,41.50641510489989,3,2
VEN-01410,36.13564854685848,2,55.53833841292561,1,0
VEN-01411,15.47006480051618,3,30.55061733278966,6,0
VEN-01412,23.057989214103007,5,28.824391655622083,4,0
VEN-01413,39.57451650200128,1,24.36453876421936,2,1
VEN-01414,28.88607870278896,4,67.49550456892923,2,1
VEN-01415,21.747471323490466,2,25.40841532684576,1,0
VEN-01416,14.347166021156536,2,26.748328497010025,7,1
VEN-01417,11.88734665568484,1,25.99174537593564,3,0
VEN-01418,78.64411582135202,0,78.0991930716483,3,1
VEN-01419,28.36695798616277,2,44.98714657018439,1,0
VEN-01420,22.846263224699715,2,42.78104300805547,7,1
VEN-01421,53.246203003224046,2,47.2994129142686,2,1
VEN-01422,47.47217628254394,1,10.411964625984035,4,0
VEN-01423,67.33299912046343,1,31.480685364935013,0,0
VEN-01424,26.552152234554743,0,17.650213434818237,1,0
VEN-01425,37.53627280211887,0,75.94597311155793,3,1
VEN-01426,18.181152731484044,3,81.38945733691733,2,1
VEN-01427,52.09784291983798,3,44.82633830389047,1,0
VEN-01428,27.1034737564422,2,47.20701288448655,3,1
VEN-01429,24.004379978279733,4,65.75588579176456,4,0
VEN-01430,21.94208425487878,1,22.666206738803258,6,1
VEN-01431,6.883155357867333,2,33.626351465474954,4,0
VEN-01432,18.04104791489837,5,64.1628671716771,4,1
VEN-01433,19.472792725093612,1,54.01869160532228,4,1
VEN-01434,54.808266171147466,0,45.58537541055532,5,1
VEN-01435,10.717299714412578,0,21.369405172555265,5,0
VEN-01436,68.38609193490272,6,75.57374496069555,2,0
VEN-01437,64.01131266567627,1,55.783372192934166,3,0
VEN-01438,14.947942710581522,4,37.507588906954446,3,0
VEN-01439,69.02906040385813,1,41.57440396428177,7,0
VEN-01440,32.690459139255736,2,87.58369935956928,3,1
VEN-01441,72.77091440361156,3,52.55310491995382,5,1
VEN-01442,19.59418384933137,2,12.751345457544996,6,3
VEN-01443,69.95811040496632,2,30.33677945646573,0,0
VEN-01444,29.129678084761075,2,57.51045045176439,5,0
VEN-01445,58.19632674084703,1,24.95273617057325,1,1
VEN-01446,41.0744205934929,5,80.07443415733331,5,2
VEN-01447,31.71368247720297,2,40.77567965333948,1,1
VEN-01448,30.683474332148972,2,27.658296432663025,1,0
VEN-01449,32.492037768970086,2,54.21329815627863,6,3
VEN-01450,24.4794778091104,2,27.96976795682524,2,1
VEN-01451,12.73673076297867,2,49.49314749173196,3,1
VEN-01452,51.76965921744225,4,24.94642996559133,0,1
VEN-01453,31.069861383105835,1,26.59764598190652,4,1
VEN-01454,11.714590326302307,3,44.60815751922505,4,1
VEN-01455,21.819286571252547,1,65.17595738982122,4,0
VEN-01456,82.13508130170514,2,57.06029654157764,1,1
VEN-01457,14.313799673117405,1,22.62093787598517,1,0
VEN-01458,36.36945253414426,2,25.72002402701678,2,0
VEN-01459,40.336568296825575,2,33.44609172192944,4,2
VEN-01460,30.68564775406035,4,83.78017892814977,4,1
VEN-01461,40.98343382951345,4,39.56673957088038,3,0
VEN-01462,22.360901546755915,4,67.88805850990613,4,0
VEN-01463,52.021909899094496,1,66.32792689749078,4,0
VEN-01464,53.547404474195815,2,49.65636245976178,6,2
VEN-01465,57.3908001363182,0,32.00131717157963,2,0
VEN-01466,27.166600336814067,2,53.369017887487466,2,1
VEN-01467,15.95671835666118,2,32.259658034639735,2,0
VEN-01468,21.46004588608276,1,18.131533011360908,2,0
VEN-01469,24.692921318725052,2,21.59286142297522,5,0
VEN-01470,62.24345391070383,1,43.33671429432211,3,0
VEN-01471,50.87991327255696,3,67.07974900054276,4,0
VEN-01472,16.701342683330857,3,42.59224952520881,0,1
VEN-01473,10.60446167820846,1,42.46905201937507,6,0
VEN-01474,25.848631399846607,1,42.3203495407541,3,1
VEN-01475,18.613139938554696,0,13.871095858443534,3,2
VEN-01476,55.72936250970567,2,20.265951623842327,1,0
VEN-01477,66.4146532580045,5,27.2106986355126,2,1
VEN-01478,5.937385835396875,3,27.557893659345577,1,1
VEN-01479,12.463022195743168,0,37.81486684465408,3,2
VEN-01480,64.20106606401527,5,10.399233593300869,5,2
VEN-01481,28.597422666037563,2,21.7821280788676,3,0
VEN-01482,48.345687281671424,4,27.40806315341685,3,0
VEN-01483,27.317697956915627,2,63.31123541011395,6,1
VEN-01484,6.259389028899179,1,45.46571595000384,4,2
VEN-01485,11.371767255939623,4,57.89130906820563,4,0
VEN-01486,69.92272221623871,6,52.95081546392432,3,0
VEN-01487,28.26327620700969,4,36.78591099048537,4,0
VEN-01488,69.31587869731204,2,36.18957380986112,6,1
VEN-01489,29.77489071876337,2,40.81338626778161,5,0
VEN-01490,35.621589169967955,1,41.9073205530625,5,1
VEN-01491,59.49499645872842,3,48.17264232782266,3,0
VEN-01492,10.37129184770503,2,24.083061397635653,2,0
VEN-01493,46.70392752383372,1,64.55349719896411,4,1
VEN-01494,48.45112853038153,2,29.129711082004032,3,0
VEN-01495,23.37375086839268,1,56.28912377621204,4,0
VEN-01496,53.31343259942217,1,66.39341185353705,4,1
VEN-01497,30.11782013713331,2,28.37480449117773,4,0
VEN-01498,36.85284142205553,1,46.15744226684157,2,1
VEN-01499,21.2402683707368,1,27.25981503313526,4,0
VEN-01500,26.91233457126525,5,40.41801046064741,6,0
VEN-01501,19.147682060418987,0,50.80903674639442,5,0
VEN-01502,9.784866148857189,0,56.242069815728456,3,1
VEN-01503,37.70668062551401,2,75.48994200483821,2,0
VEN-01504,7.525313197617911,1,54.8770506912592,3,1
VEN-01505,40.33875930124152,2,59.542290684324975,1,1
VEN-01506,5.494069885366804,3,40.20401343324325,2,1
VEN-01507,13.96853791278997,1,32.75576600064275,2,0
VEN-01508,46.33470708420765,2,76.87199886613028,4,0
VEN-01509,16.398801062025317,3,25.822107076616746,1,1
VEN-01510,8.914208937300396,3,36.71908655700621,2,0
VEN-01511,32.24251482419678,2,71.95371813863969,4,0
VEN-01512,26.506574281101663,0,35.95814235865947,2,1
VEN-01513,33.92921839426541,3,19.03068348883772,2,0
VEN-01514,10.766961717902044,4,42.28151958888794,4,0
VEN-01515,34.62258494807851,1,73.76902789068339,4,0
VEN-01516,58.22522172432976,1,87.91972634753927,3,0
VEN-01517,18.54439410655712,0,51.83297851357658,2,0
VEN-01518,36.918205081039005,0,29.84826389284889,5,0
VEN-01519,51.57609334014664,2,74.33273729573486,3,1
VEN-01520,24.106807341028123,5,62.799954183548536,3,2
VEN-01521,18.99711305879572,0,64.20014157563944,3,2
VEN-01522,57.8850057556624,3,47.50574118756021,5,2
VEN-01523,44.038071889407206,4,52.7298364689287,4,1
VEN-01524,70.55291179618219,1,40.33266859832818,3,0
VEN-01525,49.88867806653375,1,68.34445143689956,2,3
VEN-01526,60.931829772010495,0,44.67786522588133,6,0
VEN-01527,11.40000747830811,1,93.13727839313523,3,1
VEN-01528,29.708252865498498,0,53.57603083506317,2,3
VEN-01529,27.5013348051563,2,27.80297226517858,2,2
VEN-01530,3.9954938503363264,2,55.50643732051383,3,1
VEN-01531,41.36279586279549,0,50.90403798435471,3,0
VEN-01532,13.341468356037645,0,55.19016863496638,6,0
VEN-01533,51.842687181525214,2,68.22180836967291,3,1
VEN-01534,28.159362618379813,3,41.513862609433296,5,1
VEN-01535,16.2105061976024,1,30.774549110449435,6,0
VEN-01536,15.032867314760034,1,47.43935665293525,3,0
VEN-01537,48.047743301617565,2,25.2416963914997,3,0
VEN-01538,29.941075370509367,2,38.4807066423874,4,0
VEN-01539,7.449420161409516,2,25.762338622126315,3,0
VEN-01540,39.37041062539668,1,30.47530789840021,1,1
VEN-01541,44.07178851305135,1,37.81554357403187,4,0
VEN-01542,27.27916236161825,1,55.92514870942287,1,0
VEN-01543,56.50244275303893,1,37.55657727574032,4,3
VEN-01544,13.956265661671472,4,28.313042983998432,3,1
VEN-01545,10.482765032741934,3,67.3003398579954,5,1
VEN-01546,54.11646989263763,1,48.11753302759892,3,1
VEN-01547,36.12374461276898,1,79.59616882810515,5,1
VEN-01548,16.12149813377785,1,38.46304924831414,2,1
VEN-01549,29.398610090973957,3,73.80278678747797,2,1
VEN-01550,42.81048787951787,0,47.02976551098144,7,0
VEN-01551,20.05057742493385,0,29.81226893256787,3,0
VEN-01552,62.866144502079536,1,25.224373204925048,3,0
VEN-01553,31.309860738362797,2,38.40877647175508,2,0
VEN-01554,33.68628600721739,0,47.19036092779352,2,0
VEN-01555,34.48865261275984,4,37.95317429910309,2,0
VEN-01556,63.717038516034,1,55.25272521685758,4,0
VEN-01557,6.611016414532175,1,53.77349996258574,3,0
VEN-01558,9.863160253800311,2,61.604314181095134,5,0
VEN-01559,80.60879498047525,4,47.54298114473599,2,0
VEN-01560,26.322981221141028,4,34.2418095540071,2,0
VEN-01561,73.74722961175777,2,39.18930204525909,3,1
VEN-01562,34.42570237192687,2,38.34563252873507,6,0
VEN-01563,48.76499193596986,1,41.20742189702696,2,0
VEN-01564,49.0610515960507,1,42.61511172811663,3,0
VEN-01565,36.99465324926023,2,51.96096645100516,5,0
VEN-01566,35.445088828555406,2,63.9043458687405,2,0
VEN-01567,31.18861175281068,1,31.72153792330809,2,1
VEN-01568,61.8804319358557,3,61.43696228052543,4,0
VEN-01569,50.97753233133192,4,39.03173778625983,3,1
VEN-01570,46.91358192740192,2,56.07057292654864,7,1
VEN-01571,56.19444137284183,2,31.435836988556947,8,1
VEN-01572,14.9305336022128,3,56.97516314801005,0,1
VEN-01573,34.69389257292524,3,16.012974139771817,5,0
VEN-01574,44.10285359611016,2,29.48356266942986,3,1
VEN-01575,50.1943691446502,3,60.10382688878653,5,1
VEN-01576,36.33075005069935,3,41.57210743920757,1,2
VEN-01577,43.15915210667594,3,50.98664278479013,4,0
VEN-01578,40.27810382054322,1,38.20047850464752,3,0
VEN-01579,30.86053668976897,3,80.76146352963842,1,2
VEN-01580,38.27915602816691,4,88.57735106618314,3,1
VEN-01581,35.553135105320024,0,48.42198522244844,0,0
VEN-01582,21.675379006306347,1,43.69163676690622,5,3
VEN-01583,46.30686679497765,3,67.50805183363701,5,0
VEN-01584,42.94060116043198,1,61.33509484409073,2,1
VEN-01585,30.19069841685503,5,61.45853769771471,4,1
VEN-01586,31.930803648591084,2,34.53174818976157,2,1
VEN-01587,43.66571431758572,2,29.013111750707957,7,2
VEN-01588,26.844396617776805,3,54.90713753481658,2,0
VEN-01589,42.68286700353624,2,62.66057633204709,1,0
VEN-01590,61.32753155623606,3,16.884865891086864,3,2
VEN-01591,63.15512380836851,2,38.94830262887589,3,1
VEN-01592,45.59291653615482,1,41.02915468212899,2,1
VEN-01593,22.660170740175555,3,20.9327563145355,1,0
VEN-01594,35.86852682894485,2,56.086953703996514,2,0
VEN-01595,16.80223502858254,2,40.19011602465955,3,0
VEN-01596,12.589843756467506,3,38.7186534089771,3,1
VEN-01597,64.22193957335269,5,21.86184048968301,3,0
VEN-01598,86.05563824608149,3,61.09712177060997,3,0
VEN-01599,38.37805561815622,0,28.57455257915258,3,3
VEN-01600,65.01302932034913,3,63.78696920460932,0,1
VEN-01601,12.784274245268938,0,50.359285930159295,4,0
VEN-01602,52.50801683981322,1,15.162960819682256,6,0
VEN-01603,11.092709617721455,1,33.43686640068161,2,0
VEN-01604,80.54560391065809,1,20.227047738634926,1,1
VEN-01605,66.35708018684416,2,41.21206600843637,1,3
VEN-01606,71.05234802353516,5,35.638487783516574,4,0
VEN-01607,90.25508082318903,4,77.28760773265662,2,0
VEN-01608,38.52256116854324,3,62.867320408042346,4,0
VEN-01609,9.76876250485475,1,15.39408226342972,1,2
VEN-01610,18.431352760565247,3,32.20436334152879,1,1
VEN-01611,22.51364567051133,2,34.64866693338259,4,1
VEN-01612,35.06224939784616,0,57.05439177753726,2,0
VEN-01613,22.19062285446838,5,31.476360746436367,1,1
VEN-01614,25.508959583943312,1,23.24151515335343,3,1
VEN-01615,19.39543262217249,2,25.92660915937785,2,0
VEN-01616,89.2016969151649,1,40.39538949224904,1,1
VEN-01617,18.383077722819667,1,37.12805912824592,2,0
VEN-01618,65.40447893473232,3,74.2881037962763,2,1
VEN-01619,47.7889263421272,1,81.41351539821918,4,2
VEN-01620,40.15229605730438,2,69.39046546744673,3,0
VEN-01621,70.71016214058771,1,29.495769814637363,2,2
VEN-01622,9.229099524701692,2,47.60872870480162,3,0
VEN-01623,56.95685200446465,1,22.06202699996781,3,0
VEN-01624,60.07881202957041,1,39.859213216103726,6,0
VEN-01625,25.926813197598964,2,45.75212877929694,3,1
VEN-01626,7.810611548079254,3,74.42876399102812,3,1
VEN-01627,23.099817743986826,0,16.125180886456224,3,0
VEN-01628,13.126475586976971,2,23.63796770341612,7,2
VEN-01629,23.18365517297913,3,18.169439090784635,5,1
VEN-01630,58.00025466155524,2,26.164106887486703,3,1
VEN-01631,78.58169978877903,7,60.74117059935203,3,0
VEN-01632,11.73321711312373,1,67.76695455111837,5,0
VEN-01633,41.255599750684176,1,51.768079527265535,2,1
VEN-01634,24.1406937420268,2,57.872281286635896,5,0
VEN-01635,49.39353366685107,1,47.77541450526912,4,1
VEN-01636,18.261944611597396,1,63.91692427461781,3,0
VEN-01637,38.00784714786613,1,58.38871222782345,5,0
VEN-01638,16.28111749214213,0,83.34732969899467,4,1
VEN-01639,58.44187997392131,3,32.46205633060257,2,1
VEN-01640,29.514829135922778,4,36.89859604647362,4,0
VEN-01641,29.309323957931475,4,16.663034646839545,4,0
VEN-01642,21.63177566977373,2,47.55284325020404,9,0
VEN-01643,15.8489198630141,1,25.763402450270924,5,0
VEN-01644,57.753619189780615,2,10.933295685562774,2,0
VEN-01645,72.59274069390337,1,44.621035637293886,4,0
VEN-01646,57.1672515196185,5,62.98260264075728,2,0
VEN-01647,21.00583544818848,1,28.366637389906728,4,0
VEN-01648,65.34835448219044,4,78.1784027757834,1,0
VEN-01649,40.19467350837787,4,45.204296068046254,4,2
VEN-01650,19.05284974065173,0,26.73320330311068,2,0
VEN-01651,28.663819822229136,3,30.55972916003701,2,0
VEN-01652,20.274944054262697,2,76.50851598382037,2,0
VEN-01653,63.889551433517454,4,61.60537871072253,5,1
VEN-01654,31.02832849920597,5,46.52604525060445,0,2
VEN-01655,72.35179738573314,1,50.708116682408765,2,0
VEN-01656,62.1040449911088,2,73.98926558208775,4,1
VEN-01657,44.32594811904013,4,90.483503046282,4,0
VEN-01658,53.18570280320118,1,56.22728191928385,5,3
VEN-01659,32.05232049551152,1,12.657391297500345,2,1
VEN-01660,61.324184026124506,2,25.32586983170009,6,0
VEN-01661,46.62453381141824,0,27.877658260980205,2,0
VEN-01662,15.437719305019076,5,69.48512044629075,5,0
VEN-01663,18.054970642112327,2,56.45474178738389,5,0
VEN-01664,43.31693335671925,0,54.91489501640445,4,0
VEN-01665,20.71689648680594,1,62.99524411066483,1,0
VEN-01666,35.3763442891575,1,32.781967894643536,2,2
VEN-01667,25.592326864739885,2,26.02131110157637,3,0
VEN-01668,41.63621793856935,3,73.9493826039329,1,0
VEN-01669,38.59682237750083,6,60.60849278469714,3,1
VEN-01670,81.08298292448394,4,52.004574744597306,1,2
VEN-01671,33.47030186948776,0,34.5587517487712,4,0
VEN-01672,35.42290249995902,4,40.86343641298512,2,1
VEN-01673,20.03178609055592,0,63.344297594230845,5,0
VEN-01674,69.63941957473952,1,77.30553000480542,1,0
VEN-01675,10.060832999038691,1,49.75917161964952,2,2
VEN-01676,53.77330877789345,0,69.72914009335763,2,0
VEN-01677,87.16015650362331,2,53.92778581306169,2,2
VEN-01678,15.228159969853388,2,55.148016084396126,1,1
VEN-01679,53.92296127153104,2,12.881681124064098,5,1
VEN-01680,47.01174289696876,3,66.03489816968433,1,0
VEN-01681,70.8593761582616,2,50.36261405252911,4,0
VEN-01682,58.44085898231109,0,44.22885140450376,10,1
VEN-01683,30.885820709071123,1,44.88568354477833,6,1
VEN-01684,34.12839088039908,0,51.7288265057616,1,1
VEN-01685,70.00204378914742,2,32.61011376488468,4,0
VEN-01686,21.2704364693895,1,50.24214151122363,3,0
VEN-01687,11.633579887688212,1,27.652505953392964,4,0
VEN-01688,75.53096527702917,4,40.49269704289253,3,1
VEN-01689,73.20562502448728,0,34.891772745442424,5,0
VEN-01690,19.732516555467488,2,60.470483277595,4,0
VEN-01691,49.82247451717883,2,42.87230636339663,2,2
VEN-01692,38.96362128308383,0,42.23053762637365,1,1
VEN-01693,25.560655059881505,2,65.23024620608483,4,1
VEN-01694,79.89398317614231,1,17.27407047495496,1,0
VEN-01695,34.55372594005202,6,34.762906465849994,6,0
VEN-01696,25.3770073911777,2,67.21826259418337,2,0
VEN-01697,17.742023818107295,2,21.27733181615408,2,0
VEN-01698,44.12235348994003,1,70.84343192082201,4,1
VEN-01699,13.640069898647749,1,69.60493459521273,1,2
VEN-01700,70.88445090286564,2,46.71469243518579,4,0
VEN-01701,66.75813172527626,2,51.86560940532552,0,2
VEN-01702,13.379307706149524,2,33.554036890958336,2,0
VEN-01703,70.68892764508927,1,19.552831522898217,1,0
VEN-01704,46.435926620206686,2,37.939548286011465,2,0
VEN-01705,62.87430556648121,1,30.890087383794075,3,0
VEN-01706,48.03367299392908,1,31.093745400090206,1,0
VEN-01707,50.12142917432646,0,30.510690361975417,1,3
VEN-01708,12.629168712515495,1,41.23170809424923,1,1
VEN-01709,33.51928767464007,5,27.359789132132345,4,0
VEN-01710,8.810849638289717,1,71.68426270569816,2,1
VEN-01711,40.31098736150208,2,30.893197448742853,7,1
VEN-01712,53.25708208100532,1,25.377330935367944,3,4
VEN-01713,52.945717436555206,2,47.21796871157751,6,2
VEN-01714,64.20979826886393,3,30.894353545835838,3,0
VEN-01715,24.85928024548984,1,33.84335201116683,5,0
VEN-01716,32.00737018549978,2,40.93160187500789,2,0
VEN-01717,36.435484969696056,0,58.77794196814504,2,1
VEN-01718,4.711348247912753,3,56.91780765806279,6,2
VEN-01719,72.13782245213872,2,20.69007156374168,3,2
VEN-01720,43.77257207654751,3,75.72950018618721,5,0
VEN-01721,72.23097416955147,4,53.13536467023253,1,0
VEN-01722,41.18031692647935,0,18.85609468246257,2,2
VEN-01723,9.238874234939448,4,11.296398163562383,7,2
VEN-01724,54.5466417201764,1,63.42846868409831,3,1
VEN-01725,25.55826410767565,5,46.75889693070408,4,1
VEN-01726,33.32504062354909,2,47.94924113357346,2,0
VEN-01727,50.30093944050167,0,56.59292163255933,4,0
VEN-01728,1.0207661028701909,1,67.56220644115267,3,0
VEN-01729,35.10627287783461,3,55.22665304291765,3,0
VEN-01730,52.72338730532311,2,70.7534410847864,1,0
VEN-01731,33.15339082069023,0,46.769889744212456,2,1
VEN-01732,6.328723286833362,4,75.12278672236395,1,0
VEN-01733,29.878250120633755,0,81.95190788620216,6,0
VEN-01734,59.45704414516357,3,36.95605669016569,3,0
VEN-01735,4.681185365079129,0,85.98149155298185,3,1
VEN-01736,55.21031804320244,7,31.56981984426984,7,1
VEN-01737,60.07948997600489,0,60.352665982290254,3,0
VEN-01738,36.26164067516876,0,47.28530131693876,0,0
VEN-01739,57.24714961215916,2,44.53184176179906,2,0
VEN-01740,38.41268687551944,3,44.0449347908494,6,0
VEN-01741,42.98391041419154,0,64.68530640571151,4,1
VEN-01742,11.84376073559727,0,22.24043279956657,4,2
VEN-01743,58.8164260373606,1,46.651429196891726,3,0
VEN-01744,48.35930845303349,3,39.075415033602376,2,0
VEN-01745,21.5773551425545,2,70.83316368964535,4,1
VEN-01746,24.58964279934094,1,53.565407481341474,3,1
VEN-01747,31.46939741319493,4,26.05996842636003,5,0
VEN-01748,41.01197579740279,2,68.18397558684592,0,2
VEN-01749,36.11849420063497,2,18.87890142345733,3,1
VEN-01750,63.34173149800224,0,10.67883731408065,6,0
VEN-01751,55.82651218782996,1,59.235547060395554,1,2
VEN-01752,18.622607919740663,1,15.666462337939764,4,0
VEN-01753,18.59347203800557,5,35.80001669060853,3,2
VEN-01754,59.62205973604775,2,7.512926563770963,3,0
VEN-01755,24.848597281357744,4,48.87603352860506,3,1
VEN-01756,29.04676760798185,2,62.202097195451856,4,2
VEN-01757,11.47746266926294,3,41.73975571300088,4,1
VEN-01758,67.92176955365086,1,45.90591096638553,1,1
VEN-01759,89.91377824065539,3,52.136138024198445,0,5
VEN-01760,4.072034515462862,1,16.465564442759366,4,0
VEN-01761,19.53900661440693,3,35.6531911738165,4,0
VEN-01762,30.23393244457541,3,17.63817422138488,2,2
VEN-01763,45.38484517592055,1,52.11434415554274,5,1
VEN-01764,48.51630386176684,5,34.8591233374079,1,2
VEN-01765,49.36768754442656,0,53.37348181487371,3,0
VEN-01766,62.04396565508371,1,59.7601869743832,1,0
VEN-01767,25.85372719399222,2,40.69424213707958,3,2
VEN-01768,49.37913704421567,1,35.513291087225056,2,0
VEN-01769,10.750071167155436,7,36.484820696130825,4,0
VEN-01770,43.48768307454535,4,90.01456978177623,3,1
VEN-01771,32.90306050103943,1,37.81215695375082,2,0
VEN-01772,27.38156561025769,1,40.37628282814772,5,0
VEN-01773,35.16496063534319,1,23.29274144227369,3,0
VEN-01774,37.710467411592575,1,28.60879454136801,5,0
VEN-01775,24.228166277888803,1,72.59052846100576,2,2
VEN-01776,7.28842204232964,1,6.923336799489471,5,0
VEN-01777,14.532114269820324,3,47.02779565347075,5,2
VEN-01778,36.21314360336247,2,13.9707942674297,1,1
VEN-01779,81.3385103748383,1,43.53511194703382,3,0
VEN-01780,23.567447046621425,3,82.59215370989573,5,1
VEN-01781,64.42446734809985,0,68.0052220209487,2,2
VEN-01782,53.09237328861525,4,51.45828552287583,4,3
VEN-01783,68.39386510293144,0,43.50576153632882,4,1
VEN-01784,41.63198573111463,3,24.430987964121943,0,1
VEN-01785,33.061449555077246,1,19.27885016032657,0,1
VEN-01786,22.81009562486171,2,70.82009843042624,2,1
VEN-01787,74.69789356538526,4,45.394631791433945,5,2
VEN-01788,33.504704349278896,4,23.21735805078705,1,0
VEN-01789,46.87387321266959,2,47.68944813069346,2,0
VEN-01790,14.634320333980932,3,69.59864596577631,2,0
VEN-01791,40.44967150565388,2,62.67394646661663,4,0
VEN-01792,39.25908313321556,1,42.797744941494,1,1
VEN-01793,24.032241748958423,2,76.00415919475262,1,0
VEN-01794,42.72626266770964,2,54.521956175948375,6,0
VEN-01795,48.47908636048422,5,64.52012110884982,3,0
VEN-01796,63.91094509593255,0,63.47546355968062,4,0
VEN-01797,17.86556576535814,2,34.73862965407798,3,0
VEN-01798,47.02595286978449,3,27.605150189647627,6,2
VEN-01799,42.11535640206159,2,70.39541715454334,1,0
VEN-01800,16.646105935395525,3,24.743369877034112,4,2
VEN-01801,38.07049643790454,1,23.82142101668439,2,0
VEN-01802,32.245001470648646,2,53.35246460209579,1,1
VEN-01803,48.47981480578535,2,37.26692164076103,6,1
VEN-01804,42.6018675346861,4,26.0212913103819,0,1
VEN-01805,26.517425208038496,3,36.007148281566785,7,0
VEN-01806,12.468194572888777,1,21.586250348883723,2,3
VEN-01807,46.36961836478053,1,88.40265370411005,4,0
VEN-01808,65.50059225103506,4,65.98395422907231,0,0
VEN-01809,46.44176244723079,1,43.8627321475757,3,1
VEN-01810,30.34519044730929,1,74.66307903821398,5,0
VEN-01811,69.51090494837172,1,14.047993505173602,0,1
VEN-01812,52.74196195450179,1,80.52272301241807,5,0
VEN-01813,14.079020846951472,0,33.77905890372758,3,1
VEN-01814,14.12229920204454,1,27.180789412885822,3,1
VEN-01815,21.61022882679653,2,27.822547079271956,2,0
VEN-01816,54.38072180689152,2,36.04211899774308,2,0
VEN-01817,46.56642489890773,4,34.592257256962746,2,2
VEN-01818,15.086243173680067,1,41.18635928658443,4,0
VEN-01819,73.38738515571643,3,37.762914413887806,4,0
VEN-01820,41.16476599020956,1,56.5340312160846,1,0
VEN-01821,28.24149085461478,3,30.12570733791763,1,0
VEN-01822,44.274440726239305,3,42.33228957021835,2,1
VEN-01823,14.77471600786116,2,60.46441642558692,2,2
VEN-01824,36.05470103174066,4,30.370763252523485,2,1
VEN-01825,51.2410801413689,0,50.87338194235092,4,0
VEN-01826,12.9672021309893,2,44.30922016997507,1,0
VEN-01827,28.385251135286723,2,45.6232666119751,3,1
VEN-01828,70.16557013685998,0,13.745947064553915,4,0
VEN-01829,62.94510107660637,2,32.92962998146023,6,1
VEN-01830,51.93921505314128,3,61.483689770746665,2,1
VEN-01831,14.003384993802456,3,63.80494003338586,0,0
VEN-01832,66.04131511481056,2,38.51651711042785,4,0
VEN-01833,5.025019350937699,2,63.96822466512684,3,1
VEN-01834,35.924124823289446,3,63.01867042759845,2,0
VEN-01835,35.41985908763736,5,28.986432268919167,3,1
VEN-01836,28.931755326801813,0,60.59769828008852,3,3
VEN-01837,48.8657996866754,0,60.924240750151846,4,0
VEN-01838,13.811943460305317,2,77.81334829849584,1,0
VEN-01839,32.14729927381853,2,12.793872661050582,0,0
VEN-01840,51.52734730837506,1,34.90734869728087,0,2
VEN-01841,2.1219483526822307,1,37.6826510654013,10,0
VEN-01842,44.65457050743223,0,57.54357293611343,1,1
VEN-01843,62.22683932072759,3,13.415468338781114,5,2
VEN-01844,39.8987156906224,1,56.09434756161858,7,1
VEN-01845,20.97029257518186,1,59.06887340519372,2,1
VEN-01846,24.93347835422446,5,76.96649431512736,1,1
VEN-01847,28.067714300448625,2,62.12984316877377,2,1
VEN-01848,9.214075902445176,0,52.95745502817676,2,0
VEN-01849,66.53841049742284,2,77.01963156777086,2,1
VEN-01850,35.616086727832915,4,46.14104510646782,4,0
VEN-01851,42.9632562954445,3,33.37135015871116,4,2
VEN-01852,42.22937749518576,2,11.72262388854344,5,1
VEN-01853,86.73682692140594,1,37.934756682453305,2,0
VEN-01854,25.372843648506947,2,47.81843894347701,6,0
VEN-01855,19.812570062014,2,17.971166532345766,2,2
VEN-01856,58.85412064120491,2,34.62420821023709,3,0
VEN-01857,12.743955138330062,4,57.82885708437796,5,0
VEN-01858,30.48407380853684,3,61.7719991857103,2,0
VEN-01859,21.64372932495717,1,27.947400214651086,6,2
VEN-01860,15.424702371949795,1,62.60213583847258,2,1
VEN-01861,60.365533453449295,2,42.05984515297741,1,3
VEN-01862,60.44965475055809,0,49.97152950987813,6,1
VEN-01863,32.351450499371346,1,32.36536693526604,3,1
VEN-01864,15.714889428908158,3,71.72583389056258,1,0
VEN-01865,32.1161556494637,0,16.255922588718153,3,1
VEN-01866,38.546588681648,4,48.5013366390212,1,0
VEN-01867,14.622902847730703,2,34.76391263551385,1,1
VEN-01868,20.22218589404475,2,70.0442197327423,1,2
VEN-01869,45.5266321667302,1,71.8902216251874,1,1
VEN-01870,18.568565872395475,0,56.213246424261285,6,1
VEN-01871,16.48017578858229,4,18.684678178707827,5,0
VEN-01872,17.105858611566305,1,30.491414405806864,4,0
VEN-01873,30.04931346004629,0,86.34071646239848,1,1
VEN-01874,45.04908121112476,3,41.39425371236992,7,0
VEN-01875,33.211362658844614,1,60.50899362073861,3,2
VEN-01876,52.39469982614112,2,61.009153976280885,2,0
VEN-01877,84.64786217728592,1,24.17240051545124,2,0
VEN-01878,28.829356302797976,1,30.3200595409344,3,0
VEN-01879,50.8567514428629,4,23.10784334803762,1,0
VEN-01880,84.56180751616019,1,60.28546407169855,7,0
VEN-01881,43.14284105046332,3,44.5718754294333,2,1
VEN-01882,31.44828837689009,1,54.06193241595904,5,0
VEN-01883,21.142771154624626,1,84.76994854120566,4,0
VEN-01884,17.718611803901236,1,55.77035838367506,3,0
VEN-01885,47.31503758997852,4,20.99779380010303,4,0
VEN-01886,21.452592780887432,2,43.05923916230389,4,3
VEN-01887,10.827223706318549,1,47.36521784676413,4,0
VEN-01888,61.97002661217916,5,71.11769113766319,3,1
VEN-01889,24.766854701423146,3,40.437680012618735,0,0
VEN-01890,30.12791134810966,3,40.88342854073924,5,1
VEN-01891,49.925179774371856,2,44.20973555298061,4,1
VEN-01892,37.34322381819664,2,38.518715738459896,5,1
VEN-01893,11.249344941955416,1,51.33589735364599,4,1
VEN-01894,23.70681178897008,2,52.53793967023344,4,0
VEN-01895,45.00155036943831,0,33.88914431170867,2,0
VEN-01896,66.60359029325461,0,70.8703156474675,4,0
VEN-01897,54.184335949317465,1,24.800240432741344,4,1
VEN-01898,34.904026120693885,1,52.40004015519233,5,1
VEN-01899,1.493843809108811,1,62.9810984355122,4,1
VEN-01900,39.49575573400082,2,49.02711171374076,2,2
VEN-01901,29.585264663993065,1,75.8386961469735,4,1
VEN-01902,42.24284808691095,1,47.67702729033863,1,1
VEN-01903,12.498914509227838,3,21.3273474122502,3,0
VEN-01904,38.74175903906874,3,66.1483613841092,4,1
VEN-01905,42.49623563695058,3,62.66420010249058,3,2
VEN-01906,18.33110456672608,1,32.98226638408141,4,1
VEN-01907,61.43904373749828,0,86.85380774888426,3,1
VEN-01908,33.670355823493104,5,40.46115181181696,1,1
VEN-01909,38.4148224568579,2,44.86213808214914,6,0
VEN-01910,35.73617900656946,3,35.39055127619367,3,1
VEN-01911,31.889351139719786,0,67.73119917290045,1,0
VEN-01912,30.99795798078398,3,45.97654093045861,1,1
VEN-01913,37.51152532440194,0,49.63849667411641,6,0
VEN-01914,47.729826403713744,2,74.02035005261116,1,0
VEN-01915,33.60813389334731,2,48.69233669816461,2,1
VEN-01916,25.43060735184359,3,39.88728424537205,4,1
VEN-01917,13.708016784764784,4,55.12742385538648,4,1
VEN-01918,35.700450171031115,1,54.17022002257885,3,0
VEN-01919,22.21120911994435,2,45.97151966120971,4,2
VEN-01920,56.48043115566309,0,60.44988725653021,4,0
VEN-01921,12.098680186488016,7,40.34628861203195,2,2
VEN-01922,49.35963692497317,0,67.41864671243577,5,1
VEN-01923,35.34847235061246,5,74.78337490172986,5,0
VEN-01924,49.40816785192,1,30.86058071438254,1,2
VEN-01925,33.48057777571769,1,58.03750165451545,5,1
VEN-01926,45.45732122266774,2,42.14380055429399,1,1
VEN-01927,28.2429496745836,2,53.39672004821493,3,0
VEN-01928,43.361480076269615,1,68.49596145990982,1,0
VEN-01929,34.36113009729522,0,52.7340160596104,0,0
VEN-01930,32.81061220274335,3,83.91356437244653,1,1
VEN-01931,19.40410212295237,1,13.736958919982264,3,0
VEN-01932,27.70463630001355,1,74.3169553581022,7,2
VEN-01933,27.65951896414685,2,41.60383193858231,1,0
VEN-01934,69.39699961525511,3,21.048192389506067,3,1
VEN-01935,14.49565390497992,1,65.31351468037332,3,0
VEN-01936,29.70812396040799,3,44.75441225660792,3,0
VEN-01937,53.89163136813758,3,88.46324942536955,2,1
VEN-01938,56.55449806259961,2,32.8510471752851,6,0
VEN-01939,84.93559153883746,2,43.83331473918189,8,0
VEN-01940,74.39918041403762,1,34.452038964881595,3,1
VEN-01941,58.86509715503809,5,59.19780756348171,2,1
VEN-01942,13.593378190805083,2,64.61048387310554,1,0
VEN-01943,29.723186555460263,2,62.32245585259461,2,1
VEN-01944,37.69822604227808,0,45.546921954917,3,1
VEN-01945,11.389612729927432,0,55.98437861242476,2,2
VEN-01946,61.73294140117393,3,82.81975673494384,4,0
VEN-01947,40.82100349896899,1,14.599624769858965,1,2
VEN-01948,85.54392972121579,1,58.63288592674192,0,1
VEN-01949,60.85378810164397,0,21.689131833371256,2,0
VEN-01950,56.23769928572173,2,48.60572459711496,4,2
VEN-01951,57.178606580068205,0,53.16635905841888,2,2
VEN-01952,22.498003021663944,3,57.34440106116099,2,1
VEN-01953,68.32085263231374,0,24.083473921091077,4,2
VEN-01954,79.22230327763981,0,50.42964723228304,2,1
VEN-01955,79.7629689446159,4,48.01567759258612,3,0
VEN-01956,10.04153172702749,3,36.94662993037971,0,0
VEN-01957,28.80440787912263,2,35.04229834980709,0,0
VEN-01958,27.790008537691683,3,44.34294165857642,0,1
VEN-01959,34.82772143881932,1,50.53835324652178,3,0
VEN-01960,7.011389970961483,0,75.94347922679066,6,1
VEN-01961,48.45393120059933,1,44.68576117152912,3,1
VEN-01962,8.955158713480627,2,22.33326598873338,4,0
VEN-01963,57.95518298558904,0,56.148292915976384,1,0
VEN-01964,47.4169651998862,1,29.66539354193671,3,1
VEN-01965,57.276057798926495,2,27.661364024796857,2,0
VEN-01966,21.206570795232626,3,64.33987818015487,3,0
VEN-01967,63.90750690759043,0,81.85506685248363,3,0
VEN-01968,36.96869470104445,1,51.19438527808625,3,2
VEN-01969,13.148492637823905,2,47.914994322068274,4,2
VEN-01970,13.251634649619287,4,37.89425168830194,3,0
VEN-01971,4.314924868190635,1,26.10011429879404,2,0
VEN-01972,20.959676204467577,1,63.25007500769285,8,0
VEN-01973,14.284788994410786,2,9.593072535186586,4,2
VEN-01974,29.620609447171358,2,27.82702443508032,3,0
VEN-01975,22.69914796092135,0,30.8719072324634,4,1
VEN-01976,18.4976367767274,3,14.281994550397757,1,1
VEN-01977,66.79069487821366,1,51.88026733303989,5,3
VEN-01978,62.34217019212387,1,43.39268726242443,2,0
VEN-01979,18.22242582242835,0,30.74910639957162,6,1
VEN-01980,24.810098686998657,3,7.052051683724389,3,1
VEN-01981,71.56495817248806,2,62.66624232539715,1,2
VEN-01982,37.5215885100995,2,29.7392191701886,8,0
VEN-01983,55.44417686791938,3,22.054114799762665,3,0
VEN-01984,54.94148494500391,5,66.70170484463391,5,1
VEN-01985,38.58942530616653,3,39.93863669106948,3,2
VEN-01986,63.69417032346684,0,33.4982303939676,2,0
VEN-01987,21.712444309797927,2,38.04309822372336,4,1
VEN-01988,25.609894608649125,2,43.39744193505132,3,0
VEN-01989,19.711888584897576,1,38.75903786631056,6,0
VEN-01990,14.488984519521658,3,29.694822922719627,2,0
VEN-01991,45.76383029499948,3,30.517951892160436,3,1
VEN-01992,42.55768551700884,0,50.97718861351328,3,1
VEN-01993,6.840745219290791,1,85.12721723852847,4,0
VEN-01994,22.14431698360338,2,72.43029614318179,5,2
VEN-01995,46.27374493724412,2,39.18788347621211,1,0
VEN-01996,42.12671793111774,3,49.03182673224366,3,1
VEN-01997,17.233118419758018,2,25.39376765915604,1,1
VEN-01998,39.18419050645765,6,44.18901842947778,1,1
VEN-01999,23.6543504003207,3,74.50676681179623,1,1
VEN-02000,70.8961744087458,1,47.68979841912203,4,1
VEN-02001,46.82091505366993,2,20.735970577841066,2,0
VEN-02002,30.910846121142026,3,51.32119005713761,1,2
VEN-02003,24.630064155285996,2,53.35266566480266,2,1
VEN-02004,53.66284056335263,5,77.8617849076689,4,1
VEN-02005,28.44727805405881,1,32.18440381461766,2,1
VEN-02006,32.485288541799555,2,36.509755993551344,3,1
VEN-02007,58.85763119731799,1,46.59234052580626,6,0
VEN-02008,34.788178258909284,2,48.29635623829044,3,0
VEN-02009,9.00005099138107,2,45.4954942374089,4,0
VEN-02010,60.33896199032554,5,53.95646146437998,4,0
VEN-02011,26.48570733579416,1,43.13021906067178,1,0
VEN-02012,66.09439386718256,3,36.17021516312171,3,1
VEN-02013,35.77068920074214,6,29.755447375758127,3,0
VEN-02014,32.32122474210383,2,59.2356191709651,2,1
VEN-02015,37.01453714480289,2,70.59557296365661,5,1
VEN-02016,76.84976047511469,3,70.22145227236757,5,0
VEN-02017,16.757978076033393,2,16.62691789382501,4,1
VEN-02018,73.1587859731587,1,63.07100977217226,6,0
VEN-02019,53.78810203253542,2,63.24978640686975,4,2
VEN-02020,52.1836032590577,3,56.267573471061695,0,1
VEN-02021,23.85237459688043,2,30.67679922712605,2,0
VEN-02022,81.10836169001212,0,7.879698286441199,1,0
VEN-02023,24.75734325760641,0,67.5012108787863,5,2
VEN-02024,38.52145049442758,3,67.98890850141724,4,1
VEN-02025,42.28358321278392,2,59.35945035026924,2,0
VEN-02026,36.84069165927469,1,43.49758099121637,2,0
VEN-02027,51.08319143459189,2,58.69000668980484,4,1
VEN-02028,36.27245913681772,3,37.96392127582328,2,0
VEN-02029,43.95275562919464,3,47.18318254377952,4,1
VEN-02030,44.21521712537999,2,47.54031529226543,4,0
VEN-02031,65.47525058579107,2,48.00561233432384,2,0
VEN-02032,48.82003863214649,3,53.21070671727119,3,0
VEN-02033,55.03546149364603,0,47.63197857182839,1,2
VEN-02034,40.97413242473719,3,71.29850610548061,1,3
VEN-02035,51.04519458291768,2,37.14941424591803,3,1
VEN-02036,53.956538771119234,5,85.83630255766283,5,0
VEN-02037,34.49016622836994,2,62.66452546605472,4,2
VEN-02038,62.08543534245188,1,52.68602072349204,0,0
VEN-02039,59.42464503850478,1,34.4446120926279,2,2
VEN-02040,49.98643706816858,2,83.10966851760132,3,0
VEN-02041,17.933779524261833,2,35.7557758659361,3,2
VEN-02042,83.60751864940246,1,25.49294310337025,2,0
VEN-02043,37.34558866227575,1,25.94136148644457,2,0
VEN-02044,16.340932517911618,4,69.63595892837584,2,2
VEN-02045,51.94938167109552,3,47.58114543992258,1,3
VEN-02046,63.47377089679056,1,67.56325129900141,3,0
VEN-02047,26.487353075483632,3,50.50209306889637,1,0
VEN-02048,11.665436393590772,1,41.421350123467256,2,2
VEN-02049,60.00639343215606,4,51.59085163530801,4,0
VEN-02050,68.07430360717399,3,21.96869757050104,1,1
VEN-02051,17.95223988525041,1,57.77795079907981,4,2
VEN-02052,19.104721023068784,0,62.32197560482357,3,0
VEN-02053,57.4248851705047,2,46.71570449620176,3,2
VEN-02054,71.1516629364634,1,52.12561205482611,2,0
VEN-02055,19.468966562113245,2,10.536106369307774,5,0
VEN-02056,55.77078099373869,4,86.61047130295687,4,0
VEN-02057,55.22567295699202,2,26.08856993585593,1,0
VEN-02058,32.29753217940236,4,23.031287220388265,5,1
VEN-02059,21.918938080315588,5,77.38778409922206,3,1
VEN-02060,46.97787790334912,3,64.19836429857898,3,3
VEN-02061,25.80570297105683,1,50.68399076172639,4,0
VEN-02062,20.571338747271035,2,17.171928053484802,1,1
VEN-02063,24.818357835693604,5,50.12279239285591,1,0
VEN-02064,21.129165709837675,3,56.05687859927608,2,0
VEN-02065,4.184869089134683,0,48.899552808628016,0,0
VEN-02066,38.03763377667786,0,53.658741998305935,3,0
VEN-02067,30.01727870962175,2,34.75835060699546,4,0
VEN-02068,57.26883804827595,2,21.335228821970176,1,0
VEN-02069,62.04135779628561,1,31.696283461186503,3,1
VEN-02070,67.15400994881549,0,62.51635965715749,0,1
VEN-02071,68.77433496856624,2,61.17825652985758,4,0
VEN-02072,32.886317935632405,5,51.09833133968302,2,0
VEN-02073,32.58461445760179,0,45.38453685947332,4,1
VEN-02074,49.72633644901063,4,22.6295483818531,2,2
VEN-02075,14.55704774431394,2,24.208928549419547,2,0
VEN-02076,68.04682745593938,2,82.30011007404781,1,2
VEN-02077,73.98373008163061,3,48.284741521600985,4,0
VEN-02078,38.377782855506645,1,77.47885448313528,6,0
VEN-02079,42.46593318334015,1,21.376774183500125,1,0
VEN-02080,43.76518283278485,2,28.731713814036848,2,0
VEN-02081,11.741385712596797,2,14.402881943619285,3,1
VEN-02082,59.410107179096414,1,73.09774586558596,4,0
VEN-02083,23.911414988747843,1,63.72037798877224,3,1
VEN-02084,5.088413815903039,3,21.46994312630839,2,2
VEN-02085,43.27897864829382,0,65.3289814410533,4,1
VEN-02086,28.102070532123808,1,21.23036373006304,1,0
VEN-02087,50.363254250547016,0,12.010301319751632,2,0
VEN-02088,47.93192829910925,4,60.92050061798987,2,0
VEN-02089,61.37814319774038,1,45.676095652793705,3,1
VEN-02090,37.05596655656604,1,50.66214538338311,8,0
VEN-02091,38.961971916390034,0,59.18099829914468,4,2
VEN-02092,51.73905777775484,10,37.1066465194703,2,0
VEN-02093,69.54724642381436,0,89.06343674305968,2,2
VEN-02094,17.590616734627684,4,27.149585243068163,0,1
VEN-02095,31.21805815772354,0,56.85194795412604,7,0
VEN-02096,51.01425307370053,1,70.54818324169742,5,1
VEN-02097,28.01532413577552,2,30.417823513538263,1,0
VEN-02098,37.66708977963298,1,33.24922682834788,4,1
VEN-02099,46.79322027702898,1,16.785155346302833,1,1
VEN-02100,32.73154545624628,1,26.40869856696969,2,0
VEN-02101,34.5053869046589,4,69.21571715754797,5,0
VEN-02102,18.301505314580996,1,38.627237423450666,3,0
VEN-02103,13.646055406234977,3,58.60274573247948,2,0
VEN-02104,21.82714966481259,2,74.53196975130719,4,0
VEN-02105,16.50934731134901,1,15.399776752937392,2,1
VEN-02106,47.54001073650635,0,52.059126046005765,2,0
VEN-02107,39.51681143771291,2,75.65043766102004,3,0
VEN-02108,35.345921530240304,2,84.10044760308702,1,1
VEN-02109,28.0709501169402,1,54.76939048960271,3,2
VEN-02110,21.705330369909984,3,84.22714071546366,4,0
VEN-02111,50.17830349968521,3,54.154389937114246,2,1
VEN-02112,46.36221892765988,2,31.68245848504593,2,0
VEN-02113,18.285795772816645,0,33.60107315547484,1,0
VEN-02114,61.939169420723,1,11.628557143463338,3,1
VEN-02115,3.715278759001959,0,57.91626190123284,0,0
VEN-02116,67.66957691350433,4,35.889945005656266,6,0
VEN-02117,69.77475150170245,2,59.02076426420221,4,0
VEN-02118,10.907135730505257,1,48.81279815593869,5,0
VEN-02119,64.10262504928787,2,32.76860588625829,3,0
VEN-02120,14.979627193712696,1,72.87406523421093,4,1
VEN-02121,44.31174993047304,2,48.74257849724415,1,0
VEN-02122,78.03983526501773,1,59.56859140352315,8,0
VEN-02123,43.50447968431308,1,34.99718164486837,3,1
VEN-02124,30.549208102513457,2,56.965657330610455,4,0
VEN-02125,40.87071161045272,0,18.06789863866128,5,1
VEN-02126,57.92161081395844,0,53.04896510540556,2,0
VEN-02127,34.385020872138504,2,56.961241935978926,2,1
VEN-02128,21.83570895315838,2,29.361577163855745,1,0
VEN-02129,85.73084023284291,1,43.15406813103907,3,0
VEN-02130,64.1164083373414,0,29.401428557101973,2,2
VEN-02131,48.27146446022846,0,51.53173200083187,3,0
VEN-02132,69.77515693064372,6,33.08527932218071,2,0
VEN-02133,41.72432580877942,2,25.20554305788383,5,0
VEN-02134,50.20048743305991,3,34.15188917064968,8,0
VEN-02135,61.061438548152346,4,47.5566500221127,3,0
VEN-02136,40.43362287680832,2,48.19388607696842,6,1
VEN-02137,46.75465690412414,0,64.60606890600812,2,1
VEN-02138,68.64496947735718,1,35.25887523555295,3,0
VEN-02139,35.72261754579379,2,34.24185813434507,2,0
VEN-02140,41.59026476796163,2,74.43212057666328,4,1
VEN-02141,28.83577722785993,6,33.08515631212657,2,1
VEN-02142,7.736498116254296,0,34.66681520330474,2,1
VEN-02143,49.881866403459625,3,32.62539178557168,8,0
VEN-02144,28.800286661768183,3,13.722031088395704,7,1
VEN-02145,41.263278875861154,3,68.58573417786235,4,0
VEN-02146,33.09577612218143,2,44.483023421153895,3,0
VEN-02147,49.844491817187055,1,56.02890222627791,0,2
VEN-02148,56.57290101658234,1,53.10131873848506,0,0
VEN-02149,52.23401781132924,1,65.95921743858476,4,1
VEN-02150,20.21899756829073,1,41.75562973956345,2,1
VEN-02151,15.501913790972448,1,56.01780793381683,5,1
VEN-02152,6.487775083038376,3,35.904682006565,4,1
VEN-02153,52.82623867675392,1,78.1970130363844,3,3
VEN-02154,53.32565348388796,0,4.48745078418727,4,0
VEN-02155,22.122581590882355,4,53.62605308469095,4,0
VEN-02156,38.639506726558594,0,56.02129242323159,5,1
VEN-02157,30.66360570614516,1,50.66414724926383,8,2
VEN-02158,70.5038585717989,3,19.22480772713292,7,0
VEN-02159,42.870941621632014,0,40.33162101848105,2,0
VEN-02160,6.717515034208099,3,52.2596153872792,2,0
VEN-02161,49.17514712290474,0,45.39174411540328,5,4
VEN-02162,40.38008057553354,1,49.004794959357184,3,0
VEN-02163,48.4039462945676,1,63.17006188901079,3,0
VEN-02164,62.01562720038124,3,17.52595317829659,6,2
VEN-02165,29.64820217380451,1,71.0253343237113,3,0
VEN-02166,35.037761368070946,2,43.83229412424031,3,0
VEN-02167,50.20586018084692,0,48.60136034337867,2,1
VEN-02168,23.957335405273035,0,44.79838869682477,1,0
VEN-02169,17.650881325866006,3,54.67747790404456,3,1
VEN-02170,38.66853034725743,2,32.76965035258078,3,0
VEN-02171,3.1500971474286,1,52.76720719457413,2,1
VEN-02172,26.883414668758387,3,18.591333562423905,3,0
VEN-02173,28.674074529069788,4,52.98306629524083,5,0
VEN-02174,51.765735217267526,1,55.823629665752016,5,1
VEN-02175,35.11940648949385,1,24.495469390952287,3,0
VEN-02176,19.045713421812422,4,36.44562736665267,5,0
VEN-02177,39.92271346944416,4,48.69079222959881,1,1
VEN-02178,18.532950345020563,2,64.1737516950464,5,0
VEN-02179,57.31684732214697,5,17.029516214583644,1,3
VEN-02180,72.78001544824093,2,30.21320661198308,5,0
VEN-02181,66.69236066462567,2,60.41939204599775,4,0
VEN-02182,50.09552958548413,2,48.58974005046819,2,0
VEN-02183,59.818151555998,3,45.09370003762727,2,0
VEN-02184,20.383323871989617,3,30.246298121886063,3,0
VEN-02185,58.16143232727203,1,63.43247550707961,4,2
VEN-02186,32.82324353038009,1,62.47812848413877,4,1
VEN-02187,42.99136137669981,1,66.0907365282556,0,1
VEN-02188,76.74240526654751,1,66.55375374569243,4,1
VEN-02189,38.02158155857345,3,33.48554258178202,2,1
VEN-02190,39.3723321672083,0,40.319882238139925,1,0
VEN-02191,49.6830249469339,2,57.12432619981686,3,0
VEN-02192,42.55494099146544,2,23.859154552054594,5,0
VEN-02193,22.657810003445388,1,47.49791725946911,5,0
VEN-02194,39.64308457566865,1,76.35579129517704,0,0
VEN-02195,43.33169516858783,4,31.791021855445784,3,0
VEN-02196,28.50560989653601,2,37.41631600480845,5,3
VEN-02197,57.602251133606686,1,27.580908966217944,1,1
VEN-02198,31.012161037236456,2,35.95929792682548,4,1
VEN-02199,28.089138668319595,2,30.639015212870007,3,0
VEN-02200,37.18868205064144,1,58.92211799008642,2,0
VEN-02201,18.72185827542579,3,53.36883263840352,3,2
VEN-02202,20.64637157052597,1,28.411554025752796,2,0
VEN-02203,30.098815313358863,2,45.15761701528995,4,0
VEN-02204,79.66722622881346,1,69.23719866883201,5,1
VEN-02205,71.90981720601476,4,48.53390694710667,3,2
VEN-02206,27.30757749632744,1,7.309292066027099,2,2
VEN-02207,23.783072733707264,1,40.04691913940403,3,0
VEN-02208,53.58031793422335,1,20.46681332130909,1,1
VEN-02209,43.64426437348109,4,31.53351096138806,1,1
VEN-02210,40.57607405328466,4,59.61350709762306,8,0
VEN-02211,57.34257236521725,3,31.06062249255011,2,0
VEN-02212,53.81626331121561,0,70.25351233606698,7,0
VEN-02213,4.921275704457008,1,19.93335374795472,4,2
VEN-02214,25.131625874407597,2,68.1669333472736,3,2
VEN-02215,78.51103108479764,2,61.868031502722445,4,0
VEN-02216,13.27831958808932,1,24.925623009083147,7,2
VEN-02217,35.919564157604114,2,64.58756783838027,5,1
VEN-02218,45.12238527706047,4,60.136255554295815,4,1
VEN-02219,71.2136201506039,4,49.4281281214557,3,0
VEN-02220,56.56315569144038,1,31.907206976428625,1,0
VEN-02221,23.456174840678973,5,14.542499030917872,5,0
VEN-02222,75.48913352217636,3,77.75434037505082,2,1
VEN-02223,19.78572224025099,2,55.78335004575339,7,1
VEN-02224,48.26010103979225,2,29.77018885517741,1,1
VEN-02225,35.09914641076733,3,55.05914029581812,2,0
VEN-02226,38.526295706379294,1,38.40741679494279,3,0
VEN-02227,10.636309088703811,3,50.03901794160354,2,0
VEN-02228,32.145904438726696,0,43.64144518631687,1,2
VEN-02229,35.26713230691924,3,47.77443958755185,7,2
VEN-02230,56.12580714345879,0,56.60290499033218,2,0
VEN-02231,58.36808925815651,1,57.31790156485389,5,0
VEN-02232,40.74353977674897,1,31.140569043960348,3,2
VEN-02233,65.70061939087151,1,37.49116366574036,1,0
VEN-02234,56.63303197873625,2,23.14229749948799,5,1
VEN-02235,49.62048413613157,2,22.144344141547467,6,2
VEN-02236,30.7919060576697,3,41.20495592213605,1,1
VEN-02237,52.42647588388015,1,50.54106830058408,0,1
VEN-02238,42.579913819177214,3,47.79421584571655,3,1
VEN-02239,57.36594087909731,1,66.41765438983029,5,0
VEN-02240,46.68685123427912,2,41.482130896615935,3,1
VEN-02241,35.126232046893534,2,61.07354150689356,5,1
VEN-02242,65.63688771299844,3,42.217193726803536,1,2
VEN-02243,54.9731708802624,3,16.316274588040365,2,1
VEN-02244,74.62038636200097,3,56.03194906823445,4,0
VEN-02245,22.624802744419885,2,10.511379884122588,2,0
VEN-02246,69.09784665489552,5,53.23479195213447,5,0
VEN-02247,38.38722946122417,1,66.14774916156301,5,0
VEN-02248,52.91538339857566,1,54.20342850457027,1,1
VEN-02249,16.460054377515704,3,58.19329438826452,2,0
VEN-02250,57.54122589787468,1,58.017820194734114,6,0
VEN-02251,45.132316750578575,2,29.501233259891407,0,0
VEN-02252,28.99592666057552,4,28.5103684968131,4,0
VEN-02253,49.91207701300917,0,64.39899635049316,3,1
VEN-02254,52.58837313486532,1,54.28748716389188,4,1
VEN-02255,17.661985372069108,2,42.74148578049491,1,0
VEN-02256,27.60659273086511,3,23.603327153229845,5,1
VEN-02257,47.16605490442673,1,25.61857830416447,2,0
VEN-02258,26.74682269681498,0,39.42445338161407,0,0
VEN-02259,56.4999043230451,1,59.99525441477318,8,1
VEN-02260,83.60066561771559,1,40.247402770667456,0,0
VEN-02261,36.73285374961522,1,32.152808665256195,2,0
VEN-02262,10.635654911886329,0,47.21542708486523,3,0
VEN-02263,71.73326599223971,3,41.82606995160887,5,1
VEN-02264,17.873497899934755,1,45.43835102085055,3,0
VEN-02265,19.47337670776261,0,17.219539348041543,0,0
VEN-02266,12.986338503695052,4,17.24667069941868,4,1
VEN-02267,6.612776665748507,0,44.45191298646575,3,0
VEN-02268,21.0142517064852,2,21.16911539252291,6,2
VEN-02269,30.262004605008077,0,25.4148677979141,4,0
VEN-02270,54.073535070197096,3,41.79582346064176,4,1
VEN-02271,37.13599846312832,1,26.615604377820627,4,0
VEN-02272,7.174914185921849,2,57.1042477504006,1,2
VEN-02273,66.906246439176,3,41.76865182189242,2,1
VEN-02274,21.93611000531237,2,53.01779766967801,2,1
VEN-02275,12.438554198259103,1,20.32885535033412,1,0
VEN-02276,48.38783491969751,1,33.75559198826936,2,0
VEN-02277,16.26343584154321,2,51.02650909589703,1,1
VEN-02278,53.796575924188375,1,51.17741328287476,5,2
VEN-02279,26.949298899738334,3,6.598446086837711,3,0
VEN-02280,40.68453651584832,0,18.824542380944678,5,0
VEN-02281,59.3279202820687,1,48.04451437515096,2,0
VEN-02282,21.93120901287338,3,72.1964331414837,1,1
VEN-02283,45.36478657074928,2,25.19782444824572,1,1
VEN-02284,44.75955524191074,2,78.70633438534146,2,0
VEN-02285,72.08764435713465,4,9.790215467839165,2,0
VEN-02286,31.124953117881358,0,22.957421926974398,5,0
VEN-02287,30.800700605945003,2,37.10597610307057,7,2
VEN-02288,43.007824047956746,3,28.26483238721316,1,0
VEN-02289,23.12772630144428,0,66.50918051632479,2,0
VEN-02290,72.66999845271934,4,43.09667088908215,5,0
VEN-02291,31.298980303473385,2,46.57259997617906,4,1
VEN-02292,27.376607227914352,2,72.67189185658545,2,1
VEN-02293,71.07831613117868,1,46.308148511029096,3,2
VEN-02294,33.027756696038566,4,30.00413988188744,4,0
VEN-02295,41.27279584659629,3,28.05844403133574,1,0
VEN-02296,69.83220515035782,2,47.45287263522081,1,0
VEN-02297,65.54710864497531,2,11.720714229721386,4,0
VEN-02298,45.45963257175564,3,59.45974935944628,5,0
VEN-02299,37.64119324974138,2,28.260691154542588,2,0
VEN-02300,43.13725060029885,4,24.04094112339667,4,0
VEN-02301,26.770500639692248,2,30.84171324094143,3,0
VEN-02302,57.1253117837831,1,53.84270070700037,1,1
VEN-02303,30.813439349036678,3,39.39567876864815,4,0
VEN-02304,41.47629208615189,1,72.55532483905276,2,0
VEN-02305,12.761163760779011,3,25.805619416970675,4,2
VEN-02306,69.62677448091405,7,52.32576544715567,3,0
VEN-02307,33.02036924995506,4,44.17401412496733,2,0
VEN-02308,17.38645412672695,3,51.44774551861855,5,0
VEN-02309,21.09392173809221,1,20.26900759036647,4,0
VEN-02310,67.42966886757075,3,74.45569431619967,4,0
VEN-02311,40.2641457294591,1,26.747973817556822,1,1
VEN-02312,17.697947638674176,1,50.17744340888859,5,0
VEN-02313,37.63378681282962,6,52.35225179283511,2,0
VEN-02314,18.624475187690887,2,37.02862354052303,2,0
VEN-02315,7.084231798604209,3,37.065194337875305,2,0
VEN-02316,71.61206125294332,4,90.19300008557516,4,0
VEN-02317,26.55402776899905,2,37.75678190421748,0,2
VEN-02318,61.67610916451076,3,12.680996476164765,5,2
VEN-02319,32.427088197607226,0,5.468540313402933,1,1
VEN-02320,48.22925969846819,3,74.32630522796072,4,0
VEN-02321,32.125101051410866,0,30.595117056778893,2,0
VEN-02322,65.1978759392761,3,53.48237375931218,3,1
VEN-02323,70.17937447312885,2,21.852451570059408,4,2
VEN-02324,62.057751309929145,0,26.69172289712424,1,0
VEN-02325,11.72403965954812,3,44.859717317618525,4,3
VEN-02326,44.40549257798765,2,35.75300614954104,1,1
VEN-02327,73.51835735156055,0,12.457231093715672,2,0
VEN-02328,12.313694925843231,3,33.139493066554834,1,1
VEN-02329,68.0027815957633,0,65.26934218801011,3,0
VEN-02330,29.87248124317132,4,81.77215227845987,2,0
VEN-02331,20.01708553230212,0,77.4871920373206,4,1
VEN-02332,28.02885582843236,5,48.72267348188862,4,1
VEN-02333,27.784632376808016,2,47.16392479440911,4,1
VEN-02334,29.745044801853226,3,48.19944198698307,3,0
VEN-02335,67.29942764602842,2,32.02173352594958,4,0
VEN-02336,32.75750703536512,0,77.49767325031753,1,1
VEN-02337,22.877431223068854,4,26.550473154481715,2,1
VEN-02338,57.11583509823748,5,43.8597719165338,3,1
VEN-02339,54.198851617184914,2,34.75492737107261,3,0
VEN-02340,33.617169263324115,2,64.64803863453359,4,0
VEN-02341,18.31159198589575,1,62.03902178340839,1,0
VEN-02342,79.00103254077521,1,36.60267582040896,1,1
VEN-02343,8.267662613563234,2,39.30459939773003,1,1
VEN-02344,29.9172390516726,3,45.98220131101036,4,1
VEN-02345,72.35243822221675,3,23.738931090508373,2,0
VEN-02346,47.45849934459618,3,76.85393789156696,3,1
VEN-02347,72.2977040932132,2,21.659947030436943,3,0
VEN-02348,56.44150887132182,2,37.06527589238949,2,1
VEN-02349,18.638293881466904,3,32.12536274662489,5,2
VEN-02350,52.00088889923936,1,63.73499322039972,6,2
VEN-02351,17.070094860334645,7,54.05401686767579,4,0
VEN-02352,24.7089780382771,0,63.56609060891134,2,0
VEN-02353,33.977807166925786,2,81.33063073163551,6,2
VEN-02354,1.6923679164143897,1,25.00702485994849,6,0
VEN-02355,11.715856690796606,0,31.710889039825947,4,1
VEN-02356,34.88299522584229,2,81.32523629350337,3,0
VEN-02357,54.70209210096987,0,63.70394003025711,1,1
VEN-02358,33.41827228201148,3,48.44727888435071,4,1
VEN-02359,49.4805429294882,2,30.8499865703406,1,2
VEN-02360,27.327568635636567,1,50.873529379777935,2,1
VEN-02361,61.25983008095122,3,56.568241325271785,5,1
VEN-02362,79.66455789095009,3,42.08499353770072,5,0
VEN-02363,14.189331024424776,1,30.454558100789413,1,1
VEN-02364,28.44732276315745,2,38.577271890537965,2,0
VEN-02365,20.666164731768667,2,37.69093270277819,3,0
VEN-02366,38.17064999838626,0,17.070307657942873,4,1
VEN-02367,61.96202217571914,6,33.517785546704715,5,0
VEN-02368,55.76063315873326,5,17.47555940949571,5,1
VEN-02369,43.54407231633662,2,59.50946293894065,5,0
VEN-02370,45.26991193213205,7,90.68163658777304,3,0
VEN-02371,44.22962517265967,1,41.13929047001836,3,0
VEN-02372,16.10605230702866,2,7.718822448503284,2,2
VEN-02373,61.49177158703342,4,27.814049183368574,3,2
VEN-02374,3.983674072471751,1,56.308078870093134,2,1
VEN-02375,5.157973405681051,4,79.51687602042293,3,1
VEN-02376,48.04873230641665,0,44.961225006898914,3,2
VEN-02377,23.036598131365327,4,44.37847880785783,2,0
VEN-02378,38.11721159067858,2,34.80210387988419,4,0
VEN-02379,13.068644297853796,2,8.009533264035092,3,0
VEN-02380,19.367923505796668,4,49.8930968689164,2,0
VEN-02381,64.7171529821604,2,29.247844314555792,5,1
VEN-02382,9.471656131630867,2,57.49849263209422,1,1
VEN-02383,26.677947124008007,2,53.90260236739917,1,0
VEN-02384,48.30610095378376,1,61.72985680658858,6,1
VEN-02385,51.34436616184339,0,60.00025205399061,3,0
VEN-02386,53.99806200527415,1,65.08510026304415,3,0
VEN-02387,61.53449928052278,2,20.564121313961984,2,1
VEN-02388,11.79543718865547,1,59.21992498538695,4,0
VEN-02389,50.93722464665991,2,42.54221394293953,1,3
VEN-02390,17.130015613914438,0,29.05101638155835,2,1
VEN-02391,46.00902123394709,4,46.582403363817,1,0
VEN-02392,41.09884381629151,3,43.28308089959009,0,0
VEN-02393,52.2764880807691,4,47.71358452172744,5,0
VEN-02394,11.449882360994236,3,51.697584841306,3,0
VEN-02395,38.38037431507983,3,38.247796323800806,4,2
VEN-02396,59.102997243898045,1,52.13736100633927,3,0
VEN-02397,57.71868433712702,4,45.59199728833928,2,0
VEN-02398,36.701623386999366,0,49.39683239579627,2,3
VEN-02399,68.34764581989285,0,72.79941908559317,3,0
VEN-02400,40.21435539265429,4,30.34702719799046,1,1
VEN-02401,53.81481985965777,0,55.42890086871704,2,1
VEN-02402,26.60255832529761,1,80.87890951633277,4,2
VEN-02403,64.97387816769876,2,26.072595231887007,1,0
VEN-02404,26.81862434707961,2,54.39666570630065,5,0
VEN-02405,24.159577979218952,2,65.71518278128906,1,1
VEN-02406,40.174922065182805,1,29.67655413339773,6,0
VEN-02407,14.785002972149142,1,26.208690423986447,4,0
VEN-02408,25.542855541496422,3,58.18789148381699,2,1
VEN-02409,60.59734847514703,7,52.4687145519631,5,1
VEN-02410,8.926955230797464,2,45.84152827994128,4,0
VEN-02411,45.55044667929843,2,21.728795344677927,3,0
VEN-02412,27.38822022344709,2,35.65022212530098,4,0
VEN-02413,53.84328609639781,1,16.0661549716903,1,0
VEN-02414,61.2013031095165,1,25.55687892370904,5,1
VEN-02415,61.3623608278319,2,63.19290805879617,2,0
VEN-02416,16.291984761907383,0,54.14629231580258,4,1
VEN-02417,72.12352863432258,2,41.58245067552068,1,0
VEN-02418,39.01080969808317,3,50.71654862563613,5,0
VEN-02419,47.72641489170801,2,47.79763419951957,1,1
VEN-02420,39.45657402499532,3,75.92958951174388,1,0
VEN-02421,79.29477894862796,1,40.76643591600841,1,0
VEN-02422,38.97340520977332,5,5.2468419256265175,6,1
VEN-02423,27.963204523092354,5,57.13579243087881,6,1
VEN-02424,17.64608958651829,1,20.60183930238349,3,1
VEN-02425,9.054373553722325,0,59.65716101051676,3,2
VEN-02426,32.99109846326091,4,53.75667882778129,3,0
VEN-02427,49.74909191509981,1,39.11126090601304,4,1
VEN-02428,48.24284814960398,1,70.10575810931243,1,0
VEN-02429,17.32358047119312,1,21.60771516881936,4,2
VEN-02430,59.20988742969104,2,59.499822862702736,3,0
VEN-02431,6.617508387674931,1,35.83381328480909,1,3
VEN-02432,15.289366669153484,2,46.42598000917385,1,0
VEN-02433,76.40748630080843,1,53.68713770034115,3,3
VEN-02434,68.34462278114573,2,54.21508494909219,3,0
VEN-02435,52.98826216422727,4,15.136002636827447,2,2
VEN-02436,42.34295371131848,3,53.346685143273135,1,0
VEN-02437,11.223579969881657,2,32.53818848402358,2,0
VEN-02438,25.506434522199257,3,52.83772478674232,3,2
VEN-02439,33.129114005471806,1,11.095278071620251,4,2
VEN-02440,27.870341118373503,2,13.594357954762318,5,1
VEN-02441,46.33946426633993,1,65.70459219438898,4,0
VEN-02442,43.93767670439149,2,41.10534473040644,7,0
VEN-02443,65.44889577239286,3,41.08589354814519,4,1
VEN-02444,19.30900301408429,4,17.636940520657834,5,0
VEN-02445,38.97017848586064,2,29.140208769636683,4,1
VEN-02446,84.89128672891636,2,44.103779474276486,3,1
VEN-02447,15.542442587661071,2,33.55856833241578,4,1
VEN-02448,37.939875008634935,2,42.85647495190526,3,1
VEN-02449,77.9038413738766,1,35.09136181659435,4,2
VEN-02450,30.077713546614937,3,22.414898691285824,4,0
VEN-02451,61.45140160023503,0,66.48290780418931,4,2
VEN-02452,34.47325871592549,2,16.905807327548853,4,0
VEN-02453,20.098915728415328,2,44.87281460596632,1,0
VEN-02454,24.477832457753333,1,50.67107599391729,2,1
VEN-02455,1.1098869153406756,7,57.53886012764604,5,0
VEN-02456,57.84369241520386,2,69.20664464074996,5,2
VEN-02457,27.430880303738057,3,20.71248655005689,3,0
VEN-02458,43.0943850698798,0,57.00092381072034,3,2
VEN-02459,44.88283527057426,3,35.47745890158103,4,1
VEN-02460,48.63000815765915,2,16.404416433919266,1,1
VEN-02461,40.02297057961879,3,52.82401257926921,4,1
VEN-02462,56.29296628313681,1,86.23959390627624,1,0
VEN-02463,36.97791458760815,1,13.58742529243868,1,0
VEN-02464,15.135824556797395,1,30.225262849060424,1,1
VEN-02465,55.95995906241428,1,17.178351221387963,3,0
VEN-02466,7.817532451857471,3,48.61405091028106,0,0
VEN-02467,3.629225974740561,4,37.88668617563545,4,1
VEN-02468,39.18359954263353,1,12.9332117050528,2,1
VEN-02469,26.69180509884821,0,25.8589224867582,3,1
VEN-02470,54.10976625745789,1,52.8200945608331,6,0
VEN-02471,17.940913567498285,1,37.12937003422528,1,0
VEN-02472,45.51802118168598,3,15.310527801484476,2,2
VEN-02473,23.843332619447395,1,41.69666463091913,5,0
VEN-02474,50.84838645338076,3,51.30743189331722,3,0
VEN-02475,52.60064874501271,3,19.16119676594617,3,1
VEN-02476,16.357887913782903,3,22.55469344745543,4,2
VEN-02477,3.94294170128404,1,42.836439199502735,4,0
VEN-02478,30.11977935407388,4,13.626816846667856,2,2
VEN-02479,58.97738715417088,1,42.24031734682674,4,0
VEN-02480,16.010117247227107,1,54.32966166446175,5,0
VEN-02481,54.88273285463086,3,69.63815458263979,4,1
VEN-02482,47.58986284834329,2,23.932148787891727,3,0
VEN-02483,25.432673773504423,1,38.54132541598258,5,0
VEN-02484,19.287389973267896,3,36.8748611283536,2,0
VEN-02485,23.73849736286685,4,25.57808010328289,2,1
VEN-02486,21.568962966598896,4,40.32287314208119,1,2
VEN-02487,29.806418482342217,4,28.47044186653786,3,1
VEN-02488,58.75047800371708,0,28.461768647747583,5,1
VEN-02489,35.80620386813245,0,76.61954140656806,3,0
VEN-02490,14.376599324649863,2,46.17325451970329,3,1
VEN-02491,52.13152352146271,4,28.27910588700388,1,1
VEN-02492,27.269894441517035,0,18.99052612121797,3,0
VEN-02493,54.60186877977904,1,41.28453472435991,4,0
VEN-02494,90.95163033000752,1,49.1388353934219,4,0
VEN-02495,19.9198149371325,1,40.5406655201397,5,0
VEN-02496,40.896465338169165,1,29.46697897364456,4,0
VEN-02497,22.78906833217312,1,28.941153180160256,1,1
VEN-02498,19.61180921324856,4,54.19604427703334,3,0
VEN-02499,10.602258399298952,3,22.528705658594856,2,1
VEN-02500,27.231939552856318,0,39.14409853368223,1,2
VEN-02501,25.58383055502577,2,53.38035255446931,1,1
VEN-02502,23.798192521360097,5,18.77689511793833,5,1
VEN-02503,14.699485920766278,4,70.3934427995323,6,0
VEN-02504,66.48344518948903,1,22.41883132667978,7,2
VEN-02505,44.215984338182665,0,19.56689969262214,1,0
VEN-02506,13.831429865123832,2,62.793424990675874,1,2
VEN-02507,22.183206388144523,3,25.94226098304992,2,0
VEN-02508,39.21352697181652,3,73.87367155851825,2,0
VEN-02509,58.50260684483442,4,29.94764513627196,2,1
VEN-02510,28.201506846640456,1,27.196623510991717,3,1
VEN-02511,37.6560444167529,1,10.199501780029877,3,0
VEN-02512,13.264654452569864,2,57.60939085878631,1,2
VEN-02513,11.510216239936543,0,57.13845763544764,3,1
VEN-02514,26.965709542455023,0,27.86469569277305,3,0
VEN-02515,63.55026584181726,7,83.32600539929288,2,1
VEN-02516,47.27787221804912,2,17.44597109370057,5,2
VEN-02517,19.46626876587856,1,36.236298013688334,5,0
VEN-02518,22.951993742515747,6,78.23503582610381,3,0
VEN-02519,33.773702128542155,1,22.633490497163,3,1
VEN-02520,64.03172441270935,0,78.35054918051625,2,1
VEN-02521,56.31720506429848,3,69.0468935134414,7,1
VEN-02522,15.425885320345788,2,39.21521527958055,3,1
VEN-02523,31.180626708803555,4,38.02318895686989,4,3
VEN-02524,27.22682434077767,2,19.79345072315969,4,1
VEN-02525,51.43355501375919,2,70.38687742235983,2,0
VEN-02526,44.051515955427625,5,52.49008588610013,3,2
VEN-02527,30.763004308941404,2,59.87728792963441,2,2
VEN-02528,47.92673962165806,0,64.10630307617147,2,1
VEN-02529,49.28237670449701,2,19.37674726122757,2,1
VEN-02530,82.77200484813793,5,11.9562276155493,3,1
VEN-02531,56.71784446488589,1,36.75028337492337,4,2
VEN-02532,88.95199299794318,4,57.077131825903,1,0
VEN-02533,74.49279436425887,2,48.33677144854238,2,1
VEN-02534,50.69008565064768,2,42.0696868200533,3,0
VEN-02535,73.77559574607973,0,62.88442236973627,5,0
VEN-02536,65.98528996690119,7,62.405716674449415,2,0
VEN-02537,20.13845154503781,2,28.209109335760814,5,0
VEN-02538,13.1377111131192,2,55.75930052178492,0,1
VEN-02539,72.93532119995251,1,38.21652005925225,2,1
VEN-02540,57.463265246819375,2,25.83180838162981,0,0
VEN-02541,35.352285538053586,4,31.74703451560005,3,2
VEN-02542,75.7603463517775,1,74.64792069414933,2,2
VEN-02543,51.98486282047966,1,41.68343387616024,3,2
VEN-02544,43.1025572749212,1,65.29445154443466,5,1
VEN-02545,6.9087953312084505,4,35.671230252436104,4,1
VEN-02546,30.022415662838675,3,53.33470206306832,2,0
VEN-02547,47.29988370954131,3,69.97895953290931,4,0
VEN-02548,10.485472675502002,1,37.441466469310896,2,1
VEN-02549,9.7949907868614,2,34.19422073723058,3,1
VEN-02550,35.24906529474674,1,11.489768223437194,2,0
VEN-02551,58.2396378460479,3,62.68685938379159,2,0
VEN-02552,15.012352539684318,5,20.2744388860865,1,3
VEN-02553,28.17682012537215,2,71.6191676272004,1,1
VEN-02554,26.703090549875096,0,45.37630324230439,2,0
VEN-02555,35.57502802348868,0,37.58679503618151,4,2
VEN-02556,49.22162003607531,5,47.27085145663562,2,0
VEN-02557,18.857987210270743,1,43.1934990805316,3,3
VEN-02558,56.731871555072,1,61.1336291869077,4,0
VEN-02559,61.58696840807545,2,61.78924021824328,2,1
VEN-02560,40.325589829852085,1,56.765001791499216,5,0
VEN-02561,43.85243219115191,3,13.918504121365183,2,1
VEN-02562,51.11065936881259,1,42.602820081618525,1,2
VEN-02563,2.303005312617725,3,43.51859718662652,6,1
VEN-02564,38.41247652901597,2,39.61834917552866,3,1
VEN-02565,57.172012009062655,3,57.19161184394036,3,3
VEN-02566,58.73568280339815,3,36.64568017254157,5,1
VEN-02567,49.33080112610392,2,56.28283026364012,3,1
VEN-02568,46.57277695873484,0,26.297083568987777,5,0
VEN-02569,11.615412336517725,1,18.2418189362702,3,0
VEN-02570,51.03400657846612,2,32.82411143246069,5,0
VEN-02571,61.98772428184762,3,41.66467341150681,6,1
VEN-02572,15.514266866097415,0,17.795241882008035,1,0
VEN-02573,21.24859603832591,0,29.19899327967097,2,1
VEN-02574,17.737624134430536,0,29.87368219938721,2,1
VEN-02575,64.62917799592528,0,55.91614305822098,4,0
VEN-02576,37.43436169073066,1,49.92169727510781,4,0
VEN-02577,13.739430184142336,2,31.525160712814937,1,1
VEN-02578,5.735467770926205,2,41.2247208804136,5,0
VEN-02579,27.46364612907253,1,15.67033059407517,1,0
VEN-02580,20.216003968916706,2,56.17439373784596,2,1
VEN-02581,28.982203194202107,2,25.333909053223667,3,1
VEN-02582,38.64561024715425,2,46.469330403743776,4,1
VEN-02583,11.817656017232943,4,44.15444429644006,5,0
VEN-02584,93.06171602713886,0,39.80952216941891,3,2
VEN-02585,37.50354549989947,2,45.6081911685027,6,2
VEN-02586,60.16478264972675,2,62.22303431125865,3,2
VEN-02587,73.63039619173605,1,48.798267337314165,4,1
VEN-02588,12.197159002470457,2,32.55919882136204,2,0
VEN-02589,46.8055129680647,0,32.31351852793208,3,0
VEN-02590,58.84450661894435,2,25.210328377719957,3,1
VEN-02591,1.0,2,43.5670283236176,1,0
VEN-02592,23.01127448126592,3,50.35677218184112,1,1
VEN-02593,15.59431482496541,5,54.15037969805544,1,1
VEN-02594,51.269327703956726,5,62.09449724971374,3,0
VEN-02595,39.94664993770306,3,44.55802168190067,1,0
VEN-02596,47.68141677303739,2,30.650641246239363,5,3
VEN-02597,1.324493048183106,3,17.029780248500114,0,1
VEN-02598,57.91593381018394,0,26.224800919203595,5,1
VEN-02599,51.32613615474282,2,73.45606935292804,2,0
VEN-02600,48.64736173874206,2,29.130400415892097,1,1
VEN-02601,30.01642129344147,1,55.17252379450062,5,1
VEN-02602,28.067811649987256,3,71.71594393057826,2,1
VEN-02603,54.3962915246088,1,71.21294425779595,1,1
VEN-02604,25.358674155437168,0,63.9735114313041,2,1
VEN-02605,46.09758001387452,2,46.44162739447989,5,2
VEN-02606,17.789856587649602,4,35.57231299546938,5,2
VEN-02607,72.80060209199934,2,19.036040152310928,6,0
VEN-02608,37.77090005168328,1,55.081468775750565,3,1
VEN-02609,56.71672351538989,4,61.76978985092687,1,0
VEN-02610,26.78098650827332,2,20.00353085974602,6,0
VEN-02611,74.82916007618165,0,57.1803717189957,0,0
VEN-02612,65.82841085574242,2,58.19273739962328,3,1
VEN-02613,19.08225033625155,0,54.41780209662268,1,0
VEN-02614,55.88228440652082,2,22.58700174597938,7,1
VEN-02615,62.91781060973271,1,82.31249649332155,1,1
VEN-02616,17.139200050246668,1,18.147524353111574,6,1
VEN-02617,30.834271667516923,2,57.10402399084057,3,2
VEN-02618,45.58617034281665,1,57.40658735749464,0,2
VEN-02619,74.71246427635495,2,53.16804746791885,6,3
VEN-02620,67.35913076993698,2,21.348589062303773,0,1
VEN-02621,27.177281036410637,0,87.61677245600163,1,0
VEN-02622,64.77492077079759,2,50.47992793502992,3,0
VEN-02623,52.29432050705888,0,44.839812738871295,1,2
VEN-02624,12.387734305750044,3,72.79682038182652,4,1
VEN-02625,44.83430919731247,2,37.46828611148685,3,0
VEN-02626,54.08076714370411,0,44.3702644487262,5,1
VEN-02627,61.21138956413776,1,70.9857695805627,0,1
VEN-02628,52.15613425988938,5,40.98837480762515,4,2
VEN-02629,17.146243425972862,2,24.61357641520429,2,1
VEN-02630,56.08735591059704,0,56.36243076145651,3,1
VEN-02631,11.78322139187739,1,42.96795079141001,0,1
VEN-02632,17.301285644645368,1,55.180000683326426,7,0
VEN-02633,26.6361517256652,1,18.998825120964824,5,1
VEN-02634,59.27212191839521,2,29.40109783792485,4,1
VEN-02635,52.60263750221546,1,63.03843830842247,2,0
VEN-02636,30.4129218243985,4,39.96877431037438,2,0
VEN-02637,77.66147765389047,1,38.89802888505956,2,0
VEN-02638,55.99460777916432,4,40.42031019318388,4,1
VEN-02639,48.67775205791728,2,25.34914998540688,3,1
VEN-02640,42.97393223560423,0,49.107892232645504,3,1
VEN-02641,15.168084949767485,1,24.0615094261591,8,0
VEN-02642,40.573073246695216,2,30.920588095136885,2,1
VEN-02643,50.46712233677079,2,39.297781153842266,3,1
VEN-02644,51.50150793200993,4,64.848770650701,2,0
VEN-02645,45.387644758200246,0,55.6916310795416,2,1
VEN-02646,84.01133139645461,1,64.67106204095103,5,1
VEN-02647,67.65341684952271,2,75.10282804761103,0,1
VEN-02648,40.1607244765657,5,43.352289183171074,0,2
VEN-02649,23.610535257805363,4,83.49655893073925,6,1
VEN-02650,15.174311871988689,3,79.83919071458403,2,0
VEN-02651,30.08424753423622,1,53.00388368989002,1,2
VEN-02652,23.766441566788156,1,90.34721628675936,6,1
VEN-02653,82.07549333743464,2,42.7384019295732,3,1
VEN-02654,21.562457083655268,4,37.57065550829994,7,0
VEN-02655,37.41709179541301,1,60.88142729646153,5,0
VEN-02656,27.613818890511997,1,56.34924416422453,3,1
VEN-02657,51.89120938417593,1,62.72936603442967,2,0
VEN-02658,77.84645203213647,2,30.575541351108743,1,2
VEN-02659,21.761002180747337,2,46.616945034759325,3,0
VEN-02660,62.12175864488457,1,70.45585691215092,6,0
VEN-02661,6.454634887195774,5,45.44238709559973,3,0
VEN-02662,41.82108680028244,0,66.2004064678411,1,0
VEN-02663,8.327356675720168,1,71.96526510493597,0,0
VEN-02664,39.09320300701328,1,40.60375458016659,2,0
VEN-02665,9.381972615804052,5,46.07184929818928,6,0
VEN-02666,21.50711402290484,2,43.07989120751272,2,1
VEN-02667,20.80607762334624,3,44.76878609674946,1,1
VEN-02668,48.28133929880913,2,67.95683960714621,4,0
VEN-02669,34.745453180744065,3,59.13151509627871,3,2
VEN-02670,55.235455320808335,1,19.404528844237767,5,0
VEN-02671,56.58589450748299,3,38.21113133544957,4,0
VEN-02672,9.984917679383615,1,43.49655836604908,3,1
VEN-02673,60.16688557364471,1,48.31136380617917,4,1
VEN-02674,28.11023985718853,1,69.0329489088716,2,0
VEN-02675,5.027069274734884,2,86.52633032330417,4,0
VEN-02676,42.93439402867026,3,25.5210281177635,3,0
VEN-02677,20.241201629661496,2,49.27727235423522,8,1
VEN-02678,22.808658622314265,2,31.03917540112231,3,1
VEN-02679,84.73961689248983,2,17.793064652553685,1,0
VEN-02680,29.928539502068872,1,38.04444854110812,2,1
VEN-02681,12.40370602111222,3,79.60376905052328,3,0
VEN-02682,15.758361451540068,4,3.674843212758546,3,0
VEN-02683,41.65950065835785,2,44.15803525832661,5,2
VEN-02684,54.36868221715604,2,34.832589767650305,3,0
VEN-02685,55.93583680977895,2,6.425015580876796,6,0
VEN-02686,81.63521721926816,3,50.78562560550844,4,0
VEN-02687,41.51339422088221,2,69.04887398763569,2,0
VEN-02688,26.62570880438305,1,49.51233312458546,0,0
VEN-02689,77.53971969140576,2,57.82583358952188,1,0
VEN-02690,38.86128374757903,2,45.62385702196213,3,2
VEN-02691,76.46605103350666,3,44.97005902275317,8,2
VEN-02692,22.2444720388558,2,34.15019356447421,0,0
VEN-02693,62.77549524400959,2,66.0340026729522,7,0
VEN-02694,16.427842784078507,4,29.486994752933647,3,1
VEN-02695,77.05588618984032,1,36.80531087286336,1,1
VEN-02696,21.940074127748705,2,40.85641635125709,1,0
VEN-02697,34.89538012451151,1,11.78596799786854,1,0
VEN-02698,52.089535952522034,2,40.52579990706408,4,0
VEN-02699,36.24665645135483,1,38.99574234933138,4,1
VEN-02700,22.460833902343317,2,32.510707442906664,1,1
VEN-02701,21.148228854242383,3,65.43985023873483,2,0
VEN-02702,88.61317692530677,0,50.26436607603442,5,0
VEN-02703,70.07215092871994,1,5.332909316111247,3,0
VEN-02704,33.04224885179772,4,56.96370639045709,2,1
VEN-02705,15.16100902451123,3,34.39764971717662,7,0
VEN-02706,70.74014715144338,3,70.30121114742643,3,2
VEN-02707,15.027040223940238,0,31.50688147581364,3,2
VEN-02708,61.73003424107441,0,49.75235872729409,4,1
VEN-02709,78.43496144897043,3,27.584227125720407,4,1
VEN-02710,60.748299847233966,3,49.09082344769231,2,0
VEN-02711,41.39941589507472,4,38.11882868604135,2,0
VEN-02712,40.53251080452567,1,79.2761327381049,5,0
VEN-02713,54.11088262478575,2,27.716296215139824,2,2
VEN-02714,48.19436387399422,3,60.50148253696348,0,1
VEN-02715,57.58565764947057,1,79.51105756642262,5,1
VEN-02716,45.21590458385333,1,48.94219289489696,1,0
VEN-02717,74.82055701792034,1,12.678910616386345,3,0
VEN-02718,21.946323245989696,5,27.31212919295801,0,1
VEN-02719,31.847868203433087,3,52.576769879236174,4,0
VEN-02720,12.842801460549714,1,44.44269029700572,3,0
VEN-02721,20.52572155123738,4,28.624062842136368,5,0
VEN-02722,38.925229787620665,2,53.36522103768944,5,0
VEN-02723,36.00205582457254,2,45.091789099412615,4,1
VEN-02724,46.06160373621387,1,12.584481570820111,4,1
VEN-02725,7.69599101435204,3,53.067216601231074,1,0
VEN-02726,55.6580467382366,6,87.0836340153054,0,1
VEN-02727,60.43353770207857,2,36.30904058098264,0,1
VEN-02728,26.75212940107101,1,29.884338569326136,3,0
VEN-02729,42.88318127215089,4,83.45817512968992,2,0
VEN-02730,74.11952825034362,1,56.24648541633874,2,0
VEN-02731,54.00492910247792,1,65.10611251096647,5,1
VEN-02732,15.852952709325669,3,18.536372865390017,9,0
VEN-02733,55.64059690583474,1,15.600586465878893,2,2
VEN-02734,28.87107852061889,1,19.349168519939838,2,1
VEN-02735,29.78126690591704,1,14.872430982915091,0,1
VEN-02736,15.988253834835318,2,68.54758780428847,1,1
VEN-02737,86.13997048918364,3,74.8994510177983,4,1
VEN-02738,45.95637951442804,0,54.81365533624637,3,4
VEN-02739,10.451879552784195,1,64.0233486048995,4,1
VEN-02740,78.23896105868442,5,52.5615864160652,3,0
VEN-02741,30.015798007344078,3,61.57481219938601,2,1
VEN-02742,55.86508179522356,0,18.607493605795625,5,0
VEN-02743,32.64318577421651,2,38.180695322146434,5,0
VEN-02744,10.501612616262554,2,69.84904291269181,0,0
VEN-02745,39.99944639528544,4,39.78325635776248,6,0
VEN-02746,27.20704602273464,2,24.080884195161797,4,0
VEN-02747,80.26731694999172,2,15.018981240828555,1,1
VEN-02748,12.732281199742456,2,47.54846716160031,5,2
VEN-02749,48.737564260253805,1,20.08720833061883,3,2
VEN-02750,35.82914912161801,0,16.499439636433134,2,0
VEN-02751,66.13221922667282,1,34.1230686222533,2,1
VEN-02752,44.30626433536729,2,90.52038215746892,5,0
VEN-02753,48.93954278752442,0,15.099479675053995,2,0
VEN-02754,30.45768176405067,1,34.094397862105424,3,1
VEN-02755,58.00519000574392,1,20.179874750994266,1,0
VEN-02756,17.92419159013984,2,32.25165836747862,5,2
VEN-02757,31.42039748400005,1,69.56770033796379,2,0
VEN-02758,28.93585761851292,3,46.800485428751365,3,2
VEN-02759,64.89151196110292,1,34.527000344759855,2,1
VEN-02760,56.16389289637048,3,54.28964908324807,2,2
VEN-02761,17.701695656477238,2,36.70405331003466,2,0
VEN-02762,13.724797854757028,3,46.44167180204805,2,1
VEN-02763,57.04776965637611,2,46.72191106994822,2,0
VEN-02764,47.51355713693715,3,79.9963566437422,3,0
VEN-02765,46.46260041893491,4,26.097595434572536,1,2
VEN-02766,42.96177683577609,2,84.75931748740604,3,1
VEN-02767,23.57944473442937,0,34.50373033007651,1,1
VEN-02768,11.840286472435524,5,47.83215022231592,7,1
VEN-02769,53.99246240078666,4,24.69430492598152,4,0
VEN-02770,69.63417780671082,4,49.173440121016334,2,2
VEN-02771,60.88894731021496,5,29.571332703075768,4,2
VEN-02772,75.31766649349498,0,61.5554088686153,5,2
VEN-02773,84.23965320021227,4,70.51876066647624,5,0
VEN-02774,59.886308399850186,3,30.8440682097817,2,1
VEN-02775,21.481883658061573,2,38.975484037513496,1,2
VEN-02776,38.59350478536148,1,54.559213132861416,6,2
VEN-02777,24.1246919446602,3,54.57997897660769,0,0
VEN-02778,16.97327429127252,1,33.84225048234621,3,0
VEN-02779,80.9723025572701,3,51.68357170428218,7,0
VEN-02780,24.74015248802622,2,30.50663786873931,7,0
VEN-02781,79.66981433028464,2,35.37777916898126,4,3
VEN-02782,15.012762115863229,2,52.22511027716427,2,0
VEN-02783,64.16223941229306,3,18.82074597842144,0,0
VEN-02784,62.01087027874044,3,26.24008948731499,3,1
VEN-02785,25.20455812052136,2,40.09062177001336,3,2
VEN-02786,43.59310324622045,2,46.57071787481985,3,0
VEN-02787,43.260398127144754,4,38.37779056424919,2,1
VEN-02788,13.627010999418957,4,73.46176010673342,4,1
VEN-02789,30.113969526590147,1,25.18035783997528,2,0
VEN-02790,37.66340131764277,2,37.602162301064176,3,0
VEN-02791,49.14864989546626,2,9.653445317961284,2,0
VEN-02792,54.879947716236025,3,54.23400426071636,1,2
VEN-02793,34.505570694071594,2,44.20190012937226,2,0
VEN-02794,67.73138338886191,4,50.85229562225295,3,1
VEN-02795,46.50777294485165,4,41.9795702874018,2,1
VEN-02796,27.79560801277434,1,20.646532107059777,4,1
VEN-02797,12.984589147232564,4,89.35745132739643,4,0
VEN-02798,10.798553691781269,3,82.48114918741257,6,1
VEN-02799,40.55271563271365,1,23.52449614055092,1,1
VEN-02800,48.27454237672891,4,30.73503564790086,6,0
VEN-02801,15.65267987695282,0,75.26607178384414,4,0
VEN-02802,28.19737231366036,1,75.23187948727389,1,1
VEN-02803,54.15779894338699,2,21.773927866921717,0,0
VEN-02804,46.64905610175881,2,52.61118153084475,4,0
VEN-02805,43.76097120570343,1,63.119784464056096,4,1
VEN-02806,35.57607804381171,2,55.854941895586265,4,0
VEN-02807,10.580312049019463,1,34.18564272736458,2,1
VEN-02808,33.635492333224015,3,39.58872250668167,3,0
VEN-02809,58.52645762419214,0,38.458183027365216,0,0
VEN-02810,35.03760543980674,2,47.46025404962623,7,4
VEN-02811,28.920673383036167,2,54.807660878836536,3,0
VEN-02812,42.84164587773848,3,54.43176402033314,3,2
VEN-02813,23.068769550492743,1,60.83088593925452,1,0
VEN-02814,53.76096865227583,2,43.85006974959189,3,2
VEN-02815,38.86122593431453,3,42.21902273311435,1,0
VEN-02816,60.262479900920106,0,78.3762707650546,3,2
VEN-02817,18.19823575275398,4,55.10004990495146,2,0
VEN-02818,6.058817018643588,6,60.8630953174913,3,1
VEN-02819,53.48749001964755,3,14.282408133096409,3,2
VEN-02820,60.30874912041415,1,72.43128593871417,3,2
VEN-02821,30.32076066039625,0,59.436660082735415,5,0
VEN-02822,17.13978119549368,3,57.54248241270983,5,1
VEN-02823,5.918242596898516,2,45.24863224583284,1,0
VEN-02824,41.15349291091416,2,47.43556631560016,4,2
VEN-02825,27.493809020531383,1,69.23017570300792,5,0
VEN-02826,29.79707537774937,4,67.4609525019313,3,0
VEN-02827,47.82976462651147,0,16.30652124738515,3,0
VEN-02828,54.664037709135705,2,54.202408306812856,3,2
VEN-02829,33.62735627882641,4,70.79506167449817,1,1
VEN-02830,2.601153341982406,4,27.849847239203378,4,1
VEN-02831,22.408429847254983,1,20.184348384211614,6,1
VEN-02832,35.727257709945086,2,44.9060146474535,0,0
VEN-02833,65.61002732706514,3,15.919365318792114,3,0
VEN-02834,58.19806005811395,0,38.58938294906133,3,0
VEN-02835,46.70535854906389,0,23.09503520850669,3,0
VEN-02836,40.69606683979632,1,15.221767354463031,4,2
VEN-02837,40.06067772685062,2,5.99450668827945,4,3
VEN-02838,34.54470786672363,3,24.905742368607896,4,0
VEN-02839,52.45902392605617,2,33.16290928568391,2,0
VEN-02840,2.231046067620694,2,14.435219218444509,2,0
VEN-02841,22.331209295799628,3,34.01165685617589,4,1
VEN-02842,38.00362383576365,2,39.89414923810151,5,0
VEN-02843,29.89270941295426,1,16.480471684558744,2,0
VEN-02844,10.623976156641913,5,50.71196422800645,1,0
VEN-02845,25.366225927699794,3,40.13524645437088,5,0
VEN-02846,33.68779264322127,0,73.06019978874825,6,1
VEN-02847,43.22419974656139,0,54.048943262800165,3,0
VEN-02848,86.00605108196253,0,76.28131471793367,7,0
VEN-02849,26.06052951275317,2,55.88050061136488,4,2
VEN-02850,32.585978759869015,2,53.49397439555906,0,0
VEN-02851,60.52726551742823,2,39.83252554391689,4,0
VEN-02852,37.63126250617953,3,80.76813617512913,3,2
VEN-02853,36.196996899348775,1,28.253282689967747,2,0
VEN-02854,49.71640747582372,2,75.73800329151553,0,1
VEN-02855,45.43289536172335,2,55.04427210917904,5,0
VEN-02856,36.56856438560515,2,44.06798825881479,2,0
VEN-02857,30.09859979415911,3,42.21142542579621,3,1
VEN-02858,58.90172854308923,2,63.17313475615364,2,1
VEN-02859,53.12917829794749,1,57.841736053088425,2,1
VEN-02860,62.64734108618995,2,77.03463517648018,6,0
VEN-02861,82.53760148525096,3,19.99179771391704,1,0
VEN-02862,19.006188517655417,4,54.316782710961206,7,1
VEN-02863,4.386649860602751,2,57.46871983403427,4,0
VEN-02864,24.794567862005348,3,11.126872808894452,2,0
VEN-02865,32.5720505733534,2,61.10855195055882,3,2
VEN-02866,41.42026027388132,2,35.53373159478848,5,2
VEN-02867,68.14132435690568,4,8.97254592510755,2,0
VEN-02868,59.33383229678576,3,49.50848445961136,7,1
VEN-02869,56.91776856696069,3,28.90777829479736,4,0
VEN-02870,39.74517503122987,3,43.702707199648415,3,1
VEN-02871,30.0648277503132,0,49.87990758923084,1,2
VEN-02872,19.86043708306616,3,8.28893964456083,4,1
VEN-02873,57.79147684700522,1,19.33808673329525,4,2
VEN-02874,15.658370497922396,1,32.25931225396244,0,0
VEN-02875,27.880643148695324,1,42.62310633921296,3,0
VEN-02876,57.63595433993132,3,25.48971688656273,1,0
VEN-02877,35.05564462010623,2,52.01464168347143,3,2
VEN-02878,43.74511318741878,0,25.62012531341909,3,1
VEN-02879,2.5222333504707395,0,55.10496999114858,3,0
VEN-02880,48.92841855768605,3,26.04463671129765,1,1
VEN-02881,10.885178059527131,3,71.31924118341098,1,0
VEN-02882,43.79240519138685,3,39.05818949181276,5,1
VEN-02883,58.903985298560414,2,32.58317435451979,4,0
VEN-02884,85.53022376614334,0,25.892784080233174,3,0
VEN-02885,20.10478005818114,2,33.78384997675246,1,1
VEN-02886,66.03682287861088,1,48.31556909009078,1,0
VEN-02887,21.769369859004623,1,35.018183031836735,3,1
VEN-02888,50.15634352786071,7,62.316595006969735,4,0
VEN-02889,38.37124362618719,1,41.09912942436005,1,0
VEN-02890,10.288868934022664,4,21.348946527580253,1,2
VEN-02891,44.16252138142171,1,70.78244870625912,4,0
VEN-02892,33.472916219000375,1,49.97966869661929,2,1
VEN-02893,51.879227136793205,0,65.74877012428185,2,0
VEN-02894,63.0441736232835,5,37.23048174712862,4,0
VEN-02895,40.23169515383286,2,50.27365835574072,5,0
VEN-02896,31.66541766691508,1,55.60134568099835,4,1
VEN-02897,13.010157785462248,3,44.40807499685109,2,0
VEN-02898,21.812603131178847,3,68.81180655663624,6,1
VEN-02899,32.19465099735717,4,54.062808896043656,4,1
VEN-02900,67.18482429606206,2,30.577194710345356,2,3
VEN-02901,40.65223511418933,2,77.32833673877903,3,1
VEN-02902,29.322138327985808,2,25.37695841488986,4,0
VEN-02903,54.275857502354064,3,28.59067719369462,7,0
VEN-02904,19.41264186685133,4,52.08317942515846,1,0
VEN-02905,42.76499176916436,2,44.65100101941125,3,0
VEN-02906,10.00812845059662,3,69.43163217098056,4,4
VEN-02907,15.000525839015074,1,46.032052985461966,3,0
VEN-02908,36.01993067937725,1,49.28039568120987,4,2
VEN-02909,6.088172942384529,1,33.73154545873676,5,2
VEN-02910,23.044345079605293,1,62.39362994534618,2,0
VEN-02911,32.258263261139355,2,41.99760318422164,4,0
VEN-02912,27.128881098078946,1,18.86608742974124,1,0
VEN-02913,37.821111787708105,1,44.28793988155601,3,1
VEN-02914,64.38343790983883,1,46.45673265871776,2,0
VEN-02915,56.440151600698265,0,22.348056234876097,2,2
VEN-02916,17.566515152051558,1,11.847449176039984,3,1
VEN-02917,65.25235112984518,3,67.19874380166715,5,1
VEN-02918,75.51688778512539,1,25.761319109343237,5,1
VEN-02919,59.12717675378714,3,33.78044169643509,4,0
VEN-02920,42.85765616151833,1,19.4942454796734,3,0
VEN-02921,35.04705105917793,2,43.7289736851053,1,0
VEN-02922,26.575597024287838,1,38.396604394608005,3,2
VEN-02923,43.5291968931893,3,53.566107116481774,4,0
VEN-02924,37.22079999774465,1,66.04412902696988,3,1
VEN-02925,1.7479796699359629,1,21.56435494283327,5,0
VEN-02926,30.13818023162641,2,57.95290324708257,3,1
VEN-02927,39.96437784582152,2,5.820734623498495,5,0
VEN-02928,67.06602292302831,2,52.55699025059316,4,1
VEN-02929,84.03001250167156,2,24.14202960661823,5,1
VEN-02930,35.725343654428755,2,33.60564344195983,6,2
VEN-02931,46.25807201924866,1,28.80144487140608,4,1
VEN-02932,53.12331420228349,3,35.0130576700232,4,0
VEN-02933,85.48148475825133,1,14.451023563128112,5,0
VEN-02934,21.649662079984346,3,11.211673179525294,5,1
VEN-02935,12.616920317020424,2,62.47923549274637,3,0
VEN-02936,32.027716090584654,2,10.801142467955788,4,0
VEN-02937,46.20411817049669,5,58.966480079424535,3,1
VEN-02938,32.38600737697838,3,20.956379784641065,4,2
VEN-02939,22.470971385274176,2,27.30263546248602,5,1
VEN-02940,41.91122047989327,2,66.46666801067379,2,0
VEN-02941,46.71950015423182,3,64.8694807056866,4,0
VEN-02942,16.300297312476474,3,12.359961844283156,0,0
VEN-02943,50.84912962516909,3,33.65010778858672,7,0
VEN-02944,79.41522476845168,2,56.11224869969833,2,1
VEN-02945,46.83041539503307,3,53.82459616440543,2,0
VEN-02946,40.65502617408615,1,36.24262785258061,2,2
VEN-02947,24.37658705640904,4,37.750157347356286,3,1
VEN-02948,49.3580213227131,0,71.74382116331911,3,0
VEN-02949,19.484727503448298,4,72.50027932858191,4,0
VEN-02950,36.52364201092274,4,36.99473115310977,1,1
VEN-02951,56.77252255689572,2,42.35141799165137,1,2
VEN-02952,38.90322401214441,0,56.82100225187076,0,0
VEN-02953,13.339156041966715,4,13.229955565239196,3,1
VEN-02954,23.56788641803544,0,24.681348986404032,3,0
VEN-02955,47.61303971837202,0,56.59857962623879,5,0
VEN-02956,45.65882300100319,1,73.2507694310728,3,2
VEN-02957,61.56202689779288,2,74.75974823151185,3,0
VEN-02958,52.13097199089478,2,74.76043872301871,1,0
VEN-02959,6.5740834916349575,2,53.90696823233137,3,1
VEN-02960,59.47948684843032,1,47.70066322083429,2,1
VEN-02961,47.64777316203297,3,70.22089903047437,5,1
VEN-02962,54.465554146682095,2,30.03875331735866,5,2
VEN-02963,41.20722342138145,2,37.29685910424472,3,0
VEN-02964,84.39362474861507,2,74.30844648680569,3,2
VEN-02965,58.971230887741065,2,10.04549184978328,4,0
VEN-02966,30.437144049062848,3,57.877262501352455,4,0
VEN-02967,61.188255815885306,2,61.22218978652639,2,0
VEN-02968,33.901119594465904,1,30.449522000970887,4,0
VEN-02969,63.47330861822166,2,45.51275421321691,6,1
VEN-02970,11.279007977779925,4,67.30300936974577,2,0
VEN-02971,42.62254457592428,3,51.90276461374215,3,0
VEN-02972,26.981449756383984,3,27.427931061172988,2,2
VEN-02973,44.147349937708505,3,54.75074580004653,2,0
VEN-02974,38.00906155972576,1,68.80845401856686,2,0
VEN-02975,45.84002993501688,2,6.698886923505198,0,0
VEN-02976,25.385771546123497,2,64.96710442439755,8,0
VEN-02977,61.14390843091025,4,51.174518946128615,4,0
VEN-02978,32.54915050879846,3,50.49019181106402,3,1
VEN-02979,59.98589625882542,3,64.13548087819424,2,1
VEN-02980,21.37482754634813,2,52.01361523464764,2,0
VEN-02981,8.161252007427773,3,32.551050809914614,4,2
VEN-02982,19.03132692763396,0,73.21051361235072,4,1
VEN-02983,60.12500952879727,3,25.62192345378589,5,0
VEN-02984,25.20715106399873,2,43.89794882427221,1,1
VEN-02985,17.626242847658986,0,64.5237545567221,1,0
VEN-02986,33.107613509710355,0,38.9766552444465,3,1
VEN-02987,40.83506123307235,3,31.60961049338707,2,1
VEN-02988,49.50185712385019,2,43.565235835062005,2,2
VEN-02989,37.6089737380312,0,37.67857889778927,3,1
VEN-02990,59.61565967545251,7,88.83566021333674,2,0
VEN-02991,76.75073572895036,2,12.754786387774043,2,2
VEN-02992,37.24539475015276,4,56.97476403308662,4,2
VEN-02993,36.29385984985572,3,10.270359129881609,2,0
VEN-02994,14.234168329451,3,61.12262797509196,4,1
VEN-02995,32.73164615992825,3,37.28417247158174,4,1
VEN-02996,60.84133804955288,3,71.70350157277234,2,3
VEN-02997,79.0722195469653,1,80.39797833322258,3,0
VEN-02998,34.75382539104424,1,60.00994239728497,3,1
VEN-02999,86.76934504504008,2,64.21190980422499,0,1
VEN-03000,43.08221409178892,1,45.619593703835385,3,0
VEN-03001,47.80971053161653,4,19.387227825396806,3,0
VEN-03002,12.344979726521686,2,12.217928272476364,4,0
VEN-03003,18.49128892783277,3,50.52002762891291,3,1
VEN-03004,77.18737403562858,0,33.79147545641396,2,1
VEN-03005,41.70027694626046,0,45.06945282657476,2,1
VEN-03006,52.07690277780688,2,70.0152452208126,3,1
VEN-03007,55.28678542444487,0,54.862439199558025,0,0
VEN-03008,83.12618059598547,0,49.94669469546327,0,0
VEN-03009,34.791644254813235,3,49.71187456873504,6,0
VEN-03010,16.783638055165273,2,17.45755784958351,2,0
VEN-03011,80.8024281001848,5,10.372255804074552,5,0
VEN-03012,21.95527451491991,2,75.27277465363828,2,0
VEN-03013,57.58062919417221,0,41.54129746881283,0,0
VEN-03014,39.54345306207831,3,81.08456569200715,4,0
VEN-03015,23.32485835056352,3,55.631638153683696,3,1
VEN-03016,17.66749390412238,0,54.30263930681417,4,2
VEN-03017,49.775592368466704,6,70.69633647660183,2,3
VEN-03018,30.3451748980699,2,18.472592354487244,3,0
VEN-03019,41.18973103556704,3,59.0042095219282,0,0
VEN-03020,30.43442552215029,4,58.29430972379293,3,1
VEN-03021,3.449092454719891,0,12.690824283774884,1,0
VEN-03022,29.93258591918881,0,28.245588674409248,1,0
VEN-03023,25.74655934847198,0,74.73362773295679,6,0
VEN-03024,8.471670070346708,1,64.42708726292274,2,1
VEN-03025,52.435640538525405,3,53.33019235501488,6,0
VEN-03026,64.98864085410099,0,49.578300002438745,3,0
VEN-03027,28.140420750195197,1,50.44100681318546,6,0
VEN-03028,43.50314151345882,2,45.2194626727101,3,0
VEN-03029,73.21211319949596,2,55.64237471842567,2,0
VEN-03030,54.998263614679,0,50.02630965508308,4,0
VEN-03031,13.112610909114212,3,45.954448969037486,5,0
VEN-03032,5.888568299380288,1,34.870289316324424,4,0
VEN-03033,27.239073636771792,2,43.54701399956357,4,1
VEN-03034,19.971595366092554,3,27.84273234232056,1,1
VEN-03035,85.11911807246246,3,62.7765055517583,4,1
VEN-03036,61.457687261190486,1,40.54124167109089,1,2
VEN-03037,61.49808238086043,2,21.30646468288082,3,1
VEN-03038,39.039277906119466,2,30.93010208230593,2,1
VEN-03039,51.77637916699558,1,83.1991426573766,1,0
VEN-03040,65.38476589135703,4,40.14618839020288,2,0
VEN-03041,63.97188452595432,4,28.634332670207,5,0
VEN-03042,68.63128185150596,0,63.9461532212619,1,0
VEN-03043,37.90952363161886,1,29.001786091638763,4,0
VEN-03044,39.13651950016096,4,27.104004002561933,2,0
VEN-03045,56.614527061452925,1,54.84750029680249,3,0
VEN-03046,18.45899559144886,1,68.55111976149232,3,1
VEN-03047,40.58285421511216,3,87.41999888459256,3,1
VEN-03048,18.775375694478274,0,58.72888604176876,0,1
VEN-03049,79.27848399839807,3,27.60820000250325,6,1
VEN-03050,58.11565003224968,2,26.528941836393177,3,0
VEN-03051,48.65561284469279,1,74.01920875126726,6,1
VEN-03052,45.16548305207685,4,79.5980586042135,9,0
VEN-03053,40.18106012940152,4,63.63851691906466,3,0
VEN-03054,57.37284527904462,0,52.98709364512389,2,2
VEN-03055,49.39925853594557,2,43.696262806362256,2,1
VEN-03056,68.27681199635309,3,61.1736854246485,1,2
VEN-03057,59.89556122022781,2,52.25311088214665,3,0
VEN-03058,28.565008427011847,1,10.71434201109686,8,1
VEN-03059,29.68204417812637,0,24.29110252672424,1,3
VEN-03060,48.751986979305386,1,30.02817671866962,6,0
VEN-03061,54.56270045834817,0,40.27173747880738,4,1
VEN-03062,25.075135730240056,2,61.80214213857004,0,2
VEN-03063,25.450418143443905,1,56.22878682902396,3,1
VEN-03064,13.938159839728437,3,49.35850407951581,5,0
VEN-03065,72.96380092518633,1,51.76817876510405,3,2
VEN-03066,4.947564078416331,1,64.44536343871485,7,0
VEN-03067,27.704637146077932,2,9.640127595967671,3,0
VEN-03068,38.61775977564377,0,42.09326577182479,3,1
VEN-03069,23.0095621310821,0,74.48573866826221,3,1
VEN-03070,38.73296446454021,2,30.842563029893487,3,1
VEN-03071,26.12769792383057,2,27.44291839876803,10,0
VEN-03072,40.98121494876052,0,67.59716734388824,5,0
VEN-03073,2.9148782701025424,3,44.18645682592814,3,0
VEN-03074,23.7169683569696,2,63.11768553667165,2,1
VEN-03075,48.88676578771551,2,33.51949243897717,3,0
VEN-03076,55.44009352507949,2,42.62384051140137,3,0
VEN-03077,50.07784839385665,2,38.4088810246116,1,2
VEN-03078,55.41683523611024,2,50.49848675827591,4,0
VEN-03079,31.960108987470363,3,59.128877046637655,7,0
VEN-03080,39.95144483306807,1,80.10154580936383,0,1
VEN-03081,42.81593472036744,4,22.09706328625491,3,0
VEN-03082,61.34654505785186,0,53.55112149622428,6,1
VEN-03083,53.045368458476815,1,50.0994956968399,3,1
VEN-03084,58.98680707133905,1,34.00015341438946,5,1
VEN-03085,32.25251847166658,3,32.26082998192945,3,1
VEN-03086,62.65930402181179,3,71.09320071726827,2,1
VEN-03087,84.06064397638305,1,70.04125376177372,4,0
VEN-03088,64.94817661294452,0,13.659243415406616,5,2
VEN-03089,36.15628779616968,4,18.27520904146878,4,0
VEN-03090,67.80449806748287,1,51.73075770810036,1,2
VEN-03091,14.78174262654969,2,23.006918816972664,3,0
VEN-03092,9.455789244718243,3,76.61207621932711,4,1
VEN-03093,36.29304199221923,2,47.19607369857477,3,0
VEN-03094,32.69234681226686,2,15.1564617851157,2,0
VEN-03095,72.80137021377519,2,18.90983938182636,3,1
VEN-03096,24.475384480399665,1,57.1187908796477,4,2
VEN-03097,12.757061231759682,3,73.04105654204125,2,0
VEN-03098,5.264810455434868,0,12.324302386521756,6,0
VEN-03099,41.53491200235639,0,63.7882224845214,2,1
VEN-03100,21.48008593205154,2,49.9595622860679,3,0
VEN-03101,37.063597834051386,1,50.12295407366365,1,0
VEN-03102,28.000878039696325,2,48.24806529053971,2,1
VEN-03103,35.15244597886737,1,53.431717572969305,3,0
VEN-03104,11.360236322293463,3,38.83275349588596,1,3
VEN-03105,23.88123894195697,1,51.215471527203015,2,1
VEN-03106,46.02629034689071,1,59.15530626179907,2,1
VEN-03107,36.50377968264359,3,36.51422425748785,4,1
VEN-03108,38.72406009528466,2,25.672078062728023,6,0
VEN-03109,67.92349913284062,1,65.06941922413331,4,0
VEN-03110,12.887039642750512,5,32.811650662619755,2,0
VEN-03111,62.70452776553341,1,12.726936670535252,4,3
VEN-03112,15.221908705172629,4,41.728200625354326,2,0
VEN-03113,32.25783748480306,3,53.68852943991988,1,0
VEN-03114,21.33508266985587,2,58.07061284833961,3,0
VEN-03115,28.950513366092984,2,45.020660599002326,2,0
VEN-03116,71.16473962761329,1,27.984832194863657,4,0
VEN-03117,40.571842098847725,4,42.822210168628,5,2
VEN-03118,36.32245865895687,2,49.65317663787366,1,0
VEN-03119,12.594195145084564,2,63.262344458922215,3,0
VEN-03120,22.15897553182608,3,34.463400773640195,2,2
VEN-03121,5.480033555682602,2,65.84420195325514,1,1
VEN-03122,66.20914291388887,1,35.23601496620671,0,1
VEN-03123,42.08916491702226,1,2.3151073877242285,3,0
VEN-03124,60.199968298958105,2,32.211601605590154,3,2
VEN-03125,65.49346968312001,0,54.89677356410042,4,1
VEN-03126,57.364353632381295,4,21.474931175404745,1,0
VEN-03127,15.981227631466002,0,28.08143470149217,2,1
VEN-03128,37.32383324636951,2,73.49423508403893,6,2
VEN-03129,86.29231258926994,1,50.70938591879008,1,1
VEN-03130,47.838678886911815,4,12.296062103951432,3,1
VEN-03131,67.78333151114072,1,77.71221060891703,5,2
VEN-03132,47.25064298942531,1,70.69202001263224,4,2
VEN-03133,40.00599295652659,2,42.089620709911394,4,0
VEN-03134,23.9420806310488,2,44.394023989087984,4,0
VEN-03135,25.7655134949384,1,17.584506295071563,3,0
VEN-03136,31.459648325309058,0,59.20859377449943,1,3
VEN-03137,20.10632890372752,1,22.221257125771228,3,0
VEN-03138,26.189045146427723,4,21.28794046049778,2,0
VEN-03139,46.63053357384829,3,24.30061829270844,3,0
VEN-03140,19.10492616655109,3,56.07942567189671,2,1
VEN-03141,57.29608095521136,1,37.85651217544759,2,0
VEN-03142,42.313594802311854,1,22.29817605763643,2,2
VEN-03143,10.57363863563142,1,6.280785342928506,1,0
VEN-03144,9.568829332316009,3,64.6535902304781,2,2
VEN-03145,24.563353139405464,4,69.96464939223289,6,0
VEN-03146,65.42779621101519,3,54.073497000114834,4,0
VEN-03147,9.024337459573635,1,25.59355690496336,3,1
VEN-03148,18.183528094618516,4,42.97892968158682,4,0
VEN-03149,58.0490332188234,3,74.51872843378246,7,0
VEN-03150,28.066389766486903,0,16.6290966460672,3,2
VEN-03151,62.64154954433781,1,70.72869736052651,5,0
VEN-03152,52.36338121589459,0,64.90197079871412,3,2
VEN-03153,5.838231589024894,0,54.20895865237172,3,0
VEN-03154,16.950241311604103,2,65.3045570885049,4,1
VEN-03155,30.4790744514604,0,20.38677887129063,2,1
VEN-03156,68.41974061058849,2,21.25863266972141,3,0
VEN-03157,19.03600670736707,3,30.86330959285346,3,0
VEN-03158,1.5637407419967109,1,67.01467234136793,5,0
VEN-03159,5.969114820697497,3,33.915145697498424,5,2
VEN-03160,30.453716304775767,3,12.611327690286467,1,0
VEN-03161,19.73532571403681,4,47.96785247352038,1,1
VEN-03162,75.26538080507873,4,15.788222770875883,3,1
VEN-03163,48.39346081673077,0,18.48169784117944,3,0
VEN-03164,45.16732768589016,3,53.64170126256263,3,0
VEN-03165,33.718916342599535,4,28.408113295167787,4,0
VEN-03166,48.30711548112309,3,22.75993124787415,5,0
VEN-03167,78.69088172202864,3,39.66334683258063,3,0
VEN-03168,26.349699957885264,4,50.767799685134506,2,0
VEN-03169,59.05530761301057,2,32.067462330026544,4,3
VEN-03170,23.81618147074128,1,68.70233244440666,5,0
VEN-03171,28.427794863678795,3,52.90421757126113,2,1
VEN-03172,32.84173112598856,1,20.380749629472277,3,0
VEN-03173,71.87996462817374,4,29.55907182511905,3,1
VEN-03174,81.1887368294424,0,24.473865473479385,3,0
VEN-03175,43.55977646752648,4,60.47176750764578,4,1
VEN-03176,44.40536491109098,1,69.70805435930012,4,0
VEN-03177,51.1208050561389,1,53.35580976507666,1,0
VEN-03178,28.1124668903991,2,38.04528102216421,4,1
VEN-03179,7.67456784067046,2,51.8380054668318,1,1
VEN-03180,48.10226312709665,1,65.58399031973921,3,0
VEN-03181,69.576293514355,1,38.14649352611698,6,1
VEN-03182,70.35078872575977,0,42.1039540190553,2,1
VEN-03183,74.50843650605589,2,18.55087437358856,2,3
VEN-03184,9.787680080541932,4,34.26871364985239,3,1
VEN-03185,69.40387163164921,1,62.08829842235394,4,0
VEN-03186,17.84182417316651,2,72.08591544926796,5,0
VEN-03187,48.5350750080412,2,30.933000867908,2,0
VEN-03188,53.28618978294746,6,62.66914971547297,2,0
VEN-03189,83.47793142602772,4,69.58096686601073,3,0
VEN-03190,9.038865657548168,3,31.250469284371214,6,1
VEN-03191,60.82470433592675,2,56.2374189778563,2,0
VEN-03192,19.614582557480617,5,79.60822895911144,1,0
VEN-03193,66.28526041945223,4,25.24807034024376,3,1
VEN-03194,32.66292164828348,3,41.75529217947595,3,2
VEN-03195,24.709241560108115,4,45.84084379217723,4,0
VEN-03196,57.06636460353944,2,51.44839343164419,2,0
VEN-03197,17.251785441907113,3,17.220372550461647,4,0
VEN-03198,12.453936136744268,2,57.64157461752034,1,0
VEN-03199,55.93616744981284,1,53.45143930979348,3,2
VEN-03200,26.24571344820345,1,38.74084958324843,2,1
VEN-03201,87.13328916292444,1,26.34738896653376,0,0
VEN-03202,91.6576792145881,3,58.97716154976692,4,0
VEN-03203,48.20599650542824,2,42.70850112640929,1,0
VEN-03204,44.29337605325013,1,24.5568133468233,4,3
VEN-03205,69.14779079243854,0,69.53039532103003,4,1
VEN-03206,25.00603508924504,2,59.77137717990062,3,0
VEN-03207,32.40879200294632,3,31.458545391585503,3,0
VEN-03208,19.617869153958228,1,40.12243133681586,4,1
VEN-03209,32.17059790304349,1,73.5652009652863,0,1
VEN-03210,57.36290815373143,3,51.49864798439837,3,0
VEN-03211,9.282648191508756,1,15.589472304908565,3,0
VEN-03212,44.596628050058825,0,27.274496357259498,4,1
VEN-03213,14.564622616068116,2,41.45352545934835,4,1
VEN-03214,34.238319707115664,2,10.487206478739717,3,0
VEN-03215,71.17503877411093,0,59.98122154019169,2,3
VEN-03216,1.931527280547604,2,53.52723580008465,1,0
VEN-03217,36.48156989601164,0,58.37468440922018,0,0
VEN-03218,35.81314073535998,1,20.851197575470977,5,1
VEN-03219,48.66776135441914,0,20.92820357255215,4,1
VEN-03220,60.03930333328886,2,57.19755648142674,4,0
VEN-03221,37.19414380980796,1,84.34554750257244,3,2
VEN-03222,45.69632734422704,5,52.78277150186376,8,1
VEN-03223,30.139100693691283,2,16.71563010235143,3,1
VEN-03224,59.02374050286648,1,66.6005070386834,3,1
VEN-03225,73.28654609119941,1,35.620810734156,5,0
VEN-03226,19.525075412007524,0,49.29667518009394,4,1
VEN-03227,47.803064431770494,1,30.863920389320665,4,0
VEN-03228,24.88031110004518,1,66.20923208060509,2,2
VEN-03229,32.94379643752687,2,44.41695807252072,3,1
VEN-03230,25.91670385561159,3,69.83816158236354,5,2
VEN-03231,21.03149402413247,2,54.05856680089063,1,0
VEN-03232,6.971897110235926,3,31.12103391615727,4,0
VEN-03233,53.92314219734967,3,69.85829610516826,3,0
VEN-03234,11.04076308891943,2,56.378176892788446,3,1
VEN-03235,14.44603901977288,4,67.23362014139953,3,0
VEN-03236,28.652304966062317,2,41.21733509638492,2,0
VEN-03237,68.3335799435605,2,30.267993290138676,2,1
VEN-03238,16.947503542061458,2,62.05908055968952,2,1
VEN-03239,43.61412981144319,3,47.35128950742438,3,0
VEN-03240,41.16839594889281,1,45.357160464206494,2,1
VEN-03241,65.55756529059371,3,55.29508260127192,6,2
VEN-03242,14.771722495940548,2,60.43626830379962,5,0
VEN-03243,57.88934634130028,2,56.52593395025404,4,1
VEN-03244,83.49017799590935,3,38.72090403539999,5,1
VEN-03245,20.59373815562583,0,52.475459449278574,3,1
VEN-03246,81.21214286003922,3,30.0757323193389,1,0
VEN-03247,12.26675389485466,3,51.2428480714915,1,1
VEN-03248,68.7849125777359,5,54.42907047410868,3,1
VEN-03249,51.08694973098087,2,64.35613196105326,2,1
VEN-03250,16.36529033304547,5,17.587798883795067,2,1
VEN-03251,55.3674732137077,3,48.98848548011112,2,0
VEN-03252,4.567403887504085,2,32.71523335138903,3,0
VEN-03253,57.60395098122636,0,68.42176445572994,6,0
VEN-03254,52.91110244423386,1,64.76260972187936,3,0
VEN-03255,9.658761465710333,2,22.06372559979319,2,1
VEN-03256,28.34809134347844,1,28.205392227715016,4,1
VEN-03257,20.1006523866022,2,72.21920467370107,2,0
VEN-03258,23.355992691868448,3,31.833370462613185,1,1
VEN-03259,61.32235934929783,4,36.96382918685382,2,2
VEN-03260,28.74474610957905,1,40.19106068533488,6,0
VEN-03261,16.257666664522493,6,17.095380527974065,4,1
VEN-03262,14.011975477915364,2,36.49568287481444,5,0
VEN-03263,30.05683907666962,2,70.03790176098532,0,1
VEN-03264,57.54635822614629,1,56.65997845864628,4,0
VEN-03265,8.70365504327403,2,75.80024170451605,3,2
VEN-03266,50.57869460496261,1,75.57976514656424,1,0
VEN-03267,39.93853652985403,2,50.11013715362655,3,1
VEN-03268,54.99529453428963,1,47.22882747352281,1,1
VEN-03269,52.01033499471156,1,57.30115875634656,4,0
VEN-03270,36.406948625905336,3,12.76023550352046,5,2
VEN-03271,22.14619444236681,0,64.41459194659137,1,1
VEN-03272,23.488266419563008,1,73.0106127807648,1,1
VEN-03273,42.12772019507945,3,17.691520454380235,6,1
VEN-03274,29.88467697896856,2,43.18263859993981,1,2
VEN-03275,28.56412835745657,2,26.849699891508404,2,0
VEN-03276,20.872950149267066,4,38.55858425981895,0,2
VEN-03277,81.57672759689359,2,60.58266327597117,3,2
VEN-03278,28.74857424997801,2,49.84378101722113,2,1
VEN-03279,65.56172645981829,1,49.8399827454019,6,0
VEN-03280,11.093460177013696,4,43.463300337877165,3,1
VEN-03281,54.393794428597765,1,42.949844602391565,6,2
VEN-03282,12.93593917604064,2,14.313284773705734,4,0
VEN-03283,15.710467042442138,2,53.09558485916973,3,0
VEN-03284,34.56314507886826,1,78.70267289708443,2,0
VEN-03285,46.47383856591709,4,69.08683430851777,4,1
VEN-03286,24.75796814912259,1,21.44699484295783,3,0
VEN-03287,59.406274142007,2,32.0993942712324,1,0
VEN-03288,65.05552171834535,3,34.50388167482188,3,2
VEN-03289,52.72124696007705,1,81.59627690573731,5,0
VEN-03290,59.20051729340269,0,69.96430894583453,5,0
VEN-03291,23.86101761718993,2,14.50849910284226,4,0
VEN-03292,70.3044933695686,1,54.26884361298123,4,0
VEN-03293,31.9537884242319,1,37.90158651145139,1,0
VEN-03294,70.19062275401892,3,49.9309737973193,4,1
VEN-03295,49.71991280372881,2,51.44628010343501,1,0
VEN-03296,28.343902868209295,1,63.97344894913898,8,0
VEN-03297,23.06073625766579,3,22.39099091690921,1,0
VEN-03298,47.25791467537519,2,55.13901197046054,2,1
VEN-03299,25.56430589707344,2,13.043847237075203,3,0
VEN-03300,39.21779395303536,0,54.097997110569786,7,0
VEN-03301,44.15456023150494,3,17.588867824403312,5,2
VEN-03302,26.156318104955574,0,18.747968617624892,2,0
VEN-03303,19.840929000561637,0,76.36987155781671,3,1
VEN-03304,51.350528958221474,2,51.4822573643924,3,0
VEN-03305,11.495115903001096,0,51.88331945134381,12,1
VEN-03306,49.61317315482146,3,21.22137377065685,0,0
VEN-03307,53.68686291386231,1,56.04118576234759,3,0
VEN-03308,24.03879294598606,3,48.61228082939167,2,0
VEN-03309,60.41611991180069,1,56.72186996383967,5,0
VEN-03310,7.341780549490226,4,61.454285958729415,1,1
VEN-03311,43.801268838625376,3,27.570556502484,3,0
VEN-03312,92.14648894918746,4,23.88756653998325,2,0
VEN-03313,29.314698237535858,1,49.54081202215275,5,0
VEN-03314,44.45049073379682,1,71.99424721927724,1,2
VEN-03315,12.358176596915328,1,66.63767142566036,5,1
VEN-03316,11.461509613049628,2,41.94906608100785,4,0
VEN-03317,59.13124571977334,1,47.13697363712632,4,0
VEN-03318,43.5633995511704,2,27.854058805286545,0,0
VEN-03319,29.070689463768428,2,80.3280354079131,2,1
VEN-03320,40.47230941136807,1,59.10231771195917,2,0
VEN-03321,92.7406318130685,3,56.410006973254966,5,0
VEN-03322,43.21663167716063,3,27.10092063936389,3,1
VEN-03323,59.97095235491232,0,32.86583086083928,3,1
VEN-03324,60.92197975088316,2,68.43843059191326,2,0
VEN-03325,65.08149032160117,1,43.67862186505637,1,0
VEN-03326,30.55698185358161,0,9.32005746671501,0,0
VEN-03327,21.590098655523366,3,36.61579986349477,3,0
VEN-03328,49.15944389229838,4,34.01951761388064,3,2
VEN-03329,45.77355435495584,2,70.28395232398137,3,0
VEN-03330,55.596319834043975,1,60.986556096938806,1,1
VEN-03331,59.757325156387886,2,54.2003773572395,2,1
VEN-03332,7.428628728287605,0,36.72084480851673,4,0
VEN-03333,48.13932244396458,2,59.46951146187642,1,1
VEN-03334,52.258522198478985,1,70.4759850134712,2,0
VEN-03335,27.44849391932696,1,20.19712201570416,3,1
VEN-03336,32.4020331901125,4,27.6139383413693,6,1
VEN-03337,21.287268117366647,0,33.246139547983375,5,0
VEN-03338,27.78999584671873,3,75.71373951756543,6,2
VEN-03339,40.62517133883337,3,51.37673551767791,1,0
VEN-03340,12.426134303463808,1,39.496969426440046,2,2
VEN-03341,32.24352405753915,4,62.00564083541815,1,0
VEN-03342,39.71416666244761,3,55.902596222459856,5,1
VEN-03343,31.50686400057068,3,28.25391909164241,4,0
VEN-03344,55.85486128632261,4,60.05664842078231,5,0
VEN-03345,38.28568637088306,0,21.520006066510184,2,2
VEN-03346,25.59242807247413,4,56.73034315786575,2,1
VEN-03347,31.53584234158357,2,29.62280376762772,5,1
VEN-03348,45.9235373300116,2,63.42961180360965,4,0
VEN-03349,31.730027028773662,3,29.828438756733423,4,1
VEN-03350,27.603152018625774,1,53.23599735414063,2,1
VEN-03351,66.4322538866467,2,46.088668539968936,2,1
VEN-03352,12.624424441878416,3,51.0106018630226,7,0
VEN-03353,50.7578564180396,2,67.29029121278309,4,1
VEN-03354,21.50852844439518,2,26.400358145098025,3,1
VEN-03355,59.23049136376684,1,83.6829530941217,8,0
VEN-03356,61.4837342161663,2,70.50331787765168,3,1
VEN-03357,39.11292843173149,1,70.826572544707,5,2
VEN-03358,21.41235687664201,1,47.0768695175945,3,1
VEN-03359,16.638740294357056,1,39.944804680225324,6,0
VEN-03360,11.079136288594269,2,34.21409512133923,2,3
VEN-03361,15.946466758630628,2,27.20439640035521,1,1
VEN-03362,32.61505625861497,0,80.70018481438747,0,0
VEN-03363,47.00466584072499,1,50.68990373909159,2,1
VEN-03364,38.46309195603714,1,49.59565591129898,1,2
VEN-03365,44.60276524365645,2,42.60418990288036,5,0
VEN-03366,11.059230143853862,5,59.10224560526344,7,0
VEN-03367,31.34936590182343,2,26.89516121079294,5,1
VEN-03368,10.53317806941764,2,35.768655890333974,0,1
VEN-03369,12.232223365150016,1,31.792450848048222,2,0
VEN-03370,62.53789173390525,4,73.48988374014286,2,2
VEN-03371,34.29920852142632,0,19.837617207129156,1,1
VEN-03372,42.20618180282468,4,58.80928705216301,3,1
VEN-03373,38.4545910825191,2,53.9965745079112,4,0
VEN-03374,43.21563522152261,3,56.776497177672034,5,0
VEN-03375,69.26126205945279,0,52.17005434181126,5,1
VEN-03376,58.03651354617377,4,70.6594345966575,1,1
VEN-03377,48.08692790550267,2,46.67533236763404,4,1
VEN-03378,42.681749844064086,1,81.41763269830726,6,1
VEN-03379,60.999319707720986,1,57.311135603112994,1,1
VEN-03380,30.154647081053596,0,59.42148044664265,7,0
VEN-03381,14.56349082910369,2,40.15802370310067,2,1
VEN-03382,69.02746068638909,0,18.67997847280451,2,0
VEN-03383,41.68182341842422,3,63.345795477459845,3,0
VEN-03384,32.042675810656746,1,35.23687705175373,6,1
VEN-03385,51.54893336759875,1,64.54807150793977,3,1
VEN-03386,2.8267591802108805,1,50.181222714395965,5,0
VEN-03387,11.827532021758572,0,39.89298926581506,1,3
VEN-03388,34.038309180732305,2,70.91410118735494,1,1
VEN-03389,38.41342969871175,2,55.66892692960405,4,1
VEN-03390,39.04227396221412,1,15.895558227065646,2,1
VEN-03391,21.7896765064025,6,49.45807678080613,3,0
VEN-03392,14.647877467951112,3,73.13173734662102,6,1
VEN-03393,63.816887794325815,1,19.720223019689563,4,3
VEN-03394,78.66396506506754,0,50.57557857079961,2,0
VEN-03395,59.14025070661514,4,79.44004632874008,3,0
VEN-03396,38.45261664849677,2,58.0397485522984,2,0
VEN-03397,28.98280442334772,1,12.121477277687648,4,1
VEN-03398,53.10325280202005,2,32.158090549444054,0,1
VEN-03399,10.656695076042109,2,52.81628050758638,5,0
VEN-03400,62.909905483568586,3,25.95030694282594,2,1
VEN-03401,43.69411722397922,2,43.25835311935872,3,0
VEN-03402,1.0,1,65.79972770229978,2,0
VEN-03403,48.88418445414304,2,51.35571944946141,1,1
VEN-03404,44.606991395875376,3,47.15963447294163,2,1
VEN-03405,35.13114889137771,1,72.88811759255141,5,0
VEN-03406,66.79475764366045,2,20.112089397909685,3,1
VEN-03407,52.27399855453743,2,9.094498032986838,3,0
VEN-03408,18.67164963564177,1,18.544504641593942,3,3
VEN-03409,69.42208715310497,2,39.99085236364996,3,0
VEN-03410,80.06100437757053,4,24.14604217656472,2,1
VEN-03411,66.49371866281118,1,27.94404926415553,4,0
VEN-03412,25.913149354331555,2,54.60755756683198,7,0
VEN-03413,14.297827580270631,0,20.413222736959906,2,0
VEN-03414,21.18628219564679,3,49.02485298890337,1,1
VEN-03415,7.621608894743089,0,36.93818761738682,1,0
VEN-03416,13.541839151235456,1,51.590330279579135,3,1
VEN-03417,36.94353715397671,1,24.67126872870416,3,0
VEN-03418,18.364353376818904,1,70.83748789083258,5,1
VEN-03419,54.81905409035866,2,47.98015808529676,1,1
VEN-03420,65.98505043015871,0,58.40166946465855,3,0
VEN-03421,55.551980656973775,0,22.06069226033376,6,0
VEN-03422,84.59614829010104,4,65.24858329128065,3,1
VEN-03423,74.66506994801738,1,44.11373798053314,6,1
VEN-03424,18.929566993316136,1,17.98640828657471,2,0
VEN-03425,31.602741080414976,2,41.04563388990685,2,0
VEN-03426,18.095833722278662,1,35.22251074905944,7,1
VEN-03427,76.0553837325474,2,69.92506195775836,2,0
VEN-03428,63.5092400557293,0,9.43696845287806,2,0
VEN-03429,50.76953748123999,3,62.717418938397465,7,1
VEN-03430,13.515743764821186,1,71.51735850387475,2,0
VEN-03431,18.45850742975365,4,30.42605685284961,1,0
VEN-03432,11.040225858746243,1,56.46326149224271,5,0
VEN-03433,79.33089720494677,2,29.445546221025527,3,2
VEN-03434,33.22991884516773,1,72.09556723457838,4,1
VEN-03435,47.254985565017606,1,39.562890651924455,3,2
VEN-03436,25.54716775099776,2,18.08529539797636,2,2
VEN-03437,57.395331244314704,2,47.1812044879636,2,1
VEN-03438,24.16748661293316,0,19.4017092982347,7,0
VEN-03439,45.4984446703407,2,41.65753670999828,3,1
VEN-03440,16.900538660363974,2,82.02130332119422,4,0
VEN-03441,31.65312356592575,2,33.99558358801843,5,0
VEN-03442,34.75531940224841,4,31.97788157199372,2,0
VEN-03443,34.561942112738315,1,2.066485893628559,5,1
VEN-03444,53.3284185423776,2,49.94980206406901,5,0
VEN-03445,65.39543230226465,3,45.138427985482615,2,0
VEN-03446,58.30593126558243,1,25.413251989212664,4,0
VEN-03447,27.85014055082032,1,7.777190116396794,2,1
VEN-03448,44.31657426061211,2,60.77272898201384,3,0
VEN-03449,73.43249209958813,2,41.73961408457194,3,1
VEN-03450,37.062354072272605,2,77.09158357569999,2,1
VEN-03451,55.721495929998,3,64.50213324566825,2,1
VEN-03452,48.95574817416677,2,45.86449510204444,4,3
VEN-03453,9.180692753245934,2,45.69611907645177,5,0
VEN-03454,57.918251581955424,2,47.930166773179245,2,2
VEN-03455,11.713534545531838,2,14.34095157935597,5,0
VEN-03456,62.8074232846456,5,10.71220177062698,3,0
VEN-03457,63.28568710959467,3,83.99118641329851,4,1
VEN-03458,55.35117284980641,3,31.161830082412997,2,1
VEN-03459,49.554951865373305,2,53.44194167641119,2,1
VEN-03460,27.320060147556525,1,57.79638085587151,4,0
VEN-03461,34.0877971252748,2,53.79453019966669,4,1
VEN-03462,64.07721900862143,1,21.20239614789075,3,0
VEN-03463,52.20259132579316,3,46.53792869355472,3,0
VEN-03464,65.74196154217832,2,68.229943844294,2,0
VEN-03465,83.76679124227299,2,58.89863995315002,3,0
VEN-03466,38.820561422166165,0,71.7738563153708,3,0
VEN-03467,42.09171407834889,2,6.177170689085428,3,3
VEN-03468,63.33262889946574,3,25.222766951637663,3,2
VEN-03469,20.11186436851692,2,51.338374476222526,2,0
VEN-03470,16.274451456397276,2,53.9514138722364,1,0
VEN-03471,72.25771457331572,2,38.41557558119729,2,0
VEN-03472,16.025232207804585,2,35.9938307973754,6,0
VEN-03473,42.97400329475947,1,67.64538093605996,2,0
VEN-03474,38.57379975942384,1,86.69187876844467,4,0
VEN-03475,28.86377244361481,0,48.24339048670523,4,0
VEN-03476,22.8055709655555,3,49.91637798415999,1,0
VEN-03477,27.2664051170547,2,67.08046880333023,4,0
VEN-03478,28.082642234109016,1,6.628398530112103,8,1
VEN-03479,39.5893904098816,4,56.58095191981085,3,1
VEN-03480,62.0331567906547,2,72.73021758657823,5,2
VEN-03481,30.61597856025901,0,34.04801824615674,3,2
VEN-03482,22.276999507002248,0,27.17586252156121,2,1
VEN-03483,8.235599065419965,1,53.913415990651536,2,1
VEN-03484,72.96115399569295,5,29.94336768547247,3,1
VEN-03485,24.050359190669177,3,21.545991187352744,2,0
VEN-03486,31.190558222903555,1,52.08077024792989,3,0
VEN-03487,71.99386267872974,2,17.250101291632834,3,1
VEN-03488,36.83809442658384,4,29.51902437157604,1,0
VEN-03489,15.56873718853176,0,32.823675353496455,2,2
VEN-03490,78.77685502669345,2,42.3998830360086,3,0
VEN-03491,46.97018393727526,1,60.03283953675673,3,0
VEN-03492,46.70492340684131,0,26.52891780704312,6,1
VEN-03493,60.759374943869695,2,10.516033158033098,3,0
VEN-03494,72.77499042054403,1,24.187765604889425,7,0
VEN-03495,42.69630307359114,1,58.55553237842337,1,0
VEN-03496,34.856404458112884,3,49.25304108227081,2,1
VEN-03497,78.09398955309074,4,42.5722037202089,2,2
VEN-03498,49.84352349161929,3,11.758957643742969,4,0
VEN-03499,17.69141185578024,3,58.03748414782375,4,0
VEN-03500,81.38564406945147,2,59.48285220346252,2,1
VEN-03501,55.81232428871208,2,21.645825157965543,2,0
VEN-03502,18.73804229147908,1,47.8470872153111,8,0
VEN-03503,15.75941472566068,3,50.99542115873018,4,1
VEN-03504,9.275822141928607,1,18.98891234289657,5,0
VEN-03505,33.922039573248604,1,65.47156885163325,3,0
VEN-03506,27.635923808545225,4,42.152506725264885,2,0
VEN-03507,35.67151637047618,1,12.441997157540449,2,0
VEN-03508,33.226288343492506,3,49.28760758538751,2,1
VEN-03509,48.831641116666816,2,24.039007550988664,3,0
VEN-03510,32.06101993780705,2,7.425403912621588,4,1
VEN-03511,61.67814811777363,1,35.18819437310945,2,1
VEN-03512,21.5849027859479,3,28.434124049584423,3,0
VEN-03513,27.105856508190524,2,18.315828015545367,1,0
VEN-03514,57.99747983726857,3,23.53111889538408,4,1
VEN-03515,35.58514952542775,1,55.30422330245347,4,1
VEN-03516,29.86693990862175,3,61.42500655578558,3,0
VEN-03517,49.80088404019343,2,44.17778762146807,6,1
VEN-03518,73.169709189046,4,26.09134886950012,1,0
VEN-03519,9.125046332398204,2,42.685643902965765,2,0
VEN-03520,37.30389680858458,1,45.85106124852151,4,1
VEN-03521,40.087597867175646,3,21.33785561496313,8,1
VEN-03522,41.83074761849436,3,27.66661399284656,1,0
VEN-03523,6.712631021346158,3,49.743738311884975,5,0
VEN-03524,13.696061266846764,2,49.91429830857336,3,0
VEN-03525,55.07033828113315,1,52.61843166360055,4,0
VEN-03526,41.116567489738834,3,73.63409612942517,4,1
VEN-03527,31.776538472236822,1,57.0683563836378,6,2
VEN-03528,30.955966834347613,1,55.59636423053822,3,1
VEN-03529,56.50548659324325,3,47.412388657024366,2,1
VEN-03530,44.52483074183973,3,20.7429352635109,4,0
VEN-03531,31.15570041935312,2,48.852840703949,4,1
VEN-03532,56.93491774972195,3,63.4934340955542,2,0
VEN-03533,32.57480189367794,3,31.178882650944978,6,0
VEN-03534,26.572782786098,1,33.16759886899624,4,0
VEN-03535,5.24215378224566,3,66.85725121316447,1,2
VEN-03536,6.98515658656315,1,50.06801015327157,3,0
VEN-03537,75.23490135990082,0,3.3900966737458376,2,0
VEN-03538,63.05332092641016,0,32.02295217730044,4,0
VEN-03539,77.10394195750567,1,57.75102059133956,0,2
VEN-03540,21.56917941371539,7,43.31521585958165,2,0
VEN-03541,38.502983390691455,2,50.47758485598022,5,1
VEN-03542,26.054603680548272,5,63.060844106005256,4,0
VEN-03543,9.14391247024459,1,26.543612868837457,1,0
VEN-03544,24.69821987956637,1,27.206211633541734,7,3
VEN-03545,11.815619876324584,4,59.34049253382456,2,0
VEN-03546,27.083492062106124,1,53.21045007926992,3,0
VEN-03547,28.22878131055984,2,7.852776373686347,2,1
VEN-03548,9.609830941234836,1,60.75962830898366,2,0
VEN-03549,49.38628861621143,1,21.290618809488564,1,1
VEN-03550,46.11468574530282,1,23.283045516693733,3,1
VEN-03551,58.607963003261546,0,42.77158728358814,5,0
VEN-03552,40.92484353292551,2,49.94153825301056,4,1
VEN-03553,45.37714742993565,1,75.83524481822968,2,1
VEN-03554,29.976505183471275,1,45.80151117926935,7,0
VEN-03555,62.73703117325688,5,66.26562074230829,1,1
VEN-03556,7.8667657873622066,2,13.222202596688035,3,0
VEN-03557,20.56053648727229,3,48.206453151918566,7,1
VEN-03558,24.59402078374852,0,31.56181066785989,4,0
VEN-03559,37.9138977962333,2,55.31927526967584,3,0
VEN-03560,49.60281149888603,2,64.7433130018394,2,0
VEN-03561,26.89440703874804,1,30.673994969980168,3,1
VEN-03562,21.836578183921823,3,45.26600476505664,6,1
VEN-03563,38.025416403653466,6,47.02149625233444,1,1
VEN-03564,29.433348587012546,4,44.62812617358757,4,1
VEN-03565,28.884512710278383,2,49.757354592198034,4,1
VEN-03566,35.765546168694854,5,22.17154523426682,5,0
VEN-03567,47.25454410844836,0,35.423404866473405,0,0
VEN-03568,34.75465130864308,5,40.47635470266988,2,0
VEN-03569,64.96073232328705,4,47.25331213800938,5,0
VEN-03570,9.944036016822,3,36.146831825933,2,0
VEN-03571,42.99086024576803,3,69.62632033663681,3,1
VEN-03572,10.18244756303634,4,69.36834835912215,3,0
VEN-03573,69.12402124624832,3,54.36719354581568,5,0
VEN-03574,30.60349731226762,1,66.84053652865076,4,0
VEN-03575,35.50047697934347,2,24.346546723435697,2,0
VEN-03576,66.23717182023454,0,54.58950137225245,3,1
VEN-03577,46.49716923319651,0,48.65822038493279,5,0
VEN-03578,83.30582401014858,1,65.62619121552795,4,0
VEN-03579,30.18090396085156,0,67.78829585846654,2,0
VEN-03580,67.24740262884853,4,22.5375459206623,4,0
VEN-03581,45.85744332362578,1,37.34381147570138,5,1
VEN-03582,84.52710872681179,1,61.98894129637541,4,1
VEN-03583,60.963977094105125,1,41.25365504301311,2,2
VEN-03584,71.08678273675814,2,30.53461184252803,4,0
VEN-03585,8.155794135010222,3,62.0004474292364,2,0
VEN-03586,34.886679733547574,3,71.39460025444589,2,0
VEN-03587,33.39290114123205,1,35.96025047347931,1,0
VEN-03588,55.03370642103378,5,71.61594973104887,3,0
VEN-03589,58.54792359429788,1,31.284619184173472,6,0
VEN-03590,24.003872183365942,0,43.98749303145627,3,0
VEN-03591,48.58790013229965,1,32.389906022494486,2,1
VEN-03592,53.57950316928572,1,16.683778269575907,2,1
VEN-03593,46.10715668985459,3,34.43243356681834,3,2
VEN-03594,53.71402052721472,1,95.29266582028586,0,2
VEN-03595,70.92146097176301,0,54.36638520637298,6,0
VEN-03596,34.01824899914074,1,28.52406799135328,3,0
VEN-03597,11.733779533237511,2,49.69305708172112,4,0
VEN-03598,37.128424630530645,2,37.99041710631725,4,0
VEN-03599,72.91504738466044,3,61.89056339529768,6,1
VEN-03600,11.702679001208322,1,43.34485817138693,1,1
VEN-03601,5.590019230905158,2,51.96814402314816,3,0
VEN-03602,45.67776264850112,1,13.665121543337763,0,3
VEN-03603,25.078518196007444,2,55.323103231737306,5,2
VEN-03604,36.863389420913926,1,14.5716051393924,5,1
VEN-03605,41.36227043464905,0,14.771555382266092,6,0
VEN-03606,29.439056277047204,5,18.401582428407945,4,1
VEN-03607,47.35532442983608,1,30.923420478613394,4,1
VEN-03608,55.00810368442126,2,13.808201918727349,3,1
VEN-03609,25.61795337502503,2,51.62683301266655,2,0
VEN-03610,19.572984869238475,2,87.72847358043533,2,0
VEN-03611,17.026809798967783,3,70.50667709327715,2,1
VEN-03612,28.913214838305013,2,51.286258879689626,3,0
VEN-03613,16.686791191033045,2,25.082023748674224,3,1
VEN-03614,15.83493519302718,1,55.85246152110619,2,2
VEN-03615,72.60584783568986,1,42.81308135860043,4,0
VEN-03616,28.573383630405623,3,11.187580896788464,3,0
VEN-03617,36.00596506349836,0,41.42503782126498,5,2
VEN-03618,86.05622592801195,2,45.90854728436049,3,0
VEN-03619,55.09461719590845,2,13.94158868752907,3,1
VEN-03620,68.37949893900635,4,37.198609704876645,5,1
VEN-03621,6.2736080762297215,1,43.68121187527921,2,1
VEN-03622,20.171346946560647,3,41.53438083010105,2,3
VEN-03623,42.312962080660725,2,41.16410451314338,3,1
VEN-03624,29.97338301541014,4,33.540996046894534,2,3
VEN-03625,65.54980659649598,2,23.994600721019573,3,0
VEN-03626,87.49891532270358,0,90.33942750470824,2,1
VEN-03627,32.07948978075324,2,16.588226895668623,4,2
VEN-03628,82.09588486028665,7,22.65967423978364,1,1
VEN-03629,78.68589027479351,1,58.576272839366126,6,0
VEN-03630,72.92025237339683,2,46.73793723148152,3,2
VEN-03631,28.188952046798693,2,54.95725416442727,5,1
VEN-03632,16.439188277154564,4,63.98564671907829,5,1
VEN-03633,71.94889817101804,7,77.7756848574921,1,0
VEN-03634,33.72101906199549,1,40.96190144937414,3,0
VEN-03635,88.44285418852832,3,22.1459768045625,1,0
VEN-03636,37.11283943340186,1,44.35414353278584,1,0
VEN-03637,20.08039308639841,1,46.67923545884193,2,0
VEN-03638,15.910869760002647,3,60.36456271986144,2,0
VEN-03639,12.876894032102438,1,43.521995011312406,5,0
VEN-03640,55.844697649728914,2,9.018345607702273,2,1
VEN-03641,9.403190463276228,1,42.5048267619388,2,0
VEN-03642,18.343691535675717,1,50.50521994363999,4,0
VEN-03643,30.485941954014656,3,79.75868102112341,3,1
VEN-03644,37.54563777967291,2,67.45649164842845,4,0
VEN-03645,19.06754161112922,0,27.30808600487257,3,0
VEN-03646,55.00558758382715,3,32.39014333303661,1,1
VEN-03647,68.74464777906181,3,67.28871599154093,3,5
VEN-03648,13.643603980642808,2,15.782042370492144,2,0
VEN-03649,15.21706754883617,2,74.44395647212605,4,1
VEN-03650,1.0,2,64.70353557302462,5,2
VEN-03651,68.69798423364728,1,56.33242067688431,7,0
VEN-03652,12.425960756438135,1,39.29260067756597,2,1
VEN-03653,35.14245687197862,2,43.22401006540205,3,0
VEN-03654,30.3047032538734,3,62.00060774212803,3,2
VEN-03655,62.09977101683083,3,71.7109234180868,1,0
VEN-03656,18.016177702125376,1,16.831090734803887,4,1
VEN-03657,22.236971179052546,0,47.44607921354581,1,1
VEN-03658,48.03820141188596,0,22.557859016912133,2,0
VEN-03659,3.692084850117322,1,47.0045404580182,4,0
VEN-03660,16.387271822199615,1,20.85916703808144,3,0
VEN-03661,39.49728447230664,1,77.31271113745954,3,0
VEN-03662,23.06916030168295,0,43.147914619526354,3,1
VEN-03663,44.22450609097428,2,60.35690647639069,3,2
VEN-03664,10.907764219642123,3,90.83805946287636,0,1
VEN-03665,28.195443651980057,3,69.46749972014462,2,1
VEN-03666,23.2472423901073,2,60.42900020450115,1,1
VEN-03667,49.64460918849551,0,54.24257652626635,3,4
VEN-03668,65.56839296749217,0,50.05740826268144,3,1
VEN-03669,39.45675788358039,3,61.47902728202409,5,0
VEN-03670,23.349339556920604,2,42.22460993613487,1,1
VEN-03671,3.679143875011196,0,81.21872115254449,7,1
VEN-03672,26.613460356138003,4,14.59461804623221,4,0
VEN-03673,16.38922445251376,4,51.89853335790998,4,2
VEN-03674,45.21749490859311,5,24.783701164461167,4,0
VEN-03675,47.99868839675786,1,34.12779415732538,1,0
VEN-03676,73.0531705312692,3,90.75503887457988,8,1
VEN-03677,16.35844145522603,4,73.83709859183736,2,0
VEN-03678,56.64490047937997,0,49.945858333172566,3,0
VEN-03679,25.50673972664292,2,8.493729415752627,4,1
VEN-03680,60.88361138083245,1,22.786090790647005,2,0
VEN-03681,21.24432144113039,4,14.719140584714498,2,0
VEN-03682,84.1581177588329,0,78.01426255294442,3,0
VEN-03683,59.97695197678657,1,28.84166753326184,0,0
VEN-03684,11.258159479161328,1,81.12245497659623,4,1
VEN-03685,30.529553514779128,2,26.71177996961412,1,1
VEN-03686,21.53471005848955,2,68.39533889135456,3,1
VEN-03687,71.70270321884222,4,38.66412863594957,6,1
VEN-03688,23.844867746899848,1,54.06810674575282,3,1
VEN-03689,7.014363439964351,3,54.40992173481993,5,1
VEN-03690,46.143509569575095,6,30.71950166061451,5,1
VEN-03691,67.75546941756555,1,56.23853516455256,6,1
VEN-03692,47.54876395726553,3,60.93640288368452,5,1
VEN-03693,8.504842758238052,3,58.304191932748765,1,1
VEN-03694,41.61040853303444,1,28.47738054576673,1,1
VEN-03695,24.14949893893555,0,44.57255916479346,3,3
VEN-03696,19.190169607536653,1,37.54575819559912,6,1
VEN-03697,17.368965933876535,3,36.465404629373054,6,2
VEN-03698,41.5595541217543,4,45.6401642121734,3,1
VEN-03699,80.86646391137702,2,24.852582776992165,2,0
VEN-03700,57.81331665963818,1,44.18985765348158,4,1
VEN-03701,44.70349254745094,4,19.92142720911118,1,1
VEN-03702,23.433204733740432,1,81.7071754828645,4,1
VEN-03703,11.858159584924142,4,62.55622555173906,4,1
VEN-03704,61.34552611537936,2,42.30282146448111,1,1
VEN-03705,60.9755956938514,2,91.03509951594836,5,1
VEN-03706,16.844918852883104,6,41.04884872034141,3,2
VEN-03707,23.47636605988549,2,79.43325487203848,1,1
VEN-03708,24.288992206625128,4,44.10012833444025,2,0
VEN-03709,23.059580771191605,2,61.78363656878312,4,1
VEN-03710,41.83020921723834,3,29.0588859563351,1,1
VEN-03711,33.09064168506012,2,29.763383785683207,5,2
VEN-03712,11.599344588041168,1,53.30113255844508,3,3
VEN-03713,15.46999206436678,2,59.032643417522046,3,0
VEN-03714,28.529628988143653,1,50.530335803764494,3,0
VEN-03715,52.423358832553255,2,42.60418514865472,4,1
VEN-03716,94.50013487055328,5,42.67633808658243,1,0
VEN-03717,8.65791894595863,4,5.150776149693267,9,0
VEN-03718,28.24987865057168,4,41.66241958543935,4,1
VEN-03719,29.39401569937424,3,39.02081546807828,3,0
VEN-03720,59.5033890484501,3,63.577480277418,3,2
VEN-03721,59.67034039755528,6,37.49578893295883,3,3
VEN-03722,45.41516119011458,2,65.10475269750486,2,0
VEN-03723,48.55605158848274,2,65.7568863057578,4,3
VEN-03724,77.95368353051177,2,24.02657547629528,1,0
VEN-03725,59.846337152249774,3,52.09454797096763,4,0
VEN-03726,16.67603670765267,4,47.72211702049394,4,3
VEN-03727,50.75604187847739,1,37.56919940789357,0,0
VEN-03728,27.152836570534383,2,15.563591183741426,4,1
VEN-03729,51.5032354168444,1,38.2795595003676,5,0
VEN-03730,42.96597209632058,1,21.81793149562265,0,0
VEN-03731,53.15123075903598,2,41.83292643526298,5,1
VEN-03732,37.74337219988147,3,3.774178242678544,3,1
VEN-03733,27.218624395708066,2,37.6387462283865,6,0
VEN-03734,9.70748745914458,1,28.94095829969532,2,0
VEN-03735,28.937056234552827,1,94.15892256250144,2,0
VEN-03736,40.05585635683644,0,62.12783543640887,4,0
VEN-03737,55.3532602395414,3,44.723407763386255,4,0
VEN-03738,13.190823926931431,2,49.69647697237756,2,0
VEN-03739,43.17455564475126,0,60.92853611000248,2,2
VEN-03740,66.63364575943864,3,36.75217072520478,2,1
VEN-03741,8.854723485748494,2,34.83366771053685,2,1
VEN-03742,60.38352755354739,5,54.20405566496065,7,0
VEN-03743,41.842899925485625,1,74.0723321675909,2,0
VEN-03744,75.31437806150656,0,34.43386566791355,10,2
VEN-03745,54.42362075166409,0,84.82659826076909,6,1
VEN-03746,4.135752342548712,5,51.91905563327917,2,0
VEN-03747,26.061119658850014,3,69.20034936922642,5,0
VEN-03748,6.144123568749765,3,16.27014068571202,3,0
VEN-03749,26.23236320000383,2,43.89744266248163,3,1
VEN-03750,69.81848868339812,2,40.726158988604034,1,1
VEN-03751,10.70737193959369,3,80.04495314148885,7,2
VEN-03752,48.208793547310414,3,61.14012781834476,2,0
VEN-03753,41.6564158910303,3,59.91449531155438,6,0
VEN-03754,13.699960672165409,0,54.89367435931838,3,0
VEN-03755,38.742739718799605,5,46.07810063659385,2,0
VEN-03756,39.574059673963205,1,31.87644235025075,3,2
VEN-03757,30.856503239571857,4,53.968879804060265,7,1
VEN-03758,67.06224868672666,4,49.37400888798261,7,0
VEN-03759,80.98930106221137,3,17.354872338724515,3,1
VEN-03760,81.24810568956492,3,39.94914691792096,6,1
VEN-03761,27.64139835028269,0,65.34670473393386,5,0
VEN-03762,83.06611192835928,1,13.668622899633554,1,3
VEN-03763,42.142449261216754,1,37.92807877168588,4,2
VEN-03764,40.52718560755167,0,77.06458277811015,4,0
VEN-03765,58.09028161823231,0,24.70771677008355,2,1
VEN-03766,36.62240202402754,1,48.66529124928524,5,0
VEN-03767,9.854646670845687,0,63.13588342307202,2,0
VEN-03768,60.94139263929716,0,18.465537000902085,0,1
VEN-03769,37.22128091159848,4,35.849893149512695,5,0
VEN-03770,31.917825445347557,3,21.7935575953292,8,1
VEN-03771,29.988312427987367,2,25.755364799446344,3,0
VEN-03772,59.80892750675375,1,83.07595570547171,5,0
VEN-03773,44.98722901945637,2,61.49269183775652,1,0
VEN-03774,17.088188199960477,0,49.2435417376005,4,0
VEN-03775,7.823669091847975,1,42.06045281332313,3,1
VEN-03776,32.89740132561793,2,67.77847239768595,1,1
VEN-03777,42.725653043427215,3,51.96202486834145,0,1
VEN-03778,11.060385316066377,0,41.97793456404166,3,1
VEN-03779,68.16085022523427,3,61.2079242078916,1,0
VEN-03780,27.78661003797004,5,25.93255700332576,3,1
VEN-03781,45.02158155064932,0,83.22867243420721,2,1
VEN-03782,54.356966167738186,4,55.11123276740274,7,0
VEN-03783,42.17496913536573,4,33.922399413852446,3,0
VEN-03784,72.83190011723451,1,23.392442720712246,6,1
VEN-03785,59.95849583402209,1,47.463660335456304,3,1
VEN-03786,77.18593281494984,1,49.29849817888737,1,0
VEN-03787,78.57252970431897,0,78.07789959928422,0,1
VEN-03788,13.25444735643844,2,57.66092379484736,4,1
VEN-03789,73.24586608517984,1,55.074797391845244,3,0
VEN-03790,34.843840047242,3,19.06273572075343,3,0
VEN-03791,34.714285589483886,2,34.36289948253231,3,0
VEN-03792,66.34209956558851,5,23.047726371853795,4,0
VEN-03793,84.36978278801178,1,80.45088232912295,3,0
VEN-03794,29.34533423962024,1,14.50573546233479,5,1
VEN-03795,72.80138572999351,1,33.1288203982067,5,1
VEN-03796,47.19124479675267,1,57.34333957150476,3,1
VEN-03797,39.84174777774823,3,39.89431126342016,4,0
VEN-03798,42.49940411202006,0,36.71836578751046,5,1
VEN-03799,54.82467260005489,2,77.8468005956618,4,1
VEN-03800,53.77244996350644,1,62.049394222666855,2,3
VEN-03801,37.61009387048863,1,38.48042568552101,4,1
VEN-03802,49.33088529867357,3,3.491022215699862,6,1
VEN-03803,9.158066220074693,1,42.99379730213471,5,1
VEN-03804,45.32529239221616,2,53.46561130984811,4,1
VEN-03805,50.8759029015159,3,16.03126849209813,4,0
VEN-03806,14.697142926009391,2,48.6881693303968,0,1
VEN-03807,28.06671695353669,2,10.380410116544091,0,0
VEN-03808,20.8108891513313,3,45.39920606392408,5,1
VEN-03809,58.31925648003661,0,75.78900256734806,6,0
VEN-03810,16.807878703122633,2,78.7336269426528,2,2
VEN-03811,56.75156531504357,2,32.75408415856968,7,0
VEN-03812,47.89021097849254,3,23.423965135137927,6,0
VEN-03813,51.46749295071247,1,60.874377726500896,1,2
VEN-03814,60.25625124809755,4,40.91383050326947,3,1
VEN-03815,43.74614786787001,1,77.1870157850041,3,0
VEN-03816,21.853316565657583,1,56.26056082476942,3,0
VEN-03817,64.89925919042847,1,31.368808638449668,3,2
VEN-03818,82.08860628804581,2,20.015670107808628,3,1
VEN-03819,57.91065037956993,4,39.36900665452034,3,0
VEN-03820,52.255767386000215,3,41.67364539040645,2,1
VEN-03821,94.22706892846512,2,45.68116961897568,4,0
VEN-03822,13.193326694986771,3,37.48841216628128,2,0
VEN-03823,33.55271794606799,1,40.83097429947169,0,1
VEN-03824,7.474116017704096,1,32.75594257067506,1,0
VEN-03825,13.595976138975658,1,25.547699065583817,2,0
VEN-03826,63.49007985907282,1,71.08825629883893,2,0
VEN-03827,60.46431465781957,8,37.56625384345298,3,0
VEN-03828,7.320036593306385,2,15.823203062622367,3,0
VEN-03829,33.04490871216168,0,58.62584439981935,3,1
VEN-03830,55.69663850972335,0,85.5364138968482,1,1
VEN-03831,32.044801550451446,1,27.34004585518115,3,0
VEN-03832,72.17705164252274,3,26.94527275488704,2,0
VEN-03833,45.91919475271688,3,73.6379405256953,2,1
VEN-03834,74.79466218268833,4,46.80571916798654,1,1
VEN-03835,47.22938314125391,2,26.07962471575977,2,0
VEN-03836,8.099003600677564,1,60.61700338682725,3,1
VEN-03837,78.06818676239922,3,16.824920708036217,1,1
VEN-03838,12.114095796634317,1,16.516321327382556,3,0
VEN-03839,54.20957962626288,3,8.225613865614148,2,0
VEN-03840,53.20752310590362,3,20.905381216937947,4,1
VEN-03841,45.86353445658129,1,46.40055002910008,2,4
VEN-03842,53.824607698781165,2,52.85086626034651,2,0
VEN-03843,70.78161222983661,4,29.121745134546188,2,0
VEN-03844,28.72041195669809,1,41.88131574479196,1,0
VEN-03845,10.141393195134592,2,55.09920602090486,5,0
VEN-03846,56.864730392753,3,71.17036287472556,4,1
VEN-03847,60.78269440059829,1,7.62938076413478,2,1
VEN-03848,43.549710224404,2,21.408556640808317,6,1
VEN-03849,76.21849851163994,3,34.495896375796335,5,0
VEN-03850,18.70563573663922,1,41.50741978465875,3,0
VEN-03851,69.77919921369933,1,33.424285149784595,4,1
VEN-03852,17.097324376571947,0,31.20457018262735,3,2
VEN-03853,44.97489765964307,1,32.21156194483347,3,2
VEN-03854,24.640067314989576,0,28.924071397356453,2,1
VEN-03855,39.192177329470034,2,60.6206960990997,7,0
VEN-03856,24.761773422574628,0,51.68350871241747,5,0
VEN-03857,56.75732411901655,4,23.47878550841679,2,0
VEN-03858,42.84696142767485,1,43.69997820242173,2,0
VEN-03859,28.798152233693585,0,16.694741492772312,1,1
VEN-03860,40.31581234649877,0,67.27135145324196,2,2
VEN-03861,91.63568102189603,1,36.92248915714384,1,0
VEN-03862,66.13795647230492,0,41.961195030916855,1,2
VEN-03863,25.75334113519649,3,36.71122478192402,4,0
VEN-03864,73.82492025672079,0,57.392622208836606,3,0
VEN-03865,45.05291867940236,2,68.04314226895728,3,0
VEN-03866,18.53310146856881,2,14.331460841072715,1,2
VEN-03867,33.55684037722327,6,44.58559436718269,6,1
VEN-03868,46.56316995368206,2,54.16340212261765,2,0
VEN-03869,79.78369023300264,0,54.86853320201167,3,2
VEN-03870,74.5849387842546,2,73.88227844003526,1,1
VEN-03871,63.70403189460328,0,69.21601427527439,3,1
VEN-03872,67.80215027564687,3,47.507533481333205,4,2
VEN-03873,71.05405695708976,2,40.021004166782426,0,0
VEN-03874,12.029167267603349,1,69.30013489932911,2,0
VEN-03875,34.49666885069625,6,39.62873846448477,5,0
VEN-03876,42.06666289667476,1,33.30579317871795,6,0
VEN-03877,47.824447653922455,2,7.953359029056216,5,0
VEN-03878,64.01370001250936,1,16.345579701286088,4,0
VEN-03879,56.60663479746068,0,69.17757727061601,4,0
VEN-03880,44.80632242138392,1,58.88997914854946,2,2
VEN-03881,48.62672710367289,2,41.88833932972808,8,0
VEN-03882,15.40478703580826,3,30.673683776935967,2,2
VEN-03883,18.009532985959012,0,8.13022993041157,3,1
VEN-03884,39.98468511067393,3,62.13563745637695,7,1
VEN-03885,28.91571176746512,1,43.051717262059,2,2
VEN-03886,45.90304055542149,4,62.4495603332451,6,1
VEN-03887,62.52988916496576,1,20.60401764256965,2,1
VEN-03888,29.09442641439899,4,36.62157722935287,4,0
VEN-03889,48.42860411775855,3,58.07104177810986,1,1
VEN-03890,47.25034005474272,2,46.60535225054072,0,1
VEN-03891,29.439773700022297,1,46.58837665480081,2,0
VEN-03892,79.15642508269845,2,38.99468388477919,4,1
VEN-03893,8.684193086346873,2,73.92909817873037,7,0
VEN-03894,45.73970829956295,1,57.81751651070126,2,2
VEN-03895,30.324810543270548,2,61.460909396846695,3,0
VEN-03896,69.60510481742585,1,74.50632258118507,2,2
VEN-03897,52.149662196696326,2,83.1901271636727,3,1
VEN-03898,45.11765699692899,1,15.832779457298775,4,0
VEN-03899,66.85517247842331,2,32.247428275816986,2,0
VEN-03900,7.62919912802927,1,28.596332836139176,2,1
VEN-03901,29.35750010696768,3,79.51875835329166,5,0
VEN-03902,38.96508821784532,1,52.42762771955275,1,0
VEN-03903,28.692648629478263,3,52.42148537684778,4,2
VEN-03904,70.65859060130599,0,12.75043338328994,4,0
VEN-03905,43.79493622455453,2,48.8691212786162,2,1
VEN-03906,55.42176963386204,4,43.14975874515044,5,1
VEN-03907,12.01837691243352,1,39.58074870339694,2,0
VEN-03908,42.1470830127162,1,39.87516173559476,3,1
VEN-03909,50.0126774175529,2,36.59896168955327,3,2
VEN-03910,35.22638389447916,2,50.02939203710957,3,1
VEN-03911,15.365582328227037,0,26.44107518580001,1,0
VEN-03912,22.295398624505516,2,80.87341179715408,1,1
VEN-03913,16.4533849402033,1,12.97984423871367,3,0
VEN-03914,36.79838558216348,2,56.06197880426439,6,0
VEN-03915,30.142736818214004,1,41.6825088484971,0,0
VEN-03916,23.492225993535488,0,31.137960831787517,1,0
VEN-03917,35.66481325389286,2,33.75949401228941,4,0
VEN-03918,5.12550866432187,5,56.2637884063038,3,0
VEN-03919,55.36146155119119,2,8.322702499412168,5,2
VEN-03920,56.01491922004181,2,59.81602727742313,3,0
VEN-03921,52.97283194040745,1,40.09021559844312,3,0
VEN-03922,29.85634286101692,2,76.36421221993865,6,4
VEN-03923,37.01897116597242,2,62.61598259144744,7,0
VEN-03924,23.43984118487416,1,81.9209151962885,1,1
VEN-03925,79.12517279111071,2,25.01182461962183,1,1
VEN-03926,23.97174691134224,3,56.7537063073932,2,1
VEN-03927,21.022887069905725,1,77.50311449853207,4,2
VEN-03928,18.27169858807452,1,79.480705208948,8,0
VEN-03929,6.260389062041974,2,34.62161194013877,3,0
VEN-03930,17.75333101814532,2,64.67962145813246,4,0
VEN-03931,38.68422280244549,3,46.34865543953025,5,0
VEN-03932,59.36747056421574,2,74.82411154646616,3,1
VEN-03933,40.25265965632203,2,54.028780567323686,3,3
VEN-03934,51.55958975138222,1,43.229882930120986,3,1
VEN-03935,60.63295342536856,2,48.943251874962,3,1
VEN-03936,29.975418173251583,1,66.8188657060217,5,0
VEN-03937,80.41431611071897,2,47.739652792266725,0,1
VEN-03938,36.40311178215636,1,37.5597385618351,4,0
VEN-03939,84.93465492891785,2,72.55286020382333,3,0
VEN-03940,41.934690899279616,2,20.638796479232425,4,1
VEN-03941,36.64405931294037,4,10.70951697470712,0,1
VEN-03942,79.09656452885385,2,27.88045244601125,4,0
VEN-03943,17.6227524141964,3,81.64959096678709,2,0
VEN-03944,27.212876545990355,2,40.31582165907414,4,2
VEN-03945,8.492808149259265,2,48.047111744554336,5,0
VEN-03946,17.174853996030702,2,50.93479656807575,8,1
VEN-03947,48.5007261137476,3,32.56865714189614,6,0
VEN-03948,68.24216550297349,0,41.086277199669965,2,0
VEN-03949,40.70646270370506,3,12.250389851716225,5,0
VEN-03950,3.795882928674679,1,38.236863010653565,2,4
VEN-03951,31.06959286735276,2,66.07699729600657,7,1
VEN-03952,32.20162732161035,3,28.93368697857831,0,1
VEN-03953,26.198003181394807,3,77.87197504336105,1,1
VEN-03954,8.254653867283036,1,59.3833713930785,2,1
VEN-03955,31.79593233431873,4,19.34082806215245,4,2
VEN-03956,43.6381528347058,2,44.81119113512722,1,2
VEN-03957,65.63603493666857,1,30.88807077759065,3,0
VEN-03958,24.460858007627724,3,39.06450901702569,2,0
VEN-03959,57.45223240279166,3,49.34308599404042,3,0
VEN-03960,27.08254142933486,1,64.38477474540983,4,0
VEN-03961,43.49821879379366,3,16.265124930615873,4,0
VEN-03962,41.74901224561143,1,24.989598105293563,2,1
VEN-03963,54.59464771574767,5,51.17896574240935,4,0
VEN-03964,48.07219446091584,3,9.820505779900357,2,1
VEN-03965,55.63568725391923,3,54.30712226050952,1,4
VEN-03966,55.571549834181496,1,45.14775386055862,4,0
VEN-03967,50.3730706859326,1,30.642784493443404,4,1
VEN-03968,30.776236402431245,2,44.697261783819805,4,1
VEN-03969,27.07727906232989,2,53.9943103388746,11,2
VEN-03970,24.31142468613966,3,66.8648214358214,2,2
VEN-03971,57.45966180026281,1,45.47006866466285,1,1
VEN-03972,38.39598157780777,0,46.88191899544513,4,0
VEN-03973,58.417930331747705,1,30.3342285975329,4,0
VEN-03974,35.99256484022567,2,74.68937561940372,3,0
VEN-03975,23.952333204100075,1,76.56893020393154,2,2
VEN-03976,73.11414746572454,1,47.12436391179745,2,0
VEN-03977,20.480965490095453,2,74.76702432133163,4,0
VEN-03978,30.869957035507483,2,67.8497553573884,2,0
VEN-03979,14.118289996949972,2,39.95073791833616,2,0
VEN-03980,29.652450324041546,3,47.320896450660605,1,0
VEN-03981,67.29511841534371,2,41.184012624505925,3,1
VEN-03982,44.5441456471946,1,32.64211228263469,1,0
VEN-03983,26.47452887675629,3,26.06876705533286,1,1
VEN-03984,50.51072966455074,1,12.41466773981806,2,0
VEN-03985,21.75659099517518,3,85.76328591244844,2,3
VEN-03986,29.1852690279677,1,32.77213530393412,6,2
VEN-03987,14.842011864350509,1,35.59070538685518,2,2
VEN-03988,76.65710017175805,2,43.67708014227944,4,0
VEN-03989,19.554235363050708,3,13.24281999287232,1,0
VEN-03990,33.087331021460514,1,54.38502898312443,3,1
VEN-03991,9.374707588584108,1,73.96805759157706,4,1
VEN-03992,93.69359381909376,1,61.50035959559727,1,2
VEN-03993,54.05427399408249,1,59.70279461968088,1,2
VEN-03994,13.764700624887602,5,39.96370415254146,3,1
VEN-03995,30.7925955157736,1,22.37651425496271,2,2
VEN-03996,55.608524078464704,6,63.31093444412764,3,0
VEN-03997,38.26471150886103,0,38.515162358545766,1,0
VEN-03998,35.66887408297934,4,23.586567122051655,3,1
VEN-03999,16.766211505496752,1,19.375334756046872,1,1
VEN-04000,37.97575807756825,1,61.37274404347912,2,1
VEN-04001,74.71136981763374,4,58.49830197275846,6,0
VEN-04002,8.183310880855995,0,29.41653423092192,5,0
VEN-04003,43.89946906318597,4,51.34662276493316,3,0
VEN-04004,29.349370798510627,1,57.90693476660316,2,2
VEN-04005,33.49121417804877,1,81.98710909926614,2,0
VEN-04006,5.1078547352981,2,53.519462140273255,3,1
VEN-04007,42.578127621003375,2,14.201749923113775,3,2
VEN-04008,6.773112469070678,2,26.46486620213258,4,0
VEN-04009,18.195893002878535,3,69.05452074694625,1,0
VEN-04010,38.45267121443288,2,39.203205090416695,3,2
VEN-04011,9.670922467188756,0,14.883456581864872,3,1
VEN-04012,48.52969258770744,3,12.520555692899354,4,1
VEN-04013,13.193736008407017,2,30.96038913089921,5,1
VEN-04014,41.60183338389866,1,32.157509213487,2,0
VEN-04015,23.34550395081638,0,19.647326420638187,3,1
VEN-04016,55.90123698451702,3,75.53768379604826,7,1
VEN-04017,60.05859471145429,2,49.24042061447873,4,1
VEN-04018,41.55443278178024,0,41.172889567947415,2,2
VEN-04019,48.323833914840456,2,23.06137049220448,2,0
VEN-04020,37.61809477243103,2,66.78240454821179,3,0
VEN-04021,22.26649135142428,2,40.97359836076842,3,0
VEN-04022,52.453309297247145,1,68.27763318488,2,1
VEN-04023,93.24927149802946,0,34.25827238381039,4,4
VEN-04024,68.77715800257033,2,60.84750658290632,6,1
VEN-04025,52.85910903608433,1,9.341357995972244,1,0
VEN-04026,9.92456166180392,4,44.29416561446996,3,1
VEN-04027,30.6190946675084,5,64.10230798948542,2,1
VEN-04028,59.744458487312734,1,94.50432514864492,3,0
VEN-04029,23.628423835565567,1,22.97034677133693,3,0
VEN-04030,28.370379007195723,2,50.669265282360406,2,0
VEN-04031,33.61092198373088,3,75.70134780778923,5,1
VEN-04032,48.98724843796526,1,43.05055291926993,3,1
VEN-04033,27.19288462878065,6,64.89915849958479,3,0
VEN-04034,47.8577273423453,3,75.54717002939083,1,1
VEN-04035,25.08876870728677,0,33.75702021988922,1,1
VEN-04036,61.92573351601342,0,69.4456045857677,3,0
VEN-04037,10.889066626552754,2,31.67629152385641,9,1
VEN-04038,25.927733068495986,1,42.118708459742685,3,0
VEN-04039,45.56924634830803,2,72.98834140377322,2,0
VEN-04040,27.136032957851665,1,66.95769596430198,5,0
VEN-04041,58.7967598552944,1,43.72525672964937,3,2
VEN-04042,29.355861049737783,5,65.59511782755028,2,0
VEN-04043,37.60421497453486,3,11.282617701251132,3,1
VEN-04044,25.827861673129508,0,77.81771208775012,3,1
VEN-04045,73.20774509394835,3,56.097309029427976,4,1
VEN-04046,16.529840738503033,4,39.69278916803863,1,0
VEN-04047,34.55464160102768,5,57.32751470406669,5,1
VEN-04048,30.82184646619248,1,12.58339506497627,0,3
VEN-04049,8.094559701121153,2,79.13038784969044,3,1
VEN-04050,43.707673865444015,0,36.99759892434192,2,0
VEN-04051,59.88592045688655,5,22.839340330200542,1,0
VEN-04052,28.4802746128306,2,54.69135459397797,0,0
VEN-04053,20.01629575617824,3,31.32257295431209,3,1
VEN-04054,49.26496500311078,2,47.73812955216486,3,0
VEN-04055,13.59087290138461,5,26.34913800736832,5,1
VEN-04056,44.1356690147531,1,46.68694255015063,3,0
VEN-04057,77.24564940634447,0,43.60974558283235,4,1
VEN-04058,58.19175305382194,4,74.40982907147098,3,0
VEN-04059,41.57566440921829,2,50.23391214768469,3,1
VEN-04060,64.67201131919789,1,18.84427261405225,4,0
VEN-04061,19.111266876637327,2,52.005674876749794,4,0
VEN-04062,18.546345813477256,0,63.00544977387843,3,0
VEN-04063,36.43154458373362,2,31.27657367243651,2,0
VEN-04064,17.40027730460491,2,77.0070711961198,1,0
VEN-04065,38.19641702573434,3,66.43249628775875,4,0
VEN-04066,12.279787365705436,0,41.52122081205484,3,0
VEN-04067,49.0036677758058,3,57.58395027511395,3,0
VEN-04068,69.66073975509968,1,71.8412578345465,4,4
VEN-04069,30.535664963160947,3,23.57167723861787,5,0
VEN-04070,13.32492693043967,3,26.457520846496124,7,0
VEN-04071,16.90051233196598,3,77.44571640334965,3,3
VEN-04072,26.94983402395849,2,55.43504590518906,5,0
VEN-04073,18.755982987031835,2,34.80505785803362,2,1
VEN-04074,30.05261221966348,0,48.453106114396974,1,2
VEN-04075,34.78603900571922,1,38.534200191448456,4,0
VEN-04076,76.20284502285273,1,48.15983021330935,3,0
VEN-04077,61.34305718680969,3,83.43319521859188,4,0
VEN-04078,50.25593903351248,1,69.39620694971862,2,1
VEN-04079,33.501083052398414,2,76.55938393527279,4,2
VEN-04080,21.95853222162457,0,19.54472702253012,2,1
VEN-04081,63.116608225750056,2,58.52465655255455,6,0
VEN-04082,14.31542584022221,2,62.850894096357976,2,0
VEN-04083,15.24126719981727,1,74.15357936095394,5,1
VEN-04084,19.4521702538724,1,14.025543890768388,6,1
VEN-04085,26.06072323893966,1,94.4404755777628,6,1
VEN-04086,59.64817470577463,2,54.4975509075386,5,0
VEN-04087,3.9036280009229687,2,58.61413843949048,1,2
VEN-04088,47.76936229415451,2,41.560412302608334,2,0
VEN-04089,14.27325575803625,3,30.08194206410329,4,1
VEN-04090,43.60616507000623,1,18.473033148959328,3,0
VEN-04091,40.93935421764009,3,39.66258170822903,2,0
VEN-04092,45.00871814968162,3,72.87453819108384,3,0
VEN-04093,72.77446551773953,4,49.12771065669397,2,2
VEN-04094,19.47798757120989,3,56.9193543041593,5,0
VEN-04095,57.80167722533472,2,51.03726899302102,6,0
VEN-04096,52.18363191837796,4,23.38868241385262,2,0
VEN-04097,8.424531066287196,0,18.231336327916427,1,0
VEN-04098,37.29534084915498,2,66.60891682935309,2,1
VEN-04099,17.605863103536844,1,56.25622640448601,6,0
VEN-04100,40.110984398484526,2,86.86807288333011,5,0
VEN-04101,51.4987579160374,2,40.767981528137085,4,0
VEN-04102,28.06099625003111,3,71.97728044371961,2,1
VEN-04103,32.96586346397937,6,54.15627716788113,1,2
VEN-04104,21.20328189308024,3,16.49589307524603,5,1
VEN-04105,14.475475156156156,1,56.39088970386097,1,1
VEN-04106,19.222148164688463,2,81.14233093964204,5,2
VEN-04107,37.32953251689592,2,29.71211984599661,2,0
VEN-04108,22.397362307101535,3,47.65303027051514,4,0
VEN-04109,44.26370470459387,3,57.41178009307602,3,0
VEN-04110,10.17445291004169,3,20.9405480783778,1,1
VEN-04111,22.789563442403622,3,61.78062644146339,4,2
VEN-04112,6.827218077268602,5,54.29884632305038,7,0
VEN-04113,59.3971507683347,4,21.4982618109422,1,0
VEN-04114,47.364106447448194,2,29.95989148231372,3,0
VEN-04115,67.96559354434709,0,63.62596208080844,2,0
VEN-04116,62.81279117960351,1,64.25362056867807,1,1
VEN-04117,51.82717235211759,5,50.59487007305992,1,0
VEN-04118,34.82794684772932,2,65.42267887567562,4,0
VEN-04119,20.29921361888342,1,67.39357143064461,3,0
VEN-04120,17.6077623467327,5,28.861221343278917,2,0
VEN-04121,35.09589334518533,3,32.93377800976928,5,0
VEN-04122,31.77736846431201,1,43.50232058568218,3,1
VEN-04123,33.4523651902427,2,13.874851741074634,5,1
VEN-04124,10.484316242072184,2,46.412477123906,2,0
VEN-04125,29.218508564565735,0,65.0382958504007,4,0
VEN-04126,39.71037493915263,3,72.2893481604993,5,2
VEN-04127,31.17271907246969,0,50.20246616567887,2,0
VEN-04128,52.10587774523929,3,17.14110176501982,5,0
VEN-04129,50.25646036607898,1,50.74756141174689,3,2
VEN-04130,27.42448417313396,1,58.12284714441836,0,2
VEN-04131,47.78843089969237,1,48.34227859259093,1,1
VEN-04132,69.55155566885838,1,18.31693588716205,3,0
VEN-04133,33.30345797587643,1,53.794231857792205,7,0
VEN-04134,28.69587143278942,4,53.41988375054033,2,5
VEN-04135,70.25606083286281,2,45.03505953734776,6,1
VEN-04136,50.549798391056456,4,30.91385554408715,2,0
VEN-04137,60.5610921376836,2,5.832986608217686,3,1
VEN-04138,32.2643973917714,2,26.13655044466289,2,0
VEN-04139,34.00983211169598,1,30.41890000479071,1,0
VEN-04140,13.375061780319976,2,39.31376525114263,1,1
VEN-04141,14.83752438666302,2,49.95751984529607,3,3
VEN-04142,36.10980426548301,4,38.47375731471443,0,0
VEN-04143,26.72694279482785,0,29.32494165864406,2,0
VEN-04144,41.31300356240665,1,22.801567334526105,3,0
VEN-04145,56.573107653305286,5,45.727599875087066,3,0
VEN-04146,52.82808611856949,2,46.4316133557432,3,1
VEN-04147,69.69660961202115,3,47.71043792936182,4,0
VEN-04148,17.77326153444518,4,81.59059818259793,1,1
VEN-04149,17.002280426454707,1,55.39034439410975,3,1
VEN-04150,70.61307879892966,4,49.16415080780667,3,0
VEN-04151,11.13622099352855,2,56.23195587943189,3,0
VEN-04152,21.03451084172384,3,75.97149569370617,3,1
VEN-04153,17.34478277038256,2,47.67837857020576,1,0
VEN-04154,26.462704071959504,0,65.23329927095234,7,0
VEN-04155,22.98370886708785,3,83.77409929435696,3,0
VEN-04156,66.6070935321164,0,55.93997641971784,3,0
VEN-04157,41.33022890630347,1,50.27960182432327,0,1
VEN-04158,54.0862558722064,2,5.833867742710527,3,1
VEN-04159,43.26283890406967,2,25.973925608645644,2,2
VEN-04160,28.201746840689307,3,18.658537214255205,6,1
VEN-04161,14.647289056585963,3,65.62709401185934,4,0
VEN-04162,42.255406503440526,1,70.92344012393498,3,0
VEN-04163,49.73434578713372,0,31.858052090528965,1,0
VEN-04164,35.63909121354165,2,34.02346084114154,2,0
VEN-04165,60.576829899990734,4,43.75210621426939,5,1
VEN-04166,62.077711916455016,0,20.43437214744648,3,1
VEN-04167,15.383835519084258,1,61.84701853237782,3,1
VEN-04168,29.71619873726522,3,72.33675551063953,5,0
VEN-04169,34.40761364121664,4,58.77850874647861,2,3
VEN-04170,7.667273731318492,1,36.02136208137709,3,1
VEN-04171,65.71809868076508,4,49.03532240302138,1,0
VEN-04172,24.39829075926149,1,29.549705165581152,5,1
VEN-04173,25.921499793678382,2,53.23282738686168,3,0
VEN-04174,48.27428436747488,1,65.73631331818994,2,2
VEN-04175,66.56326021946941,1,43.01867398855294,0,0
VEN-04176,64.88588824073365,2,76.66778722287681,4,0
VEN-04177,27.67915489783425,0,14.18184943867132,4,1
VEN-04178,16.665552597443995,0,60.17577827192609,4,1
VEN-04179,29.895452877158345,3,36.95452967406689,2,0
VEN-04180,33.40274190270494,4,27.382077618131305,3,0
VEN-04181,51.87932062118179,1,93.259225454712,3,0
VEN-04182,49.72714388488665,1,28.623811851013908,3,1
VEN-04183,84.94153791746659,2,17.886157159677573,2,1
VEN-04184,39.77255546578333,2,51.37257504472893,5,1
VEN-04185,65.11597616724069,3,47.240711825830914,5,1
VEN-04186,78.493062870021,1,37.90442237753975,4,0
VEN-04187,27.315854802646214,0,50.31404208829811,5,2
VEN-04188,56.64043720851411,3,68.19310496394355,3,1
VEN-04189,23.3108345157446,3,66.51856345517983,5,1
VEN-04190,60.67685481268368,2,75.22980920046611,4,2
VEN-04191,15.079148759118556,2,22.648217963982344,5,0
VEN-04192,18.18576718010117,2,12.84145299060802,2,0
VEN-04193,69.25380007629757,2,32.19725955868834,7,0
VEN-04194,5.611676162753095,4,56.59986108153052,8,0
VEN-04195,23.01748914154067,3,3.7677892179440384,0,0
VEN-04196,22.06166144070525,0,45.50877215410285,5,0
VEN-04197,26.22715414472466,1,26.96841171912112,1,0
VEN-04198,29.099796494431256,1,32.3988508157658,4,1
VEN-04199,39.43887984612162,2,18.78709174249372,3,1
VEN-04200,21.517339821538982,0,52.148627278721705,3,1
VEN-04201,54.231220466357,1,58.15020902551347,4,0
VEN-04202,16.689797053340488,4,18.13686885301616,4,0
VEN-04203,33.28432461746217,2,31.380456530179394,0,1
VEN-04204,52.928343848745016,2,67.58759307124025,2,0
VEN-04205,48.63897572758796,0,73.51990548699708,3,0
VEN-04206,33.26029363124369,0,53.16104535960298,3,1
VEN-04207,62.917917491788245,3,17.339210388919923,4,0
VEN-04208,37.91824311603483,0,61.54447210635292,4,0
VEN-04209,68.47336773689533,2,54.2025593323721,6,1
VEN-04210,76.7158198258709,3,32.22989878895996,3,1
VEN-04211,20.77458959397837,1,41.33307636969659,0,1
VEN-04212,34.154590784021536,2,60.977946559458914,2,1
VEN-04213,25.258423281650373,5,73.82942513856713,3,1
VEN-04214,44.74868814295747,0,60.22181392554208,3,0
VEN-04215,36.530462240939976,1,13.492081143208988,3,2
VEN-04216,69.24761516862864,2,54.59930711173827,5,2
VEN-04217,19.730062239186203,3,70.45139421115678,0,0
VEN-04218,48.90891488291834,2,33.72575788780885,4,0
VEN-04219,15.622410768476996,2,26.922287228398297,6,0
VEN-04220,63.08333649841359,2,34.44236518508805,1,0
VEN-04221,41.12185847138114,3,67.7425653357551,1,0
VEN-04222,45.64460002440941,1,46.67269750940508,4,0
VEN-04223,24.53778951147093,4,70.9809102966593,3,1
VEN-04224,37.59443811242311,1,72.63766367593307,3,0
VEN-04225,34.64761250047619,3,87.23451390974259,4,0
VEN-04226,34.62025465679268,1,41.83580495005499,3,0
VEN-04227,37.08412760940482,1,46.596685258310885,5,1
VEN-04228,31.64813337471322,1,61.10128761454238,3,1
VEN-04229,59.28387185682503,5,43.146775681846336,3,0
VEN-04230,38.91151576768279,1,90.08307612761948,4,3
VEN-04231,85.01290550807967,2,46.42738745899072,2,0
VEN-04232,12.963947137779297,0,7.35593913719664,4,0
VEN-04233,6.46027429116088,4,27.919601842760493,3,0
VEN-04234,72.18952367131595,1,41.79590639547944,4,0
VEN-04235,20.91950022021458,5,30.22959735760276,5,0
VEN-04236,46.76503397809428,2,44.45671671035039,3,0
VEN-04237,29.60208331996843,0,47.46725638016045,5,1
VEN-04238,22.994127519306968,3,35.56237503874528,5,0
VEN-04239,65.05051144467635,0,20.97647128419289,4,2
VEN-04240,28.8606955420576,0,50.99822233996332,3,0
VEN-04241,34.2584437802585,2,53.92646429181536,2,4
VEN-04242,29.388340893716208,2,64.99317433522123,5,1
VEN-04243,20.85814070778015,3,52.6917226453837,5,1
VEN-04244,60.476787362185,2,36.26700663667079,3,1
VEN-04245,22.19096479779232,1,78.5217800757522,3,1
VEN-04246,32.14757685643461,3,54.2670303817188,0,1
VEN-04247,13.750173178238615,1,28.29458803781053,0,0
VEN-04248,30.76016497658592,6,27.183370351877407,4,0
VEN-04249,37.25649306726245,2,20.925078110234928,6,0
VEN-04250,19.43393637105136,1,15.99337959193756,4,1
VEN-04251,27.664685740569944,1,17.262266423288732,5,0
VEN-04252,42.67851897332464,0,9.121607566621238,3,0
VEN-04253,31.6649835445522,3,71.2149445865196,1,0
VEN-04254,35.03042743051466,1,44.81466485769584,3,0
VEN-04255,79.23203642595007,1,58.65409095710265,2,1
VEN-04256,40.4623967954542,1,35.63211973395577,1,1
VEN-04257,47.82847566868699,1,42.15339204730856,1,3
VEN-04258,23.705035250927253,2,45.22379231721816,4,1
VEN-04259,67.79703853160682,2,67.79988793884507,2,0
VEN-04260,14.909285742986675,1,25.80580985805536,2,0
VEN-04261,19.38199872133259,3,25.88053177805074,7,3
VEN-04262,41.02970935159681,3,47.93197674921076,3,0
VEN-04263,30.65738237337554,2,40.36214715738974,3,0
VEN-04264,45.75169484078513,1,56.14222171420467,6,0
VEN-04265,40.19676302777177,4,78.68867399024927,2,0
VEN-04266,48.51999382453524,3,32.32508737130389,3,0
VEN-04267,43.38735279442322,1,57.24619691585945,3,0
VEN-04268,52.52453775899957,1,31.58311830979112,4,1
VEN-04269,31.40830631305659,7,53.67378165256825,1,0
VEN-04270,23.11001009236819,2,6.831918323189884,4,1
VEN-04271,69.90196192722264,2,65.54857678901456,4,0
VEN-04272,2.924867533386708,1,31.850808171415235,3,1
VEN-04273,46.608665702706666,2,32.45909075620034,5,1
VEN-04274,9.081347824690123,2,58.60982338229204,6,3
VEN-04275,73.51219526486148,0,37.96709835527444,3,0
VEN-04276,9.504979877837789,2,21.359523805733723,4,0
VEN-04277,71.14263885110454,2,49.1845077179523,2,0
VEN-04278,26.9684111105846,2,21.3897980326136,7,1
VEN-04279,34.163905612348195,2,56.76281894435872,2,0
VEN-04280,58.04366467059767,5,47.964933889835365,1,0
VEN-04281,17.98383722249634,0,49.02623014892664,1,0
VEN-04282,34.755753101651635,3,45.949137044772975,1,0
VEN-04283,22.10746309937943,3,45.257868682156335,6,0
VEN-04284,32.062191767214,2,15.539347154535148,2,0
VEN-04285,17.813556841738666,0,67.43975014100556,2,1
VEN-04286,38.04672913253578,6,21.57028352379372,0,0
VEN-04287,59.66209111354491,2,46.15316129259922,2,0
VEN-04288,23.134471523523416,1,63.50400031429837,5,0
VEN-04289,20.474645041021905,0,40.23065729263356,2,1
VEN-04290,15.0501284521682,1,27.16798930090405,5,1
VEN-04291,41.890812221094215,5,68.88118214190901,2,2
VEN-04292,66.32815329669927,1,39.29768951149735,6,1
VEN-04293,11.960780151070228,1,27.884619272011584,5,0
VEN-04294,21.25259999594394,1,56.95504319169002,4,1
VEN-04295,73.8795685613056,2,46.59027068504788,1,1
VEN-04296,34.0642934545953,0,44.623959960310415,4,0
VEN-04297,8.245319106413417,1,40.34965029725501,4,0
VEN-04298,57.27064057452967,0,53.675545411186285,4,4
VEN-04299,10.201113996709584,0,45.75646140378711,4,1
VEN-04300,39.14906455055434,2,19.040145793616656,8,1
VEN-04301,79.88722574596477,1,28.63326131457169,4,1
VEN-04302,37.34860588362276,1,80.54504670119465,4,1
VEN-04303,37.005646531491344,0,23.3607939738187,3,0
VEN-04304,40.80165951063647,2,27.11860201490901,9,2
VEN-04305,43.44950238369246,4,88.53943430504187,1,2
VEN-04306,41.43833614425166,2,44.162937466237295,1,1
VEN-04307,23.00248250642852,2,61.42117708572789,2,1
VEN-04308,41.46182907083008,1,63.03299970368247,3,1
VEN-04309,41.024815250222304,0,26.12327328868516,1,0
VEN-04310,55.67144733296977,3,73.69632107616985,2,1
VEN-04311,68.39445816804506,4,61.02291833900235,2,0
VEN-04312,4.637785346339035,1,38.45313967596186,5,0
VEN-04313,46.45298172264427,3,27.934177048883203,4,1
VEN-04314,63.30168371161328,2,19.475068866725813,5,0
VEN-04315,51.00318379845108,2,57.46842314465926,2,1
VEN-04316,27.42212479183414,2,81.59380668895638,2,0
VEN-04317,24.12818935567372,1,52.36935964778191,7,1
VEN-04318,40.90658128013997,2,71.71874682780141,3,1
VEN-04319,60.47110246340267,6,32.95810228095656,7,1
VEN-04320,41.99051570118761,2,58.53989972488015,4,1
VEN-04321,33.78746422112391,6,50.22298671624591,3,0
VEN-04322,27.160141410640332,3,65.2754684580042,6,1
VEN-04323,25.498271750132417,3,38.381935542738425,3,0
VEN-04324,35.42086031387745,1,28.384834238078767,2,0
VEN-04325,43.74617151375067,5,37.65325192450739,2,0
VEN-04326,28.062890115269703,5,22.751051719843883,4,0
VEN-04327,21.392105931198422,1,65.61242656185128,8,1
VEN-04328,41.2864159328424,2,42.496092175248585,5,0
VEN-04329,45.51004800709768,2,72.16093919289177,3,1
VEN-04330,40.17313888120594,1,83.13421761545635,6,1
VEN-04331,65.26809367600076,3,61.59608226810603,2,1
VEN-04332,58.35993049371787,5,52.17624622962204,1,1
VEN-04333,22.02611946137141,1,37.472215770576994,5,0
VEN-04334,52.0130755607062,0,6.380372645647824,4,1
VEN-04335,19.050522216315606,1,39.04729082425831,6,0
VEN-04336,85.17154455400805,2,55.57318907104123,2,2
VEN-04337,23.164011313905387,1,37.61672422539652,4,0
VEN-04338,13.458365979018224,2,8.43112562795223,3,0
VEN-04339,49.812536125138095,2,34.3696732062588,4,0
VEN-04340,59.09248794221714,1,22.227401424665768,4,0
VEN-04341,46.7618390353089,4,79.36313494898744,1,0
VEN-04342,16.101223267246954,2,33.39831077311422,2,0
VEN-04343,54.745244833841824,0,35.213069230773854,4,1
VEN-04344,50.55454434245169,1,27.890629064828087,1,0
VEN-04345,36.38684829031567,0,84.62471971256006,2,0
VEN-04346,19.293899542607196,0,13.315185871253131,4,2
VEN-04347,25.43648192546196,2,81.20135729796652,2,0
VEN-04348,22.526067922190595,2,70.30224681224975,2,1
VEN-04349,29.040035715150324,1,50.52475747488665,4,0
VEN-04350,66.89121318391558,3,70.14114787735308,1,3
VEN-04351,58.29668997686133,2,30.985785588243413,1,2
VEN-04352,74.70452452914613,2,45.75407029880172,2,0
VEN-04353,36.40083470420129,1,38.08525261038015,3,1
VEN-04354,62.38078188607818,4,34.951843280111035,5,1
VEN-04355,57.95430668714096,3,81.97316027961385,3,1
VEN-04356,34.92780537037213,0,75.47922417224771,4,0
VEN-04357,30.34039392789663,5,67.0793439012288,5,0
VEN-04358,60.055179856872,2,73.48502891042314,6,0
VEN-04359,34.40656409563833,3,66.03299854426585,3,0
VEN-04360,21.92833186816365,3,55.50077635416654,3,2
VEN-04361,19.43683565197573,0,48.355502403975,7,3
VEN-04362,47.38860322750551,3,88.14987766111553,2,0
VEN-04363,59.2415281099286,3,13.14198990785019,4,1
VEN-04364,27.66386873924735,0,80.69185310743353,3,0
VEN-04365,69.12904398496492,6,37.27813427219511,5,0
VEN-04366,63.93390105350129,1,47.58630483390799,6,0
VEN-04367,27.20350932843511,2,91.40035484793758,2,0
VEN-04368,40.83558742278745,1,67.5068927838525,5,0
VEN-04369,62.66498492549136,2,60.91486178750989,4,2
VEN-04370,44.87561798136552,0,42.00661103833929,3,1
VEN-04371,43.58155250943319,6,82.38030587571585,5,1
VEN-04372,40.56411155965368,1,66.55111812346568,4,0
VEN-04373,36.6434944539288,3,84.2297422066495,4,0
VEN-04374,40.418880056378384,2,35.81240733405339,0,0
VEN-04375,60.39233257951528,6,40.93504561291045,5,0
VEN-04376,15.304121456438033,3,43.55886832537883,1,2
VEN-04377,29.012151184524853,2,19.65696136521412,5,1
VEN-04378,55.81825329238033,1,76.70569994512357,2,1
VEN-04379,45.91043884395496,4,32.92470267639705,3,1
VEN-04380,72.74369425779925,0,38.05341941838939,3,0
VEN-04381,59.9350444352562,1,57.31896132143955,6,0
VEN-04382,61.43521323394987,3,86.88537928760579,3,0
VEN-04383,37.608924592066096,1,81.76229500570675,4,0
VEN-04384,27.065107651041124,1,16.34016812134892,1,1
VEN-04385,34.19580745509136,1,25.27962826276726,4,0
VEN-04386,24.59767472985341,1,22.777217777519283,3,1
VEN-04387,28.2004999292351,5,53.75185655171995,1,0
VEN-04388,62.443364719235326,0,58.80406016178112,5,2
VEN-04389,51.63792353902215,1,20.54706454239186,6,0
VEN-04390,46.28532719106904,0,57.572698553446266,1,1
VEN-04391,78.57704564654672,3,46.58373909263495,3,0
VEN-04392,64.53255090330727,6,54.18074263546087,2,0
VEN-04393,6.674786246360571,3,54.62192422685143,7,2
VEN-04394,58.007689949986926,0,20.223388664102583,1,0
VEN-04395,40.19104066806588,2,14.908343724341638,2,0
VEN-04396,35.52312796348038,2,51.85627663904175,4,1
VEN-04397,48.22796749703705,1,51.5699941237236,0,2
VEN-04398,54.724416826696064,2,57.96242908777034,7,0
VEN-04399,36.9129760846238,4,70.43174297348293,3,0
VEN-04400,36.95870082106913,0,51.15766974695721,2,1
VEN-04401,37.592907074847,1,45.33989820630793,8,1
VEN-04402,61.88171382782247,2,43.37336552694689,3,2
VEN-04403,32.64023980194256,2,45.59960825070969,4,0
VEN-04404,29.685846909106235,3,37.17540923621416,3,0
VEN-04405,40.74711286895076,1,49.51242511803871,4,0
VEN-04406,19.705945359013963,3,57.00049803106404,2,0
VEN-04407,36.88504532413987,0,28.772221483135784,4,0
VEN-04408,33.13489131273889,4,17.169734017146386,6,0
VEN-04409,34.466279220507055,3,55.27976743339325,2,0
VEN-04410,67.65503789814704,1,29.99558911847763,4,1
VEN-04411,39.28830692428396,3,26.3069750770123,4,0
VEN-04412,37.74813025184692,1,81.90890102620352,2,0
VEN-04413,63.66381909452594,3,36.19060557290116,1,0
VEN-04414,42.427081986444406,3,56.44029132358398,2,1
VEN-04415,56.98361380050988,1,53.087969033800405,6,0
VEN-04416,47.73876198123493,2,44.86512530168271,7,1
VEN-04417,71.81892473903156,2,44.38680954224895,4,2
VEN-04418,27.3560493127886,2,53.60003604552558,4,0
VEN-04419,22.56195897857399,2,18.807428556529835,5,0
VEN-04420,48.2597819729267,4,52.569033460680046,3,0
VEN-04421,5.890058711665378,2,18.355113013558285,4,1
VEN-04422,28.383218550755213,2,58.77288916785584,4,0
VEN-04423,56.75008187568914,0,21.512566310253558,6,1
VEN-04424,54.39240803623431,3,33.3473665578247,2,2
VEN-04425,49.70801509307493,3,24.78756410836344,1,3
VEN-04426,43.54767695279704,0,23.792392509174636,5,0
VEN-04427,41.88585685286629,3,61.83952705378668,1,1
VEN-04428,16.847209470760454,1,57.931943924902384,3,0
VEN-04429,13.80853304011066,1,58.01641869557604,4,1
VEN-04430,37.3085716505374,3,38.28880784672416,0,0
VEN-04431,36.102732912414986,3,45.64466261142239,4,2
VEN-04432,34.343873174536164,2,25.29797024112685,3,2
VEN-04433,75.41088578461459,0,50.35642307407148,4,1
VEN-04434,39.10428542322599,1,69.33037037208256,2,0
VEN-04435,70.0519137713063,1,17.08479193581538,3,0
VEN-04436,21.816263334358588,1,34.17801168738099,7,0
VEN-04437,26.18386332799271,1,77.63126020851328,5,1
VEN-04438,15.944581052997872,2,39.496804904088975,1,1
VEN-04439,64.64741451900898,4,37.377237244555545,3,1
VEN-04440,47.96103348240389,1,65.40500372168985,2,1
VEN-04441,47.08426162003421,0,48.539076387350505,6,0
VEN-04442,57.57028532946923,4,14.497598030200916,4,1
VEN-04443,23.469106338630304,1,60.932126953220745,4,1
VEN-04444,29.03537416921545,1,20.69933202943112,7,0
VEN-04445,52.6050957996454,2,65.49258458246013,6,0
VEN-04446,24.996241028177018,2,28.01418143644801,5,1
VEN-04447,15.804568634750984,2,68.15589216123126,6,0
VEN-04448,89.73723254371912,0,45.9749582854052,2,0
VEN-04449,76.86263616180044,0,77.19205979490536,3,0
VEN-04450,57.255235731446064,3,43.212495155198496,7,0
VEN-04451,29.922007916238176,2,36.124796649974826,3,1
VEN-04452,23.09490015092414,2,66.00474282175746,2,0
VEN-04453,27.778906662414084,2,52.81390015587532,5,1
VEN-04454,60.14162343313812,1,22.629055762182865,3,1
VEN-04455,42.74772351791656,2,80.35591241537293,6,1
VEN-04456,62.94389909134593,0,59.26875966189292,2,2
VEN-04457,68.0749433273672,2,41.41520386547045,7,2
VEN-04458,8.31187173285139,2,39.77029752483045,2,2
VEN-04459,36.00210287943542,0,32.53671866097928,3,0
VEN-04460,59.394877352677646,2,37.20170428290236,2,0
VEN-04461,31.004562723480305,1,43.49933754747086,1,0
VEN-04462,25.634429046432032,2,46.52882323919382,4,0
VEN-04463,6.059971145091771,4,21.172700247622867,9,0
VEN-04464,39.36937834381315,0,62.982620090806606,4,2
VEN-04465,57.03458689751992,3,48.8002437752096,5,3
VEN-04466,16.10477463093497,3,35.59085880213503,2,2
VEN-04467,34.22598836938066,0,22.047531387357715,4,0
VEN-04468,74.32834780710391,2,72.73659723111965,0,1
VEN-04469,25.14260781864993,3,60.51179873792453,8,0
VEN-04470,37.41912871957877,1,76.07716375688187,3,0
VEN-04471,29.214904178769,1,48.50853238075168,2,1
VEN-04472,35.9147648958142,2,83.20895857772992,4,1
VEN-04473,50.07362435349649,6,34.961460690196795,6,0
VEN-04474,31.934872154492627,1,25.97945810892749,3,1
VEN-04475,45.31611080242083,0,31.409122433993105,2,0
VEN-04476,21.555062727300424,2,52.0219323555221,0,0
VEN-04477,63.96725683386008,1,66.46534381919115,6,1
VEN-04478,7.989764153819537,1,54.501018966853984,2,0
VEN-04479,52.09198608653932,2,31.82489866314862,3,0
VEN-04480,17.641300118385466,1,12.722049658618928,0,0
VEN-04481,23.87588360311577,3,79.3014651631325,4,0
VEN-04482,53.88758122419587,4,36.17456940749852,0,1
VEN-04483,31.85303925931714,2,23.835038796066076,3,1
VEN-04484,22.734697248145228,0,33.19624395774808,4,2
VEN-04485,33.31568201527037,5,62.42088283863496,2,0
VEN-04486,23.717584767609782,1,64.13069322394077,4,0
VEN-04487,45.244188385040296,2,37.54469478935161,1,1
VEN-04488,43.22386828794037,3,24.997807624672784,2,1
VEN-04489,25.460268986480784,1,43.968393268122334,4,0
VEN-04490,52.35522267082716,4,26.091798857488087,4,2
VEN-04491,58.56598908765191,2,58.33071915241531,3,2
VEN-04492,28.05166892004296,1,51.70525064629118,7,0
VEN-04493,22.203922679360502,3,6.5672843937352425,4,0
VEN-04494,15.2026577706352,2,51.76500282623488,2,0
VEN-04495,12.936295846755952,0,75.86701367817152,1,3
VEN-04496,9.561329664263267,5,44.80442746335106,2,1
VEN-04497,27.481949579524965,6,30.20293837064117,1,4
VEN-04498,12.77666134004019,1,66.5310005907327,6,1
VEN-04499,41.55321541329477,1,36.11352194176834,1,0
VEN-04500,58.66681987946092,1,41.83723157552103,2,2
VEN-04501,26.20145282613243,1,51.88486518548672,3,0
VEN-04502,36.77332207661534,4,64.37991278684365,2,1
VEN-04503,19.24132316162746,0,50.59841048999751,5,0
VEN-04504,51.66923847297538,3,59.45939402841879,4,2
VEN-04505,32.31650707792617,2,32.38118933093006,7,0
VEN-04506,21.90513434708237,2,14.128611339553828,5,0
VEN-04507,44.01042639893198,1,38.52296893305796,2,0
VEN-04508,14.169283019477955,2,70.84490206264918,3,0
VEN-04509,49.33749688743098,2,69.40595976354362,4,1
VEN-04510,28.50086855248297,1,47.950317106202775,1,3
VEN-04511,28.16553565059412,2,37.67647323369928,5,0
VEN-04512,43.61381783415632,0,29.71984940852886,3,0
VEN-04513,7.663290221264394,2,36.215968294492,2,0
VEN-04514,45.06051686210584,1,28.670272577025617,2,1
VEN-04515,6.962252238123915,3,57.96383712398124,5,0
VEN-04516,67.74282792458217,4,34.129259300085764,1,2
VEN-04517,86.10511741403346,2,36.73649091606891,2,0
VEN-04518,63.51111678153634,1,40.8218124338915,3,2
VEN-04519,82.08117372292489,0,79.60348574372692,1,0
VEN-04520,44.0887523400331,2,36.65568776379208,2,0
VEN-04521,54.85663436278969,4,14.803641513217364,3,0
VEN-04522,47.975972965022464,0,40.40902181088159,4,0
VEN-04523,17.946122720240993,0,53.46793140756101,1,1
VEN-04524,21.61648072797753,2,53.23758795157282,1,1
VEN-04525,13.977058558699074,0,28.565688074326527,3,0
VEN-04526,8.151408063423332,2,67.79186430962166,6,1
VEN-04527,39.20174667170019,1,75.08428040898607,2,1
VEN-04528,32.16108270181753,1,32.914002514636906,0,2
VEN-04529,52.98757275148082,3,46.074508295548505,6,1
VEN-04530,21.15232921462839,3,36.09719795709563,0,0
VEN-04531,19.267652188186705,2,63.99969527976364,3,1
VEN-04532,36.68804165771918,2,30.276788179256464,7,3
VEN-04533,12.53869426584582,1,46.793028749494205,7,2
VEN-04534,76.69586157161562,1,48.83387336127748,3,1
VEN-04535,50.35270078549253,1,42.43587643607752,4,0
VEN-04536,13.32786727609528,5,60.105316106568615,5,2
VEN-04537,10.03375739546528,1,70.35849126110372,2,1
VEN-04538,22.43877324083553,4,47.85999238643621,5,0
VEN-04539,68.23604757159067,0,62.60446388521558,3,0
VEN-04540,13.255978171663266,5,19.46464176245008,1,3
VEN-04541,19.66099194002591,2,29.64704574467322,2,1
VEN-04542,62.65403664564526,2,57.21741735214595,3,0
VEN-04543,22.77141068238374,0,72.34850441334139,2,4
VEN-04544,34.109882664550206,1,32.76841799284835,0,1
VEN-04545,56.29579608833061,6,12.506861760986093,4,0
VEN-04546,6.3526486486976825,3,22.86878104684921,3,0
VEN-04547,27.495002418815755,2,36.48982804740083,2,0
VEN-04548,23.41387154063504,1,20.76616405544356,1,1
VEN-04549,19.46145470658596,3,44.28569333568953,3,1
VEN-04550,26.07439957338635,2,73.32398111562732,3,1
VEN-04551,52.70809120022588,1,57.25327912055664,3,0
VEN-04552,67.77184922830911,3,66.87973792681277,5,1
VEN-04553,28.88740993402165,0,70.8675769356645,3,1
VEN-04554,64.97334132314427,3,45.06191281306249,2,1
VEN-04555,30.566302519285895,3,37.81365079117249,0,0
VEN-04556,69.17280120235694,2,43.84613582841519,3,0
VEN-04557,37.71154549672666,3,39.37625404854342,4,1
VEN-04558,69.45307359220998,0,21.335349179528976,6,1
VEN-04559,19.76451559011328,2,30.532174919636272,6,1
VEN-04560,43.37770116835062,2,51.85710849359511,3,1
VEN-04561,33.51525889481697,1,57.89120333726501,4,1
VEN-04562,46.8103897129791,2,13.790350545792418,3,0
VEN-04563,75.35197909347494,3,58.07346522751175,2,1
VEN-04564,18.35055679475405,0,83.05314886395382,3,1
VEN-04565,76.48133475868072,1,47.95378659495144,5,0
VEN-04566,17.86760432565631,2,65.26841217823733,4,1
VEN-04567,38.68773325551886,3,73.39878879505122,2,1
VEN-04568,22.141033800892348,3,11.824648866053955,1,0
VEN-04569,36.16971528885047,3,45.2278048886752,3,0
VEN-04570,56.42505116347463,1,28.63599398732017,3,3
VEN-04571,2.980941104668957,2,81.48013284776003,3,1
VEN-04572,53.33280312161421,2,57.22080484612133,2,0
VEN-04573,18.83224622945418,1,24.56757756202455,4,0
VEN-04574,62.2936609573166,2,64.70464558959415,2,0
VEN-04575,69.32341874448504,1,82.5701164402672,3,0
VEN-04576,38.49664892423756,1,51.89701997216313,3,1
VEN-04577,57.75646990687894,4,49.16569312134493,6,1
VEN-04578,53.67143662420296,2,35.520878403948295,5,0
VEN-04579,13.063807620465512,0,41.07968243643637,2,0
VEN-04580,68.80409620148443,1,54.64780490753402,2,0
VEN-04581,27.354928805278888,3,49.39045230412852,4,0
VEN-04582,65.2398474686279,2,43.90982955571439,5,1
VEN-04583,66.53296747546925,3,49.35929106313495,2,0
VEN-04584,32.143671888329564,2,56.254847779171456,5,1
VEN-04585,35.21859232550317,3,6.584572925917566,2,0
VEN-04586,52.01356281587596,5,39.26690735980459,1,0
VEN-04587,40.22865968056033,0,39.96310096221771,5,0
VEN-04588,73.2760158035018,1,75.59197353695927,3,1
VEN-04589,54.204355816016125,1,48.43172365894218,5,2
VEN-04590,44.0950666424455,1,50.82763900468203,1,2
VEN-04591,20.524077864533933,3,20.00889232240072,2,0
VEN-04592,33.46682189811163,3,37.706911286581565,2,0
VEN-04593,21.466445568985545,2,45.37518304163294,3,0
VEN-04594,43.226307598830175,4,29.906103658236702,4,0
VEN-04595,43.37478120385855,2,34.076983232749825,4,1
VEN-04596,11.748923361685264,5,41.73094886243714,2,1
VEN-04597,17.816217263277913,1,27.160639934155085,4,1
VEN-04598,39.47579627673948,3,53.57982964586896,4,1
VEN-04599,36.66159745705784,2,44.11585615383291,4,0
VEN-04600,32.04603894382127,2,52.686283838624014,3,0
VEN-04601,33.054361938748826,0,24.38454920339336,3,2
VEN-04602,26.154368428082552,3,67.81276700505308,5,2
VEN-04603,37.93343420139274,3,69.52901819643193,3,0
VEN-04604,10.647192884389694,1,39.65771557399982,2,1
VEN-04605,30.564147304226815,1,77.5202523969752,3,0
VEN-04606,37.97354726723602,4,24.43475950351378,3,1
VEN-04607,21.71766103706394,4,18.9124676806833,2,0
VEN-04608,9.276989095288435,1,69.6634246632543,8,2
VEN-04609,44.16244575235771,2,42.9097861313117,6,1
VEN-04610,27.20191420914559,3,30.34997049298565,2,0
VEN-04611,51.33155025408633,2,43.70148374577151,1,1
VEN-04612,65.82361787938085,3,63.08725192955985,3,0
VEN-04613,71.94710895471687,4,39.74097527699803,2,0
VEN-04614,24.016764931407387,0,57.76598420589287,0,0
VEN-04615,43.33292681134935,1,32.63638943916618,4,0
VEN-04616,70.50726153808178,1,26.072687322654865,2,2
VEN-04617,41.36514416140823,0,28.29228343948813,3,0
VEN-04618,26.04170519946305,4,74.87011985544461,4,3
VEN-04619,34.208582547657706,6,35.35651933480705,4,1
VEN-04620,75.12328062590963,4,26.366732616646,2,0
VEN-04621,26.1521031162948,3,57.57774713183904,4,1
VEN-04622,4.557675997828836,1,60.91377223277479,2,0
VEN-04623,69.75656661854386,4,8.515486867343256,3,0
VEN-04624,30.72247121243817,0,30.702945128767684,6,0
VEN-04625,21.04949155978364,4,17.88935826816728,4,1
VEN-04626,10.913195659034407,2,23.856583551758064,4,0
VEN-04627,13.106688629769163,1,37.74309870355522,6,0
VEN-04628,58.81573062751156,0,60.048784482953685,4,0
VEN-04629,31.779283292644315,0,68.09836006854142,6,0
VEN-04630,17.280780679781472,3,61.2605483944664,3,0
VEN-04631,71.00770155623567,0,33.08258160075381,5,1
VEN-04632,66.958432266229,3,68.9451801494327,3,1
VEN-04633,45.56568142087114,3,36.530565278327856,1,0
VEN-04634,34.041848670734296,2,88.58303249226374,1,0
VEN-04635,64.8955357526929,2,81.28186596916204,5,1
VEN-04636,62.22832965922617,4,44.268457623232365,1,0
VEN-04637,31.81393312193319,1,56.949775260958624,5,0
VEN-04638,36.4463770156843,1,64.2560544962674,4,0
VEN-04639,64.18715203115617,2,80.85200958302833,5,1
VEN-04640,77.69490857708999,2,54.7554970936636,0,1
VEN-04641,48.79857747265366,4,8.517406589279188,5,0
VEN-04642,58.97759423528463,0,31.507087767060995,5,0
VEN-04643,11.148417662099146,3,51.02536337769779,4,0
VEN-04644,19.061514295204727,3,7.704121412435581,2,0
VEN-04645,42.38218151863787,4,21.506601220748237,2,0
VEN-04646,25.82810369790319,2,51.3506198459565,4,0
VEN-04647,62.87095695003529,0,31.30151549749227,2,0
VEN-04648,73.71116999963596,0,53.66821363579694,3,0
VEN-04649,54.48674110562609,1,72.07789713231493,6,0
VEN-04650,36.63627622769479,1,49.26815574713088,3,0
VEN-04651,36.09002648075153,4,55.12693441505391,3,0
VEN-04652,62.87235680332351,1,17.558918593381513,4,0
VEN-04653,55.982274519962736,2,55.40715562380946,0,0
VEN-04654,42.02486301486605,3,80.901830942214,1,0
VEN-04655,57.1427070792971,0,71.48474940781963,7,0
VEN-04656,15.146998421574938,2,79.40064428523452,5,1
VEN-04657,35.420528337348934,5,22.94446688323118,2,1
VEN-04658,39.86898878569829,2,56.25815206237368,2,1
VEN-04659,41.02017864502244,4,15.304624279394568,0,0
VEN-04660,45.20321392671504,1,23.028338762432544,5,1
VEN-04661,41.8192814243552,2,70.48528464917307,5,0
VEN-04662,52.9072354829805,2,54.74261971020243,7,0
VEN-04663,14.18749415667586,0,28.135036627730365,3,0
VEN-04664,42.103644804276975,1,56.53344160029625,4,3
VEN-04665,50.65807118443559,5,44.90403116914703,4,0
VEN-04666,70.88853390180651,3,42.797930009571935,4,1
VEN-04667,15.495537190926791,6,67.74420428569461,4,0
VEN-04668,69.42259195277938,2,16.432579222911937,3,1
VEN-04669,49.20824746244221,2,51.32441855424417,5,1
VEN-04670,17.876179040782247,1,60.221091841013305,3,0
VEN-04671,44.49060038071121,2,26.38113763231562,3,3
VEN-04672,36.04233213703198,3,49.84366869915081,1,2
VEN-04673,19.4168950519747,3,24.96392180280992,5,1
VEN-04674,67.74859288854431,2,57.77017113956086,5,1
VEN-04675,63.05523537919935,4,31.560482302422027,3,0
VEN-04676,43.00844192251156,0,26.762686950294636,4,2
VEN-04677,9.33759300649827,3,65.77643359426438,2,0
VEN-04678,20.17350604894858,0,58.21743011467903,2,0
VEN-04679,25.097044619589976,1,44.43336538601154,7,0
VEN-04680,12.336339014351282,1,64.90568081165505,3,0
VEN-04681,52.42804614327253,6,36.5828954009174,2,0
VEN-04682,42.44602458462774,0,33.204422946448254,4,0
VEN-04683,40.12429198593913,2,28.3978455644308,1,0
VEN-04684,28.64473142013944,1,25.689512585326973,4,1
VEN-04685,10.912959373430974,3,57.902163913192496,1,0
VEN-04686,43.45072947341382,3,83.90882287999962,1,0
VEN-04687,22.991574073102896,1,47.73329126213795,6,0
VEN-04688,50.65164825576848,0,27.17064971393732,3,0
VEN-04689,62.96904197321954,1,35.67222683165451,3,0
VEN-04690,35.2045452324394,1,56.09692626703789,6,2
VEN-04691,7.860091721154623,2,91.01844751358588,4,1
VEN-04692,15.033241829461112,2,50.58678339325341,2,0
VEN-04693,46.53464725799952,3,42.052646744518775,5,0
VEN-04694,55.0139900662013,0,38.579876946048365,2,1
VEN-04695,53.48602437924438,1,72.20630541776983,3,3
VEN-04696,57.15121213398309,0,35.174338834455874,4,0
VEN-04697,44.76618614051458,4,55.25298216147904,5,1
VEN-04698,78.49208686161865,4,50.27489654178681,3,1
VEN-04699,47.31469319378367,4,56.35227863798767,3,1
VEN-04700,60.37028844231358,0,49.723393841255245,3,0
VEN-04701,52.95502754955528,1,44.78605132307198,2,0
VEN-04702,12.415700338666966,3,14.664078797863109,2,1
VEN-04703,48.88342096204945,1,18.827368762952812,1,3
VEN-04704,61.68189500504079,2,12.955159628627513,3,0
VEN-04705,43.72519864739154,3,72.74520675921033,3,3
VEN-04706,22.53213479645496,0,40.16405125182431,5,3
VEN-04707,25.53230819194583,1,13.827076068546743,2,0
VEN-04708,63.70591564949777,0,49.2952893711691,7,0
VEN-04709,19.613473592272182,2,42.14991608738,6,1
VEN-04710,31.54232261153264,2,66.23211882305309,4,2
VEN-04711,13.861839556179469,0,39.35710110229971,6,2
VEN-04712,66.67677367830981,0,38.21318676743498,2,0
VEN-04713,58.73132731236613,0,48.88481451803003,1,1
VEN-04714,31.301129819570555,2,66.97714239052452,2,0
VEN-04715,15.686842269957252,2,18.045770887377547,1,0
VEN-04716,51.59682363241853,3,26.08939775079059,3,0
VEN-04717,22.351495229862834,0,14.921408267804932,1,0
VEN-04718,15.879501596475942,1,44.340602176816255,7,1
VEN-04719,12.425393133713929,4,59.17005334251705,2,0
VEN-04720,44.308698587397046,1,73.21777250003184,3,1
VEN-04721,90.23769716885003,1,74.1874449487848,3,0
VEN-04722,42.07548104852509,0,35.2831834329402,3,1
VEN-04723,29.72706303278207,3,67.02598235818607,3,2
VEN-04724,41.42666726817211,0,53.04059696065436,4,3
VEN-04725,11.994628195400992,0,53.8886572983486,3,1
VEN-04726,14.492551426430545,0,25.203754225468597,3,1
VEN-04727,54.01488748579779,3,53.02562225356869,5,1
VEN-04728,40.68188008563994,2,21.384934337456343,7,1
VEN-04729,13.546771889625628,1,14.349378162679196,2,1
VEN-04730,11.71086688099408,1,31.4709902428244,2,0
VEN-04731,21.880882033550204,2,48.87524222017356,3,0
VEN-04732,18.549508121194883,0,70.87668560214837,3,0
VEN-04733,42.547527699432,3,72.32729815986796,3,0
VEN-04734,68.0846197490969,1,91.03289622185306,4,0
VEN-04735,64.15167507185573,4,25.83754678274064,3,0
VEN-04736,73.26570145755112,3,48.83396280675583,4,4
VEN-04737,9.50192607842967,1,54.68580812501499,4,0
VEN-04738,54.78309378586715,3,35.753821805544845,2,1
VEN-04739,60.3464038823936,4,24.853957639535533,10,0
VEN-04740,14.481912156272134,1,63.490550276018745,3,0
VEN-04741,25.06878045144305,0,64.8183233381143,4,1
VEN-04742,29.08481627432008,2,52.0621951480976,1,1
VEN-04743,84.1956243544792,3,53.441332917347474,1,2
VEN-04744,22.300625723659216,0,68.37823631834914,4,0
VEN-04745,35.62888035606837,0,78.85882154931623,2,1
VEN-04746,22.42012603124383,0,41.45884065362097,4,0
VEN-04747,73.20560670192991,3,54.24602808870752,2,0
VEN-04748,44.80795673491164,2,52.91895827410813,4,0
VEN-04749,17.848269251698152,4,89.0405651023618,1,0
VEN-04750,22.634064963289912,0,39.894042038031365,1,0
VEN-04751,31.941080395413728,3,51.385800582077245,1,3
VEN-04752,61.82928371107516,3,79.4306124035081,2,0
VEN-04753,48.02139895462522,2,84.32560707580863,6,0
VEN-04754,64.38440432674537,3,59.16118593283601,4,1
VEN-04755,38.72526851053493,3,86.56624085998624,5,4
VEN-04756,37.40563655785661,1,63.65677859143708,2,0
VEN-04757,42.517010622814674,2,75.0109532901351,5,0
VEN-04758,54.1873767844725,4,29.49487484984682,3,1
VEN-04759,30.93493163964141,3,13.49873025749836,3,0
VEN-04760,41.12714564536746,4,27.934730773630484,4,0
VEN-04761,15.452576600013886,1,22.403655588550105,2,1
VEN-04762,39.68528845314335,3,55.28133274734939,2,1
VEN-04763,64.73136459328461,2,63.30725679630254,4,1
VEN-04764,39.44470278997359,2,56.96227832603379,6,1
VEN-04765,2.152667262816487,3,37.39594961664184,4,1
VEN-04766,43.87929300704471,0,69.91055428150413,2,1
VEN-04767,67.19178599165095,0,56.32814999257335,2,1
VEN-04768,15.80560077251752,1,34.01903311133784,1,2
VEN-04769,65.82870161015893,3,72.32638664302439,0,2
VEN-04770,22.6732943494076,2,30.3873450583787,3,1
VEN-04771,66.4783499961352,4,43.59651075810304,0,0
VEN-04772,8.369272583518605,1,78.17049149678866,4,3
VEN-04773,33.78749987813424,1,59.46117736836322,3,1
VEN-04774,33.95462685452757,1,22.75790294206683,3,1
VEN-04775,58.98145162811858,0,37.75865882036375,3,0
VEN-04776,66.18697241028582,4,44.82051484683207,4,0
VEN-04777,92.98302882038028,3,48.1118434882622,0,0
VEN-04778,24.54775075786073,1,79.564719023705,4,0
VEN-04779,47.78880451323656,2,28.31345437693787,1,0
VEN-04780,8.0272743787233,2,55.73759662224133,0,1
VEN-04781,1.845497673634256,5,61.953166007277375,3,1
VEN-04782,38.11911614821531,1,38.26280111659713,3,0
VEN-04783,15.017111056677232,2,62.75754171777788,4,1
VEN-04784,61.12494584897226,1,38.02826598646064,4,0
VEN-04785,10.153123202020604,3,40.64246681317093,1,0
VEN-04786,37.18574651374133,4,40.098754112420586,2,2
VEN-04787,84.17080755984163,1,33.13299962133964,3,0
VEN-04788,18.541380562415288,3,11.312944177921429,6,1
VEN-04789,32.42134591490732,0,64.36174505606769,4,1
VEN-04790,64.71291338880863,3,60.187902406434986,2,1
VEN-04791,9.34069744849865,2,42.8964343184884,5,3
VEN-04792,52.8623800248482,2,33.694885329012884,1,0
VEN-04793,46.16597563199304,3,24.34965125127613,2,0
VEN-04794,26.263795360979813,2,27.007884017675376,4,0
VEN-04795,45.94269587952546,5,42.14659615948144,6,0
VEN-04796,41.98395831839768,2,47.761991493674,3,1
VEN-04797,29.497223004349017,1,22.081765305247718,3,0
VEN-04798,36.981231670399,1,12.118349319697655,6,3
VEN-04799,51.11392074686826,3,36.12676397342147,1,2
VEN-04800,53.136158523852295,3,37.308993889831065,3,2
VEN-04801,26.477460714215717,4,25.0757496216005,2,1
VEN-04802,77.84762843265656,2,55.76177454113789,1,2
VEN-04803,41.11082354550186,0,33.256161413436246,3,0
VEN-04804,50.49358047175949,1,34.975981172963195,0,0
VEN-04805,44.10438135744013,1,54.006780805606304,2,0
VEN-04806,6.85442825700362,1,36.89132122580954,3,0
VEN-04807,35.349511715623585,0,29.139159206260302,4,0
VEN-04808,36.69461795996825,4,23.608799167286623,4,0
VEN-04809,7.382400653166203,3,25.6669131041478,1,0
VEN-04810,32.951822831324094,3,55.00778465174727,4,2
VEN-04811,20.65978814768418,5,72.07682420658068,2,4
VEN-04812,18.678499254730323,4,30.13693433930739,3,1
VEN-04813,36.05922780145654,1,10.399944795231043,4,1
VEN-04814,60.42862418904713,2,47.50707331150969,4,1
VEN-04815,23.865857706848,1,52.97806854110644,3,0
VEN-04816,31.393082758520976,2,50.36700261925775,6,0
VEN-04817,52.76662341932662,4,60.62214347899526,6,0
VEN-04818,48.47193068629951,1,83.38640768307289,4,0
VEN-04819,55.658981553098464,3,40.34734078634823,2,0
VEN-04820,11.239789954142104,1,28.862791958305333,5,1
VEN-04821,63.29967225044266,3,47.38457309008341,5,0
VEN-04822,30.754789044576235,3,73.21392511660503,4,1
VEN-04823,20.10424305252157,1,74.32711248481853,0,1
VEN-04824,36.008738749771844,1,48.80325052863827,3,0
VEN-04825,72.48743171604663,2,31.158185772537127,4,0
VEN-04826,60.47970959032428,0,52.84836249657496,0,3
VEN-04827,29.855815076247836,2,50.43054028339602,3,0
VEN-04828,39.13322308329493,1,47.47637239936572,2,0
VEN-04829,61.73000117257159,3,19.97246375520244,3,1
VEN-04830,44.8234863541692,1,38.52326767139182,1,1
VEN-04831,45.13605237071008,2,69.21376236031114,6,0
VEN-04832,31.74559107166325,2,59.51122005836788,5,0
VEN-04833,68.48292421123251,1,49.23002621950526,3,1
VEN-04834,33.41181825117899,2,52.85110723310383,3,1
VEN-04835,48.02405342117686,1,85.61683977846401,4,1
VEN-04836,17.510762027014987,2,54.71339786013096,1,0
VEN-04837,47.38158480004512,1,43.72580827886022,4,2
VEN-04838,10.174737912189771,3,45.556205458115365,4,0
VEN-04839,63.26981494165816,2,62.46896814288044,2,1
VEN-04840,13.81008510186791,0,34.68847323257948,1,1
VEN-04841,16.051146899396677,2,49.292506547169495,3,0
VEN-04842,53.968762353025554,7,45.66723819668156,2,0
VEN-04843,15.164368065238593,2,28.392645850158623,1,2
VEN-04844,33.883752230015816,2,47.4103424021109,2,1
VEN-04845,49.68496445335808,2,51.40632322073644,3,1
VEN-04846,31.31295278646462,1,60.7308506923425,1,1
VEN-04847,36.16623898574291,1,32.76946171295556,6,0
VEN-04848,38.39127811849344,1,58.87484161521092,3,2
VEN-04849,31.646246225542217,0,29.96090585285379,3,2
VEN-04850,33.91060601853238,1,24.913329828027997,5,0
VEN-04851,2.507524887236834,2,38.48286086912388,1,0
VEN-04852,61.46747229962364,3,68.2437458831554,4,0
VEN-04853,55.75147465749584,2,41.55751749764845,2,0
VEN-04854,26.290175990756204,1,20.468316519084954,4,0
VEN-04855,69.75749733666044,1,19.723515497884005,5,0
VEN-04856,31.822166579868465,2,23.58549159243737,3,1
VEN-04857,23.62165135160286,2,20.037970981884733,5,2
VEN-04858,63.05034178836147,4,36.92874942007115,0,0
VEN-04859,60.46359967479199,2,36.042594406727616,2,0
VEN-04860,31.73549355177902,2,83.9780739460502,0,2
VEN-04861,47.502006289130975,3,80.9498643819136,2,0
VEN-04862,31.01922281041854,2,35.44160150917917,1,1
VEN-04863,25.766921651734485,3,37.36975234339826,3,2
VEN-04864,42.23734379269149,5,41.87403944995104,3,0
VEN-04865,71.74281557535348,1,38.66816991736674,6,3
VEN-04866,37.4371020892682,1,36.43502235848777,4,2
VEN-04867,48.60308596535823,4,36.64369915339832,3,0
VEN-04868,21.26226172039556,3,19.406099674584013,2,0
VEN-04869,34.640444400846505,1,29.152715949836573,1,2
VEN-04870,67.77194386030607,4,27.80907135689657,4,2
VEN-04871,20.455792043543912,1,42.50965070449856,8,0
VEN-04872,56.64727774764282,1,35.042505138292995,3,1
VEN-04873,59.87960437051824,3,75.39555716594074,3,1
VEN-04874,38.45942326549075,2,58.47506000843258,6,2
VEN-04875,19.165653728579148,2,56.602031581694014,3,1
VEN-04876,67.17061410448227,1,8.937391961423122,3,2
VEN-04877,8.383533707240815,3,81.5280684319824,2,0
VEN-04878,71.3658968367109,3,42.21011608710683,3,0
VEN-04879,59.79264971306271,4,69.9842668221608,5,1
VEN-04880,2.620878001273474,4,66.2949094481778,4,0
VEN-04881,36.42754137439318,2,58.598659832642376,8,1
VEN-04882,25.102390128253276,1,42.8869717210051,2,1
VEN-04883,31.38229489574316,3,24.47558250128128,3,0
VEN-04884,59.449448602983935,2,32.71935510860586,2,0
VEN-04885,47.661013529524254,1,67.85041502282549,5,1
VEN-04886,21.74430263601393,0,75.23954855105758,3,0
VEN-04887,16.621127572130455,2,44.27372603479428,5,0
VEN-04888,52.35383225584389,3,39.57260022319723,2,0
VEN-04889,59.92925440639891,1,43.6490046550692,6,0
VEN-04890,37.45550347959114,2,49.03755065192586,7,1
VEN-04891,52.22350399287848,2,50.64663264681941,3,2
VEN-04892,66.47982465533708,2,62.57376407310484,2,1
VEN-04893,85.38483231996304,1,26.439644005812816,5,1
VEN-04894,16.637933755800532,2,45.980581014970696,2,0
VEN-04895,38.74268939111755,0,34.61628541136339,3,1
VEN-04896,38.37665779029791,2,42.4734952570326,7,0
VEN-04897,33.54268363762684,2,38.97298839561641,2,1
VEN-04898,31.06687248111492,4,44.10228644956382,5,3
VEN-04899,44.99727241380808,2,72.6430665016979,5,0
VEN-04900,17.529307884882396,2,46.12897680101957,3,0
VEN-04901,60.202864967906486,2,46.402441621788,3,0
VEN-04902,27.54373921903036,3,51.79869851355531,2,0
VEN-04903,41.36620873042746,1,65.97419301013092,3,2
VEN-04904,82.56643059351269,1,58.56766925471428,6,1
VEN-04905,22.01390084338397,2,78.03711331720137,9,0
VEN-04906,45.45565939641571,0,47.22753333282125,0,0
VEN-04907,40.71135418663428,2,31.19800448088431,9,3
VEN-04908,41.87115898656151,4,26.242536894508177,4,0
VEN-04909,55.86207072321394,1,24.687001492042825,2,0
VEN-04910,16.61125511832458,0,1.9511343179320657,4,1
VEN-04911,15.073064755048748,1,52.8569714347806,4,0
VEN-04912,43.82448340458116,2,27.71570525164473,4,0
VEN-04913,62.20940635881272,3,40.1659704170047,2,0
VEN-04914,55.658922450145184,1,51.5739927397993,1,0
VEN-04915,19.91828558350914,4,57.38496716486009,5,1
VEN-04916,24.355886272235104,3,52.50178728545964,6,1
VEN-04917,71.19549195991605,1,39.851645100787344,3,0
VEN-04918,44.0101127538537,1,20.665984975996462,3,0
VEN-04919,31.761322852403666,2,50.31480080896824,4,1
VEN-04920,28.2384757843815,4,65.38159926826124,5,2
VEN-04921,21.892834924341216,3,70.22463973571163,1,1
VEN-04922,69.41048642613215,5,28.72732513598865,1,0
VEN-04923,13.328748400118515,3,78.61301649994267,2,0
VEN-04924,35.1397375075974,1,64.88806600587512,1,0
VEN-04925,6.7826627587078,1,7.710332348001046,3,2
VEN-04926,54.457202568469086,2,64.85388092128356,3,0
VEN-04927,45.03314629723104,4,59.719543125544014,4,0
VEN-04928,23.15353649975536,2,43.129023128868056,2,3
VEN-04929,44.987948079398265,2,38.22878581375029,3,1
VEN-04930,13.215008008837833,3,29.05751314776654,4,0
VEN-04931,63.50350927538479,1,23.803852586920137,3,1
VEN-04932,64.22947857212247,2,40.60347171746791,5,0
VEN-04933,36.09116557509495,1,16.262031728159222,1,1
VEN-04934,9.169353694821949,2,62.776160130651206,4,1
VEN-04935,66.17991618044094,2,22.16935403604008,2,0
VEN-04936,45.22515559115108,1,37.48938915474793,2,0
VEN-04937,20.040148779298143,2,48.09741893487864,3,2
VEN-04938,26.97530939690484,3,42.21752351022048,2,0
VEN-04939,27.45523398256324,1,50.18671367049817,3,1
VEN-04940,13.88142316910828,1,23.277295106136272,2,2
VEN-04941,56.88230832736924,2,33.129036537210084,1,1
VEN-04942,9.852715298542456,1,58.38607499123079,2,0
VEN-04943,39.64128125784315,2,62.24141915762724,5,1
VEN-04944,54.86032957249738,1,49.29740377352866,6,2
VEN-04945,23.203584998976314,0,83.9066279486133,2,1
VEN-04946,5.314560416671176,4,31.62305477773648,2,0
VEN-04947,35.21111752552415,2,55.37861025083547,6,1
VEN-04948,59.03652824770522,0,23.308922840532237,3,1
VEN-04949,35.90046100792978,2,61.8030121241029,4,0
VEN-04950,31.52434780985959,1,30.271583404950125,7,2
VEN-04951,36.29677922754189,1,48.37798375869318,0,1
VEN-04952,44.1853829944733,2,19.56675162728344,3,0
VEN-04953,71.06566958481592,4,32.77745047630146,3,0
VEN-04954,29.123477503230298,2,43.58781407201416,0,3
VEN-04955,20.934198817827557,3,93.26975935617284,4,2
VEN-04956,66.91054617948883,4,34.56441993687388,2,0
VEN-04957,10.0876684066316,4,23.55731121423995,5,0
VEN-04958,16.342770619219035,4,64.0341157298471,4,1
VEN-04959,34.63737658366012,3,21.04493185025514,3,0
VEN-04960,34.71051893974757,0,47.93344850888072,2,2
VEN-04961,63.01755340073183,2,44.11052027816444,2,0
VEN-04962,34.4216520885178,1,35.43647833267913,3,0
VEN-04963,11.398891596296592,3,70.8857076465913,5,0
VEN-04964,32.27388516563885,5,86.95620925220118,3,0
VEN-04965,53.49581874181917,2,70.93350505853063,2,0
VEN-04966,44.694140811764974,3,34.70660922817591,6,1
VEN-04967,62.63815162242549,2,33.542157817684334,4,0
VEN-04968,24.798998348045156,2,44.002433392937526,2,1
VEN-04969,24.356485191887728,4,23.03141197183314,5,2
VEN-04970,25.445977997088804,0,51.32774643266973,3,0
VEN-04971,19.67995079476454,2,32.76379207174949,3,1
VEN-04972,34.922694151399604,4,12.15382166579095,2,0
VEN-04973,54.32778441621085,1,73.04868044237892,3,0
VEN-04974,46.06870459669276,2,43.121007558573474,4,0
VEN-04975,27.25578791045351,2,29.319194325958147,1,3
VEN-04976,43.5791591142283,1,47.68221590945462,3,2
VEN-04977,29.4264680292031,3,77.37597028346762,1,2
VEN-04978,7.164226673231244,1,72.82682904793751,3,0
VEN-04979,29.42176387185357,0,71.28024984318363,5,0
VEN-04980,35.47059328391119,5,13.679850169402568,5,0
VEN-04981,65.39835045971658,2,45.51558742779005,3,1
VEN-04982,30.98997786993009,1,83.30459215020757,4,2
VEN-04983,6.508739404486373,2,35.88723743413156,4,1
VEN-04984,93.51520288526132,2,47.565389304217774,3,1
VEN-04985,30.90639378939253,1,57.54583937399681,3,0
VEN-04986,74.68629658031693,1,53.35839697140753,9,0
VEN-04987,26.039125715681944,1,39.662306139186335,2,2
VEN-04988,79.37874960014322,1,38.02749998903548,3,1
VEN-04989,82.34855025423394,2,64.44155321850337,2,1
VEN-04990,72.79952688005305,6,37.44748647551095,2,0
VEN-04991,17.382906312773397,3,12.25373700701446,3,0
VEN-04992,21.09978332356351,2,29.061982732370804,1,1
VEN-04993,14.2386385396065,1,21.87370441557847,3,2
VEN-04994,71.40593333044546,4,77.79737855780752,2,0
VEN-04995,63.35573993710278,5,15.58133611016138,3,0
VEN-04996,14.81540531714298,4,50.15032462486138,6,1
VEN-04997,43.04840617691988,2,32.81255225833434,0,0
VEN-04998,40.906364453095485,4,65.1563133014962,6,2
VEN-04999,62.31756407781916,1,30.56150781887136,5,0
VEN-05000,22.448860251021223,2,41.1177571259912,2,0
