legal_entity_vendor_id,latest_revenue_change_pct,debt_to_ebitda,current_ratio,external_credit_score,supplier_days_payable_outstanding,invoice_dispute_count_12m
VEN-00001,-15.85160395870978,2.431958045771494,1.5417244309746576,780.7828996230979,39.29661621365883,0
VEN-00002,15.76248402086868,1.246456397546486,1.5777959995690507,579.2611488085769,32.04375635944464,0
VEN-00003,11.202932378925803,2.174264745972441,0.9776145883983464,622.5510714093491,55.28636235830933,1
VEN-00004,-6.466631177539181,4.290587272515221,1.435717897068318,681.8728146768387,14.6148651839177,1
VEN-00005,35.771527507776106,1.123722508373782,0.5594333883202159,561.7663335297873,53.13734168479826,2
VEN-00006,23.4337344724678,3.558602868617088,2.0423065458822878,789.372504586549,61.59178539761301,0
VEN-00007,14.606723549366288,1.258673522623735,1.0203980014725291,900.0,51.94079144028504,1
VEN-00008,14.48786187654239,1.525514445412544,0.9569199901606562,780.7447551831029,65.84736409299053,0
VEN-00009,17.498549471589023,2.017535610811381,0.7631382984361177,762.271339921706,15.59325882166302,3
VEN-00010,-3.7407065255146055,2.7439895247737214,0.667715565609612,506.5702453428249,51.31711367511316,0
VEN-00011,4.774089364120905,2.13560712814236,2.4439374500106426,639.9781341547955,47.19446014251606,0
VEN-00012,45.69566500611764,1.2287597765270193,2.428745963096606,584.4065323783932,15.428344747004758,1
VEN-00013,10.85212444594915,1.223766856783487,1.5549189400057248,711.3043291193997,59.5559746954116,3
VEN-00014,17.68545199030236,2.4685662732285945,1.3512893462561453,725.3421719550225,88.50358155972162,0
VEN-00015,-0.3706463341203374,3.7648234434271,1.549687896999982,668.1923934419017,52.59215225343406,0
VEN-00016,17.321001247056138,1.9896758160882624,0.8470336075141308,624.7891817147982,89.9971520340092,2
VEN-00017,14.03516956948241,2.283560765950545,1.0573608918030606,630.6919264724802,31.66411642058629,1
VEN-00018,-17.714549506143868,1.9392750474202576,1.820198099871967,663.2568264512812,76.89479086102114,2
VEN-00019,-6.47534610491492,1.2888533724048012,1.049036750058309,785.8298721136518,57.9243899775921,0
VEN-00020,32.80051937088217,2.04732966772782,0.870000352937703,614.2170571205088,67.15722491212777,0
VEN-00021,28.1879290059446,2.387823565394276,0.6722817488186209,626.3039324715206,26.76290631650958,1
VEN-00022,-1.4525888888503342,1.371709432211307,0.9567610456819784,667.3791431796999,80.33738863635504,1
VEN-00023,-9.646379190621516,1.102184359474498,0.9113205801510228,662.1844773777382,16.17948207394761,0
VEN-00024,33.82820717326511,1.6657438851737203,1.5158625908594796,594.9740096205177,41.79732582475906,0
VEN-00025,-13.871509157254389,1.4712329511427773,1.257006682876858,840.6309209243087,88.9422927986233,0
VEN-00026,23.66316882978324,0.8571843907247604,0.7457438245437471,804.7258406379183,61.74771084247842,0
VEN-00027,-1.1525926793300805,0.7661662805436691,1.0619078011835343,806.5696434672287,39.86480461049543,1
VEN-00028,33.8959837636144,3.831369325938394,0.9015495834075704,574.6433165477948,52.212325274657466,3
VEN-00029,28.075840788749574,0.6476852905611034,1.97905218031656,727.9635359284168,48.70478797221781,0
VEN-00030,5.337795783476707,2.61733021059304,0.9533677736687768,643.9793542386451,39.7098042537067,1
VEN-00031,-21.1986455483162,1.127115107704176,1.1525956919251543,482.5628993716314,77.74426473540841,1
VEN-00032,19.13783082572741,1.9197663912966851,0.940824999433038,719.590034219702,74.86794285131822,0
VEN-00033,40.46795186710519,0.951368743525202,2.0500097768040497,633.960195463099,45.83374239348712,0
VEN-00034,24.81209712187777,1.9121449080598645,1.446680438066512,659.3462748671536,84.39586355678315,1
VEN-00035,31.763393757246003,2.463354622584445,1.2167354536376995,669.7235014858577,29.404731568410742,0
VEN-00036,12.471183837326365,3.4175479857181625,1.0541904339637629,709.3353271362054,51.4418489018033,1
VEN-00037,9.70015271621788,1.4218925191507783,0.8957900563638443,820.0543518679001,67.5623872309499,0
VEN-00038,43.90480387493562,2.2803373067160173,0.8962847488552009,568.544781859772,60.0536882724531,0
VEN-00039,14.820681428675352,1.8297618756575216,1.6288607171988452,537.4023374581609,40.48956271485738,0
VEN-00040,3.046493968287717,3.665144280298127,1.9135393950990376,728.8662726086786,70.99567712265402,1
VEN-00041,35.19271941699061,2.6771973389705708,0.5028179050116133,516.2543267212862,5.298549756164945,1
VEN-00042,-0.0464657654689055,2.1973919351129285,1.709862441534068,658.7997797778476,35.585394398150896,0
VEN-00043,-14.08085510254056,1.7612465250440177,0.6147496802954188,570.4690821152174,85.84923806145723,0
VEN-00044,-2.884375456453583,1.2520731056153966,1.4217530594467496,565.42435163114,58.359585502642425,2
VEN-00045,9.614813013075928,0.706645503727338,1.259669126821277,718.7280318557434,33.17137804454068,0
VEN-00046,16.333026386012737,2.969056920862416,1.2470175860489228,715.3513236269192,58.85400325353371,3
VEN-00047,-3.6458410186648855,1.6626065794704257,0.737797020725658,737.0746433192506,53.92227180629224,1
VEN-00048,16.202830544874796,1.7052810863472767,1.2480750851691984,657.0882078615125,55.16835997795469,1
VEN-00049,-4.8604254647120655,1.814137583087971,0.7582122971661867,788.1604073155574,52.82425418925413,0
VEN-00050,-26.65245525444344,2.868731447393808,1.5236659997577031,657.6119706071929,41.81202854742465,0
VEN-00051,24.47380619302591,2.235019657598183,1.2733286759295297,874.0560129964822,45.08079621411333,0
VEN-00052,-29.55564500483686,1.6766716067639975,0.9558544949178844,693.5237237205433,23.09047698184621,0
VEN-00053,22.22212697423914,2.478981841614869,0.9865285032048304,535.5209694340729,108.65175466405216,0
VEN-00054,8.261950009356653,2.623879823867992,1.112039974328345,889.7137068771524,28.26661924701503,2
VEN-00055,7.038414885069316,3.126992267388737,0.8722754410001715,763.3171203538396,13.109029044319207,0
VEN-00056,10.294740048828691,1.5186664232787963,1.3146850095746363,835.8898229950792,43.33026346160166,0
VEN-00057,-14.17752082860111,2.5412405478295805,1.1454197818276728,508.813949540123,34.050305170218216,0
VEN-00058,-4.354818454604837,4.964978711503893,0.8996696415024463,607.9967671416498,21.01657119146487,0
VEN-00059,-10.87497123461523,1.8044689037541344,0.81302992445872,702.2467280328525,66.54979947154166,0
VEN-00060,-18.413426126143683,1.2488900884988003,1.033123848125857,496.5593640055429,58.683366181746166,1
VEN-00061,-36.03880393439156,0.7358318345453386,0.7443463489588644,753.8734766882394,52.93156101955474,0
VEN-00062,10.203037314721511,1.1670708944196648,1.0043941715296978,660.4079306696482,27.114198872736708,1
VEN-00063,14.158639709018306,1.5970975205748046,0.9609279416060292,709.3251390997983,56.35256840262095,0
VEN-00064,-6.415692049528396,7.449096594824483,0.7722430230553163,578.2028583105842,67.81929055185596,0
VEN-00065,45.16451438856832,1.518612314464664,2.0102146811996944,536.650144981301,36.44349169983912,1
VEN-00066,37.95898229323112,1.100786783020429,1.401064601780082,506.5420445628551,47.08351322267483,1
VEN-00067,0.5277843069564696,2.609619522942639,1.0260387971060496,688.1564119610043,45.03026701008076,1
VEN-00068,-6.961962203561885,1.8059467420878776,1.6322569216273142,690.0380479826472,28.8539722389562,0
VEN-00069,9.863049496136195,1.8157986235942063,1.221789953042505,656.5945231879491,53.51224284794896,0
VEN-00070,-7.614318350792502,1.856939430395803,1.2495797253282743,540.5005523679532,18.41847567386237,0
VEN-00071,-34.188838244218985,0.6544294417548469,0.788869487029277,676.6051675064775,48.62631840589116,1
VEN-00072,-17.854914974084295,2.505997217407419,1.495642447144658,711.0150380201206,44.71026158109531,1
VEN-00073,0.7278272584023728,1.524320184259033,0.6629508296501666,759.7665829171581,26.942754010049395,0
VEN-00074,-7.220972656310803,2.3673532833522617,1.31308955084985,728.396755588421,84.85548207362584,0
VEN-00075,-6.5123638699952,1.807601017304164,0.6799972469575476,522.9309226418503,72.51912697368402,3
VEN-00076,28.78485692188915,3.822272301204887,1.5942881027568772,752.8495355809825,41.939917378023736,1
VEN-00077,34.986530415190806,2.3303055966341506,1.5292114093918878,705.5268162017563,30.801567453432163,0
VEN-00078,4.9411205470289215,4.042079105145162,1.5316939370871707,446.9501297039656,50.84015444437882,1
VEN-00079,17.590965848453138,2.833500113358369,1.0056154073931307,772.8127982975724,58.76396973676279,0
VEN-00080,20.604436774227658,0.8953429420306863,0.6118649705544921,608.4377722393306,34.21044025036665,2
VEN-00081,-1.4317593455823625,2.927246457913589,0.6998151476921761,782.4137809890781,80.78721201146698,0
VEN-00082,-12.72444861025058,1.6787786275200145,1.263218973832762,656.9410249476985,70.60108807505516,0
VEN-00083,-4.151430944348501,2.1266930819688827,2.178502896711752,629.6765547291728,98.47888230238333,1
VEN-00084,-9.7517841867898,2.185055607655978,0.8310901138069497,664.7557573953621,79.01642121693712,0
VEN-00085,-28.67882226930407,1.6115912563990078,1.2190449869386195,807.9273968422258,63.01335749288797,0
VEN-00086,-0.515580257058823,1.0069314922246015,0.506371714430579,869.2282065313613,27.99123053085682,2
VEN-00087,17.93377081817971,1.920612577712176,0.8963000346462235,586.201581100353,15.19219639887772,1
VEN-00088,23.342240560747754,1.8361237613659815,1.86025101964381,567.303413803004,20.919318675309317,1
VEN-00089,22.07927310698056,4.150918725244942,1.1509761149437672,741.6272227542718,58.31151367419599,1
VEN-00090,76.27847704890627,0.7148975004325271,1.1402998035443024,830.3815739967306,56.75272897646082,2
VEN-00091,-1.6939972607204157,1.3957290607454171,1.3123105088063192,820.5648215066169,39.04647796042182,0
VEN-00092,13.677408317183428,1.7344143061500816,1.4000948616769484,617.9508260243565,38.074474522656814,3
VEN-00093,-17.787295314365608,1.551157599257215,1.5264129749747748,602.1937829258443,39.109980641975696,2
VEN-00094,25.2679479760168,5.012828989056393,1.31447088124854,826.8351207868875,77.7184706282938,1
VEN-00095,10.025736610833572,3.168668923958367,1.8983622894912515,677.7951658534299,44.87247472642588,1
VEN-00096,28.134785644716125,3.2404268438005044,0.9865495901566887,671.0929742168066,51.15123009340771,0
VEN-00097,12.014645290277144,1.014901090526932,1.0004240293406788,675.9317517965643,12.299593909374472,0
VEN-00098,22.641875625728527,1.091794607164531,1.1618375428756789,832.3559843711239,66.72147881940941,0
VEN-00099,-6.641790908249055,2.4624254230470197,2.264102163061983,683.0457141534788,44.15384724282455,0
VEN-00100,-16.173964977021548,2.05338672780105,0.9352747012685432,569.1639050390764,60.16221635319238,2
VEN-00101,-1.5922431073328325,2.963337696067661,1.1177462653327976,701.0084476334267,28.860469941894817,1
VEN-00102,-27.14422610187784,2.7209221126800536,0.7678400650228545,641.6752602741518,64.47191549461638,1
VEN-00103,25.65756508193681,2.7485797106629533,1.108505063564323,560.9573500204137,31.70279994635773,1
VEN-00104,31.062312901306733,2.053661863645029,1.266467292636609,563.3126555931171,32.814221586527054,3
VEN-00105,17.979871165917576,1.032464013745372,0.764773064886638,786.4911079552863,17.58397624997847,2
VEN-00106,-3.197430341178446,1.6932121323870135,2.058043562446679,761.0613349990705,80.5769094506698,1
VEN-00107,39.701710620593005,3.1237855787418107,1.8571720196264925,747.4289196637517,33.043237715567216,1
VEN-00108,10.215173689969822,3.2597531891868683,0.9397231991817876,645.7670646132194,39.163990251318495,0
VEN-00109,9.093601467147382,2.7834641067079056,1.253753683120916,551.8856371635763,40.60413879708543,0
VEN-00110,-0.2677888658888845,2.598015204630253,0.7951063785698161,701.49855353059,38.73441907312976,0
VEN-00111,17.46077468692526,1.0473057791844524,1.3975052872609453,726.7574976425727,56.57771207813801,0
VEN-00112,4.920235328964719,3.0832654826184904,1.5770312120981491,525.0240073292334,78.08354663314074,1
VEN-00113,-30.5369716411024,2.099052799203925,1.9109001468555835,718.2444110348973,67.968049934989,3
VEN-00114,-1.8676431083534,0.7763391891262282,1.6108205561671465,784.564947073053,23.452494951256245,0
VEN-00115,-27.58480110086095,1.3738072211234826,1.460878178788357,517.4408831147895,16.10410690778501,0
VEN-00116,-8.405602058421644,2.444412938489207,0.9026847168083258,702.4776993429083,39.45029590228858,1
VEN-00117,-6.439705013028142,0.7629671783014637,1.7096814971978986,619.4183901849337,54.02887068934577,3
VEN-00118,-23.13884845378109,3.125159104397187,0.7748699644290288,635.0800077697278,78.61829050940874,0
VEN-00119,-14.751602049109607,1.3015073610930576,0.927100897845967,713.7124662793819,81.28945130771973,2
VEN-00120,20.862298331395955,0.7401205194047629,1.9060328837671607,529.8296526481424,100.20692143955816,0
VEN-00121,-18.831815006387437,1.8969995608284669,1.476628891118271,699.2206565701904,48.825225731501405,0
VEN-00122,34.665947627556555,3.869092444672837,1.1026139568064766,800.7454174941843,64.98028200399352,0
VEN-00123,15.37858737141122,2.848777174724779,1.831831953811323,734.2655125017035,60.868987865113546,1
VEN-00124,-30.78628765604885,2.376189965316756,1.3419690885071436,726.9611794368153,71.9640877155937,1
VEN-00125,-11.983724787388898,1.5139823378752393,1.8446505808523657,461.9428611660396,54.970117578100776,0
VEN-00126,48.75290620533703,3.085352196014893,0.7643184305361037,796.7190599371324,25.418822741923936,1
VEN-00127,13.429025967673647,2.0238391622789025,1.2118482070905496,751.3593950104582,10.095059851857542,4
VEN-00128,38.95495819738062,3.845074287660932,0.7040670533384913,677.4036863927595,35.59965703594659,0
VEN-00129,-0.707157560226439,2.4876042060290517,1.196899582395883,645.0513051389978,67.52702352268476,0
VEN-00130,22.945204376923567,2.779894200657199,1.3462452297220635,716.177110381337,74.29292529262604,0
VEN-00131,31.40400326018883,1.3795136980401514,1.4010702801191672,621.4425057410049,59.633916886331775,1
VEN-00132,20.420377260173737,2.33344380407195,1.9209066762367744,714.4715510711402,27.913943920479543,0
VEN-00133,7.146230110900291,1.7093543769239112,0.4402650748888982,759.0780410451204,69.24250943493388,0
VEN-00134,-18.29835934946156,1.5860146695316732,1.295317676059489,607.7627455645551,44.5812294625282,0
VEN-00135,12.331622664711691,0.9714575225622968,0.5784632626906303,641.6266538152128,59.789839805649386,0
VEN-00136,-2.0010220887542367,2.509341726855968,1.5109005984990869,724.5672690266698,39.37011199520032,2
VEN-00137,38.77200432427145,1.3276545970248104,0.9766816551966494,631.3410774594474,21.907000880550317,2
VEN-00138,-2.52109452016842,1.2796230835743796,0.975901925359671,689.5967533049037,74.70124758580312,1
VEN-00139,6.904919861193113,2.9721296835133058,0.7347960573823106,681.1590472897586,21.895054946682777,0
VEN-00140,0.4396223775719381,2.8756014907062832,1.211439783234607,507.15162401884,23.10967179280217,1
VEN-00141,-1.8489699274363325,1.6351085856580938,0.8260270689089004,713.5250840150941,62.64466333239738,0
VEN-00142,4.610001544873592,0.9193432578543448,1.3437481204137531,803.6349947061068,73.7360559646588,0
VEN-00143,14.194826107380385,3.5613579933953003,1.3676953513826389,535.9685696586255,47.33312928482818,0
VEN-00144,-14.12590072893634,2.456960756861924,1.6964283478675055,900.0,20.30587672462396,2
VEN-00145,-12.461021605378374,3.574879018607862,0.4267141694922219,698.9966359034605,23.978458819715136,0
VEN-00146,45.07271859480298,3.5169745198089544,0.5716672255168819,576.0562235631777,78.58278719403353,0
VEN-00147,-27.91130137050075,0.9850848180994768,0.8397056820023596,533.632802676874,30.185604988807807,1
VEN-00148,-15.169478668568154,1.8047186685336016,1.1088319574563266,824.9684546405558,79.45355388319967,1
VEN-00149,30.56581353117328,1.210964311036879,1.6497008851006585,670.8322563540288,56.76474543674182,1
VEN-00150,8.74784929888703,1.420015854956522,2.219846571283789,764.8000667817391,18.13265172727209,1
VEN-00151,3.799862250122575,1.8122992660041597,0.6580344085669314,727.5297681524848,48.09821823420044,1
VEN-00152,-5.759738923160052,1.0666876830717806,0.8579600374018377,612.0697412165499,45.1552067980188,1
VEN-00153,33.90495470326143,2.686241620402015,1.1184210669463688,738.0780390455822,97.38862474948512,0
VEN-00154,30.02832543056657,2.669090575039452,0.9645374018744542,603.160004471782,22.45630751532108,1
VEN-00155,-45.07592154271629,2.844925473988432,1.2711225276197191,592.9987083346119,41.32705543169476,0
VEN-00156,-5.330022676537222,2.992267293451744,0.6831803827242782,850.0884887644445,80.04810509770319,1
VEN-00157,-19.28019160218281,6.200150161820167,0.9095145941281886,679.0018758906037,27.163636602899707,1
VEN-00158,-3.392258862499279,2.075321501568062,1.6349702963832051,685.9163043230911,44.03727430756453,1
VEN-00159,21.29397762933915,1.280777044420427,1.4934242022714437,688.5034834689355,21.87976910340058,0
VEN-00160,-25.952190194113903,0.545039827061975,2.1406516000616485,550.0896093449596,63.1781182671997,0
VEN-00161,25.44712760372424,0.6580194230340668,0.5296293132887019,724.3844221807525,54.59628766517339,1
VEN-00162,14.795868287786412,4.4796426903926,0.8092025046178406,683.3839627790811,18.86524839744489,1
VEN-00163,7.451370655138335,2.164298194797818,0.7504838067600025,715.8544228016318,52.63819110731993,2
VEN-00164,31.85214884443278,2.3768731579504703,0.6420822556189186,789.6452352473324,57.54662723882562,1
VEN-00165,24.076434550687097,6.301350832292227,1.0619204510122022,707.1135701971119,58.41777828925425,1
VEN-00166,21.04117214877713,2.084574857246775,1.637079150415672,691.4570808415499,53.376874914714,1
VEN-00167,2.786766955228768,2.5179437079308205,0.7328132593695249,538.1594482068318,48.00603585640535,0
VEN-00168,-0.0074948526600167,1.1746795525003402,0.8087876219119421,664.036411524829,32.3403608970701,2
VEN-00169,18.53376292701003,0.98575455410715,1.065514443736248,594.0205760659824,20.88298618298656,0
VEN-00170,-16.768206983053446,2.9468121165848737,2.191218708658039,716.8331328414693,53.527620050255166,1
VEN-00171,-2.2195266111501937,2.7270197660305517,1.1171506361655448,693.6319404734127,67.2921320439058,0
VEN-00172,-11.508126502731582,0.9690599646885182,1.9427966156898369,635.3621134707853,41.34129359964584,1
VEN-00173,-2.945121513800716,1.1271984239331472,1.6553210602732653,573.214903246669,57.69991849639664,1
VEN-00174,20.47969737200096,2.093229511931489,0.9626670194713288,820.5310579287332,56.21678838695141,0
VEN-00175,7.970922466396175,1.9788963958598729,1.7453321999215838,789.0242603216564,47.48048442814534,0
VEN-00176,8.542845389997709,1.6803040093335566,1.3191754823982789,694.1654515892601,40.14740757096203,0
VEN-00177,-10.66427090563571,1.517212722915806,0.9721803804803494,821.0671972744863,39.25993365721061,2
VEN-00178,27.150761507875963,0.7101753589654027,0.6586785348780982,716.0767976650991,72.99601461485773,1
VEN-00179,-4.882538828808739,2.4583236907320574,1.534745768884343,573.9281393089916,53.69266568733955,2
VEN-00180,8.052291177360935,1.3353223491288082,1.5217761715221514,820.3098341954071,14.510920799978145,2
VEN-00181,28.586690601657352,0.8394768551264514,0.950399638154886,765.7700197666975,20.44270582809168,2
VEN-00182,-18.988021851812448,1.891399015616103,0.5917416368610701,546.9639683834126,65.79216117196015,1
VEN-00183,11.213408950944164,1.4319627805765105,0.7065837144434405,615.6525754706499,63.55247922792122,0
VEN-00184,36.69187441530711,1.2433991874349677,1.118677594206694,661.0341028569469,83.58529412258645,1
VEN-00185,27.6305790304264,1.0699323269765757,0.8392088331265772,885.9359285803469,43.18432494153463,0
VEN-00186,14.690307208477725,0.5943421190293414,0.8715789313635398,628.9950853803282,56.32947193326915,0
VEN-00187,-7.697596292806086,2.415514753562025,1.120473965242877,629.599602379685,54.58366505334477,0
VEN-00188,34.01986483996723,1.7472218646330344,0.7295354644679917,717.3439976156344,37.60128249928093,0
VEN-00189,18.39323695030021,1.8641138960775403,0.9265888797460852,606.7611968902289,47.24106259791196,0
VEN-00190,16.860661653552324,1.0798488963117416,0.7230432591726886,619.9667761590871,51.65469286282671,2
VEN-00191,1.5464882479353106,0.3883720690195841,1.0266003915449131,693.9863072917645,69.71464045043625,1
VEN-00192,10.015086870877528,2.3561358088606705,1.5146045135304569,650.1191192825215,43.248937637322086,0
VEN-00193,6.340795986016948,4.033278340117244,0.5498683525287653,810.4830542610367,67.79252623629131,0
VEN-00194,6.474917684349288,5.189657044850327,1.173744742959238,665.8908662619386,25.988801304693368,2
VEN-00195,8.326785695172129,1.021888996919102,1.0173535816430717,778.7849923729365,42.63691595310329,4
VEN-00196,-2.5761334803082505,2.45511136071568,1.1825597205505392,676.7672984694037,34.26554755385716,1
VEN-00197,-2.941475544963085,2.235953483775371,1.172278719325269,797.6063766583187,5.0,0
VEN-00198,9.243430425736223,2.746818215995662,0.6616607859984819,803.0818301429396,78.26762194540144,0
VEN-00199,-11.771398390431262,2.43194069613306,0.7396058911541294,801.8866954593409,20.51642059155088,1
VEN-00200,-5.795420717172702,1.9754123728182251,1.336318604640214,656.6351047187511,58.697723954447184,1
VEN-00201,-21.57758039520689,6.003873881897574,2.1737041617364854,622.2814596941408,52.15368578683835,0
VEN-00202,8.164808124949463,2.060191398065526,1.2303186484891784,715.0008026049364,20.946849737406705,2
VEN-00203,5.878058618671167,1.59264071446884,0.609382140907752,653.664036685133,41.963213683554535,0
VEN-00204,18.96724281538526,1.2556542274777358,2.1191484140309096,554.9639572789383,63.25114558507194,0
VEN-00205,6.967882838349419,2.929060350783785,1.6908048674313456,893.2189756380569,52.51194672147661,1
VEN-00206,4.88951204613435,1.5080382865040514,1.275023224395596,673.9639426627347,28.643316340097105,0
VEN-00207,19.5745410892646,4.656610508684533,1.4503283698245253,625.6382826874537,24.995071138229157,0
VEN-00208,-5.605245283891602,1.7450882329355817,1.571397579418201,586.1358082126762,54.16680448817191,0
VEN-00209,18.479115913811253,2.1443564282074448,1.3271713807597174,752.7821329025154,43.92574637366396,1
VEN-00210,-9.701635774723467,2.204160660102036,2.3008674386921752,749.6318472746857,65.8767623448751,0
VEN-00211,-9.44283039152597,1.2374329282212826,1.5544898394892914,623.6865934150771,38.695255186630135,1
VEN-00212,-4.773183094241519,0.7135728711854737,1.9626398757618695,680.1694741289899,75.22627653180466,1
VEN-00213,-2.775440058486071,4.409616112331061,1.1663865147921697,712.2066924686544,41.95630578931226,1
VEN-00214,9.503107804875103,1.7553536805243597,0.7150947491632889,619.3636117780092,82.64248487741374,3
VEN-00215,-6.705875521068599,2.305149957877947,0.849717035726283,799.4804193815347,77.97981780731025,0
VEN-00216,2.687937147220082,1.3154448029570958,0.7296930686611844,771.5781701853068,57.54790708070466,1
VEN-00217,6.380831850604173,0.7810743254714415,1.330976422661354,829.1281513702103,62.70428611709544,1
VEN-00218,-28.78311961749857,1.0807714406808857,0.6782493660762561,638.8349610522737,94.93142274080864,3
VEN-00219,-2.2069039495321245,2.0890281131854165,0.9988802069653396,483.93274190260416,67.81793471887448,0
VEN-00220,-9.265998977143113,1.2772363581493538,1.3370232423510544,650.4370789285347,49.00067221660701,1
VEN-00221,36.311356700630895,0.6231246933600543,1.0094972668362896,611.0479727473695,46.16661143709473,3
VEN-00222,-2.079240419902259,3.551752774528754,2.7550489747657987,640.5530189198238,48.40102880932331,0
VEN-00223,-1.879645013415261,2.9435866344818424,1.0588052623147923,567.0450681569148,17.115483746292597,1
VEN-00224,15.037020578148212,1.967874725756434,1.5029736826253464,711.1975109075194,73.29021771410572,0
VEN-00225,-6.896206154042623,3.050914451341484,0.5083961889102971,775.6267630682523,69.92352185666157,1
VEN-00226,13.826429842497042,1.158335451842932,1.2637728824201326,868.799706922196,36.77573237387013,0
VEN-00227,-6.488294522933398,1.4935351907653958,2.3966030928776854,728.065315501763,36.33100434871653,0
VEN-00228,24.55442783061712,0.8856504440315678,1.1973658026054586,684.9366628045298,43.01276422264821,1
VEN-00229,14.382678175895489,3.332498597321753,1.8778152218366555,782.7441750550204,51.82348614256483,0
VEN-00230,32.82490831299155,4.246574984748458,0.830895477388212,802.1182980336886,34.5183232856006,2
VEN-00231,29.82401789962384,3.1223454692766857,1.4646534082502034,710.7642612484863,16.15446694112339,0
VEN-00232,25.505258273397164,2.814178860564839,1.038761209837889,490.7282005804013,66.81953353266792,0
VEN-00233,-2.6346124757833564,2.2655547836548844,1.1622975469866097,682.3270476763602,91.93307839919429,1
VEN-00234,43.634525531040616,1.6279750936779702,1.704354866020637,688.6886647908102,67.4964519875309,0
VEN-00235,-4.455355120358236,1.0326260625434636,1.003753452085146,593.1491364099571,58.769380499397954,0
VEN-00236,-11.716611045599503,1.9724901129395112,1.931322914855097,724.5112242060509,56.62302469937149,3
VEN-00237,-0.5157707002043876,1.652206898245063,0.7078342083043949,536.4351539132019,45.02790040674897,1
VEN-00238,54.572016120916985,0.6838268518208538,1.0911249869438906,533.2890897607351,40.087010859172175,1
VEN-00239,17.965078055506837,2.015970332510596,0.7720913687375058,608.7439469230471,65.17855481323554,2
VEN-00240,-45.58899228088667,1.3760175186808807,0.4161713925759384,635.5539970213989,63.24838192393744,0
VEN-00241,-0.3190777932918571,3.0135532216307697,0.8155992817062327,644.9980663336969,56.94207301981738,0
VEN-00242,10.29903796030657,3.01456497790768,0.5740031052117404,790.3650122033291,81.22597369654946,0
VEN-00243,36.07224773726939,0.8952860311706606,1.3299897487108367,562.476587661405,22.086164019037472,0
VEN-00244,-16.43129008447966,2.537047217493165,0.8992275081764742,755.0998163086219,39.99447785336131,0
VEN-00245,15.779927994775475,1.2403941392276736,0.7895126495358642,703.7768518024677,56.005013121198985,0
VEN-00246,-13.227181594965735,0.8269117550993048,1.826819291588866,759.6479538315773,60.65745987610394,0
VEN-00247,8.609091332265251,1.3034067624971717,1.2749531933993157,698.3270743211873,5.0,1
VEN-00248,-15.88548478651159,1.197076589771324,2.48077494661697,749.7619002101331,50.455020751829935,1
VEN-00249,6.760286742894879,1.875138544482976,0.9835925746152692,495.5673947214641,107.82581092310252,0
VEN-00250,30.077195105368496,1.831233355370644,0.9537927742815911,572.0430470089273,87.92797305518172,1
VEN-00251,-13.526865879481376,1.7584553440319777,0.9834960674250506,590.3837769030068,50.88795861232312,1
VEN-00252,-38.50040902497028,1.437243587040243,1.2046280285443312,553.2609968534217,60.2262690517917,0
VEN-00253,-4.374223963843068,2.5589847160105483,2.50185522025496,691.8629013132179,51.00803558450056,0
VEN-00254,11.856514898558792,2.467502357734581,2.0189425389650357,765.1936473492153,37.72270813650328,0
VEN-00255,-17.794137770857823,1.114624336898975,1.3110201218532842,626.1147000360569,63.80083232999744,0
VEN-00256,-8.135065025732356,1.240591489394355,1.5930703413319074,824.2404016781496,61.42008828029636,2
VEN-00257,44.413514425532426,3.45915335087277,0.6058200798597546,663.3499902887803,49.71528458361399,1
VEN-00258,-8.144157198581556,2.778304696606068,0.8314335763141281,560.6227529051735,66.52245843837757,2
VEN-00259,-19.858490750714317,2.4235543856415527,1.1075617262021795,609.0303162442145,92.39532771755748,1
VEN-00260,2.3666497791471,2.8274293008228315,1.0642812166311075,674.7281403884504,60.22921573267144,1
VEN-00261,20.11673566039382,3.710103380982384,1.8590525390588093,755.7065122527913,70.06403479796857,1
VEN-00262,26.09991634248836,4.553578721670356,1.537905655976123,750.372114189602,86.38175348397354,1
VEN-00263,13.672078501007338,1.4174753070840589,1.08127405503985,838.3763021952091,43.31798210451048,2
VEN-00264,18.450437479005657,1.25016548068871,1.1189218723807004,602.7830673268079,61.31369855842193,0
VEN-00265,-12.130210344295282,1.876619045574816,1.1010081312993103,822.9348998803796,20.51852905042152,3
VEN-00266,7.888521317814462,2.02813983214059,1.9432743614279195,679.2336820909732,19.810458753177755,1
VEN-00267,15.57128353478094,0.9892395656393372,0.8398745718755185,666.7423276008058,29.214224170354093,0
VEN-00268,-3.46578224916218,2.366998308472122,1.0192699615484453,462.5578089775694,35.20445503344253,1
VEN-00269,27.96719336693379,4.060829533921105,2.2151817477345075,688.4179518006823,60.16397248499773,1
VEN-00270,28.81058741836897,3.5885357504892195,0.7472696171300724,621.4678665893505,23.029058510827447,1
VEN-00271,-3.479126200195495,3.078399397948576,1.5418378692406387,778.9648982878421,82.20368851790064,0
VEN-00272,-15.223977397822722,0.4660106502425338,1.4866490056932524,586.8419007988313,27.56580611981394,0
VEN-00273,3.761811367850043,2.143473138027349,1.3718351518930374,799.3160240326707,50.04342726500351,3
VEN-00274,33.2703009639261,1.167974407423287,1.0432605004555122,586.4939769536473,62.80139425074579,0
VEN-00275,12.818447662390502,2.4054496156610146,1.9891915510756064,596.4201549875756,28.890411843348687,0
VEN-00276,-9.508917995244914,2.5813845883750988,0.8972839368669653,768.4849115671268,68.6191974212966,0
VEN-00277,9.20398847040926,1.5889005574031274,2.6393333438230395,632.3610926005688,19.36841304696105,2
VEN-00278,-27.90390079601358,1.2694632523898084,0.7277182867764248,486.87441314753744,49.67944488808936,1
VEN-00279,12.094577052035786,2.3619070320583844,1.7014688144085652,490.1443915006791,12.16308196446512,1
VEN-00280,46.87360918994804,0.947292317067044,1.2511851311568931,708.6929008540327,67.40303775779692,0
VEN-00281,34.10863702319725,2.874664462907976,0.3647832380042507,850.3579719349563,37.24755889551676,0
VEN-00282,6.892005385760923,0.6992178246238103,2.0053368603948782,631.4846818759817,52.65408578534192,0
VEN-00283,7.919480472359799,2.1570949492184592,0.9951937313064612,659.4165447260483,54.54304877435094,0
VEN-00284,28.1188521579031,1.9178885067521447,0.7849871069115073,797.5494049610403,60.42998658175989,0
VEN-00285,18.388554952001943,2.065306517667506,1.088909159025803,718.1125226113071,50.93559358371028,1
VEN-00286,46.63828020000217,1.9606711414503168,1.2840138813372983,719.065350134691,70.95691509986521,1
VEN-00287,-18.647959995539537,3.5106652425072946,0.9417933414693216,738.8971159992036,75.98477462923461,1
VEN-00288,-33.06977739394907,0.7021832991748344,1.0806975405792203,661.826936437595,31.999300141110243,1
VEN-00289,22.68989032871155,2.2121981013621976,0.7878320514125359,700.779675782266,65.1467086401844,1
VEN-00290,-17.157652066692602,2.1880860756881337,0.9078093299405902,759.4996442675834,59.2068002884648,0
VEN-00291,35.78647496549332,0.9080890517770108,1.4228934261434951,574.6088583122505,41.78550349654675,1
VEN-00292,38.94845201755376,1.9217084351443297,2.015294113375272,879.8338000964436,62.90668482007584,0
VEN-00293,2.057934717516958,2.1696863324671725,1.0517789432446214,665.3085991981757,58.6733007637951,3
VEN-00294,9.20023560640662,1.410659554821694,0.6776490743162442,621.9576810138959,65.18228979260212,1
VEN-00295,3.630040977563457,1.4176552408618717,0.806321437441356,651.1041565307669,65.17534552266078,2
VEN-00296,22.41355177138501,1.7739445500842337,1.492632018241034,589.3966182452319,77.39017552990018,0
VEN-00297,-7.757573714976129,2.253208962124937,1.846065721232544,518.0827227373514,44.75187015795287,1
VEN-00298,-4.75660544884375,1.3999263085919271,0.695911063149762,551.123304424178,46.19132471415031,1
VEN-00299,1.4417972799577976,1.8046237200268929,1.852041633727792,765.2799395944543,46.67538797972888,0
VEN-00300,-0.4916998579550355,1.6859677764242542,0.9372377862654434,555.320692494417,34.1719079602255,2
VEN-00301,-20.69002250713911,4.656013270607971,1.1937269218309192,802.1781263778842,33.56872405291138,1
VEN-00302,-5.316968099366063,2.9735234592603823,1.7677796314437648,507.0520896331296,19.567420704771777,1
VEN-00303,16.95816278339723,0.5574654650530804,1.685758844441667,687.2794272892894,33.466067389172736,0
VEN-00304,21.915406044342667,0.6279198596796733,1.397995661524286,477.76197308411713,34.648454421384976,2
VEN-00305,8.056128542528356,1.1471773283783993,0.8484816720775566,743.8235875154962,86.17607413293878,2
VEN-00306,28.147378855247823,2.348325737215628,1.2010358304748956,546.8017695132733,83.41066055115334,0
VEN-00307,16.985596785639242,0.9150433823619673,0.7008473523759021,560.9925319173342,52.022764660791225,0
VEN-00308,3.952532938860943,1.839482056262825,1.1481530434119744,529.066805411277,52.789477840802185,1
VEN-00309,-14.447602867415732,1.7121980368775191,0.8411376528645427,713.8396787741726,65.9343655501889,2
VEN-00310,-15.268045470327252,1.3625359689273369,0.7073522419105537,662.0092891073261,35.67420456929088,1
VEN-00311,-33.37094757475559,2.3942267278122675,0.975920973941286,577.2582258543393,68.05427735771724,2
VEN-00312,-25.92774548761559,2.456157096639158,1.0593870476492928,629.4641887060538,68.12640381138736,1
VEN-00313,38.42524483402032,1.1704155824372475,1.384636464369834,580.1540698284318,51.59529131240235,0
VEN-00314,13.859201457552448,2.1046421613447284,1.5683304209467637,699.9078168593691,71.71915089177413,0
VEN-00315,15.96545609565598,3.162632431121203,0.87772708481916,692.9029461510529,61.113720520910285,3
VEN-00316,0.6898821591388042,1.610990262711252,0.6714941595692001,605.1699579051582,31.85454030303057,1
VEN-00317,-24.7972912897754,4.091761782801616,0.718747997822751,459.8168983421266,83.38869858847053,1
VEN-00318,27.46102786674905,0.91287984203007,0.9180058893711344,562.8876599546163,64.40216137817839,0
VEN-00319,8.981149656695704,1.64377253504108,1.381212250622361,761.5427021084295,57.52823892882787,2
VEN-00320,16.196007626728807,5.126577483728942,0.4831055862498069,630.0478608872493,63.87854848594577,1
VEN-00321,53.77519158089333,1.6391572569970785,0.657986707251463,689.3801709385015,80.50495951428124,0
VEN-00322,15.537557546617702,0.4319600937111291,1.5981664800663955,784.0466542026747,44.95694187223574,1
VEN-00323,4.241800886065962,3.943197433626765,1.7154085086049964,806.2558708249161,62.67454852785563,1
VEN-00324,-37.873658621141935,3.559892921492996,1.2344723444300345,638.0339906617562,52.55017621850087,1
VEN-00325,-16.54754856473295,1.094908734769202,0.6603681062146902,810.2832793774166,50.38122745273049,0
VEN-00326,-10.43661824216839,2.579044601031922,1.376693756840591,728.6172107530036,70.69343458745884,1
VEN-00327,14.111886130602516,1.7098647181652706,1.0290956017577122,581.9502631661476,59.61027672487368,0
VEN-00328,10.35445139084448,1.0303379210727015,1.0227835826489466,695.8262656924327,85.72157609781195,1
VEN-00329,35.118543987519445,1.0710943555759154,1.4163781478255109,677.1827667048224,59.27365218922741,0
VEN-00330,35.54632980181634,1.5588525313187938,1.8052524138177857,776.5921619118933,47.03030839003229,1
VEN-00331,18.34799365266948,1.0650005479663445,1.101489777736495,524.8583894315141,41.13197011598054,0
VEN-00332,-18.28742297518474,1.2840242887283553,0.9580041145984928,582.6320202305633,13.71302058495894,0
VEN-00333,6.171205876552739,2.25333017012044,1.604476494397363,650.0154614480688,33.70557305921483,0
VEN-00334,-29.26887197709448,4.947695299481846,1.1613787224377308,741.1544365592686,34.85763808376768,0
VEN-00335,-9.069218697144349,1.676000401758041,1.277369817138884,659.0476770116525,56.45686227859045,0
VEN-00336,5.383525321126204,2.7786033647339017,1.2320652420258618,631.2430683533617,30.29921846005076,0
VEN-00337,-4.596377795886465,1.2864017719384957,1.8155472094557703,678.2817811156721,57.28688828104053,0
VEN-00338,21.944990899559794,0.829856665968861,2.3501491683376887,586.5033668398773,70.96915359659363,1
VEN-00339,26.713601390543445,1.0216117506909503,1.6028269418034604,816.4973540470829,45.24811135324225,0
VEN-00340,-8.113240901968409,2.8335915565300307,1.581347703430407,727.4004340940633,25.23884639281826,1
VEN-00341,6.253854601069803,1.63441352403789,1.093318313013298,527.9382344444257,88.9546834439943,0
VEN-00342,-28.03722054377693,3.0473811425162016,0.8723513109829973,758.2565778312996,121.96198967322913,0
VEN-00343,3.829601948222111,3.254784355809596,0.996414073337094,770.4518873347835,58.82968033440259,1
VEN-00344,9.482796930765105,1.4877232417564474,2.664384492341004,800.4200600789483,7.577483479114434,0
VEN-00345,-13.22526809320161,1.468513760586842,1.126880581476717,781.2843336291628,80.6731040663179,1
VEN-00346,10.178984005874469,1.0339523155916843,1.3360760249766197,635.0695458535531,83.51996295888364,0
VEN-00347,0.7566586057407223,2.841152276083783,0.7768252789950777,540.568009873883,87.24720327091816,0
VEN-00348,45.907364219492585,3.5012734042324447,0.5623083974293085,643.1719908935659,53.1203233959446,0
VEN-00349,16.097492918766257,2.6043503311865828,1.1234293019336237,843.6217800024343,42.99079860888198,2
VEN-00350,-2.232141115178054,2.5787739566483974,1.1036933119057302,726.8568805632873,102.07798086128702,0
VEN-00351,0.6340886297973309,2.2197015151253963,0.9372511016239876,575.1889163505583,63.02648235214408,1
VEN-00352,12.784839191763382,9.24252584419298,1.0538550273720182,684.3824287202383,63.55384365590302,0
VEN-00353,-17.241710279294935,2.966321909506144,1.2184021543979728,717.3270302087515,58.032126674150135,0
VEN-00354,3.620431845006589,1.5418794082485805,2.9182974429689588,564.5406100194184,50.82916602024443,0
VEN-00355,31.667418938797454,2.168054434731958,0.7057940135003905,809.6274460686468,68.77109898584771,1
VEN-00356,5.838679986636113,2.3825073621914146,0.7464251381149772,672.8614091998289,76.10109261555381,0
VEN-00357,-10.258963030531705,2.730849864984222,1.1242896380071057,692.0307252000985,62.49746338062373,0
VEN-00358,-17.10647865501179,3.696089248946795,0.620167943282901,654.3551879871618,52.24186163574933,0
VEN-00359,-3.108084100710995,2.9649593452002603,0.5117584130389998,645.7609892153812,67.47424322432019,1
VEN-00360,-8.780713361726159,1.2962965333025718,1.3935450039906885,692.9006336419584,7.617643800768363,1
VEN-00361,0.7735690160780013,1.4709560945494202,1.398111818891531,705.1688800930173,54.76615398195423,0
VEN-00362,7.119568485041986,1.8742711289365528,1.6481126727580733,486.7424725675057,36.52196376369124,3
VEN-00363,-2.822435659197229,1.028794980579386,2.1292971327751697,751.5979900861328,67.3570992800777,1
VEN-00364,3.5756035819649257,1.195875609792774,1.5968141963223057,672.8802746621968,61.995059597270206,0
VEN-00365,18.50119598058514,0.8102790474370104,2.025106666266896,816.0891919832382,40.95571130140015,1
VEN-00366,23.775089443899457,1.699392893203808,1.5447937583464122,746.5656087627676,60.39085291059978,0
VEN-00367,7.857266230246309,0.6555665740211922,1.615883565560044,731.5428295000534,49.62641519822121,1
VEN-00368,5.3455934935548965,1.405406863877526,0.8162320822893923,473.22466553134063,86.44868962880581,0
VEN-00369,-4.140596818009499,1.829256625403286,2.515853264153159,447.4266426210983,20.98687093812103,2
VEN-00370,-22.12971557900021,1.770946974861261,1.2447722104232288,628.766276324956,41.22180518406056,0
VEN-00371,-30.086657244288773,1.1351778954065963,0.7622185702111524,400.18962370710943,60.18917561345368,2
VEN-00372,-0.2222250245321042,4.474269945831709,1.1499906828615194,626.8149739125851,15.65805979946417,0
VEN-00373,2.469085001397831,1.843988786062552,1.0193610671731663,747.3473053543421,51.31666158049388,2
VEN-00374,-20.575921446620395,2.2917915590769558,1.6594278200268633,583.2558626632585,37.66934273163892,1
VEN-00375,19.81352551019937,2.036803585349258,1.6746486974155976,594.8427663872143,48.73497810754751,0
VEN-00376,-11.480148254972304,1.0905039517344748,1.203315006083598,671.8297496854153,60.42336467454679,1
VEN-00377,-9.24777346048932,1.1707598921548097,1.634013748455282,617.9696380100507,82.40731767853985,1
VEN-00378,8.686702603430176,4.85994668662264,1.2229278837783282,621.0314354387418,30.28265159513328,1
VEN-00379,31.83644267240475,1.160469118341296,0.8601095042912896,717.4209319714562,66.61735004661308,0
VEN-00380,18.615370390058786,2.594016082184354,1.6151136663301244,545.2217996111269,53.67513200179464,1
VEN-00381,-4.72348801946765,1.1594664285138867,1.5093844913020034,791.8234673890598,60.397286821255406,0
VEN-00382,-32.937570245074866,3.9162619224834105,0.981915655812455,654.6793681201907,45.46684964922576,0
VEN-00383,18.104026106671235,4.915348300805334,0.6197141769258901,733.0367264185563,76.96364936498864,0
VEN-00384,11.462473675061316,4.940689583586292,1.231926226642748,663.1637720785401,43.64823350687232,1
VEN-00385,53.54030738324919,3.47809473060718,0.9793642322798046,704.2485340027733,61.360155042579656,1
VEN-00386,6.913978519086051,5.524160370371783,1.418276401363945,714.0714688870288,37.43687029727287,0
VEN-00387,-13.306475567024837,3.792929804778494,1.086207472403622,637.7961427309602,5.0,0
VEN-00388,6.647007895999468,2.0573369732986224,0.8447603208472527,628.7918619413492,10.874216281625657,1
VEN-00389,-17.71988430531634,5.984087690321868,0.687946068148452,702.0321861082687,34.6739881850655,0
VEN-00390,-18.71935077559114,2.974368024592689,1.2864359618456966,554.4350879484048,55.6321772447646,1
VEN-00391,4.049482242674777,2.9455875153405358,2.8579464369848773,752.7095772839248,56.08760900655323,1
VEN-00392,22.63557728905198,0.941139421762623,0.7588484359388294,685.0402909046038,55.8019104398788,0
VEN-00393,-2.163937397046661,4.584026552851332,1.5419432035667913,655.1137055792835,35.77964435239816,1
VEN-00394,-14.189433766709438,2.651545008231716,0.4263707694519335,717.3562926126167,72.85265041057744,0
VEN-00395,7.809908485452678,1.2208140498760522,0.91632409152501,682.4487327759985,75.11615243828088,1
VEN-00396,8.874717637879025,1.013770506120596,0.6465657078475514,575.6675771744319,50.52968284130734,2
VEN-00397,-11.607333195029184,3.292287707284308,0.6839737769786672,818.1857367704021,36.35753394199662,0
VEN-00398,26.367890592362308,2.470552084613673,1.638431247157161,710.6413927822487,39.172199439710994,0
VEN-00399,0.392009793330204,2.7677139340003154,1.3716870014821752,883.8055799876507,20.83676914082231,1
VEN-00400,-6.926290629157496,1.3455603751419063,1.338855406581596,651.1656585421441,78.82001483654622,0
VEN-00401,-11.461881196734346,1.457237170018483,0.8373963135419893,583.39923661344,46.8494318541103,0
VEN-00402,21.051795101037506,2.4774143721457853,1.5484210987762406,689.5241317459609,10.49927090133344,1
VEN-00403,-12.356036946043094,0.598535828554142,0.6712526529618356,561.4195112499074,56.62719209267014,0
VEN-00404,-68.80050360041376,2.4501707234594803,0.7847572246154041,735.4886240687316,63.43004641455569,2
VEN-00405,4.093844791919482,2.0208751209613776,1.4938790188903563,623.170930828018,11.86102173680974,0
VEN-00406,33.78809751488767,1.5797203613879844,1.3161243746597624,725.0712279491005,76.3940866058249,1
VEN-00407,6.152163913499365,0.5940880472663803,1.498421242967992,656.0108008373179,45.755181040701245,0
VEN-00408,2.7133230562779014,3.64412957233792,0.9757145147536178,714.1885874877654,90.30857100349864,1
VEN-00409,21.859699068878903,1.133048487946349,1.23365417595259,802.7702955223165,40.307286784166,1
VEN-00410,1.7532558116335517,1.4346835671464793,1.260673946472487,525.5894875158899,68.84530284913758,2
VEN-00411,7.174755640799665,3.6004379413611325,1.9876313208318144,695.7330195860715,53.08003492276213,0
VEN-00412,-31.34924154546126,2.895082603856818,0.7408339719212802,655.6954974206589,56.93071283529912,1
VEN-00413,17.047076665843612,3.77938002190436,2.5205106506606563,752.6697337420435,74.89367585974168,1
VEN-00414,33.38317584593947,3.298573139688576,0.8196619162235776,524.0878304321068,45.41145476798401,1
VEN-00415,-37.25918630775063,1.8131263487768328,0.7668111285004745,569.0893120171055,50.20651300213694,0
VEN-00416,9.998193859600695,2.279719864509496,0.8685813867878605,652.2781079432743,20.239958108907835,2
VEN-00417,-32.104326870804314,1.596641956804932,1.120888235974398,657.1201605022334,60.09749757253687,0
VEN-00418,-20.520743444293934,4.337550471960202,0.8925628071340145,596.6218942219266,68.35125210447885,0
VEN-00419,7.072829242985031,3.035102890681832,0.8307797717487976,714.3733367030478,58.535260383651625,0
VEN-00420,18.449446100152656,1.5406176897586177,1.147940630229886,656.6710198250486,68.59114567548646,0
VEN-00421,-19.4213551866774,1.6243788080832,1.2288655735241083,468.41344860549975,23.11154253824492,1
VEN-00422,6.879122536575701,1.7049105265603195,1.1310889135197222,719.2439278910365,70.93870045859174,2
VEN-00423,-0.7915480650864151,1.517100173047399,0.7740565323824646,808.7188550560993,56.35803824587167,1
VEN-00424,15.847517874703932,2.1142509290786773,0.8012375200144436,778.7460212532319,51.08455643278104,0
VEN-00425,-6.25759652885518,1.3540571814086022,1.675058347598253,865.3756575646698,33.46377699247586,2
VEN-00426,14.801095350459326,1.882041599757862,1.2337761921744863,594.4867385992025,29.84000860795969,1
VEN-00427,-16.49853228049193,1.719219110362374,2.04620440265364,810.4633906429058,42.85666004552701,1
VEN-00428,-13.098139416554105,3.4984123244380485,0.821459758344644,592.9697819468059,17.344948438061067,0
VEN-00429,40.647375387396494,2.5684955838384727,0.8335628606194485,578.5810404489433,53.24917506857474,1
VEN-00430,16.71155186948918,2.182053305812538,0.9967336447626846,711.1217898223663,36.87780894693167,0
VEN-00431,-7.655899047831815,1.5421531983182153,0.7510330980745398,713.4658047507176,68.46463783998914,1
VEN-00432,20.44555601886184,0.6791314006025092,0.8944907995207091,750.1711202956585,101.66579802467528,1
VEN-00433,28.561106299008667,0.656733715104173,1.96131152223018,674.843928514363,73.1762982178302,1
VEN-00434,11.46074785298515,3.708307882635645,1.448013868320668,720.9211725270633,43.63407981176746,1
VEN-00435,-5.242115101639467,2.83322211511104,1.252692557714907,640.6115706252342,30.32261389627406,0
VEN-00436,25.59490770561676,2.659704638924336,0.8800588131407397,639.540987077342,54.76426816543358,0
VEN-00437,33.44739272106191,3.9101191909835222,1.764764273494002,605.5056877955051,10.79961920884945,1
VEN-00438,7.421823137666728,1.8388566021507389,1.026844260477056,643.2094260678689,9.532694184120883,0
VEN-00439,25.30940637290022,1.6377561617577052,0.5678265890271015,697.9148077155181,23.1334282076702,0
VEN-00440,25.375413094553096,2.1655162674737367,1.7387431432902016,561.532705799805,46.62542923081085,0
VEN-00441,-25.27559852448308,2.640294765229611,1.0769672983986582,668.5485279333259,68.5323834785212,1
VEN-00442,31.732849868816952,2.369942388654668,3.21477676491594,690.2275540430921,90.87595439762256,0
VEN-00443,-4.788412756719621,3.4523421668436147,0.98775353738006,664.3909390899611,53.57471740820519,1
VEN-00444,9.733467366482865,3.3781682686524497,1.4418173584459535,885.7337086408639,75.56184574822154,1
VEN-00445,-5.391492315125332,1.957017323994921,0.6527283070194534,690.8826293538201,56.46030655173991,3
VEN-00446,-26.05233130726093,0.8768467882618345,1.2315939993683174,769.0045348143476,34.102429037070046,1
VEN-00447,20.452876328287005,0.6878679660912764,1.516795905000027,797.5950220619628,46.78046230216439,0
VEN-00448,-1.2724273077878,4.915772105503221,0.999587776786487,741.370611089612,75.154589682454,1
VEN-00449,-32.23852806930303,0.7162764208225704,0.8720722914959916,574.4530932203437,72.90654522394163,1
VEN-00450,22.55597677506641,0.9318789925940826,1.5811193414610367,749.6065489972688,87.43368223620439,1
VEN-00451,17.921609274681874,1.6888597700223769,0.9834548915423492,503.47617812977023,8.136650944413418,0
VEN-00452,11.708261306029131,1.9230309231772569,0.8085443771814012,868.6024337723345,27.77421926732612,1
VEN-00453,5.406238837276092,2.324405605063555,1.110997790573642,602.29721841596,41.586443572276096,1
VEN-00454,-1.9953649589536324,0.7611414455496092,0.9824015273758196,649.5863697193658,25.32641199750825,0
VEN-00455,-5.531838794736789,3.1022148795044044,1.468053071366481,670.5837083140761,54.18746111077152,3
VEN-00456,9.224639280235817,2.853445206296254,3.437384091753456,528.7209879255043,54.472531688795776,0
VEN-00457,26.622006830298385,1.0653029175651412,0.7922939904305575,739.1885723732698,63.9400034887566,0
VEN-00458,-25.437801293464958,1.428332280082599,1.2151448726578953,602.1323182612116,56.06791950174616,1
VEN-00459,-13.56438071703942,3.136496671669016,0.9185547448703388,573.0286480624869,64.29175698429383,0
VEN-00460,2.254859032422928,1.2208256844316268,0.5794216782499961,750.7948429535421,61.366657814317854,1
VEN-00461,-1.0066018777599537,0.8554912653544853,2.9298836041117777,769.4508333059898,39.76028596336047,1
VEN-00462,-2.156601482249764,3.336490340552344,0.6462102877026245,636.131315230132,43.7685951353415,0
VEN-00463,7.574671110291978,2.8308794331298133,0.8711207029738077,648.7759271520672,75.41372890528825,0
VEN-00464,37.52400825433698,1.997843815025864,0.943587264215078,486.8370158505972,47.1649702925669,0
VEN-00465,30.018742302666453,0.9941820620012262,0.9270816811725834,827.9949436927791,43.17946766880259,1
VEN-00466,-40.24999065677755,5.114758732196702,2.2487984763893474,780.254181536698,41.86446214879169,2
VEN-00467,-2.2172791726369816,3.8184791343549582,0.9387755766769422,778.7082706948368,66.35818799422644,0
VEN-00468,16.29599629681712,3.597192668799617,0.96734192232757,712.1083391785074,29.84293902244792,1
VEN-00469,-2.4530069434827624,1.3451502982386403,1.3261159218064844,756.8731223928164,48.77897018825265,1
VEN-00470,24.08832218932636,6.003192611383829,0.8443904871142829,755.2230264545615,74.6809930948126,4
VEN-00471,-8.333912488494342,1.1073720512308802,0.8615714488676007,594.046175940958,40.34047723493842,0
VEN-00472,12.309307351191606,0.7896689542373366,0.9763651381750968,616.7287673362345,72.22260477325695,0
VEN-00473,23.884257481683605,1.049953486157177,1.1714881012624114,805.2072024462195,33.64043599586375,1
VEN-00474,10.89779321008665,5.159975273550221,0.6772219202243197,816.1595327330472,58.76590759003308,1
VEN-00475,24.823125652066864,2.076947061314756,1.170737454842905,733.0386473687489,54.94158258777902,0
VEN-00476,19.71990994932477,2.357356250150649,0.6547270709237689,717.5524529972097,46.59399318522167,1
VEN-00477,-37.38306056482481,1.548722964074508,0.8904806671896179,698.2937798050621,5.0,1
VEN-00478,12.085754901813026,1.6845533255727374,2.4667664087856926,770.7120919298634,12.790214795009902,0
VEN-00479,15.078005001134624,1.5471717320137268,0.8800267341143021,640.2405352636112,66.50005401482042,0
VEN-00480,2.8206583867521786,0.8088790902953188,1.4910251330221924,637.0016755892551,25.04681342401118,0
VEN-00481,-33.03375783923889,6.6832109100794606,1.7545673334315122,735.6640720224956,52.52728225141927,1
VEN-00482,28.00214838487446,3.3709190616773035,0.9852987153298852,585.5655087059434,49.8684291373228,0
VEN-00483,-3.3241445052116863,2.6113726688995995,0.772221093438946,501.5829777315362,49.5083101114508,2
VEN-00484,33.00877745458973,1.2901257556942425,1.144389063430764,628.9323825254603,27.67822231072333,2
VEN-00485,3.45217011927702,1.0536991172021843,0.6434220443886373,612.0089244106613,65.75856426141532,0
VEN-00486,11.662988575327544,1.033406783823457,1.859192299812851,732.8318220914707,29.278348780760723,1
VEN-00487,-3.4664379969499226,1.3942762230387358,1.2495388719399696,634.0862233774021,17.948129672035037,0
VEN-00488,-42.09429388466799,2.1160349809325365,0.7363349398281075,705.262152630284,66.16051315288217,0
VEN-00489,-9.40769722694468,3.6198402166870407,0.5480632142060085,637.0894875390184,63.89304118299238,0
VEN-00490,41.38758748466473,3.907775825889632,1.3680652915319558,605.8472089541254,60.58567806508204,0
VEN-00491,-40.57162894418127,1.8573162971298864,1.441666950537847,747.1017695889144,63.6778294708985,0
VEN-00492,10.191043223806076,1.0922929101969068,0.860943810231104,679.7358047800363,70.27038633509021,1
VEN-00493,-6.005439220291127,5.75228830241179,1.0937065427251842,747.9587798927084,58.358437901077615,0
VEN-00494,7.176649430804067,1.2203986089073526,1.1386940341985246,613.6345395664393,87.62384681815843,2
VEN-00495,9.280987905752934,4.90531363864231,1.0129066571253045,676.1855089163329,91.640802605168,1
VEN-00496,-6.452694154622479,2.4579998244991423,0.6210518839802655,643.3226025230772,39.09444169655286,0
VEN-00497,21.20619941587608,0.5303161030163772,0.7593818589857584,607.5107599667963,16.194104791474473,3
VEN-00498,2.0325641867392794,2.511751807302092,1.2668639055910802,607.0582688817369,24.67127932148784,0
VEN-00499,-28.184812214386803,1.3566009028355768,1.2356870754601272,748.3837712738675,26.416005093249417,1
VEN-00500,-10.618095043004288,1.1374946588467056,1.085794944929659,809.1490784518563,45.545502498771214,0
VEN-00501,8.825254519762233,1.7673608322787744,1.1712810951914805,638.6396618338822,62.244744227858526,0
VEN-00502,-16.63187586757504,1.138936987525328,1.277058907879052,701.1721460129523,48.97176798941155,2
VEN-00503,5.784105751221951,2.369560844785432,1.1134264876151938,789.8062883321911,71.29345652796376,0
VEN-00504,-16.907936664911933,1.0771513900140572,1.248421687767124,630.8877708865749,73.15463786954422,0
VEN-00505,-14.230831967827342,4.797731198332543,0.9554725952035062,557.0756744156205,14.30740735371436,3
VEN-00506,7.811595834456066,1.682892884075767,0.8400894519899292,676.6426480741974,74.30389298214074,0
VEN-00507,8.267376068905529,2.304878165588523,0.7449747506704406,620.9818202291161,48.07593032663112,0
VEN-00508,16.610418177147864,2.372658515017189,0.9395790028481452,665.9748017443675,60.10226955294141,1
VEN-00509,7.298608798546987,2.129394426366058,0.8746544485456742,581.1519442435099,96.56361755978224,1
VEN-00510,2.475080738402521,3.452126603403016,1.8962880220271447,714.9066761608805,48.96345293769615,1
VEN-00511,25.03531422054539,1.1950194783727384,1.135613465944502,761.0640910780282,23.724638800744238,0
VEN-00512,-12.888068851118067,1.3735369048866155,1.2843874020792612,698.7289376874301,34.17633290251693,0
VEN-00513,9.692596048130907,4.444477739903054,1.0571853177320458,769.4190570340126,73.7540451134924,1
VEN-00514,-19.682052139319307,1.36213217437003,0.5590174711377125,671.1021476397221,49.012782204418656,0
VEN-00515,2.2552570677126638,2.659551457125305,0.9220930589728732,728.5513353478242,46.41675235059864,0
VEN-00516,2.80884287847676,4.514314380313442,1.2083178443240237,709.996957816234,39.81373337337739,1
VEN-00517,-0.9566048579058766,3.3801144220468853,1.4122763219851755,761.0047112011034,36.06302788447858,2
VEN-00518,-9.948676257433425,1.1172925061774932,0.8340334440685795,738.0168830582448,41.12447784832534,1
VEN-00519,-29.11799992834605,1.320286064252873,0.5003152753372797,819.3638926082594,67.23100397456575,2
VEN-00520,32.71282606702595,2.2342824423084258,1.4896098119269912,635.2455086893731,44.94575761647402,1
VEN-00521,-2.174095559169869,2.5814878207368004,0.891269808984153,572.3165836465025,79.47522873603076,2
VEN-00522,-16.013432477738945,2.363184035976138,0.91822503368861,628.7146587962746,69.0338802674941,2
VEN-00523,-14.126744860654613,2.5478909391429383,0.8511523629496609,719.7587621948253,35.20397375639571,0
VEN-00524,17.511461075309093,1.5351562211285117,1.2329298879973545,700.204455911324,33.97093811465733,2
VEN-00525,-24.43993396957967,1.5776496820280534,1.3768391519162828,516.0777616816099,77.09560636822127,0
VEN-00526,12.77752841731344,1.435355118049913,1.491198135508419,687.4309982789679,39.55278107470815,0
VEN-00527,16.809487212304333,1.2389570124748046,0.990074913458025,626.3433103926487,56.732583111022734,1
VEN-00528,20.809895995565498,2.3360254771118254,0.6918826126817912,728.788580820996,27.15824152895381,0
VEN-00529,-17.86889951158043,0.6727027727166992,0.5634245807598365,796.6570332086926,45.90050382120823,0
VEN-00530,17.98571001677732,1.4337621024861034,1.2219634105256996,740.1883515401121,56.27847084740608,0
VEN-00531,15.465741896065351,1.9253508911408173,0.955883211374148,703.5989763647541,77.98319029988798,0
VEN-00532,7.356177378398915,2.271647840579372,1.263782187011798,627.3968847346691,69.12402511989848,3
VEN-00533,24.00265252105532,1.4097501549144744,2.1353689352168,781.7420436254736,50.30050834904533,1
VEN-00534,-1.1106815696248704,5.356097808511462,1.159968259096135,755.4327287451448,96.98644944910076,0
VEN-00535,-7.047412360428606,0.8117297994937018,2.0743240304220065,564.1661068575545,74.81658801197598,0
VEN-00536,15.572431076794173,3.001811750616248,1.2556823091166904,778.707031142014,72.27602972086339,1
VEN-00537,12.18097011214005,1.2725066427349507,0.9307260585603596,659.2482109547963,41.527588214432015,0
VEN-00538,0.7773857280454965,0.8402816302941275,1.2589120950753483,766.9155017995467,34.05447965482959,0
VEN-00539,-4.649940360008356,3.2962332287219103,1.5756179575496865,688.3245898705026,52.70279641255566,0
VEN-00540,37.71663437101741,4.616644597809479,0.8185895065544608,636.4733693284397,66.05124851519842,1
VEN-00541,-30.57287843719301,2.7206105783528547,1.1677001554362465,785.3517771472085,25.584243625728188,0
VEN-00542,-4.640794264622194,4.669908299894742,0.7781208137815899,869.7147913149425,84.38217372428431,0
VEN-00543,8.115813920003731,3.94874419960798,2.210714369356391,646.7778515868522,74.35902379006905,1
VEN-00544,8.675463683969985,1.9637829120655657,0.778725030022644,602.3930070571433,47.43585817390015,1
VEN-00545,5.247392039127888,1.2345658984037693,0.5283986138905504,736.3121479397853,16.329915848683186,1
VEN-00546,-25.831734902633976,0.6463288547906457,0.4056548073770676,693.7256822977342,70.31144089316612,1
VEN-00547,-7.534185761027375,0.8432912011299942,0.7101788744111849,547.842201850745,41.18252860068364,0
VEN-00548,0.5047677403288597,3.1814358068424977,1.530059376245721,805.8134286676182,74.449580656467,1
VEN-00549,4.6743117601193145,4.679909821693945,0.7907455169894739,687.8586112429878,82.92493554051104,0
VEN-00550,-7.579228320476371,1.9006566729608148,1.009644028377828,718.3686490087032,67.37316005247476,0
VEN-00551,24.80994729641001,1.2708462530225664,1.348259599736544,574.9697745404665,47.508669222258725,0
VEN-00552,23.02242421206073,1.0481431336860891,0.5663371850913516,651.2376917438922,53.05402339765811,0
VEN-00553,3.266786231909097,1.856477648013588,0.7906208571443325,533.254686526375,66.2525199076098,1
VEN-00554,-2.070103511059113,3.101954143928711,0.911013069896352,711.309578900773,60.95411114664438,1
VEN-00555,13.875086574959514,1.7247947021423875,1.6603742493578342,734.17394488502,42.094339148377,0
VEN-00556,12.812905619773757,1.6558885043900644,1.071790868471818,634.6200845980798,52.94178559229852,0
VEN-00557,9.450287751295935,4.843901761966803,1.8160148527632745,688.9525513931005,85.13654041534545,0
VEN-00558,33.05474158563302,1.8055456076602785,0.7886593861887129,665.9289705767306,79.9607196626178,1
VEN-00559,21.236721430008416,1.2571489486514469,1.5985693200984936,506.91240104058807,48.354489312315245,0
VEN-00560,2.38495229567168,1.9137114011528933,0.8759608766835709,525.0815157488717,47.06690049780535,0
VEN-00561,30.593609344057125,1.9282959936547268,2.116015600384497,526.6919370811091,66.21384537723674,0
VEN-00562,24.104034816414558,1.2612541586152533,1.307624317715618,727.153847861107,49.92706868525367,0
VEN-00563,23.39646895596793,0.3113823888205835,1.067001673261608,857.1327976890794,34.13581185998741,1
VEN-00564,30.93308420190295,2.60770326651558,0.4693950164101094,570.1438027062259,14.11738825689249,1
VEN-00565,22.28323294731497,2.1333047395261104,1.4556705157545404,651.2103603444941,79.82140762315333,0
VEN-00566,-9.348425424225985,1.5431023091897718,1.3350355097129771,760.2074019673719,5.0,2
VEN-00567,-14.3625125014172,2.1074823321843104,0.8574393757157701,721.1659826394242,105.21172704696042,1
VEN-00568,-0.9639862040189984,1.5863755479759123,1.4113590457616598,752.4064081808771,51.67681530234423,2
VEN-00569,17.313215201083512,2.221243150881901,1.0875948695208897,634.4090450814876,34.14423087929744,0
VEN-00570,16.14286299831629,1.8244556455865888,0.6255885397340571,583.1931632763955,28.642841519397155,0
VEN-00571,13.654022981184411,3.652229557623491,0.7387851496073571,617.5506657678799,77.45189346569325,0
VEN-00572,-16.503896586558753,0.9906196237897488,0.9167675479554316,565.0327221843182,50.37601555148749,0
VEN-00573,-38.831694507580266,0.8948303603851551,1.4246675177366133,844.280297055691,24.204334302644448,2
VEN-00574,38.308027254281626,4.1589430486594425,0.6617630511087149,719.0835170674451,55.80374749679767,2
VEN-00575,-3.757931089564028,1.2451121699949004,0.8896187692610745,619.5192889216751,53.73642685413063,1
VEN-00576,22.035538844370663,5.604753181238714,1.360664850287457,667.0354446238473,34.62734356568941,0
VEN-00577,-7.874550360443926,2.632740873144773,1.036111673669565,738.7637577175633,38.501808492215744,1
VEN-00578,27.33333313411385,1.2899376402205094,1.319970622021765,747.7553466150888,53.49181426782473,1
VEN-00579,8.582819863482158,3.823516276498912,1.0191946445262854,692.8636011170925,70.7240460755385,0
VEN-00580,46.95470603569383,2.03177392753701,0.9203185404796218,571.6818453516565,47.91660970859824,0
VEN-00581,1.0929852534624578,2.125016146760291,0.7979232838627158,626.4235776086714,98.04648685659936,1
VEN-00582,19.38508633536616,0.7596895983340158,1.9906772386293088,628.8742733831363,61.5022312941417,1
VEN-00583,24.706388552256534,2.1035214650149725,0.7538125965748361,789.2617362728863,32.68642254555151,0
VEN-00584,35.11640900058615,2.709538169672661,1.213569320788108,671.4918704182065,54.949913330141925,1
VEN-00585,-9.497371998255588,2.07096125118826,0.9143687281758602,677.6701993880313,44.068871783418935,0
VEN-00586,12.907125187344953,2.3531129099878125,1.1621427498393315,627.4889040218585,60.57889587726859,1
VEN-00587,-4.233998524601995,3.684567915919146,1.2619340962281684,497.7386113996782,40.15156031050456,0
VEN-00588,6.199699613513034,1.1232540078404871,1.2969545520515604,752.7217947110353,74.80347143066075,0
VEN-00589,4.3200951453245615,1.7833756188252508,1.1412054756918404,779.8723227080499,75.05569206000175,0
VEN-00590,16.404885016612347,1.0816413640324174,1.212845655995064,597.622414660045,77.31995049047349,0
VEN-00591,-26.94527102726289,0.9962644650765412,0.6219346078662829,662.0218193277065,39.176439730944416,1
VEN-00592,-13.403034488829675,1.094055879654123,1.856955401679388,641.8963700609535,14.552422078892604,0
VEN-00593,12.751299899394535,1.6698578704346043,1.4086576256915286,685.2765503724652,50.9057614760972,1
VEN-00594,29.652373524732575,1.7742638052199384,1.1807374010283262,753.7389447416616,60.83276004067351,0
VEN-00595,22.6943404768659,3.182269191329322,0.929639552884028,555.1742440729635,65.97998216455852,0
VEN-00596,29.274329137590065,0.7867248165257393,1.2049614083199167,725.5244326512096,35.96923964721126,1
VEN-00597,35.35642678846645,2.521482891706798,1.103777234425391,603.5904858679723,25.10886227357511,3
VEN-00598,13.308511274965568,1.1998488202804742,0.9029484682116756,649.8369406881276,37.7785985801387,0
VEN-00599,25.4917163213445,3.7492209149017386,1.8451378875298965,637.6810088360381,84.46418808701745,1
VEN-00600,1.9899682486236152,0.9933098661155336,1.404612973235005,582.9083486888453,5.0,0
VEN-00601,-28.881710461690663,1.2471055971900895,1.2893420703993173,650.8533387502769,71.35976186465598,0
VEN-00602,0.954026186123846,1.364402811834307,0.7595570734308854,783.7004656637085,64.68215740238276,1
VEN-00603,14.630655641206502,4.435177024670834,1.1821601738826248,661.5731235349637,42.281144780047406,0
VEN-00604,-24.770058259061564,1.6729030547458097,0.7623866585556883,758.3738616485953,60.922284586416126,2
VEN-00605,-2.30774354074123,3.141117329869199,1.1731339434904648,747.2722883786965,77.26320268280315,0
VEN-00606,-7.675595531025682,2.603913771462869,0.9313219848292038,568.8565788039524,72.73667130928983,2
VEN-00607,-3.9004522187145128,1.4589027915375978,1.042984605311,570.533512936635,80.29149033602833,2
VEN-00608,-3.6882450496150376,4.4241743427068965,1.1333108578861744,665.6711056753288,67.46462702311393,0
VEN-00609,13.296478036931138,3.055352534045996,1.537985899854352,663.0442572835967,53.10303713657285,2
VEN-00610,-1.3314088346563713,1.094809908643209,1.1068581136216329,874.6816301907868,56.95431510880501,0
VEN-00611,11.86361421733517,3.537959199461832,0.5883013507912878,623.9498897770262,35.972591431259865,2
VEN-00612,12.975839603154425,2.418995044283103,0.8932346313826414,748.6821588895228,78.6904592417895,0
VEN-00613,11.4398221724277,2.4269476919089823,1.7735963923953562,709.5461566105272,39.88127984967768,0
VEN-00614,-15.589364147691692,4.078549683852975,1.6866433518003354,578.4415471169128,70.1441462385417,1
VEN-00615,14.370195056584404,0.9249619951440328,0.7201219294454227,749.2004946792244,65.1636974668561,3
VEN-00616,33.80643981860352,3.576069145025146,0.830028268728066,733.8268825966917,93.60875731945627,0
VEN-00617,27.08222184975938,1.7960809097327706,1.4380659529025126,792.1621346811996,64.79234583317259,0
VEN-00618,-1.2205054652829688,4.256966777648294,0.9327559021348956,797.9080471815486,7.202367947634663,1
VEN-00619,3.2374010098867423,1.271336722889353,1.5768213919568983,453.7495028460197,63.07702206335761,1
VEN-00620,5.049472094867412,3.748297835031921,2.120049150080368,813.0468751200974,81.47102876813543,1
VEN-00621,-20.488967727708797,1.3204125666006603,0.6581828712556528,725.7086119396928,70.16305812451388,2
VEN-00622,-1.015312277170028,1.6037907853160491,1.8247181765427392,673.6264854123509,58.77997231990879,0
VEN-00623,6.301096545321737,2.031969945584091,0.7804970545723628,537.0849494318555,22.76510063514461,1
VEN-00624,-30.532278526798507,5.437263354921085,0.8304525572011409,755.1059384304469,93.59347377777856,1
VEN-00625,26.284274482205987,1.1067153902538522,1.2383743469314012,896.122704876373,18.312608728429595,0
VEN-00626,10.412915134168554,1.6457726199048592,1.3672956288085525,510.8180536585292,36.95461747260445,1
VEN-00627,-4.964632505183227,1.114671076434657,1.0322000583532034,744.8448537635613,55.807280483424286,0
VEN-00628,12.74455934829361,0.8869442110482526,1.45054824170746,513.367640695111,35.71199869659718,0
VEN-00629,33.0561389208706,1.508001758219565,0.8037270919489232,597.8945753899595,11.65258336380682,0
VEN-00630,5.609194303918366,5.799314249408261,1.1656820396875285,774.0875808462587,43.6505071599717,2
VEN-00631,-3.921750389221039,3.038535338275256,1.1655809322046418,496.8155649100965,30.22751993877402,1
VEN-00632,5.489899935775335,1.7659515879240892,1.3556847083784356,769.7992442625296,55.43214950801418,0
VEN-00633,41.21722144755603,2.056931644458261,0.7432793284147099,727.4176318723336,36.05235695565306,0
VEN-00634,26.057377805442545,1.210398381988819,1.1447887741118947,658.6855774599537,87.81909843631297,0
VEN-00635,12.08322789081957,1.201527793532766,1.017999868719344,483.6959150590019,8.436810719668891,1
VEN-00636,25.37490355879276,0.96123042577557,1.7750300512052537,656.0404149879,53.89914636294137,1
VEN-00637,24.67514218878033,1.288099032867576,0.9242593992274628,732.8589818978387,36.72380466659567,1
VEN-00638,30.524622547366956,1.0334279531426018,0.6563824089283194,773.0427056036715,99.63234797516095,0
VEN-00639,-28.74519783130161,3.1835324245818577,1.144499618005471,695.3568926865424,24.268066318035565,1
VEN-00640,30.51512207717463,3.495606868645708,1.1408070910244974,703.7882554837804,62.625239176549584,0
VEN-00641,13.966463089954765,0.7653492183386567,1.0543810709036407,759.0460567216329,38.249062497656425,0
VEN-00642,-14.718901199697356,4.157331647002914,0.9252126487807084,630.7628633770463,5.0,0
VEN-00643,16.77496368858287,3.4624149313962373,0.7452501511259343,702.7576566756746,75.0575760665001,2
VEN-00644,39.17252982671408,1.1014012233254642,1.2801198197443036,625.2354278323124,47.1077863815568,0
VEN-00645,28.051641156625173,1.7993437956114862,1.3397377779819224,578.9752473624073,92.60445708983092,0
VEN-00646,4.426280619675823,2.05725069598387,1.3024476302806194,643.196125122585,42.9371641304662,0
VEN-00647,21.28561583273006,1.9911271502806929,0.8732520456780024,708.1697901338973,54.81203462714632,0
VEN-00648,-12.841602746295855,1.1541139011476027,1.5103436009731046,798.5555645802121,75.33767691198497,0
VEN-00649,-42.93766227580569,1.7915798703999295,1.1315799740970514,709.2737666025416,87.4380555441275,4
VEN-00650,19.405576543029117,3.139319562383845,0.9644956997841176,639.8645642527824,63.828230825566685,1
VEN-00651,-8.26956487907436,3.47264603222069,0.7857168724431723,707.0284284170197,105.27311424877686,1
VEN-00652,-24.266592461029056,2.096688283764974,1.0029960395821926,685.169851838519,31.90862542384668,0
VEN-00653,-26.367383933496697,2.0198387711108428,0.9465710398331152,716.5128225736051,30.63046726001278,1
VEN-00654,33.901078321152546,2.8811766048309697,1.132825995393769,721.1151957950924,42.33244437273441,0
VEN-00655,16.45313304254352,2.225863091385748,1.3176514188162662,740.9278971379499,40.35328727801832,1
VEN-00656,15.268084140733034,1.6583204951949446,1.072105100902051,773.9603256296781,104.90989605534648,1
VEN-00657,26.603281106561425,0.8994783846562461,1.4926954937662362,666.0690553101712,80.3912473403339,2
VEN-00658,12.9453692663387,1.19900143408928,1.6462823660872925,805.8440770855738,59.93952050983771,0
VEN-00659,15.53543377857709,2.548916738586544,1.8865904068510808,596.9899491384756,38.15677803315751,0
VEN-00660,9.49386238317846,0.8636772019907437,0.5513406948631817,729.7475549413747,70.22263593339346,0
VEN-00661,23.93288059172484,1.6177975939739309,1.37425050038208,756.5885668014223,54.9963735637167,1
VEN-00662,-14.13303340500196,2.6118865073152304,1.907295263980077,660.2551314719876,46.238236606402886,1
VEN-00663,30.678587487383258,1.6087029102345292,0.8668159689908874,552.617283091585,32.334301083589004,1
VEN-00664,31.58758243225665,3.083419667967706,1.0877609560127883,702.1070542017309,60.14552765295269,1
VEN-00665,-16.928116273741242,2.065450689355865,1.710999227214936,790.0066741991931,52.36324956315265,1
VEN-00666,-22.6212382698856,2.7781478838474,0.9756252917204846,844.3141736322976,60.476946181513526,0
VEN-00667,-27.50930325549448,1.7330786346325888,1.5937931282593545,577.8135099329273,28.77436922876442,1
VEN-00668,6.9835929953230265,0.671131471168062,1.2073220979769093,696.0867897163022,81.00557991183298,0
VEN-00669,-36.23613782145699,1.979717384574544,1.2905420723141705,673.6889644852381,50.1839286971808,0
VEN-00670,18.190983088031462,2.675401911318863,0.5720972592098279,655.08225514108,50.39958907178939,0
VEN-00671,-8.027511387565765,1.601886832069542,0.8906782201152622,546.7790514063253,47.01008736884,1
VEN-00672,32.36622398482412,1.4276130212219411,0.819728944577479,670.0272181050285,44.05524219602475,0
VEN-00673,-4.375077882186666,0.4660183339302836,1.1728113820568578,750.5440774240224,32.65162991148916,0
VEN-00674,5.477074430796491,1.718113784589827,0.8976558976875808,845.643430917701,67.67921354950047,1
VEN-00675,29.06075485362052,0.9037802085287892,0.7053343421213201,793.4110163109272,40.77224032380646,0
VEN-00676,12.145855137277618,2.3807885537529194,1.5120992671109392,556.3423036161389,31.994334534354333,0
VEN-00677,0.6394084459442197,0.8069720839439573,1.0419585098748825,530.7066310035539,69.17503748398278,1
VEN-00678,-9.185774739320497,1.7005065505828785,0.9500002780265856,833.7118874137831,90.73875720927356,1
VEN-00679,-43.59981118530705,2.6908990155745967,1.2434132010472358,663.2352283549909,63.32497392068181,0
VEN-00680,-1.9310120533603128,1.7972280899004756,1.149729945091826,610.7436258255382,57.11279035344198,3
VEN-00681,16.27992508386865,1.909254919421095,1.3617429588154504,854.1021497560716,50.15821035995175,0
VEN-00682,23.477403525477204,1.8491130457876723,2.0706291835473536,654.360211404479,60.19170434452676,1
VEN-00683,41.40963648415812,1.7715620291598595,1.4302239141530009,656.5147764551701,69.62806148675122,0
VEN-00684,22.991378410523048,3.346531926337912,1.4426018094924602,643.3989997540878,69.62886309170321,2
VEN-00685,-6.249817692946012,1.4940915701164503,1.2837597645902317,571.4470199687074,59.968141883930194,0
VEN-00686,14.001859286639458,4.957191832564877,1.2465583624626193,632.2649303854402,47.05598894282805,1
VEN-00687,14.207148501365788,2.17160763167832,0.5072821582149644,593.350036215429,77.56727487645668,0
VEN-00688,8.156707855128241,1.3208955877681423,1.0387295153262468,595.3041045714301,83.92398682265427,0
VEN-00689,8.851799924354754,3.8961058551799,1.893332850818268,486.33574412602417,75.1558370112276,1
VEN-00690,1.1879714958606842,1.2237786718628485,1.121859925520928,691.8582317039659,90.18301527811218,1
VEN-00691,15.640231408327406,1.049036983374571,2.611738303040332,521.4267012771314,51.66000764189001,1
VEN-00692,-37.864599793910045,2.80494404222419,0.8108332010775723,637.5710292281445,75.77901634811985,0
VEN-00693,-6.856331592213193,1.3777113116126891,1.5719773081808288,695.424286261498,64.17742612722276,1
VEN-00694,9.757809716288318,0.8029361393758713,1.063187810398534,576.4050710693996,9.548585114346594,1
VEN-00695,2.460771253861661,1.5786451999504465,0.987012516262728,676.0101819583348,67.51150150100338,0
VEN-00696,14.102041921873584,3.066247366151127,1.7469972307085395,666.1065819006134,63.83649290353403,0
VEN-00697,13.270595908694958,2.524508699559277,1.076751272874522,612.6658554156941,60.73543204964618,1
VEN-00698,28.604432984628914,0.8858325350526425,1.7032731674227026,657.3194418579697,58.18059395064866,0
VEN-00699,20.486700823100374,3.1497335087472167,2.719842078046083,697.5868410754867,25.28047931218161,0
VEN-00700,9.510292228524646,2.7368444117633564,1.0873298870315082,539.322512258144,26.04132075493826,0
VEN-00701,-4.593549664378486,1.1775508325301964,2.792171021663653,605.5857659978,5.0,0
VEN-00702,33.38188075515238,0.778227637249327,0.8686635347992993,673.0215388695004,38.092772799118,2
VEN-00703,-0.0210229072051664,4.706992055530309,1.1659729759747706,669.8479476710921,61.54672132677192,1
VEN-00704,12.078836117261456,2.418879288499532,1.1636065685637949,668.6058631353206,22.10637103637016,2
VEN-00705,-2.835985596335036,1.4059460945748368,2.035897735830184,472.0208982649385,62.59364714238673,1
VEN-00706,-24.41655102594694,2.1864559357264017,0.3885925945650891,579.0918815419936,51.44366504424684,2
VEN-00707,2.774353498470691,1.5515316616897237,1.657268786003631,645.2154905155131,54.87662295822579,1
VEN-00708,-19.54773844527814,0.8282665129132989,1.1931375006327585,557.7403212743411,78.06097935942768,1
VEN-00709,-12.9679544529586,1.7204672435554191,2.2488542047430187,694.6866845411433,94.30447518238044,0
VEN-00710,4.7252068896786055,1.8808216052898716,1.2988050954244306,683.3298841250366,25.60328861740061,0
VEN-00711,-13.9027868255697,2.07989025730365,0.8032321980626831,670.0777855396932,29.93144242335912,0
VEN-00712,8.55595202139757,1.5847292296530389,1.0913695252398254,649.3051935020292,59.31319332375697,2
VEN-00713,4.136766976358266,1.9876084489239063,1.917206834660442,679.9527281768364,56.56942946834173,1
VEN-00714,4.543214358631055,5.827326238379615,0.9471247858075976,736.5157770491227,30.856346516023237,1
VEN-00715,-3.396086825556914,1.7431560953920846,1.3895632528857496,765.3314351592858,43.562288690087385,2
VEN-00716,-10.146768068406452,2.53093421149611,1.1931096918829298,773.2588239742768,49.74089327652817,2
VEN-00717,-2.202650238475778,1.1164986641332604,1.1097484879103132,692.8031144913742,50.36389012174215,0
VEN-00718,-3.530923794712052,1.3972165994538623,1.8537082807116825,599.10095696908,53.56674921990442,1
VEN-00719,-14.863290545540082,1.8033515757808036,1.043021103387933,617.0107253487241,80.83760249433232,1
VEN-00720,16.085114102064193,1.8394942474363216,0.8308108533267402,850.342124044394,49.887331693616645,2
VEN-00721,13.712182100942934,1.9666904838482155,1.1027990969241546,698.5092150293564,40.74489235683971,0
VEN-00722,0.6494249741481397,1.957142855072548,1.1781360192542367,698.8234765569092,20.87581675990913,2
VEN-00723,-29.4876400710024,2.143036732016613,0.5883191494632157,611.326414679252,41.0522288125747,2
VEN-00724,37.19548452905462,1.712633193275,1.004446580036534,768.7170749505601,55.26251942261024,1
VEN-00725,-18.591906881728463,1.6275435700564174,0.9163867661929328,711.8141926226227,61.82739444233461,1
VEN-00726,28.87144888309209,1.851998384046074,1.160198340598675,690.3466717017135,40.50534974078606,0
VEN-00727,-36.90751270725266,1.7286986399387487,0.7763692674702882,776.7343735831082,24.09471921467156,0
VEN-00728,-23.96663289038551,1.8820888860187923,0.836151369553466,788.3572596163268,13.361556709545871,1
VEN-00729,-29.98138837094729,0.8965023737002296,1.3609997280261457,789.9762046439442,32.5985569478914,0
VEN-00730,21.915685317298877,1.76425389396442,1.914091813874707,688.8049661820085,68.86684357687754,0
VEN-00731,25.73363980755781,1.6453411201405532,1.589036944836182,626.104622063913,89.43521331610498,1
VEN-00732,-7.053542893615923,1.4182539514588115,0.7867901827945004,724.7359120057932,72.13102956439843,1
VEN-00733,-11.569393433793252,1.34260858794742,1.023915063775466,639.4036061740128,44.782238767432936,3
VEN-00734,-6.098843470753291,1.928318703991136,0.7108891502211777,663.4403408693671,41.00098342097787,0
VEN-00735,17.69334557780369,1.1681692899540972,1.7012399685872872,758.8388679865926,75.9507217464332,0
VEN-00736,-48.55781874287,0.8234327078605769,1.1865819839215426,873.6545777833182,39.293328769806166,0
VEN-00737,1.486062542919428,2.281464385861061,1.0925988769954924,809.6579834827428,67.9229776127621,0
VEN-00738,7.3438858306243615,2.07215498542544,1.692872975571356,802.2349114533829,44.54802927988519,1
VEN-00739,1.0317407646533212,1.2816241616617274,0.930098676006294,695.2642732330603,27.657715900469107,3
VEN-00740,21.79434189704328,1.1734341407929831,0.9720960702908452,633.0353359189584,63.81419675968178,1
VEN-00741,-10.97541435015669,4.882350500146936,0.6382080895849693,774.2964564258673,45.00930482043417,0
VEN-00742,37.67544870373325,4.689245327195002,1.533891195641467,690.8129543055322,20.94432568218616,0
VEN-00743,8.46505941101552,3.114968345109969,1.3321140954802648,681.4886840293011,80.22917011475978,0
VEN-00744,24.224512513752146,1.4411604997075136,1.584792055295322,634.6261293406806,54.40904972288196,1
VEN-00745,-1.3535600696654804,1.929912878125408,0.6556589511152762,685.3226994701889,81.80038693895094,0
VEN-00746,-26.13311871055312,0.7803143524275769,2.183855637286031,589.3537603621393,75.63525433518953,0
VEN-00747,36.95265928291058,0.7000089607770494,1.7939487514441907,738.3887652400917,27.024483967991376,0
VEN-00748,6.162437237539378,1.9061012522770795,1.8367171277821852,593.1026295795953,36.11749181695383,1
VEN-00749,-25.933771608027463,3.9938454644326287,1.0307929179141015,523.1782024648696,48.43711687296934,2
VEN-00750,-9.466182202640358,2.482417961220867,1.523693126162508,649.5297474353212,67.11760916822058,0
VEN-00751,6.4523525364228425,2.032179933780788,1.1996303522989584,553.7528938602719,39.29954256002402,2
VEN-00752,14.253342582057224,4.787557103044667,2.53793946926875,748.6223659343154,60.48210696408828,1
VEN-00753,5.9357964540072725,2.3595080178249046,1.2112089123498218,830.7256196654246,14.485030621314678,2
VEN-00754,13.58457111631548,1.929085599529536,1.338496041820848,686.2857488308565,68.41455094847325,0
VEN-00755,-11.054252414287744,1.8028623253144973,1.0241799040479838,833.4633954139138,72.4712583994185,1
VEN-00756,-24.80902506854207,1.1681603965220702,1.0771025189467558,729.4821377409486,49.00104748322162,0
VEN-00757,29.522489958136816,0.6147033931235306,1.119143461404139,625.4896972913567,84.46939215983036,0
VEN-00758,-7.245103338496529,4.880820804654738,1.1921783479178163,644.5121214631671,49.27116809688181,0
VEN-00759,26.04137098682058,1.2128834477754085,1.325270545996983,837.5190518019567,81.2550669026749,4
VEN-00760,35.02811719235004,1.4051848026941614,0.9281855630138308,608.9574324271056,41.15346309479387,1
VEN-00761,26.87521220411121,2.1107067077116426,0.7570886884385442,683.8173933225683,24.32826125980232,1
VEN-00762,-5.10315383092737,2.61821587955556,1.0063793630424478,675.7550617530958,29.937856636255777,0
VEN-00763,-2.8228577378495,2.388849141199206,1.7065087327280355,752.6217730797838,27.33915515336444,0
VEN-00764,25.50779036857327,1.6371426962953488,1.9634027195276145,561.7941926716926,42.33958412557208,2
VEN-00765,-14.105557358503017,1.1859985152163643,1.972879452999465,715.3902177495456,53.27640199963234,0
VEN-00766,52.98738321361952,2.48635309052615,1.1798765633859292,619.5969596278649,67.18670384017139,0
VEN-00767,20.686190440407557,1.938968128558761,0.7972197401864772,643.518237672497,30.189797160949,0
VEN-00768,46.05547831182464,1.573516646604589,1.659203041399542,558.4104652498528,26.35829062319793,0
VEN-00769,43.326986038544206,3.380288383089401,0.9630892505998232,546.8226817220755,61.2883382880504,1
VEN-00770,-9.681609526703678,1.9392041829564068,1.0743278163863084,639.0869473704284,15.725161255282025,1
VEN-00771,33.96249809160922,2.3236147693452165,2.020712645342685,627.1337127560041,13.649976023298244,0
VEN-00772,-0.7814754656225382,0.6102093309434761,1.0924869354234834,640.5160553936438,51.17028031682134,2
VEN-00773,-13.351535167282236,4.049449176767648,1.1240077287716548,698.9852577058183,36.81106807012608,0
VEN-00774,12.715313687262029,2.2524717929108755,1.3492233432891805,716.2306796769383,104.82073997145922,0
VEN-00775,-6.186641873551807,2.7421886223865206,1.1136046780598086,662.6399716697297,41.81930044124165,0
VEN-00776,-32.17359380183644,1.441553565174048,1.9922908733436604,785.2597188616744,41.56167724301123,1
VEN-00777,22.030679020246215,1.2053366299067318,1.77162786274207,461.2755559396936,61.88395731631023,0
VEN-00778,39.61394609836764,1.744475081421008,1.1901823109568144,633.4948073624213,34.91906446800462,0
VEN-00779,20.01590606456232,1.260640605498787,1.2523765885612297,693.7288783766379,86.08462051001214,1
VEN-00780,19.658802235376115,2.0141278925682946,1.318410943940089,643.3165113567374,30.612471176048825,0
VEN-00781,17.112917491093825,2.022192812389138,0.7204892641812554,617.5617545319276,56.13574236406511,0
VEN-00782,19.680949058943654,1.435923146984759,1.5340561925576022,689.5927915935997,31.93084495998994,1
VEN-00783,10.762049120373264,2.631725451363029,2.6044668610301347,765.3256858275114,37.22577481604933,0
VEN-00784,6.624663814976901,1.727575122948062,1.2377859637805664,640.5479352048001,53.98608048700538,2
VEN-00785,17.6352058680713,1.8540890753510004,1.8918364759400517,612.0566035161837,51.32500891270576,1
VEN-00786,18.696665975645903,1.7339483609692166,0.6231224926581446,555.21991444972,64.73689336500439,0
VEN-00787,16.485959108081186,1.0525242514081676,0.6289333674293897,727.00932594283,55.61414535981406,0
VEN-00788,23.88292637236997,1.5791215223723334,1.692603729113401,739.5137117546268,37.93845725675235,1
VEN-00789,19.46948435887448,2.541467230033076,0.9267329190469172,532.7884243257506,25.802661793708804,1
VEN-00790,-23.074935387335785,0.8638268857775985,1.07246998955553,620.1258232637729,65.96274983752241,1
VEN-00791,-0.3909470054544233,2.697257473298099,0.8123213141489581,785.8872246065694,29.30466435757129,0
VEN-00792,-13.517776099522193,4.135729521956835,1.3562052276575784,813.2999274267661,70.62464743192588,0
VEN-00793,4.261550061170729,3.188168264343725,0.7514780138049478,787.1484693383771,74.28588447788894,1
VEN-00794,14.783598964783575,0.7359850453589672,1.2989058352576028,862.8533135760684,75.89469587041896,1
VEN-00795,0.8111769305801158,1.3572618858490657,1.3167769446066449,670.9020070940577,7.531319249620026,0
VEN-00796,-5.14871408672672,2.709142830035886,1.0284706409987598,628.0558481702101,39.868927664718285,0
VEN-00797,-26.410529019800983,0.7870620131019838,0.7907757590204059,657.8311662927327,48.66995944076008,1
VEN-00798,33.698864289919634,1.0042235236445416,1.4699835065651226,690.0916453901377,58.6041826216161,0
VEN-00799,1.7487142269026217,2.6113183339314627,0.6938751085298592,644.2002283141646,47.83782173009162,0
VEN-00800,4.565780681380263,0.8680547856652941,1.5865831311642355,655.1135251112264,64.17623866942763,1
VEN-00801,29.186006281033265,2.230324974333278,0.8972204227208331,707.5266689683475,17.86521811783284,1
VEN-00802,38.719739194555416,2.0616774976264445,1.124687543991424,675.6550290644307,69.57768647156553,2
VEN-00803,13.906966096451129,3.3176744482519283,0.7823614539707374,588.3285414911825,30.07586864536667,4
VEN-00804,11.711331227234806,3.5011146265069253,1.5608084961427635,691.2453411773823,70.44244835471554,0
VEN-00805,15.825601726293142,1.1222356810270302,0.9123990653170996,631.5073497967808,88.19727258787978,0
VEN-00806,5.795663463006311,1.0567969197667564,1.2111568983468657,746.8947903239679,51.27087795161054,1
VEN-00807,13.143452880971056,3.513754017325279,1.3783429664210698,764.1748442202536,66.93118741440273,1
VEN-00808,67.27531592771058,1.5390445962522656,1.3679294107593645,665.7600522390325,92.46918753292636,0
VEN-00809,20.188410188626708,1.423226921686986,0.8726077990504167,516.84293842787,15.381077926804076,0
VEN-00810,-8.027929549349967,1.620180872801082,1.282867638076203,767.8987828677083,24.47376534930349,2
VEN-00811,2.473293638566358,1.6889383408761502,1.1300172022168822,724.5113805390927,60.65553019244711,1
VEN-00812,17.67540809005647,0.8860456279412745,1.131929532050267,741.9390620911076,31.16086021015696,0
VEN-00813,36.51300028681693,1.7008634577907158,1.5250068680883844,710.4510345118603,61.38154873629211,1
VEN-00814,8.010220386800725,1.373701425479627,0.8297522308975467,579.5617377299674,64.65952686823773,0
VEN-00815,1.3845651961106764,1.408157752860203,1.1775333808897182,869.4764687757679,56.24644034987138,0
VEN-00816,27.88158588485249,0.8424583199296237,0.718939303875515,736.4541535864336,66.26877752217906,0
VEN-00817,17.83000011889856,1.761453910093088,0.9299880077064911,743.7911786646334,32.20101458143364,1
VEN-00818,-7.540376561705408,2.7537090128618558,0.7191535632062716,575.1802074055639,61.48614103811342,0
VEN-00819,17.781811623096438,1.0572731039993608,1.8333737312116969,689.2468116282007,32.48568422536512,0
VEN-00820,-31.380037017008803,2.0675443984744266,1.2108331502547829,581.7234168192091,70.73806474337972,0
VEN-00821,16.01358760400469,2.766171995613513,0.8925147566641766,703.4378944966504,63.94767726284502,0
VEN-00822,8.133008539973451,2.438896610684206,0.7266711864523113,624.5428225745321,16.64586941796243,0
VEN-00823,29.637992850335337,3.308311097202887,0.6439327756583125,596.9737640674241,81.34520375533374,1
VEN-00824,24.216020455309334,3.031572143819177,0.9308097156529402,556.6085408294249,62.6323599729856,0
VEN-00825,7.978380955094817,1.420073206541309,1.8390666608682695,742.4910740379534,38.93156303522662,1
VEN-00826,-20.47468491451027,2.08400319988258,1.2393254831310985,719.5797819055316,62.90200287293735,0
VEN-00827,13.28965308247993,3.867835365860864,1.438705839265529,479.218298504195,29.6503171887718,0
VEN-00828,20.70485965251594,0.7597606210607536,1.241313854792135,611.0977688304478,104.4016833230172,2
VEN-00829,-2.9881807039709933,0.7327710831600102,0.6552426764578307,707.4349055688792,65.91295572731028,2
VEN-00830,0.3106841456775049,1.6024178185588789,0.5305419298407152,771.0872961128182,93.87025406433926,0
VEN-00831,4.682921445394402,2.692813857636006,0.6667103935269655,647.6942316886245,75.47405971405738,1
VEN-00832,0.5663135915226851,1.3818305866106142,1.274310703959805,806.7742879039404,52.58301182815406,1
VEN-00833,9.902401348555331,0.971967404782566,1.104542348792748,821.758599332317,67.80789958110975,0
VEN-00834,11.1365456601898,1.8866597723711096,0.9523721044182424,697.5616101841513,53.49465560470856,1
VEN-00835,21.674878756417023,2.8267998539387578,1.0953232894767997,577.5190482230239,67.25234292788839,0
VEN-00836,-15.978449125211146,2.9422008412286305,0.7467470124123216,678.0829736665386,43.46246002992884,0
VEN-00837,-16.090069996352145,2.085625469672008,1.0777324685957514,623.2719703754256,31.53548363824991,1
VEN-00838,10.959134961722173,1.13921257219702,0.8789258320677605,652.7788547075007,65.05930537323066,0
VEN-00839,20.05038368630879,1.2417928618448588,0.7883134583692821,765.0042564600064,108.0649720527078,0
VEN-00840,18.6588864431567,2.3486723999506363,0.5883570409046378,601.5731922798781,43.4280833719524,0
VEN-00841,22.72752684155928,1.7802394992165065,0.6644177990048713,809.7328958297212,30.420035069845017,1
VEN-00842,-30.03990922951144,1.366656892079026,0.7627438664291051,659.9590148487146,42.15925968741488,1
VEN-00843,-0.7380025102317687,2.3008238493605337,0.979720936929526,708.0097466942883,12.887019627730936,1
VEN-00844,-11.86238000563332,1.773928517366517,0.9655201996964689,818.6137337342465,99.72795801027549,0
VEN-00845,-31.046802333585735,2.068843394373748,1.0917836621649482,518.2999819625368,37.57685733840428,1
VEN-00846,10.90756510396642,4.895468080737532,1.1585373754437989,706.9434428817011,36.826892401739336,2
VEN-00847,19.11928905334703,1.3078182431882983,1.0473648379301337,594.2797044502879,71.22001688182586,1
VEN-00848,34.33798835554468,1.0774121543208348,0.6523350766485907,653.2535420827277,39.9664294228744,1
VEN-00849,-11.241061276547786,1.0567625573631918,1.493298941930945,806.1417269848419,47.11907186584427,1
VEN-00850,16.589419955913602,1.599216761874566,0.8683412709916659,595.0344421142904,60.41494509219595,0
VEN-00851,-15.939415927392538,2.7145430391241776,0.9619433730242306,600.1608034404521,27.02927219234856,0
VEN-00852,-5.377129571322332,5.424443742131197,1.7502774285813187,756.9851905165564,86.21687985333458,0
VEN-00853,5.137759243088279,8.862560336393349,1.0130743678319598,600.5804992086056,121.7301831943856,0
VEN-00854,31.263299553073644,8.278856021092162,0.8845014608774338,762.6632526427321,92.8827816959434,0
VEN-00855,6.797459270723652,1.3921900030399406,0.8350414183308449,758.1820358746165,51.76142918973274,2
VEN-00856,3.690241473173839,1.3864076298206405,1.088359526747126,626.9185428089363,51.67780629353761,0
VEN-00857,0.6298938886733154,1.6491356528128196,0.9859978414888132,777.7749145310484,56.94598395508548,1
VEN-00858,38.28356488171953,1.4742577822685774,0.7496810093399221,708.1308360895815,52.25818980269093,1
VEN-00859,-6.6125593697192,1.2014154138723097,0.7396540783220645,793.6279167379755,13.2413676139155,1
VEN-00860,29.661131025457376,1.368619364859866,1.532103476600822,612.2511484185522,38.15430823905049,0
VEN-00861,39.27494423842116,4.091374397090634,0.9721738134696752,561.500568632228,68.02295015004628,2
VEN-00862,2.6648176189216226,2.796292728986766,0.8250360218210018,708.3104772128519,50.66751752006531,1
VEN-00863,7.471993594248481,1.7653272789541703,1.6649679489242464,730.1253295006572,69.34731238440884,0
VEN-00864,6.815686522661098,3.4476707030521125,1.5147356705385555,634.8795060212514,34.94516730372098,0
VEN-00865,31.714155771719103,1.620003653904892,0.8332205418377749,597.8150666984561,77.74037285189792,1
VEN-00866,-20.718028295491383,1.7510158615277245,1.9730790426602536,501.178816830729,32.20085043135446,0
VEN-00867,6.644305464632573,2.609560893337676,0.6596883232414804,808.9261333212311,63.5968708429004,0
VEN-00868,19.43405103773033,1.5771483938554758,1.3422054284246865,680.9175018773018,57.20279783062628,1
VEN-00869,46.63415357121482,0.7995544550681051,0.9649284069254098,799.5312592019027,27.41403396968556,0
VEN-00870,-16.146209221729293,1.8041202430759535,0.7891755045776978,651.9358041493244,47.677067464276,1
VEN-00871,-0.2784272338940745,2.3130907723849377,1.0088828945202295,793.5523716569903,102.44442705631924,0
VEN-00872,7.541930539456533,1.4498544540396787,1.250120897183714,715.8342802636457,39.79918592407348,1
VEN-00873,38.72932192554235,1.2498702599578555,0.7864609133401997,609.9369611337235,31.79890640343559,0
VEN-00874,-14.581347380611188,1.7827438274500382,1.005060679913928,539.0309281801191,61.6881303312779,0
VEN-00875,12.293304459096309,1.951815714607111,1.718891128603412,695.0896339426014,71.07283763929784,0
VEN-00876,-7.405508345235527,3.2226775851990603,0.7587569652188558,704.4459785993297,17.23105326647474,0
VEN-00877,8.74862514285918,0.8058004445865411,1.195513718831282,861.3189637557521,53.81826286298345,0
VEN-00878,-9.84109684244886,2.375134863025315,0.6054643339884719,607.9421280764083,14.86582926168819,1
VEN-00879,14.01434506335135,1.3387989592421363,1.5623669661102075,677.6913730648298,41.27578212483853,0
VEN-00880,-0.5190097297083742,2.839223599035784,0.6627134402566475,716.5880191876578,35.388390844929404,0
VEN-00881,-12.598097787827308,1.0308968445301796,1.0516579350880315,690.0543342964645,54.0745050358444,0
VEN-00882,12.26468360474783,1.3268153068403628,0.754051755960333,677.0106054270417,34.358039804470536,0
VEN-00883,-11.385359778513944,5.139002118461925,0.5822409440137299,718.6304891277292,44.08702125688703,0
VEN-00884,29.001832915158907,1.2553287909415798,2.092594393533984,661.8303825290353,58.88527954174396,0
VEN-00885,12.670789716083698,1.0172355328499156,1.0265446873186048,657.9516246479932,21.664455701687416,1
VEN-00886,-16.225401211501094,3.577468798405848,0.5720365191006156,790.8925920691656,59.03767869005017,3
VEN-00887,19.24993530206277,4.548929330095533,1.237264061684687,702.8059373739338,84.26296071496503,0
VEN-00888,-6.736184010260732,1.233052673554007,1.09254875740972,810.6294425947524,86.06549159868123,1
VEN-00889,4.3282431878683365,4.131076005343964,1.1517170630246774,801.1606949447402,69.81121264909856,2
VEN-00890,9.48486669209982,1.5838269073985876,1.4265920776860193,608.6277044967424,60.19927566278466,1
VEN-00891,-13.531582651563363,4.016829118771789,1.3577287799011564,772.6039492261168,48.971698806485385,0
VEN-00892,-12.636125746246996,0.8325873414276624,1.113257458275499,745.9889622514307,73.01281884063917,1
VEN-00893,-11.7074622528658,1.7040118941919131,1.577300166474242,689.905688651361,91.63624270184276,1
VEN-00894,-9.927556014195844,2.22710638008948,1.444699723852931,767.0290830878967,64.36686670166912,0
VEN-00895,30.43877044954792,3.0516233359510743,1.466238834886863,763.1243012208795,79.71610256491367,0
VEN-00896,-1.8164075626376004,3.3576197103828136,0.9637578301283464,723.3418776316045,54.43668568741837,0
VEN-00897,20.04173318402331,4.07208483312438,0.8564076551809093,592.5791266961957,63.62481409638895,1
VEN-00898,31.468506736811044,0.7940742082371692,0.6716378243405142,636.8777167994178,85.50760991185058,1
VEN-00899,-6.856991531568372,0.5474249773101718,0.4730335433592814,612.3793731931272,63.31248407273233,2
VEN-00900,-0.7411335216316939,1.810635143063653,0.8230162801884905,617.121717587046,51.22066010271271,0
VEN-00901,16.99342395931199,1.4810735775830604,1.0941347243834123,671.0296196658499,38.07538093165937,2
VEN-00902,13.526777557375915,3.207684544418573,2.096361899637885,591.8987332237888,46.70564229555079,1
VEN-00903,0.1787072389840416,1.8694356912346857,0.5789096579858566,706.5780044049137,43.44140893449584,1
VEN-00904,32.51467347880435,1.9776741732715744,1.1150241366969065,669.6804841620975,45.53233563632556,0
VEN-00905,28.6863089569388,3.768505800488776,1.067590361437074,783.8707115110725,95.6814387321272,0
VEN-00906,-28.41203671129208,1.4724938614891936,0.8127518707892988,802.0200338287535,68.43528496796576,2
VEN-00907,21.335603883290588,0.608989343158415,0.7966703904305563,526.5302390738678,38.8639701962066,1
VEN-00908,2.772412766381202,1.4542549668028717,0.6986623281436578,679.174802378042,32.012909003541935,0
VEN-00909,-19.65934966457783,2.438191526114019,1.3257803993906352,532.0040104397981,64.37661208020262,2
VEN-00910,3.1029330796062133,0.5290417659119786,0.6060007106968938,670.4072961032283,58.25312418214829,2
VEN-00911,-1.6466100149526373,1.3743967281998029,0.8867642382067755,587.3011177381139,56.437908959412354,2
VEN-00912,26.103861380098337,3.256779538977874,0.8245773695899888,564.9068495582696,74.09284348685375,0
VEN-00913,16.395471873827745,2.309283414211028,0.9239251940462206,651.2805428471686,43.17048906636396,3
VEN-00914,29.08953346709109,2.175249615821184,1.306195126916041,624.0910410451311,82.96203074277145,0
VEN-00915,-18.003406516919632,1.3603804763862832,1.3644613527926408,830.19084016384,52.50583114344524,0
VEN-00916,-31.666163041926065,2.106327336558417,1.0910996247401918,830.180010597973,37.7457638206774,1
VEN-00917,-1.12724201135104,2.0633410346347003,1.6187508189655713,735.5059965255407,38.036113425107416,0
VEN-00918,6.272814218987568,0.897477383455123,0.8354673886056849,561.5679860387463,43.81367588365553,1
VEN-00919,-22.460868858534,1.2553274836958614,1.2686589297893711,725.3417386002355,80.220478262264,0
VEN-00920,-1.7062435211878295,3.0376530098300787,1.272390846568346,627.7196629223,8.064463003071737,2
VEN-00921,13.388948355354623,2.8132248654166983,1.6420411698488615,650.3432099418741,36.84146696806295,0
VEN-00922,19.713638032165875,3.2053296524675225,1.07710028073159,606.9679535944164,52.67688164730943,0
VEN-00923,-20.99535491881832,6.305271192125576,0.6051997987012677,676.8578476165711,51.49735175572705,0
VEN-00924,23.448152081811585,1.7073562411036698,0.5603320588150962,724.5457872117447,74.7569890055716,3
VEN-00925,16.189177883113086,0.895240735359819,0.8961521107512399,704.7411012319101,69.93242454485248,0
VEN-00926,39.0261852005216,2.1040896691777107,1.6027991584780372,516.8702660583263,63.330726231093855,0
VEN-00927,6.099506987183995,1.176699222973669,1.0427091662462122,496.5434207834313,31.82146422909918,1
VEN-00928,-3.837237606233298,0.7941459218737137,1.8509946477495585,778.7189364875379,25.236255440989503,0
VEN-00929,-1.8943386753485392,0.3607341074677638,1.2673938807939409,761.1623643248139,31.93720196824595,3
VEN-00930,-18.22559211458282,2.8849074072044454,1.0351448339988312,641.5204052569412,44.52158810365469,2
VEN-00931,-29.33474245481304,3.234517637997318,0.8232660932264905,545.3145827513979,75.59145778699369,0
VEN-00932,-5.318395007721655,1.8447802986678583,0.7906694040051886,685.5954119388738,67.32926358217857,1
VEN-00933,2.147547840534405,1.3749605092372903,1.2796325958960946,606.320238627328,30.66333037013543,1
VEN-00934,11.814890873769414,1.4084716609288757,0.7568041849011669,609.414061988302,5.886234192012232,1
VEN-00935,5.305752014495647,2.018902017042932,0.8173950148662442,519.1197453093632,38.41577303577053,0
VEN-00936,25.672994924465105,0.9491999334947854,1.0587077763914934,656.6730537358915,75.20224326697463,0
VEN-00937,-7.40182660919014,1.5725041546374878,0.846794714766124,789.5747719261398,63.79435388026964,2
VEN-00938,14.18128143291186,2.7862308213500597,0.8976317458184115,591.9511534435427,59.48612220769884,1
VEN-00939,-0.6891068342629945,1.7119771977320135,0.6112306197617233,657.1282399816512,31.366341267093013,1
VEN-00940,10.080905708605208,1.9419684954758385,1.1205383427069635,771.8882841740016,55.84869176720685,0
VEN-00941,-4.148932143269455,0.9590790800029952,1.1161775334047377,611.8361818523957,50.7675354341028,1
VEN-00942,37.72478611678659,2.3602304568800943,0.8796568052842078,546.1244348670048,49.55567066809192,0
VEN-00943,18.15857581045448,1.002243710314474,0.8824253121543805,685.2347730421604,43.64021236437243,1
VEN-00944,-35.67929553295949,1.41563779059878,1.1965195790108674,701.5908053990845,25.7376365349994,1
VEN-00945,18.2380476473321,2.890215756829241,1.2202959104489666,702.0373473106883,32.14191157784582,3
VEN-00946,-8.91995061436269,1.5807407046779292,0.8913337606016133,678.0755447780541,37.72708800212318,1
VEN-00947,37.04152997947583,2.1312395387134755,1.2056907153718937,604.7353085421449,66.6725092140147,1
VEN-00948,22.051108101154888,1.9930749651464308,2.050714672232969,846.6520146531511,38.94891937931195,0
VEN-00949,9.380401897568852,1.647866020781967,1.038173375347684,672.9665406178749,58.85484061520036,1
VEN-00950,2.1514171307846333,1.2061065404070086,1.2851931591811938,722.947368485182,35.36553215636841,1
VEN-00951,2.796886472826513,1.275211998176882,1.541855723393616,810.4086200135173,46.83444655406917,1
VEN-00952,9.878190258769791,0.9625296148203952,1.484621345598245,769.6560329312824,74.35494604134942,0
VEN-00953,-24.37322977492563,3.6738175900568337,0.8254593203039161,665.3383610137987,17.272972924848617,2
VEN-00954,4.477085852534852,1.840126153513005,0.8149016987313856,653.3788563957391,38.395356842819126,1
VEN-00955,-12.144011766810635,2.953770767076859,0.9831536014232916,796.3277072393206,48.86236361419804,1
VEN-00956,0.1609358122528341,1.0941955363822355,1.62618731225968,759.4808640757593,23.357260151371904,1
VEN-00957,9.032494492588228,5.937332311874062,1.378734778788353,796.3256041424505,51.74675003313352,0
VEN-00958,14.106437607567925,2.000649155158396,1.1202125878522136,731.687700644176,35.24564308310248,1
VEN-00959,2.4011350551056,2.9883386549103714,2.0805639974957715,580.0787152818214,68.74398668661561,1
VEN-00960,14.309477045469803,2.5239426835342087,0.8288964909282934,638.262345467403,27.31787835095509,1
VEN-00961,-28.141412423611012,1.8351970971871976,0.7448213942159359,793.1807237818007,22.54581142349278,0
VEN-00962,7.176424636136119,2.275117319678833,0.6411911069002227,609.8554439025456,45.855322774411526,0
VEN-00963,0.0763190975603311,0.8496508863177347,1.4890458882690254,631.8117757689516,42.86549615131704,2
VEN-00964,14.344885311402862,0.8804126223593055,1.411159175081958,900.0,21.06997553346301,1
VEN-00965,5.212519746067972,2.120367640023568,1.0338329037135696,623.3194486910506,55.4597394875806,2
VEN-00966,20.79501282814809,1.355787024425907,0.8030022781820768,732.8358988003478,77.14965554798752,0
VEN-00967,1.342756874445528,2.2722747915356707,0.8929440419190956,630.7025266576028,62.9264807166327,1
VEN-00968,-30.98183487538836,2.314855838847528,0.5641836966144566,705.0423128615282,60.12010038968695,1
VEN-00969,2.045938523397592,2.152428655685516,0.8652115955657145,799.0393669822987,53.68115116610508,1
VEN-00970,1.9748498208526504,1.0115818172896351,0.560389061332275,792.6893922746378,34.840154094000255,0
VEN-00971,25.952099533919625,2.4612096390824645,0.8325209712727553,615.9623579802069,14.256908729262976,0
VEN-00972,10.237895381611978,2.516802250951052,0.7192661379080936,786.3650344634025,5.0,0
VEN-00973,1.0756738569538769,1.7854494617753731,1.8223585105357083,535.290688462886,47.72828145163946,0
VEN-00974,-9.226747866890529,5.363590854253041,0.8387785357801367,719.9841875846129,17.309772405568722,0
VEN-00975,18.61655879659313,1.0757611605601392,1.5147561571905168,808.6088735315149,98.23627391441232,1
VEN-00976,-28.106021897663624,2.008042005971578,1.6927366419808734,637.1822549437683,106.26650133856012,0
VEN-00977,4.818429312584536,2.237561035015082,1.155777561495317,606.5901647910491,81.56288037719054,1
VEN-00978,-11.80316514811551,1.568321798401313,1.2337244839833668,798.8413009094043,57.4406302528789,0
VEN-00979,-13.446997824392565,1.2316906733447706,1.4000974521539258,756.1808930798276,54.40603886631568,0
VEN-00980,38.88035999551904,1.3125616165825804,0.4267201018242486,672.9993396939233,42.06345490983696,2
VEN-00981,-2.00990589384724,1.5230962850854413,0.919733627317992,678.8045028692262,16.570957139535764,0
VEN-00982,-11.795948884601994,1.4356428469242342,0.7620385147513217,592.6603025405178,82.40743421259961,0
VEN-00983,-23.340467855007205,1.7738338360439163,1.0868434583518911,523.5173867979681,68.51827082455154,0
VEN-00984,18.06841012880202,2.1962881943856933,0.6504959437612751,558.568288622427,72.3210732595043,2
VEN-00985,24.708170803511027,6.660144217721847,1.510444117979421,599.6107486058369,58.1245259646032,2
VEN-00986,-9.18094996766206,1.9959999961313415,0.6280196434748664,652.6669561002866,43.19432080378535,1
VEN-00987,3.5418819565392066,1.3776414665310492,0.8032940228038058,624.17627967007,32.500386578673066,1
VEN-00988,-7.768669866261165,2.0716257072562505,1.4605937412464454,611.9855367087096,38.36107764569218,0
VEN-00989,28.46705214658619,5.403480162573038,1.3753707614326118,549.986895932975,45.40513583402479,0
VEN-00990,25.8973241973795,2.9646450204804333,0.7340695594462094,661.6946709753404,87.17191516454335,0
VEN-00991,33.81774895555613,3.7149619885923006,1.2421486258538974,726.2272228962971,55.214556676598,0
VEN-00992,-10.211285143038914,1.4802321083321148,0.5631302119003935,732.7964282368273,14.567506424086432,0
VEN-00993,2.074064713332952,1.4047352122139318,1.0114326801334894,733.5729689603137,66.71236229923598,0
VEN-00994,-2.0713736096297257,1.5833784574234495,0.6237581959614789,765.8058404886667,49.01428065139207,0
VEN-00995,-5.655463313682601,4.806729130094225,1.2881116916576631,447.99843474430656,73.75119658938064,1
VEN-00996,1.977839915124485,1.792290156918021,1.0006708878385433,900.0,37.285109780736974,1
VEN-00997,-43.57130640076588,4.7953595673774645,1.29045928607444,803.1940550404613,64.78858220823813,1
VEN-00998,3.3755516376245738,1.5167536775317558,2.430311191803066,698.2243145266648,24.55284560608021,1
VEN-00999,-1.7144345160537489,3.277205624642448,1.5482360145077303,649.3989310082561,65.65311297101896,1
VEN-01000,-1.732559701059162,1.120406581037544,0.8421747549145148,655.4047460778828,98.2159780748169,1
VEN-01001,30.03209828807425,2.9408041288191464,0.8271724639051371,653.36877889471,71.87375160027372,1
VEN-01002,15.974779070302557,0.9518063578272378,0.5587544114269093,478.26129519567496,38.24111308191584,0
VEN-01003,28.711022981943024,2.454757504149871,1.9051386106344887,661.4057711478697,9.880972105964815,1
VEN-01004,2.419810553502225,2.921786026278154,0.7624079102966991,672.4227328894763,11.933797383147486,1
VEN-01005,-19.088438049186216,4.2553222523983125,2.043166702056201,719.7338668025048,6.614922152807765,0
VEN-01006,30.72164271921605,1.113483310978571,1.5526436522541365,726.240274133935,5.0,1
VEN-01007,5.397581010090718,2.5508398638702245,1.8779628485846167,796.1500590676604,73.09010269894543,0
VEN-01008,-12.26249667415943,4.731829636084741,0.5971520376371396,655.7280035597936,47.71467389329033,1
VEN-01009,4.0143881634063945,2.9544190948720246,0.926750932961842,702.0174549971664,35.457982486334785,2
VEN-01010,-27.74919983460009,2.961399399150661,1.8743261699598144,681.7433368031394,41.07042936709603,1
VEN-01011,-2.193857905539824,1.2624785161347034,1.3609022001195037,742.5818646101774,5.0,1
VEN-01012,7.844397665781008,2.666511867667068,0.737149672041134,626.044422282426,37.46354118954572,3
VEN-01013,-7.090436646009868,10.409527256241695,1.3490783357289369,794.0297640411392,99.271974763182,2
VEN-01014,-15.851499662485097,0.6050434568694757,0.8533771435129914,702.306780882735,15.42893332708018,1
VEN-01015,20.61539698106533,0.7595069529242098,0.8676360855797505,533.1640690471472,20.4440474567866,3
VEN-01016,6.810390629391684,1.531196529320337,1.2318205122330173,683.1186407564243,46.89783385542631,0
VEN-01017,8.022865024600142,1.0682952514082562,1.369854856573673,690.1818289134345,42.169468145322384,0
VEN-01018,-5.928009666112729,1.9556213143618808,0.8318859740588582,743.034523528965,48.068879250058295,0
VEN-01019,14.392589118664532,2.2070682096876437,1.5268129889050923,730.41926882542,59.63545698852601,4
VEN-01020,-37.68566821916745,2.34574305841354,0.848182217667812,749.9125071368811,48.34111794820042,1
VEN-01021,21.415588150520836,1.5945472345309892,1.3499522706898863,515.393188959331,33.73391963052528,1
VEN-01022,-9.251431742720223,0.7936505484946934,1.3764683060632428,776.2496283072035,104.57725383595692,0
VEN-01023,-15.819726175738197,3.146580762590509,1.615175522210199,741.6838372198572,48.26862939257267,1
VEN-01024,18.94100519210382,3.389154587769402,1.290649771358375,685.1763113290779,39.0209455308664,1
VEN-01025,-5.850342628889816,2.2220951386682444,1.3527501930516543,714.7972438477357,57.45882175246736,2
VEN-01026,49.82301726761146,4.525040318778686,1.4268304681908528,616.2889204549301,48.9061966040049,0
VEN-01027,6.989011713919727,2.874517555563949,0.9264343339512024,595.0176947751988,64.18123776014559,0
VEN-01028,22.476245375517088,1.2441905490931406,0.800229149583881,596.7640799082286,61.94489759034615,0
VEN-01029,0.7807569377174524,1.5637830708618154,0.997228435324234,801.2131759499698,83.37888988149496,1
VEN-01030,33.3576081161409,0.7414063319367225,1.1344287516282932,642.9735469695867,29.10879174625721,2
VEN-01031,17.45613872014106,0.7335355615821296,1.1688307767024764,712.066350777525,51.00794496756093,0
VEN-01032,7.643903744886121,2.5081956635640017,1.1038311330125348,571.6423323510431,41.89754712619285,2
VEN-01033,4.711422213479329,1.5712522849401456,0.8580277132797199,689.3281075101221,26.570859440997392,2
VEN-01034,-35.510355647531995,0.5871479829017117,1.5632182225492883,740.6490959295351,48.305801842997646,0
VEN-01035,26.28378180265445,1.4121319791075786,0.4505125829822441,618.4997153372307,50.36888713147064,0
VEN-01036,4.237353731590414,1.7793839704161154,0.9420613369175668,712.2329790954818,70.78238316698508,2
VEN-01037,28.931332214323632,1.068108773418189,1.0328516162867425,677.7725145864493,52.0301141725072,0
VEN-01038,15.142694270753632,0.544755810573433,1.078869786064337,778.264181491027,59.30148515336772,0
VEN-01039,7.868737550141233,1.4280501035646027,0.7090151694184741,689.2159183986671,44.30030285841101,1
VEN-01040,-12.383582422572768,1.54042245362986,1.4418432337087874,729.3164702751561,62.58413148425325,1
VEN-01041,32.468983296274686,0.4823493818536146,0.96072227525484,578.0659755227391,29.841972910517818,0
VEN-01042,11.136431803034636,1.9227742239502004,0.6201961610373702,840.4168999448782,57.03642445118563,1
VEN-01043,-10.537217396043845,1.4660901755821245,1.034906297685099,644.0173902741623,5.0,1
VEN-01044,12.01181711559245,3.0141919846276126,1.0363801767890046,559.391757300841,51.53881013488929,0
VEN-01045,-14.931601437201,3.521615667457414,1.2174802289947029,761.1313057469782,88.27412089556064,2
VEN-01046,-8.396240562387057,3.513090316295706,1.4749566926281,822.9575545866285,23.79723685048825,1
VEN-01047,-12.81118668069723,1.2724168141224328,1.1178919538666725,701.8814092552584,52.21021992578365,0
VEN-01048,14.014336909311146,1.690720904750142,1.415476531243069,545.8198171305494,28.520453203493343,0
VEN-01049,8.080870615476211,6.96557081293237,0.8630198735663256,866.044164396585,54.80213089472806,1
VEN-01050,-16.84331664418472,0.7651274294310243,1.291937195493376,633.4896533263477,48.031866297358576,1
VEN-01051,-3.921742864542397,0.8984438377211205,1.7990607808640438,645.0939761182408,26.493978465834648,3
VEN-01052,-14.04225684381342,2.372137288861994,1.4231470836712168,663.8985543823887,48.80075197115056,1
VEN-01053,-0.0022026184922436,1.3436211206590427,0.9200540625404806,603.9121255277166,51.29058350845289,1
VEN-01054,48.81451092446716,1.0325628288954332,0.8055074629348774,550.5830879152861,55.45257336432808,2
VEN-01055,8.290365883498787,2.200950732384032,0.8198405783305909,537.1165281613663,74.4957556859174,0
VEN-01056,27.47528698514496,1.458350619521797,2.355748169043551,644.6026806371349,58.58738462236389,4
VEN-01057,9.642507241385914,2.939755436318883,1.4796237911761565,656.7224714441019,61.29238437868537,1
VEN-01058,21.91788052467903,0.8164070195815395,0.9126054127198872,570.1322156135626,88.6991644884636,0
VEN-01059,8.078867300119839,1.603202146770554,1.0007881454740062,736.1437950503924,65.84303867401502,0
VEN-01060,16.359314413306016,1.721894020583181,1.6038099455847037,722.6404871309409,72.35147609568466,1
VEN-01061,21.016499651480807,1.2974286289728822,1.2042398007583404,715.3380401804561,75.7433099186965,0
VEN-01062,18.43103449333149,1.7860523610687888,1.0151103723669372,769.3018465177263,93.10499454448713,0
VEN-01063,5.389651129551589,1.3464624116692647,0.5917512238388384,795.3301819490404,53.43681171411364,2
VEN-01064,17.05028227980412,3.8843699742356983,1.5996851274965804,622.4274030452293,39.13473560583285,0
VEN-01065,10.65031297039692,1.7171943459484005,1.9086439217353195,625.6621371542441,77.83474556017786,1
VEN-01066,-0.6029665326301954,3.274934549507309,0.5539317765576387,500.2709568177791,57.39436356343109,0
VEN-01067,10.31340320718036,1.796324882787366,0.951183715463831,580.1671978086729,83.49906971521156,2
VEN-01068,3.586234192457024,4.0392120493166646,1.2121612012658611,693.2002843317334,59.98769060349166,2
VEN-01069,-6.199317490260942,2.277236836698268,0.6077728058412118,687.8454252762988,63.21721328440298,1
VEN-01070,-7.9100417617247025,1.506601238912581,2.546285165900394,857.0396089105112,42.24431335645863,1
VEN-01071,2.576534423823941,2.4101540285791576,0.8422077955084284,725.0354008149415,63.14148351939078,3
VEN-01072,-18.0214623351572,2.078597374726963,1.5451479245196489,718.0960641634201,35.96088851611921,3
VEN-01073,-5.695532075436368,1.0281382164753274,0.743167408824471,749.5553883228432,82.50943083187082,0
VEN-01074,30.44892358140017,1.71063464372614,0.4951586048393454,457.6665579260573,76.21244513035752,0
VEN-01075,-28.65962768198502,0.4241632103511387,0.8392207533931585,715.0869484542526,56.37012072936571,2
VEN-01076,-5.753450963174272,2.148745354860389,1.0560915415336618,660.8431909623689,34.50677259129873,1
VEN-01077,2.8372430049076365,1.8202685105578011,1.578689413199567,772.0879236446899,78.22475547802686,1
VEN-01078,16.222382772370004,1.420717122759945,0.4477570892739307,656.5517068131461,10.681369790170386,0
VEN-01079,-6.481348762857035,2.331804650931524,1.60554983095751,585.8036921289548,28.33291923259585,2
VEN-01080,2.2002490251296845,5.006011890750346,1.2168522881095398,684.705923042128,56.00351953377778,3
VEN-01081,10.135743067686365,2.967289509973959,2.155358252389929,779.8017561053465,37.10595238164924,1
VEN-01082,-12.347777877612868,1.7647566637072678,1.3579714659715176,617.9183893440611,62.42655633172035,1
VEN-01083,8.018081808753262,1.4895187073088632,1.1619983174944484,688.2845831223476,62.43862372149673,1
VEN-01084,17.307371593748556,1.530435416115436,0.5500335812427086,773.6106297307344,49.21428896257683,0
VEN-01085,-16.475244954120885,0.9482619651607164,0.8944290187588166,759.4629802694567,41.9296746642233,1
VEN-01086,-10.655407510026894,3.2397264380023296,1.436103474350956,666.0825608388618,5.0,0
VEN-01087,-10.861433659343838,3.034254465401529,0.9235632668840352,553.6423379971156,66.03716518943745,0
VEN-01088,-29.86275536086432,4.160929071553942,1.7264433696358863,577.2848934384372,48.47494380914152,1
VEN-01089,1.97312948155368,4.846531230039355,1.1287017740530794,715.6207416365054,82.62882502120289,2
VEN-01090,-33.38696483304368,2.84879679778226,0.722568182795183,699.876032847927,81.61419008115064,1
VEN-01091,22.506517969174254,1.1503429685799562,0.7991435916172883,621.2029874719447,74.40353729499492,1
VEN-01092,-63.99969563595943,2.309969970706939,1.186291515541906,712.1074176792008,24.935280256985763,1
VEN-01093,-41.51995111550435,1.4505931091887652,2.3167100164070296,636.0505877876857,38.57987340783812,1
VEN-01094,5.22502686975811,3.1459491668393373,0.994400494267233,663.6114301185514,29.124578922541257,0
VEN-01095,5.876360298330139,5.1604066543092655,0.985913360740242,825.342811494471,56.38441222500264,1
VEN-01096,6.048608836886889,2.4112343849687865,1.2520663788448323,831.8585176565764,34.19919412049155,0
VEN-01097,-26.225357907220072,1.632534259756517,1.1766873858358735,675.6570607125425,64.80573585254854,0
VEN-01098,23.0642148376243,1.6883330332912236,0.6867848588454664,678.7172126641887,54.76685400100815,1
VEN-01099,14.72235325523558,5.879088215148073,1.0133379516572167,648.1282066264473,62.867046573002,0
VEN-01100,33.64704541784983,1.908356195872971,0.6131513326277499,788.4837424463291,27.447403721959404,0
VEN-01101,-0.0163064950273001,1.387306554338193,2.66440526523273,609.7305943540026,49.11720013287046,1
VEN-01102,38.442364110801066,1.651005725260135,1.3525749249695076,476.4468913619455,77.25282181788367,0
VEN-01103,-50.20927586662596,3.5055047788071008,1.195493588968912,705.2191879457203,79.29351423067206,1
VEN-01104,-16.44764753850053,1.5773728770944002,1.4631646649039205,829.6070442367561,27.749885246707287,0
VEN-01105,-1.9384439100736115,1.444022844711816,1.4415195110132215,891.211534648934,64.25671968194604,1
VEN-01106,-24.497041076631497,0.6941130209603202,0.9170793404223752,610.8202559980421,29.74539371353346,0
VEN-01107,30.01890322232106,1.1769881613034558,1.0335573434245977,798.537074690148,45.780179818107584,0
VEN-01108,20.849937982732087,0.4876092150281255,1.776478779130539,638.7394587268043,36.78687227234455,0
VEN-01109,64.53684374829456,3.718755259661317,1.29553310672545,813.8630584543752,37.6221215594674,0
VEN-01110,15.953563350496797,1.931517032990837,0.6970389108636775,606.9383991584839,54.644696799776334,0
VEN-01111,-5.434215174637783,1.0808023893583796,1.0545018420965828,794.4418155472816,5.0,1
VEN-01112,-0.0733153165072009,2.637908878458638,1.5361408304593804,723.325545000208,42.4253375634706,1
VEN-01113,-3.6535949004205808,4.743139092339005,1.386334706026079,814.8437683649031,54.65511419060464,0
VEN-01114,28.02699738282395,1.1539359250897734,1.8633839348059176,682.1270502780087,25.30436663155717,1
VEN-01115,10.072198831708468,0.8575564766741139,0.8218942482581606,763.720022414686,57.882213562898734,1
VEN-01116,37.1009701675732,1.6709072543098409,1.4809499483124855,586.5694852192781,44.384640593361766,0
VEN-01117,1.4963993503565425,2.155568950344774,2.647452632150289,581.0215170858595,30.532412269298472,1
VEN-01118,26.27455739787237,1.1145136581520825,1.116943868579609,725.2690517184981,62.34571699793982,0
VEN-01119,-12.167017650895726,1.6055721616820573,1.5956224010246032,643.9050402266078,102.05754252883446,1
VEN-01120,4.1068058426914025,2.7484666392344703,0.5833556213006483,642.3956910294681,24.22799371379331,1
VEN-01121,5.802129697038266,0.7529397970114006,2.01803376610342,649.4524435009969,43.58681843710666,0
VEN-01122,21.766567279654847,2.5172683483063536,1.14413968987574,648.5131238284721,31.6564646319968,0
VEN-01123,28.853606372496458,3.2552059981546786,0.9424092115262276,646.772323166718,54.78567203423496,2
VEN-01124,-25.19033091805189,3.430154262793095,2.0026221983067374,750.9445095361729,69.78175333506896,0
VEN-01125,6.316409724281657,1.424084160254062,2.238567250690623,484.6632959582399,58.573089617507954,0
VEN-01126,35.30512046575325,3.3208151179009984,0.9855346447757306,661.0837652161388,43.3002815143071,0
VEN-01127,-8.992762250990046,1.299368767928302,0.8884582076408235,684.1844378743588,69.63819820262665,1
VEN-01128,34.21529898006022,1.3719614463710743,1.4613368107857183,598.9056710199751,56.5679821501403,3
VEN-01129,42.4488045750742,1.5946343097109548,1.933242449482513,571.6742382282342,76.3652860786638,1
VEN-01130,-0.5497415928132616,1.9127857976529627,0.8551204158349539,665.6151428506729,19.03136416615851,1
VEN-01131,27.07317314220889,3.5872449749549453,0.8737112808038131,617.5098252948792,65.60653285420698,3
VEN-01132,31.243482749869305,2.9843366981720965,1.4591601173938156,625.175809805408,33.67707463493448,1
VEN-01133,-26.12800180507205,1.138514392683602,2.228306327306091,741.5293044206917,79.8500246613454,0
VEN-01134,-5.146417178711358,1.4317499530427948,0.6678136778498901,625.3183401674761,11.757298420900796,2
VEN-01135,-16.516259007542075,2.4341677487424724,1.9673655802447112,665.9644414791729,97.694820559449,1
VEN-01136,37.38485771498413,4.67812804730279,1.8283991203147412,580.95154375801,55.393543717369575,1
VEN-01137,5.001395232247875,2.630062724907905,3.423239662810466,863.7483326673039,43.00470052422369,1
VEN-01138,23.716831731521573,1.0222235948404454,1.316674955945773,583.1880341175505,79.7677028199788,1
VEN-01139,-12.102860242827369,1.1994814574602175,1.5500608929869355,551.4939251550378,52.00376237638166,0
VEN-01140,5.055733705147569,1.379401802458257,0.5909372961037888,664.611890074597,5.0,0
VEN-01141,6.041751629272318,3.24208594881218,1.2268865016085275,605.2381867611338,68.9764585163067,1
VEN-01142,19.27878532217993,1.6699837544899896,1.2657818900871871,724.106760673787,21.71961566883404,1
VEN-01143,12.278391008142062,2.593641049391328,1.4184042202681244,600.2584776731915,70.36095411599025,1
VEN-01144,13.930155095945247,1.2652330611139289,0.9557530246555782,758.2353616230787,72.03690898682221,0
VEN-01145,19.91586619497829,2.023381522161245,1.0651342884251285,723.1925745453028,63.662263091474685,2
VEN-01146,-30.77942087353066,5.034843100273727,0.4928627442290534,586.5042206510228,59.67450169109757,0
VEN-01147,1.7016524487364233,2.89046390402697,1.5554488092548349,638.7063301882081,59.65008804723745,0
VEN-01148,23.14904483845998,1.2674278523700648,0.4810621454422002,552.8263606772933,63.40403697061699,1
VEN-01149,20.14328488057666,2.3957131169494383,1.4236469559181055,717.3977013749503,52.27213759758263,1
VEN-01150,-14.223047377398355,3.247236922679757,2.174680397479446,640.743885783623,40.84802291323824,0
VEN-01151,31.02344659564902,7.084949055093094,0.85007008528074,635.9860498246952,47.87486065712011,2
VEN-01152,4.363615497015084,0.9890663416815704,0.7488049588250214,714.0849025304786,85.66518716381458,0
VEN-01153,13.255831505154744,1.77627105456959,1.8648964200565192,682.5814992424247,41.470071104796666,1
VEN-01154,11.967505574547438,1.871848609193396,0.9096152149349364,655.6761918325523,22.04032653231563,0
VEN-01155,-6.393405698889051,3.192926266708745,0.7157782657535674,717.1873267144961,72.66707634094176,1
VEN-01156,37.52741395406609,1.946008309628568,1.700474820300694,638.2295441007437,121.17608645348771,0
VEN-01157,-9.386096666703528,2.924335261434667,1.4520995497630946,658.8377566069636,5.0,0
VEN-01158,19.06049117427343,2.9134440309134435,0.9774555989817508,672.5730284571405,64.16647509574673,1
VEN-01159,22.14230941060158,1.8925789178475163,0.958194551033152,694.109006024893,84.01382694510016,0
VEN-01160,2.609740878457134,4.856990628678996,0.8877396864732042,664.5326453234848,52.96691958639008,2
VEN-01161,1.2980598609432947,0.8902301990155072,1.720245274741111,742.5972139228002,60.298415084811495,0
VEN-01162,13.39641310289936,2.428761203770226,0.6421188074353913,588.1765554330339,23.87521890454484,0
VEN-01163,17.171926348158514,2.736975445260655,0.5820537815750124,587.9827568671722,60.16570628961763,0
VEN-01164,-4.763861523150784,1.7182218015988204,1.3261653674683889,543.4216049267756,73.88923732353896,2
VEN-01165,-9.451482509494262,1.6119196277718757,1.0368941284956388,727.8115577121846,65.18304861559776,0
VEN-01166,-1.5264157331355177,2.6314132219702024,1.333602812913934,653.4355747589078,65.65873055061812,0
VEN-01167,-6.829240705048123,1.974439867844137,0.8935053922096082,674.8656573017896,51.22130208916256,1
VEN-01168,-9.222146942892197,0.5947797780101829,1.4975560778677266,517.9005730223334,83.10488802655202,2
VEN-01169,12.553710389590028,3.242798531393903,1.297381447089732,723.4314258239558,58.13012206626109,1
VEN-01170,8.956165346805038,2.301942471258274,1.1707825304479027,677.470496190155,33.65502994143826,2
VEN-01171,4.512642360355475,1.71369286754243,1.5700024186100934,708.0726726849394,90.66410446054138,0
VEN-01172,-28.158789300297265,1.9578735113748764,1.4894014255779098,844.32956776747,62.77070270088606,0
VEN-01173,16.912570978735133,3.290411630364874,0.6474491087765749,622.2148077256849,66.82113754917074,0
VEN-01174,-14.126824952165231,0.7245973626398547,2.256862103169894,607.1298558810406,24.02605269543231,0
VEN-01175,-13.895220173379922,3.8813517071724872,2.3902518980231404,728.4500089813489,26.179167796804105,0
VEN-01176,4.154229867253245,2.950835042957117,1.0931234723942047,670.8956027447656,26.225923562504907,2
VEN-01177,10.977738676687508,3.6196614275270496,0.8177645772290066,591.7331498788612,63.79623304792535,2
VEN-01178,-17.501897626689853,1.4599010177241598,0.8965063811799205,726.1338201247714,27.58811523239025,2
VEN-01179,18.93126853329049,1.4075346854177913,2.0578208851775672,621.0583099149139,47.60552134594236,3
VEN-01180,-9.969885709922282,1.5527789738829207,0.8837049783984866,532.7115246784059,78.00364716449008,2
VEN-01181,-11.32002037186323,1.5408641955648792,0.5364524543477108,641.5222096663188,93.54271514578971,0
VEN-01182,2.2361236686737187,1.5389297613235344,1.1571018290376276,789.5725747028239,49.80545959257174,2
VEN-01183,0.5059536635258706,2.248933538631367,0.7552838655016298,751.6378111438909,59.58581523641127,1
VEN-01184,-14.04565034265881,2.3945625655674445,0.852512729864523,782.602667967172,10.598405064485114,0
VEN-01185,-0.1861254184377596,2.0092412118696603,0.9935603430417436,656.4537643097884,13.998478338355774,0
VEN-01186,35.983265140510234,2.6097002089117463,1.2187672243192282,637.9124225571819,68.23930261247776,0
VEN-01187,30.57560300142415,2.005507230711584,1.109195285235088,759.3474151074247,97.70192372450742,0
VEN-01188,45.75743464882116,1.5984579196402888,1.072220448111303,534.423226243263,41.79776585642136,0
VEN-01189,1.288053289202968,1.843068890480481,1.3433600811622084,760.011747771389,54.22078824435478,0
VEN-01190,-1.4061090279289594,0.927112530409001,1.7782211999847932,644.2183086307022,37.74975449253655,2
VEN-01191,27.95314209457118,1.8257376891782784,1.4110523904586236,415.5482595887234,24.178239741564663,0
VEN-01192,39.240086327033325,1.7457181732644136,2.0448470451179617,699.8958117625708,39.53681136601962,1
VEN-01193,-17.3557345776437,1.2036454596419206,1.273873977955056,686.8464044814024,60.61794673595785,2
VEN-01194,8.295559403822386,1.5523091122993038,1.0485166058020308,816.6232780596908,95.0580776780296,2
VEN-01195,4.936608606870406,1.8641573617321936,1.1574063173419866,668.1356379315265,57.25243560262495,1
VEN-01196,-8.40655628653838,0.6707230788167733,1.444347530021605,664.2623021308002,68.22829782280834,0
VEN-01197,-11.998574553575333,4.286668232974557,1.2453777234345136,900.0,23.02320557927117,0
VEN-01198,15.650101882504892,1.2451676243917014,1.5571884372740263,682.972522008121,71.7091335884702,1
VEN-01199,34.290388964582725,0.4729388269120035,0.9353651077163588,765.2073345482227,70.51456377353537,0
VEN-01200,6.514912763737288,3.283100254554764,0.3465080467323557,540.8526493524839,44.21239585307803,0
VEN-01201,-20.644918884966955,0.9106695092798344,1.0773609270423892,804.8458663465848,41.97266904443606,0
VEN-01202,32.21217024929831,0.610655572406813,0.6675816137423227,667.3179463917432,46.87666185544208,0
VEN-01203,18.567352284172927,1.4855438545335988,1.3464230107634838,586.5792407533451,20.996763515285807,0
VEN-01204,7.438619698614827,1.6961892028739731,1.0749153792797337,670.0714263001605,79.87046274358465,0
VEN-01205,33.36647873204864,0.833441778077439,1.1272777600508246,772.8708064885257,63.75323059193632,1
VEN-01206,1.4121040884861165,1.0020342523675825,0.513406279786399,761.5472986941156,86.83283075592801,2
VEN-01207,-11.53465339546981,2.268958892062612,1.06592569188449,575.7670371449482,31.81540290352041,0
VEN-01208,13.277557648931973,3.489296774331603,2.085452675334129,701.2465770447751,30.64119612946033,2
VEN-01209,7.281768602235504,1.893405192409933,0.796892573973485,692.0131067876696,63.18104330461143,0
VEN-01210,10.832883237842385,6.287459466447213,0.7102685954222004,558.6862879763745,40.166950085597904,0
VEN-01211,-24.55581701639745,1.248953910202346,1.3741184356278964,555.2754686783921,75.7048128345449,0
VEN-01212,-16.966763720997434,2.320477186187919,1.1418913913668731,737.3191902822596,36.17951870016751,0
VEN-01213,-10.0653100464889,1.0223351442279005,1.092293299389405,671.321740509447,18.27473457276609,0
VEN-01214,-8.458554090699991,4.619390013097021,1.0764814675833294,709.3103567009668,58.34666341700104,0
VEN-01215,5.402478612472578,5.3173550380611845,1.602425245982278,665.3259597838465,36.76197138841098,1
VEN-01216,41.4577977721008,1.4174971404811645,0.9177133295319628,650.170341112316,18.62592383798216,1
VEN-01217,6.354138892215446,1.618184284811868,0.4405455914471328,681.932837350211,97.5580926092718,0
VEN-01218,8.871555433364065,1.6567889456153742,1.7341815347809173,694.4765891217141,68.41666241225661,3
VEN-01219,55.16280947224508,1.4739562869859268,1.0867120704703217,618.6888041065774,41.50667233356769,0
VEN-01220,-33.22703088434463,0.7553343890964309,0.901383551908777,607.7471522655069,56.206897949083896,0
VEN-01221,57.298804073004185,0.6176440437564384,1.082838577919408,613.4015656821207,50.90406820602846,2
VEN-01222,-5.756248633365381,2.9499209842871235,0.9261161875717996,663.5421112209176,48.65826439018412,0
VEN-01223,-1.6585483037281303,1.7251917456791277,0.8105315841376917,681.6255099321048,24.141836733728685,0
VEN-01224,36.76027869265519,1.4084017802272804,1.3417814498199303,732.9207171340026,77.9869131611519,1
VEN-01225,14.611245250807825,2.031287201309587,2.602649143990566,752.9229674347793,30.440812142806543,1
VEN-01226,-33.46898711857793,5.131364601805185,0.5560048030526794,689.6611460892842,65.8224085801622,2
VEN-01227,26.777982934993695,1.382070812049373,1.5840226519346636,660.3362776845704,46.17537066288445,0
VEN-01228,-36.54621545678715,0.6893534430692391,1.3277586397129653,733.0119202944513,68.70828092531835,1
VEN-01229,15.115851978927834,0.6506601763619542,1.0320864074380611,513.1548372900502,48.18689430559995,1
VEN-01230,23.20605101431188,1.541096118170587,1.404118390806382,742.4567479000536,45.57181066957822,0
VEN-01231,-4.413710713074135,0.8785116729975018,1.8097170388940695,683.4239393198336,14.853944818388598,1
VEN-01232,30.449808243602966,1.1946292324416754,1.2742962617183893,619.0460818593493,36.0320327324454,0
VEN-01233,-9.96604367291653,1.0813275398867357,0.970078497953532,693.0673063205252,43.2563906856186,0
VEN-01234,29.930932684289434,3.904684227997449,0.4450636736796267,655.3240590419092,44.19166407113583,1
VEN-01235,5.674092580363565,1.1079974712272307,1.4169566954980548,598.1976028611737,45.875871060544334,2
VEN-01236,19.207424219166043,5.656518725228613,1.0647231758860367,748.8321622522532,74.30070533729099,0
VEN-01237,30.16463106965365,2.3091591531494418,1.0809819307045876,685.5653230290711,65.83117079270137,1
VEN-01238,6.181925074992299,3.041657264045304,1.284808682989898,640.7859697350456,44.42223119931076,0
VEN-01239,-7.88190830130392,1.2402575707394914,1.05939625977439,614.178162557374,49.62064973670822,1
VEN-01240,5.91495728699486,3.273027157850396,0.6972475008934819,900.0,40.2849939410639,1
VEN-01241,38.10883673384058,1.0224794087808076,1.383562048708196,477.9418671971345,53.744472967820265,0
VEN-01242,18.402141137867133,1.9144452350205508,0.8058177697747312,652.9376314733764,54.68248644278483,0
VEN-01243,22.19913834797656,2.4743203292941587,0.8294546771373335,518.7837505049857,36.85242533063817,0
VEN-01244,-4.8809854848787335,3.2657960256863974,1.1342392467652815,649.0334156212692,42.66552826203332,0
VEN-01245,10.800850685410904,2.202013993183805,2.124582949531923,614.1904461666769,22.020670353739543,1
VEN-01246,5.022726328059591,2.5930877594354724,1.0154085430426607,795.5404705593005,12.130249754566664,0
VEN-01247,0.8951685351763601,1.3500614747425554,0.9262604872699072,609.0765895945472,46.02314620544605,0
VEN-01248,0.4740811438452113,2.2462075478375385,0.6069839406556695,829.9744686798442,82.17172100348523,0
VEN-01249,0.3437084403342387,2.492744700636988,1.3459831314324262,784.6338320310037,81.67977988619724,2
VEN-01250,17.725043015100262,3.957752092479409,1.4426100984234305,623.300924472013,70.5575343584585,1
VEN-01251,18.34448487065893,1.357299304464214,1.013250928890751,735.3276488601587,28.53762513961893,1
VEN-01252,7.03889107541937,0.6124296454008042,1.3453969691975225,558.9668787825991,31.716209189317475,0
VEN-01253,-24.44506217070612,2.822055214001373,1.00856397346,731.3038635286647,43.79271677474941,1
VEN-01254,1.511948381448594,1.1806986286579042,1.1871840799149522,817.8646137960169,65.62457282170013,0
VEN-01255,65.9866738913882,7.075768683313556,0.8619157159765862,704.7876897664925,87.09542534374688,0
VEN-01256,38.14148466169989,2.4940199695296075,1.1932251533986225,645.582050929522,90.37232901646392,1
VEN-01257,10.972086999097744,1.8335913839984004,1.248180071249435,672.3505714142078,49.38318406989097,0
VEN-01258,23.31864060674564,1.9405091082495731,1.1004370377370367,617.3409233192269,92.94872644367632,3
VEN-01259,-25.642276983129296,2.3747155753873352,1.5595848797384866,541.4934881739028,58.14373985206245,1
VEN-01260,41.68725330279369,1.565749249051916,0.8621212139584667,557.5745435350611,72.34128774616106,1
VEN-01261,23.28550667327234,1.806848739857997,1.1763560932007198,739.411910858991,70.87506579438546,0
VEN-01262,-10.273898009744062,3.9768331074522743,0.809099129443706,527.4669847906553,5.0,1
VEN-01263,6.540170718196412,0.5990340128239702,1.2634555956433249,748.7476621747854,43.989668334014056,0
VEN-01264,-22.046825722840477,0.7123622744141724,1.3417474432073582,900.0,81.50525683639842,2
VEN-01265,43.25205701448889,0.91847668948618,1.1715138455594998,777.3739561441711,28.38247476400549,0
VEN-01266,31.302173881362933,2.971207773287971,1.1353222406424344,846.2147799603525,43.386857342609446,0
VEN-01267,-1.6731888273984197,1.1929825002137942,1.891530611413228,780.7334327044407,91.22059967897252,0
VEN-01268,-20.76982063856066,0.9249468558294628,1.1606517609578015,566.5244042250133,57.84339901118352,1
VEN-01269,10.37833302150214,2.4511578215096983,0.7201722683496521,788.6658389064247,87.4651692151613,2
VEN-01270,26.990798504822266,1.2385957355618653,0.7894638862770681,645.6437468799179,66.33540437281631,1
VEN-01271,12.065603856799193,1.655761961871086,1.0427452540197963,736.0558038183684,61.29511899022685,1
VEN-01272,-1.1108338843946317,2.6094106957730103,0.9298181897841096,678.7373834166737,69.66163229659423,0
VEN-01273,-35.30327028758897,3.124352199469884,1.4160980080209082,662.3341561256802,45.91707586812865,1
VEN-01274,4.630716172277191,2.75510166835146,0.5598253122186666,532.3552586034856,36.05792707108807,0
VEN-01275,-2.981939119598461,2.936695347578207,0.502542952088958,705.243623221259,100.83071740522897,0
VEN-01276,-4.9736048110160205,1.518277618501387,0.8415288166694684,588.2408763524965,101.7359914981945,2
VEN-01277,-26.68960693765485,0.6796974275335727,1.6783204301789532,646.555853033509,58.48657304044187,2
VEN-01278,13.888846158881922,2.229887518520148,1.62008728145758,742.5276453741569,37.9676096350603,1
VEN-01279,40.185399041182976,0.8442184821012151,1.9343031946921485,603.4092586209499,47.39308648878842,0
VEN-01280,6.248657095043829,0.9322811481831204,0.4150963743741045,594.1677814035213,34.17979149866132,2
VEN-01281,12.832348799001675,3.3668023204136004,2.1494715993836744,720.3850605651145,69.21874596075561,0
VEN-01282,-19.54382829280549,1.3985813644814498,0.9667946954122998,730.9679575925402,46.65408103717478,1
VEN-01283,3.209287735545027,3.441466217680326,0.6071923291614145,681.5653329973558,26.40981222077499,0
VEN-01284,1.7714235055845675,1.429586845133794,1.271738033704268,796.8688587987662,37.04350172840696,1
VEN-01285,4.539516650779949,1.226488403048127,0.7135888708719752,664.5067011723221,54.61162208474621,1
VEN-01286,8.876171527203233,0.6944462836452243,0.9378584066509782,706.6413667527587,63.07960677001285,1
VEN-01287,-5.65716797899414,6.204234955131766,1.5750291878664555,610.0821156716291,74.10827447431855,0
VEN-01288,29.57327937516101,2.2486449323048547,0.7990496507134882,674.8372190147618,37.48461989948439,2
VEN-01289,3.975493237383551,1.013331736938489,1.5025368093349964,504.06312666295344,91.57627879249928,1
VEN-01290,15.808420462287428,0.666862063738591,0.7705066353782017,523.4812046916992,74.2973509901468,2
VEN-01291,-0.6933887484512633,2.941071505249917,1.7258278966908702,737.9122598920218,52.24772000362539,1
VEN-01292,15.740460678508244,0.825931482500844,1.814254062822622,569.4367914368194,78.18827255067895,1
VEN-01293,-18.86623721500994,1.458470208944086,0.9447810758284966,656.3900281931257,64.08468331559075,2
VEN-01294,-20.604272685228235,1.6343668329666134,0.8384643581885072,706.6021957475136,19.12276503534516,0
VEN-01295,-59.36011763156699,2.500581285410227,0.9158960142072096,586.8539842562928,45.66708410791372,0
VEN-01296,-5.62380029702291,0.6305051339510882,1.3803527720098707,661.7602657093182,32.9715361440818,1
VEN-01297,8.453917452411805,3.3419036262232864,0.7828388995715252,621.1814695684145,20.39513165020229,0
VEN-01298,-9.873257112302394,0.485902070347633,0.6826328153648824,534.8850157653632,8.220592409798599,1
VEN-01299,1.5228908657697593,2.929076643422601,0.6003168805490214,714.8299663304489,58.71899305280994,2
VEN-01300,8.307724542570337,2.756096395690804,0.9882251448821726,572.5712666487026,15.993434678536318,2
VEN-01301,-0.8516869771991162,4.064970813972095,1.1123520157354847,676.6646298647745,72.99695363279989,1
VEN-01302,4.740939888024884,3.5061130997252112,0.6651977131582922,900.0,67.64095216235094,2
VEN-01303,-0.7901260114196429,2.038895646043116,0.8934140064579953,622.780446587843,32.232043973969695,1
VEN-01304,-2.3088064637964987,0.8785642234239076,0.7836452832776221,791.7830241326943,45.02165829822914,1
VEN-01305,-15.364924675107314,3.906377524865947,2.1747051931390686,739.1222073600787,64.71398649447917,0
VEN-01306,-12.043876304682277,1.682309783594426,1.5341036506726642,511.1363515730848,50.492369301755005,0
VEN-01307,41.15537553660365,2.035857001360894,0.684540663579989,586.176960642271,41.44419199013164,1
VEN-01308,47.99644738423662,1.2301646857297923,2.6284471158026403,810.9421244226153,36.17515916769442,0
VEN-01309,16.951095987058807,1.5029500650960377,0.5823688493437575,770.443981594712,32.63372204733345,1
VEN-01310,-23.917336312357754,0.6847342371271273,0.6648972183552541,686.7575853472583,16.153335751203983,0
VEN-01311,-0.8080268781027353,7.077657825844185,1.4154802800374513,771.5720928199773,9.188442657028794,0
VEN-01312,19.126008888046115,3.079258145228152,0.930984420980177,637.5971105686219,60.62937176594197,4
VEN-01313,1.1020743400291355,2.1486977836327497,0.8773964592336638,773.8748194477743,48.58910934226619,1
VEN-01314,32.25666789393053,0.9414212324001832,1.6264663708916314,660.5306593516732,61.30113287754872,0
VEN-01315,23.494004753664523,1.183837127386161,1.084094806870881,698.6768986084734,34.27212590258806,0
VEN-01316,45.25994082778158,2.4941645686723333,1.3840227765877662,591.0663122968294,25.00204698006562,0
VEN-01317,18.322521277769894,1.1322893368500504,0.755409399525074,591.6253224538623,39.51555564352129,1
VEN-01318,1.656338018530044,0.8419101796414066,1.272473373074413,767.9980561854316,77.7680736670464,0
VEN-01319,58.5246872664454,2.261796498989514,1.0370285266813917,718.5387531959763,55.2813240395747,2
VEN-01320,15.193430932909395,1.342712077730613,0.6583138040780209,671.8901200952341,18.827466773079067,1
VEN-01321,5.99094475201324,3.306195666666766,2.238419045750329,635.2604411585357,64.7924092917857,2
VEN-01322,29.19707085478548,1.1529369074329707,0.8660058614142429,760.4080887832483,25.203911905929104,1
VEN-01323,11.81914361513966,1.1592114850521544,1.296509627811438,564.0049140195661,41.582567957459446,0
VEN-01324,-5.582552341990207,1.986574466403986,1.0199183279091752,657.8119680495204,23.955102400493026,0
VEN-01325,40.04119232909412,2.463219122546106,1.3342882672431522,799.2096224124767,65.65288644663427,1
VEN-01326,-19.28759949333873,3.712895869350311,2.106721052650032,641.6119669815437,47.821741684239925,1
VEN-01327,-3.0654187273718563,4.529536236568204,0.7400941527851603,642.2327516804609,12.583913075807716,2
VEN-01328,-3.448218131011064,1.0326612668491368,1.2748704224624443,551.5533214564821,18.310379934506344,1
VEN-01329,17.371599344369553,1.903034156384551,0.9943080602046902,758.9842170719011,23.25212371116344,1
VEN-01330,13.92971268707718,3.439317317283728,1.1535373764762995,571.0789834168554,107.118589565887,1
VEN-01331,-2.336615507077088,6.397722417014267,1.1031784234820423,659.9645090751192,45.82278196669375,1
VEN-01332,14.232975715483471,2.7992800822156583,0.8500165905641162,612.6940015002339,48.55686895212821,0
VEN-01333,3.841581477883734,3.5472274405910813,1.1335617837367322,683.4342415348005,74.80479656133926,0
VEN-01334,-6.408642137805074,1.158325644367732,0.504447462087821,676.166365861794,54.18045583793378,2
VEN-01335,5.172436457514958,2.3246241320065466,0.7682553598962879,515.2984641300985,44.89334507638531,0
VEN-01336,-4.44838843117504,3.966830449361482,1.2524566834141877,486.42680283585855,25.36286291215668,1
VEN-01337,-40.7310358793113,5.21835541941889,1.1071655949401027,698.9453315103759,45.22005536339864,1
VEN-01338,-8.524719466384493,1.3391730997864673,0.8390673811691057,728.4954979739335,49.07562018943095,0
VEN-01339,23.323354855572013,1.4744770019187894,1.031860201075542,687.9352629831873,72.97813952009137,0
VEN-01340,2.307349348273055,4.581182712664215,1.7261815733788286,675.1204667949805,87.57656375881967,0
VEN-01341,1.788658814164168,1.3368408421505484,0.9037548002582596,721.2828766838502,60.05663067871839,2
VEN-01342,-20.079360530775144,1.9507767187326277,0.8748245904015125,651.0258213203516,33.6822928693656,1
VEN-01343,-4.21142075494155,1.585817857636313,0.7936952266811073,624.6156393614843,51.0994511607045,0
VEN-01344,-0.7069488761819143,2.2510008953726643,0.8274193526331745,767.1868314158498,70.20078900218634,1
VEN-01345,11.140067255393571,2.1374825079313995,0.9894478137277088,856.8664991813637,31.23365258078909,1
VEN-01346,-4.230758387520023,0.6015635376853984,1.1078804820284809,792.3043788369542,44.79324612523523,0
VEN-01347,1.9457228303347,1.393839733201074,0.939830149706321,655.8919196330149,57.260407985950565,0
VEN-01348,-3.392493935505996,1.649695644826808,1.665800376515698,825.8399446727753,70.5868718944921,0
VEN-01349,13.081332589288191,1.8039767889819056,0.7803075167790006,550.3138456178925,38.76266876544389,1
VEN-01350,12.917591151536053,1.7831890372062644,0.7452083598947308,573.0369198098497,59.10450934355061,0
VEN-01351,-6.491622186324028,1.731940781328529,1.795944293282425,858.4361695131324,82.4851389930132,1
VEN-01352,15.810866681158108,1.0714599298355525,1.1307026917631893,677.3583179221436,97.3332651006192,0
VEN-01353,20.258179022825026,3.2340363574570468,0.8467156406621885,628.6461185247412,53.98949172072207,1
VEN-01354,31.481546669019394,3.727421643431034,1.0979713054197937,507.0878067407984,19.215876124663858,0
VEN-01355,-11.54770502166818,3.0794320773990256,1.5326020860828495,758.8913121298679,47.6299875778241,0
VEN-01356,11.08637854038926,1.147625818516101,0.7401916415077977,676.9637599509152,65.02004375768726,0
VEN-01357,-4.658304780520748,1.274343988026415,1.053112240255739,722.6868133067671,49.14611463957842,0
VEN-01358,-17.836317092991187,1.2983068080000335,1.2879812051528243,787.5261233627939,17.146881667964117,2
VEN-01359,7.208036415435064,2.9633045824790947,1.2885303875897265,791.0312570533287,79.84044318407845,1
VEN-01360,26.00073132720399,1.4307249770519197,1.412855481693746,689.6817512041291,59.70177054620511,0
VEN-01361,11.026980543308108,3.29167481844442,1.159528421328779,744.6085067168652,36.12853251247739,1
VEN-01362,-3.898216079863996,0.76752168725296,2.188917757974936,622.4204693810964,50.71286929714445,3
VEN-01363,9.540306531002486,1.9257714399512036,1.1051187230996389,492.25704546419536,64.51486360288094,0
VEN-01364,18.12825872748477,1.1563871680817122,0.916141662882887,622.1204885857027,60.52220784656273,0
VEN-01365,16.556460844942357,0.9139818640302017,0.6729815299730593,635.1588022295938,49.94217854563352,0
VEN-01366,-2.3654599679934325,1.7657587625782385,0.6414961409968037,614.6330268766385,34.61961249267682,0
VEN-01367,5.261201943247554,1.6449417642801742,1.7466380418498062,647.0678579711006,46.98682496699936,1
VEN-01368,-7.437228010626592,3.035918764712551,1.5324324640572018,646.8135741430668,40.12606660524772,1
VEN-01369,-2.518480047909536,0.5968580337361094,1.8498898411457096,686.9438591179489,50.70945759599449,1
VEN-01370,-5.321204071655179,1.720153699375112,0.8336713029872296,701.7495653004102,53.45688540331243,0
VEN-01371,12.016851822452535,3.584225532642894,1.182515612968701,516.7243963592191,66.14148385709836,1
VEN-01372,14.20145478659693,1.7322847971059203,0.6289167394711914,664.5057424719433,92.56667568271382,2
VEN-01373,-1.779388199312118,4.535051793554457,1.1578277444701262,745.1821054878284,52.83634651221097,1
VEN-01374,12.435595549219244,1.1708775379584475,1.129974375267137,766.8857257927826,52.83947985975064,0
VEN-01375,32.50078267272554,0.6625487500975795,0.8684211042417035,718.1729457286735,14.340501084347878,2
VEN-01376,37.24310500108744,3.053346366453995,1.1680059915457977,645.2325561409031,91.6977082889025,0
VEN-01377,6.508606967103669,3.722213171743168,0.6948878804823659,649.4189952592417,20.42781553014372,1
VEN-01378,18.594875007554283,1.2662371174333198,0.6666223871491563,578.9959268602526,54.25063164289076,0
VEN-01379,-14.320403194025651,0.9537188618178916,1.6447645674769409,722.4657220045867,65.30295374457205,1
VEN-01380,9.068823475596249,2.739269936874792,1.993129705556816,770.1115397491851,34.681161053660205,0
VEN-01381,10.076016281098124,7.426161883225106,1.5495127540807554,714.2944513001573,15.194038960325472,2
VEN-01382,26.54117602815816,2.9187756045790563,1.637551933595777,746.3759450237133,86.61000219933462,1
VEN-01383,-28.87979717415981,2.514521959175084,1.8262274458120604,695.4122942854165,42.36839471163746,2
VEN-01384,33.22396121184508,4.217033085746663,1.3882650355201664,582.1332258937562,65.27150931347805,1
VEN-01385,21.109295008338123,3.6989389096674743,1.3515166289776197,784.4060021383384,109.53270987032307,1
VEN-01386,10.653556204337306,3.295607686607364,2.8075121143781208,625.8470861051402,54.50337752391589,0
VEN-01387,-11.004482409615107,1.1931053668560394,1.596507323696966,687.4267042839505,47.67426870129802,1
VEN-01388,13.767661907742806,3.967361334246749,1.078260711627577,657.1465218569391,47.29315097208245,0
VEN-01389,13.1477689915976,1.0478240973081576,1.6195980379253416,645.2718547067013,48.65060519444468,1
VEN-01390,-8.55477448370971,4.206167646485115,0.941133172527582,651.3595393373043,37.64696487640357,0
VEN-01391,2.678398517518181,1.5811294640534246,1.339323565810785,725.0161993074402,45.76253444613906,1
VEN-01392,4.179602346870711,1.335868741115975,0.8448107642666233,627.3542504899597,63.65812077428147,0
VEN-01393,21.73381220445196,1.0937856758616584,0.947446234097958,864.583313360797,54.2655927713507,0
VEN-01394,10.160802089911677,1.0390100628215897,1.4562214827418136,468.8127222369929,67.81575193614252,0
VEN-01395,38.684460694466296,2.8433293034250164,1.0088752444951086,673.9195095060333,51.60040657025872,0
VEN-01396,37.72544105165247,1.5186390971952064,0.4377465146029995,698.5422495429267,37.70118669256195,0
VEN-01397,9.211898948520826,0.8450538445766219,0.4615841399311708,566.4399518898683,68.22694010590666,0
VEN-01398,-1.644299823121984,0.77530695057287,0.9109418104306962,745.8076928297015,44.08251829195244,3
VEN-01399,-24.44259362329416,2.033713190135429,1.9818461311251088,768.9595582647702,14.531697802505777,2
VEN-01400,9.834725718766046,0.385135152698989,1.019167751334662,657.420909345673,6.694767513554169,0
VEN-01401,-18.969251816252655,1.6141794851715607,1.4392279265255086,712.8146824551424,62.46015659100905,2
VEN-01402,27.81603094855586,1.8167994441801087,0.9939142656619092,540.3571160574093,28.549436359063343,1
VEN-01403,14.049350999418987,4.998038212166893,1.1490249057040662,582.6152798059657,59.57049679898738,2
VEN-01404,25.195593427748047,0.733144948871623,1.4108633240921495,713.657793681587,54.732711974399656,1
VEN-01405,-4.04542396387507,0.7206240167407804,1.643707921078089,634.263572615447,56.24278876967928,0
VEN-01406,30.63802794043812,2.2695830591686854,0.7964957617658162,602.3267380927138,60.68552985660356,1
VEN-01407,-5.6071375356415984,0.6496023189664643,1.8048406792540903,608.6752936647526,29.500237674953148,0
VEN-01408,-67.30182092438135,1.685660568479043,1.2301696078166096,508.7885609414736,43.4408596440181,1
VEN-01409,6.021741954863103,1.7765535273810125,1.1293347922679724,620.4892650405377,5.0,1
VEN-01410,9.633476683907933,4.022377887173865,0.939768383076734,797.5853230210473,18.83167499725168,1
VEN-01411,0.1072958362599676,2.2719941654162787,1.149899305238489,425.93889216293337,92.38444869476535,1
VEN-01412,36.330754507099925,1.864765340197267,0.7354033017546465,663.4459713306571,104.01042986332052,2
VEN-01413,-46.1438418190614,1.1813973464265215,1.2241716664907087,819.3153760135239,48.82119222432736,0
VEN-01414,2.3643075635851547,2.073241500622226,0.9535194169721012,623.6693067206078,43.94823157192724,1
VEN-01415,23.20418598095865,1.8519813943625696,1.1492078843265163,752.3542791016295,35.6416650553655,0
VEN-01416,-24.67570584232524,2.5837668662527884,1.3965832339772617,625.1801671302563,43.73463170502325,0
VEN-01417,-25.07100396970525,1.8440581227550692,0.8372345226752986,721.7460845480689,34.1232421246784,1
VEN-01418,-26.004612639521618,4.86736125353745,2.064450757330966,545.5223892104018,83.90074720079471,1
VEN-01419,19.972543260707155,1.0859263478926509,1.1892909569205812,841.6046359269035,27.980510798382628,0
VEN-01420,-32.52403262651338,2.2335026749436526,0.6829980550754304,730.2650156636671,78.83789612013175,0
VEN-01421,-27.117918369128358,1.021156653699818,0.6938490102032554,525.1488100810074,60.461343401103264,0
VEN-01422,-5.771380076243185,3.5245936101144832,1.145395300384031,665.1063523116559,37.24259353160948,3
VEN-01423,-15.882065904964549,1.0106942428881824,1.1496423758064978,605.8159455001552,26.83001638270412,0
VEN-01424,25.056087197226837,1.7077539661697376,0.3537577973560236,437.0335854707234,50.68897872312635,1
VEN-01425,-11.622995104349368,1.4339793814722852,1.2596852602924842,704.2539893125407,34.7222217646772,1
VEN-01426,10.29953096490355,1.3696834002910476,1.0635762026104874,587.8090752292792,42.5425928111789,1
VEN-01427,30.746344692926957,1.9219037347947283,0.9737031867328606,550.1815110342365,25.71225603623191,1
VEN-01428,-12.63036169139691,1.151636572345942,1.3336728162747982,651.9646165865406,65.49334548379738,3
VEN-01429,11.225359487108117,2.3481718795643056,0.7298834130189218,722.4370049573286,65.66827999672842,0
VEN-01430,9.75792699006124,1.7386058166529517,3.031391894228251,730.0094374279656,61.68379671289957,0
VEN-01431,8.807604791115503,2.1130444543184623,1.0545659681406403,615.6643729086211,43.36704815508491,0
VEN-01432,4.026880824786455,2.6795008267691385,1.4121548325528783,827.5042786658178,30.35608919377024,1
VEN-01433,9.428921440548184,1.3501712723826136,0.849170706894508,734.0757818285626,27.3754750938349,0
VEN-01434,17.421496555595354,1.559816220599003,1.2847464786309797,629.4645985439845,90.95860179837342,3
VEN-01435,-4.915467593117448,2.709041237802298,0.7382728339346284,553.9173834507142,66.36721859734777,1
VEN-01436,-19.22472875076756,1.7802174123212775,0.4634184895766202,668.3649674194116,9.964852907592215,2
VEN-01437,12.39912293047485,1.3814202638580666,0.690590334271391,634.8037954462521,53.6368178191812,0
VEN-01438,44.118770580285016,3.380981692975809,1.042312137281201,870.6175548236192,43.00850541361477,0
VEN-01439,-14.443270485582005,1.749887521609484,0.8010149131513788,554.1606046148371,31.164017230359395,3
VEN-01440,11.898366433126968,3.1848257714564983,1.2256348042182583,647.7094836423078,58.19758852863372,0
VEN-01441,36.919488088968016,2.030266378275213,0.7438810016601795,674.6900790671649,82.66450014985695,0
VEN-01442,13.23091585333203,1.9589399400795664,0.8626433329965273,778.0231968263232,28.384053085310832,1
VEN-01443,-6.707411573563592,1.383904494784067,1.1937008849338695,757.1832810196007,16.669729543295837,0
VEN-01444,2.3758804175077195,1.2343369930575327,1.5992792844163473,727.8286478124858,20.187654527325776,1
VEN-01445,1.0278435720686954,1.657737249566653,0.962310240339048,645.8216850555316,14.684582593894548,0
VEN-01446,29.578204057803752,3.990489472961472,1.3712168997037462,672.733371751357,33.22362343712749,0
VEN-01447,28.54147159757683,2.000928484953808,0.576860859296084,737.0633218273264,72.86795842479361,0
VEN-01448,4.027325420286531,1.7217274996634857,0.8650023965208603,585.3570111756383,5.0,0
VEN-01449,45.82065067536603,1.7229258685440525,0.9284354683198168,569.3995660961467,41.251283817882026,2
VEN-01450,-8.695800964061746,5.528162231635175,0.8225223063393065,675.2834502351753,67.25752519039268,0
VEN-01451,12.26634776979802,2.131253660970123,0.851806491244378,763.6530159796401,28.40183932854333,0
VEN-01452,-8.828799377902637,0.9322529710077784,0.6188282288884122,732.6296214363383,27.115434316229337,1
VEN-01453,-36.28070514081224,2.3971004146933077,1.2090673511793846,633.8889552839734,5.0,2
VEN-01454,4.590928232367654,2.1778343196396777,0.9871446730743112,693.2725846479027,29.96313869416367,0
VEN-01455,-3.4553531542154534,3.1309755842936515,0.8980939690848023,738.2185650613559,36.10496802094504,1
VEN-01456,-1.8805242626373149,2.3317596884603136,1.1042231441185422,550.3919168650192,5.0,0
VEN-01457,14.950011947786724,1.269339221289831,2.166622491332574,536.2475256958132,41.59367748682004,1
VEN-01458,20.095656956333404,0.7952540112854679,1.9024753908594425,733.0426618137101,60.73490496157603,1
VEN-01459,23.28365199789847,7.663525546094879,0.8406367803425148,614.4326803769927,85.34056472314734,1
VEN-01460,-10.752553228250823,3.350781889788472,0.582829702140061,657.467738760682,63.779030158975694,0
VEN-01461,29.3312256950836,1.788504821118908,1.233685193569538,796.0090315947447,35.16718529868735,2
VEN-01462,11.994140636667268,2.43422567346589,1.1417261399600946,804.2333557185011,96.07976990311002,1
VEN-01463,37.66092477528702,2.207192158538378,1.4265008510359678,694.2074592235856,61.83942615005063,0
VEN-01464,3.182078012602948,1.9725490070592704,0.9672643194357436,710.5690855370218,69.62089632868768,1
VEN-01465,36.87401329404062,2.4722813611554884,1.1737645212141203,641.2905652304675,70.3939939839031,1
VEN-01466,-1.020886847197887,1.9390592009716976,0.942950641911898,690.7431231204012,82.13229824177196,1
VEN-01467,-33.914782355495554,2.40480692123256,0.5056191481185683,669.461995653189,66.60002296257339,1
VEN-01468,32.59344674597715,1.5909226680985336,0.6399503356503493,645.8262742114147,49.09463484730576,0
VEN-01469,16.60074632306243,2.8711427055004552,1.1036128646962389,598.0621596521096,50.47166003681676,1
VEN-01470,-18.32778701311761,1.2014933238440717,1.5708769972660706,605.1698848011639,64.7362013833296,1
VEN-01471,-29.45454629923509,3.1217478664052862,1.2432393199853329,722.9299270348343,17.194334320517385,2
VEN-01472,1.65567812185688,7.267306416139575,1.161611325487068,699.829923465675,51.43909581284439,0
VEN-01473,-5.903442182788208,2.116499733283804,0.9701684216018844,648.0450565421455,67.52410937964812,2
VEN-01474,-11.662412553055454,1.536824326956312,1.12728977684831,605.8868394332043,42.127770971839645,1
VEN-01475,10.605446160785911,1.267830403792022,1.300543993453358,705.9791999825198,51.58979504275463,0
VEN-01476,20.66881813789115,1.6959231694546586,1.334939963231959,634.4502426695858,60.507254210986645,0
VEN-01477,26.63073098743954,1.4019475192751978,1.4178526853451985,713.7311375836699,48.34124288825305,0
VEN-01478,2.8898609496378227,0.9368896963549274,1.2451547787107795,501.8274120003272,6.937389443443138,2
VEN-01479,17.736025526921633,1.3699477552137302,1.9587032433820364,763.1774834193618,59.57245532337485,2
VEN-01480,8.920884260094493,1.306307105402856,0.9468788475060568,779.41888421188,70.72917452501574,1
VEN-01481,-2.8544370758738715,1.8371713515419676,0.7925733393459071,754.6906245862828,65.8275074287576,1
VEN-01482,42.24213326220013,1.8973718986417776,1.1086104954831115,718.4528222380037,65.12118587197942,0
VEN-01483,38.058889266389855,1.5563223217074675,0.7533225835910778,628.180358174332,5.0,1
VEN-01484,37.25563272344005,1.6797689202624235,0.8154511878547752,801.1678913696707,15.512170312780915,3
VEN-01485,14.208467593451376,2.7177199965181127,0.9487143842803056,750.6783309868924,38.03169482732168,0
VEN-01486,18.24642854810801,2.702518675845764,0.925775413258052,616.8730821734798,43.902198456321536,0
VEN-01487,5.15987914665981,2.376806537494611,1.2002632775799615,613.5317596229182,63.5174443291695,1
VEN-01488,12.59325797650128,2.209313107545122,1.5825545377811892,745.5806306283291,36.87349819107747,1
VEN-01489,16.656321192574897,0.89475316886719,1.0330142846137658,623.3485604064688,58.3553367008757,0
VEN-01490,8.510994866920882,1.0917515564024325,0.8395450679413051,829.9315998798804,67.35581326165575,1
VEN-01491,-24.736158475201982,1.4686361304498832,1.4013810140054694,624.0140535743049,71.08288048365357,0
VEN-01492,4.053124758998044,1.1637594951875492,0.9363522682547591,694.6710190781266,25.76012163771937,0
VEN-01493,9.219272613086364,1.2551414093554,0.7483142444660561,733.8282174373875,29.65587963572688,0
VEN-01494,33.22460566143171,2.9662694005553645,2.112896605317984,717.2337089430965,96.1434788027133,0
VEN-01495,-26.82677178063789,1.667673928104983,0.7289824495846154,679.6888086314294,5.0,1
VEN-01496,26.4828501651538,3.267759259687585,1.4205250154790732,653.4589412738109,56.41905324719893,1
VEN-01497,-6.856136646389047,1.469532599972326,1.435830809913544,827.7312230395139,35.98724676799229,0
VEN-01498,-16.37146805253467,0.8398863796741485,0.7921252528891296,552.9815003790741,39.8937030116016,0
VEN-01499,-51.19284974860006,1.8322573023042217,1.1860281844307703,885.2567559829765,35.37631835042447,1
VEN-01500,22.140198488140086,1.8712135379165231,1.7017773473614326,537.7445211081256,61.5416703795804,1
VEN-01501,-28.546984849962847,1.5359998926077236,0.9526839033744408,672.7284643285259,81.42499337156269,2
VEN-01502,12.432515139786725,1.3417155585454297,1.5522974159669691,705.1161710810615,87.54737259188616,0
VEN-01503,-3.369460783703177,3.5421802585447355,0.7365251010465728,671.569775828409,62.079324247933656,2
VEN-01504,22.27952583373014,1.0546887555388187,2.1222677403600483,737.0911966013032,58.64936315650903,0
VEN-01505,45.37656747112637,2.271416731516593,0.4717579329237529,721.3609322224244,50.78984691044353,1
VEN-01506,-28.198106431638458,1.443960248010074,1.2503252265467588,652.0578607556523,97.84611546718816,0
VEN-01507,18.232237668238906,2.699872048561144,1.246540875870804,678.4274650162178,58.06123221010545,1
VEN-01508,17.819291704759348,1.5525710541197253,1.490236247424631,666.8961975168826,79.92139973062375,1
VEN-01509,14.30445187410876,7.247776463111172,1.3848415233922082,653.178224076401,18.051947091389856,0
VEN-01510,36.07970789738787,0.717405955340867,0.9975353247125004,672.747316527262,8.747090922114374,0
VEN-01511,26.824124884477506,1.2548118691677972,0.9558998240271936,669.3905975689277,58.74882189350951,0
VEN-01512,-0.7594538157173822,0.7641842405831809,0.853098717626828,653.5680862515754,20.25322134473307,1
VEN-01513,-29.54356666998614,2.23995965771336,0.6861933502836728,588.5252877811614,87.73893794094646,0
VEN-01514,37.95688840091613,3.719409107451528,0.6125845405653024,670.1139423443284,25.917154852439555,0
VEN-01515,-13.518321930111911,4.763959370755087,0.4960416642454949,671.6533443967542,64.26160745261117,0
VEN-01516,20.05359013500348,2.323498728616599,1.4738223525738878,659.3412965064643,87.1244608025446,0
VEN-01517,5.659126417526189,1.9416795476792807,3.5003524137678586,687.3460178642367,39.3819825740993,0
VEN-01518,23.23458038125947,1.5422656595412638,1.100621803690235,716.2202907752699,80.59669959836765,0
VEN-01519,-14.873958424954983,4.908541376325849,0.7472473738686265,699.8152489111301,45.08242029958902,0
VEN-01520,18.0936589142525,3.1269181974786227,0.9383397150892844,581.2891420027645,37.60922058389589,0
VEN-01521,-16.148102402770977,1.5051200616828444,1.7822414100145842,712.7036032466409,79.03328114915533,0
VEN-01522,4.604493026325404,2.9722347915687477,1.788909076281744,613.6784817694254,21.63539140417918,2
VEN-01523,16.38052126130094,4.952652785439248,1.6356792452254776,627.4181052532267,58.69885516341729,1
VEN-01524,0.5631525269605557,1.0252179407714883,1.0496130863168291,626.0193450737879,47.04234640148465,1
VEN-01525,17.567213075962268,1.2561839773492136,1.8518306427968136,693.4109793028598,33.81151043476383,0
VEN-01526,19.457314922135406,4.594559874190843,0.5570414079404654,731.596672205178,23.637565879860503,1
VEN-01527,1.8442939489582315,1.227141428282577,1.2304588299696515,535.7349153538603,79.45167597992841,2
VEN-01528,11.016715142451542,1.4212363376493435,0.5128613913776047,900.0,21.731899135391597,0
VEN-01529,-1.9221658855467991,4.609791755146972,1.946585404683024,760.7520532822415,39.8092166794825,0
VEN-01530,24.024824565098783,2.1937903246414403,0.5440866014618515,659.0844723361004,44.364022240106536,0
VEN-01531,7.968566797739529,0.5631666980626143,0.9292702602264222,721.1824730882537,32.74137802584194,1
VEN-01532,11.419137034291134,1.044654839765872,0.5370918580516064,625.178812392603,35.65880221712288,0
VEN-01533,-16.15569344671392,2.513165485585346,0.5449043786634644,747.2273288185216,71.14413639955556,0
VEN-01534,16.985969774428465,2.0207599887523764,1.3088831738447495,751.1042737094871,94.15667202652588,0
VEN-01535,-6.154447904215065,0.540324868394538,1.0661596426753417,754.1070382383901,37.12946366995187,0
VEN-01536,-1.8475747717947464,1.2763339706521646,0.9045258389733823,608.1530211477454,87.05918864283478,1
VEN-01537,-16.06788974461485,1.2084872044596997,1.859024170531411,706.2549890131759,54.42101935457573,2
VEN-01538,-5.1225821564834,2.0651661076539787,0.950803814921934,677.5348537272819,61.39534167680944,2
VEN-01539,25.0900147112112,1.1981623890297577,1.2508688247394564,900.0,37.84215234327923,0
VEN-01540,33.6971308069612,0.8927493353437118,0.8105271744640958,580.922289951902,72.91885314782647,1
VEN-01541,-20.31538510809865,3.359882893093032,1.4248147296426783,681.3544532261774,90.04087281721276,1
VEN-01542,2.6163144552837343,0.7690071010966638,0.8848837897869973,746.2721358734309,86.74079169482998,1
VEN-01543,11.467019335054175,0.452617684127085,1.274813774434892,779.8575698735987,62.64048915072874,0
VEN-01544,6.000444441915954,1.1219006920272634,1.4134319478053732,791.4234253096965,55.31091283517329,0
VEN-01545,28.42157798582072,3.760966149112192,2.193413844567126,768.3475053466875,81.82512119071926,0
VEN-01546,14.742099223245484,2.1711072333130583,1.217395032172376,695.8877620697958,40.54232997995767,1
VEN-01547,-11.63887600461096,1.4839349490771978,1.0998471817560778,618.7780624354913,58.513187726526,1
VEN-01548,0.2473313140976865,1.5113897965445393,0.8463176821689679,513.0904774729856,53.717325553057584,0
VEN-01549,-14.98981302970131,1.7552524481222165,1.2712748743137845,866.8624021759081,43.00689900721435,1
VEN-01550,16.529997093877668,1.2774159507724394,0.9112842200936244,835.8995647324408,35.6680175151198,0
VEN-01551,19.510862507567666,0.5887657912853708,0.4637520782705751,661.1280167661724,48.57113694129559,0
VEN-01552,-26.043188586167105,4.510896760961582,1.3387776470049315,827.8032246697485,32.6487448311983,1
VEN-01553,19.619155323210737,2.463818501519661,1.6371836997905118,571.9927540750552,32.082154972454134,0
VEN-01554,4.691318537581267,2.0444731616428475,0.9916080583887272,634.8962926366646,58.37332572925022,2
VEN-01555,-15.672596166930024,3.516800310501609,0.5149698045612936,534.6537103628722,91.28688719580724,2
VEN-01556,19.830463063712443,0.9507785407720132,0.8099494268678916,782.3816784914902,51.47698814128943,0
VEN-01557,24.65807417581739,2.2733957204562474,0.6546045141233496,753.8052532080658,91.11526804218718,1
VEN-01558,2.967165905345971,3.2014040734273523,1.1803024580980503,673.8603771017104,43.69187273621057,0
VEN-01559,10.31593524331089,1.67005828490165,0.5619314347736559,720.6005256325193,16.339013337460614,0
VEN-01560,1.5153773085487598,1.4495351879172866,1.851181834836652,548.2130495666911,44.12201660835168,1
VEN-01561,25.529770851624075,3.338454049851189,1.4819060145422145,640.2482736858386,65.90495990249387,2
VEN-01562,-13.34018379672114,1.0687124042979148,1.6109400505601474,635.3019691455567,85.09806184106097,1
VEN-01563,29.97982701175756,2.8146663126746136,1.1046136167989618,741.6566920057645,14.582751082118143,3
VEN-01564,3.685082960499658,1.8951180278253252,1.6846470283434885,805.3788177864552,18.15777047889854,2
VEN-01565,29.5277913411864,2.319484664960287,0.9268596453335394,900.0,57.3959115567002,1
VEN-01566,12.760570996469742,1.425315756867351,0.6351209494029371,823.9127376063593,103.73297660248788,3
VEN-01567,-2.7619719901485986,1.9810031453888288,1.5535602852457202,867.0781367434736,72.62422979233193,0
VEN-01568,19.853944154398725,1.1603775843935995,1.3366894384392074,725.8351219071362,59.793920138055206,1
VEN-01569,-15.837078148738753,3.296582952395425,2.552470069122574,708.023032333168,24.370093058062743,1
VEN-01570,-35.566572760068595,1.185575020982042,0.7795913288209495,638.4261781252193,61.39375268387822,1
VEN-01571,18.679826045350207,0.9217556512361784,1.0038310858077364,709.0270500897883,19.534691547786885,0
VEN-01572,9.444163998441194,1.6788274265206145,0.6994657815572679,614.6766832394294,35.59797511159472,1
VEN-01573,10.077439085931836,2.527952328044262,1.4644014386800674,597.4198804382206,43.6362949581937,1
VEN-01574,15.640650482394792,1.0670800328114007,0.8219711239192453,827.6041405730056,64.58439685623009,0
VEN-01575,3.7932841418075434,2.428726059373448,2.249761703933652,736.2589415579603,61.24460479718626,0
VEN-01576,-1.9457553573972903,2.556961823632118,0.9390126427439714,713.4006006145231,39.97458513155868,0
VEN-01577,6.419529801267867,3.824502591689572,0.6822190902389088,575.7048370125325,60.55401361330714,2
VEN-01578,0.5226519261903739,1.96660637486499,1.550324066226893,753.2472181029806,48.02044471243508,2
VEN-01579,15.04583360276299,1.6806563829576844,0.7858820634419504,620.2871812926774,106.59094500331446,0
VEN-01580,9.790885543769225,3.845496411013349,0.8993624983206672,784.3532710443321,46.35620843558847,1
VEN-01581,-13.650529735118326,2.105055316391664,1.0206175109179738,735.0469916691443,72.58651938247782,2
VEN-01582,-2.7838139881192383,0.6835824466220046,1.4055110244674522,661.7619106119297,87.4741707840469,0
VEN-01583,6.082855465761598,1.2677860735522168,1.4613641997854208,807.2220864701031,65.15720113423751,2
VEN-01584,17.45483385979116,1.252921380583198,1.0630201347001726,721.3791505608118,23.804328287124967,3
VEN-01585,8.545566331737632,0.7762951346431641,1.1088780726416467,639.6653565439718,29.81306001826602,0
VEN-01586,27.188640733824183,7.196318717987039,2.126430935781296,557.0582345629368,51.14326843098626,3
VEN-01587,16.728010675336044,2.0861262568902887,1.0577772477706322,777.1075039054368,32.44044005257311,1
VEN-01588,-1.2283752021088326,2.5979090401888434,2.0921160928089213,607.5251918714986,55.43764392544244,1
VEN-01589,2.062597996541946,2.646182565191697,0.8615136227310526,491.7371873661542,74.67146350341359,0
VEN-01590,41.981947439136135,1.6122387448688604,1.2085455697918142,676.5531743007743,68.61525182220495,1
VEN-01591,1.4353994350103303,1.1257989382125655,0.5620075858364527,666.6133528811065,66.2235302380302,0
VEN-01592,-15.5060724012867,4.291196785345695,0.9446514770263736,804.9052814693423,111.41712463473402,1
VEN-01593,23.862436751018155,1.7854770705978578,1.2773104482655655,691.055728999363,92.7295882948432,0
VEN-01594,2.7963367637624583,0.6334532642427494,1.2853570516652455,747.3568567998241,54.173970076648544,0
VEN-01595,-1.639679097663561,1.525143527164826,0.8435902087575566,602.3427182925557,54.49106866710365,0
VEN-01596,11.315571304455528,0.9129497506731432,0.9747976119392284,637.5412028244182,33.220654295489766,0
VEN-01597,12.141138658144444,5.260144440638434,1.1865110324506865,727.9273390317959,33.520757117630254,2
VEN-01598,-5.173942189234614,1.8547392031591063,1.6000792233791254,655.7934041319758,53.79050841499572,1
VEN-01599,-0.305773286634933,1.6749663649194857,0.90466298920671,866.0030626097191,76.33208259969835,0
VEN-01600,-0.6173881797762144,1.2210633924420728,1.4329124548387475,857.0905275432452,56.74406348916827,0
VEN-01601,-18.39795373067637,1.293656911714366,1.199508120133919,578.7868191208903,39.79252874505692,0
VEN-01602,37.37520432954212,2.987856605792772,0.5780672822019566,887.630901293019,34.04642701294967,1
VEN-01603,0.529411991717498,2.5511724756979053,1.6371700061286556,653.482987936626,31.071880855220183,3
VEN-01604,7.285620463126253,1.5077496191446793,0.8861841722713188,682.7982935248731,75.84162333964723,0
VEN-01605,29.820038001890182,3.1449303435028386,1.1145674119826277,795.9972891742897,59.044685938048566,0
VEN-01606,0.3876095222613456,1.006515033361435,1.4232627731216476,895.5282973111342,77.04716622910678,1
VEN-01607,-32.88579807576366,1.5523544757143175,1.1930944087400837,657.5480792507943,45.0117806532563,0
VEN-01608,7.672617458148767,2.001698786633337,0.5200059270048493,627.7699610881734,86.5699147938534,4
VEN-01609,5.499686308361286,2.5735285344492578,0.8995924007707835,535.2247473642825,51.490244992811895,1
VEN-01610,20.98318109300634,3.4061864895372564,1.5604371074973278,671.9583151523973,41.75307494711316,0
VEN-01611,19.142672095052205,2.0433017214623765,1.419102949802336,725.003500982876,25.194348580771635,0
VEN-01612,39.63929451747102,0.9358969275175346,1.3374150348784248,562.3394255932469,18.487186395939798,2
VEN-01613,-6.277441532224419,1.7171843867867758,0.5480407002296965,843.461619528159,90.86410620267594,1
VEN-01614,-10.76982676735949,1.6642740041651995,0.8867219051053077,577.77029970655,46.56066957321551,0
VEN-01615,6.21747418793632,1.8109065922940235,0.6330573429372998,696.2056358872567,72.19224450580006,0
VEN-01616,-33.40733866750823,0.8623366564597106,0.8965052657222862,639.3354178762069,60.50068099288608,0
VEN-01617,-14.913471138761246,2.3838414863613124,0.9265260284245724,519.8232424333968,77.47598735900576,1
VEN-01618,12.36862941186088,2.873869835288948,1.0280436887988862,814.4555735545605,69.05843907752352,2
VEN-01619,-29.083408963334712,0.9886249036794982,0.9895679131141664,733.4364667997626,89.67530470898765,0
VEN-01620,-0.1872933334683271,0.8541774854296653,1.1059045797230147,678.2554794774029,54.35054402920334,1
VEN-01621,-9.284361039914849,2.2823579419331512,1.4532391685841846,832.2753923163345,48.92677629131561,0
VEN-01622,32.66576148215327,0.9297643903455052,2.1639356864894057,622.20288162738,5.0,0
VEN-01623,13.605392920249258,1.087666940820298,0.7918788870154307,767.6056319362649,54.62980348283066,1
VEN-01624,-6.611177982708048,3.7413924476836335,1.2078037600870648,814.8751912130729,23.21286400341253,0
VEN-01625,-14.3232099862824,2.7649220009685638,1.0815645209803726,773.0198534696891,87.50845489691213,0
VEN-01626,4.411840919469306,2.7172673804169167,2.8135964662496478,620.0423817300838,71.62835949946896,2
VEN-01627,10.603334712937052,2.409184105200375,1.1895370820705031,631.2404636499691,36.63704675908833,1
VEN-01628,22.045201927309925,3.3950756926259644,1.0021907112370287,808.5046617690549,11.589484790263484,0
VEN-01629,-9.39080185652275,2.512881484878762,2.1019825850723057,824.1466168826832,96.23652365624189,1
VEN-01630,12.312985979798462,1.780897254244276,0.8994370697694366,609.3431278661199,31.94583926747339,0
VEN-01631,9.241002472462185,2.926624553576328,1.0053833311768186,675.4992491339569,64.20312833986927,2
VEN-01632,36.842024780770174,1.7213203493888942,1.1956829105318096,599.71348585992,66.8787506108378,2
VEN-01633,10.32614733401995,2.4926345743472056,0.8797119702241051,581.3428648437778,66.36805394768528,2
VEN-01634,18.178040347955047,2.147481015721183,1.7232643860829893,735.2031647845882,31.96318644393079,0
VEN-01635,-41.543992650619245,2.032879538521555,0.4075465785541836,636.8022929724041,74.55846530667033,0
VEN-01636,5.112980381143846,3.03800736323598,1.5808786944514008,742.5017419545892,55.12081922257864,0
VEN-01637,-13.474954155858365,4.082040886028436,2.044311976224316,638.4138317553375,9.680167184795131,0
VEN-01638,0.8204677680702712,3.57625862777668,1.16904391648537,825.765445005663,14.376784105911211,1
VEN-01639,-1.646860540185867,2.302447420154688,1.0025353631820386,660.4656215049573,66.62446607858988,0
VEN-01640,-1.1393003240724342,3.277035910154933,0.9459615659598364,636.618831913621,53.5869219313945,1
VEN-01641,18.85249132065345,3.050030698490251,1.4598928459267717,575.8016542549813,23.782699439445288,4
VEN-01642,47.759982163877325,2.96856766121588,0.9250370120194672,686.7610605523167,34.636102527338515,0
VEN-01643,7.905439442203805,3.491299717445106,0.5705368728131547,599.1130030479895,48.0127705656479,2
VEN-01644,-7.352380159737528,0.8147268301023741,0.6720730728519373,789.1032469946546,44.59616739115602,1
VEN-01645,22.509125619206152,2.193651750144251,0.9580088592815232,699.0743438928507,32.6167812173355,2
VEN-01646,35.07430496769046,0.8453231272950484,0.8367682618952467,814.7743642783935,5.0,0
VEN-01647,9.83268866041921,0.980636137953268,1.58959502832982,610.1383682563073,104.71267579811013,0
VEN-01648,19.66229143395608,2.7642493369567904,0.8940160791669247,771.184473720923,5.0,1
VEN-01649,18.729491205111856,9.823109245188682,1.6313338225621297,653.4331383736991,71.31489225766627,1
VEN-01650,-5.643236152259256,1.368472267941427,0.9725179107247024,570.4786532153514,93.54271109540622,0
VEN-01651,32.27923610225928,1.6959636566453526,1.0554703662702616,603.8176945793639,39.25094423767514,2
VEN-01652,-11.0407162651011,4.985111327126432,1.278538640140202,725.6327183139051,57.03527055045411,0
VEN-01653,19.18397375054449,1.6085103615432867,0.3686966774929615,671.9308685468905,58.27200652916915,0
VEN-01654,-18.61738720539809,1.517882165205145,1.4426055083771885,750.5011759636312,94.90256902624596,1
VEN-01655,12.99306827037442,2.560051223730828,1.1233524389456433,799.4030997087059,39.436828725939314,0
VEN-01656,-33.01280411942897,2.3307355615945826,1.2725325020655551,808.1531045267379,72.3914736984596,1
VEN-01657,18.711382892475736,2.449778968035701,0.9711236959573736,725.9195781058721,44.44187193300332,1
VEN-01658,19.875843012646104,2.0046616686893146,1.638693431394861,641.1692225284818,49.760960933295344,1
VEN-01659,14.45295672170374,5.21838051181597,1.9650036595199705,817.2223791291915,66.68857730059021,1
VEN-01660,10.05893430166373,1.2211417433659175,0.8065170931195966,853.6900197379987,48.17708482477365,0
VEN-01661,-5.229288830344926,2.8198394766561,1.0124822969954874,562.5701996496687,48.21407231338246,0
VEN-01662,33.06094510022937,5.424410652047203,2.2777210272062764,806.9275567892746,47.75405587847296,1
VEN-01663,3.245409294982767,1.7577287038647535,1.0730504745137766,641.0637467844164,32.585254001537024,0
VEN-01664,15.12346578390445,2.1593588446226115,2.4380772594074505,456.5527525934572,44.75282948337721,1
VEN-01665,31.256433693577023,2.032013135755163,2.8019922263671027,632.8979359560574,26.87580569957085,0
VEN-01666,-16.163705139194256,0.8039367488211204,0.6358815207745473,633.3042352120672,82.11930189635572,1
VEN-01667,21.65197606026867,2.1479493923191573,1.4800223315153445,872.6262848293471,31.52406267645639,3
VEN-01668,39.934409922411184,0.7840965150337256,0.4699838441965599,485.2991029746301,63.71576257855073,2
VEN-01669,-1.10890999673079,1.6959815361113082,0.9098544048848396,733.2882235262018,56.5314010791096,0
VEN-01670,18.39900158763703,0.8199265543502061,2.004041926423789,675.2170299185241,53.00416692623739,0
VEN-01671,-1.5823880626364568,1.540078950004801,0.9638231181194268,671.0489863141211,55.24453438429271,1
VEN-01672,-26.962506339791283,2.456886020551319,1.6970349020452926,644.1541847686399,39.29494950345762,2
VEN-01673,13.664456662947153,3.256470783344425,0.8472197055217271,836.4863451688063,45.19696534430706,0
VEN-01674,-7.070267992113219,5.663384785447369,1.9286098926368516,847.5579056655288,62.27023092060776,0
VEN-01675,47.80077520140412,1.1350636890521015,1.1437637482433614,570.7761442153168,74.43234810165926,2
VEN-01676,-12.267465681053077,0.7045860585704357,1.7319532129795212,485.80653645068605,67.49040169525335,1
VEN-01677,21.08132407847718,0.769673677272178,0.7374581101155183,662.8682961771857,31.760882247968997,1
VEN-01678,-4.215492699747401,1.342109290297295,1.3987573221468406,630.6558412286672,45.7261184264184,2
VEN-01679,8.064820346002708,1.870018918273836,0.5015689800114465,746.1579523724595,40.971659172884365,1
VEN-01680,-29.354771280085885,1.9697734698712084,0.4492332959419222,648.9500627721713,40.96022258863518,0
VEN-01681,14.24769485308878,0.7741832555872721,1.1541350060119238,656.3978550519546,57.708791823687584,1
VEN-01682,7.9902401621366845,1.2166536693093275,1.2353052649730225,762.5581145076484,77.45224693119542,2
VEN-01683,0.5094702201555856,2.005085592176487,1.3009341052632708,719.4883932901758,11.545306807881111,2
VEN-01684,40.9826436459056,1.1407980543738303,0.9273219807089668,570.7034034410367,53.44215360762573,0
VEN-01685,6.762277747996729,1.3760486263756988,1.0319653988867934,587.5847778449363,27.04208055434613,0
VEN-01686,33.51514821074871,1.3919520471508386,0.7849469357375758,826.3801361645507,45.32069696813463,1
VEN-01687,3.221639316872543,5.1089537958255855,1.1372989408178742,705.7807036014569,81.50517032323759,0
VEN-01688,-16.360442793137175,2.404173968027408,0.7032618465204246,900.0,42.59596613961431,2
VEN-01689,-19.74520487879189,1.2795406067716553,1.634345565048976,740.0921038025903,52.69341268715636,3
VEN-01690,17.886986589950297,2.3721176495344016,0.4125260350966033,836.1340875091965,34.64197399454896,1
VEN-01691,8.760792107593797,3.339197765304927,1.6342273271732386,697.6045258679749,26.95309013482728,1
VEN-01692,-39.95706531312528,1.6959057589498403,1.014254049055025,691.4332956720963,8.710098495623,0
VEN-01693,1.3064854004510051,0.7635840964810308,0.9918425557800378,794.5289801568692,61.22016162069844,0
VEN-01694,9.085355764693931,1.720480080688328,1.2751791018608256,759.1435820611447,27.7843824334454,0
VEN-01695,2.6319960034735894,0.7376842243030077,1.469671616234645,568.0742685221308,53.35139832485818,0
VEN-01696,6.990582669344781,2.7218530506110894,1.209189565020385,606.4708486921905,56.49076085010129,0
VEN-01697,8.69748835236293,0.9139959465572282,1.0342592631459917,553.0823506027268,69.43741257208502,0
VEN-01698,27.86317055923988,1.1201290378558586,1.3500406236746694,600.4621307333406,38.40899707468542,1
VEN-01699,12.49902306482129,2.199196540038622,0.8357259095088401,653.2629905127126,48.075837212130246,0
VEN-01700,23.360205053399163,1.8587760475494155,1.3215646901138405,773.6924869112198,30.80439688968182,2
VEN-01701,18.98615396931631,1.705971477641363,1.1731988819385597,779.8012949085523,77.50866823988203,0
VEN-01702,13.180287590144747,2.5544935693838493,2.4889735270968445,633.7715303895318,111.68831178434648,0
VEN-01703,30.895673456841635,1.4360927215282164,1.1106568780849233,707.7550291884482,83.61084468799967,1
VEN-01704,19.19281473166755,1.868649607302975,0.8695570385111951,677.0558969055256,84.35815939120958,0
VEN-01705,18.58838432444101,2.344643618054403,1.9168583040194345,711.2925746181076,66.06932385602663,0
VEN-01706,-5.262293372493062,1.2002424761563055,1.2102882434964122,609.4336560178348,48.724241950967695,0
VEN-01707,6.84290489478034,1.1253478522145075,0.9435836576758272,577.8170519446238,60.51403193759327,0
VEN-01708,11.700168591028536,3.742041964488117,1.1193788850712163,834.357169659879,25.05431994304382,0
VEN-01709,34.08091928665208,1.157253517786783,1.1429214835489525,574.1636474720758,55.72873797629582,0
VEN-01710,-27.749791073437382,6.358920906590741,0.9830997766198912,668.6764726199577,49.278007020834686,0
VEN-01711,41.05906447849869,1.8058729169623715,1.375371043018401,652.1389710589023,72.7572319525998,1
VEN-01712,24.86586803397384,2.0855858197061856,1.0709935980263798,761.8929257360952,35.617940402096295,1
VEN-01713,-9.590488048203008,2.378303222041347,1.48305136009103,661.663384911288,64.05031434340755,0
VEN-01714,0.303398690993335,3.576619092048172,0.6218865113727802,662.6115706355654,34.00541501351787,1
VEN-01715,20.84054124124872,1.134303550374082,1.970643398177714,593.554255653481,57.91595160504666,1
VEN-01716,-16.768938118639845,0.3955552785240394,0.7618079550918343,677.0402535327245,51.01960372518301,0
VEN-01717,-3.353479384856705,2.914243701253363,0.7759086229376205,575.702899206326,72.41648395783031,1
VEN-01718,-10.47950946999558,1.6229887762576871,0.3597582759068104,567.5472079218544,16.789473822488993,0
VEN-01719,4.882673676288689,1.582044136265496,0.9052769816813322,769.4752064793192,92.7676238482208,2
VEN-01720,-39.80642639457562,2.459298720352189,0.8763120400108836,510.5360247519526,5.0,0
VEN-01721,6.508257389409788,2.8666320197774646,0.7940633998691399,659.836970908788,43.31831926333992,2
VEN-01722,9.2245201552335,1.4542188234129017,0.5615521819674868,715.2628138790598,93.71212748391076,0
VEN-01723,2.406499511511386,2.7120776907517263,1.3649366250336934,704.3895785652439,23.92557710633285,0
VEN-01724,-13.375951401077351,2.7707594314326704,0.9580206898871064,591.6905968018777,63.12464499250507,0
VEN-01725,-6.258484483301061,0.5729268940146084,1.281909440026865,631.056458190456,76.10264553472004,1
VEN-01726,4.165662517632304,2.520290605215352,1.7293096669904735,859.5134253767268,59.63769007964743,0
VEN-01727,-10.23285515286653,2.288828864193918,1.2433814795943443,535.3872300027599,46.91149446437352,1
VEN-01728,-4.595464838789575,2.1984136729849397,1.106233189252959,683.2200693497593,40.75335798826376,1
VEN-01729,-3.6525639026011874,2.1588298402541595,0.976872920855193,669.3626340931402,38.09237568578208,0
VEN-01730,15.48359440483837,1.7518491477067786,2.101305023759156,578.5190915830942,27.62743501223776,1
VEN-01731,7.469764380246487,1.8454186936672372,1.2366177787037913,754.2367956878635,40.8511202066279,0
VEN-01732,-24.323807841868074,3.497736853053344,0.6931848127770663,473.12135315459096,38.94347695059415,2
VEN-01733,-29.862331728762847,1.120547266259045,2.684991406982725,738.5512115728184,27.5576426376814,0
VEN-01734,15.537900231332625,2.0697816728028906,1.087889445555178,504.3670527094112,30.58331760053151,2
VEN-01735,2.030995123806569,2.6953703453043816,1.4919934923600755,633.2246610108298,27.41360622682406,0
VEN-01736,-17.745441571310906,1.1730520882117972,1.147844160958197,745.2536678711899,6.900077826751854,1
VEN-01737,15.912227748505044,1.707124099418646,1.0342272346057553,560.9753180274249,36.18970464173158,0
VEN-01738,-16.062084540444978,4.745857192129592,1.7434116677334537,688.4030375972615,57.401098162158654,1
VEN-01739,-3.976635202570609,1.893149501755132,0.8358981764833564,706.7708647105163,73.85311882676473,2
VEN-01740,13.458060017924373,2.177827225428578,0.835564083414062,648.0393585803507,60.57000156784882,0
VEN-01741,30.283981515190224,1.0232988114241417,1.9227441973093145,870.189271907457,52.20169550886606,2
VEN-01742,-21.66657027979245,1.9149835984375752,1.1748785304197653,708.9636535604809,69.365999516444,0
VEN-01743,-6.497050996024546,1.850782208901623,0.8954754807108369,795.4862605731155,57.78435075372492,0
VEN-01744,1.653444602106414,0.4374552200464197,1.496160384025968,753.5823136008652,25.06612480914721,0
VEN-01745,9.10256082043948,3.0750126082512974,1.179664074792456,590.1303083493568,85.37167076162766,0
VEN-01746,-18.540240477619413,3.249864102876807,1.076904184679201,564.5457684932559,46.52164543374023,3
VEN-01747,-3.451541315295673,2.1763324662550763,1.1111519452331298,829.35514247617,57.96442416322001,1
VEN-01748,-1.2768531847560745,1.776050076364148,1.204952389322043,711.4245945314416,21.7173474409321,0
VEN-01749,36.56286094806441,1.1251613861077656,1.194228833224242,746.8918743104747,20.78206244170901,1
VEN-01750,8.226287993126897,1.4098669365783565,0.9412933586290764,732.0452537896431,70.00133810262798,0
VEN-01751,15.109522138977216,0.6711760834455269,2.648116501291427,694.9105206618738,63.828916780406026,2
VEN-01752,-17.706702499258896,3.2225930830491194,0.4915947674400742,759.3675561007509,79.7482008108901,5
VEN-01753,8.819478944727187,1.8376604578051363,1.1052766333966848,668.3349947559776,81.88365180166879,1
VEN-01754,5.45984104257331,3.5849400377663176,2.340806129282871,695.037169924501,78.66242580274466,1
VEN-01755,62.03619486379009,1.8977699109889232,0.9679855753772773,703.6785258780859,61.430168326745445,0
VEN-01756,-17.984493160873672,1.987845871120177,0.6649638598383385,657.2123998345515,5.0,1
VEN-01757,8.200121150045131,0.724741500556164,1.1328807143381163,594.0661450247255,77.39493817297402,1
VEN-01758,-15.127869508706336,2.2103879383056944,1.289555817968759,747.0021941881653,51.31703978541832,1
VEN-01759,9.578048155007863,3.0333890262711733,1.5460663594850608,614.7817669497396,23.47961625075625,0
VEN-01760,45.960172364289846,1.6670368757285785,1.248528838183589,638.3058257416479,31.28358502654416,0
VEN-01761,26.18715887358941,3.796455684423378,0.7472381214214959,581.0861619280644,13.407253525226622,0
VEN-01762,-16.790422468852324,2.4788061701267146,1.0977616035834483,759.4919709384726,50.72638831574909,1
VEN-01763,25.624730951916263,2.436241394371985,1.0400476982393296,724.5948444415609,46.6968582646722,0
VEN-01764,-0.7819191107451875,3.257227408565817,1.291944530712343,678.1902311605348,40.401410896161,0
VEN-01765,9.4901164670428,7.304832881970843,0.9207158529707596,867.709425889979,52.01810572534856,0
VEN-01766,-4.97947976096172,1.3632139309854503,0.6094457912728892,705.7128105905907,27.91602800309815,2
VEN-01767,-6.305785246238518,1.747197462594557,1.2275179549191706,599.9873958455851,101.65813130952414,0
VEN-01768,-13.344550506044314,2.981250122063498,1.2936430723227434,742.05940061519,42.17070070452115,1
VEN-01769,15.152924382154868,1.2476647882236318,2.0184340686947118,693.336857527467,79.38873975607488,1
VEN-01770,8.964526334272907,2.057217802476023,1.3885486000456098,790.9162349771665,75.21965343922699,0
VEN-01771,21.07569086826345,2.366047722367836,1.1344951308040363,569.6194145365766,50.06564982292218,0
VEN-01772,28.07030943301668,2.2400659505132547,1.2818948145757143,669.8023436539949,43.01710485470736,1
VEN-01773,-8.838961331213309,3.6053021192464394,1.0424271777707437,819.50227075916,68.86817348717773,1
VEN-01774,-5.584672026487734,0.7349898389095741,1.253359484572833,620.7937704307418,20.597533637043163,2
VEN-01775,-31.38326730328744,1.2161412762939894,1.1363499224565563,686.5094848043227,104.80714064575662,2
VEN-01776,39.04297689778342,2.734661366663255,0.752141823611295,900.0,67.14941822746071,2
VEN-01777,2.1107080184124123,1.7966967396751758,1.2673816894995076,569.9431604124861,61.412391728301166,1
VEN-01778,13.477125846372497,0.9788329873065058,0.5586951713413877,729.0253828068243,30.009283848736565,0
VEN-01779,-35.00378029123157,5.563753733871762,1.3589518060377916,638.0563917727433,41.60404877859748,1
VEN-01780,-20.87467165064527,0.883855342822556,0.7608714844602745,749.1451397070232,54.2805810402907,2
VEN-01781,-24.893407199673884,2.469922152580801,1.3372139201158495,699.982857766883,18.937833598922182,1
VEN-01782,-9.774135177181838,2.6745054398694803,0.735198457906733,744.4137328293231,57.856246752561255,0
VEN-01783,29.37713501048134,1.5455579377635686,0.6197946470932498,856.0785364403216,19.49073207624282,0
VEN-01784,16.697393785573894,1.0006320484821525,0.7980819882561971,544.8891269062947,18.80643415182341,3
VEN-01785,-37.33077053854942,1.917452875630632,2.4088929827924943,611.1188037136993,29.18998787740271,0
VEN-01786,-7.544203075241858,4.699388104672169,1.1210098954393393,733.6435145443338,52.93703257438453,0
VEN-01787,13.532505231053664,3.8363686427296417,1.2470255531022616,890.7959470874334,5.750699684650243,1
VEN-01788,-21.443643536267448,2.6992788844248325,1.0442692967440457,647.874182841143,51.444052256362674,0
VEN-01789,33.511104597795814,0.698567640243336,0.9401874812439676,690.5356843411133,71.31416692559193,2
VEN-01790,2.80253952417592,3.6059313867538254,0.6589811765058609,709.963160733892,55.84601430278506,2
VEN-01791,8.70516346557102,1.984405153384495,1.129900659025291,662.2041098730966,109.49272403017984,5
VEN-01792,18.29977510341919,2.555396919015285,1.1607676274081038,713.3597309172766,69.22121380692278,2
VEN-01793,27.892568500929617,1.2614783448295028,0.8000343180113636,650.897603477095,13.962212593230042,1
VEN-01794,4.666171308830472,0.6484748215508793,1.1415283247849328,571.670828608434,61.78763315330747,0
VEN-01795,-3.420611166993263,2.504833922413009,1.5804321051012236,634.9370637238662,24.28469728328468,0
VEN-01796,-11.04583546957651,1.0088494069952034,0.943494589075952,436.6016701188062,46.73342934620093,1
VEN-01797,-7.193768998272386,2.0336302171616585,0.956364746489571,854.0808121935393,64.36489664347519,0
VEN-01798,11.892426565585229,0.5804829065462651,0.8540224085438,627.8550698165728,56.45793199241528,0
VEN-01799,-20.26809272951987,2.231179289921597,0.7537310759377857,609.500383654926,63.98749357388778,0
VEN-01800,5.24421005116488,0.722444824415292,1.9221366011828007,799.7195830150052,100.60765384868483,0
VEN-01801,7.58019268592847,2.2370209548428224,1.7338707449138668,674.5032758774219,73.13860057153148,0
VEN-01802,42.3877225202214,2.409744705422848,1.0154089103905102,509.2276353996216,51.624281786361536,1
VEN-01803,15.233178209211152,2.8037967538375272,0.93024948042878,619.2213158071444,34.66073906610352,0
VEN-01804,4.235811966992371,1.1185040450528283,0.97984146736587,623.3091099992636,70.40787773579507,0
VEN-01805,-6.28318843995234,3.1431269525999905,1.591447767855012,691.3712736764197,92.62957548079385,1
VEN-01806,10.129148173549329,6.780414164605811,1.1220858519635346,754.233250067992,103.5084185023534,0
VEN-01807,12.1986957369815,1.6478113155607177,0.5172989984341606,586.372926051718,32.93119267956224,1
VEN-01808,16.00057162064285,1.0736559260110743,1.5066066666007385,714.0914911466795,65.19158086437997,1
VEN-01809,-33.77302246717003,1.486015021708871,0.5953061928774295,652.695729620102,49.81305282347383,0
VEN-01810,1.5571338303714954,2.729166277105568,1.833585832379532,866.3596875127837,65.7395634252842,1
VEN-01811,-20.07804255461489,3.2582466580928733,0.946679929967418,516.9430702041498,11.425129932685785,0
VEN-01812,46.81487375736373,2.9335824439321634,1.1480497102868084,647.1606351230787,44.444453269709776,1
VEN-01813,7.798237232275978,1.1872119175799096,0.5739912169000201,776.2865587120781,48.74422442995408,3
VEN-01814,-14.415117431331453,0.6996065038245379,0.7061281971476954,807.0909012313457,36.35492055348081,1
VEN-01815,-20.178957721041133,1.3442819039445244,1.5479960520521956,694.8535782687457,65.72791043258704,1
VEN-01816,4.41379478162781,3.1316671132300207,0.2803103299276736,684.0381974224633,33.236313024711,0
VEN-01817,9.956134588071455,1.4647245772098156,1.566195191141641,654.7189119973456,42.22578045818212,3
VEN-01818,-2.942928188327265,3.274718621092469,1.0001747472206504,539.1454728720192,58.99237528946754,0
VEN-01819,0.8778121948884801,0.7878528197341387,2.7135562791273142,801.9786693276824,44.76911269035136,0
VEN-01820,-6.129726445550785,1.4621041741502951,0.8027703201993612,634.8736015913348,93.93452593564214,1
VEN-01821,41.484097781617415,2.413933421197384,0.407338558541352,658.6164197830261,5.0,1
VEN-01822,8.036101187325494,3.805595726866973,0.8100775977207928,660.702347113908,59.82692999017588,1
VEN-01823,-27.603464168859368,1.1950760279800177,0.7975225185772573,632.4266709809681,47.9181429583127,0
VEN-01824,-26.94578277737245,1.6026775939889688,1.103827163838545,685.3056936126269,67.44410981263583,0
VEN-01825,-3.40063652003416,1.895439755561515,0.8676361747588545,672.6646611589341,76.78211948875992,2
VEN-01826,6.108693307306731,1.2767183244912594,0.9580199391491744,766.4566317662577,54.406578959856745,1
VEN-01827,31.113993268662536,2.282101590314916,1.2063299016586853,617.2086202357208,28.776418554051155,0
VEN-01828,8.656585025990221,1.718559410704231,1.307440519511636,755.6055154061175,56.72018540750131,3
VEN-01829,-14.850539291208218,5.779960124973591,0.9385961001214422,612.7672525986866,96.72351887269824,1
VEN-01830,1.409093559014824,1.1158906000670166,0.9724526289332298,681.0534680581487,39.4242504458093,1
VEN-01831,34.709703376899164,1.6666378381691478,1.344771835906706,501.8351031394312,49.1963009928647,1
VEN-01832,4.02985632683059,2.506874456670453,1.1935893994947182,725.3308224492976,108.9736059676496,2
VEN-01833,-24.67541037755301,1.3352053941612043,2.195409301852596,643.0757401957175,15.822094002789376,1
VEN-01834,22.22456728377032,0.7231885763123752,1.0946380329588656,541.0946535283787,54.79132892866009,1
VEN-01835,-17.899477953174802,3.2964466355325674,1.491119980379195,736.5164244067378,31.359408914395196,0
VEN-01836,23.556649822518164,1.030040333046795,0.9472642482233606,606.0088077211833,65.31986513665919,2
VEN-01837,22.3356296018836,2.068672160189447,0.6629016369840725,568.3337999118905,62.67554674135135,0
VEN-01838,22.0255108524074,1.2625790800943164,1.3827644047403869,651.007212572044,59.59943335257866,0
VEN-01839,-29.37345532697951,4.297076245423455,1.529975561560275,691.7635263474402,57.02274363637274,0
VEN-01840,-3.232314484482716,2.2847568311708537,0.5827631090388257,638.0785274850932,91.6200694301766,0
VEN-01841,19.298398513670584,5.566517769629829,1.106452505914958,816.8183754927777,24.49404641156126,3
VEN-01842,25.567602999401025,3.3420774340893846,1.1294763918296382,734.6127131968922,44.36181336121219,0
VEN-01843,45.43507259315786,1.1455101706828037,1.5548921880002078,825.3243948730387,15.746430582983471,1
VEN-01844,4.074329559623069,3.935314679332735,1.2471077947346012,770.6129510796852,50.220789861246935,2
VEN-01845,27.694559899405316,0.7568519503751576,0.4698097119950406,762.3191722236518,54.23427034713789,0
VEN-01846,9.542255125247465,2.2605245588772958,0.6355924533650934,516.0710004961425,31.637090935365915,0
VEN-01847,-10.481424146566376,3.213398560709035,1.1442971784418263,731.2758476944383,34.20830773486966,0
VEN-01848,-19.168071315031177,3.347935115520269,0.7921111287496714,642.9469378145511,53.03374563193079,1
VEN-01849,-16.63419157510605,1.7476601735180468,1.5065639167078724,778.3737870575234,98.1852636909655,2
VEN-01850,-6.270573543372068,0.8120686720351311,1.1389875648985563,683.1278517483701,15.833514782591024,1
VEN-01851,-20.089247267797933,1.0391761107311712,1.5565712464088473,627.7046522446228,18.885643195965528,1
VEN-01852,7.707642657094516,2.8089021563673464,0.4711129994870198,670.8366590452498,19.35576781371024,0
VEN-01853,-0.9904007926424868,1.5104414807222195,1.0045149099415025,694.4679566315511,13.673458690700762,3
VEN-01854,4.130739175707204,1.8909438995197732,0.7915126278816467,638.1552198955301,15.787080586411982,1
VEN-01855,19.439780539761497,1.1285815172814946,1.4798491861030083,677.7008277016128,40.92113218048931,1
VEN-01856,15.812653635321125,1.0293824581858635,1.478173916765613,607.9562782670803,48.86098884832194,4
VEN-01857,-0.5006983942257719,0.6354989406233851,0.8552011422670857,635.0187743900485,54.00583629772253,2
VEN-01858,-26.341123554749775,1.4883668017796785,0.777749957813776,607.7516070851909,98.36064970798871,0
VEN-01859,-9.552100772317528,1.7823123454010894,1.3989910544680202,578.7886173561891,42.78143343240647,0
VEN-01860,-6.505069351593434,1.7662492810425292,1.656090790999254,629.9951647334858,36.22575522291176,1
VEN-01861,-1.940339512525528,2.2577602056828407,0.8576054795824332,571.1991194211051,38.47755578635622,1
VEN-01862,15.055374763575344,0.989007176931162,0.9866035741716316,604.7330613075557,74.84313833963836,0
VEN-01863,-8.712349417046456,5.37450809031645,0.9310595142674084,742.9199453231587,54.0752451455153,0
VEN-01864,-9.497071763307993,2.4504198618468807,1.0812057672168114,689.1195292735175,62.2237294321468,2
VEN-01865,-28.860892998701477,5.650261952236681,0.739427583617409,748.3663258110694,53.32670409634103,0
VEN-01866,-8.610243519443957,1.2955452651228037,1.7454506066080837,610.8670695884194,32.7481738185827,1
VEN-01867,-8.611993521197451,2.3758561975071126,2.082873735721535,717.0786514684538,80.29905569930133,0
VEN-01868,29.56522572995764,2.768021854097958,0.4736330702332018,814.4843911534198,64.38204928740363,0
VEN-01869,-13.507849238788427,2.924813003993188,0.921037208523962,695.9701936997802,27.87276914097046,1
VEN-01870,47.78014548248385,1.903516379454492,0.5312461961364258,690.7089658930444,60.74042047378692,1
VEN-01871,-11.06643026592453,2.9247630785099847,0.7388669577151852,773.0537387422087,19.960473690626728,2
VEN-01872,15.700895831306427,0.7400911950085635,1.2015152644676017,629.2103640566675,79.24201914043263,0
VEN-01873,-2.5673019290145227,2.9305108778882185,1.9108787682967647,640.6301326346063,65.7345362253354,0
VEN-01874,-20.92553675483255,3.251965102899236,1.3152932989302983,624.6854961747509,14.162920867212918,0
VEN-01875,-28.12053297429705,2.0115555211508984,1.069962061078096,841.7311841348128,30.16332885284668,1
VEN-01876,-4.286349531513487,1.0044484614967513,1.392462364360822,789.2753970512372,63.79969386556314,0
VEN-01877,2.8743947636994607,9.462662316238898,1.189103293864293,692.2329470906789,47.14890259178352,1
VEN-01878,-17.37652122220971,1.8692495693726556,1.944317667262995,736.7075022358289,18.93102573054631,1
VEN-01879,-7.231296641932674,1.6071955374441853,0.807816586051317,876.8052679623954,37.34350158435102,2
VEN-01880,-22.0696039798298,1.716459097477905,0.9485911578971604,503.8791874920509,98.60521576457764,0
VEN-01881,13.481396802036093,1.81965009292924,1.317927156468399,756.5817170840958,69.6368186836892,0
VEN-01882,20.534091484060777,1.69181874749207,1.5583624660311952,745.810953148867,52.50534648727752,0
VEN-01883,-5.978204857314285,2.8497563363384675,0.5697114636747755,703.0896808249537,25.207057172360862,1
VEN-01884,-1.8115323341958067,11.0850484566983,0.6375140316848675,649.3709890037022,49.058470512202085,1
VEN-01885,26.104352293569868,2.4850175188687063,1.110086727949224,619.1214807247634,69.94238907982191,0
VEN-01886,-6.155885869884324,0.934147012051621,1.2569919556909936,727.8259731012843,41.52371980605857,1
VEN-01887,2.4696229688243765,3.518640182145595,1.056596215568547,611.7674780500615,71.63117138089933,0
VEN-01888,-18.47496421190049,5.189726327017173,0.7979589446312815,597.8969894638794,88.04069706342119,1
VEN-01889,47.78102326231674,3.343754942148118,0.9400858563749483,681.9675011420919,67.2665669921419,0
VEN-01890,-5.528504633510938,0.9283743018162128,1.5361176931047789,627.0041916267486,20.591282086538044,0
VEN-01891,-31.77118023157448,2.1573950055304327,1.396407439204631,516.7571022308545,24.820272490723667,0
VEN-01892,5.427504925604506,1.6815852131595177,2.293339925506008,828.8454770143778,6.119555237954742,2
VEN-01893,3.925330313891587,1.015882428270672,1.7380918523628432,683.8247877601699,55.21273631782326,0
VEN-01894,22.485671451245285,1.2291941708323453,1.5785450269691343,741.8790965213293,71.0243720369593,1
VEN-01895,50.29447794156478,3.478187618732923,0.7482009832263248,682.446998596331,87.81546297852475,1
VEN-01896,-4.6912255039584885,1.5699541750946555,1.0220525037502255,576.4781062811624,52.19986911510304,1
VEN-01897,-19.147208183312365,1.0561227480447628,0.7099858440897936,671.7054917661172,94.8719919539353,2
VEN-01898,-18.279764721262683,2.5513924575581304,1.653684201627597,703.0246716777177,74.00563864364076,1
VEN-01899,31.077589990046377,1.7156079290629362,2.1295119274243777,839.6569897600525,60.94254373718012,0
VEN-01900,19.25238131556969,3.296010710441789,1.5271275405376807,559.0247677734342,56.59862166701364,0
VEN-01901,13.73574081791308,2.5072477066415537,0.5829593853671474,556.4796904426723,30.18453117720938,0
VEN-01902,-16.34337941760363,1.691437706765011,1.3143183104994116,498.4978161745544,39.97608990427871,0
VEN-01903,-10.274976100864368,1.7769730135449815,0.9995204075620872,828.3786657800713,5.0,0
VEN-01904,20.389327691053435,0.6946073397796235,2.419551305833836,582.4093980258723,56.23246809358155,1
VEN-01905,25.49374462262977,0.7333840087930225,0.6389051298553539,500.89103507021525,68.27568355372772,2
VEN-01906,3.1741325190847687,1.3221402059192566,0.9498119580524024,745.9011717231047,93.6411998497586,1
VEN-01907,4.060747978064349,1.2030122160963652,0.9301445992209444,618.430059230508,40.20584025642051,2
VEN-01908,-6.664358721831343,1.7242377884497129,0.745709682859187,593.5992986214015,28.18991009248624,0
VEN-01909,-14.767283920553837,1.9778301986768427,0.5530812015570865,719.7550194617263,55.21233605219221,0
VEN-01910,21.706256718862587,2.3189099365200643,1.2742831908935957,797.3887199003226,84.47152349466292,1
VEN-01911,0.4441276340623412,2.373831170203798,1.1295576248039585,584.4928508172329,41.63579177806231,1
VEN-01912,-7.163702932144325,2.9048303025363404,1.115864717816208,637.9346589944447,10.279964748391244,0
VEN-01913,-3.3956618142569948,1.535269237338028,2.220286972520191,799.4559905577674,24.283899206623712,1
VEN-01914,-18.52758080850648,0.8887362890797201,1.029937546276789,772.3217312901618,98.08830406365593,0
VEN-01915,-1.9971397989969888,2.8568665570016374,3.372128555907303,727.2798673766216,51.77668927328656,0
VEN-01916,22.170628942753044,1.8691955576739132,0.9227734320458856,749.0021066237839,50.46543492766545,2
VEN-01917,16.677771731101398,3.8280184827054913,1.193099248871272,625.3783866899589,37.82947877723259,1
VEN-01918,16.583386542197513,4.991550689385703,1.1187198863520509,677.9209022611882,83.38053423602392,2
VEN-01919,-11.511558839878075,0.7353605782547834,0.4506071143333773,751.9839230896409,46.31207321396584,0
VEN-01920,-37.88765528694681,4.3644653315300665,0.7228433780201379,663.0715550888826,59.28162550917292,2
VEN-01921,-12.224012989177638,4.72108795821201,0.9930613448138068,674.1982022744622,34.02991575122917,0
VEN-01922,-12.917771518707106,1.1913471977521224,1.6437305500002473,748.1193982319458,77.94901984455315,0
VEN-01923,-7.8791401303159105,0.8164790957187663,1.0336515534531034,540.3807168542141,27.649487853767244,2
VEN-01924,31.930533461821533,1.4911948322734616,1.333310905040127,508.70393808249696,5.0,2
VEN-01925,14.363851895384402,2.332117508588843,0.5882873021513457,536.6408941376512,87.90532377827714,0
VEN-01926,10.301378876258877,3.153458783821956,1.6139496990876885,594.8725929129654,19.701074899349813,1
VEN-01927,23.580400271531328,4.074191107642236,1.330503390149291,819.9407494846992,54.288912891491904,1
VEN-01928,14.751569174106583,4.249686717516841,2.0772081195115173,612.8547429117092,30.551467892621872,0
VEN-01929,-0.9367510822101988,1.1943903263817337,2.020608503670518,670.6615085847309,41.70667038941056,0
VEN-01930,29.069149809477945,2.4421801581553764,1.1705954042172115,873.0135012037742,66.90795896434298,1
VEN-01931,29.324310759374697,1.3835419577558017,0.6970157622010984,650.4225036699207,63.35330297277291,2
VEN-01932,-0.5861722302281951,0.7366961192547127,1.919948090948947,703.6721852645213,60.16117294793105,1
VEN-01933,-0.5210613696384501,3.926535356295505,1.1979345265064945,607.180379051582,44.42301307535183,0
VEN-01934,0.4264466780618718,1.1509508039362202,0.9738015445689217,888.0223799301929,57.01014528895124,0
VEN-01935,25.973118385829256,3.434050343445892,0.7023399723546466,677.6040631563665,66.86147860483298,3
VEN-01936,0.1174156563279931,2.4647868529059243,2.513131771236464,573.5197510591876,17.40746707253883,0
VEN-01937,20.60029594768708,2.255332985440297,0.7843017727735518,678.4244345078864,34.330672634868776,0
VEN-01938,9.388552189617132,1.3643680561751932,1.4398231696913164,864.1678670987001,104.34042381025084,0
VEN-01939,32.94606155234132,4.065942794249789,1.9019518472242785,645.3861396337654,71.18157876474093,1
VEN-01940,-6.497934923795064,1.2552141105220556,0.946051061112174,535.1594434878746,81.87124517481908,1
VEN-01941,32.43278988535846,0.7984627207505897,0.9238938461267144,608.962368486495,71.88723413393986,1
VEN-01942,-7.656831447186274,2.322998114092363,1.2207832045988216,867.7143453350571,76.8893420604374,2
VEN-01943,15.06505540607226,1.5268202365586172,1.0906156038374402,751.8920432250763,66.31528531988167,2
VEN-01944,-4.709454046533772,0.7213840601625159,0.8539312639063084,681.6832899371852,50.5248137880624,0
VEN-01945,-1.7837858573010008,1.8634936047560289,0.7994478440090657,623.8855083470141,23.5456109077918,2
VEN-01946,34.68634571890167,4.794756084286492,1.6826560877976495,710.8608505974145,54.29934377594729,0
VEN-01947,34.397017748645766,2.377674501474747,1.446559716997421,642.4869722889848,17.054919838879137,2
VEN-01948,6.213980269178192,1.5406802353592568,1.5929359722938696,685.7761481257511,54.76783463063564,1
VEN-01949,-28.387216929704493,2.0836349285780917,1.0549878521099696,689.5603948870101,46.29079437276435,1
VEN-01950,6.360168762631438,0.7681495191089995,0.348407712115687,694.2285181456032,50.28480195978899,1
VEN-01951,32.20969388306541,1.2819539433783342,0.9376991509562176,782.0428900716628,11.679816166985796,2
VEN-01952,18.635412554648397,1.7315084148154465,1.2804009013058184,763.7569530939663,61.48861300970802,1
VEN-01953,14.297984181058158,1.2090113760393677,1.111598211864831,769.8465087715031,82.90428182888368,1
VEN-01954,-1.68209122013796,1.112273890904094,0.7049093605495851,648.7836267396743,72.59056740819322,1
VEN-01955,24.442969155850957,1.4684254274530688,1.033258000131526,597.8360388548056,67.96520169730633,0
VEN-01956,-23.855233826131307,1.915930395666234,1.1064312590572851,638.7919871262593,64.935601974734,0
VEN-01957,21.883115595715537,4.183880832377418,1.1686107108493486,872.122869119954,46.43873740848838,1
VEN-01958,-0.956123468521178,1.5473486905469591,1.134413761620347,585.1472292060103,55.15105792252773,1
VEN-01959,9.198497799760045,2.9171750402875225,0.827750718713597,629.2410912452523,48.48361158653523,0
VEN-01960,-23.049022778622906,2.144580529063125,0.5265880468268734,575.8152383602596,22.78825194173676,2
VEN-01961,7.499258688389935,3.329338556307725,0.988779944427434,649.223706414007,8.016787946463872,1
VEN-01962,-0.6416977066053304,4.672732903542555,0.8688697938259345,621.3794677736148,49.603123516854446,1
VEN-01963,8.127769972158513,1.8276379469499848,0.8829179736008672,765.3717081272817,83.2409852412224,0
VEN-01964,6.428116711043865,1.0840719514177222,0.8938504799971713,602.981814123572,5.0,0
VEN-01965,-22.80623470899919,0.9430075601048524,1.247259361737,600.2237621592187,65.05983871713138,1
VEN-01966,-3.8290782634360383,1.4573987752366038,0.9538176068449584,633.298127139958,57.77231660743091,0
VEN-01967,-28.18955673458388,2.461556100657793,1.0097673869321744,544.7258896094377,53.298658781990895,0
VEN-01968,20.99991234891073,0.5444432207249061,1.2010866388901935,740.341383145458,46.27912460885036,0
VEN-01969,42.73667254724115,2.937672924924372,1.0663754518742126,590.0002360828585,10.02190880687116,0
VEN-01970,0.0625518744670943,7.570088030788063,1.802004909509862,626.4332575518985,64.88072171363451,0
VEN-01971,14.618582650213895,1.027588069820441,0.8178161301306406,734.0719147064585,58.12115689600756,1
VEN-01972,4.447291751259717,1.1002404415116454,1.32208593883735,672.5621830022877,48.2819489432847,0
VEN-01973,2.071498955021355,1.3024153016980844,1.290865634587523,688.2438938679616,20.26689279910084,1
VEN-01974,11.824058238397406,1.7422703778764237,0.7998037158630183,518.0052559763212,84.01552834098766,1
VEN-01975,-13.460009221767717,0.806312171945505,1.2016938983361902,900.0,5.0,0
VEN-01976,-17.931293263443592,1.079428050657369,1.050774760404906,546.8257123407229,21.17067583344867,0
VEN-01977,5.403539067423161,1.0041805127927186,1.2613770417690016,702.6300000645317,62.199727090273626,1
VEN-01978,26.218351302836595,1.4309379490505345,1.3799989410760458,833.9599632676823,30.9113764775209,1
VEN-01979,18.483356142666374,1.961085460687442,0.7664148869590375,826.6249318619015,5.0,1
VEN-01980,34.30800146299907,1.4003284912768046,1.656206923233971,774.3837201424515,95.74514037358416,1
VEN-01981,-24.65722278541872,1.9300968796993463,0.9440041770057396,528.7493724807797,58.58451711221755,1
VEN-01982,-2.82536027440446,1.6467207968669948,2.0516424066662293,637.6896543092436,60.99829426270325,1
VEN-01983,5.615336644600458,2.983188007080213,1.6693230413331208,525.2078506410319,50.957267246365866,0
VEN-01984,-17.89653675207276,1.0941819252783611,0.9427301938769692,731.4091672726998,48.76001109038902,2
VEN-01985,47.558642806318026,3.359144906210328,1.3456606692046045,737.3837754560207,95.2014867787874,1
VEN-01986,-25.541815211810853,1.6791342768438178,0.7330210835218366,613.6821407249853,94.62274644103788,0
VEN-01987,23.295599373125143,4.213812782200577,0.6460484505602062,732.2969767304305,34.68198839302174,0
VEN-01988,-39.38055401137957,0.7243035469730494,0.9770839738617688,684.9878937289983,35.37761936745967,0
VEN-01989,11.081561571183643,3.667610018230837,0.8019944920350486,754.8454754697998,90.65865133838346,1
VEN-01990,15.790656090660583,1.785960853061154,1.5259858084161857,715.5176242760879,29.844820270895102,1
VEN-01991,18.21764343801812,0.9505067440657784,1.0393666806428674,599.7462109865452,38.80448361198788,0
VEN-01992,-9.49901569295228,0.9588284418054074,1.303505680996756,829.2361530054716,22.41039206839485,1
VEN-01993,12.646312608687737,2.373744415073481,1.236144155296442,628.4723038670603,42.58283672111124,0
VEN-01994,-20.269591259912165,5.836556967683023,1.4063768345623082,743.1602381155077,63.35758429403696,0
VEN-01995,9.94167452784034,4.073523554361111,1.5700404144511022,680.9216951717522,57.13987971126265,4
VEN-01996,28.04499467345468,1.1660371865379495,0.6527671384252269,640.575364494788,32.37034334137559,2
VEN-01997,-3.772518864529825,1.7236956262554808,1.4504121235671588,826.8683896282807,109.1202789691481,0
VEN-01998,0.2247968398084214,4.4679852057908445,1.1301893536087997,701.2762919754739,19.0226597924134,2
VEN-01999,-1.571837601197949,0.5445805760198156,0.6297097447553555,780.5507957803507,34.47909663019231,0
VEN-02000,17.348011044314923,1.8714059443522169,0.7960708921513935,618.4274799411897,40.91938645366452,0
VEN-02001,-29.39161113591684,3.710535433872105,1.1466302397924828,866.386130342553,67.0337498218864,1
VEN-02002,33.95748705407739,1.8271891390742503,0.7267957046248544,666.7372077091081,8.141429526310809,3
VEN-02003,31.842248697949,2.277484867161947,0.9044590736118951,729.8954081621973,54.24612810435861,0
VEN-02004,-4.253697897157686,2.711388277488445,0.8956899174326507,660.2570313759088,65.4641072805173,0
VEN-02005,9.91425103258572,3.226112386904506,1.1550564491046793,742.1105131921503,57.19638158589227,4
VEN-02006,5.930269130857421,2.1017658706754387,0.9251417547267982,642.4489472440893,46.667156723531576,0
VEN-02007,11.851579736858053,1.0388912473726013,1.426220553475639,737.8888905357337,28.15400167197037,1
VEN-02008,-3.475540679808619,5.686473734678838,1.336883740886115,841.3979550900373,32.15971588767096,0
VEN-02009,-0.016095671971823,2.4690155433681813,1.1222120524448032,526.1471434957222,31.72897192919332,0
VEN-02010,-7.227118517784685,3.61015608543177,1.446656689737303,690.8913841949237,30.01839096018379,1
VEN-02011,-21.91492655227749,2.204623435342259,0.5431978798121628,621.8766842719486,28.27211120980198,1
VEN-02012,13.909474757428551,3.0911877882463448,1.2460098871048575,660.428475549005,65.98475729348917,1
VEN-02013,-2.5870572498526805,3.979339562872859,1.829241735801499,733.701052910364,40.44317236661795,0
VEN-02014,-29.31132940535062,1.5499844316944484,2.113824612913414,637.8277036693665,75.21019702994809,0
VEN-02015,7.044679086289831,8.736727654784369,0.8521516360037814,664.3466399774436,55.52829939545662,2
VEN-02016,-28.960303822674632,2.985627327576633,0.984655393603418,668.8730081872582,60.44482689574936,1
VEN-02017,4.867234216465525,1.541207339456389,1.7742764580714794,663.7100703499474,81.53548408336918,0
VEN-02018,0.2005479400738599,2.1579081999526752,0.7677490317549396,708.3329932819825,68.74684467289242,1
VEN-02019,2.757446376754977,1.532551542099644,1.452010718897487,648.7057961261672,24.710281827137425,0
VEN-02020,24.17665549201707,1.6174343051682136,0.731038318646479,669.8320240081251,54.56885258553591,0
VEN-02021,-1.258660907178907,0.9236809270487328,1.4428838956891674,704.6122483885069,35.42428071333903,0
VEN-02022,-13.765006397068367,2.5315194596639947,1.5853681227429437,639.8210279406002,34.257715466079134,1
VEN-02023,39.71374539441491,1.2895870184450666,1.267227517170435,694.2220641480008,40.8881933128671,2
VEN-02024,25.97484163642471,2.6263199795304555,1.1762284133550676,665.7314142217384,56.46401822693528,0
VEN-02025,-9.552571176985772,1.232358013403546,0.7690884958593739,797.4688325263521,81.59720394579008,0
VEN-02026,12.106467552785617,4.377955597958748,0.7134244754732854,613.8469364062541,59.654348143858,2
VEN-02027,21.08640820219565,5.445783365072069,0.8961378216537387,563.3409362432558,69.0331146207285,0
VEN-02028,27.622688909743907,3.1158861571471115,0.4530125879904805,647.1810863281903,67.15352387039721,0
VEN-02029,-8.958536379446599,1.1770999859813525,0.5436621620334811,721.8837094786917,48.404268257843086,0
VEN-02030,44.54671911884965,3.984415990069144,0.7713158572408184,732.2612353986689,52.77971759633512,0
VEN-02031,4.740891168533851,3.5254753193070885,0.920160073515742,704.5340183070771,62.45896426282086,0
VEN-02032,35.353783942372125,1.158825531195832,0.9558030132157218,558.4533367286608,30.901155631207143,0
VEN-02033,5.57883388663893,2.071269297823196,0.9661639328612992,774.9192152343335,75.5821166477017,0
VEN-02034,21.883724186546864,3.673297119443686,1.061736068584132,783.2220434159568,47.66269380055572,0
VEN-02035,35.39502543777772,2.002042028082805,1.320624041497369,654.3383157204844,48.01531753365451,0
VEN-02036,22.308962977352024,1.9699578740753472,0.6155134993018231,765.4922567582587,53.82503787632522,0
VEN-02037,-6.832705086783838,1.7072375775220956,0.56658770087578,563.5249377474539,36.428969081129175,0
VEN-02038,-19.57069741234896,1.03815498576773,1.9190212051704645,779.1435773511532,57.93435778987909,2
VEN-02039,-14.994532549734334,2.89869329085246,1.8131141608493733,726.705616373778,71.44405435611465,1
VEN-02040,29.530865428243505,1.5852787300695694,1.040139914331982,494.1876357397885,41.23925046680668,0
VEN-02041,-10.77813507840144,1.9035362143904704,0.6984083134663156,823.7671140629294,47.91978987566609,0
VEN-02042,-21.058003546223887,4.967551794909263,0.8611382408404846,857.2032135829147,29.246251212035855,1
VEN-02043,-15.91339426618804,2.110707504490981,1.6452106745636954,758.5029662233197,47.23723959238124,1
VEN-02044,-9.128967424061786,2.4461963041360395,1.142281354746569,761.906757204663,50.95068757071811,2
VEN-02045,6.997023824335685,3.293755126815869,0.6165433745213811,726.0694589166629,42.49776176645902,2
VEN-02046,-1.7505333883721628,1.455636468540347,1.139377439542676,722.9254509416894,35.66458673567962,1
VEN-02047,2.3467215829769223,1.2870792692718835,1.536622658265392,598.864663258187,70.87604552932078,2
VEN-02048,-2.8353129900624534,2.7979876066100844,1.5776771866824362,788.7060796078858,50.51891752452831,0
VEN-02049,-1.356533924913399,1.215388231629606,1.4347355040964669,661.8682254402793,32.65655146864276,0
VEN-02050,30.288808371524084,1.6284958324065273,1.432207550915416,590.806102441385,61.26250000807423,0
VEN-02051,-1.3976172649537464,2.448982857742142,0.9084308972915158,695.0187230037469,39.84108721891752,1
VEN-02052,24.149938124429458,1.1176405348300245,0.8262025505030112,649.4828211235774,46.42945642475024,0
VEN-02053,-15.06957996204294,6.126557494300263,0.9589693599937592,710.4601754729205,93.48181766879335,3
VEN-02054,-14.974908010904482,1.1051732086865944,1.4252004682538186,689.8904784530546,12.720541708802656,0
VEN-02055,13.61531199229199,2.1966851526717965,0.6121496116152,603.8494521212145,58.72615489851389,0
VEN-02056,-16.810670884142116,2.1910336771392327,1.1254391967472823,680.2982910760418,37.78101667994454,1
VEN-02057,-5.99515095464459,2.243333215235585,1.8228373885920837,586.9357982801268,68.60677382575588,0
VEN-02058,21.601510216663605,3.605547877971836,1.1492378024136776,743.3224001621262,10.67114508071306,1
VEN-02059,-19.014642993161115,2.9614779273825844,2.417799895368969,584.7456407068407,49.168266912688345,0
VEN-02060,29.28306871007825,4.496932251109979,1.3648910454911058,835.5373603281618,84.10543141528731,1
VEN-02061,37.27576493059156,4.127713056150503,1.1915361339767865,702.5456228901377,51.34009365585241,0
VEN-02062,23.764945488518205,1.2488925062284362,0.8473824108371453,787.0091029977397,41.94223300909375,1
VEN-02063,5.703187297980353,1.968675361609337,0.8286858062094975,649.2156034975171,41.3142865400671,2
VEN-02064,6.258116837867455,1.354865231534613,1.948841607480332,676.5768062414337,44.61251811947167,1
VEN-02065,-20.894337657590643,2.063469074472957,0.7476268250930025,686.5372910147213,67.50535222879756,0
VEN-02066,-28.32787084682112,2.359603190930948,1.5821759490222542,647.4590794170115,69.05493589025733,1
VEN-02067,33.24534749069795,1.6467720594694348,0.9985858876165834,644.3782873990932,29.478354376014824,1
VEN-02068,8.547531749341484,1.2623719220172176,0.8334048157349476,645.610404528333,73.04948437842833,0
VEN-02069,-18.457077867629657,1.2092166449399546,1.9748323642382968,652.6058864796818,26.8869548755432,0
VEN-02070,17.75926433623723,2.387894681434397,0.971086996553053,718.4235485118235,40.86646148417954,0
VEN-02071,17.42580725309391,2.571524282861604,1.270929164432382,736.0047023750026,42.803628590430016,2
VEN-02072,22.964788421204467,5.848618053583274,0.9475000516858892,678.0637022240983,68.38408684543606,0
VEN-02073,-21.158947257150587,1.4470779381897074,2.517893279611774,647.3858895072273,67.23366419269415,0
VEN-02074,25.50665071307631,1.7496839015137973,0.563032272980374,572.0867326895477,79.22158902541955,0
VEN-02075,30.85008417058797,0.9052446723617604,0.933157995572476,641.8798676242301,64.23279913939857,1
VEN-02076,-0.4750394389916561,1.0799908576667807,1.4260705473525126,688.4779921606807,63.79044263763544,1
VEN-02077,0.2704619404059816,1.581108579556859,1.9563363006838124,730.912597790506,5.0,1
VEN-02078,13.77641711728355,1.1316173910152203,2.11058747961065,695.3633438637087,36.36312535120306,1
VEN-02079,-0.2053645057098414,3.826493288755511,1.0260853668532002,684.1888725024601,45.46459609664959,0
VEN-02080,6.315582285664918,1.8509886629557324,1.0551370663065291,618.0109975891938,10.8794470301752,0
VEN-02081,1.0781982843455848,2.7915991925147643,1.766602739396014,695.9066131185559,42.39041784680745,3
VEN-02082,-11.31031103640942,1.1099339617762198,1.2392864030452169,598.5420431263337,67.36865764626678,0
VEN-02083,1.0351188589635187,2.4533508245718454,2.292090838887514,704.1845541720251,72.7775480692042,1
VEN-02084,8.40934807779757,1.5018932198187138,0.7511471918386775,533.1287959911486,52.3606782950938,1
VEN-02085,21.778648007377605,1.4481847739230034,0.7361401355291701,595.3336586123113,45.70743037128299,1
VEN-02086,1.433360146429699,2.408954913412007,1.6178159589456218,596.9725046679347,55.91348317301406,0
VEN-02087,-3.029557918474717,1.1577636752263634,0.920715414471197,687.7050404849305,37.305197904202295,0
VEN-02088,3.543919040283108,4.261366263283941,0.940543404124903,545.1154305830887,84.1405564655467,1
VEN-02089,35.28188026840069,0.9627038414070828,1.4097768943380438,644.7391737353415,37.3240961340898,1
VEN-02090,56.21458322232248,0.6728036915947254,0.9935718348429978,709.6606542468298,13.017827061085086,1
VEN-02091,23.95595959940435,2.181962569753299,0.8947702177346992,696.5324658130284,89.9360995576231,0
VEN-02092,54.103190778395685,0.809388716864182,1.2190583659289351,775.7806611343325,56.37056455961985,1
VEN-02093,-7.962878474190676,1.652864898148701,1.0872500463801265,698.9694244378915,47.66065813170836,0
VEN-02094,-3.4661439621761083,1.3018586806315318,1.4021189848032944,426.8877535934294,66.27039238532579,1
VEN-02095,28.93074982433531,1.500309905525302,1.278700700045463,721.8061901877247,77.33991700493475,0
VEN-02096,9.740337024889891,1.6201266287724754,0.9440573691657758,648.3116515297753,69.94253622702868,0
VEN-02097,10.479003100280591,1.0417647411123745,1.4798066542577923,626.9930647064124,83.2719866541703,0
VEN-02098,22.784800142867507,4.452841925986478,1.2406013168839714,833.5517655414092,20.02463189152017,2
VEN-02099,25.789926645721657,1.3262303987496165,1.818385122964067,900.0,55.41517094550646,0
VEN-02100,-17.01648560774252,0.5132715919090706,0.5085448540621574,789.807500908175,57.66108310355763,0
VEN-02101,21.57837206999577,2.8966921998619077,1.7214042652177213,578.2472653832187,72.10383621162045,2
VEN-02102,14.38516057586614,2.399317302854484,1.785915549825501,832.8513907380652,42.47919347676132,2
VEN-02103,35.37232520301776,3.121011744631084,2.6754740536622217,473.9583303874271,54.36398331093677,3
VEN-02104,9.461517724180712,3.521805861460064,1.1071677246824383,710.5112976009259,58.35628148900297,1
VEN-02105,-5.07046598446515,1.0036986543572233,0.6478347163305096,670.4304318017198,5.0,0
VEN-02106,-7.45987927824271,1.2969600326888848,1.436599686794914,600.6570958584607,32.89765603854036,3
VEN-02107,3.110334298188824,1.3637076838597575,1.3440411157738206,744.859190514528,84.19443252265661,0
VEN-02108,4.247668400462991,1.1660996851947698,2.0768041009639715,625.596590139329,16.255078187364155,0
VEN-02109,-3.6023768780582195,1.5974824491361153,1.5575989030283564,750.8665864873136,46.59677947778651,0
VEN-02110,46.25951189189968,3.3090196455362286,1.4567799513197732,628.5828180593263,25.69164888718513,1
VEN-02111,-18.62483678180964,4.5394212901709405,1.2862928375034588,675.4442681948682,96.46311227437542,0
VEN-02112,-6.321116041561037,1.0521623719120965,0.6609752634717942,666.0610421734605,78.32409713240781,0
VEN-02113,-12.263192244474691,3.6552633086419823,0.9666189988048725,900.0,5.0,2
VEN-02114,-4.790323585696328,3.531820312107613,1.417374743206705,705.6727134238552,38.3946081962804,0
VEN-02115,1.871461495606024,8.147901978218112,1.0941590174936306,639.9391131180786,19.382092307615267,0
VEN-02116,-20.271123410314488,2.7555662671771715,1.0103604773108656,761.7771890666218,56.75360835643343,1
VEN-02117,12.320714223975656,1.7648183887736637,1.9062898669746295,740.4355872933298,55.85137679213249,2
VEN-02118,32.92482635686273,1.063106103336329,0.6597911928957475,618.9926721338231,61.09789737373254,0
VEN-02119,-9.785901632201735,1.0551200285617504,1.0071843035942962,699.6023930845586,67.24296534261119,0
VEN-02120,2.155484065505477,1.7334118144148063,1.8399717608098067,712.9308672778416,70.18525347700472,1
VEN-02121,9.194941148967754,1.3641886536129613,1.456303490468288,612.3591272833078,31.707183890353413,0
VEN-02122,9.168759840214973,2.427371240200161,1.68747776441937,638.3695955332553,60.05989741824317,0
VEN-02123,1.459569565592254,2.462463186186092,1.8116928305448023,853.0746150827654,87.63798398645717,0
VEN-02124,-11.04247837129451,6.033552142965327,0.7741077931343385,771.4684241472014,71.13912926572823,0
VEN-02125,46.229901423261616,1.0809886526160108,2.5982138637715764,755.4493807672632,89.66679350738687,3
VEN-02126,-0.0915608460370229,2.1155759703861325,1.2785430442151002,589.9146037714762,40.9458365606386,0
VEN-02127,-24.80603117528845,0.9930062376192385,0.9198487815505644,655.7618417789658,31.98097626085946,0
VEN-02128,7.20674508659117,1.434105303364016,1.8179721453806488,838.4480788368376,48.09802778605074,0
VEN-02129,24.454320295281057,1.7058977582879271,0.9445271759667278,693.4485852122424,53.88822195735619,0
VEN-02130,-0.7005810047442473,2.1294901227386687,1.3178409333814456,519.3286269314012,43.386559268064914,0
VEN-02131,21.785644707602145,1.9340604407146864,1.298457635491117,776.909232987837,46.0024054943727,0
VEN-02132,1.9958765944956405,1.0213673967893,1.3400771692318183,482.32676535739984,48.04938262101293,0
VEN-02133,40.93436301630758,2.3918890504103296,0.8646385563434433,732.8428272480883,54.91195727872723,0
VEN-02134,34.754564977567355,1.999847814374616,1.2530571504333416,844.6638470619882,62.608522438569295,0
VEN-02135,3.941142151175982,1.281053994594109,0.8992056023115578,708.4584232767302,29.05360573193588,0
VEN-02136,-14.867116989270883,1.7783589656129215,0.8625595899162978,801.9933110039846,111.3700493227926,0
VEN-02137,31.99024770018484,1.5364845810301626,1.0130240387178413,723.8510792649568,56.611599470710274,1
VEN-02138,28.90433804422777,0.5128238161022346,1.149844174063963,759.5812203067662,46.66315620634829,1
VEN-02139,4.252069266476887,1.6764041251709536,0.9136135157866128,579.5789734346047,24.569352852925974,2
VEN-02140,17.801337800125598,3.612850991065388,1.2746176627620027,631.7751967238705,74.46318980201124,0
VEN-02141,-35.27177315050977,3.2824871123628427,1.287477318700755,651.5090448509019,65.4262193204233,3
VEN-02142,-7.474653394963031,2.5898289027016697,1.3260060515035854,645.4683389394219,49.45110095748005,0
VEN-02143,18.801882336219894,1.7833866510239893,1.1790560135509258,813.7008314990735,60.98617200862118,0
VEN-02144,19.636721882884228,2.3768854595653823,1.9245500800220292,643.6435062572818,47.45287621681892,1
VEN-02145,8.754863194538718,0.4806279674363319,1.2020161937938965,704.7773571580093,99.61524725394636,0
VEN-02146,29.429807802194738,1.5142512911641623,0.7022292871380533,709.0197127765788,35.55820681444541,1
VEN-02147,19.88404938472341,2.3927257147371765,1.3447681354594276,658.1107859995047,74.17510032210497,0
VEN-02148,-50.897618538426045,1.569701464235236,1.465388068128728,631.4852426142851,52.26633842777845,3
VEN-02149,14.227598384700842,1.3088699010588576,1.1152229839234855,817.7190996354791,86.12228104840433,1
VEN-02150,-29.11004760973944,2.0610314192006243,0.6537709853972743,703.7593914470674,77.97146308517131,1
VEN-02151,30.91043783801945,2.4804999938875403,1.009195232887086,522.7597487758416,89.02097524854561,2
VEN-02152,2.8652520652488294,4.018324537730245,1.0828573635909624,718.7724361320638,58.61857033234362,2
VEN-02153,37.09252515550715,1.2350015464592377,1.4677495606305155,647.2705089715998,37.859614800968735,2
VEN-02154,37.64027119412624,4.233464625379694,1.187744794788059,572.5438528314734,61.94597571361362,1
VEN-02155,-6.744253447392975,0.9181115513245344,1.0775386287752875,655.712430431904,65.55839375151683,0
VEN-02156,-11.612363293855037,1.2106156676077715,1.0743846775718469,694.7582180997207,73.00461326849276,3
VEN-02157,4.8453632191506735,0.8615223859730018,2.0281056391269465,713.8752843263661,55.77574414823015,2
VEN-02158,2.809267048021371,1.5011735837928146,1.1063917777775467,713.2685554485826,23.82479698759406,1
VEN-02159,12.16973136589948,3.537786422419249,2.1586774259031034,754.0195806364032,40.49983513712126,4
VEN-02160,-19.26399142766867,1.048637405783842,0.724244285829695,722.3504335805461,59.459347856667385,0
VEN-02161,-26.1032751463476,1.4906782348755292,1.446744976329871,608.0947436955857,55.25482641529819,0
VEN-02162,16.87116707588182,2.6981874509697503,1.3317353312256546,580.2985810163044,65.14749487616955,0
VEN-02163,-11.648340987219576,6.175218465689415,1.020719687482594,780.3479175101205,35.01168240523212,0
VEN-02164,17.868109786208752,3.5327722445864747,0.996523214438908,776.5033171593633,61.245115046986925,0
VEN-02165,44.5220730908424,2.560559444465184,0.8156937045898652,643.049593946083,57.51506167702888,1
VEN-02166,20.606181510789185,2.2414235816819947,1.2207248925385468,794.903069137957,52.47922097768736,1
VEN-02167,13.623132360707782,3.4539555196825127,1.0069544230410103,750.9115732153568,58.10785832352393,0
VEN-02168,-7.673230641684723,1.9862077737557828,0.7055256878714353,642.3262898889584,64.90780397776622,1
VEN-02169,29.389236754298565,0.9530398267460838,1.8480808688972263,640.5133089556119,51.687791014920144,0
VEN-02170,-7.854809706554153,2.2103736990991925,0.627599964937735,624.2800233137039,70.45636676501346,1
VEN-02171,-8.243639964094175,2.9121678271599936,0.5930742215330795,670.5595828783138,74.3618826410754,0
VEN-02172,-15.010155281139422,1.179456128734767,1.297257042351572,625.978355486164,67.32985620936077,2
VEN-02173,16.33422288638728,0.848700009668855,1.1799562412529248,578.6964116259522,54.49390855371151,1
VEN-02174,23.20384576569157,2.6593481916978163,1.122992674470884,620.4891759078573,82.75154955984561,1
VEN-02175,9.602262084445616,0.7279625059241084,0.9135578756002242,654.5065696796498,11.184372787909467,0
VEN-02176,26.491486498993957,1.9110010177206616,0.4606740630376988,900.0,41.99160574712037,0
VEN-02177,11.9018545679378,2.1695290063955395,1.1957840923383838,592.6685049466108,38.07686038449296,0
VEN-02178,-5.434749861231035,2.460185355392421,0.9688012231939028,719.3470258143059,66.22393026093559,1
VEN-02179,-0.6177736938754919,0.7106136530240544,1.44415765170756,630.4951033216438,29.34169556593312,0
VEN-02180,25.44833546598411,4.8027016343491225,0.956692062200288,724.8928940119273,32.0397892663706,1
VEN-02181,-26.478414762467253,1.937757697267885,1.566694984875492,638.1792956198319,56.11003873685513,3
VEN-02182,-0.0450760956306748,2.4337269651802487,1.462543036072078,628.1095070053467,44.31916009408918,0
VEN-02183,23.007935205812068,1.2255475754761322,2.0120311343753263,512.2602137954026,38.89102946041597,0
VEN-02184,28.48813252709038,1.5505683327035376,1.9556180858530707,835.9842825704726,8.22751242434564,0
VEN-02185,4.082461295083903,1.81879549095372,1.293421204070236,725.8819886727972,65.50556224546678,2
VEN-02186,15.663627974279592,1.4760779015429888,1.2418907174031355,792.6850391226775,49.22202521109567,3
VEN-02187,-0.6750494700759244,3.4617865872486884,1.0997039560060071,676.5721476642404,57.52484039147532,2
VEN-02188,28.801787470238864,1.997961717089101,1.4019346944266762,656.8350511048309,57.057223096731775,0
VEN-02189,-15.624212927805836,2.5613475632335896,1.712483746337142,603.1191684408882,39.65685852131808,0
VEN-02190,-5.378611866875845,1.1581784965627189,1.6163904039564092,671.9629886663777,16.416996802699288,2
VEN-02191,25.150853794575116,1.4977110019285378,1.2440279793276778,679.3036409302781,95.86313524880816,0
VEN-02192,21.765790260208604,3.009867355275926,0.93010718109454,894.6502620574398,44.93362494210015,1
VEN-02193,0.6839958497557461,1.9566359250886785,0.9306723810141032,737.3417066700235,71.7217939684419,0
VEN-02194,52.650686568156885,1.9973572996355653,0.7199088138675608,743.7893829401313,41.89727987006484,1
VEN-02195,49.30260698015722,1.1205112089490754,0.4511178620800548,738.1415849281983,41.0409426521528,1
VEN-02196,40.28311750028774,5.495068688560227,0.7307928225927418,587.2908689890155,87.96471753662539,2
VEN-02197,-20.71697571584884,1.0164640047610425,1.0352859754704704,743.6516575138205,55.74435120896863,0
VEN-02198,25.869390974704285,0.8677769008500804,1.3618271241962314,706.3490298973132,87.13363228787641,0
VEN-02199,16.443685767594488,1.1709143928554566,1.3208821932266894,746.2137838967267,51.81442694757891,1
VEN-02200,-19.244698052636345,0.8401832420525915,0.6130210978538182,700.7653189615935,40.573483473040525,1
VEN-02201,-26.8823716905392,1.7560516941402875,0.86629177747684,658.5013171401209,53.04118086565023,1
VEN-02202,30.894349383475262,0.8610405434401296,1.6251919978136864,589.8970126638045,42.53655427903081,0
VEN-02203,20.377898428113475,3.314864895932337,1.0699516566236118,488.9906324138659,41.84793673248544,1
VEN-02204,-6.3737910268171465,1.255075325525301,1.1257647636417438,695.6192954061974,36.706702467848544,0
VEN-02205,-4.88208346989672,3.091460543603011,1.783988490843724,744.0087771908617,11.288549915129124,1
VEN-02206,-7.263135791903334,2.530462356108424,1.0223927636943777,656.5059286985384,55.96941366455328,1
VEN-02207,5.364338059005354,2.9077741778247903,1.5933316412536505,687.1325401301846,55.3807299773913,0
VEN-02208,-26.105161455027968,4.173918872231621,2.046697663241357,684.2797267581989,70.89888039871693,3
VEN-02209,18.720321736059788,0.5491267567038833,0.9878579148176554,852.7514880476223,55.71861542819959,0
VEN-02210,10.341638302997158,3.1522570865635275,1.9212872410854476,579.5010530784976,18.467131648660438,2
VEN-02211,19.53267248593616,1.9196823114667632,2.069042500248798,630.9240754622717,87.84067987993696,2
VEN-02212,35.49832003543151,0.8449856847965751,1.1303487569946336,687.3605098980901,14.709625407027346,1
VEN-02213,18.40127421285404,1.1593181672363666,0.681185007198072,738.4048886409367,13.680805790632284,1
VEN-02214,26.67030607455155,3.0630809851412857,1.999814403603552,639.0736739364165,73.02017612316276,1
VEN-02215,-23.57147448746822,1.2969525360401335,1.5105761282273296,810.678674560718,101.72877746393976,1
VEN-02216,-6.958719601866861,1.9524281817100408,1.4277838357874146,463.8739004961792,40.89441126173016,2
VEN-02217,28.457521396890357,2.876773909824613,0.8788005720178512,775.9804000585737,95.2497817251338,1
VEN-02218,-24.02871605056356,1.7161944497533412,1.9213169018664893,694.0459993932243,73.53064393186047,0
VEN-02219,-12.48365271466654,3.911196501410057,0.8022745669015162,617.9288279556354,38.64563470809616,1
VEN-02220,-5.25782287872417,1.8253674413963337,1.1148381993821068,635.6916047876653,67.90025570913835,0
VEN-02221,20.661865568438373,2.166293358973765,0.8873052374881899,606.9290106424515,28.160956189303636,1
VEN-02222,-6.531056688841414,1.4544238761413273,1.3213553237532811,806.2465611877526,76.37763417635836,0
VEN-02223,2.4991488423951003,1.4687266582366658,1.288598526698254,720.6230262818967,39.58642826095231,0
VEN-02224,-18.72054672261856,1.1025326209022897,0.8125147192582443,552.2976543860395,87.40901550173606,0
VEN-02225,20.81157733704232,3.397141567282063,1.943110634128608,560.4061893740053,36.52837589399316,0
VEN-02226,-24.57760152265915,2.143686271135474,0.6211089055243532,685.7813474567175,89.18515244468394,2
VEN-02227,28.511958595705583,4.311639658383628,1.641265468384923,588.5039129252209,90.11182804043948,1
VEN-02228,-32.59868124187508,1.6156740301323524,0.7025708477536329,552.4782635501913,50.64390502128416,1
VEN-02229,27.45126892892611,2.320270605814762,1.1014832875783525,738.1642870035355,79.64572664973792,1
VEN-02230,-19.65920681790618,1.4535566330156402,0.6246711444416476,833.3761965968861,60.89553473410675,1
VEN-02231,14.13429694333477,0.8647286754625599,0.9146649537983595,697.5737507829274,44.59178198665514,1
VEN-02232,-15.15966426287256,3.052837468628584,2.0222197101577986,709.8960178166158,68.05427084111334,0
VEN-02233,4.268743792419269,2.488753909100569,1.2497830747323997,516.7678458002374,85.0591850120268,0
VEN-02234,-14.701857255523322,1.5957337121748332,0.8372462156657007,828.9001483017119,65.63190590672733,2
VEN-02235,15.37176497350529,0.7649413997760376,0.7215633372887718,626.7976854638217,85.34646081198849,1
VEN-02236,1.0289351381494587,1.8282955681069384,0.6046706772417222,598.1998789769929,53.54883707698573,1
VEN-02237,18.982434309278386,1.752454420592878,0.9641864584226651,671.1648989592773,24.669716212434636,1
VEN-02238,20.738440918470893,1.8292998421004825,0.9138852257956273,573.7962385616743,56.74024751435154,0
VEN-02239,2.740132063109922,2.0094641701611216,0.7670816485560784,739.7269297890625,11.735595232732138,2
VEN-02240,-4.328375267531396,5.701178890904953,0.8673897469837513,709.8063642540073,80.77305423637564,1
VEN-02241,4.130440754924958,2.4565127434515373,1.002266744234849,666.3004435876531,76.03216084255783,3
VEN-02242,32.966389559349544,1.6981234527044275,0.8605131019676185,734.6485829535225,71.69674723531783,0
VEN-02243,-25.94384703467582,1.8501571171715212,2.379473829208954,432.196498716496,68.63089787408182,1
VEN-02244,26.77972943236919,2.795434080055732,1.2185186858392223,706.9514897109224,79.5347962016369,1
VEN-02245,9.464040456353905,0.9406418937546888,1.6669236653326025,644.0296256131373,70.84960624574468,1
VEN-02246,41.72706866958995,3.485545565121388,0.8320378158490233,684.3378014178641,40.56614446920815,0
VEN-02247,-1.024998684028776,2.994236122245293,1.1187498628519712,665.5467738134232,35.715389679127625,0
VEN-02248,7.470628169070462,1.5942695586575677,0.7775717590872929,487.4110250982813,17.775110726962957,0
VEN-02249,32.99086884079169,2.8354333345759293,1.0465007636639758,630.8154707840712,59.09122737524687,0
VEN-02250,-27.040429344677136,0.8757100488837601,0.8097915175017137,637.748193459874,56.43290894618669,0
VEN-02251,17.166951756363495,1.3192126415062235,0.4754678776036707,693.233983745919,15.84277925514111,0
VEN-02252,19.409417545700563,1.6532889621702191,0.7701673433099679,801.7030170454917,70.8056223383532,0
VEN-02253,10.298377415048956,4.060251825793623,1.3071398242399712,621.0088838248806,36.34325231863073,1
VEN-02254,-2.5120170661071093,1.828518161316668,0.8964974490319819,452.2013550374749,65.08975179956953,0
VEN-02255,10.19159501480245,2.761169096839728,0.9255166885457708,759.5656463043719,54.13174922963144,0
VEN-02256,10.89955145415358,2.362778612250525,1.1865339142103453,668.823437717407,27.92174977863016,3
VEN-02257,32.35207446334988,4.191783958534051,1.186137779833131,702.3765961453306,78.16255105338824,1
VEN-02258,-10.7800896417045,1.6339814283707228,0.5367696306111428,508.0379419655352,47.78677677713176,0
VEN-02259,41.60022472983435,1.3054863386014492,2.1059433143742283,629.2839689107084,79.21596981582795,1
VEN-02260,-4.16872789699725,2.5557453576345983,0.6788327132196521,486.33571567398735,101.86760777168666,0
VEN-02261,0.6351536454439701,0.9882806012683198,1.8816378642117997,720.0469689474197,43.11124432455966,1
VEN-02262,21.44160537867249,1.2499654800946771,0.772589634432452,684.031447197464,81.01543754449995,0
VEN-02263,-32.06273724471681,1.2082981256453285,0.615895032445264,642.1393643368086,60.35419694102816,1
VEN-02264,-10.423047496500756,1.446125478913231,0.7137516391937271,651.1764756037921,39.00442105794176,1
VEN-02265,15.385691023826205,1.1049555846948294,1.4514342261831088,579.7636815010347,63.15850462431486,2
VEN-02266,-7.6981197075337455,1.0119868052580203,1.291673560919251,841.9992283285461,40.13428916805068,0
VEN-02267,-10.210424777748528,2.499996225418743,1.2357109744605022,620.4963080796313,54.23104961653468,0
VEN-02268,11.435508372877733,1.0026156303755338,0.693067676460782,697.1709334389427,48.28731775800408,0
VEN-02269,0.2091868207556659,3.436824439907221,1.514656903457588,709.489809201416,28.709630163862556,1
VEN-02270,8.926621636624152,3.8088510305262737,0.4444818830186545,900.0,43.86319620480043,2
VEN-02271,18.01944262947746,1.0251002526978803,1.3895753346793402,574.2152664040933,35.99199100875798,1
VEN-02272,0.3124658517640357,3.2491178043938325,0.9915545988080297,612.1567557690496,61.34145070459667,0
VEN-02273,-36.54018197931923,1.2955185949856285,0.9929904942615366,565.1987309569204,67.7940439411674,0
VEN-02274,-1.496372914753521,2.400099549321553,1.1028407722396223,369.1424746998511,34.49881414276385,3
VEN-02275,-19.08385715251652,3.164271292173964,0.9720565639094424,766.7990931958553,75.22254549451772,0
VEN-02276,-13.353739840042008,1.4214892543853916,0.6295946528231494,630.506270187691,59.03704196835103,1
VEN-02277,3.517721036781336,1.2742701885913623,1.6053729499833445,731.0350661220535,96.0974019552864,0
VEN-02278,14.678673936842316,3.928015721405394,2.280102641529331,655.3446473080629,54.5856615130404,0
VEN-02279,-1.1221788469306144,3.4700513867912184,0.5480913471126432,777.2222926116523,113.70846500919274,2
VEN-02280,-14.842770246794943,0.961675296699128,1.950195032639094,509.4420415258844,75.43796628103496,0
VEN-02281,3.370298670315385,3.022857001937661,1.4429207840492504,581.1216486890759,61.08403285515422,1
VEN-02282,13.307987440124396,1.4423404137370603,1.4372389499941245,673.8246698958046,42.82241714200495,0
VEN-02283,21.27467901916775,1.976774812556936,1.7774966000311432,521.4514042883995,50.99488582674482,0
VEN-02284,45.825925475378746,1.5196490280905108,0.6552572864790236,684.0269980913696,50.56128548396532,0
VEN-02285,45.00459304303509,2.014258453590391,2.159564744693044,767.2661529684619,50.43284207870815,0
VEN-02286,36.097295509074776,3.930068548191068,1.5028911054846652,657.0034245291436,61.50870276077952,1
VEN-02287,13.106988028400677,2.016706803459738,1.15625443490731,630.0216173867187,27.576528742232604,1
VEN-02288,15.135176438221324,1.147473004546474,0.970406159974506,840.2983660954621,55.02985252546805,2
VEN-02289,-6.337787561347145,1.3994770615426162,0.7574157820405983,590.0222520166562,36.0737232666112,1
VEN-02290,4.972289652517949,2.131325111875613,1.022756068508507,636.7670441302272,34.52764294381565,1
VEN-02291,-1.482535431407646,2.530206978694747,2.123230079060122,677.5738959464097,78.84085966589495,1
VEN-02292,15.571033805938312,2.0183955208394924,1.0486719188145084,655.3639562558844,85.12504940057542,0
VEN-02293,9.084427642482876,2.948165548749879,1.7773195154793184,707.2207375865099,71.5077503300333,3
VEN-02294,-8.203992617125689,1.5900395149009134,1.766868163182288,665.8460075075973,54.59181765715262,0
VEN-02295,-12.650963503475223,2.3167032427397234,1.3274688214433916,716.8670611944818,23.952935640883684,0
VEN-02296,-7.37370557860255,1.748513261702448,1.950919923998912,672.2203016216724,91.89469007659235,1
VEN-02297,4.585241312034783,1.142193121454751,1.283543860769344,842.0694127411434,83.07088864867522,0
VEN-02298,34.55113481642974,1.4123353273373445,0.8037542488515724,594.9633837668647,101.42466135268543,1
VEN-02299,-0.7988087953981697,2.502280096605197,1.5178390277769251,749.70698307353,62.96250412553512,0
VEN-02300,-0.3106372299714062,2.536405460967412,0.6999648536779028,579.6603708559203,61.17479762772017,1
VEN-02301,-8.451649915815434,5.058732884970765,1.0666344137709292,760.2066011202662,35.944785303122394,0
VEN-02302,-3.680781348817451,1.884581377195974,0.8869608865966723,646.300854090562,92.39607265295572,1
VEN-02303,-19.20457543502765,1.784754897222017,1.0437785717488466,577.4928649572537,26.67833298611375,0
VEN-02304,0.0818559142664403,2.0318941977226044,1.0961282038211937,814.2066255830372,17.922934178136472,0
VEN-02305,23.18496402066772,4.906866956516383,0.7620144992760393,705.1554564731726,54.65426187598705,1
VEN-02306,-4.533415105798712,3.470851037087391,1.2385305893057037,772.404595625265,5.0,0
VEN-02307,2.2926522863533325,1.576545453779212,0.9964041830790916,749.8594609141244,59.18581822865204,0
VEN-02308,-21.33668056368603,1.1410368552719834,0.96478265269034,572.574330815473,44.89087567052949,0
VEN-02309,9.225318771509816,0.338150507367476,0.7953757961802852,889.7225887729284,15.327139012187509,0
VEN-02310,10.69994562893562,1.264658543235593,1.299080911491677,666.0485391957327,42.4776393280017,1
VEN-02311,-13.6981313718797,1.5223972221209825,0.4927363253775321,697.1337766710535,44.36592587985391,2
VEN-02312,53.55796692364528,2.9144139456020297,2.712308095413577,738.6949728325376,62.24958596134866,0
VEN-02313,-26.09296400977994,1.7120377949151284,1.065416013879998,655.0578410017969,50.448743092605696,0
VEN-02314,-21.87514989026439,1.613784697306533,1.266070884367021,821.7418130722378,72.64455810367707,0
VEN-02315,24.99148513329919,2.719763225664177,1.2757648780939703,659.356523127367,74.52558346857373,0
VEN-02316,25.964598738520905,1.1756465998377532,1.055254228090747,649.6306429690027,73.67123024651943,1
VEN-02317,-25.526117720808344,1.351708655232608,1.3373528857771828,603.7716631999508,69.05652308578115,0
VEN-02318,35.243683924682706,2.281678448556735,0.6549802782900022,667.6213679320091,57.04550144352445,1
VEN-02319,15.461474128163749,2.468434684452432,1.0820488945510849,776.2579656020325,62.441944307797,0
VEN-02320,3.027391111876488,1.6665571701620832,0.9693799489097148,732.7233756754791,86.95426329915696,1
VEN-02321,21.290383021347544,1.8768850639436847,2.2222367572062964,607.959867313532,61.987074125406224,0
VEN-02322,-7.3197996985429405,1.1749751711514458,0.9880134910757452,739.5276284549874,26.382937202844488,2
VEN-02323,26.891715617246245,2.257974568010449,0.9425207865363692,726.4901466553595,44.626410823768126,0
VEN-02324,34.84697439816156,2.450066984520126,0.4550031584438724,761.9958367610449,77.14538164915346,1
VEN-02325,8.566091751600242,3.668252707482904,1.1291974318593987,753.6631420678206,88.26196843726464,0
VEN-02326,-7.884046487708572,1.5960688896176989,0.9777481922028284,639.2233605666277,57.07834780791262,0
VEN-02327,31.043280672393948,2.7748571521547034,1.860258420875277,657.8918814185309,89.15969888464832,2
VEN-02328,7.807228739120715,1.3324908333056082,1.167423501469581,663.5725943972849,66.12331276589886,0
VEN-02329,-23.17012510336677,2.071913776936572,0.915382934505299,827.2764352173094,80.91851585631427,0
VEN-02330,-9.136016167350732,2.3835865771012243,0.8352122402321348,641.3634790343777,82.25192481464839,5
VEN-02331,27.79820297435672,0.6053341340114048,1.4823007669177917,685.9072989734873,78.78826117152599,0
VEN-02332,32.39139360541341,2.4287525757449133,1.1498161050930624,650.0371239981577,53.38233161138422,2
VEN-02333,17.55457410629955,4.036286739085642,1.0202528886736792,797.493050173391,49.20986229456922,0
VEN-02334,-5.423080852867136,2.510570154316728,1.1436929260737383,666.56772507091,88.74279130275482,0
VEN-02335,-18.047406548906828,4.872703022132696,1.4498462084347483,497.2412615768859,64.9175661950805,2
VEN-02336,-7.437983759945498,0.8615348495677736,2.051055602726432,524.9258824754519,45.841226183764086,0
VEN-02337,-44.792903477075775,2.993526371116821,1.057376699997646,730.2114526308957,35.501010050471294,1
VEN-02338,40.58057908834799,1.390069373733089,0.9740695921403912,786.3691380756959,45.67256957893469,1
VEN-02339,26.33653672079168,0.7212978395975136,0.9394055055268796,531.6046130882212,108.46884264884454,1
VEN-02340,13.29539044752213,1.7970243641489303,1.5985974117432724,738.2757554456191,113.5454741232714,0
VEN-02341,26.33313113022142,2.305758932491917,1.993316626530708,605.5046137322045,37.38664634760097,0
VEN-02342,-6.404499654536929,1.8761528738913476,2.4186696946629382,721.6723456597122,21.53177141759653,0
VEN-02343,0.7799557070294014,5.388762354418408,0.8001272278120027,808.4950284277282,35.02513132857455,0
VEN-02344,-9.129140285061917,1.5997781045564847,1.1558034100609322,886.649735998428,75.51428257479226,1
VEN-02345,-29.84512167041533,2.131837478755473,0.988328279300082,690.8808510024978,75.38644946929531,0
VEN-02346,-0.7075243327154475,3.1811511272303887,2.0530715502321963,712.988198040802,40.59670173706927,0
VEN-02347,6.694292968886931,1.696877453106291,1.458571646861775,698.8024974989186,45.253952337410446,0
VEN-02348,-12.617791768640627,1.6147089752964972,1.1294029012975817,683.3931129858096,48.85148911449798,0
VEN-02349,-11.203538629460237,0.4842075799249346,0.9890384071867196,693.7501351570504,39.868955108885245,1
VEN-02350,-6.809402854304191,7.168293628127259,1.1169198061057768,718.8115160645036,75.32256237659045,0
VEN-02351,6.142136051529729,1.7970761483663162,1.371877434675462,727.8808624278734,51.1452223994245,0
VEN-02352,30.23580875837212,1.9539480704392869,1.410826716272181,630.3434717072739,21.598862392043834,0
VEN-02353,1.062188351393104,3.8942441622481616,1.2215769259415643,731.9208839987062,51.81289414894086,0
VEN-02354,-18.59335538324288,1.3041072512089302,0.8324580048183026,809.7063599441065,51.14626125519968,0
VEN-02355,-13.765120368865515,5.027450356454433,1.0610564283325012,827.4152996024882,59.46934879414655,0
VEN-02356,3.092133595360153,3.4008641502685446,0.3067040578085102,780.3684775346967,54.58655813084626,0
VEN-02357,10.97336387392552,3.3092439789511148,0.9943821776135574,701.6008975037083,6.994904328660553,0
VEN-02358,-16.37617892450089,1.4891116291181234,1.0272255231160765,677.8974302636204,23.482897915613734,1
VEN-02359,15.222858058580082,1.4267125171456416,0.8039039864513898,808.5148847523068,37.04892547886137,0
VEN-02360,22.44062579330093,2.1046988383319043,1.1392672399695425,663.3265157835498,43.86866066980971,0
VEN-02361,-15.08054915535731,0.6784862794022353,1.0994710824139011,542.3905270858547,8.539343480611322,2
VEN-02362,-9.036959114089374,1.8790302857713732,1.0659780448857508,638.334291944027,18.79284128400645,2
VEN-02363,-9.991769302871443,2.334652571349486,0.8723887924170244,576.8742436969012,47.68001124032178,0
VEN-02364,48.30196335306439,2.707042343676641,0.8629481500130212,861.2236924900112,64.66492624421029,0
VEN-02365,14.705940129308008,1.819949290953085,0.7866216209827169,660.4099373062281,57.7731252139742,2
VEN-02366,11.185062720254209,1.64098621299883,0.697869980055861,708.8189331322303,78.0978759924908,0
VEN-02367,10.008662066524083,0.8193867500388629,2.045856538966741,656.7841959779807,40.82455945038227,0
VEN-02368,33.951855836957265,1.4052371292418446,0.9521595380566004,727.4089906739852,5.0,0
VEN-02369,8.396749389108638,0.9894759069853818,0.8665284612038795,668.4896832052254,77.07416232572496,1
VEN-02370,25.005382860960346,1.4433112572918585,0.6911168162023997,745.8649904351637,66.11461602630422,0
VEN-02371,-17.090122917846074,0.6586536602106576,1.404636211012637,688.220142513975,83.79256409638295,3
VEN-02372,0.5220023391575657,0.9961282565240808,1.102248353876902,680.4130439003341,82.51685672230198,0
VEN-02373,1.4410850769418753,2.5060120572555022,0.6201442077817197,469.7948670204364,107.2347193446336,0
VEN-02374,-33.67371075066215,3.3779489289717146,1.3049132214513055,655.4174955749223,42.48513205251329,0
VEN-02375,-8.415853687154069,2.4092603589477,1.0625662901816295,664.5855762233984,13.074201253556026,0
VEN-02376,6.861547390591,3.0368207591448835,1.0293694186260105,752.7973038501426,73.92305278903736,1
VEN-02377,22.89081188192102,1.760607105589136,1.63238099263437,676.1798080527958,77.00600149194595,0
VEN-02378,45.06428370325839,1.8215863622532893,1.6823504166703558,885.5003357202345,90.62163273449268,1
VEN-02379,-3.1749933921509115,2.140939677644173,0.8631995857398063,735.3502289275366,45.93490390181055,0
VEN-02380,-7.754760196901188,1.5811177879992822,0.766515980680129,618.0828397153488,55.90502243812282,2
VEN-02381,30.14831375499198,3.0445775906927546,1.166850088864451,544.2799816470563,82.21821327767782,0
VEN-02382,3.5135664926585046,2.4304986309323,1.1597719230639287,812.3940185907206,17.445628829832017,2
VEN-02383,-0.0067380289041603,2.818994320204444,0.6434337965094342,619.0330349550147,71.92549983880801,0
VEN-02384,18.385786085536324,0.4304755979657791,1.4578684931675832,816.0135511107148,19.754432888571493,3
VEN-02385,34.09953912692602,4.067114556414452,1.9548725583040176,676.0231093549025,29.634898776676444,0
VEN-02386,-13.204834755440643,1.5336909914973014,1.7866994392563549,772.1389913952012,40.81393447449279,1
VEN-02387,28.05837740647314,1.0193565460500258,1.1014801650151749,586.7053858488259,43.5890366169,0
VEN-02388,4.020678649507398,1.2311636458245885,1.6250951929941164,881.0776011347332,76.42969437364918,0
VEN-02389,-12.921741595559649,3.765740776038861,1.2014138581458886,716.6806540166956,30.31101920985247,1
VEN-02390,8.410014721184002,4.733349166700872,1.5422328992123513,796.568580502694,65.85619228587808,1
VEN-02391,-6.813363189453719,2.515028674411297,1.2030320406472346,786.827295008707,62.6326239495355,0
VEN-02392,56.40212162957414,0.8300626022372016,1.0639379620080551,641.1650593617185,27.442034807071675,0
VEN-02393,6.6401305467666845,3.731920855097128,1.1033698990412646,562.255445930711,5.969353661751313,1
VEN-02394,-27.31353325708984,2.464298940578637,0.2603298823207042,634.1544584384078,68.89917635692707,1
VEN-02395,-11.898576346379455,2.354588646622838,1.1272989263140127,611.9254056903712,39.37684264109194,0
VEN-02396,20.98888331295879,3.587855671350725,0.8890246838153744,799.5564425874855,53.05376442915193,1
VEN-02397,-3.70298870275964,6.002012601498801,0.7582876885414128,484.49012216815765,26.40214587836988,2
VEN-02398,3.780708122060209,0.9854302877540004,0.952412780581114,688.4448741354805,49.10324857253193,1
VEN-02399,5.731068304408239,0.9050298645996776,1.516131522329797,669.2336388442665,48.94258249627616,0
VEN-02400,26.51763145316466,1.4646595770843225,1.1772760588103524,667.4212162688567,50.85136533596334,2
VEN-02401,28.286930895171363,1.69221654520673,1.4768648202923995,621.3255956478824,68.84115717754776,1
VEN-02402,-35.20128665109717,1.369734695718297,1.1347667519464115,733.4878061209558,69.38231774521692,2
VEN-02403,11.5153356850154,1.5301315013803798,0.9822368378673928,677.824020579406,30.80181047752903,1
VEN-02404,13.60687235233254,1.029402119213891,0.663837938425223,754.5918408661332,47.58908352902242,3
VEN-02405,-24.13745685636909,1.9652966610948424,1.387717874223615,839.3391307349308,16.522627631345365,2
VEN-02406,20.46995078834393,0.5806923145640608,0.6561575093138111,850.8628681646107,70.75274574384665,2
VEN-02407,-2.997161047449856,2.1682422126212457,1.0291253762352854,791.5941761675746,26.96245441209075,0
VEN-02408,23.656416827656223,2.51121636577937,1.131485960959651,601.6968186528226,58.52060240784549,1
VEN-02409,8.816942674119767,3.649475278253644,0.9605441497659662,629.062247141426,5.0,1
VEN-02410,-5.989587460958941,2.109539124673638,0.9461191162812024,662.7633182534184,40.06731553696505,1
VEN-02411,-2.321003698197007,2.44612371057709,1.168102739930754,637.7948044640559,56.28447089423311,0
VEN-02412,-8.134031985013799,1.2481158581397305,1.164149662104042,671.5154462338489,51.54515358309448,0
VEN-02413,12.100553189690388,2.581697589950725,0.8922782978561148,846.4604619763229,7.417443767641977,0
VEN-02414,-15.494694184501732,1.1211624602270702,1.4151600159334632,882.5316545968492,85.64901426367193,1
VEN-02415,14.507275742125522,1.0357028363289609,0.7021278260403991,787.1053539155741,50.57097314085907,0
VEN-02416,-3.797914451350069,3.4271725337388705,0.5711778559785564,537.7285243522423,92.20720860680814,1
VEN-02417,7.886527893131043,1.089382050249002,0.8987305429761742,703.038729610276,72.93093350646195,0
VEN-02418,-3.1493126178387403,3.9187389478887087,0.8445220222089597,504.7084332809415,93.4757376130093,0
VEN-02419,-0.5943032007676496,1.0526950535157822,1.2016688050154314,694.9801763823367,21.6240377137435,1
VEN-02420,20.338762880972933,2.2288809786526262,1.5411501317891032,789.7160880490794,59.11796066270314,0
VEN-02421,22.27839891994751,1.0992630842789124,0.8665494629668753,761.0365919113167,97.11441857075512,1
VEN-02422,-9.414977481612716,4.252487011452757,0.7820583561926311,656.9861351321028,48.38865691401839,0
VEN-02423,40.06365103884382,1.7410924459607828,1.4350972305478424,653.125169283586,74.40042347504959,2
VEN-02424,-26.42002194653924,1.4872679102009878,2.3181148293294487,738.8388949354337,87.07446972152476,1
VEN-02425,-0.4336141604216834,3.656940612008489,1.2406852763234066,697.9971778414313,84.36208024052819,0
VEN-02426,-18.258906381239097,1.4853590199692934,2.178414468811945,658.3652147764176,9.05885682653873,1
VEN-02427,25.307080375340163,1.7079997083227154,1.1772126207494156,830.9809442648302,84.14961520632761,1
VEN-02428,-28.7558789080678,0.571653311287428,0.9760646546317462,688.7299095193059,64.32546426209923,2
VEN-02429,-15.189977283597983,0.9508613476352664,1.7903434563970309,729.8419702276918,18.336920945107263,0
VEN-02430,-19.897111875416027,1.9127345866281649,1.5515932854946426,622.8752158394707,97.20656534020635,1
VEN-02431,-11.1029622899919,2.1893389883470573,0.8050950118292923,700.8364062359441,11.312285983952677,1
VEN-02432,-0.4848241331206555,2.044554658882673,1.7391877073147144,681.5396245658629,72.06819849585432,0
VEN-02433,26.214542163562623,0.5555686274548104,0.7594792010706042,607.0390978367768,94.18646386356886,1
VEN-02434,9.524994175271823,2.23656979126057,0.8986590181495361,579.7450459243665,54.14997911620563,2
VEN-02435,21.815490840273,1.658754996647165,1.4037703225727307,784.7713598242417,64.15617970367623,0
VEN-02436,23.96587164930734,1.1027366161082588,1.2066383400404597,729.9108213596437,71.54257641940202,0
VEN-02437,9.428961856090476,3.13185288752047,0.7843413798978325,644.9046608567776,20.156577432331485,0
VEN-02438,33.812921884499616,5.669956076604218,1.3317287935323636,752.2970457734496,36.22621354489202,0
VEN-02439,18.539944568314905,3.6545347458748414,0.9543553601396056,649.5755901651738,64.20879839236723,1
VEN-02440,-17.891152927871673,1.7436777274106048,1.0979461648460478,560.7459612923778,53.4300518054456,0
VEN-02441,27.173378812170927,2.038632851719393,1.0093966825813927,639.8070187043869,47.14375076734309,2
VEN-02442,-8.656062800155567,4.047662660161838,1.5785766366888656,748.6659156538219,80.87670852812408,3
VEN-02443,2.9139735751259868,1.8182099707740087,0.923205108956322,786.2383047174972,57.25823120781665,1
VEN-02444,-11.693193324227096,1.4397073971030727,0.9673015324376294,535.6967948665737,33.99353365232122,1
VEN-02445,4.680610135380695,1.6267506844686133,1.4882697581798427,781.761459351789,85.96440550902221,1
VEN-02446,6.341993742956868,2.634626040906339,1.4634375309747054,642.1292218647925,78.83570902738002,0
VEN-02447,11.772410492949636,2.578758326915068,1.643796143635139,696.7529247483753,81.69593838325608,0
VEN-02448,21.607040775152623,1.7089027808233583,1.1640881353457406,525.3021704693782,76.35987481422399,0
VEN-02449,48.850198598417535,2.271826835765598,0.5729106290795287,643.2307213925468,33.60440861440623,0
VEN-02450,17.820190008564072,0.8877668597384675,1.4083353787717965,643.5023568000569,59.6521011979941,0
VEN-02451,15.36869440119249,3.8550704159242506,0.9055306585936236,563.6697493520832,59.31211951440485,1
VEN-02452,11.698263995824334,2.0689742881593967,1.01296070216796,713.7674982320051,40.71328712269147,0
VEN-02453,28.336408197711712,2.922965890326532,1.7217985019172646,707.953138556251,49.74309816968384,3
VEN-02454,14.285707397442229,2.4502164556846804,0.8128230630811886,654.3184711571015,78.47938098054516,0
VEN-02455,19.88979274230267,0.816587240405645,0.8835122880180296,704.9924919616277,62.54393928120932,0
VEN-02456,-30.61407730995429,2.4200090216499466,0.8044019861106465,520.5667616895461,57.95300423047389,1
VEN-02457,49.686128054657374,3.4008826998857,0.785185807495706,732.4547559744198,37.30532939068566,0
VEN-02458,-13.912625920622531,1.902954324954742,1.0517611762222787,607.4226407763695,50.03279170894323,1
VEN-02459,-25.058625461935144,3.3535856834688493,1.3743750899552074,660.1293345349345,68.37260968067432,1
VEN-02460,21.330897451827056,5.111514390071547,2.0532620596362623,627.7327156296161,84.42460406747975,0
VEN-02461,11.237310544598456,1.5884557837231437,0.9620453504710256,727.0973359378434,79.21456478348729,1
VEN-02462,-20.294471360062182,1.331559772744641,0.7929676718015721,612.5102995851622,7.6140047058109985,1
VEN-02463,-2.224171788085009,1.0822907865187084,0.9675030550407008,672.8128759287326,48.97606883514507,0
VEN-02464,29.255360022744384,1.3337375703239716,1.5571076031313054,627.9285010334577,86.71459227946966,0
VEN-02465,-11.493385161641,1.6025636361477942,1.4806605627932927,612.9668341488599,80.88441555305056,1
VEN-02466,-11.865131207034764,0.6448101288183913,2.0607102379302384,632.8966481997234,76.3326179776046,4
VEN-02467,39.88550033831061,5.220588886110616,1.3825288764250496,439.6692159810701,26.674541595612816,0
VEN-02468,20.20354477342073,2.884367682597837,1.436362248202533,628.5110796411269,35.20582148769769,1
VEN-02469,35.19926188986814,2.0319058878408143,0.8134537954610177,810.3301605994175,57.987781272759136,0
VEN-02470,-2.9697377220438863,1.1320290006950324,1.8717470758180332,649.4684351278572,38.43514591664633,0
VEN-02471,-14.544055631848671,0.5563614874643724,1.9312164173988924,606.2695225739009,40.12435657373516,0
VEN-02472,-3.84131205518278,1.618350874192989,1.3797162981572475,865.4799826328314,81.88154341671118,1
VEN-02473,43.83013479478606,0.9448657897158992,0.9906453895209408,537.0336014572923,54.09109668451775,0
VEN-02474,45.31330670986394,2.250222607010562,2.004841891325611,574.5038125373372,51.45428816165613,0
VEN-02475,-20.323812045324733,1.8492778529848304,0.6670078111732761,520.5092841131461,52.6902653911739,1
VEN-02476,11.396150541759784,5.34361850512906,0.474970326034548,693.9695267720994,97.1974074415666,0
VEN-02477,-4.515790130658003,1.570564301965075,1.1427072109431082,589.4408362814902,53.791646608115926,0
VEN-02478,16.709842991811378,0.3051821607834676,0.9183271783393108,641.484663228797,74.06870025029625,1
VEN-02479,35.58075175273099,1.3648214669374843,2.077951951341333,757.6718793823239,91.14756720258202,1
VEN-02480,-13.343400457193194,2.775633204175144,0.827397070301505,515.1928726228123,37.89996073325645,0
VEN-02481,36.20206794765426,1.5898719387741993,1.0146121797577805,832.977929587175,70.51137974242306,0
VEN-02482,10.451146235317175,2.191276872591405,1.1563896412216343,745.5718932434188,48.66569180882356,1
VEN-02483,-25.38822146818924,3.676935600614645,1.1088746950872193,763.85802151825,61.30800188979536,0
VEN-02484,39.09674094900308,2.1458510571712868,1.7600360268825614,546.0832282790783,62.20047388431319,1
VEN-02485,2.881549525038912,1.5024246601870774,0.8460282977302193,701.339578659533,47.506976810879465,2
VEN-02486,-3.7433138124702103,2.356735507914759,0.6889652926345671,661.4380262854004,58.41493829502454,0
VEN-02487,16.750474754421276,0.9426646806333824,1.2874941547050636,900.0,27.15753780467537,1
VEN-02488,0.2670179911877728,3.4599270117560184,1.020504560172856,768.829861182468,40.881673561908336,0
VEN-02489,-4.633841419809295,4.342479937797993,0.3668608770699668,625.6755619252214,48.33481059695174,0
VEN-02490,27.30843749513416,1.1128515472407097,1.0592488414816106,663.7543360392938,73.53169731210781,1
VEN-02491,10.568093484717782,0.9201112549905276,1.5284853455049914,580.6304127317129,47.26972716053496,0
VEN-02492,-24.15605287470678,4.52997462271928,0.9646615079402928,700.4032968324797,31.854109103061464,1
VEN-02493,49.30660366853312,4.0990651738254416,0.9031915148323352,482.9459936789647,75.1141119534133,0
VEN-02494,18.65211742254491,1.9040055064460668,1.4736060238657038,627.302050227341,34.483458947524134,0
VEN-02495,7.303327110875272,1.9657521136422005,0.9967367800902546,719.1036069247763,17.49422210009945,0
VEN-02496,2.640298281525542,1.986568932158464,1.0817416648876748,710.7574003862889,78.31065637952943,0
VEN-02497,42.014686036384646,1.665187214564001,1.7663183398987097,495.8786965192826,38.19517772313214,1
VEN-02498,13.266681507781684,1.6652752797269272,0.7688854739395538,503.2349210963544,87.6945424916993,0
VEN-02499,17.50163648222592,1.4182240129012071,1.300952231160802,830.0021397458461,66.22642825349858,0
VEN-02500,16.968667569423346,1.3647268603731728,0.6813887319937542,702.9157232337382,64.97243497076994,1
VEN-02501,-3.67786375499786,0.8604754321651841,1.6209756332957517,758.766759850825,65.87344301514759,0
VEN-02502,13.725275962979024,2.8695982498849446,0.8022078962785599,573.1769554451446,68.50727268875445,0
VEN-02503,21.281212215300656,2.360084250247544,1.1544950823249194,708.7377871865788,37.46116359568218,0
VEN-02504,3.9098122437227314,1.558975451764665,1.1597015709318432,674.4260829850737,63.61697016301408,0
VEN-02505,-1.8738010505916904,1.1678319614558283,2.054826361342425,459.5761615396553,39.54008819547118,2
VEN-02506,-13.116662996530358,2.528921815096005,1.2746217352220055,644.0234138494047,45.97027255492377,0
VEN-02507,32.85581930201206,2.4928488584989097,1.6021123855981605,572.0582750686002,71.53531220964014,0
VEN-02508,-7.029097104426233,4.627892358633527,0.7570835738616614,659.8299689249533,62.18341701360981,0
VEN-02509,-3.4326739057328286,0.6804294213667212,0.9685022075699644,806.6083326495504,83.26857239446724,0
VEN-02510,30.722690393245767,1.4196680802774415,1.1356189525795064,748.165955092787,49.259041603489024,3
VEN-02511,26.62664900869408,1.320584481025367,1.4026964434110087,724.2559166436265,76.8067002176621,1
VEN-02512,-18.825877978262035,1.6580682959117574,0.6516008249494479,717.8080941772323,72.3070040125204,0
VEN-02513,5.8581120007717775,1.868084675715974,0.7868729407513545,450.4741698250792,27.73906823196375,2
VEN-02514,10.839335932023822,1.5581605338849775,1.0753586492545355,867.8845617264565,92.22023153618356,0
VEN-02515,4.793610300920955,2.81143607505431,1.2630083286258702,670.0261070398706,25.68096890676904,0
VEN-02516,20.819744402816927,1.4118179977555727,0.7526865645436644,709.312683265721,63.20969757377685,0
VEN-02517,8.782424795968536,3.180979602900974,1.4070678516061417,623.7025925276424,45.2651194446704,0
VEN-02518,4.411258103431389,4.889587861385186,0.3871467119626199,583.121339543529,31.711442159938187,0
VEN-02519,11.061883076919374,1.234395808941822,1.420423829068613,795.1004881676914,29.107343494085328,1
VEN-02520,-2.405512277006423,5.353569526922849,1.6888836328152732,570.2149646400229,25.55937208394148,0
VEN-02521,35.42507510040444,2.8112353769244423,1.101783064223006,572.3739305296604,57.48238413015757,0
VEN-02522,-5.867237257753832,3.6434900329907474,0.804744084034138,636.8330303220499,66.6113707472227,1
VEN-02523,-6.420077047480714,1.378819000822706,1.681965007476857,781.0301074901311,47.17635299633786,0
VEN-02524,28.987470304474783,1.39616242977601,1.735896733616132,674.9428391951511,68.74351698397072,0
VEN-02525,-5.556972860040087,2.605058276195344,1.4242352438781438,547.2199649791485,45.460964051644666,1
VEN-02526,-0.6562000978028957,1.2261282279369825,0.9821170664648032,670.9798447856108,32.21658601837588,0
VEN-02527,-12.83354294627157,1.1384801445934392,1.6913021736412786,544.0299200595259,58.72287383282697,0
VEN-02528,24.476549526217685,1.6357095308858134,0.9937990739041508,688.8185437650185,59.44914485870756,0
VEN-02529,-9.302840433516243,1.4111292611681392,1.0940910465691482,551.06137298517,64.75161649438164,1
VEN-02530,-4.191331912439718,2.0576344856144506,1.1828342258591629,741.7093444644989,65.45014537005136,0
VEN-02531,-25.66352410041549,2.9084534580040207,2.7540047600443764,831.525582101357,44.30687051922632,1
VEN-02532,6.56281045980054,1.659399046333172,0.6098287634712912,545.3372375629461,69.76229719334528,0
VEN-02533,12.96901022467152,5.372840224823009,0.7260487659297593,721.802422901018,65.36257391805651,1
VEN-02534,15.171471912613882,1.0431271958195647,0.8244215194167617,767.4860191928981,44.66488374620727,0
VEN-02535,12.921191173793604,2.094151908375257,1.2137787169477918,550.6415633681695,77.845206661516,1
VEN-02536,-9.93527735538639,1.7282244020359476,1.7530963282648695,638.8811947210446,47.86839026459245,0
VEN-02537,-36.562973865895685,0.9765728223644088,1.1052821306545506,642.6395017761572,42.2011415756845,1
VEN-02538,37.69188995047928,0.762662704272685,0.7324782810593541,642.5031004510377,80.30153582630173,1
VEN-02539,-2.28858574313179,1.0750500425715577,1.104623717525055,710.897075532564,128.51590365907404,1
VEN-02540,5.546796390963998,4.7284057004829485,1.1950598322187624,755.7877404176493,24.124618110174158,3
VEN-02541,2.6761505704506305,1.2986650500499728,1.8384091636642617,691.3791186552701,55.6634987899893,2
VEN-02542,-15.88439772380012,7.277521023642377,0.824000310123233,552.6896512987825,77.40321970715529,2
VEN-02543,-5.929412394283608,0.6029177703249831,1.536031912131805,548.6070582035654,50.2441311390781,1
VEN-02544,-28.581141647498043,1.3354461182686972,1.043456277857992,740.255922527285,69.22744879548374,0
VEN-02545,-8.921218858110697,4.322206836119755,0.9804896443073154,659.7196391605402,65.28546762777624,0
VEN-02546,34.47606773971532,2.282928793036384,1.3923295690187414,556.3721057840828,61.33970422550544,1
VEN-02547,33.74782827351657,0.7462618323742535,0.8640064965098585,631.8806143487091,45.86714029897592,1
VEN-02548,20.31357532821395,3.432567141686002,0.6087655674262926,636.9133073247122,64.64088625138999,0
VEN-02549,15.859085956448617,1.2893366927061054,1.1026321781734094,739.972573120795,49.71719582548396,0
VEN-02550,3.4041549002869504,1.3774000985164294,1.7097471132161677,575.460708927424,35.25539682377438,2
VEN-02551,31.389194772240348,1.5994422296437292,0.5561246468654181,699.127180552164,17.517330552187012,1
VEN-02552,-1.992081583363168,0.6837631554707689,1.0749120648880102,753.0876240973787,45.244359333281096,0
VEN-02553,19.61495695888233,0.9736040265570006,1.463162587870375,683.1390682476607,39.52347452284536,0
VEN-02554,51.95905820587688,3.208972358671997,1.3433941898558686,583.7305071810852,29.16985162837642,0
VEN-02555,-9.041825095996405,2.917508269612561,1.0294234139645155,721.8884942824153,76.88485848771634,0
VEN-02556,9.283638753894818,1.5902675936171833,1.0109653414409994,724.5279985083606,61.63609809684145,0
VEN-02557,22.973863632333284,1.5305546874596538,0.9557869747356263,621.0082532099814,59.30595560004936,0
VEN-02558,36.4334866750236,1.3734856396961672,1.3630320671678346,763.0905485110673,56.62364456597784,1
VEN-02559,7.586133317430524,3.141742580249499,1.5792540335007257,595.023067700874,85.6899533084451,0
VEN-02560,21.08475018621096,1.3945928051002987,1.4852997830259491,714.126395061242,61.43701277707078,0
VEN-02561,-0.902157531292711,3.5566208575670086,1.4040145223973304,728.7190615937293,83.22284820143224,0
VEN-02562,28.50694453312384,2.609258731029881,1.3070315880181589,748.9193389479792,35.84013925815442,1
VEN-02563,19.98431239639831,1.0058363522325895,1.57140455247278,725.5193069229559,27.88155231825617,2
VEN-02564,1.21327458010912,2.158594901206288,1.3337142752690792,596.7060410577386,64.67005166732754,1
VEN-02565,-5.94364564621711,2.7160955446092645,0.603840862825554,497.2880509334046,36.698076523001255,0
VEN-02566,20.054361199596404,2.9734013832314488,2.337382941160954,572.6753884017584,51.15209364594004,1
VEN-02567,25.635361451232985,2.9653925216467814,1.2491668534118183,771.5471804858754,46.22427589349125,0
VEN-02568,-7.975306296028977,1.2620901131218265,0.9770643578350822,696.9611826240932,44.398387802628775,1
VEN-02569,5.723526550444173,1.634888901824146,0.8565170688892001,694.525344005642,19.52271698139388,2
VEN-02570,-1.5350301733237472,0.95939370566965,1.3321206809846635,900.0,89.44282284440656,0
VEN-02571,14.846666938473993,4.292764425643639,2.06509245580784,577.7382641358449,72.3460592030554,0
VEN-02572,-8.231548250944497,3.0599053976377646,1.4319997318139877,752.2542216796403,10.64186382517613,0
VEN-02573,-1.697836692789335,4.001055318837861,1.3595194314204966,466.80272869207295,48.46560839146974,1
VEN-02574,12.221616973853418,3.5327820461145354,0.9378880338681176,715.1654064786561,39.81620928869029,1
VEN-02575,19.420032936683945,1.2750191895139542,1.5146977624145648,679.3281004344195,85.93136685036225,0
VEN-02576,31.48786041484999,1.8376852050250851,0.7057343650490042,585.403933043854,35.02024695895612,0
VEN-02577,-7.433500118420707,2.941186280148475,0.9754696280643248,782.6959620340599,5.0,0
VEN-02578,18.90651335737086,1.046068180213259,1.5606366401624758,704.7616796471565,33.99588180182228,2
VEN-02579,10.087476741831162,1.3891811431788157,1.4661956869182928,750.9944679981844,72.3253922052332,0
VEN-02580,-16.08836979261121,1.15678389034748,1.3657943764683007,724.2110028921832,37.77560791223394,1
VEN-02581,1.679825910743296,1.1941376651597757,1.2560051330660769,678.3826695203347,52.95600168399462,0
VEN-02582,-20.442689993853943,2.351262368093254,2.587711459496428,685.7758131655194,43.57413426849462,0
VEN-02583,37.591089819921926,0.8250723900455799,1.2736495188094887,766.7612964135718,65.2508496214522,3
VEN-02584,-4.866506458147256,2.2693756112984955,0.8858412308258143,845.5375330475592,83.23934522043434,0
VEN-02585,-36.52282870262859,1.477138527292024,1.4019012257557109,590.3285774307459,31.348369205847856,0
VEN-02586,34.58497745259258,2.15195864549018,0.6080383296576917,664.4202832767598,71.60854712940129,0
VEN-02587,2.865682840539521,1.0538768921874755,1.1337558893780784,648.5312079168476,82.96431205198348,0
VEN-02588,28.43917422001651,3.984140127563193,1.1258225116355076,577.9128408099182,55.26357502257108,0
VEN-02589,-19.530340207886056,2.197944337530122,1.238779529537051,570.6982007510542,21.211383287593694,3
VEN-02590,6.414687129267577,2.5044530147508235,0.7888987083147021,684.6541613937585,64.21927298959085,2
VEN-02591,14.435249589106196,1.668779861977633,0.8235258589130314,849.4777884872146,48.72644387423356,3
VEN-02592,-12.284150994490297,2.0632686886076166,1.0948750165832335,671.4856163898476,69.40722018671735,1
VEN-02593,16.041074536580084,1.280471134712688,0.7914702692125585,556.2264047558148,38.20183605620597,2
VEN-02594,14.246186103123684,4.961193079215621,1.4288614570454317,653.7151042980386,41.71085558987487,0
VEN-02595,69.87968183931409,0.977968550572698,1.447596239634157,606.1452318176183,31.917410871726297,0
VEN-02596,23.96847594735342,1.0589441920035028,1.405078501648951,488.6857513723121,34.997973818781524,0
VEN-02597,-1.1511753369551627,1.1119819228521262,1.614045862465978,531.851988348805,46.48231250895586,0
VEN-02598,9.874775353294709,3.7996780038779736,0.8851811840229854,578.4364141876871,61.01223243938274,1
VEN-02599,24.981381172864108,1.0387458918666823,1.128892694766825,580.4034085630641,77.5747897807419,0
VEN-02600,9.175902328555065,4.164787894537851,1.271299602349858,598.5602174474761,76.00865556387271,1
VEN-02601,4.709282245145139,7.011508798366968,0.6279999551149082,467.8754551416855,54.85416782008869,0
VEN-02602,-14.80189925849674,1.1385956074679326,0.887515531424183,696.1830072494387,37.90750108893542,1
VEN-02603,38.610930122494494,2.082620453317664,0.8938682625218684,577.8636390078257,5.0,0
VEN-02604,0.0897197442392716,2.306720292580794,0.7347309521367227,606.55602787182,71.55602465180051,1
VEN-02605,-14.50966700497969,1.9024900739389927,0.6012394178231194,820.0441323960325,82.11189699279637,1
VEN-02606,14.348162255041654,3.525018052649648,0.7954908917815647,658.573437123179,57.36592337147635,1
VEN-02607,6.304414182201325,2.324092942263567,0.992018805753956,696.4234152706708,21.955847535341142,0
VEN-02608,-1.5990020120994073,2.647934269361771,1.0654864216683728,849.5607943144644,89.7680758736089,0
VEN-02609,10.638563399666175,1.7976066308989689,0.968043262562956,813.9959722783142,81.23486291938434,1
VEN-02610,-10.791686263806966,2.5213044088846543,1.875127563491623,822.6357929856769,102.03658777657029,1
VEN-02611,26.472227485568546,3.9777284396134647,1.0786396272876932,520.0902063701797,42.06740709817492,1
VEN-02612,-2.919319928270724,1.4141743714433408,1.8421335795194684,682.5329001423163,84.43977434663485,0
VEN-02613,8.55064363038918,1.6532981273827216,1.1359944688199302,627.9708298757234,57.51720137809013,0
VEN-02614,-32.744186058560246,3.0019158434730238,1.1661789079924103,680.8369176061783,34.01675722708416,1
VEN-02615,20.23960294103652,0.8337369840690356,0.4246112489615362,611.5347499821512,66.47765072034565,1
VEN-02616,4.212349632032138,2.99881922866279,1.8878494125599772,842.2959157245218,40.070020141694,0
VEN-02617,12.637372798000492,2.5724366811085555,0.5590919121159323,804.7640100709519,21.96198498317617,2
VEN-02618,-3.14736374309237,0.9683912082267432,0.921511683252146,620.6750278918273,57.54060128135644,0
VEN-02619,3.994200230483709,1.7498053449137445,0.8025352433201383,576.6023357072597,14.702230475382793,0
VEN-02620,1.4172888362232827,0.8677656326965184,2.1570598680551174,792.6815713245535,77.93618223820002,1
VEN-02621,22.70658134771539,2.182820409487468,2.0563750071909483,767.1777311457579,86.44649419115919,0
VEN-02622,19.81721444599041,0.978061389068698,0.934876263314932,762.1822443769086,60.11379886855411,0
VEN-02623,-8.554186332131735,2.1938450772352125,1.2529503165653144,549.7319022171255,63.75735840752159,2
VEN-02624,9.06182069573401,3.087555866751906,0.9107648881832202,579.9183193915587,48.70170925375609,0
VEN-02625,4.505335000587227,2.736811952925457,0.9030386292407674,721.8006371597726,25.27886105959576,1
VEN-02626,-6.566918917332528,1.362160938341786,1.341717887762937,743.1059642285309,62.33816449684076,0
VEN-02627,15.426438925509837,2.0220834746795298,1.2752888926664978,615.1789392039901,48.68850863557736,0
VEN-02628,6.5406619166037645,1.491334518281919,0.5549649429373776,749.8839711572651,47.9308010093033,2
VEN-02629,2.6325816555306663,2.04926999447934,1.8606467445664367,715.0845261836394,18.20542907869938,0
VEN-02630,-8.835460471019442,4.930263480843993,0.664132430614733,599.6367506966433,77.81442422425866,0
VEN-02631,14.918816083982025,3.0807031919512107,1.0217355430775457,659.8948085805919,16.612453333375903,0
VEN-02632,2.847792789183695,0.4002192800302863,1.4510529240749712,749.6312154908314,34.55791255233699,0
VEN-02633,-19.242734652541586,3.4569492205442813,0.651360483489021,583.1506956823562,21.042655167589835,2
VEN-02634,5.466939665333644,1.255135821037356,0.6314021069276312,716.8514024072639,14.307879868953158,0
VEN-02635,26.38732805066622,2.3121632963997345,1.4088803783883088,644.6899276443605,47.44476189322952,0
VEN-02636,-4.767184338885267,1.291587753328744,1.9883622960325091,771.1239021319102,33.05614830588159,0
VEN-02637,16.52630861763543,1.228307099236314,0.8704208208458935,581.0931450566188,52.82564862650344,0
VEN-02638,-7.814367313968464,1.7049880973447096,0.8278943768727176,779.8517105479056,49.36790451282553,0
VEN-02639,-27.634477615385578,2.295067299163917,0.8905206497052758,756.4539276752433,63.30434393046786,0
VEN-02640,3.1263785352672557,1.6425771807900489,1.1810251103166969,614.0029551432109,47.82616650191095,0
VEN-02641,-1.0024773207095097,1.0696059349064808,1.9401281252682925,592.1161367636242,42.93918562058017,0
VEN-02642,2.9686455081815573,1.1491666630688837,1.2109328418236982,648.3624417066845,44.44286538911538,1
VEN-02643,35.09208409032684,0.955655682525661,0.9598698614344392,683.3505332076933,49.93443012598173,0
VEN-02644,-11.79149886203986,1.5124201798072494,1.0042405010513389,619.0211668386377,38.50578331383488,1
VEN-02645,18.002060670060086,1.7830319226627718,1.3795816331925257,783.1269081684376,64.62615370986317,0
VEN-02646,-17.637426492431743,1.9803519732934936,0.6899141165169447,749.9401931347163,44.75919867743784,0
VEN-02647,-25.95706488390886,1.5065018805965693,0.5087186650082351,661.0871564775812,27.509837093453857,2
VEN-02648,-37.38910698822326,1.80950160079796,0.9793868125469776,751.0551994493621,5.0,1
VEN-02649,23.17882799556805,2.345625733156539,1.2948940318796702,883.7864910274166,79.40171163435858,0
VEN-02650,-1.524558529825068,0.5708747466115228,1.1918359062344548,496.2165501291206,31.999640325499666,0
VEN-02651,28.925026839950647,1.4857794124121766,1.1967631383902375,795.7775456053756,58.089553538439134,0
VEN-02652,-2.403877572470087,0.751057611450264,1.2105977847704512,640.5495084510327,20.301855438270085,0
VEN-02653,6.668594751707685,2.12795261057762,1.5524443398577892,779.8881788732059,52.04016700648248,1
VEN-02654,-30.27504573822612,2.5334781771912223,0.6363343942795829,770.8449237933556,68.83430805936072,1
VEN-02655,20.377139306391147,1.3635227477519487,0.7519346527401313,822.7568343597763,95.26499911876462,1
VEN-02656,5.216320542345493,2.9216487910879603,2.0565280084773114,639.5189073732321,50.22529343428212,0
VEN-02657,34.50052232247242,0.6308231012531219,0.7058164821932047,632.6028816464187,42.57977270142227,0
VEN-02658,28.152514328390467,2.5353557183067834,1.2056305748767913,740.3248881670751,61.5557718608138,1
VEN-02659,-1.1417998082306786,2.374618126986119,1.019591494168019,714.0433059327107,71.34177704034056,0
VEN-02660,55.24059114637444,2.358345213149341,0.9577024331562758,706.8788012417559,78.2772585390838,0
VEN-02661,27.81265097996691,1.299814882505941,1.1702972271342076,841.9149291268232,28.443121618783326,0
VEN-02662,4.400475425704503,2.5061815476550446,0.911118043689099,656.5040344120888,18.171380069409395,1
VEN-02663,8.217755986850142,2.500909079636756,0.4984047764882949,896.1555281487308,41.21827324811383,0
VEN-02664,-3.093951068062191,1.733933810988302,0.9515761247553476,674.1416852287099,61.475952956689575,0
VEN-02665,58.04946733378659,4.933655276075583,0.8316508956937543,773.5384247404323,44.68133646536392,3
VEN-02666,41.858057346374586,1.75222492630704,1.484068548016459,578.785866485205,35.54707527291579,0
VEN-02667,10.920107338073638,2.215392660884318,0.955928134282618,674.5679170548423,39.315180364090125,1
VEN-02668,-28.47036663074656,1.5712651227785286,0.7684280289279077,674.5985685590798,68.51142270193094,0
VEN-02669,-28.583039943783056,3.168682780597938,0.8541686938603598,631.5387987207098,63.28757026170594,0
VEN-02670,4.18959322125852,2.2442147156996497,1.19281757708633,633.3021681968105,63.3027133303497,3
VEN-02671,-1.0859665557817468,1.8838280420434352,0.8726913794281896,722.3683093370029,49.44312994750417,1
VEN-02672,33.0570279151018,3.64972057422678,1.7680203440175546,685.7843500816352,32.91236034158727,0
VEN-02673,-12.997180234280291,1.880245796303724,1.1274328821174189,718.3439040276429,69.12997105141963,1
VEN-02674,6.667129057204817,1.623976769965544,1.690677149038345,758.5860110945663,18.110542493944912,2
VEN-02675,17.545436401798842,1.3585181143945804,0.9619197403658224,671.6696051614804,25.4275541225994,1
VEN-02676,4.35474346188548,4.449544155002696,2.0568523665747023,741.5959316791608,23.75051044390084,1
VEN-02677,16.959200498017907,2.275898328803249,1.9875723783177917,611.7069525983958,58.671257261597816,0
VEN-02678,-6.384250649231998,4.17137091870883,2.836604630007696,711.1394562776829,18.728711053826693,0
VEN-02679,19.885525516691185,4.553410023532445,1.3038137138258914,758.1097923335271,26.496870464929977,1
VEN-02680,29.92626816236531,2.092127225225589,2.6149559356568024,645.3123792479801,37.470829269809485,0
VEN-02681,-7.163324417884878,2.089672317655243,1.3887530718069878,679.5443385265937,40.71602826735669,1
VEN-02682,2.1370360944654823,1.724544265303764,1.612800413637814,567.9060856299378,42.26959225193926,0
VEN-02683,5.259995807618583,1.8398551223712385,1.472975312747362,754.7609377387048,51.187161227141694,1
VEN-02684,21.94167687681984,2.1267057153518483,1.283122140740806,740.0359706596577,60.6436374190714,1
VEN-02685,17.34879804307026,0.981450301825153,1.385013487898824,788.5126762944423,92.88705196560277,0
VEN-02686,-19.336713067724048,6.270006781742448,0.7488894864008102,878.2248423280145,58.97281143843039,2
VEN-02687,8.47798132193233,1.4089440356464726,0.7991397256492101,619.7233993940192,33.82526408232035,2
VEN-02688,-0.7734782306435672,1.120343177492521,1.0296421213903044,572.1837451246279,83.2356995185438,3
VEN-02689,18.746281165326028,2.760451064032033,0.9463321461058553,748.3301577191843,42.167550535249084,0
VEN-02690,-3.010518027079762,3.570426512276435,1.27009617088328,602.8509360685521,66.93848467935143,0
VEN-02691,8.990962520699451,2.7534244694631647,1.4553970112160206,597.0871504836084,26.32198919121449,1
VEN-02692,-8.004943404312431,1.78561956368844,0.9262190374438356,683.6270219164687,33.466209208161416,1
VEN-02693,39.06552131725192,1.5637331878027685,0.6855607587077233,653.4002252265773,49.92069010802374,2
VEN-02694,11.325976986167245,2.4923723460321163,0.8152510840549785,736.3870494874446,90.39668547876803,0
VEN-02695,20.80134482083438,1.5276217116330697,0.59398970952098,664.775966621762,49.46035999263622,0
VEN-02696,14.511441519536834,1.1596238321582852,0.7891966644562189,605.5972313928503,35.711090588055754,2
VEN-02697,38.52262573967572,1.7462015898175736,1.0139160719732845,723.3028290049331,67.45342610310641,0
VEN-02698,-11.499697129327052,1.2651673206605314,0.4156805684366114,723.0791211173705,15.150400482329545,1
VEN-02699,-15.286515980231863,1.5963683501932655,1.9829832139043988,677.9297280515035,19.376915217005603,1
VEN-02700,-3.911910808015973,2.0571898832787614,1.3936772514030689,658.937525063852,57.16112951054587,1
VEN-02701,0.5363268473776124,1.5392836709791826,0.8095342703701756,668.5114350392691,55.66274104056944,1
VEN-02702,10.703258530158868,0.959871588978782,0.7279151322436721,679.1642811346577,52.21233417444475,1
VEN-02703,29.45691569554492,2.301023176153361,1.3221919795311,654.7231304935995,15.62582246114303,0
VEN-02704,11.170085875235316,2.46618903162674,1.1677999406783472,759.8495760687975,62.07860516381274,0
VEN-02705,25.66367626588493,2.333089760607069,1.5558322665924975,640.3645242368057,33.983557365605606,1
VEN-02706,-11.544420109675066,2.127637547853608,0.8997953174422887,541.4694950230286,69.46108398885082,0
VEN-02707,1.033384330693062,1.295678050490043,1.0413081547849907,900.0,32.19491218533795,0
VEN-02708,-2.3738626050665825,3.5600710056832066,1.649394108405977,646.3967456582861,70.92943337264549,0
VEN-02709,3.705034517122316,0.8265135827607618,0.7485938081535758,623.6315406077367,75.78963891185074,1
VEN-02710,14.259899185301078,2.248848470268746,1.060497808919571,894.4941948587361,23.522337932571865,2
VEN-02711,-26.332107280294203,0.4094982124801741,1.1637500885197931,570.3450107879971,64.8218474598279,3
VEN-02712,8.167592683477757,3.4528600686109474,1.011234651506263,709.5630489789747,59.932516129736605,0
VEN-02713,-13.377034393159288,2.5824425849766106,0.7772353137835745,703.5847101645737,17.503887008633555,0
VEN-02714,5.946031567319221,1.5208207333189414,1.7899902901052804,652.6929564989993,55.81813810405259,1
VEN-02715,-13.67351238411744,1.6559125576124374,0.6704545814194672,510.83847872086426,83.71744138000189,1
VEN-02716,1.883409126156324,4.5389698148217,0.8989815955188233,602.1353246333047,42.6832968224704,0
VEN-02717,8.246684638470064,1.138139042079516,1.0213460474212834,652.5050854130528,27.26021100739028,0
VEN-02718,15.464788154636995,2.400806422595332,1.8592231928330365,900.0,90.0042606727982,1
VEN-02719,38.550831140693845,1.672489394994499,0.9426770409701114,447.4641617387328,87.11485982580396,2
VEN-02720,14.997208255992874,0.8954631173728997,1.5069541956112444,749.2503046571136,73.20133275381714,0
VEN-02721,21.288197381145608,4.20197119729039,1.0402849092894355,719.3991613296402,47.48044471984189,0
VEN-02722,-2.1240586706060576,0.6901205078628407,2.0502076792190045,686.0730287831892,40.79898835827423,0
VEN-02723,36.81579399789741,5.292921444724703,1.9975208459690383,676.5702024113801,65.63007035900092,1
VEN-02724,-0.1647775511524507,2.692990363858423,1.074015158038232,598.6362725485203,46.13701596161542,0
VEN-02725,-18.43452903221332,1.4555301513873735,1.2393719989755114,665.2123928478408,57.52035611984223,0
VEN-02726,21.618949485060917,2.1365292667672446,1.5219246488323488,732.2297207883901,72.3165873187096,2
VEN-02727,21.55785248081252,2.3745568035832214,1.6886149833453696,564.8047007063719,21.2927941993361,2
VEN-02728,42.52250748457722,1.2011326524617878,1.4589958545261976,538.9584738208493,63.71131534265079,0
VEN-02729,-20.184448683278447,2.958154577787253,1.6291156773058553,541.3879175999837,31.254500907738432,1
VEN-02730,17.87830189817761,2.4620345006556685,0.8954728802310389,488.5576297707036,61.62772030340572,0
VEN-02731,33.08393048803087,1.6043180179508445,0.8537593057150696,601.5335189337537,91.16508004430509,1
VEN-02732,15.081292996203636,4.272857481403787,1.5876863732172828,741.7013311978459,40.03897867449832,0
VEN-02733,-0.9677682985963968,1.1320417781277716,0.7009179756449988,645.1037058444717,79.35776577123329,1
VEN-02734,-13.599222708004952,1.7878632062543682,2.4452417843027017,698.1873836161562,34.539133400644815,0
VEN-02735,19.549987363989025,2.4277223094406497,1.6153883343492994,716.4597934696055,37.37847955026044,2
VEN-02736,-24.848021145861622,2.7768937278501693,1.347543197127627,515.2237908805041,50.96026747467193,0
VEN-02737,11.097912141990925,3.04071274663835,0.9904912235962504,763.7524283984663,5.450991054781333,0
VEN-02738,22.01682084027309,1.7547997027043831,1.3041711297785206,850.7964925800427,72.54367150162817,0
VEN-02739,19.31581036658948,2.824166479274488,1.1676026143500131,708.5832970939074,60.387744092801015,1
VEN-02740,-2.578292055811396,0.8989825858187652,1.2007377469035767,831.324231984956,59.27926761707293,1
VEN-02741,36.145352550194296,0.7959431479121583,0.8785838985745704,755.6085133039487,10.385698483991831,1
VEN-02742,-13.753225228888596,2.72213042293185,1.0436474212665818,705.8565386767934,19.1193492433449,0
VEN-02743,-22.52043370707638,1.4278724493518469,1.1040097128542552,668.1970784055977,54.74747340160361,0
VEN-02744,7.555008240509001,3.430821329819307,1.10142010214162,849.0610581578218,40.39384473500199,1
VEN-02745,2.153411624640037,1.2298999558476142,1.0099449761309351,617.7719458210457,37.17508316531046,3
VEN-02746,10.119052495886994,1.2833666715609855,1.48855600240734,646.9456358983589,52.42205874007842,0
VEN-02747,27.316667276656204,2.817854798866992,1.1048118333084913,738.7337844951146,45.07569819909225,0
VEN-02748,5.585880825519872,2.506807530656824,0.6083095117995282,743.1935083123789,28.874214637157685,0
VEN-02749,0.8807142891184654,1.723053211456225,0.6964061291023298,592.0825927249897,42.96189489498242,1
VEN-02750,20.197567437786752,1.3699289703467388,1.7037093453765844,595.6911006192338,69.5109991256568,1
VEN-02751,-47.75852322800923,1.696831678762643,1.0763349381191123,612.9459603249974,55.21446972195542,3
VEN-02752,34.51906683965894,1.8485553385606777,1.7592616834987267,570.9486970048499,70.90670216745936,1
VEN-02753,-11.668270410676016,1.898619442640885,0.7735639215214356,760.9864940666531,54.65747144018977,0
VEN-02754,-1.2040387154813723,3.606113713690414,2.0008220425943577,801.2517409628593,46.33307896442391,2
VEN-02755,9.506378776096248,2.849551125890977,1.7741771997151412,655.2714667092263,76.1063529974171,0
VEN-02756,5.808291745602855,0.7696822806047167,1.5789414428291997,810.2158880515728,67.05367678388738,1
VEN-02757,-6.67333001745545,0.8683448617767783,1.0616373789901463,698.211751760028,99.99574848332624,0
VEN-02758,-12.757783040032542,0.869293575411974,0.5695798667215836,636.1121869426529,36.61316698524789,0
VEN-02759,-21.729762423300173,1.2272753558379634,0.8861784534633995,668.580637841852,60.26477734474374,0
VEN-02760,11.278609583478996,4.070416802834293,1.4528967573903349,663.1293660876082,25.445177779544,1
VEN-02761,29.94138421161937,2.837669918951104,2.5185997116418557,702.9139490906256,57.67342844668765,1
VEN-02762,-27.748402413400516,3.467997218501134,1.2106597088855466,637.6887303202708,31.61761853235876,1
VEN-02763,-10.84409250851468,1.6187999083745943,0.8533322717213383,900.0,88.70795125416274,1
VEN-02764,14.197825616659047,1.3589796368715386,1.3139282195263362,606.5087433243293,70.15445169814697,0
VEN-02765,-15.602983900076602,0.8616479796577078,0.7534500407383808,700.4913846864401,20.90878633957032,0
VEN-02766,3.1260556074635533,1.545028322536792,0.9871775985769806,668.1263114382738,14.096630378682448,0
VEN-02767,-4.774733775907379,0.982100150222576,0.7457592249887514,496.3809250481737,75.91939821795408,0
VEN-02768,25.849800220609456,1.308486428777112,0.5833907974042009,486.3194166908164,50.448503445788944,0
VEN-02769,0.6900729623275437,2.798864480024982,1.6791174686260542,646.9318073548498,73.80214705497302,0
VEN-02770,6.298453185476809,1.089323786932018,1.7923072682228778,365.71344999442977,40.084114017837535,0
VEN-02771,-12.1393801520422,2.1113781298968344,0.905907099445098,508.6435955754068,7.971653712482677,0
VEN-02772,6.02800216457694,0.6546938125379855,1.27340441760912,509.5209806093744,65.77222095736768,0
VEN-02773,-23.740746832349835,0.6942503122856196,1.1424301115520694,684.6418366756885,48.08314519865865,0
VEN-02774,44.662530014050674,0.8947373148332657,0.7880854461356788,618.5178216878057,39.88418346259796,0
VEN-02775,2.830744433750575,1.5387783749291133,1.1514562413039158,683.7719043180797,69.97662225458382,0
VEN-02776,-5.522095003926401,0.9999258253616132,1.3647133418373003,749.5028222963682,66.32762654986311,0
VEN-02777,27.407381082317496,1.726713482375292,1.0840395825114884,613.4365638337125,76.59140037391896,0
VEN-02778,45.36812824805109,2.348273975912682,1.3096391053157188,587.9827543358721,91.74981931488988,1
VEN-02779,22.52840867181761,0.9349028758406632,1.8354378220156449,747.9408634045641,82.23926174156888,1
VEN-02780,-13.03707847354855,4.950498753875956,0.8686284151819511,753.0156197192405,22.99723998755469,1
VEN-02781,-8.963645188624984,0.4338748247523308,0.6710119594510681,704.3354811429957,53.13875166675391,0
VEN-02782,13.496423907399883,4.174954927751411,1.8023220374627449,615.1019744248861,56.60915664048111,0
VEN-02783,9.96799341555223,0.4007604618913268,0.8164887378619369,821.0350065590566,62.56715114758503,0
VEN-02784,-37.4474928306074,1.4231021926171756,0.4836735293303591,799.7303115255482,58.47451863891833,1
VEN-02785,14.76983838916961,4.779007844891102,1.150696964991442,631.3850055000827,59.07478903570058,0
VEN-02786,1.1854935572641248,2.858035372639448,1.3042829392821067,802.5740890966633,20.54150431840308,0
VEN-02787,27.590403708277037,1.5670500741463005,0.5030771927860365,703.3090178849243,58.60709501657243,2
VEN-02788,-8.553604041233415,2.2201702656010984,1.0275614717229835,488.0651463358285,16.122434050943554,0
VEN-02789,21.260267653077037,1.526861839655102,1.3235233994920774,697.0619853171369,18.339097964186024,0
VEN-02790,44.61776134716996,1.813102345065626,0.7303950938757111,448.39144737967314,62.37050362745073,2
VEN-02791,-3.569207243194226,0.6007956940420516,1.2862393338868463,632.7601044574078,65.30325163089691,0
VEN-02792,-23.597138489796624,2.500416444046282,0.8879554999655953,628.8170217425438,47.641534842844806,1
VEN-02793,12.018270198264892,0.7063482706106019,1.2008357776370038,838.614388709146,26.14459730773044,0
VEN-02794,-0.3288795915357134,1.1849674918771955,1.9212678968405104,630.9332493533869,78.95034962311333,0
VEN-02795,7.1536642727425335,1.4477717487528632,1.1071757369032014,519.7824623674064,100.79465483811404,1
VEN-02796,11.882784040486474,3.711080315936079,0.6168548700212975,633.876912987037,38.7587679238898,0
VEN-02797,25.94986398487671,1.7929565136786625,0.9885243625532892,788.7727058081498,35.942239054626924,0
VEN-02798,-4.32086264776893,3.0855136752910903,0.6926276113285894,559.7592672817157,20.995381735872307,0
VEN-02799,8.685497357235219,7.061503307136845,1.5469886357035143,721.8846122010782,81.37658669709198,0
VEN-02800,6.504097233725909,5.521611606669511,1.1482935659232487,742.7931587838347,56.15705587545062,0
VEN-02801,5.977072612142835,2.384871731695282,0.7856374003851972,872.5650712291147,34.83865915571414,0
VEN-02802,2.5103959621790217,1.504971733874305,0.922415386573825,611.2824961147961,57.36641452225824,1
VEN-02803,16.704453381639834,1.6109710025307713,0.8094333718778179,710.5333586545399,43.15834857095541,0
VEN-02804,38.06084700973434,1.8985747124109928,0.7216577270434905,799.7304200949436,74.97968274630512,4
VEN-02805,22.41226483430048,0.7641062424646671,0.8453493999885583,739.8343782299133,40.455948697060265,1
VEN-02806,35.19143858413632,1.8529970158696456,1.0652969305481543,671.2302844011309,60.3069787207062,0
VEN-02807,25.95180163259819,0.7859414739449999,1.2493658534247791,546.1633045701064,83.24967546477744,0
VEN-02808,21.60920405153568,1.6754548043321698,0.5605286159832968,789.7456181903473,53.68038692846638,0
VEN-02809,5.363679312542747,1.099308833251336,0.9120224402336408,678.0776276988462,68.24440425539557,0
VEN-02810,4.449925447764752,1.7629404941739064,0.656392082808472,502.7376060328419,28.984499617412887,1
VEN-02811,57.59004455593794,6.193897837323415,1.098983261207138,713.740353161406,57.13273416435161,1
VEN-02812,16.124534275963022,1.883788478437442,0.962908007169794,649.4024564462213,48.71234890621586,1
VEN-02813,12.50970265012629,1.1075072628804528,0.9346686491543528,632.0010206462271,68.69101272357176,0
VEN-02814,21.912689949693203,1.9440901077815047,1.96393540902156,705.2241787996154,75.12774515701207,3
VEN-02815,-17.595413933440398,1.91157469126816,1.1025374451411505,642.565521421573,55.59224151914358,0
VEN-02816,-24.885400292418016,2.612520079593064,1.577411625265014,690.6468673930136,91.08150848089603,2
VEN-02817,-2.23439659563409,0.9950871875553576,1.4478856273446965,750.7342121569135,49.88739623001664,0
VEN-02818,1.5313410829890532,1.347606476559997,0.8447229227084386,711.3527991395241,83.46970049276412,0
VEN-02819,-3.69307754842533,2.2657308033614902,0.8634270030244197,624.957592973878,55.32285531549455,1
VEN-02820,15.88486345593545,1.690084807238622,1.1322692036195965,550.0905015367795,60.84913644072534,0
VEN-02821,28.95512606829484,4.627695089034468,0.8467520256735334,718.5321827695708,53.19108823298337,0
VEN-02822,-10.822851321116534,2.3640968797918984,1.4464095729505566,762.4456258329358,41.03318131011237,2
VEN-02823,20.803075899564824,1.57016044484617,2.424332736828957,658.1304000023598,47.51998176813675,1
VEN-02824,0.6273433896102105,1.4264010412005197,0.6968851132566584,810.5505858589978,73.18721085422695,0
VEN-02825,2.2177673833803,1.8788610278346745,0.903307260101948,576.5910318948268,38.37117166433417,1
VEN-02826,12.35998282290717,2.9292782155578845,1.103075845554956,704.3807809683608,63.67735454811884,2
VEN-02827,5.461910287261402,1.0387650820769003,0.9419982544082154,756.8861167168928,38.7856257774944,0
VEN-02828,26.163675800800632,1.046371024367587,0.7185232482216846,707.1072947050085,67.34655976527075,0
VEN-02829,23.95186974869656,2.469070998454723,0.9502876020530016,670.3518059241065,59.41903068546157,0
VEN-02830,-25.18126739077278,0.8377737809046993,0.857230388078191,650.6674517242454,23.92076894937935,3
VEN-02831,28.43879519119711,1.6821352229709885,0.9046544323881718,733.4028686813023,70.7757443905968,0
VEN-02832,3.839349814492476,2.1563727254006,1.7071128001677771,603.1451465430371,66.2262579893091,1
VEN-02833,16.73411137118094,1.106077474978406,1.6101153005982365,546.4315969938195,52.41532842869414,2
VEN-02834,-2.1374409117190645,5.439780069456987,1.1696781255803863,708.0151566978997,75.83517017816075,1
VEN-02835,-7.144044519543307,2.9521366455737765,1.0246264788049697,733.1434962423812,43.20630339577447,0
VEN-02836,8.212565581880135,1.2643734050577478,0.7610769968342683,676.0820804530041,41.17605162767087,1
VEN-02837,18.96758495163629,3.3843940132113324,0.7595119747483915,776.9876979131436,78.7182436648425,0
VEN-02838,7.212939526018976,5.982038677739659,1.105807839224337,720.1460813786663,30.14331782117891,0
VEN-02839,26.959615864575014,3.643562305781321,0.4748225698302934,513.1794392063467,53.21327433744146,1
VEN-02840,1.3979187073103203,1.4880030468200791,0.8003507742696768,634.5614366782867,70.0304711354882,0
VEN-02841,-0.9390893190778282,1.904378547757689,1.1184920701772962,694.0050043523397,33.698306103000945,1
VEN-02842,-1.2003801245473165,1.043677715848354,0.8103100054997023,707.3258027796004,63.94597784159813,0
VEN-02843,16.26804591828551,1.5200421417225172,1.634445440903292,728.3859202056445,48.69787627256417,3
VEN-02844,-5.703150963194922,1.677987315020983,1.3382004118536088,781.9017926606944,31.08624921347402,0
VEN-02845,10.4964674201828,0.9146266790777252,1.2136204056417867,541.638974474302,50.58782167599589,0
VEN-02846,15.132653191487028,1.8876433645879551,1.3063708213353518,630.9405052518008,46.1565888527705,0
VEN-02847,10.71226814401761,4.491089619387965,1.360536774400438,756.3707244271058,44.1308749772778,3
VEN-02848,23.279316698483036,2.1202238657279686,0.7887537315036419,589.250950988781,58.14534280241629,2
VEN-02849,3.252449819837541,1.7099538835229249,0.6598746956202222,740.4988979442462,110.97729950319064,0
VEN-02850,-3.647984442758794,3.507356936482979,0.8328543410325678,670.2145674618224,60.28318742349724,1
VEN-02851,-14.363964741579755,2.718958980220849,0.8997863477395057,629.8433800689829,69.87333684872704,1
VEN-02852,-15.99938802992493,0.9210806802784692,1.3348206021491242,663.5826228454494,15.987786795751797,2
VEN-02853,3.540672819209364,1.9877353921358891,1.1029032076003913,743.9713646684883,48.4762700358292,1
VEN-02854,-14.297069253468983,4.280803985674644,0.9787904680147628,490.8760448146732,23.896457060417635,0
VEN-02855,-21.738224475606373,1.148866475144256,0.810266428211368,542.3940308908826,62.36159914784058,0
VEN-02856,-15.811938977029609,2.7135465985955705,0.5763406142958805,607.0888330273681,43.90940304250407,1
VEN-02857,-27.95637557059898,3.025643632327576,1.2248702152045012,711.6590599696077,69.2856712305578,0
VEN-02858,-12.010802596786991,1.347537405624596,2.087033869169778,741.3155075971853,39.480286012097295,1
VEN-02859,20.20715152219845,4.457997244063376,0.9681394848875888,687.1824498781025,39.99608747296703,0
VEN-02860,6.680086197436233,1.325319680326209,1.4967646353122068,591.4886728823979,81.7865744170055,0
VEN-02861,19.61356319674876,4.374643700090226,1.0661560371039862,731.5393532019441,47.81357712029156,2
VEN-02862,-0.5955953193897443,0.8418562907822803,2.8443128665891173,718.8128961649227,80.92725887215391,0
VEN-02863,13.100097023881132,1.9285353113697423,0.8089014815793005,639.3284464703669,21.02056436968445,2
VEN-02864,-24.759771916121,1.702388728067675,1.0855584944604055,785.4911088362182,55.19403732361347,0
VEN-02865,-0.2635074903139127,4.022312031007965,0.9889227316415724,667.3394954380084,14.24960068153036,0
VEN-02866,18.78202933727698,2.8538426956532987,1.2236071142170213,668.9792837259681,20.82333249997709,0
VEN-02867,10.0111395167914,2.5235326499198263,1.0691129875188763,771.3814854819401,30.10637976681125,2
VEN-02868,17.251616882658986,2.0519271538494395,0.5026115689183852,801.8940849619913,95.01341938482857,1
VEN-02869,19.287192434664675,2.0671814745921284,1.1230974677741123,739.014159994633,49.5002598693087,0
VEN-02870,-9.682760665198971,1.3232003690862972,1.1141849583639698,701.0645717736517,31.862673577200315,1
VEN-02871,4.516298748648101,8.095092069308448,1.4513530090964804,900.0,53.11238214600909,0
VEN-02872,-0.0113080303068056,2.194206648142061,1.0911495948294043,693.7874294806742,49.32344503581647,1
VEN-02873,-9.583891963182992,2.1622872174954555,1.094405830892527,674.7948306764068,52.111688345457786,1
VEN-02874,28.200621840677996,1.45777685778637,2.452805340388425,747.3008573838994,44.5382789879217,0
VEN-02875,23.16789910701152,1.6329401795154903,0.5699672064897495,535.0094657607718,42.109067360105634,1
VEN-02876,-9.206198680237966,1.525214840258151,0.5927029517413019,638.146816203984,89.89141559720224,0
VEN-02877,-0.3365601787589067,0.8883741282536898,1.4565836841541038,666.6633846477889,45.250300644601055,2
VEN-02878,52.75836658209059,2.676828613695272,0.6547266685947973,634.6417884361075,51.76747772742896,0
VEN-02879,-0.9989041928523754,3.3111802865219597,2.440135565006573,676.1784082859211,59.001620272733255,1
VEN-02880,-16.8438302168925,2.7642708125773297,1.092057869670365,646.4977607600185,5.0,0
VEN-02881,11.261256403603609,0.9323129848821364,1.7230679297059543,711.1489359584361,47.72389972891824,1
VEN-02882,37.31801521213106,2.752486753640288,0.7540294607298733,675.6656343082741,24.81271915091622,1
VEN-02883,15.324018157961929,0.9568379673179288,1.4579523724890169,685.6009406855604,81.27239699552638,0
VEN-02884,26.02343324991579,5.074364789795869,0.8495602776662513,645.5468376347529,82.9319477916604,2
VEN-02885,-5.318554814179592,1.6309726717387325,1.3424330059219036,688.8215830844624,52.78495162493385,1
VEN-02886,19.03525884807225,1.4842900131566064,2.2329069139920925,610.0274578897373,41.2943752582034,1
VEN-02887,2.6231905897643624,0.8498493987061612,0.8739585252212517,653.8292376502584,8.561387891986094,3
VEN-02888,31.480692526105425,1.5302997466485504,0.5485974306729494,725.6192517600176,53.32491103607562,1
VEN-02889,12.131229525695936,2.70438266216897,0.9084238116440828,698.5503787632531,78.65085522690943,0
VEN-02890,42.524577904154,1.2844110819758203,1.2862467237348023,635.986795331484,44.36962004607086,2
VEN-02891,7.915723163751045,1.3641406758128982,1.549063040340019,596.1242217868122,99.16210125187168,2
VEN-02892,-8.79166487623073,2.014992740965437,2.483087622374835,747.6863157509766,23.57250840589022,1
VEN-02893,5.921164860565621,1.4282086503093487,0.8880684849817315,613.9068687792371,36.28883759357686,2
VEN-02894,-7.643726132352082,1.2500532486708074,1.155802555328006,570.566166808059,30.325472917295883,0
VEN-02895,17.698407756631717,0.996519174915228,0.983493488843503,437.4181115914059,59.392544281465234,1
VEN-02896,-1.18971280954909,1.0794479874106455,0.61118802452166,752.6354397110475,42.418745851728936,0
VEN-02897,28.48450846283811,3.165192579822337,1.4728173595311231,536.1287443534488,31.641290037164307,0
VEN-02898,-11.63444310786307,1.374836381262475,2.2164430113657603,628.2830594611634,60.875039310640375,1
VEN-02899,3.3865408083837423,1.7892497442370514,0.6625725033782166,730.729455052481,42.81119393614965,0
VEN-02900,-20.917993574602026,1.3506783497659611,1.0463036679040765,771.9450674443426,36.02649293287162,1
VEN-02901,7.208451388398953,1.493552816835597,1.2252440408530636,622.6246012266381,63.83410216171638,0
VEN-02902,16.782356165300996,3.1257951516209994,1.4305548264862376,807.9760444025161,44.82433271927897,0
VEN-02903,10.602964400715146,1.1523296559150809,1.125887923400583,617.4538762151578,55.28532420590636,0
VEN-02904,-32.6067348658421,3.5659780691085308,1.1384081591950128,796.8511721848873,14.824916272883192,2
VEN-02905,16.6274376478844,1.8291066391472128,0.5483670181142313,697.5742093981574,71.65162351849786,0
VEN-02906,8.420773569731374,3.1647049574848256,1.999627906493244,698.7964462692908,58.67712392256193,0
VEN-02907,-13.476217247591975,0.8095624128630408,1.3709302142500792,669.188686916937,51.092995977981566,1
VEN-02908,3.823112811015301,4.477058322288332,0.6756427893703935,744.5859899383179,50.87030416052122,1
VEN-02909,50.15189822286279,1.394586748110117,1.0590003800123438,804.5343332890897,87.6819922617855,0
VEN-02910,3.058981139114656,0.8864790471930352,1.1492752785394282,631.6880884292442,84.58378308282781,2
VEN-02911,5.990772866809111,2.225282093142725,1.4683243293556365,626.9807830733417,84.00811369648812,1
VEN-02912,9.40738639876048,3.369159110025469,1.2055060222676222,703.7758495180972,53.51063118289474,0
VEN-02913,30.11566394466217,2.131214010728452,0.9015374627247562,668.0922984877351,34.66929222945839,3
VEN-02914,-6.795899018563318,0.9379376404597576,0.6990740398363605,714.312852258054,34.48964677830935,0
VEN-02915,-29.74737888189501,1.1911258589008096,0.7274990716150334,587.2813405274721,40.69848765606779,1
VEN-02916,33.83358291131248,1.9588713959017343,0.7556569309814036,705.2121112482201,27.58017650679262,0
VEN-02917,5.891621939608894,4.517698148677552,1.414289813201857,557.6037557495378,36.82445684755616,1
VEN-02918,-3.209236776591481,2.182400811886062,0.7924750107780486,549.6915877471148,66.54255546655311,1
VEN-02919,28.90838549684281,5.109605930159882,1.1557839923285471,815.8050842852085,16.100289259223644,0
VEN-02920,25.56399259449041,1.6924499298810147,1.2957437382308952,762.2835766368422,71.87102606603213,1
VEN-02921,-25.027904237192423,1.6102611628479506,0.737032008357959,863.692830165137,59.78437352633319,1
VEN-02922,8.588854542172573,2.858625205897676,0.8871066893818081,699.2540726775458,77.97820872427472,0
VEN-02923,-16.6236914097166,1.3832636284077742,0.7640187966369968,591.415901599014,36.25677686549561,0
VEN-02924,11.842303655000386,2.747677536532529,1.0094436859430456,570.8820531469386,41.99527539046414,1
VEN-02925,-18.664289129372587,4.140775860385139,1.2658176586377772,697.9604871264789,79.9739485638839,1
VEN-02926,41.2016719711494,4.65643458101303,0.872701718162269,661.1950196983801,45.50642045575535,1
VEN-02927,-0.8968575436152735,1.716678768948181,0.972961702581353,662.0550894125695,65.51008585699248,0
VEN-02928,-3.7800871022287055,1.0582754840037478,0.8368937501448923,667.7418006102413,76.04977853563595,0
VEN-02929,9.779947775606782,3.029520726035624,1.1378899873561588,745.802770083136,91.91356132181836,0
VEN-02930,7.328233333239464,2.697237778156899,0.7350690461802597,609.3343262383518,51.83831241875902,2
VEN-02931,0.1019947310563145,1.5611057796061134,1.0499738072461864,707.0003098691789,69.45439497116624,1
VEN-02932,7.778158716192832,7.98063382606768,1.0715209240763752,682.1500459793125,23.891905721944468,1
VEN-02933,-33.92209853991096,2.3947073061569077,1.3495603239724367,643.706372934804,77.896554684305,1
VEN-02934,-2.823193703054136,1.460818402559598,1.212596434096364,563.9769217613906,45.22936114598552,2
VEN-02935,27.184014283890697,1.813218938572608,1.021342390235907,668.0308462691014,33.46896767010394,1
VEN-02936,-29.928080076375764,3.593155900653932,0.8758175878861182,776.2834485377415,65.11282033582174,0
VEN-02937,31.18484301408964,2.920927523289888,1.7167888677904488,698.8785003784623,89.87607975110947,0
VEN-02938,-24.98240658976687,1.2837960553287946,1.9988071431639605,605.7605962758039,5.0,0
VEN-02939,16.456628251801764,2.710961509032937,0.8176033722193364,546.4961859155591,59.58014082601164,0
VEN-02940,6.63604334374182,2.636665955849681,0.9697227423935868,637.6612750090354,53.74473876202224,1
VEN-02941,-10.516033041115652,2.0214396889303377,0.4799234525445059,522.6792467392718,61.49311768751118,0
VEN-02942,1.6819277825682937,1.55019320151511,1.3491862069547913,657.9515006599913,36.872706944391226,0
VEN-02943,-4.6319780080269375,4.350658992131078,1.137490419965434,770.5519637157623,35.141412987233096,2
VEN-02944,-8.309478446179224,1.971060458160624,0.7686302668772118,693.6923763164515,49.84277347551664,0
VEN-02945,41.94877770907378,1.926044745962126,0.8731899175486981,694.1225436247214,96.2210785653568,0
VEN-02946,27.95118556847256,2.470476249767901,1.8607256334408564,604.8990488265597,40.509058859332704,0
VEN-02947,26.15329783872573,1.8133284691246965,1.0516068540617267,558.171921553552,56.94029625710432,0
VEN-02948,11.538208154171528,1.9124074785505143,1.6485176250121794,448.8950603198759,23.492876083703283,0
VEN-02949,3.099790424441544,2.780342085139542,1.8678450836860312,676.4436410350295,67.68667475759231,0
VEN-02950,-2.7316137314667426,3.8645573472250794,2.111555205146014,614.0808899381826,83.28375907103226,1
VEN-02951,53.248017109714205,4.122499869441792,0.9735947083977609,714.8362847949535,57.98683773878429,0
VEN-02952,28.95028820910529,2.903621314269717,1.1359839462596524,632.4571557758483,27.703304460832943,0
VEN-02953,13.19311121076257,3.441443055374272,0.7177616064085784,595.1254498947394,78.5572379108405,2
VEN-02954,0.3390645074533935,0.6872003735305675,1.3845573764466204,666.440029049123,31.41391108682495,2
VEN-02955,10.79981341641816,1.652313042242001,1.4729231875518327,814.9313200111637,6.544391701051126,1
VEN-02956,56.740836244434206,3.525291196622082,1.2210250221694765,736.8357850683525,37.62961301068378,1
VEN-02957,-7.131564502316479,2.00372957043646,1.2923021706250055,679.5474320273242,49.26610966807774,1
VEN-02958,-5.917623315512927,1.022425335321748,1.4554840706558827,541.1054576161437,62.41673177972382,0
VEN-02959,31.918656889720097,2.129890394545757,1.0670356676336337,713.4408794401169,56.87104149027175,0
VEN-02960,-13.652422525094472,2.2915201542515677,0.9400005083209048,589.488982424827,53.39565406968934,1
VEN-02961,-28.807175881588183,3.727426221170641,1.7222762070308164,802.2210600497201,89.20727320198097,0
VEN-02962,29.36557455656957,1.6394867102658228,1.0274427166554323,703.5815104288981,80.69683408913723,2
VEN-02963,16.246959362912023,2.104414152129746,2.0598847825217947,528.137459678705,5.0,0
VEN-02964,19.769967065516774,4.834186662536995,1.6333062779473029,683.7312223010483,27.76849527132244,1
VEN-02965,-7.671836204886453,1.3843473653604124,1.541555437772245,692.5019396481962,27.90373482522468,2
VEN-02966,17.089826330546945,2.095193132045756,1.1347523574694147,661.3446055136607,60.11704127645893,1
VEN-02967,26.47726127763122,1.2052908137759162,0.9695473222664104,506.8893223594885,26.41040069391132,0
VEN-02968,-8.517850404946813,1.3606918286765568,1.3100920108073395,586.1381775443058,62.13914897085975,1
VEN-02969,-26.565721706874463,1.5268449693522994,0.9965329121403248,766.0785603202806,29.9741655201928,0
VEN-02970,1.5369677730964248,3.403479210550642,1.0685346451123514,772.1023347754144,20.32339407487044,0
VEN-02971,-18.63301165986028,4.677680212448391,0.4709267840075592,687.7556115530144,56.70833597170076,0
VEN-02972,6.191411145675771,6.242731689594282,2.137407813675439,766.6623060158937,58.11126037905077,2
VEN-02973,7.173963507092894,2.7139889087683806,1.388881494350639,737.7754929084472,63.14365057894099,0
VEN-02974,6.95504211901011,2.383435325243454,1.0775588910105458,795.5865728915494,77.27215970435626,1
VEN-02975,-27.87883079353069,3.285948986116173,1.2135475438362864,737.6455596885523,50.33989382396626,0
VEN-02976,23.30940298419448,1.673306995541759,0.9332066483890348,624.6960178921788,62.668413630228976,2
VEN-02977,-12.523100040290668,2.017257625368367,0.6346624942177499,826.9936477574322,23.61000020989797,0
VEN-02978,47.47415562115028,2.1034982437372256,1.4898193128967203,640.1693515080195,36.70282025953585,1
VEN-02979,23.08877959606097,1.8813590389763173,1.5564823074965823,632.8350820810426,50.71918148383344,0
VEN-02980,18.818365658422035,2.383248549730946,2.245314322382312,662.3187807764392,61.121335752205,1
VEN-02981,-2.1591559069351653,4.135800060668654,1.1025954788337675,677.8360904620434,46.00551554440364,0
VEN-02982,39.43491896443002,2.496276522311556,1.1291461800301523,576.4199184326889,80.29342173431994,1
VEN-02983,31.91975849641426,3.1431791913595024,1.79869358439334,767.1139286252712,60.25734673029884,1
VEN-02984,13.980981206486357,1.4315358195811885,1.7519340702318476,585.2486384463793,42.21171507245002,2
VEN-02985,-3.4434756551751526,4.4317353941371325,1.7331089889924405,745.0135279992161,53.77035338728421,0
VEN-02986,19.452859683410548,2.098316186974287,0.8709647134047094,694.1905263228765,79.11791847402051,0
VEN-02987,24.71269198835233,3.123961517021029,2.339984405601658,866.2176946107923,72.81020567708283,0
VEN-02988,28.079006164804383,1.2580120698342725,1.9015891282457675,555.715464911137,57.58000378580861,0
VEN-02989,-17.401083044235,2.7800953369115926,1.0595512014632489,739.1827208530323,76.23179434736939,0
VEN-02990,0.0173273069824961,0.9754510558385382,0.9800982580483468,645.6092419669277,40.576680069943016,1
VEN-02991,-17.060426682094473,3.7535540318567535,1.719656290102116,689.7850434809964,33.077149089375965,3
VEN-02992,25.45996295430182,1.4677130942651162,1.9801707598919185,697.1211083357963,45.59664553161748,1
VEN-02993,7.103498209176834,3.4132256259697806,1.615444336883403,633.4858104333624,39.26087299958143,0
VEN-02994,8.398091496032201,2.695639321698092,1.265864412745505,590.8239903968077,50.93064550615494,1
VEN-02995,20.05996303312236,1.1407586490790225,0.679979336942007,820.4830770876437,50.3072434317081,0
VEN-02996,5.936812136103334,2.516313253399136,0.900609441163546,634.9758859794848,65.33888104664376,1
VEN-02997,-17.454199912589992,2.3546309643652696,1.6234542420497051,692.3209908030946,51.86684481798264,1
VEN-02998,33.286069518692585,1.990101941548536,0.6803596863216207,681.6641827434785,58.40373452377108,2
VEN-02999,38.1894166449056,1.6926175764539797,0.617695882590695,676.8191444365656,69.09578926123439,2
VEN-03000,12.03623623451582,2.333819941431136,1.380448979528178,896.7353342868348,85.78585645441501,0
VEN-03001,22.200654100416678,3.216863979465083,0.8695510851493162,562.955379234158,20.00807573194068,0
VEN-03002,30.106351685437875,1.865651027588762,2.629633596011889,773.354342903942,52.66730990157516,0
VEN-03003,10.863747010484468,2.604997726026068,0.6273684928896884,697.2444025277856,119.71332569501445,1
VEN-03004,-4.3738551998973865,2.105862782747346,0.96330730504681,620.7759954021915,44.18888672635495,0
VEN-03005,17.44044531139156,1.9301818106826745,2.065902236209599,614.6319729595923,62.706396937194114,0
VEN-03006,33.32799352490785,1.2019059961164764,1.1083326908058784,694.7463526224217,77.04314037462879,1
VEN-03007,28.077539572561054,3.158516964878691,1.0037682500785874,638.3500713848906,66.55180943127519,0
VEN-03008,13.77057915529032,3.211052872885754,0.6670461943257392,559.1388212505813,40.00653240342341,2
VEN-03009,23.7705896325878,3.335340752806831,0.7577632843489731,754.571994649401,55.27615654302418,1
VEN-03010,-10.95116316252804,1.8942103035220816,1.4090772870080384,477.6652463162248,46.720819065438285,1
VEN-03011,26.42093490033784,1.5236105922131655,1.452183751186814,702.1548862283981,73.33123233632793,0
VEN-03012,-14.56694795423658,2.4780998878007923,0.8721959305763012,867.0833847383716,82.16220294934517,0
VEN-03013,23.54169913583229,1.931699729989843,1.2183658777174824,712.4134106844261,54.294170678552376,3
VEN-03014,-7.959304510881603,2.8910454526941125,2.037383222977546,518.2387180743772,79.73960064492053,1
VEN-03015,34.806022245094084,2.412985306729302,0.9981958171082616,653.7495453018494,37.38024786808506,0
VEN-03016,-29.403191280044204,0.9900241464631702,0.8433644518825579,604.941612841889,38.03493585966915,1
VEN-03017,0.5695292182842273,1.654120774952276,2.0687419941381657,692.3904255666974,12.917272103127443,1
VEN-03018,-12.841850964393142,4.73277615861523,1.2223814760572906,738.4907214809282,77.21238079036209,1
VEN-03019,0.8034509048058922,3.8409867820110657,0.9627926820978068,747.9068976111014,36.24712714018691,1
VEN-03020,13.36126082390453,1.820020730228037,1.927596346129709,799.9343516200477,61.24582934598631,0
VEN-03021,34.02839367079034,2.8297185458905214,1.9767154284967356,579.7154112375024,46.763641027060615,1
VEN-03022,-2.614255276898275,1.5993620507067905,1.029472943542622,597.9001745973382,82.46049968574403,1
VEN-03023,0.6733318252861018,1.1172818685765158,1.261438352944788,666.5004930885118,78.07045559354283,0
VEN-03024,12.383269838720167,2.4193114475248487,0.7122860119175631,725.2919853463669,62.56024521644039,1
VEN-03025,-24.50843336141013,1.0233391647564494,1.5678850852360855,517.5405115866143,44.209391402218586,0
VEN-03026,16.151708071890297,2.167008710611908,0.9096165253773244,693.8052962410158,26.78619795754663,2
VEN-03027,41.536001627603945,2.11331774265826,0.6005546943927986,749.4745846909732,40.0739213748936,2
VEN-03028,-16.71996530462761,3.300104989021463,0.5579024255188532,838.1163831973995,52.60909555578091,1
VEN-03029,3.644952467490084,2.929322693220775,1.8554375249609367,692.7723267289415,44.60295503346472,1
VEN-03030,-5.4674899252676905,1.82986500175159,1.1356312772170278,513.648210316746,46.25569488575098,0
VEN-03031,10.537394841273946,1.3936413464748922,0.5950037507015611,746.628957691109,88.13214804638997,0
VEN-03032,0.2668415019729799,2.5236684471724096,1.0772785436228578,651.2133506532979,29.023736096899555,1
VEN-03033,22.458020636082274,3.5577452258001734,0.9234195651624588,821.6200864556229,34.54106305020018,2
VEN-03034,17.91445448919913,3.277868141192174,1.4944879485887843,661.8549230406326,31.952142361715406,1
VEN-03035,5.772440461980187,5.665840812177765,0.7678133784442659,509.1344325118263,61.3175655953136,0
VEN-03036,10.015128568269184,2.197341113349717,2.08643647209288,555.3829030870496,51.1370976683005,2
VEN-03037,21.46311621273501,1.234108044938862,1.4272936625078467,622.6939452370443,73.69081386555754,1
VEN-03038,4.2597833727980365,2.6185949702159874,1.2828848845894238,711.4120462713771,42.04292830940352,0
VEN-03039,7.673828946501972,7.053565422015714,1.1887002125644903,758.6546769496215,41.94812459194328,1
VEN-03040,-1.691045410042002,0.5113177439621915,1.05529756643865,651.4920556529667,34.84818926674572,0
VEN-03041,13.1842965997974,2.687930113733257,2.645309683072729,641.574641939194,54.11556905978347,2
VEN-03042,-29.53395850250808,2.879638431254372,1.0238351129847805,711.5867584456032,79.05959688301397,0
VEN-03043,-20.564036269705745,0.9008526170093692,1.4135138886478091,867.3675236470403,5.0,0
VEN-03044,37.68944352448154,1.876109674939125,1.0573386635079076,668.7504029111884,16.87586018206118,3
VEN-03045,-21.08016463485712,0.5713177908879771,1.0693359861742615,765.2273613520467,67.85200166275592,0
VEN-03046,39.90843942880175,1.3966527145254597,2.7994586630604994,784.4974933806079,24.12681703331818,1
VEN-03047,-18.52354580383456,3.674935017396829,0.6156111465154541,662.8144618501941,52.34510263129363,0
VEN-03048,12.505788222969,0.7041764807834454,1.173930414099126,648.5508266953312,68.15567198090307,1
VEN-03049,13.159103966072028,1.421469075636397,0.8591578678210617,758.812378838122,71.21404008089408,0
VEN-03050,12.295020371822956,0.7492575483142149,1.3179215447386818,829.0031170633014,31.162214743757,1
VEN-03051,2.932018762122396,5.61046643796754,2.020522127519647,616.1902140399839,40.95603120078399,0
VEN-03052,3.114282471303267,2.744256282420381,1.7911306479966278,610.2052395862495,87.30105037357475,0
VEN-03053,20.332937191903312,1.8504484532757723,0.925823408130843,522.1362679664668,66.39849131917248,1
VEN-03054,-6.150236923199797,1.2479374810059327,1.4002562234955551,743.2569326542903,29.846766287348903,0
VEN-03055,27.417330638729325,1.9796892828306871,1.3235174619688927,771.6496388171995,122.17505621598043,0
VEN-03056,-14.94444807202813,1.7338008444481627,0.5238090933865136,678.2531417751723,74.81289167509885,0
VEN-03057,-1.453148432965591,1.639295547108144,0.968806079046229,817.0609066316978,38.665101367699904,0
VEN-03058,34.23309604199433,0.8203164210679933,1.4353587338751426,631.6906311711876,99.37728997385992,0
VEN-03059,-9.613076193422234,2.443131895768873,0.8816850358415622,632.8111124966066,37.11071991655741,0
VEN-03060,-11.0393347088667,0.6485745178273525,0.5148805942794769,489.7772623258786,71.91803820806376,1
VEN-03061,7.187677621300191,1.5200090055792053,0.880216164395144,711.8755620342058,77.98082516161023,1
VEN-03062,-15.48568110175708,2.133616530584509,1.936488598681812,573.815499347493,73.98063378975255,3
VEN-03063,6.193462668123962,3.5460554347229767,1.3518558365687714,756.0584022256348,24.26803901063505,0
VEN-03064,-25.587569770604222,0.7566057365270734,1.213736749134763,680.9926192554819,31.909224671637457,2
VEN-03065,7.753836443321064,1.9483678892839968,2.544655073512988,756.526116347375,71.24107716054014,0
VEN-03066,25.13055896724569,1.843209741433752,0.8999780019063027,709.7353888909579,22.37149701835932,0
VEN-03067,30.96025955004893,4.443768109472068,1.2287434483006416,771.1509823046506,37.72958067421543,1
VEN-03068,-11.734897791959966,2.318375196905718,0.7963746018900741,674.6770519472301,65.86579410127231,0
VEN-03069,-40.37913172309435,1.162651906890271,1.1054362408492184,694.9758256767747,52.87312931497882,0
VEN-03070,12.840467142092086,1.523075097114896,1.2403679605337994,724.3020866887928,24.90687652285416,0
VEN-03071,-2.51406985666147,1.1792875891385082,1.3647727629318722,589.5617126246879,40.08917579117005,1
VEN-03072,5.44542792045173,2.3770189012299925,1.079666286834616,794.4449404511815,48.661002598054864,2
VEN-03073,11.008540778091536,0.9722005516166984,1.399541413007917,615.8277054795415,82.11981531025252,1
VEN-03074,49.44062660331021,3.150346674821416,0.9180390671128544,647.6737862794408,112.4945079266432,0
VEN-03075,36.07544557824711,2.412594023112965,0.7660797481142971,820.1376700166107,10.363945185577547,1
VEN-03076,-7.270928580285801,1.1517715406320637,0.600208174906914,663.7859933084264,59.63641704896673,0
VEN-03077,9.29016721788112,0.7941247744414982,0.720593989834236,703.5933312109004,90.8533703460137,1
VEN-03078,-20.270689002299576,1.9474353003789544,0.95982312411395,641.3454412932917,26.84248954055126,0
VEN-03079,7.531941652922709,3.282222383345395,1.2391561587688469,643.9022431391805,52.98356882529273,1
VEN-03080,17.519199212458595,1.578778518124737,0.513260644154124,674.6967059587715,37.66165690303208,3
VEN-03081,6.09359666985435,3.725202399798391,1.6774900378231887,646.8273787585041,62.07305965111941,0
VEN-03082,-24.058547872609196,2.358843412219592,1.3572859981830483,630.421506909581,34.40993585594806,0
VEN-03083,36.77433588957398,1.4408085328872786,1.5190681169520823,505.569429440654,13.663212644143869,0
VEN-03084,-32.615289914169345,4.573199041673664,1.0501468349758174,776.381343185963,75.03087753822287,0
VEN-03085,18.680640551754895,3.752315036477551,1.122721188950745,842.9285371961076,74.8904298330607,1
VEN-03086,-17.559584645443024,1.8791668343270944,1.4088422811295758,900.0,65.01387628780675,0
VEN-03087,31.478826018502208,1.1522125669131718,0.4916924887723878,643.9830887434366,74.90800746498482,0
VEN-03088,4.701479869867849,1.6163208514212768,0.8750671557605888,488.698641573386,62.60844965025355,0
VEN-03089,-32.852662392788886,2.6308920703757277,1.2820746219808052,528.4585949384576,37.93614347439341,0
VEN-03090,3.183958002598363,1.0147025483298666,1.1690779317965343,690.6163725112679,43.5825157506667,0
VEN-03091,5.344160070638926,1.161057576167927,1.795477384378945,596.2973851342912,24.853354620061307,1
VEN-03092,-17.32479225314795,2.962952028863024,1.1242702087941083,678.6442587773137,38.27427486004649,2
VEN-03093,2.712479445977829,1.0535414156531406,1.9334455468007925,689.3722906401944,41.40682096252828,1
VEN-03094,-1.282961719600923,1.180874441596269,1.4016309612778644,841.6398910378695,28.90326396273472,1
VEN-03095,32.58331916501815,3.6040373563978143,2.106558115811815,618.6435173077678,20.286170787691496,0
VEN-03096,45.399917010908496,1.090425412587273,1.6901409344091671,609.6721524061409,60.95882591750849,1
VEN-03097,7.824311876349286,0.9779185694173292,1.3812987881256318,672.2851818675755,74.68706002591749,0
VEN-03098,23.01979925254414,1.0964092096398292,2.0982708564668804,809.3030779385379,30.630959587017724,0
VEN-03099,-5.363935887602112,0.4705147889949521,1.2265662211541446,638.612062085613,69.30406780021274,2
VEN-03100,42.94789387118059,1.9470307805330351,1.7220660247680404,731.4794177600274,42.73150147674406,1
VEN-03101,-35.67747968940155,1.710713559023035,2.2176485377452777,422.8856482518417,89.6407113794785,0
VEN-03102,-16.27904060635359,1.532010949482299,0.8647680706535193,689.510813067708,57.86099919970641,0
VEN-03103,-17.86904870933177,1.3489967920395562,1.8081728507480552,730.32881823957,68.08485895434565,0
VEN-03104,35.71532772376041,1.521619870259267,0.8862905781224684,700.7098921416632,35.468371757079254,0
VEN-03105,26.1877296395944,2.141199776955077,1.4902085098507931,577.0644219112672,61.069860742316,4
VEN-03106,6.043024406815777,3.724994678735946,2.088010061151348,560.9764164302994,75.48533560429127,1
VEN-03107,28.56759615074913,2.267638827999526,1.749501086811243,729.9309930684058,47.2142932690094,1
VEN-03108,13.76256462181314,2.843037587457826,0.8325360208948577,888.3152760928057,57.675386613604815,3
VEN-03109,-5.731019082711656,6.092955778724623,1.0501423266056555,737.9829879997919,36.7231811127651,1
VEN-03110,11.875059333663993,1.3136602696750663,0.4700278189848637,869.184939445049,29.218942146357996,0
VEN-03111,5.366395027745224,1.507470951614717,1.1302300953572448,817.2775779231864,66.67613511468895,0
VEN-03112,22.159598086969368,3.1464033065094275,1.4484754763919214,702.9024518860365,75.0977774542038,0
VEN-03113,6.504755225050594,1.209785580711645,1.504662756752081,611.4249455276674,64.46624635626594,0
VEN-03114,25.814554630661664,1.035899882514661,3.1836170916895283,837.9550936814726,64.88615000408313,1
VEN-03115,2.245702862406766,1.0802208950928107,1.8997520035226336,669.9302716582566,113.3472973920552,0
VEN-03116,-23.068186574104512,1.532660718853098,1.2150330156803424,797.9927504408449,28.161732496017304,1
VEN-03117,-3.576056345955145,4.91422012779049,0.7460389548249183,612.179095676408,53.63083338565016,0
VEN-03118,-24.70573358660809,1.106840670536802,1.5842794904581912,514.5574466083087,13.33832017627006,1
VEN-03119,-0.9487046820289288,0.7700903190416213,1.3639193331357211,679.7604160287893,7.808986118669871,2
VEN-03120,11.42256533691921,1.9396709916535837,0.9095677937365432,765.9999928061286,79.24935840452406,1
VEN-03121,-7.5115260847332515,2.624618617755802,0.6476665663064108,665.654610137601,43.95340543624613,1
VEN-03122,-0.882832397103595,1.6429232113284458,2.196592318909741,776.4541796712301,63.90250472897746,0
VEN-03123,-23.64049630585812,1.6925713306450507,0.991945603389802,775.7725492672989,12.292156962189914,0
VEN-03124,33.394806789319205,1.9187779351982075,0.8440479980177822,555.1509999355222,90.19129805349276,0
VEN-03125,-19.531059878717823,6.6089899239578696,1.337795329829699,471.28751930473067,44.609608316965335,0
VEN-03126,5.044664183706603,1.9717102185423645,1.2459138578930675,640.5201906222783,43.58034927167032,0
VEN-03127,-8.287730222144688,0.8243216324075658,0.8674930869436581,633.3342470064804,65.95991200715169,1
VEN-03128,-26.53990909624067,2.9147354579342406,1.067876901067769,900.0,38.630812979653626,0
VEN-03129,-42.86367489504892,2.443476327277703,0.5454890684494969,625.3778381545081,51.02566411348967,0
VEN-03130,-12.209755392843944,2.7512793979987022,1.0125742604528198,771.4776471997485,31.30738928474486,1
VEN-03131,-22.79583643376668,2.44391251577002,0.5393510565033631,707.1036364501732,66.65849373206999,1
VEN-03132,-12.846558799931646,0.971900322600098,0.7673524192022622,812.4261706384593,62.76713373954233,0
VEN-03133,-3.1039925246139117,0.7580383986846884,1.3196769946679163,574.4836728660055,80.81468526058465,0
VEN-03134,-10.588436913147468,6.255008349958627,0.866170626085913,613.6288017175501,67.16022704787011,1
VEN-03135,3.750387108189488,1.3231664609266611,1.2174701686066558,585.7055980474214,52.13360748404981,0
VEN-03136,-1.3155769738629193,1.9849254436920551,1.1388981729247811,602.7315854786044,56.92702412644765,2
VEN-03137,-2.965350990939875,1.9823181209119929,0.7893457095767047,600.1473868583342,84.7963761558749,2
VEN-03138,23.67604356492448,1.3908342357295027,1.2800272603213438,622.5224405172941,82.34618355331418,1
VEN-03139,2.5684323731350625,2.890531777554319,0.9654397991789284,658.4484732172094,29.78403978972122,0
VEN-03140,30.45157681703397,1.535836531439818,0.7185652858475506,801.8759979544129,30.719584645033983,1
VEN-03141,-0.9280882956279068,2.1885150222182923,0.9673590883275416,635.0766496695625,83.98372260873867,1
VEN-03142,-1.075723174224759,1.2806280209032956,1.2278736638781356,541.4819245846265,36.450447314899165,0
VEN-03143,-14.436945286922304,0.5748204688349604,0.4639197816424488,401.6935351934341,69.41856514335731,1
VEN-03144,21.056590043863864,1.1421345183609244,0.8776878601633004,593.2103216390808,74.58875570802422,0
VEN-03145,6.71789848629564,3.49447024743118,0.5910336441417516,650.9870140686162,45.69347756137316,1
VEN-03146,-12.386478811047546,0.838978300700932,0.916031782316126,557.7317831167436,58.619682515153,1
VEN-03147,14.40059364254975,1.2768564655441883,1.0721103305995945,814.7495562701758,37.67860155029953,1
VEN-03148,10.940186166580029,1.6548587376587538,1.6780596856628345,693.5462311179379,6.095086902320517,1
VEN-03149,41.72165895946817,2.4814659691215097,1.4047116888218762,729.7181959411387,61.30784657899999,1
VEN-03150,0.8312737848171539,7.147242931617025,0.7962461239356621,633.2283766054567,58.19574842607528,0
VEN-03151,11.337528894122377,1.5847819523552478,1.7183764630233658,678.9473861042417,70.55601496629961,0
VEN-03152,20.38368483305557,1.267560589402748,1.0369218884006228,900.0,76.0113972494073,1
VEN-03153,8.480429855128735,2.6966621882113624,0.527975366948086,742.8289203900526,64.65642402508486,0
VEN-03154,-35.63738396035796,1.1465130678648847,1.5083832438157208,733.53735749343,40.4692614384271,0
VEN-03155,21.93376158183571,2.0374295710033965,1.4075221487633924,562.6188751201798,55.86260727451256,2
VEN-03156,11.211222671295744,2.091742088274049,1.2406993291176347,728.7519101800947,61.44803899109995,2
VEN-03157,-11.251086780879437,0.9539738849594616,0.739581928030505,702.8663365744341,47.73230138658991,0
VEN-03158,14.859404067870498,1.7294519892380398,0.6920753543976745,573.4978798231168,42.937962395161655,2
VEN-03159,-25.67937441869372,0.8903404207343083,0.7408489937067883,645.0660150897459,55.61161309889525,1
VEN-03160,15.825911028110546,3.0861599138838325,2.563033356343341,671.7842330385265,57.87092300289826,0
VEN-03161,10.641182881581228,1.3343535910662514,2.1735104954600835,637.9247671329748,63.2590548467809,0
VEN-03162,16.022387730656213,0.9181349438905464,1.957134572581671,674.7340913826441,56.56549912500303,0
VEN-03163,-22.821156861655695,1.4782741789851084,0.706637732133342,753.5118312523339,60.24862258434063,2
VEN-03164,-11.675280263398236,2.1705113283983017,0.7736969302895162,741.5897422094013,44.770154938452734,0
VEN-03165,-27.5014321861129,1.2451818591106305,1.0027550717575555,685.7250002435949,69.03093069320516,1
VEN-03166,-27.08253966128489,1.6196768309774436,3.1540851171259523,720.9004164983612,43.08074834958796,1
VEN-03167,32.98569444403697,1.1308089288125032,1.0990992823994223,660.7395134823308,50.41999795186,1
VEN-03168,13.543731569335636,1.7780273018861732,0.6230746434578966,666.424537968056,65.5524326500558,2
VEN-03169,5.597459916482549,1.0120122439786647,0.5696540882626444,549.1128509933353,100.79255618351876,0
VEN-03170,-19.206635581059377,4.015690106191572,0.7016418704904724,603.3669012643394,54.49171566457584,0
VEN-03171,-18.01540609761389,3.562696908975119,1.3909380374270497,646.2652012009903,57.22157187301187,1
VEN-03172,37.30725989809572,1.3083296177585062,0.843386308895504,795.3140789530892,59.761357961826256,1
VEN-03173,-9.165950658953893,1.6948210013890506,1.1935267519205748,655.1361345071706,38.45242722461619,1
VEN-03174,12.721156519096404,2.1974723552157127,0.5322123128183358,670.0130930959276,84.75493843017381,1
VEN-03175,16.783807083424406,2.217882024187212,0.9469693164680392,758.4193455071514,65.35637079670892,1
VEN-03176,1.1290527659323877,2.300908362712769,0.7130243901629895,650.2853185132162,53.832112469451786,1
VEN-03177,-20.05210785703456,2.5808351111755203,1.5970547366989458,653.5385919449111,38.32161583013226,2
VEN-03178,11.68041284939362,1.047508836641308,0.6170162730419613,717.4224858306916,51.634640593052886,2
VEN-03179,1.713587995305789,1.5764125661610904,0.8854810105264637,643.2264920466112,37.55833863137856,1
VEN-03180,15.347101883402168,2.44283914455302,1.4984297905414046,567.0846175720249,30.981583368610043,1
VEN-03181,-16.86884047107086,0.8659840135665113,0.9636112395951903,538.1837591255404,61.154131843063375,0
VEN-03182,11.464008484740187,3.877631401346056,1.8366692037436003,568.8240483345426,31.90998863862717,0
VEN-03183,20.21464655025304,1.4274252390893407,0.6936002292825602,673.3704461880923,52.68186274808456,0
VEN-03184,-2.3103614956693743,1.768482968417768,1.551058011698396,814.7574127103156,38.53726683593476,1
VEN-03185,9.537993216266509,0.8990976803745321,1.1119432044880455,498.7997024399604,62.525764331279774,1
VEN-03186,-8.217086139791203,1.7027478983671054,0.960266897111569,635.956199527651,53.24973052465963,0
VEN-03187,10.3792396286548,2.0186591288502864,1.2223490017892178,748.3303771151782,55.97155123913066,1
VEN-03188,37.70939282181486,3.680949728217042,0.4546303744093328,651.1759450530577,27.515971548508524,1
VEN-03189,43.83859879945511,2.672526469646712,1.412220188327741,700.6995780635872,75.56739706357365,0
VEN-03190,-18.725305898740757,2.2916036405015148,0.8480830128237661,648.2235780212668,50.012526711355406,0
VEN-03191,-4.915362728109365,2.4652358004150763,1.0925103696503724,634.6629016363362,33.516811506876444,0
VEN-03192,-2.6084606404778548,1.210114824071603,1.5230058329219898,539.3662299371296,51.6517610195935,1
VEN-03193,32.87179480723533,3.3394645726773846,1.314732971414652,687.6880649037186,53.36439377096309,1
VEN-03194,0.3114624816213318,2.830443308293187,0.5902595050494056,605.7535996192362,80.60216259643599,3
VEN-03195,16.70270795832964,1.0486080509677282,1.8959332343064677,682.0784588833036,34.97672358067403,0
VEN-03196,29.638584556473493,2.706035131159212,1.3210957878023455,615.7700354833299,67.46488474463118,0
VEN-03197,14.257039677153244,3.1855848447571584,1.8803300125602376,788.4432613841241,65.30188753633021,0
VEN-03198,-18.64373304143717,1.7009908425496454,1.2927481236344138,776.5631919151334,89.96527058329002,2
VEN-03199,-3.0075284445739587,3.026370312526326,0.8520573569570179,755.1355932825973,19.26298855141557,0
VEN-03200,1.19965157488432,0.7995002719873111,1.1632936011060848,492.16280117745225,59.12970525556738,0
VEN-03201,42.54494414120967,1.4860314141800424,1.0432680936026106,678.3554305722126,57.64468306792688,0
VEN-03202,12.48606692880768,5.02621462883708,0.9570353666813586,812.9603638032625,47.473736977319774,3
VEN-03203,19.356670184856355,2.397066082812937,2.430122920835662,708.311737917788,46.30725383883403,0
VEN-03204,28.898437078655636,1.3393702699806165,0.9699109510442256,671.9853498009684,71.93013414688096,1
VEN-03205,-12.816169116196663,4.422508994067503,3.26261098585788,741.4637616402979,46.5694258286324,0
VEN-03206,-19.21898163605226,1.61409950029329,1.4031773769141187,761.6447766285155,41.79493205243938,1
VEN-03207,13.282921913247597,2.522260163972124,1.2430698454329976,768.8337761696014,75.31585824819162,2
VEN-03208,38.35914678511739,1.402563569177782,1.51676480923936,735.7199265871777,33.28371171384893,1
VEN-03209,27.76238815293893,2.8616743572263297,1.216445299409434,564.9902282472059,5.0,2
VEN-03210,13.703409720329663,1.7561772010383925,0.4937715292390146,670.1487258305738,75.83199479080572,0
VEN-03211,-5.595231806354072,1.4126837465767763,1.0605929068124014,648.4469946582448,8.770617556924847,1
VEN-03212,15.120075649869442,1.5773948885521547,0.9998017825040976,739.5715381403184,53.36863029126261,1
VEN-03213,-19.260069797891667,3.982657994344237,0.8216379271516551,631.8018038694203,56.53641963097215,0
VEN-03214,44.27721616851355,1.4676857282521296,1.318653519683337,815.0230520165029,96.58154325852672,0
VEN-03215,-0.0379381702095642,3.7407552142564335,2.189354376383573,464.2462363174864,64.49815665397291,1
VEN-03216,28.18522809231455,2.792924415387162,0.9020691839231012,710.9682185218873,65.51642872234885,1
VEN-03217,9.850244423558742,1.0593946429844412,1.0459627963683225,753.2134383702813,43.31175575070458,1
VEN-03218,22.34489954154584,2.419717784150983,0.6630648269355248,825.5865963604324,23.51619578153343,0
VEN-03219,-4.521678926466464,1.98262775705418,0.5953024875470103,498.56669409694746,44.23971347227342,1
VEN-03220,21.45942615693487,2.0037758079523624,1.6080155690118108,620.4429195601612,8.196527873359045,0
VEN-03221,-19.83885960862364,1.0721077047416774,1.538910342454115,562.0610629997407,27.588612401023976,1
VEN-03222,-8.891756271459188,2.766897931635986,1.3132495810327116,542.7401257777192,95.38968198021811,2
VEN-03223,-24.60666163741704,1.9507186060213069,2.627461288236718,733.6728064535505,74.50807169767224,0
VEN-03224,-25.26393299823405,1.0847098720573458,1.3276445873682756,637.8758885551941,54.20907130771978,0
VEN-03225,26.79864959672356,2.4921920404121747,1.403768442169458,616.5327411784187,31.761932656600475,1
VEN-03226,15.345418393093826,7.01355897891221,2.530043498620916,541.4554947064148,44.61168184142648,1
VEN-03227,6.139634429348169,1.425322191821785,2.4676581037199954,617.0054895652693,74.71691392834968,0
VEN-03228,-3.072686061244097,3.2429529129525374,0.6547335780694384,716.4545807452283,40.625764994116,0
VEN-03229,19.204200095425776,1.4466034627709663,0.6805937426769099,704.1478690871958,41.01548252833927,1
VEN-03230,49.06071952118701,1.1357423772535775,0.9635968630010991,761.3099708766047,54.477852442521616,0
VEN-03231,-23.382534056063005,1.4065438602201514,0.8447990603645668,806.6243356771585,64.07675360629256,0
VEN-03232,-5.962719772901648,1.4163592208072835,0.6798623904837418,528.2985554218849,19.990692153300444,1
VEN-03233,-11.018913429110036,1.161822729375538,1.1244004555544205,702.8913260021206,19.59697804182485,1
VEN-03234,20.37901133534986,1.4861089662300804,0.7633480857677325,749.4153112219262,5.248956381292153,1
VEN-03235,20.907925798853764,8.919506230612846,1.6205374795369771,706.3361422709343,52.46381405608559,0
VEN-03236,7.470032392921393,1.693661537270818,0.7638809103311173,644.2140930569237,24.41141278798044,1
VEN-03237,-8.414050044759799,1.7359785392434304,1.0166910872291663,404.67551238913967,51.58229145874058,0
VEN-03238,29.03671665184156,4.169366669276441,1.7945714391016845,704.0241282464663,67.0360821813492,1
VEN-03239,-5.510423325780764,2.325330459023452,1.1634387668923665,628.8306994658058,36.32958229196315,1
VEN-03240,13.069447498840884,1.3186011984662112,1.4506568074138613,746.0347498553101,5.541993258152871,0
VEN-03241,-16.939730943058166,1.5672230844360056,1.5002488714208937,643.2837851708613,47.035944540713785,1
VEN-03242,-1.6308482738273495,0.5625829130869233,1.1493310472480394,674.5984437295574,35.10508429067614,0
VEN-03243,-16.535509898549492,1.6370169557627343,1.2356368743239117,630.7351260901099,69.5108887212083,0
VEN-03244,22.95212813265377,1.1817142167233718,1.8107151108991195,694.7866177714793,51.53336901827532,1
VEN-03245,-6.148809082406514,2.1072424361062514,0.8898283593206907,584.6450483816493,29.06204441360608,1
VEN-03246,12.184725289850936,4.1694956268802095,1.298717012056611,584.0486723674891,80.12848691955605,2
VEN-03247,16.94296671593247,2.730528918601164,0.7100065440012436,704.7346493138278,32.07900134336802,1
VEN-03248,4.322175169029126,1.3483535443614705,0.7912043514548726,585.680509126409,26.20440280320213,1
VEN-03249,0.9933663583033604,1.1537661496443543,0.534202549925051,625.080757540333,55.57727307561978,1
VEN-03250,-7.410278033373828,4.762630967630403,1.3436607939901115,640.3806486689671,78.16930832253084,1
VEN-03251,7.281746726650389,1.5625244043816937,0.858925270877766,736.0759955402273,31.622540357142707,0
VEN-03252,45.919273082348425,1.4710953305126069,1.844759387466394,615.1528191162117,64.77613638060033,1
VEN-03253,14.295405758425634,3.289055102370164,1.12923055922824,685.8387174088922,65.93506483998895,1
VEN-03254,-4.305239488091047,2.47066028938772,1.3031130680770526,861.9009661732222,50.73894004842143,1
VEN-03255,26.93036705092759,2.178313829039761,1.4956934625426803,552.4243588579916,56.21720853848373,0
VEN-03256,20.965687606221422,2.368411319686533,0.9373816255948476,641.0719049955834,51.74349399853246,1
VEN-03257,10.554003400416178,5.442372642022211,1.077403068785184,712.3010457268446,68.61748181780303,0
VEN-03258,-9.107949994082404,0.7112670008183142,0.6469054228484321,553.7390341557254,38.71684070061701,1
VEN-03259,3.3463263130660463,2.801090077108798,0.5125724631674311,399.4621416297732,70.56392409346563,2
VEN-03260,51.85484960967711,0.8763602866635026,1.7823717481620298,610.3988133077222,66.11227857344359,2
VEN-03261,4.249856868326322,1.515935332595245,1.0081796545641522,721.1810601083931,109.51162177125052,3
VEN-03262,-8.150059385218391,0.7912224851619122,1.0915280757618415,555.9737510992097,85.18089572310312,1
VEN-03263,-10.085385675888563,2.4247495741714453,1.4348626323458158,602.9404616036256,54.38314120133361,0
VEN-03264,8.659999375777616,1.539211464481835,2.86342619162422,682.9922863188128,33.196532760204875,0
VEN-03265,13.265162603930468,4.064486271348486,1.7988686029108492,838.7001969237547,63.48031849578469,0
VEN-03266,8.091871992395827,3.975344149230033,1.7965339527244937,707.7839057661298,64.21112792547905,1
VEN-03267,15.089251123300064,1.1405407734341173,0.6625954424987298,643.1333726887293,38.23197227240584,0
VEN-03268,-7.526997665302359,1.0090802437601645,0.7980813876746125,717.936832923189,40.88769605323682,0
VEN-03269,25.80900943825256,0.9734596905848484,0.9408934386409002,758.1706184489356,39.37065988829783,0
VEN-03270,14.031520406431534,1.4198917932875377,1.8125925066844897,734.9775192464896,90.35861586368894,0
VEN-03271,12.733770302071267,1.0864144028183484,1.0265295031863095,597.5475518405146,79.65771712127336,2
VEN-03272,7.155810188184328,2.20468880138713,2.113648384880015,619.2019065865774,41.30870197405899,0
VEN-03273,49.19774787248447,2.663036749785016,1.3081919247845444,642.7638059276363,59.6061891424923,0
VEN-03274,-1.500895724422266,1.0175485785532388,1.6554842610325409,673.0064352778957,32.08654797954195,0
VEN-03275,24.02689201809476,0.9218571523553788,1.6002050071918943,587.4804524440788,46.633918887696005,1
VEN-03276,18.668659285921127,3.2039291760062247,1.022795203246574,762.1985192900219,37.07245495062747,0
VEN-03277,2.342131533251763,2.0650294199551795,0.939376297109156,735.6483290320987,33.93051334660124,0
VEN-03278,-20.89659359303803,0.813819422248711,1.1889842631686038,840.6217037368662,55.46315246030924,0
VEN-03279,-3.0258630456377524,2.0866048493577094,1.0888792308453414,554.2881352410036,43.05129410976304,0
VEN-03280,8.49438494323166,1.9767664231925857,0.5870455646528225,732.3924812534157,43.76799325356832,0
VEN-03281,-4.379420326616703,2.461751292365816,1.023289625534981,757.7826770131571,61.676149433603975,0
VEN-03282,-18.376790480963574,8.33509439973252,1.55902157930849,790.6984567241648,41.07842084035018,1
VEN-03283,50.60010156105614,0.9911459994569132,1.244313925745728,663.543156967239,83.15505784941584,1
VEN-03284,-10.012047238431736,1.6233383755086266,1.3284757298341765,550.5893837254971,50.83921841761408,0
VEN-03285,-12.206121572585603,3.337185246291682,0.7276141822019951,633.523533633,13.648759098482683,1
VEN-03286,22.121162130420597,0.7384330415174157,0.7824174198157191,853.7285709875703,5.0,1
VEN-03287,21.88371177531545,1.0852462031348642,1.394707469357301,752.8838571261947,96.85593092748243,0
VEN-03288,7.096598849282614,2.8389220426363324,0.7814627924012111,584.4073138298761,40.49094812866,1
VEN-03289,11.457511809543082,0.6627190361862064,2.001936039065398,678.382474824022,39.62902358190216,0
VEN-03290,31.006016552133232,2.393334532116161,2.0834710513231847,608.8719541934278,87.6079646256162,0
VEN-03291,-17.425828923565334,1.3459968449023407,1.1809142771677197,617.5385191050501,71.88304966743927,1
VEN-03292,-19.734300959386797,1.7578799959578597,0.6954739124933965,729.3018075435773,28.576309144713328,0
VEN-03293,34.56510058689683,2.2213130960044807,0.8524444114828199,640.2081245052885,78.9339291939657,0
VEN-03294,7.060840394885935,0.9973670334527628,1.3666926913784785,560.9320714930154,58.93451994226108,1
VEN-03295,4.237351811255301,1.3997238087599613,1.6457086757335802,682.0610899895222,65.26121169760931,1
VEN-03296,-5.241738670443613,1.642235009982769,1.7155302109648372,777.6745870953281,59.38651837863424,1
VEN-03297,-7.333781332379504,2.6776410359370373,2.820126748389091,788.9593076950507,29.67514240198985,0
VEN-03298,10.630473958365188,5.994818750989663,1.3248462065722968,602.6953437565581,72.4587660317742,1
VEN-03299,29.45080008978177,3.3921828986995184,1.061746028985754,587.1235039000233,48.37299929107608,0
VEN-03300,-31.48818827032438,1.4856964741063914,1.1521877933810356,597.5737716306753,69.72047210369705,1
VEN-03301,-3.235794724301844,2.910246669125352,0.7080035003836386,644.6532662418208,74.18417341721445,1
VEN-03302,6.709597909081619,3.892200404199051,1.1109429013928531,797.3837209168665,102.8253118922224,0
VEN-03303,-32.3569816355682,1.9948060320580476,0.8478434811873357,655.4159504203444,43.9217484402586,1
VEN-03304,14.366157004942306,0.6710296785974056,1.1240598726736253,787.9390059818422,37.10293753461461,0
VEN-03305,27.734803329480293,3.288023898801525,0.6602710489190882,584.5672152082061,58.847489198147926,2
VEN-03306,15.681760969135617,1.4967850512476832,0.9577386172221456,628.2460028619977,61.306656080551,0
VEN-03307,-6.225031695856286,0.8902537795335541,0.996026755114142,748.2734913930212,32.02028234399694,0
VEN-03308,-27.53864582099699,3.408738058683497,1.1334500759442314,641.6336689134523,61.68048237286109,1
VEN-03309,16.706762676143683,3.6565407779580417,1.5777501309660795,677.4155323338708,65.8873793592107,3
VEN-03310,19.547086437526957,3.6173920540705953,0.7760751479151651,680.5785953222234,103.6924481998236,1
VEN-03311,-12.664616333056554,1.590625858049428,0.5665347753906138,555.215339570357,73.43633474963397,2
VEN-03312,17.82819969113799,3.0890985023303403,0.8353923062464298,704.093016298961,33.097247096131085,2
VEN-03313,25.48644302473776,2.979178597041962,1.740184255961412,685.8532808494136,82.09133113329275,1
VEN-03314,11.157534082683704,2.247060902150074,0.6670280148006288,703.6309889539482,56.03573499320803,1
VEN-03315,52.8967883481635,2.765227798689205,0.9162541052868832,568.7288639365578,36.513805993227336,1
VEN-03316,-16.917181775352088,1.9005711440105355,0.7714905247439858,426.17779396432655,40.81248944965374,0
VEN-03317,13.186112569611575,0.7484754228167544,1.350013478993247,687.9012544638741,53.06196425995039,0
VEN-03318,18.83399526601641,1.2518541730696882,1.3878249036921055,637.5145311301044,66.94758601600014,0
VEN-03319,-17.72797568276118,1.226751310436969,0.9008660923139508,633.4559991564386,27.86928526857039,0
VEN-03320,12.225571125074003,1.383650492516655,0.5883909326472972,578.899082501297,74.46204243509607,0
VEN-03321,-21.182109998271905,1.946011417786062,1.8138013007643703,646.5325736443853,44.55846452631843,1
VEN-03322,-20.579396361215927,2.29046678755289,1.5481467234696298,565.9028411733431,61.487599866094286,2
VEN-03323,33.85915252686806,4.815561443932152,1.5288401185025893,737.9024967419575,37.49665374831496,0
VEN-03324,9.165803070521072,4.570699572491022,1.3754996002918405,618.8631309570452,63.72044949108558,1
VEN-03325,-3.228023807414413,1.3179408605604446,1.2450125422250626,580.8216465100522,35.772106165347154,0
VEN-03326,-14.53473172676592,2.6715683156248216,0.993425853639983,753.7155888883086,61.19430803541374,2
VEN-03327,-20.5082668559014,1.042351384305011,1.056881506313137,796.8429216464875,30.98468343641019,0
VEN-03328,-1.6744553590776068,6.274808955197488,1.5547693117456411,594.7755999647029,66.94772713637074,0
VEN-03329,-6.308412436573981,2.917516581581291,0.6498146277802528,580.6054958904681,87.62744259503108,0
VEN-03330,7.862935652408231,2.504753912080236,0.7252061858409904,844.49458685421,60.858437297994215,0
VEN-03331,-39.52662371152425,1.108529743498092,1.204232618115927,602.9722964137594,47.39435021432533,0
VEN-03332,-9.503874447081513,0.649554743467302,0.428612384947177,653.8045074301219,81.83275447308458,0
VEN-03333,7.103927800712405,1.8196774099921031,1.1504432119669958,658.0704471451483,38.620638281159856,1
VEN-03334,40.85876367298615,1.550147172123396,1.5206175389801355,491.0493873110872,74.8312686782796,0
VEN-03335,-14.064449011843696,1.7837797920787253,0.871454787252015,609.966640864162,57.533321973324895,1
VEN-03336,6.500576190664482,1.8187406193552411,1.4039727692127144,763.3932246271586,66.78147353908611,0
VEN-03337,-10.723296181791802,1.7121483914139533,0.6838854355754689,617.9083715172803,85.6929616189465,1
VEN-03338,37.19589001528583,1.074466800601512,1.0434422142364983,678.7913519893735,53.19842711716832,0
VEN-03339,20.369105096968603,2.376124634455668,0.8468563911595665,698.3522707790992,39.84188382784323,2
VEN-03340,23.714833074267247,2.3445741306454937,0.8771775439719929,714.0494359008455,5.0,0
VEN-03341,-13.17892822141355,3.865184144477792,0.6770250745363359,649.6453682476564,53.628612926557416,1
VEN-03342,4.492685873364694,1.9825762854471127,1.0452050294738426,786.1765698228483,15.872146063743877,0
VEN-03343,16.9872960604067,2.24716717747352,2.646192863994344,635.819420173474,74.11239223272322,2
VEN-03344,4.499145430400723,1.3618954684573803,1.0767991727829616,652.4730236173858,70.51221120812727,2
VEN-03345,28.657044902541397,2.0225921054479614,0.8093520044909425,775.4407688622584,60.30773669139085,0
VEN-03346,17.028981879250885,2.6945273252840045,1.7597807594839965,645.1823113145814,48.59477367607536,2
VEN-03347,5.070390138165935,5.027531169682773,1.270029130345451,707.9694444041141,5.0,0
VEN-03348,1.0768524094704688,2.564668111554937,1.5178202325456178,708.221175864516,52.37542205555647,0
VEN-03349,-3.007646434633473,2.634401231375543,0.3842036393018464,632.660367493656,26.14921188388915,0
VEN-03350,10.46417961799052,2.6994049512474514,0.7736814507993366,565.5172964056374,38.77586749618838,0
VEN-03351,8.640901266104166,3.435642433609245,1.2082649282563571,785.0521185237599,54.78490566185667,0
VEN-03352,7.803179715330592,0.5444885148365632,1.164830303774632,627.7707228577012,33.06751864558697,1
VEN-03353,41.07376563660927,1.909222890957312,0.8508452869962527,645.674751906269,62.78792801466404,1
VEN-03354,-48.13680375236264,1.4572009678586109,0.7916119019293852,605.795292518167,32.14361090730299,0
VEN-03355,6.878871708851253,3.313803582029462,1.7331720093249272,643.8659769634489,39.96225358661131,0
VEN-03356,26.844011105665714,3.5349968116308363,1.169859034932797,690.7261751709601,48.93821026160742,1
VEN-03357,0.3285769803053755,7.533350542172117,0.7938401904398197,711.3525939452894,76.48179045277179,2
VEN-03358,22.39310953530151,2.1935590289087816,1.0446276422544918,643.6846954797145,42.91242560270033,0
VEN-03359,20.06873625612417,2.6289826744735807,2.092857762157639,607.9363856631138,61.04879517021642,0
VEN-03360,-8.927592289414966,2.766895306275173,1.46132109863613,655.3121168975089,105.00974014373564,3
VEN-03361,4.299711228784855,3.8038349148414223,1.5794016642708977,580.5380404052828,60.83273112482624,1
VEN-03362,-8.155073241097352,1.5422893908760584,0.9034422236220018,698.9890582758031,45.307563462218845,1
VEN-03363,-4.463872935323717,0.9382991168143824,0.75245366719923,573.4201643666008,56.18938465072488,1
VEN-03364,29.210068519570527,1.5342272317988723,0.6612101606903225,787.1801537991572,33.3069022090379,0
VEN-03365,5.337869433166972,2.8075966794810028,2.354860367108922,567.4348837047229,55.21039302018611,1
VEN-03366,-6.060806200383119,1.8619788892704825,1.2537914008249196,726.3334012770982,30.57629599053716,1
VEN-03367,58.274356400083576,2.002063720169302,1.0113910883548192,648.2890034066854,37.91746072995504,0
VEN-03368,-13.253272217148954,2.5926425206441657,0.7519460979384873,659.0949976745882,38.36248659487136,1
VEN-03369,31.92226402582789,4.034008802142187,1.3962901334800393,725.9267351734246,54.39672529536318,0
VEN-03370,15.170877570165352,1.8524632191311867,2.262145973863822,754.11882509686,31.0111580765795,2
VEN-03371,-7.3575372656519455,2.0779098305008965,1.3218036509694764,861.5824847068684,61.28174061091099,1
VEN-03372,0.5940956554976031,2.2300300662440025,0.9076984264379562,846.3110701117826,51.907015335785,2
VEN-03373,-23.3396506770681,2.562736205780767,1.237708767427701,685.5433989720842,64.57891554104393,0
VEN-03374,4.24768021518548,2.669655924276189,1.8952040666656464,637.8830166682251,70.15631546597965,0
VEN-03375,-1.131510595249516,1.036433689628257,1.363377701240287,704.9412750002715,52.177648141559054,2
VEN-03376,2.303977013910393,3.3702973586216265,0.9091703973033594,841.4109349110927,77.39652452716345,0
VEN-03377,-21.784930537988394,3.60201751898675,1.9475626674861468,655.6470474943065,67.35619748937214,0
VEN-03378,25.6972319042978,1.2455479026370515,1.1782213585042731,699.2009609633801,17.376582131050817,2
VEN-03379,15.190456503652202,1.868882582586584,0.6477120531671217,571.4553859083796,42.95337810784311,0
VEN-03380,22.47247058239951,1.1467832742177717,0.8736197374655524,712.1503827144553,96.34491983249374,1
VEN-03381,31.24176835485628,3.40586558470498,1.0960090956880868,630.3303268592027,59.21253702997581,1
VEN-03382,2.607526166348922,1.1373272167312074,0.9507149614234788,657.0256902517658,130.0109724282088,1
VEN-03383,14.516913906847345,2.5334407341974488,1.1329422979698145,680.0900439249762,48.30880677218117,1
VEN-03384,-27.51118762669355,3.469398151255678,1.1737221191193965,551.387960486337,32.52255058416691,0
VEN-03385,39.813818627117605,2.185636222452994,0.826348281037337,729.7085579027172,54.66019597308393,1
VEN-03386,-23.48555786651336,3.383265339937682,0.7121773850273638,592.3279245731912,73.74609717912315,0
VEN-03387,29.74148990115847,3.03631926266455,1.588882603934158,896.6769944764574,27.6546723579131,0
VEN-03388,14.116686569980754,1.4074524731634737,0.9700498487360054,649.2488664271801,48.614016675555455,1
VEN-03389,25.45313634026546,2.8393370091498014,0.988369036980633,476.0079333465694,64.19714787441457,0
VEN-03390,-23.09339151248876,3.56873153038025,0.8593389610906406,680.5089767274525,51.9258453316163,0
VEN-03391,-10.251075999733494,0.5915581886174404,1.329649282915356,696.9212635424112,72.35760640109658,0
VEN-03392,-15.872548222279388,3.178535356727469,0.872611561329316,757.9921116414848,5.0,0
VEN-03393,-4.237818889783634,1.981641220643886,1.0194963056041877,644.3854597736809,40.357428692415695,2
VEN-03394,-16.254469272085625,1.3451887224998984,0.7145360380602886,705.0431911558101,69.76123059373043,1
VEN-03395,23.38152133524812,2.264150076132737,0.7395487348086304,708.5414271054781,25.570346518586437,0
VEN-03396,1.793349805892169,4.320894348128853,2.0494879971110094,743.6589707028118,41.26407820738018,0
VEN-03397,-29.583861292462743,4.124442477505844,1.260015863578311,832.3648009542278,43.82582112077832,0
VEN-03398,14.928923018844406,2.6359079636006397,2.11094274397773,537.7193968733538,39.46698551990747,0
VEN-03399,15.346159299764563,3.933104677514773,1.266460779943411,636.8276254495102,85.50573813236264,1
VEN-03400,-11.835507454706374,2.5591236953611025,1.1028567573169876,785.3130694201113,41.0719595835616,1
VEN-03401,4.085417582994252,1.7037912752095314,0.7099259497848216,556.6873594786261,85.32842212283495,1
VEN-03402,17.12489623637888,2.074248792215683,1.2950030385075837,698.1536250948735,58.30589900967077,2
VEN-03403,-2.881316885098027,0.9406643363483712,0.9686162987851478,580.6403236999289,60.07128908270068,1
VEN-03404,37.24629435684202,0.953577432469888,1.6751102481087548,401.00561511044856,85.74396880278616,1
VEN-03405,-17.96723158493039,1.6591808164117636,0.9568068681534184,861.8462244528357,67.36071535462526,1
VEN-03406,3.722324032678251,0.8222395088125852,0.705545736747798,710.8128060399547,49.8553760647235,0
VEN-03407,46.82790276863541,1.6674823602487798,0.7108517760937687,672.6910406428321,37.126051012770624,2
VEN-03408,31.00356660038156,1.3673327664488222,0.6753434473450627,679.1666530273119,5.0,0
VEN-03409,14.927501217685396,1.2162961895540716,1.9305982874864749,769.2187281445474,53.61215126374078,0
VEN-03410,45.35187519628264,1.9307188035021143,1.1359194115725526,852.2284256433421,13.176084888817662,2
VEN-03411,2.472856011442018,1.4788170609773257,0.9889758214591968,716.0178927937876,56.649568960770665,0
VEN-03412,21.732013610643893,1.195852003914167,1.7184459951724096,512.6831816605345,45.63462327965037,1
VEN-03413,11.935639657632247,1.5034376996838246,0.8597123377719862,542.3949161481738,5.0,0
VEN-03414,30.22122934529869,2.754453951973717,1.311171407256687,732.3675740266457,87.64053132474275,1
VEN-03415,17.428144325163633,1.2356422656747172,0.5614265393310309,820.9921973624661,54.77348065988651,1
VEN-03416,6.342107391977419,0.5621457966582305,0.9352695643227202,774.9245104904994,63.61068617850873,0
VEN-03417,11.39294572244501,1.9876059135007893,0.8354565806758905,554.3099929978667,22.59601834513577,1
VEN-03418,16.949226180992696,2.2319444279799496,0.7185255332835889,635.3065446954396,90.21073579452047,0
VEN-03419,9.783157164717045,2.0802488236213827,1.5510798096187075,587.0266804340446,59.25303730797597,1
VEN-03420,-10.152537357401702,1.8520139664832984,0.9429676314316178,759.8153900182032,60.470752451531645,1
VEN-03421,4.265952804991624,1.6956221481998537,0.8939514421094139,562.707569202124,22.266729912971,2
VEN-03422,-29.99555284932048,2.6974421813180025,0.9872927572547808,646.3134625910808,53.64810202035977,0
VEN-03423,17.658625609157937,6.245066158890974,1.405274770022686,634.0643693685615,16.21172469309989,1
VEN-03424,-23.26862394817714,1.2104202146988732,1.2285650597897535,607.8200440178833,31.928169593255923,1
VEN-03425,19.005235081493737,2.4957410254797083,0.8250070814699383,595.6509254641954,51.545831739715446,0
VEN-03426,7.472210977303256,1.579804216995307,1.235998668728128,750.2265465064662,68.16609366576786,0
VEN-03427,-5.125890494023922,3.875710462287839,2.138969229714935,668.4416731948289,49.12556953478767,0
VEN-03428,4.483061311939604,1.4640075241181498,1.2237050467647788,744.2004857948953,56.10086465436677,1
VEN-03429,53.08979079839758,0.6399417379391286,1.860787651579349,597.5686856614111,101.3600968781277,2
VEN-03430,12.147679987530555,0.9273503384614772,0.99625631967002,675.8714142366446,53.32444815260872,1
VEN-03431,-33.0135790220714,3.7418436506295634,0.4689780807703793,700.649892336176,73.15131699120839,0
VEN-03432,-20.506133897979367,5.866269601440888,0.8816319942076618,818.0487724866355,49.26984936288078,1
VEN-03433,15.72620321786423,1.1171052293325816,1.3044735693879848,775.5403480962312,11.756968141107984,0
VEN-03434,-24.17494863309332,6.533935270148162,0.9950780538810048,777.8754315279504,32.56523291555421,2
VEN-03435,-5.5655626912546445,2.5836773177383647,0.7277238547173454,710.4075187910125,70.05918072678745,0
VEN-03436,-24.226716609935217,3.552915498344411,1.2603619932885186,699.672730025965,38.21421693470037,0
VEN-03437,23.087664128591047,2.473592350524027,0.4251589804524057,663.9292324992297,31.886270625719515,1
VEN-03438,10.69526613321821,1.8075595777242524,1.5121613867983614,554.0971947607013,75.23195929197175,1
VEN-03439,34.416131699141665,0.5268330164131964,0.4225138779267701,656.0717523743062,33.72993114901632,1
VEN-03440,-9.374623531875791,1.2490005576380254,0.5601792091325234,569.419683180023,53.37234787904678,0
VEN-03441,-4.649054776822027,4.713130072310006,1.1317857883516378,633.117933837831,68.33762107676911,0
VEN-03442,26.62403185759221,1.7451804812095022,2.046648879377339,587.6664215554148,70.80079323304605,0
VEN-03443,-8.24192929583701,1.1392819760248931,0.4901598625263738,786.3334848709326,86.74150666301455,0
VEN-03444,2.847643060232374,2.459890454397345,1.1972842084672115,788.0805364574472,15.087431029489617,0
VEN-03445,12.797090829739442,1.4502633821493194,1.464348743638384,549.7388083541739,46.674866655717295,1
VEN-03446,35.38636316135665,5.49997780675119,0.9940610929814288,755.5453315485255,63.339896211897454,0
VEN-03447,26.54335391297706,1.0943635987625726,1.9904150806774747,656.6089028210106,116.54820479230357,0
VEN-03448,-11.981978016223133,4.414307503931156,0.9148109107622862,706.2295338826532,35.22250451068955,0
VEN-03449,22.86378189728486,1.9604433769052276,1.346429222400383,586.0064667717867,70.18529548551322,2
VEN-03450,29.643859534430035,1.7621601453021687,0.780777199939973,602.8761612237533,66.72901046493743,1
VEN-03451,-29.765815458604614,1.8266406963914616,1.1601176638304522,647.3030905532553,35.27923163275631,2
VEN-03452,42.63674755755415,0.878250313303164,1.1694157928224789,695.7836213697385,55.89656709282568,0
VEN-03453,-32.243949307890304,2.0150197331121644,1.7403712688393906,711.161687549647,30.49748909774492,0
VEN-03454,35.540199007811715,1.2406599081328324,2.6406646138548107,507.33367621006994,43.34239687582384,1
VEN-03455,-15.919976430705454,2.5756950974448523,0.7287639079269083,551.9355108731285,33.739926921242414,2
VEN-03456,-19.70102215523883,2.32500305743144,0.8464976391455487,790.367152408292,39.55612780989493,0
VEN-03457,49.940382091250285,4.479941090783183,1.4287255421180016,603.6020262889365,75.0498100384976,0
VEN-03458,-35.003254493763734,1.6339287443344483,1.141030944283581,622.6644755741878,80.21598360461488,0
VEN-03459,7.658633970303433,1.8357365942794932,0.7891138041430212,591.5685203143619,48.84018854587467,2
VEN-03460,29.442681208848185,2.1752801984911394,0.9883814082074526,623.5693948420192,43.55213021256144,3
VEN-03461,-26.360803739634363,2.9582553090723174,1.6251493951282934,675.2876623718645,42.65934695988704,0
VEN-03462,16.909489570361643,1.924343107251452,2.3512910236994897,769.6533706743907,51.97691925327265,0
VEN-03463,-7.276237318552873,0.7459746819437959,1.030870872657317,816.7071638925994,53.37243606257489,1
VEN-03464,-3.952473136117298,2.82010016100925,1.4098152539484743,708.5989298858353,19.436200520546077,2
VEN-03465,6.85835364263963,1.4097622019615246,1.3222362363938418,624.3854220182884,65.0366562665133,1
VEN-03466,4.797551667862551,2.0920128564348373,1.048751598103679,693.8847050059873,32.06385117762941,0
VEN-03467,16.23089168082745,1.078852442257762,0.8506492308570723,666.5549220307344,21.086856029837826,0
VEN-03468,6.473888075414522,1.5342715208809252,1.2597831982421115,639.0967842907123,102.22168939850307,1
VEN-03469,30.020381622181148,1.584546716306347,1.5003408439881811,763.1375696439939,55.59479263149494,1
VEN-03470,17.74042532650159,0.83480786428584,0.7652857766877518,712.9754392067138,6.986020295969368,0
VEN-03471,-33.04673164557878,4.907837877178219,0.9719230600913776,655.5738760218296,72.77079831656417,0
VEN-03472,11.72207080144936,0.8961262146753992,1.4663682117476435,600.8670032090911,67.71791297246422,1
VEN-03473,24.435595712987677,3.933304942055929,1.0463728955838911,769.4563085973444,49.43321175274047,0
VEN-03474,-3.384472429670325,3.0468890642271327,0.8854730671923791,824.9957421793779,61.29143477385284,1
VEN-03475,3.582698147094609,1.2369141782008055,1.207366911558574,823.3885952572285,79.63335705386578,1
VEN-03476,5.018749130309968,1.9295316171276324,0.5678311342548261,640.5627686133716,44.71891751346338,1
VEN-03477,-15.384393944335123,1.2996560993735955,1.4034172313358708,717.8269225088027,62.150799713151166,1
VEN-03478,11.050678855561026,1.103623846481559,1.4521569166050146,722.0573679196435,22.76544271665892,1
VEN-03479,-4.367526863232923,0.9839725922935104,1.5630172586078344,681.5875560238413,75.17117288749606,0
VEN-03480,20.91627161293978,1.2041691966288328,0.7561648409887587,466.8128549639811,37.96647910027093,1
VEN-03481,1.1462489813393306,2.4246147378649785,1.179502199569931,728.8896034150403,42.82331680842669,0
VEN-03482,6.249419052708376,1.323373218231555,1.7552178401324816,692.4255433427263,79.11236123881272,1
VEN-03483,57.7878411408175,1.9011148252659475,1.6453473727177224,729.4818141297726,38.44024883984186,2
VEN-03484,-2.5574801769812723,3.3033359992102818,1.2498696114010353,677.430075565319,38.8119141810356,2
VEN-03485,2.312941588270249,1.6034282283645824,1.971326304956904,656.541737506776,53.3290915461581,0
VEN-03486,26.56117959688862,5.546616323553003,1.392492397640394,862.1375984268146,64.12790616571436,1
VEN-03487,-2.8097773849114205,1.8670017724740129,1.4526239387523872,665.5275140026242,39.519381639705394,1
VEN-03488,-23.473263807423464,1.0324972953055236,1.4018995522003423,539.0709426087617,53.70287854441472,0
VEN-03489,-7.156638480593411,3.3240852935501537,0.6112549141301405,508.5571909195096,34.69610960769957,1
VEN-03490,3.8436473159287785,2.9178485248042687,0.8884853772276906,597.183163846931,43.339192402834094,2
VEN-03491,45.6567030624602,5.967183406785328,3.167106588203984,568.4538899496515,41.50442774699964,1
VEN-03492,22.627562312683533,2.1017570764868148,1.7217339106457965,638.0449685495622,59.95566685573337,4
VEN-03493,50.20308129911164,1.689268344583684,2.5030693944090348,703.4294491954146,52.97159778121001,1
VEN-03494,-0.2804629715838764,1.263329881709656,2.173537639239785,591.397526511002,80.86231592124862,0
VEN-03495,-22.20061231402529,1.1809465813799604,0.7713991013972682,539.9992045841749,72.34169710346592,1
VEN-03496,-13.101891763895406,2.09197127533072,0.6873470902520931,613.9126972809946,75.23290298226684,1
VEN-03497,5.734870545471472,0.8291960276538339,1.8544432057213347,653.1019912327246,55.454740537657074,0
VEN-03498,-10.226196935725511,2.065218547162993,0.9419402878562788,644.7460354032951,5.0,0
VEN-03499,14.422994710978683,1.6810185091956262,1.8394736420232949,637.5981823049854,92.9854958096358,2
VEN-03500,-19.976101093982106,1.1418751637881592,1.959277844471538,615.3780352620737,37.09636264128078,0
VEN-03501,-14.704818182172996,2.1686850805726148,1.3100538289209458,712.5717973990729,84.5411598408113,1
VEN-03502,-25.359455832276623,6.459955616566941,0.9760201584097454,535.6231141689793,80.51492778368373,1
VEN-03503,-6.032925689115924,3.523904934113108,0.8400888865282633,630.81647448231,19.741277881148363,3
VEN-03504,-41.614287031458026,2.773232669151024,0.8342329391530192,788.0375382061737,39.62945598541209,0
VEN-03505,1.552759379171656,2.695578369420315,0.938601148055522,799.7069436315987,77.97307913035193,0
VEN-03506,25.6363096916701,1.4605872919013063,0.954459169415546,581.6346039139788,22.96557066479822,1
VEN-03507,-18.59833184630653,2.6953591180894345,0.7013721519869061,589.7216474076358,37.950659358478205,0
VEN-03508,30.282131776677627,1.8225692703930856,1.3530848734926966,702.8046904403288,61.02551003629108,0
VEN-03509,35.18854660972349,2.55237700635357,1.3690543392646002,708.4854672874167,64.2574505831814,0
VEN-03510,24.082695532533823,2.20338325710348,0.9855746947556484,695.0057293298856,36.9120249048686,2
VEN-03511,-5.622163053524577,1.035693372583441,0.8002432621925877,782.8516969963945,59.52298921511583,1
VEN-03512,9.498749253877538,1.4549419229683709,1.2768445289845856,754.7592209611954,74.60376616076664,0
VEN-03513,2.348489501721603,0.9186130533758458,0.683944741519759,698.0307895569165,88.70993571820577,2
VEN-03514,16.172078297642443,1.2746041984579624,1.2976429822161626,898.9592012120046,62.24920455816567,0
VEN-03515,16.635671061804143,1.825924391266996,1.0363985412635064,633.8301026327725,75.23841890843379,1
VEN-03516,20.825522439127635,2.582923785491416,1.0917915929473296,724.8380342410828,84.70223506327932,0
VEN-03517,52.43829309004733,1.4191096027168657,2.717178499047253,794.140487126855,62.52534121737794,0
VEN-03518,18.38668770754225,1.358995396760843,1.0339326739386796,702.8563389173308,103.43606900488253,3
VEN-03519,12.21598969847733,3.7964226532621,0.8133287622248131,650.4225234151328,50.362329893024814,0
VEN-03520,10.939942695292627,0.3435786555421767,0.4365138144182091,740.6514346746566,86.21627500211922,2
VEN-03521,0.5912781427039553,1.4896881304700742,0.6797392522785362,561.9909958589674,51.00710940910866,1
VEN-03522,14.686843870963816,1.6712395865937215,1.9749906300658624,664.8758126381485,65.2798553830304,0
VEN-03523,-1.2225125140770707,1.924970801423065,0.9196949424138876,649.7795161129047,14.377322663069542,2
VEN-03524,11.706227099824378,1.82892444065306,0.931029653986111,570.5390317196269,73.01789234080485,1
VEN-03525,9.95986733623343,3.409268324246876,1.3535541245520186,754.1096889044932,88.71794617710654,0
VEN-03526,14.836184904341742,1.106417101769483,2.396890598318183,598.0037544251591,57.84833376786588,1
VEN-03527,26.364332032062865,2.1372125814978906,1.1467486058857506,487.77904558975285,58.501263607976725,1
VEN-03528,9.051906020967252,1.4011802106303537,0.563542316875253,679.7158143632001,122.96574040510797,2
VEN-03529,-13.764335709994397,1.9199772996503823,0.9378400973922912,545.4203873900527,52.93319466201494,0
VEN-03530,12.70287900011368,1.3461253638259452,0.5050846147880775,546.2663045641077,58.24232474508499,1
VEN-03531,0.6885949868108519,1.4393974031140209,1.4637512297447413,641.6762055706052,65.15041626415025,0
VEN-03532,30.19678965942859,1.2006361353221848,1.3228417111538828,651.0905978733091,47.01744994743125,1
VEN-03533,7.117140915349635,1.2803986509917138,0.5632530542750409,493.91256942746577,45.30058816930699,0
VEN-03534,42.53666685427698,1.0490480658393788,1.9859034849676216,650.0056861685238,14.860899806044207,3
VEN-03535,8.22489650591854,1.4931575621900532,0.8457735740943861,664.4054193694875,50.44625435885375,0
VEN-03536,14.395918550204204,1.0666740842251898,1.644782532002396,646.4683029787988,21.263661947355608,2
VEN-03537,1.587883597382815,2.217145086730885,1.846267153394716,585.6116617970179,55.07223468429149,1
VEN-03538,-14.024672274659384,1.7800140954517902,1.213426856956903,749.4874080285748,77.0787313093103,2
VEN-03539,-10.438780288598302,2.267849386044337,1.019248823142822,529.9131453360794,67.406819302451,0
VEN-03540,-23.285367024032794,1.2875794347001062,0.8033985168070408,641.4612378070343,67.88238865929436,1
VEN-03541,-4.752447946126777,1.700809393005572,0.8835611574747796,611.649812834152,52.17939354448465,0
VEN-03542,16.127285799630688,1.107060211994538,0.4869386641649275,651.5860186508299,31.393075744136645,1
VEN-03543,2.5359500373158945,3.490836869346047,1.0115239220419578,749.328349301794,90.55680880388418,0
VEN-03544,0.6012452920592564,2.238647604629456,0.5054047366764073,647.3662738827852,32.67241760079216,1
VEN-03545,-4.378145712271438,6.593499307912727,1.5514288998205836,571.2207198569629,57.88788594625827,1
VEN-03546,-13.566121474973748,1.970861373841008,1.4533383197329524,600.3183326863708,27.65634288038927,1
VEN-03547,-12.757190670040746,2.392920102117362,1.1086336559919625,857.6575800939437,64.50110404070305,0
VEN-03548,-18.676163839311517,2.606791891552718,1.077611246275709,538.2729422295895,39.31131759926353,0
VEN-03549,-1.7442258308592926,2.01289866848959,0.6213266424268511,634.6131783341315,48.67943607443808,0
VEN-03550,15.834777059440803,0.9475303038528614,0.7530790208064266,647.5382943536987,24.799142028700647,0
VEN-03551,-4.710554728121981,4.229598887598074,1.9652454093188636,812.2445888757142,54.37909169797779,0
VEN-03552,17.17584793522329,1.4516950119769263,1.743582160559348,748.6481450211829,59.05387902052343,1
VEN-03553,-5.287640406884476,1.5768087571028029,0.9461387408008316,538.1296136402921,63.40538671088847,0
VEN-03554,10.852928699672349,0.9923169307184032,1.215150678603391,705.4756861417252,43.54485424760692,0
VEN-03555,6.713402837270064,3.817054209592825,0.984178547181446,521.6540811824336,54.32579004045912,2
VEN-03556,7.669406091817519,3.743574152877958,1.6760823617538805,713.0111082641747,33.9447327874621,0
VEN-03557,23.425839369078517,1.5220289830611624,0.9868029678275312,696.8122687239288,60.31707849951013,0
VEN-03558,-4.634335471622933,2.096789668361441,0.7232859855258392,888.2896226901175,63.23264026596918,2
VEN-03559,7.973419514931693,4.951323230909932,0.631068082956717,652.8992810107679,47.02369757744544,0
VEN-03560,7.139203994101478,1.1926959590151307,0.7239221619106972,900.0,36.07079887216125,2
VEN-03561,1.8126561900151872,1.2655767198850496,0.7614597256668754,554.0968124590637,107.40082486360537,0
VEN-03562,-1.7655549194639448,1.338627536606315,1.6929532423344924,655.4844318375654,85.53365605982913,0
VEN-03563,-3.940858411248071,3.1081974785255886,1.3719682110866984,686.9013245002636,33.59791376608578,0
VEN-03564,-3.5432490014473554,5.421075474104224,1.2092330217448894,758.4090382276601,35.02342192558982,2
VEN-03565,-8.932197863557086,2.532261303754665,0.789601552243299,804.1190187131715,41.45571441361904,0
VEN-03566,-30.432329888627,1.985087093475835,1.3337500158676454,698.1047981899777,51.996602223090186,1
VEN-03567,28.739142201944823,1.567718976758686,1.671614286278433,622.220808127032,71.39391700247945,1
VEN-03568,-18.02865500382934,2.069683760746239,1.3576304448309957,762.5997081385987,56.41066376009404,0
VEN-03569,0.2331694847872425,1.0335943360237825,1.322510720502382,679.0623470651626,57.92472187456402,2
VEN-03570,9.12921739619928,1.7315705016315712,1.324289403877518,858.7683909852892,33.08391771703113,0
VEN-03571,-18.101427593887195,3.25639531838423,1.0926730581470303,675.7536297436066,105.76840309131865,2
VEN-03572,-0.5457743764258245,1.8882133390365508,1.2148142817973877,648.4152476324433,52.67384119512877,2
VEN-03573,26.06157422520725,2.946593668025707,1.0338246674551892,857.4401631047963,72.58222243579814,1
VEN-03574,-3.5370636623471494,0.7168765494898593,2.0102437402016045,735.7236258988263,65.34387246009638,2
VEN-03575,14.59436037717254,0.8857178639611808,1.1919223644962,722.1497519655989,42.82833301334343,0
VEN-03576,3.7301407731669065,1.181574539678124,0.7220590562281788,631.2950705337803,30.93286534371684,1
VEN-03577,9.61170820121248,2.1161002468322057,1.9781730470045376,768.7745593747748,25.73121444966125,0
VEN-03578,27.305919086208,6.042755219970201,1.3784154724589712,779.6640372849952,60.58955683836703,0
VEN-03579,-9.86036817964599,0.7646965128662355,1.55371592279062,590.7745655280902,60.93092405570336,0
VEN-03580,17.44557630880658,6.88099801746354,1.44969131342099,509.1969837640044,30.37477733149333,0
VEN-03581,-16.56480713100484,1.1470118995797638,1.247466655781028,672.4396372998117,18.02881775118035,1
VEN-03582,39.76187549454191,1.6706531141999237,1.199235544540408,735.5587228934343,51.09949391827723,0
VEN-03583,16.878801383408515,3.7801097290116097,0.9873537843882124,579.6396051294912,23.1474758371639,2
VEN-03584,-12.366086836262475,1.3604032091171527,1.2374357578968809,675.5303199832881,44.94440535523856,1
VEN-03585,16.96145954847936,2.433037323614419,1.217972766584154,684.2646329422082,91.0387687077026,1
VEN-03586,18.719517007922104,5.623214324015732,1.548939629416781,653.2840525902985,35.89253851225981,1
VEN-03587,-28.79869782533553,2.368951554255561,1.3952466805780237,660.6817629615005,84.54286874177667,1
VEN-03588,10.742584091737086,1.3552482315899752,0.925779615032858,764.2017451399322,58.12046902320192,0
VEN-03589,-27.41837110193105,4.569302168453953,1.1390749626287442,772.5662418547352,15.073803735861937,0
VEN-03590,-9.335246546427213,3.1875926819537894,1.1497020181743305,709.2316180027973,72.45559992196344,0
VEN-03591,-3.2881672180138715,2.663457272704987,1.0254728505686943,657.1861219665234,58.23642067518855,0
VEN-03592,2.259599721903083,1.5067807384754512,1.0999559274930095,591.9400408422483,21.59369671820209,0
VEN-03593,16.685931516371177,2.510759328198884,0.91448341099393,660.8544308949184,44.19400987765474,1
VEN-03594,8.437214039551481,2.942166543353574,1.224513235401659,677.3592601293916,91.68513195915916,0
VEN-03595,7.146464787768656,2.44778552426711,1.280975459898535,732.6063045509405,86.19945032369661,3
VEN-03596,-21.966428535351145,3.1270191390264315,1.485778464568283,772.7941596041663,59.54065754448332,0
VEN-03597,-8.568548253050995,2.859471264203813,0.6384025216857228,620.5046976969425,83.48620704111983,2
VEN-03598,21.34063551478137,2.5287179930748573,0.4968342824122531,683.6177306099257,5.0,0
VEN-03599,16.549095770189282,1.431239171920703,0.7528534947363535,645.0527256511742,50.9331369005443,1
VEN-03600,42.30437253402389,1.582055128276867,1.6771568816211664,678.5837593866365,17.309948642611786,0
VEN-03601,18.78602420115204,1.520202860818736,1.5525182599193337,615.5666651135548,39.62648419976149,0
VEN-03602,3.5639860444017306,2.0835702374345715,0.9253747006628048,662.3560895037124,64.85478257557656,0
VEN-03603,8.855341833081338,1.8205356317608563,2.094579021868765,598.5235240500848,77.68579245131599,0
VEN-03604,36.15448455882164,1.548220429248786,0.7938859327048388,683.615421033377,53.08598848301621,0
VEN-03605,40.08419775208438,1.3953043472775637,1.1665646835156318,589.1310131805099,59.30357370897055,0
VEN-03606,27.40861903547105,4.427546924650819,1.336322634728479,641.4551464521656,32.63344644298232,0
VEN-03607,-10.8832391977907,3.1545246625365566,1.4102321756608,597.4121527118924,44.35196930377115,1
VEN-03608,3.101627523077607,1.995829966774737,1.5027920580761995,591.3631192265228,36.98080827584958,1
VEN-03609,10.174606244818277,0.7889586125049248,1.1504249968948832,818.0208035011954,89.8069041398303,0
VEN-03610,2.967694023128275,1.558330014437184,1.0610922072475646,564.2771507455187,13.189664569410382,0
VEN-03611,-21.5951922615273,0.9765083451726844,0.930987399806586,663.5271864861804,66.52133295735237,0
VEN-03612,12.338704878266656,2.1326464186902125,1.241085621376225,757.0644553632732,59.56451416088318,1
VEN-03613,24.47614211502829,2.0961518953716327,1.3992096907609428,479.0635179980628,38.44582983782611,0
VEN-03614,25.94909269853251,2.136608927755689,1.1722403963260086,721.502287078075,5.0,0
VEN-03615,-22.029390701135224,1.4342857551748194,0.5779382215869651,672.4264762769841,51.99993120639724,0
VEN-03616,25.348143227813274,4.33457157670238,0.449870573275964,648.8922959436451,28.867816551193705,0
VEN-03617,-8.240724344038902,2.4027647804067525,1.4620478164393678,535.1139267232422,26.10577154048249,0
VEN-03618,31.51076109483279,1.7288470972443883,1.2999387108951088,597.6550204804605,23.018900947537176,2
VEN-03619,26.22867323667186,1.5454112202150758,1.4897090819039585,621.2284698247337,48.45356442865732,2
VEN-03620,24.815581030838366,1.7837354686619082,1.3507981303763232,725.2260508046536,63.38850299893751,1
VEN-03621,-1.897489801673788,4.169945568197556,0.8416797586743326,755.8210585490464,63.19550124746497,0
VEN-03622,23.349586956125076,1.0974859436988007,0.7246090465627932,550.7526631621115,30.468368677610904,3
VEN-03623,-14.964872529070991,1.95694085954034,0.6173270587672124,678.9691567865303,54.14608684790647,0
VEN-03624,-8.495178931494163,1.284638826506329,0.7103002597521604,617.6256519241492,93.81007906881412,0
VEN-03625,9.233799866337815,2.8024617066715267,0.7837310211982749,675.2682839794747,5.0,1
VEN-03626,17.488867828462507,3.4269598814901103,1.085909493420874,595.2208010568534,50.40848659720167,1
VEN-03627,-35.51272185243788,3.108310626457972,1.1047524480752928,552.0893767813543,62.086761265980144,0
VEN-03628,11.107137740896714,3.728613321441395,0.9832417100262272,524.7377205067005,15.814217659412051,1
VEN-03629,2.3445463113818903,2.337658438866004,1.1384091244685126,870.3985356405661,47.74701165139463,2
VEN-03630,1.5690755564516623,2.167555319767072,0.7331121520524604,652.8136781644916,78.19641437991801,0
VEN-03631,-8.516579347110692,1.6478396640814603,0.8460914675700407,608.0818067387729,28.218577146928677,0
VEN-03632,24.49659057400233,0.9670948534370374,0.9221823567404028,797.6152255018943,49.21600899338059,2
VEN-03633,-19.790078846996835,1.7902128143245946,1.9770734411592303,709.779628703843,50.80830750109068,0
VEN-03634,32.70120935573138,1.2870008249506293,1.014404323916247,736.0165258733082,29.97371797837065,2
VEN-03635,-12.425216736355072,3.047032185087491,0.4426610589701803,543.4135985530223,44.86694728209474,1
VEN-03636,20.664674998487985,0.7378696010372183,1.0186378115451606,683.6102160787821,55.42548388939223,1
VEN-03637,-7.757620803575701,4.53833702157165,0.9219479717986472,672.0468026560249,36.620274820440265,0
VEN-03638,-3.618874308505527,0.7721833514486661,1.8289867246286944,538.6241817312855,69.70420492093325,0
VEN-03639,-0.3141553967242769,2.957719683294477,0.7452915156309423,534.2453614186215,69.57912463947982,1
VEN-03640,7.827874159985663,1.046583287633368,0.9656859537224296,554.1340900156073,61.70128844354515,0
VEN-03641,-8.807515433447307,1.1587355238148915,0.5506393084170332,672.9478740674061,43.280088317681255,2
VEN-03642,10.886257420238232,2.072859976979972,0.7067309182258165,673.6065019065954,36.73963772276095,0
VEN-03643,-1.164451948858054,2.293726858738294,1.997536246623856,663.1090493883479,44.05754148187713,1
VEN-03644,-5.721044570302636,2.329853272595039,1.8230729880489456,795.8815312790008,34.90548296865891,3
VEN-03645,19.056723515713884,0.8718422408635226,0.673536864528224,792.6942998437785,111.53823646439044,0
VEN-03646,-7.2234672339568,2.696771493473727,0.5483355920498018,795.981988678963,24.238685331478703,2
VEN-03647,3.928400672204214,3.415394984278802,0.9230825557659698,557.5224006163656,35.89388835949553,1
VEN-03648,5.982564910680812,1.5252482570327035,1.1714593028532556,728.4641032134773,31.844615837973503,0
VEN-03649,7.320762317422215,2.06030650571623,2.5541919536675795,734.7049398313766,57.61717830028454,1
VEN-03650,13.009550516274956,2.7555167982599933,1.760081640865765,692.9107170417376,51.38747935535136,0
VEN-03651,6.360306765828382,0.9724094881676508,1.137859955794,709.7255063440658,16.079532884267785,0
VEN-03652,-10.785771042025516,3.0973478878583527,0.7323431618327509,629.755518937852,20.754667966224112,1
VEN-03653,-23.691647002533557,1.2739877254126326,1.1675032201619282,631.5299956119078,58.03885113831135,1
VEN-03654,9.792906194813517,1.040946051737687,1.636207697743522,760.0542564068442,36.43479875287088,0
VEN-03655,-0.0213572534477224,1.6790049964900295,0.8768914945101823,669.3471910419888,81.38796272980878,1
VEN-03656,-31.21569884271581,2.534064513204395,0.9549367946455244,693.5414206152196,56.5103339247478,1
VEN-03657,0.1088488299145664,1.8175621059592677,1.375207884998179,733.5184443966308,72.56282834671842,1
VEN-03658,13.93339253707474,7.203235534691957,1.0123999637269,900.0,42.81345004948073,0
VEN-03659,-0.4510730585781903,3.0019957178575285,2.7236666963805822,749.4243565029724,60.46828366867567,0
VEN-03660,24.64861232434417,1.809980752490276,1.3641329047301218,706.3752086471414,38.510280665132704,0
VEN-03661,-19.50207174960139,2.3692055382887736,1.2413967024934316,511.8604008675266,44.74868418576164,1
VEN-03662,4.951146192383687,1.1164950498018216,1.4674959704633412,629.5993442119793,53.08163921717373,0
VEN-03663,13.949066096920536,3.2719910014780527,1.1181068339124776,621.4937163203863,79.85756914961357,1
VEN-03664,-8.097223020579658,0.7901751090259862,1.3705045341887576,622.8813024234154,65.77416514662096,1
VEN-03665,-9.603670549440231,1.3491212458270896,1.820986434343448,575.864883016927,65.74614133757841,1
VEN-03666,10.918765387573076,0.9863037775509936,0.452641827934131,477.58782443996233,41.68150309599867,1
VEN-03667,0.1465882395155082,2.125245900719107,1.559507673850464,712.3184327299042,62.088113235769455,0
VEN-03668,45.26883733899545,2.7819768963931177,0.5353655603640172,629.8211836731434,20.16172325097098,2
VEN-03669,11.73910156599208,2.1861454168525145,1.5755083797868077,635.9407792009646,73.40645528967639,0
VEN-03670,10.9743871646409,1.1469902366086182,0.8349513930076811,530.4720056066903,59.50941001876137,1
VEN-03671,-5.460678813979161,3.170966322752132,1.630782797607322,672.0774685819323,42.68854955304903,0
VEN-03672,-1.4634163146022212,1.6054775388340314,1.722271487822919,849.1370841888101,26.09110439821018,0
VEN-03673,13.36552347822916,3.0404054709580057,1.1380501759869572,709.0693433373249,64.8207770868126,1
VEN-03674,0.8742360868832595,1.334962942141823,1.0951526368679496,676.92308874066,56.13030633080256,1
VEN-03675,3.993998004307816,3.0634971283153103,0.8948139505497203,695.3031517633607,104.13611549412803,0
VEN-03676,24.73991053631975,1.4265372365077995,1.2288611927739703,679.6041590479183,65.03622528303875,2
VEN-03677,23.18054697273092,1.4374594031900214,1.363611050590768,676.2663338700122,17.59276905594185,1
VEN-03678,11.045823901552248,0.5188543060713411,1.362634125740955,751.6580421536115,50.44043032252467,0
VEN-03679,6.816879010438294,5.544885027633773,1.0988142625363078,677.0001194148449,60.1220114251721,1
VEN-03680,33.965316341479536,0.811542976890796,0.8356715337103399,647.3985434003929,20.20018090929804,1
VEN-03681,29.50821649713093,5.561535121040954,1.2481068461936984,668.5554769061405,40.39236668156073,2
VEN-03682,-5.1060860964746055,2.583230325140645,0.9406735394050986,605.156063162885,55.48826189339813,1
VEN-03683,-6.556354727695901,2.516700298957786,1.0467893169033629,641.682632249398,48.20756517269166,0
VEN-03684,8.009042306709926,0.8362576392032356,0.8111871352965497,658.8535261173814,11.27345829317845,2
VEN-03685,-21.2392670471228,1.0470823568887286,0.7894335619761544,711.1055705845148,63.06913149132967,1
VEN-03686,6.927387156741186,2.118638628138497,0.8489080630458291,549.0065483837129,42.83238459973349,0
VEN-03687,27.37161942668613,1.395074743984308,1.1652481002400936,628.497798262141,45.581197525066855,1
VEN-03688,13.326213610673909,1.1879446276468006,0.6372493537912668,714.1529257903993,34.45658591020329,1
VEN-03689,-38.69029088390901,2.1113526351135814,0.7741060606182243,819.2019947042771,21.62303802666164,1
VEN-03690,-2.7859082874613783,1.9421556101477453,1.0307964077604126,777.5830753535721,74.68444463831406,0
VEN-03691,7.160170158242371,3.2616179670749923,1.6728298714945675,633.7013465229244,34.39030125892495,0
VEN-03692,12.952390126152736,0.5183291055138537,0.8289028069690372,627.4659635344605,48.77005118732616,0
VEN-03693,-31.26285473449476,1.2278108033751485,0.6919380651332174,635.7593439179876,31.88001782281753,2
VEN-03694,26.19438742300479,0.8341554189148795,0.7647385717444738,663.7669696980336,60.45684264769311,1
VEN-03695,4.845616225957376,2.4835743088630022,1.2005092796149752,568.6872908778346,75.09075363373603,1
VEN-03696,-13.68143519017766,1.25787797616148,0.7720043524029211,691.989546929853,39.6461477244232,2
VEN-03697,6.284446377009287,1.2498949417029166,0.7929436803739573,589.2354724500034,37.97815603705521,2
VEN-03698,-6.075425844200092,5.030945496772377,0.9383567525266742,559.1277331162479,73.20675500050282,0
VEN-03699,-6.646478554342028,1.3270924601261302,1.6280474623024248,517.2283665331493,49.16630474644836,0
VEN-03700,6.060906194945215,1.8051772507404509,0.5065114420149519,664.2229342076934,51.84131049111374,0
VEN-03701,3.721956662538908,2.4990526233633394,1.0770618194728474,786.7846947582212,82.88603496893444,2
VEN-03702,-2.516352817449423,0.8494144409894843,0.8464277750863761,678.0904261530605,39.02112174721365,1
VEN-03703,-40.36283909966632,4.668956412239184,0.9214346459404028,597.9172862524924,46.851816356148646,1
VEN-03704,19.01575510800172,1.7479090877682772,0.7284705801131683,819.8087620967026,71.84457712160362,2
VEN-03705,1.0783772208942128,1.5569242667113738,0.7805388064847172,663.9843567358862,22.41552688463054,0
VEN-03706,20.32840299131557,3.1219910267694084,0.5353834653688047,561.9207546869261,35.33927204433168,0
VEN-03707,-1.334056202666157,2.271625568193779,0.958618093798578,509.19918356565273,41.75002430230304,0
VEN-03708,-12.86598977139461,4.124441221595484,0.9046422728870482,758.3459895718677,79.5702509440323,1
VEN-03709,-10.987277692367126,1.82635603309398,1.2008406017236275,827.0371715478685,74.38383327036826,4
VEN-03710,-22.44860078400029,1.3090775964017058,1.6902502530106511,718.2319430228084,68.1260905095185,0
VEN-03711,-3.681206829944152,3.0546487946121013,0.4494700060717819,715.4707268267972,64.14703038185449,0
VEN-03712,18.0369391577598,1.318723432667814,1.9971884415943404,803.3342611587611,17.233823291276146,0
VEN-03713,-11.5983263403991,2.8160253798632358,1.3199671792542145,508.3967959330414,68.23651219986141,1
VEN-03714,-12.900110619566757,1.0168373168413083,1.463540490177935,647.6219977255832,45.96202215227453,1
VEN-03715,-27.046811135601597,1.5656633003599634,0.7351306974030684,767.4958296592457,42.263739675228,2
VEN-03716,9.405247042086064,3.656400433428472,1.7277260692265703,727.4275317614156,56.3360096633337,1
VEN-03717,-6.474718516601124,1.7910189882482244,0.8347877064975686,750.1866505230037,70.23765127095403,1
VEN-03718,23.474656027698675,4.123810907135988,0.8792141493661263,622.9449834639339,35.135610334279576,2
VEN-03719,28.14175860054864,3.6931285223592063,1.647550052788188,687.3174943459013,44.1959867547147,0
VEN-03720,-21.957722558940496,4.320770188333445,2.121351942317744,665.4373512707098,52.34476067320615,0
VEN-03721,18.48325360966487,1.264931326839148,1.114260314319245,727.2967114534238,92.66817312206456,0
VEN-03722,-1.9650128509345643,2.5387418425398605,0.8506754955850732,578.4945199732997,46.42013526613069,0
VEN-03723,-0.1961164539072974,4.050909629218749,1.5595571606390006,642.7196263879005,40.86301161949518,0
VEN-03724,8.386668742398683,3.572056813900513,0.6983658440701972,670.2465823783104,23.751293989786912,1
VEN-03725,-9.144770245598645,2.9768975508186024,1.783172721518098,707.1894970798492,51.17759967823076,0
VEN-03726,12.952038240335956,1.7377706384555496,1.3171339519423382,681.4043866937362,37.94054010390238,0
VEN-03727,-11.07064529703969,6.116621882258952,0.8792885869597593,622.9112381712641,71.35692085013635,1
VEN-03728,-10.952120093056006,1.5489403960192587,1.0750047979924988,683.5698917355971,59.92252691430724,0
VEN-03729,12.131154048451874,2.204251945838535,1.4870681591292942,754.4502428782865,35.066411243543,0
VEN-03730,13.459020953124956,1.01182572546183,1.3963460848680798,659.4622443558651,53.78037769720794,2
VEN-03731,-0.3958904924018833,1.1209864316595086,0.8482681366265151,672.9842518673728,24.47209844781436,2
VEN-03732,17.880566576127798,3.1612068106001696,1.2963054329233177,744.9191944648011,5.0,0
VEN-03733,14.76593331557507,0.9460782046439652,1.9343742038251863,708.3049451907885,98.3427543079092,0
VEN-03734,-19.73883445128704,2.2592996462625017,2.177586501252631,597.407857194661,77.60567780089085,0
VEN-03735,19.67950279694535,4.565914020938666,1.2934361026617045,884.1488611100675,78.2527935668961,0
VEN-03736,-4.899481437832314,0.7856533310260729,1.1971945849916985,727.997094371444,73.99993984957035,1
VEN-03737,5.847076049994772,1.3850674525923368,0.7237075543140036,762.1224909536161,72.55009058128695,2
VEN-03738,-2.499640787132316,1.2774487760034223,0.8819824655609199,717.4760230519745,14.82634339877189,2
VEN-03739,51.61709235319807,2.598041526106736,0.9835345527443552,831.2945729002181,106.87806282119882,0
VEN-03740,7.420149314316257,4.67384277063818,0.8775582798755215,783.2619756428585,37.65715746211376,0
VEN-03741,10.661110212930351,2.6880906233627577,1.3049712459131462,610.2508775618356,26.40762327178096,0
VEN-03742,31.37043738210839,1.7447698666714475,1.117495734965785,828.5361711415806,56.57918273596492,0
VEN-03743,-11.370782400252772,0.3392100926254974,1.3656396380732905,677.4622864003541,53.20035780306776,1
VEN-03744,5.407538614518969,1.5760926780601117,1.3824000540948096,679.0355590529421,49.026714200982376,0
VEN-03745,21.759648476216423,1.7061228095059315,1.4405576547437315,681.065997244173,66.68432569339804,1
VEN-03746,6.073064764902216,1.2727952923125052,1.706035178375625,652.9748029312402,83.65874220582671,0
VEN-03747,29.166216791581935,3.1187156132101537,1.8011573735088,851.7356126613529,25.25074675072984,0
VEN-03748,2.388420892921764,3.641120075817312,1.3417236355039914,720.3579986403778,81.65996046704547,0
VEN-03749,15.693299646222655,1.351322426698832,1.4326433233460738,716.604981301796,82.40640204836674,0
VEN-03750,-4.88767375468902,0.911076110949311,0.9608895072938344,604.30792978639,40.73626421735757,0
VEN-03751,-5.879650409783684,2.151308705843216,2.2157581013962697,525.6807467144469,21.46375143879081,1
VEN-03752,-10.20806034419244,1.1543623584566485,1.2197759105876658,676.3704411516497,12.036794355895232,3
VEN-03753,56.97971911813738,1.6863989122811558,2.235607508062664,638.8418460917369,24.960199654326203,0
VEN-03754,21.39185654581071,1.0549419908135504,1.207655976501054,807.0097961578798,61.604651370977216,1
VEN-03755,40.472665467088135,1.6056973692001446,1.2528974720840524,825.2595644807727,88.37946303678274,1
VEN-03756,28.30195725882952,0.6916323276316854,0.9707302199840376,573.93275204319,26.08548708376676,0
VEN-03757,2.055525346015859,1.8329064167954283,0.945969983968071,752.76841940643,56.04097250379107,1
VEN-03758,31.745424817467423,2.911433377732195,1.0839430978522442,735.3270613036242,90.68222077096576,1
VEN-03759,8.657859544566028,1.2849572086115273,1.1488118904076752,684.113761366756,70.09939169172056,1
VEN-03760,31.77228156964816,2.817595293161746,1.1343128270337428,697.8748587087542,50.7661054468709,1
VEN-03761,-13.678495920602696,2.800522042309159,1.3368261640854264,600.639176798468,16.430979052543762,3
VEN-03762,24.413502822076264,2.461421067447399,0.961204019696728,791.1022602735,30.366983233925207,1
VEN-03763,7.099819969788713,1.3886360211347708,0.5097366837682701,579.6037112656101,36.6356484268169,0
VEN-03764,18.309498166860223,5.487849801432552,1.1910429930556508,548.8032590572057,44.56710095143164,0
VEN-03765,14.71251095425975,1.7084610855508948,1.162993024424513,677.5445410029025,27.815776080182324,0
VEN-03766,15.612651704920728,2.620389154236568,0.7825389253996068,645.368121353106,53.96184380803273,2
VEN-03767,-14.39116338991122,1.4623497990040202,1.428205583272992,774.3413682756608,66.25364856215758,0
VEN-03768,-6.996916481283039,1.7263848395329895,0.5293887037013786,695.1483334852587,13.345755793971025,1
VEN-03769,-7.693383646849631,1.583772545362229,1.0869651161022884,588.5806985632199,27.28118360951304,1
VEN-03770,-29.823873474496672,2.6619276730388077,1.2621991469315577,720.3805949130975,52.27716032443982,0
VEN-03771,-9.669590588556355,1.0836029327488896,0.9419935178621434,762.9381392668264,47.04299596146026,1
VEN-03772,-12.876395039652737,1.0901000011350055,1.3969835627959974,677.7194260935744,83.70015114470272,0
VEN-03773,31.256705970020352,3.916306494012149,2.1778612496762357,630.9647975352121,61.14896710597952,0
VEN-03774,7.654911987067322,1.821562251921768,2.332699284042166,788.6035370683721,72.18765964854586,2
VEN-03775,-15.772940295189407,0.9032792724791476,1.021618286758844,650.8946858389974,47.51492980746328,0
VEN-03776,40.12565652488684,0.6704430116402209,1.5318431015586582,626.0870131265858,29.25309037734729,2
VEN-03777,-12.339266825363795,2.461006567652658,1.090335695121543,670.6663416018978,35.24164767250252,0
VEN-03778,16.131156943959077,2.655987827755644,1.3268403872567531,639.2453393651701,92.70463795499325,1
VEN-03779,-33.43201490391186,0.5755078058016244,1.2471759869838186,695.9078114597229,87.13620781833694,0
VEN-03780,-36.71679213524728,1.4444059215226523,0.7784739703043084,618.1520088237835,63.270664961966034,2
VEN-03781,10.803533173020872,1.0808835986244587,1.7564543454308,648.3938481028567,73.66290394163708,1
VEN-03782,37.97428816532389,2.5078275646303805,1.3815510008757357,729.0846482607884,35.656252492711744,0
VEN-03783,13.434450393718915,5.2241063803800944,2.940488819955396,724.1570942779401,30.01093058175264,0
VEN-03784,32.0335163715608,4.719627433377775,0.7236915786944389,662.6401356217139,42.43891249957547,1
VEN-03785,11.571211566350708,2.872707167190152,0.7403350751374727,704.3575021414109,20.773279083267116,0
VEN-03786,7.945616603860657,2.5600240744716207,1.1365844669691856,799.3689599958075,42.79615729826164,2
VEN-03787,-4.170932789839931,2.786132185439373,1.265911634263137,684.763279165837,75.42810662174865,0
VEN-03788,1.890447940672428,3.4109060523060606,1.0456856279314546,708.0603920918859,136.7947446698634,1
VEN-03789,0.3225286796495705,4.205675788939351,0.6883355746515315,652.5952491889603,70.07374382959577,0
VEN-03790,-11.027439545584745,1.658793174143104,1.7963521302002934,633.1634835387825,68.72447098825899,1
VEN-03791,-30.849752569344545,1.490166995993958,1.5648502246168934,764.5694929282997,45.25416823787623,0
VEN-03792,17.43894764601958,0.9495374155794182,0.9171934597295088,844.8425291531704,64.36681898754694,0
VEN-03793,41.85207046518104,6.124819720517973,0.6514579460061207,836.2791319392602,22.22914213020817,2
VEN-03794,4.7431206711890646,4.604057635802712,1.591169174667972,617.2444384514455,54.00269159589268,0
VEN-03795,-2.212967717703867,1.956449854494865,2.106858534313727,611.6295438645991,47.769282980130825,0
VEN-03796,33.18506888617961,3.0775266985666563,1.160886519252134,740.1091747143221,5.0,0
VEN-03797,17.764601943926042,3.7659397570659823,0.7378553225910569,764.4346888237678,85.71452019413795,1
VEN-03798,4.6726070686979,6.0101355879852125,1.695021938960134,480.22552543724464,46.77682590331097,0
VEN-03799,4.020785705502644,2.1280826688629326,0.6735573682359169,582.1639156490271,97.93421716348642,1
VEN-03800,-2.4760951919363787,4.101037948138516,1.1786159663019529,900.0,26.74722216647432,0
VEN-03801,15.833383359295151,1.619287301909499,0.6618269421000188,638.4718261571634,18.98552982237156,2
VEN-03802,6.36778400577324,2.1625896095615307,1.1256444977184086,549.2954305380297,16.86517186883058,0
VEN-03803,39.804296169466895,1.58286370194016,1.113657093700286,649.1105983682015,36.59605523018188,1
VEN-03804,1.0297990374541754,1.9872498885925551,1.1276774417529791,826.9996704854552,75.85456139816401,1
VEN-03805,37.21063909275766,3.173173205491267,1.6115786112168222,556.8479742657225,39.33918177156082,1
VEN-03806,-20.33348983322393,2.3680802567729367,0.8124897939386118,670.7906412500746,34.721071576124075,1
VEN-03807,8.622390924911743,0.648698816869436,0.6893507853135331,548.1775872426225,82.545630124465,3
VEN-03808,19.159032264088484,2.215440247305892,1.1306001224670177,749.9203685662638,14.52109288796236,0
VEN-03809,5.123885099297668,0.5145056574579252,1.2132520878663224,799.7614641000268,45.56248892039425,0
VEN-03810,-11.256668381058734,3.252795555830104,0.8273299682250504,900.0,41.55340186773597,2
VEN-03811,12.814534507277164,0.9339237277318584,1.426083521641771,759.8806572122605,24.823596748496303,0
VEN-03812,18.789919516863375,1.4149365718446416,1.017428773296556,708.677779403801,60.51946372003269,1
VEN-03813,42.86766272548813,1.858794531223388,0.73251808675489,618.0457801097315,53.02964707444331,4
VEN-03814,-34.89070944421803,2.9451660541229923,1.09101752918171,818.027452796191,34.86942395489951,1
VEN-03815,34.39514136206664,3.363453438853712,1.1454163689373529,603.2698107196161,39.73816865112633,0
VEN-03816,6.413472619622526,1.788007312629449,1.160339191910707,502.76451470789146,52.05655623107729,1
VEN-03817,29.236474555579893,2.035807235588211,0.9971628908442202,624.1346001914404,59.69709835044311,0
VEN-03818,22.07930928708661,2.6251509034566305,0.8374686610839464,762.3467866953749,59.46594876316537,1
VEN-03819,6.119704406426672,2.9335301050975744,0.8393112604367511,531.6610232793017,66.84477585916878,1
VEN-03820,18.429831114043264,1.3165931341297246,0.7726123721046503,646.2599827101644,61.57444850157693,1
VEN-03821,-25.961112111596044,2.421395612465288,0.8437354148252587,770.6705600421876,39.91454041365462,2
VEN-03822,-21.673832123506703,1.5413591552028874,1.143265596987553,701.8026264072944,44.50022365214242,1
VEN-03823,-17.38295910908394,1.0119997151405524,1.2043128438702204,662.1464311715017,93.588315966798,1
VEN-03824,-5.35377006855653,1.1800740955849691,1.6540562290874896,686.5840000373886,61.68348143211281,1
VEN-03825,3.0176962417138338,2.46981191393584,1.2553133773678058,832.2248889193454,5.0,1
VEN-03826,7.536891184409108,1.102903471162307,1.255824385229851,646.5219192388109,30.95136823627997,1
VEN-03827,-17.356622655729208,1.3101921479085497,0.920402731768064,817.7834245516524,64.43183254929501,1
VEN-03828,34.70517207457443,3.978220629654168,0.5380678475705307,673.4646470788148,54.68223042594819,0
VEN-03829,34.54285206376571,1.829539280777236,0.9385485123335264,845.1463656136538,55.64091776806392,1
VEN-03830,12.718190651632328,1.2823356659504634,1.897422746948612,752.3366311516406,61.33102564103793,2
VEN-03831,3.7300169887676455,2.099691612265842,0.6127673084733303,892.4142734035685,59.54793741660074,1
VEN-03832,-16.53550821276011,1.4130630785416525,0.970265358831688,754.6453564951958,38.15934875908272,0
VEN-03833,-24.19985231705621,1.2122661813177698,1.0136503615184098,750.5314722042651,61.75610374472332,0
VEN-03834,-1.2876645927166548,4.74455558211458,1.0161741089543777,641.8819094662119,23.502040643690457,2
VEN-03835,-21.298740740836248,2.008572123223963,0.5881701607657557,646.9649070665639,23.603950459688225,2
VEN-03836,-4.406306511587843,2.105178142816227,0.6610750820297447,778.2124629353274,43.0411137451939,0
VEN-03837,-11.06036231929014,1.3403030454829057,0.8618117258379359,645.9111343862853,38.09959051299953,0
VEN-03838,0.4418471014732077,1.4634806254085688,0.8997265151513125,635.7281399219963,25.079719389733956,0
VEN-03839,-5.229758549781701,1.1302848349263417,1.0417771961237383,677.9307464387446,50.631244544865005,0
VEN-03840,20.697527393171164,4.700773096240212,1.663791324068934,756.6652790985718,36.37621020067131,1
VEN-03841,29.315696298296924,4.196640065105591,1.8056701390516472,586.8426297504392,52.05262868888805,0
VEN-03842,0.96238531837459,4.899576656827537,0.9611966003677254,785.0682376532676,67.39738486946831,0
VEN-03843,20.2435900588924,2.192809478078121,1.2093970063378516,798.252641469151,37.31897116714495,0
VEN-03844,0.1264006810028224,0.9813316221453512,0.8644468562266931,660.477040841577,43.47356118420246,1
VEN-03845,30.99141319672893,1.430529910137886,1.1535313168545496,629.218538652848,38.99879987510042,2
VEN-03846,-4.199611379929968,2.6203446149497203,1.6374510594568803,628.5011404865202,47.06252943920254,1
VEN-03847,26.975150026785634,2.813023042918858,0.9095716946165407,611.3917983729133,75.3601612829982,1
VEN-03848,16.577770353232516,1.965445322358688,1.414938497825925,900.0,78.46301474914088,1
VEN-03849,-0.0287694376511034,3.627255521651647,1.0273090737389698,805.8802927608897,44.259909903580606,1
VEN-03850,31.765126441819387,1.6704575738067355,2.464656789908252,668.238084184021,58.03321010613985,2
VEN-03851,28.279950874052112,1.5703997989294287,0.7861287836385129,726.7390107767117,38.21030651588677,0
VEN-03852,15.876663155260294,3.333209852229391,1.6139999991581546,778.3072602148562,64.69553723916975,0
VEN-03853,4.977669097985903,1.3766769073808214,2.737858545733933,652.9670987399942,31.29597920308445,1
VEN-03854,-16.5475387133512,3.346054046662959,0.6803790632590384,728.5741506782687,31.197728925274397,1
VEN-03855,1.823656222642061,2.1197385834859315,1.4071868597433472,753.349454184048,40.422894586682816,0
VEN-03856,-17.914021420238633,0.9859789192563648,0.9799177769521996,657.6048329358865,75.65095598039204,0
VEN-03857,-1.1330838976254825,1.6427290447201577,0.6036389622382964,520.4351615669137,68.3870925733246,1
VEN-03858,15.628933020133916,1.7818622138674134,1.474578245909196,665.6938094205341,69.31266806121563,2
VEN-03859,-16.7240938866577,0.99855869859503,0.7402913511632785,632.4066682140802,85.2788954328662,1
VEN-03860,-1.6907438380882986,1.325119774854103,1.1132381329707566,797.9007965640469,44.17314350740841,1
VEN-03861,36.32137908750198,1.2294503298099866,1.6922032901771944,673.5552624164502,16.078783216818252,1
VEN-03862,32.09926677991082,1.9064029306320247,2.0125099965340905,665.9468880693927,40.7034286616358,2
VEN-03863,9.559842239839686,0.773007485793659,1.278003463608074,584.3569134686367,70.12590719546688,1
VEN-03864,2.3456772355758333,3.4427803964453085,1.6874621955064224,772.9849637342372,11.364085973038163,0
VEN-03865,16.76663988999288,1.69965040211972,1.2077129219201728,639.3749697630759,35.83340303333357,0
VEN-03866,27.043219587611706,5.68968432510118,1.4478550565096768,704.3823217914271,44.921751357262536,1
VEN-03867,34.129914543353514,2.0533671984057795,2.469562551242792,525.9361705551829,54.60228299441478,0
VEN-03868,32.531391280961856,1.122207543879132,1.399943059796563,495.5917857796545,19.05576147390744,1
VEN-03869,-6.797862844531684,2.2667038826034163,0.90393443368597,549.1782141786119,62.23823849520375,0
VEN-03870,26.53515805739254,1.5178172496332991,1.824465874471673,601.4841163834686,70.91244900542924,0
VEN-03871,-11.97018320963111,1.3669396353997123,0.8209508287103554,688.485147891167,18.57229605897581,0
VEN-03872,-4.646627264319978,2.9906126209477826,1.6584818817319515,631.4619009681495,15.300757639477496,0
VEN-03873,-10.15949766183564,1.9086657622713088,0.9749831620116036,771.1403786811038,42.15918558699466,0
VEN-03874,-20.51112867379531,1.5019330273457645,0.8957464708070498,746.3344844551552,27.959102060366888,1
VEN-03875,13.337238110059296,1.419140193383409,0.7631482771976408,900.0,68.30733541388514,5
VEN-03876,-25.07793873652675,3.082854366297061,1.8414645618276704,647.7529885521426,48.7020942783924,1
VEN-03877,-3.500367410121516,1.6685595374537865,1.582073921682891,688.4100538668171,51.16692644953313,0
VEN-03878,32.09086641353523,3.165846616760994,0.6971392055933876,717.5707230281618,15.831138978662205,1
VEN-03879,22.66973508540256,1.5296731327443158,1.1717420264980032,635.0955139886047,33.99811215845146,0
VEN-03880,1.503548745396941,1.6648403468626525,1.294126833082586,724.7246775517442,42.32888687628213,1
VEN-03881,12.381948511346955,2.790895686304393,1.3304480563462118,612.9141903323941,83.03609100143389,0
VEN-03882,30.007563989235894,1.8857078508644565,1.3417635445196188,781.8257176547631,24.58322186319792,1
VEN-03883,0.0692910999204778,4.209082561878617,2.00238973758635,772.5422090085369,27.45771406844393,0
VEN-03884,13.795213797421091,5.091540870371238,1.0554133201506204,735.3505514676558,31.88610759658436,1
VEN-03885,7.559495360968416,0.989939769292861,0.641925304783213,698.0321694061244,55.11007963416465,1
VEN-03886,13.385745994931032,1.511302668943349,0.8673137698057295,768.7787276114591,72.27721002177273,1
VEN-03887,11.714875462664253,1.6481744873101605,1.8606424563989,811.1913095096226,16.033889419993777,1
VEN-03888,-13.649137042663863,4.698169018968932,1.330618408391496,703.5669636208364,63.17830290554855,1
VEN-03889,4.493682481309785,1.6584706237263025,0.432556898584975,643.5913878187359,21.24572593285356,2
VEN-03890,43.92602003354635,2.453181731383379,1.2257999227201477,719.3943475210299,52.18685438886352,0
VEN-03891,8.79033279582506,1.3585947174403177,1.2239052935395618,648.1816964944995,46.21826415707815,1
VEN-03892,14.268974137227026,1.0339942934538475,0.9086501877136656,563.7473267838748,69.99039998916359,1
VEN-03893,41.88142632490983,0.921349958905124,0.7154108940209956,695.3871531838387,57.708107674124655,1
VEN-03894,-12.696204942985707,1.61742725972183,1.5213125914051793,794.2365438799333,36.64019163141121,0
VEN-03895,17.706249436030696,1.163757871715978,0.90763630913019,579.6694711161706,25.655040681249023,1
VEN-03896,21.94357184361611,3.934667933560639,1.1998554272376598,733.4361556075296,44.88579228842266,1
VEN-03897,13.014626550268764,0.9658487583946316,1.7299533553772446,736.0170696962277,30.04914316083668,0
VEN-03898,-12.127040426617564,1.0585731697206298,0.6123346726630753,757.7101533337881,70.776111393496,1
VEN-03899,8.150131090051127,1.6380083895529676,0.873593684040239,748.2534555242335,83.88407243441912,0
VEN-03900,-7.690233509914195,1.4716824546519784,1.4353679603635328,566.2256553607106,68.41927645947584,1
VEN-03901,1.6844458656626315,2.131711615647916,0.9427050946196542,693.0539637598,47.62505871560175,1
VEN-03902,7.255360464583854,2.8242067456658027,0.6157048874391563,592.2709869441569,47.23795574362793,1
VEN-03903,4.291393590370468,2.555611907320103,1.107217973233612,659.8465856646425,81.06516983925835,1
VEN-03904,-31.2423094321977,1.0919454613252515,1.8520942873581407,702.0437485262887,55.79499151022942,0
VEN-03905,-12.102972593990764,2.7093805326281326,1.039508209860326,566.2043259304608,39.18769875698602,0
VEN-03906,-6.2732964436341785,1.7917757019934786,1.545240842653245,707.7737832154551,72.68742565918622,0
VEN-03907,13.877355671426647,2.0480733474465644,0.9391917158249818,756.4400578293936,19.777808254228468,1
VEN-03908,-5.247579352912025,1.3422938961720456,0.8179571085466314,718.0270703556072,6.65598455753571,1
VEN-03909,4.622694232430634,2.6085800395992726,1.4350937068788758,753.2811058598236,34.31141838070925,0
VEN-03910,9.311702422080138,2.249779543893108,1.5427293384532867,670.1176977809629,62.21694136815544,0
VEN-03911,-27.58574301093151,2.1984159788572866,1.2004291246293368,530.5829781902022,87.02877503914166,1
VEN-03912,1.0257119938788666,2.310458101370389,1.0554045386857405,802.8861611162406,56.59963091341312,3
VEN-03913,-60.98919986119071,1.0724871606912407,1.199889622734034,745.8297924624981,19.19815276091991,0
VEN-03914,-41.271300761701255,2.039894676198117,1.224005254667876,765.7589262372201,64.61881059558809,0
VEN-03915,2.9746173162467224,2.2713330036742057,2.3508253520694824,636.1909475555537,53.38107075960243,0
VEN-03916,10.131816921854847,0.9892298449416748,2.1260760242117933,900.0,11.717718451686808,1
VEN-03917,-26.019871441313526,3.708406254817551,0.8567118074189776,642.5953901591665,45.69799239056005,0
VEN-03918,-16.793199034022933,6.061475490777966,0.8982633118265458,828.5724399392913,94.39040358870427,1
VEN-03919,18.37973024059276,1.6308682686485918,1.4094820623128093,757.3846513678728,25.69217062412737,1
VEN-03920,-19.692229690497584,2.011532204617462,1.0856747481753612,637.0830827247131,58.27403251946848,1
VEN-03921,-1.2823354260116435,1.6066137325861405,1.554248395694233,638.0760199201011,7.31953423838236,1
VEN-03922,-27.20597468828487,0.9329403742785836,1.1006881172338665,748.9893391929517,83.1144440959561,0
VEN-03923,6.136186552721133,1.8547372524498225,1.6504678838732176,859.9171221603264,20.527935864934182,3
VEN-03924,-25.899483553307423,0.6360903765526243,1.1128374517811743,561.9338352523944,72.49977580581597,0
VEN-03925,-6.13378089603178,0.967145331682,0.6301477595374323,746.2358857726153,28.80983189321685,2
VEN-03926,12.179660611675352,1.9795532025533416,0.8977659931874422,711.0634557191486,9.170213694969476,1
VEN-03927,-16.677325928848745,2.110553898189518,2.1825737480754226,768.7444491983465,65.53738691332822,0
VEN-03928,20.868372459115072,1.6239551160131631,1.5088608563165171,542.5344864069132,51.87712214249856,1
VEN-03929,42.97776538223421,3.2788865355499315,1.2712220237115557,704.6038195023958,69.16021988672574,2
VEN-03930,-3.2832039833809983,2.9844684863372293,0.7852786312019261,738.3661067185898,83.82679930587673,0
VEN-03931,16.84310476221922,1.5850721370251646,1.191642141024795,707.5078143950193,64.21743960218805,1
VEN-03932,-6.417025513868067,1.849955526681194,1.6275787790988323,634.8342030917224,20.858567734766467,2
VEN-03933,-15.2465532193271,2.198250090338789,0.8753606039225411,778.4953699589374,36.34721675004749,2
VEN-03934,-23.189927208229754,4.816419481047237,0.7495601099527763,712.9458857599273,48.98409023792989,0
VEN-03935,-0.0582269280288212,3.041347877432077,1.2452091976431126,502.8792613147323,59.49016827068464,1
VEN-03936,8.264705973943562,0.4825305798674963,1.168515112312951,893.530155258457,30.676780106079867,2
VEN-03937,-1.6117612400489412,1.3248544917728158,1.5052128115401164,631.8856328914726,47.6755748119643,0
VEN-03938,-20.71474566017947,0.9135631373889818,1.9621054609054205,553.1379748403804,43.045544994453294,0
VEN-03939,-11.47999959110167,0.5751722933716475,1.12839831321856,610.0171110186898,5.0,0
VEN-03940,12.244624824451025,3.10082387046026,1.4339082893226427,587.0792914429545,14.966073032306577,1
VEN-03941,27.56236832292212,1.1816826161942058,2.4078217488532374,502.4143062797239,28.53913822034965,0
VEN-03942,-1.8766609799362817,1.6669024098121314,0.9246920081406056,773.6498548580961,64.34817838118333,1
VEN-03943,7.326771962495812,1.7295121135186455,0.8350554466998232,651.5870243329382,72.02796166664207,1
VEN-03944,23.38564703407963,0.7895818865012715,1.089560901060559,699.6932609976012,67.53532258229835,1
VEN-03945,17.719390356436218,0.9190195210254684,1.1127560807771946,619.6187618455419,57.112538956096806,2
VEN-03946,-8.078054975086884,1.9723010330207809,1.2275399531980136,711.0951515690806,58.60063147958224,0
VEN-03947,16.91047349772415,1.63966570210513,0.7171404876660586,587.5585933353304,98.37334463508256,2
VEN-03948,8.409801077132471,4.046181276305605,1.346782433467072,702.6915171338923,68.16169072991612,1
VEN-03949,25.202968351296533,2.0021612906904305,1.5575934844854515,635.8389045218811,32.71732344608364,2
VEN-03950,-9.636547925269436,1.0492007731564086,1.624806108274252,668.2011222939628,31.259383886848024,0
VEN-03951,19.34447534150408,1.8525552516128203,0.8773124996331998,713.015171491729,70.21530706158754,0
VEN-03952,0.643718079424942,1.5315729505203035,1.2042169714896718,640.4665957314777,27.36762599396369,0
VEN-03953,4.342646265355498,2.648193420437423,1.2392782736452024,657.6207519678712,51.32262790290151,1
VEN-03954,11.464898604249717,3.2079486557897687,1.2071066869244735,709.7388527023119,34.12078198142908,1
VEN-03955,40.23193669016511,1.3073275871370231,1.2949491437372578,645.4685379447347,48.88620722940616,1
VEN-03956,12.010650506318864,1.431698309292121,0.7763844087723397,718.1022212397154,47.985179679521885,1
VEN-03957,12.60123378272096,4.346236056031303,1.1304811963569077,795.1360375726276,73.67964322128091,0
VEN-03958,28.95662077651565,0.5455911090881004,1.3448278416113508,704.8432042950824,76.32473581162279,0
VEN-03959,-9.327565558698357,2.4755899489858093,1.21263740956107,799.0237212729139,22.430147497440945,0
VEN-03960,38.74700380625084,4.079682873077252,1.459910009601027,639.0980836268824,82.85841005759531,0
VEN-03961,-42.96314629120547,1.376228476650424,0.7605890813034799,539.4644937789155,82.16610553713849,0
VEN-03962,-5.372772677646129,2.6602734109004444,0.5594537011336322,612.4178716979336,41.55247749060864,0
VEN-03963,-2.171111788381628,0.7619012319616061,0.8340740205042033,783.5016688258843,59.33434423208083,0
VEN-03964,22.25642946627685,1.299528211815234,1.2785792954578243,754.5714874910826,34.75512311984404,0
VEN-03965,-26.80480659900937,1.570520741291942,0.8838438340214975,846.9513316705412,12.335990810124857,0
VEN-03966,7.390895025278888,2.230427192675158,1.1172916311390375,892.8826228723501,5.0,0
VEN-03967,13.803715420283172,1.4664273729456487,0.5997443131419186,894.438382557662,45.854276405751634,0
VEN-03968,-15.787545197964256,1.186441571127139,0.865487304672066,703.6304303328501,72.44814435444553,0
VEN-03969,-2.8471544886311264,1.1742571619485471,1.704205563850762,738.8616148575354,34.729715014096655,2
VEN-03970,-2.050098224475972,1.422002148327442,1.1727330306680912,592.139283486016,73.72694801222258,0
VEN-03971,25.446709467233084,1.002416879150542,1.232798055148801,751.2532388956386,48.59265163228211,0
VEN-03972,-8.942884881356509,2.9872527042077457,1.0068083139406503,664.7432655137845,58.66710766731848,0
VEN-03973,7.642830924813105,4.83054733544459,0.8553462380408234,526.063764329661,49.27601114643843,2
VEN-03974,24.983778093496287,0.8475762690119394,1.177344385261636,844.939875421441,74.27526178066381,2
VEN-03975,4.01081339948056,5.219191730104552,0.7954438741082637,543.1023490424443,66.3748404886916,0
VEN-03976,3.509743857263632,1.1352455904045162,1.291692502206609,508.3304873022678,38.291385730384086,0
VEN-03977,-25.86953418169506,0.7130410151006562,1.9598128384024207,763.0114966446241,76.33143035607468,0
VEN-03978,6.484104189905115,2.236063122048914,1.559899823108901,641.7277239434902,62.8368822754858,2
VEN-03979,3.6026284843262344,1.5824370891203523,1.4625931089973352,591.8411539816454,80.48446802355214,0
VEN-03980,-9.94622072328919,3.1669730970075007,1.4800718834758635,776.8136631241002,53.610869047261446,0
VEN-03981,5.079636527680675,1.754570712361673,0.9041619267982224,813.2093422896404,59.84844915588886,2
VEN-03982,20.221422253229683,1.978056143892547,0.7793957377348164,553.8832397645696,64.49823005837551,1
VEN-03983,16.68192802394335,3.133259980613293,2.158749234879448,600.6312945596623,68.32542373643675,1
VEN-03984,-12.51525791719287,3.079586820109031,2.084080975644569,632.8961968740908,67.66648769332105,0
VEN-03985,-10.891696727443712,0.7554593999182494,0.3349631743069718,697.1780049531046,49.64855093047308,0
VEN-03986,-22.507987720039345,1.844083619489992,1.6336474111990469,725.1427473139129,85.79365924069685,2
VEN-03987,-40.6746011611617,1.7290299141859111,1.9567734324093533,734.5964762410476,51.84933989664081,1
VEN-03988,0.4180022001217232,2.6990984488568395,0.7675872024348844,670.5331809005746,34.872795729976204,2
VEN-03989,44.72033392806395,2.1421989088795894,0.66902477910948,525.7475427999666,31.106320068105703,4
VEN-03990,-23.565338523469716,1.7893072114101318,0.9849828829060036,594.587724894283,24.908396761218004,0
VEN-03991,-16.237094427202408,2.526796878222941,0.6219916549474103,653.2321206150064,38.99571315516658,0
VEN-03992,-7.0380005983193765,0.6086621452387495,1.2804890555189303,753.5730779006803,74.51920322451028,1
VEN-03993,-5.002048276470237,0.9405097605334242,1.2442701361981203,708.6584501764465,91.12026857143692,1
VEN-03994,-3.833976036846005,0.5448527725754134,0.575116684991799,668.0457118830807,44.775957319119,0
VEN-03995,7.202311783086905,2.4717192119846896,1.181566587916621,779.7872322139054,42.21037820492084,0
VEN-03996,44.080538112247424,2.4482894383087026,1.3081618051364732,828.9391931573937,54.94214735397058,0
VEN-03997,25.366598319424384,2.802194084383455,0.7710322399071025,742.0392972600123,48.95983757635367,1
VEN-03998,13.292815072217785,1.8111708699864464,2.0002465157027696,664.7072580408225,53.78550886404215,1
VEN-03999,-9.20745716130121,2.3779964007489545,2.418184127677924,837.6920451671647,45.955918535475554,2
VEN-04000,-2.1925488381748046,1.1308943815810968,0.8502963659718171,646.1887387295371,53.34406129295076,0
VEN-04001,9.312891531754705,0.97561073600358,0.5484193819868162,754.4251584503199,52.258812962357645,2
VEN-04002,37.307948840272445,2.346543950035725,0.8433541085952941,637.5600623802877,51.65651793354196,0
VEN-04003,6.423203339003506,3.099173675580237,1.7609361334039928,731.4777911368043,24.161583272351084,0
VEN-04004,-10.987095882354405,1.4096060306226563,1.8130656918231285,526.088999121305,65.31539937798257,0
VEN-04005,6.654038684653172,2.4468765838201603,0.7579043617897574,642.1312831686776,21.019447664826885,0
VEN-04006,16.11260072115151,4.604910710727939,1.458460547288616,701.2181276999743,5.0,0
VEN-04007,42.34658106528779,0.9246157996784558,1.0011999301910206,609.0272098659428,74.3790100759702,1
VEN-04008,23.37543539110674,1.9917049197778904,0.9842668544828942,556.834696533466,36.22935259802297,0
VEN-04009,-12.337778097063117,5.478045209925376,1.68048766957007,619.5234758718483,81.75068564217719,1
VEN-04010,-45.76785030784422,4.292372920049218,0.4843935863087943,632.1385394559951,74.31603832581985,0
VEN-04011,1.382403497633134,1.346617643282814,0.8753473789234767,751.0275659917227,69.69974972695452,2
VEN-04012,9.632287275818411,1.8961243136467176,1.885993887917569,646.7013597661305,81.83097654713268,2
VEN-04013,-0.7315125934214688,1.789118334660443,1.0121264344040837,731.0867540821315,55.22274852963695,2
VEN-04014,-17.61108744364724,3.41787950446437,0.856335795769219,819.8129902783118,61.6076206457808,1
VEN-04015,7.440618632593784,2.7051212221980667,1.4675433018463315,797.752167308719,60.023181052719536,2
VEN-04016,-35.1124877378044,2.218514395607412,1.1740999108853063,762.9530988776563,64.1600709810436,1
VEN-04017,34.83902361657927,2.0540706726442624,0.824570745193952,777.0591154408169,58.26642732676837,0
VEN-04018,19.46120510088492,1.986507115546941,0.7203312820339486,609.0399881448643,91.44372824668292,0
VEN-04019,-13.875563539821355,1.4723977905031174,1.9679057129897557,711.8247941205043,34.5344039032546,1
VEN-04020,-0.1385979587777264,1.976960526837222,0.6923015369778618,615.3744114836121,49.92208683338161,1
VEN-04021,1.0503991220017372,1.670199976526105,0.7755777773902823,582.7348940316042,76.29242464408816,0
VEN-04022,26.40571485450384,2.245624010053456,1.0443305226325614,701.3913109517802,65.84288794813958,1
VEN-04023,22.05597276030049,1.028615633207346,1.2547445368041572,673.584215825142,62.67804291623707,2
VEN-04024,-1.1956901398800932,3.126541916383635,0.9641449553382532,596.7210004100981,20.98272522880016,1
VEN-04025,-5.479008945721724,2.176926786155692,1.3001986505740524,597.9710089050883,52.40197957596369,0
VEN-04026,-6.710887235842032,0.992056997355392,1.836825726755014,822.1908428857912,12.86703492147511,0
VEN-04027,22.005471847242152,3.660719163089528,1.084361512331612,707.1238989534834,69.77976913067859,1
VEN-04028,-41.83575988002399,1.087940407597861,0.8938879303287784,536.4662234901807,65.65670813648592,1
VEN-04029,-9.252424702417258,1.4500577941013637,0.850220764578373,754.9213694013613,43.31496868781617,1
VEN-04030,-19.807720129336907,2.6875890591825287,1.0214615193290697,646.0476740455555,62.248982124889,1
VEN-04031,21.714079362793846,2.076232606169992,2.2504702110237687,518.4352421532449,29.632625486425653,1
VEN-04032,0.3403437872678303,1.5926234316159058,0.7379739780220718,534.8881242453268,49.26194251959268,0
VEN-04033,22.11855715679952,4.2479627467963965,1.2104726718556482,654.1561062290057,72.57261317235687,0
VEN-04034,-19.4521485441959,3.2419883320506138,1.1739801910825314,515.4614619665315,51.64093647389954,0
VEN-04035,44.95064621278175,5.675078332711955,0.8740272517044876,739.378575435677,74.97848497430536,2
VEN-04036,67.37023606746203,2.8213477363499204,1.627966118914769,693.1566077700274,55.48742788028108,0
VEN-04037,-38.9440445427857,2.489437587174548,2.094323594477261,871.3104283654287,35.94952027503172,1
VEN-04038,9.143180949287984,1.5443231412477103,1.822505701473052,552.8224615994493,28.71706450840511,2
VEN-04039,42.02342466365616,2.238862885757173,0.8224661096405621,781.0875162060472,68.05992961753262,0
VEN-04040,-26.677224579763923,2.660115600281857,1.1554034646401128,763.0520694246834,24.75362244977585,0
VEN-04041,-27.858041474371028,1.1916069714363573,1.052286129079946,682.9968826028203,40.97306929522836,2
VEN-04042,16.278280644961555,2.442447044071171,0.8829641637560179,717.785907356527,79.45880173064037,2
VEN-04043,-10.800221772886054,0.9394746724574816,1.3773638797926788,590.583647898495,85.10775934124332,0
VEN-04044,21.788738272251543,0.6360586721358843,1.3572904871032627,762.1704186184622,72.9828879200678,0
VEN-04045,-8.990041675032135,1.6317126165756033,1.24855389471493,479.1117872546279,20.86644817037345,0
VEN-04046,0.9284975907773544,1.400532848860525,1.0735429637302514,806.2551427131104,56.77238437788282,1
VEN-04047,3.8141169524903935,3.933337952806829,1.1966733157196543,604.2213629549938,68.06532228974527,0
VEN-04048,2.383308188027802,2.47844586985324,1.087048682707923,646.8640323914086,96.79824068477518,0
VEN-04049,25.80849323618425,4.995670981470069,0.7404625350052588,770.1442249776103,60.8075293502513,0
VEN-04050,24.491794771832364,2.5794303709655946,2.227850510794809,773.9585227739094,43.16445638764367,1
VEN-04051,6.070604756573734,1.5411088881922106,1.5043770392922426,812.1529759613485,60.95479390482653,1
VEN-04052,-1.7359714479469277,0.9831261272411038,0.9293342024032608,579.8759659426371,5.502450219613252,0
VEN-04053,10.018844987739968,1.274951184254125,1.376365486748066,650.8944885356444,67.7573436927381,0
VEN-04054,61.29082105387785,5.325570734323,0.8784496432831655,678.2524104307856,31.29101734162533,1
VEN-04055,-13.193054466380069,2.990292512141413,1.070311142311676,491.849948313894,51.7926770831533,0
VEN-04056,11.096510880907717,2.359161066326777,1.1150658629417267,761.6940025266725,6.757766151204208,2
VEN-04057,29.531718548376176,2.6713491674666545,0.6953949953927572,713.8147198775048,28.097300859574897,1
VEN-04058,5.699321215545898,1.6488459065382406,1.3782800044349346,684.7580701655652,46.94267952659244,0
VEN-04059,23.78629212583812,1.0150172737864185,1.3721010562355538,521.3734624645576,87.01017216903594,0
VEN-04060,1.5666240997006264,2.4800208158697568,1.3353990050926492,615.7171658841394,40.63362164701773,1
VEN-04061,23.06093955212229,2.7304311652558444,1.1387581261436832,779.3987429234013,63.84055293395751,1
VEN-04062,21.38052741781503,2.9053396057713576,2.031727028353479,719.1697812845638,69.93649388912348,0
VEN-04063,-2.0341524367217936,1.5106968579130735,1.5091689030286777,591.3648821777938,69.18452239718656,2
VEN-04064,25.01818689409604,1.375372973438871,2.082664623571941,651.0832858508641,24.52447688512714,1
VEN-04065,-3.228721642891829,6.775798531008627,0.8643621419024686,654.069066045671,51.78102216987491,0
VEN-04066,3.9545449043487055,3.238796598820401,1.1277703893171136,577.519462442916,65.65534895620225,2
VEN-04067,17.204629995795703,3.222745487584918,1.0302890202144432,701.7624519576239,80.55406455229371,2
VEN-04068,38.2151616856025,2.0178676159611206,1.117701750193793,802.3052113462093,42.015020234503496,0
VEN-04069,-33.35078906537021,3.9671187436329527,1.3688050225064967,557.7158472754043,79.56962148250841,1
VEN-04070,23.02965664141796,3.0705115528625355,1.1829411139993506,691.4069081672471,48.52944893112785,0
VEN-04071,30.41594168229699,0.7075817040041974,1.519471483652043,679.8798525258304,78.7288755497619,0
VEN-04072,-8.277002848153442,2.938356682901717,1.3599342034082338,502.76972947614433,65.04286992620719,0
VEN-04073,6.290912497942358,1.1671973518875798,2.344373739777776,747.4789836007661,95.59337758815632,0
VEN-04074,20.293542989778462,2.380268223875456,0.7952044419282077,555.1443573600026,41.73914600080614,3
VEN-04075,18.202590198321445,1.687806231541896,1.1773868701885408,701.4025892520333,68.99634781700063,1
VEN-04076,-11.212560455069962,2.368113300453531,0.7631066186875876,685.8055150869596,54.84368450619522,0
VEN-04077,7.392732523495518,1.3939129810739082,1.2964657312519334,579.7230286609087,81.72970001221377,2
VEN-04078,-2.981318266713858,3.5279163291488347,1.600884792418118,530.0548246509231,46.221021225923806,0
VEN-04079,13.884161157631604,2.621136605321195,1.2444830046888964,610.3812791543787,42.88637026986316,0
VEN-04080,17.27453939291442,1.4348911592206284,1.6257114860778796,736.9088672802835,112.79008039968102,1
VEN-04081,1.718910319000484,1.3077986969512476,1.584066947570335,768.3414847108645,56.88137816190218,0
VEN-04082,1.5581096941201933,2.346234430789874,0.9727072223738292,877.2797187114876,80.43508687572366,2
VEN-04083,35.113748152778044,2.7761674114826507,0.7036916902049185,730.4882819054723,25.96016424485658,0
VEN-04084,16.983688312013935,2.7542858908046552,1.1620102187042411,636.330256259518,69.92526942880056,1
VEN-04085,6.375422843261665,1.3322688624058818,1.1336423898775196,563.4283196666579,66.92029001646206,3
VEN-04086,-15.660526621314943,0.9363264190575076,1.112536827040724,486.90668348536985,48.46933555728593,4
VEN-04087,-16.8017965362567,1.701576090816879,0.5803063170185452,631.3051914727974,27.514244492330462,0
VEN-04088,-8.07037218084811,1.5338129800580018,1.1421027859679014,541.0212945633784,26.7994724743798,0
VEN-04089,-10.994356021994404,2.458248004042373,0.5154375524896821,761.4662255455548,39.73237928423114,1
VEN-04090,27.18191872465484,0.9113892762119464,1.3218097503287003,787.3042636986254,44.369052080452434,0
VEN-04091,-0.4800122932864479,1.6426895772126644,0.9657065568187736,688.0514128266549,44.87049243433808,0
VEN-04092,-21.66157935628933,2.8932285044109283,1.1083527875624724,706.5709337044422,66.17221461335028,1
VEN-04093,4.7785249684144215,1.5286728504787368,1.3684862091564178,614.0455662765476,67.62556777532406,2
VEN-04094,-6.739593022625972,4.870407693650045,2.355046415819009,781.8574732510178,79.84183874314033,0
VEN-04095,26.213071688888085,2.74347945679128,0.9743821724078124,693.8437792047254,96.2209569770011,0
VEN-04096,19.78298201957236,1.3249228512385214,1.96137093169856,633.6155422218853,85.78852357353907,0
VEN-04097,-2.904421391225176,2.659277498293916,1.2508246989061986,713.9654911711995,46.11737882713808,1
VEN-04098,-15.578852893896496,2.137126002977209,1.721371111988457,857.6951791184938,49.69617084570885,0
VEN-04099,28.06546436520435,2.217147894583637,0.9659701566296462,728.7885853031166,86.7582572772813,1
VEN-04100,51.00238686761339,1.7083042004902882,0.7334717085812401,777.2611931049908,51.87301396314748,1
VEN-04101,-11.761116706574208,1.5042892433648227,0.9394109805469216,657.1875869014863,48.61584785634162,0
VEN-04102,-25.72222986349575,1.9733400266810384,1.373993143113356,626.3463263377186,112.83117531092432,0
VEN-04103,25.81518686957572,6.752493779044349,0.8521466563797531,723.6569712542147,35.21486408215672,1
VEN-04104,8.677916219739503,1.8370471202992549,1.193450700530564,669.4904606353762,54.7994547822645,0
VEN-04105,9.113935330651794,4.812254328217064,0.8941072055727901,606.1701157275893,23.508770163743208,0
VEN-04106,-34.82804114352581,1.5697819620974929,1.2594174901986503,648.9299076695091,12.850509059957702,0
VEN-04107,-12.91426629065288,3.792956408048581,1.8132103408586648,567.2996417405074,19.213194873771144,1
VEN-04108,8.87350113076629,1.1278668809538264,0.7592643888228332,720.8957514457954,44.105538544119305,1
VEN-04109,11.519169337440657,4.477368050935268,1.9122467559414345,579.8001899146467,29.529436432857768,1
VEN-04110,54.17188092115055,5.832193120665686,1.646426004583859,631.1538974517674,75.07143207188227,0
VEN-04111,34.34436419111232,1.6267002219487945,1.9427761956862069,721.0626998759037,53.09963023504282,1
VEN-04112,22.935550793725824,3.026778012634445,0.7401409950766501,708.1513001703961,48.00957831227447,3
VEN-04113,-36.547359665904565,4.471703377070238,0.956990639078526,683.9945425149248,30.491806165826752,2
VEN-04114,24.68487742752436,0.6014655347924288,1.140917854937041,678.5891243483858,96.53531172952384,0
VEN-04115,3.613397629528115,3.01176849344214,1.2510185285060538,659.5677612294659,80.60107485108878,2
VEN-04116,5.3407505804543325,2.853448789312392,1.1710692680701802,748.8149814011099,51.816481670662334,0
VEN-04117,38.353960336008775,3.0173186986632383,1.4668030578974056,544.1917530214558,66.335853883563,0
VEN-04118,5.729592457924321,1.9746293081999715,1.4374493837417046,718.5658471093677,19.709905279757017,1
VEN-04119,4.542561950820104,1.978903202539476,0.9822015130959548,836.749104751009,57.540654863428095,1
VEN-04120,-14.189328548133004,1.998710490324317,0.9053849375091904,721.6473376068162,63.300962678814805,1
VEN-04121,24.86373683186497,2.923235931244628,1.5196940230833458,800.0366050320551,20.244191523165505,1
VEN-04122,11.137370548619725,0.4362192902964205,0.9770221915947612,561.112213172579,44.12115033027786,0
VEN-04123,24.151013717389088,4.2999490165225005,1.1229903173009197,578.9142551905795,53.585384589507456,0
VEN-04124,-16.437386846474034,2.6403602851361816,1.0627690068012705,694.662411592549,49.80876372586968,1
VEN-04125,39.320572252493726,1.750075241057837,1.539743434249801,659.8098320544851,14.132231249828251,3
VEN-04126,24.45569563894849,1.643278994030003,1.8097739185557489,722.8626867735231,108.3170192384976,0
VEN-04127,1.80232585382897,1.4000813057008137,2.9219665865820748,739.7544381297214,71.4092020162941,1
VEN-04128,18.692877013667168,2.9302837157016133,0.9545163442910434,499.8079735551737,29.78726457664987,1
VEN-04129,20.70112344621539,0.8522417538753456,1.1714901914699938,651.1907612767787,44.73866052606942,2
VEN-04130,39.04728844531671,1.61324347977109,1.0493466459780003,838.0990920033604,5.0,0
VEN-04131,1.0161164333670865,2.386857298098921,1.6139824978131194,632.1364337350789,74.1432019232654,0
VEN-04132,1.4130345909373665,1.496510343809747,0.8195217289064648,831.05710306557,34.9700910403414,1
VEN-04133,-14.549145383191188,0.9028921994751152,1.3713692404046605,755.3940837839693,69.51291324302838,0
VEN-04134,49.86830390816484,2.2467606269786247,0.9944245425109532,659.271754434511,53.08191673945196,3
VEN-04135,-13.525035609726132,2.476798577713273,1.0590472965136049,665.2627916509705,18.6771374141436,1
VEN-04136,4.5472878613316166,5.301478220526647,0.3772232454500677,675.6396449781595,56.66277949682717,0
VEN-04137,10.545589947671136,1.9238987615618772,1.0695851844747246,723.3106066636739,45.98512595394555,1
VEN-04138,-16.42542175980063,1.1109791738113888,0.7249560042071853,656.1553409441416,54.893062927498384,0
VEN-04139,33.74651190495587,1.4933364167836856,1.0771006347964318,746.1915857966696,69.86069932866629,0
VEN-04140,76.41254112197367,3.5286312489243734,1.1841880446777104,507.5473733612741,12.390707354153555,0
VEN-04141,-10.561717657030634,1.6031120719553875,1.0158140403851594,528.8899813447468,29.48991760531595,1
VEN-04142,-4.216080772248192,1.944679215652375,0.6312654363539084,765.3389053570133,11.565066854477031,0
VEN-04143,47.35420235092784,3.2490236925422917,1.977951186410025,631.2524891196267,52.96814272823498,0
VEN-04144,-8.202145153329848,4.180204883873943,0.6315692886941768,775.4560867878376,34.81738221956181,1
VEN-04145,-28.136457974185877,1.5562137245671996,1.1153233712323711,841.845931883156,86.87970873484767,0
VEN-04146,-2.650071574037309,1.712746172587822,0.8991010729217331,724.0682738283301,52.94243874158981,2
VEN-04147,19.30571744551281,1.2470531626038357,2.311013730359582,773.6241717393332,44.65191990550462,2
VEN-04148,-8.032964013707346,3.1078363511066724,1.1143668842234502,499.58342165412193,85.06556477784669,0
VEN-04149,-33.03278337456682,1.4309314623304847,1.3930639274204155,487.0802595152383,40.69440368894778,0
VEN-04150,13.699195593449383,1.4071883932125693,0.6736346792124353,686.7916274662543,66.92951549646708,0
VEN-04151,26.057706611342564,2.2884096553912903,0.6940521297634,495.8141314152133,51.57761924733702,0
VEN-04152,-6.738177651779415,7.756824923052254,1.0898041393518527,585.4262840748092,32.28960901422975,2
VEN-04153,1.7290163457718748,1.973992707685404,0.6658757919222398,745.8754570895522,5.0,1
VEN-04154,16.831236913779094,1.3978986109255018,1.1182894133734238,626.1113038760188,55.679142799567295,0
VEN-04155,-6.573158238612805,3.195681419863981,1.031251176192299,563.389842393377,91.11284629853824,0
VEN-04156,-15.05574077565536,0.9779547265398774,1.678162715068214,762.9640557162014,43.624459501334144,0
VEN-04157,-32.71727023262345,1.6953033136951343,1.5121368778051807,519.7201097071109,71.83177568325782,0
VEN-04158,-1.4884462236585003,2.217126521787484,0.9670801223999704,541.3416625383734,62.60690962990363,1
VEN-04159,-5.96562467927545,0.6368884509660946,0.9121341915628468,738.3770026878816,46.07878886030245,0
VEN-04160,19.2041121075564,1.54788944051741,0.7732380326706756,666.8277558869364,17.178676637017567,2
VEN-04161,-11.562732112051512,1.6386303104660245,0.8673521446923314,718.6203221424933,34.03750927704495,0
VEN-04162,9.623613029975017,0.66481224478349,0.4832432136251692,507.2581271157534,56.96686659299527,0
VEN-04163,15.517675448176933,0.6177137105425817,0.9343592605060196,591.2944172643071,45.71741222845954,0
VEN-04164,-6.857115818500446,3.372294494215392,1.4958830074519769,582.7626723361412,33.18006343861737,0
VEN-04165,14.9155527522999,0.923522305394954,0.9274662163506808,787.4234610242898,38.40134790208748,0
VEN-04166,19.888923585576844,0.7800631823414251,1.3606084131015697,656.892419261109,79.08986357540499,2
VEN-04167,0.7931230351193879,1.1891800107753692,0.7610926607710481,809.8377239386548,79.63939407472984,1
VEN-04168,2.135898685586737,2.269488659638907,0.8096002377421356,561.9083620142408,54.96952262604061,1
VEN-04169,18.710512979122772,1.358429539556932,2.128134467387396,568.1736137936183,61.416370401622345,1
VEN-04170,22.39175317092604,1.5462584166820996,1.4861379824795526,589.3368246875032,56.71474540534821,2
VEN-04171,19.63116070814701,3.0754258418950906,1.2712601180182246,740.397613841544,75.59041149440148,0
VEN-04172,15.533426457426348,7.027810226911801,1.6916658203333077,579.445596200083,84.74075018033017,0
VEN-04173,-5.658386335435139,1.827400849376995,1.4712271622200008,596.9790177115333,45.62751749683149,1
VEN-04174,51.37451138735912,2.1210731440714814,1.6500929744842927,715.6527170590788,53.71597126635048,0
VEN-04175,-14.813018002441147,4.801615161748563,1.51861540695117,810.4009702782504,57.678546104765616,1
VEN-04176,-0.9451426283975168,5.497802072268759,0.8538478599337158,625.4943432021397,28.10680845469649,2
VEN-04177,-3.894285310128925,1.5724146319401324,0.8867584448895546,783.9418198086598,9.431606116536422,1
VEN-04178,14.38639837542463,2.520290882958528,0.7611935110975905,701.3563123478278,37.155523234970005,1
VEN-04179,28.04416629494785,2.3883265653493244,0.6088521474509331,524.735046868698,18.21850735250116,0
VEN-04180,-10.04126270286296,0.6984269802602352,1.052563298783409,629.8629701485074,5.0,0
VEN-04181,-1.4697002437353843,1.4941956001224463,0.6394324868784875,805.0531428532413,46.85536228615857,2
VEN-04182,1.4843669787635827,2.8427403294536098,1.0962315313698523,714.2328863851233,64.33642706105094,2
VEN-04183,44.17955944144145,4.4443789582727815,0.8839199102274086,589.1742733999527,45.1418196777181,1
VEN-04184,-1.8249574067113985,2.336019331373737,0.8748866253166825,424.8996271631962,5.836873050307879,0
VEN-04185,-10.954327556163491,2.0722685539370382,1.2440549203325917,607.4522324226101,53.2186101367933,2
VEN-04186,26.57304179347671,1.921460892785587,0.7348825232274374,747.5061112575388,93.8547568070354,1
VEN-04187,1.383219837057279,2.78778063853536,1.0560420751314408,533.5200435450336,67.53176989857732,2
VEN-04188,14.42450766112212,1.9041922790466317,1.0853429210396894,657.3615969443,68.09133608921054,0
VEN-04189,-0.4170977498632267,5.136970698991574,0.7246681956680664,525.1658461675022,65.55477561736336,0
VEN-04190,-32.40579812905686,2.267478297952347,0.7147861883980258,739.8794800927171,47.8377927091119,1
VEN-04191,6.853574131454843,1.4608234657732622,1.0521063592242343,726.1413247231873,57.50611020215374,0
VEN-04192,18.98491180949321,0.8933479301488395,2.3410990402446306,649.4403764277872,101.59844186326173,2
VEN-04193,-6.67685173668173,2.538790727240845,0.6016675350992032,578.83068767136,83.2758190042226,0
VEN-04194,7.063512528014547,1.188182823010062,0.8431725863922173,677.5691057846301,62.35726122219811,1
VEN-04195,4.114927826050369,1.009001604361323,0.882647525069218,579.5490069595221,61.739413541682616,1
VEN-04196,-1.7069273850302975,2.488903112734413,0.7204794549426956,609.743864970494,20.00889125051074,0
VEN-04197,16.3209197234311,2.255231918599592,1.6718014283482778,807.3318994052861,7.444268913851957,1
VEN-04198,2.5578801809858223,0.34994276528169,1.764227321174277,749.8099646527978,10.516592418578178,1
VEN-04199,34.10706361950118,1.0072707474738472,0.8300969798693235,832.8170254418031,66.23131356778461,2
VEN-04200,29.67305889727673,1.045081631506883,0.8169055220318845,773.51931126729,99.010973742839,0
VEN-04201,40.45181224961047,2.665175960971005,1.7374600708338614,743.1852664072198,49.13203550074524,0
VEN-04202,31.159116373937188,1.0406653541859174,0.935746497064465,732.0496596572482,83.53031995631312,1
VEN-04203,26.264670881929018,7.161943029846408,0.7683150649565932,697.8696178976012,43.69077084324992,1
VEN-04204,-11.70693481666314,0.9964208028942992,1.445461104954004,556.9343103332391,47.651977262770345,2
VEN-04205,20.33863179172933,4.363463320573414,1.645676974432779,806.5074689134185,48.642261238491386,1
VEN-04206,20.066770359594905,0.8922847397312059,0.7699508507888742,682.4181786405711,65.61269836189977,0
VEN-04207,4.079743513781317,1.2198864449523317,0.616451169988376,678.6229000716208,52.38742534899215,2
VEN-04208,-5.351046788400021,4.381236168566976,1.170549628448923,775.9670307911811,56.7949032087622,0
VEN-04209,14.224096898342117,0.8053045799269385,0.971658133361454,485.413761972821,105.1807810834664,1
VEN-04210,-14.29072437969966,1.180795489092607,0.8084208432081108,785.7798695802416,29.518570705436,1
VEN-04211,38.88631632898561,2.3931672996322795,0.731824333935696,638.5558656790494,45.30139336182841,1
VEN-04212,-27.21701273192629,2.478250776758353,1.1795458610195062,672.5165694076637,16.870529132807604,0
VEN-04213,-29.10944308852781,1.0589181605880935,0.7530983506781603,790.6313099135172,44.38080886239855,1
VEN-04214,-20.27321014481217,1.5539970983160971,0.9880220686714845,862.9531148563194,70.93050128676956,2
VEN-04215,12.632439020183998,2.0120494898562677,1.004191054581441,796.258057178203,53.37863774230711,2
VEN-04216,-10.263448631006188,1.7474245388960965,1.2255477248652606,632.7297274400406,39.44142002121375,2
VEN-04217,9.62932724700308,2.1341936296065724,1.610579805267479,594.6722685013374,55.85756136644902,0
VEN-04218,-1.0205614597376351,7.989848443229563,0.994190715993173,648.0034902985637,5.0,0
VEN-04219,-6.5548360329364606,1.8923889719643376,0.6218719949076797,707.6138344389374,49.791462007915214,0
VEN-04220,21.909261116173287,3.0857538441256493,1.8395439875728332,683.7009146158931,60.332060785327535,1
VEN-04221,22.103792019236224,4.130176004456956,0.3956640380644413,686.6944502419371,57.09968905707383,2
VEN-04222,29.206421442342776,1.5194285559553835,0.9079694853327192,667.3250807943751,75.66013744180127,0
VEN-04223,44.36469547212204,0.9550069938718356,0.8438923912258336,670.3556931088805,34.78715967687627,0
VEN-04224,-27.01235943301954,2.75588385458524,1.6602255921808218,780.5340211112801,5.0,1
VEN-04225,-1.0200739589267762,3.0677471937892675,1.1009792552542574,799.2579778337902,30.070706914720112,1
VEN-04226,11.96995881190362,1.3944406536371976,1.105865678174562,768.9160088924323,28.483791922165185,1
VEN-04227,-28.96934186364201,3.8338925787934826,0.9473395199698296,829.8884139596495,46.4725049206432,0
VEN-04228,-22.07458465380057,2.9065448254221007,0.7506264201585127,671.866273527471,46.47152383040143,1
VEN-04229,24.05528970967028,5.351548128559491,0.6700925620807702,702.3987929497524,48.20019825888368,1
VEN-04230,67.1961903043637,1.936307580588406,1.2279031449987934,676.9704067627803,14.29742939823018,0
VEN-04231,13.269926114549996,1.871736435749166,0.9047858754301336,782.526974254473,66.93210977296555,1
VEN-04232,25.894446408567664,1.528487419299521,1.0712871306937848,627.9148229033004,35.5095040115214,1
VEN-04233,9.524465628386707,2.899627620302525,1.000567929640863,820.0048936629855,71.97591697023437,2
VEN-04234,1.1020482766905912,1.122156673624632,1.128622872203433,765.6308535465538,84.72145191817468,0
VEN-04235,-13.96053372931113,8.275074016254226,1.3290413996903796,564.9256264808339,37.76929210115333,0
VEN-04236,20.828452076784785,2.558295979050755,1.3084902794671152,858.5555136233645,49.28307229399403,3
VEN-04237,-5.332686803856065,8.127011576023765,0.7623614490323026,739.5769859109448,51.509139809174485,2
VEN-04238,4.242763722332647,3.898285870964355,1.0449707737501182,713.0021148921695,53.24656776179256,0
VEN-04239,7.129071556078552,2.017223507177499,1.243571911040925,760.7437324385726,85.54984035708544,3
VEN-04240,1.0143433481740471,2.7590583811639187,0.7677429225213778,630.6046455621131,42.77434042240839,0
VEN-04241,-15.841806672732442,2.207526850152514,1.581621577541747,676.4765448943117,45.17523487464842,1
VEN-04242,15.157304998799006,1.3029382989210492,1.148836180554195,713.9842527038217,64.71015759107846,0
VEN-04243,9.044243555988269,1.8242873044450016,0.6713324740464715,684.38809258183,55.1848463389835,2
VEN-04244,7.745667961053162,1.846808596813223,1.75122290010897,598.1964105348305,80.36981007275578,3
VEN-04245,5.866061354076637,2.6047278265481117,0.6438704317290173,726.328654849793,65.46262135118215,0
VEN-04246,9.263810567096254,0.7982550730945986,1.0827086438654248,618.7689914412855,31.11244990182174,2
VEN-04247,-28.213950545426385,0.9869433107597068,0.7641447327708706,706.2749357691756,52.03212742738134,1
VEN-04248,-0.9508046127840606,1.9388787197717257,0.8731721351424893,733.7614076008392,48.36148819193957,1
VEN-04249,32.91725476692355,1.5822824315684427,1.1519966423611938,701.2988744992422,63.71089773026426,2
VEN-04250,12.87110779141289,1.3360096113942348,0.9047685314880554,545.6150992619324,91.76881519950447,0
VEN-04251,-53.17260187883475,3.4850327265162786,1.1702735215538085,900.0,7.01515208039806,1
VEN-04252,-21.62589727662601,2.567840912820715,1.3691830398175184,655.6110416138852,56.79138449910603,0
VEN-04253,22.04571676262688,1.4378937550028568,1.820459322987461,641.5913552735369,37.19268999092272,0
VEN-04254,15.674608906286355,1.1590280054287614,1.2051555582680284,770.9731990787595,59.21865794770572,1
VEN-04255,-10.958345220759622,2.63137426604876,1.0977787435332014,605.5502612850971,70.02277362675356,0
VEN-04256,-11.868238854083224,1.660558092162039,0.5293143162811644,775.1451902044904,21.89362603628025,0
VEN-04257,-36.057153294522905,0.9629244324752452,0.7623347965767154,759.4174257425847,49.69213408137013,1
VEN-04258,3.709392852965608,1.1003780579524869,1.178165591905419,740.1795050478233,61.330063425341294,2
VEN-04259,-9.493006213179164,1.7752718334585298,1.1096662721486177,786.8883432481653,42.87528254325664,1
VEN-04260,-16.04130870706702,5.374502360707946,0.794531456218848,703.3784116350021,74.58667792868376,2
VEN-04261,-9.49688240303809,3.7078818872412023,0.8619223657782168,599.5328879308591,33.01943957832523,0
VEN-04262,-2.546564861722741,2.635450354875087,1.3359842479138926,808.83791810238,63.56478147035086,1
VEN-04263,-10.285743688734383,2.694891336049957,2.2476349888882394,636.1734446318342,67.18196493865243,0
VEN-04264,-1.921524480035268,4.927410739414815,1.5920276426822848,690.9367667047183,5.0,0
VEN-04265,-3.275259288504799,5.181969690778181,1.1356407235199697,505.3651552778555,39.415466490378,3
VEN-04266,21.392458776190047,1.1699927697266903,1.5960646803775316,635.3551778626528,74.38956611054748,2
VEN-04267,24.54865507632511,2.714188548729489,0.596560692909007,819.0074036365327,88.4478002601704,0
VEN-04268,-6.393812920015659,1.6071744555123026,1.1153517102326536,616.2840072107628,54.1107976421028,0
VEN-04269,-8.563697109630088,1.4720318975070972,0.5138660351879802,643.7219376894848,93.14227521200648,1
VEN-04270,5.233434610469622,1.5157362312862146,0.5971934754492598,696.4143664901953,46.08278543967605,1
VEN-04271,27.694821591497877,1.7938377383131971,0.4686520705517794,634.5943863339849,37.30551416936443,0
VEN-04272,14.89747857554325,4.051997461516442,0.900565209006669,796.5060269685661,65.94434537895847,0
VEN-04273,11.92519741530827,0.908267207221105,0.8564300658081248,782.5688132576114,43.200420304732255,0
VEN-04274,-14.297449781233368,3.950768281806262,0.9560271595199868,813.7753118317414,64.23618153427518,0
VEN-04275,-15.304167620776006,2.435659569271184,1.027062710739575,603.1315866982239,27.77703514723421,0
VEN-04276,-43.95462183539936,0.5019591246395625,1.5946867488529313,728.8235846351819,77.42465756781904,0
VEN-04277,2.5151684377852237,1.1202978782366628,2.770973902680748,628.13320974205,53.93860362160717,0
VEN-04278,-7.474734971566772,1.9456259559085956,2.414051494133485,793.8981339475649,54.832165768816914,1
VEN-04279,-36.322089475041416,3.132689110724138,1.82305101024086,813.7478729931736,63.907723763588216,0
VEN-04280,31.427569443497507,0.8716583858716602,1.6846934509882947,613.1636156693635,23.53445818904128,0
VEN-04281,-13.02289776283627,2.28359060931712,0.5390659550084934,611.6159596055429,28.502993760103568,0
VEN-04282,5.334327592398704,6.325107360960123,0.9243668113332022,685.820584537496,25.20017964921435,3
VEN-04283,37.38807401810881,4.617304094355794,0.9898579985818162,691.1663913428234,62.14481391846718,1
VEN-04284,3.082546970543346,2.092849345190336,1.6304885805510767,665.2929777873129,37.828298204449766,2
VEN-04285,37.23767257722589,2.074092600420129,0.7459817896609738,647.8139046674661,78.93265182712393,0
VEN-04286,3.733367936134018,2.070905482178123,0.7794840970921675,744.7899366192414,31.100303277902903,1
VEN-04287,33.89103881686471,1.9244286840769345,1.8184884760565727,736.1300176134648,55.097629763254446,0
VEN-04288,8.446259914609243,2.687512161263811,0.782407329406438,661.1282650795274,61.43870277806786,1
VEN-04289,-1.5208371966646546,1.0973719927651202,1.3045409112594213,556.9492349792116,44.53203260496439,2
VEN-04290,15.866018834581414,5.867798198830766,0.448374209489563,718.0017462666186,44.00062766468367,1
VEN-04291,-10.181957024801392,1.6106179393790605,0.6790630228098785,625.6919762051731,31.3807660879678,0
VEN-04292,0.8051465344418833,1.877624027384572,1.1449519593410007,611.0637540851768,58.77873268826255,2
VEN-04293,25.20801813648668,1.4231310072557577,0.9385832303495004,573.3675106443776,74.98190973670042,1
VEN-04294,5.45662928812411,1.0690296088402018,1.2786839503606604,778.02983084176,28.349645108519148,0
VEN-04295,-7.2064510751112465,3.229921007395564,1.149168981429718,755.9569941766865,78.01597513726091,0
VEN-04296,3.440866152829396,2.673837394554184,1.1949369852726612,596.6278645130369,87.61112858282203,2
VEN-04297,3.759374328439933,2.8251496764423014,1.3711841959682696,683.0543494955674,29.735781096543548,0
VEN-04298,-31.410699379718977,2.6035482098945435,1.7356691642470758,766.3365400226991,33.484843242410726,4
VEN-04299,-4.725965112164177,1.4248033964093152,1.6629264129027588,649.8702534065802,5.464182516920502,0
VEN-04300,-33.524668901479416,1.142989099433494,1.7445777385950312,657.8649836748508,47.55529797513461,0
VEN-04301,6.082763097135676,2.5168979721431475,1.4490700880950471,733.4674691106247,49.30893634474472,1
VEN-04302,2.3849115525510856,1.2499984491321807,1.0032163380087258,775.26458626655,34.110749434724795,0
VEN-04303,19.71189165712884,1.13934679297297,1.4430161991283144,646.9837734196726,27.753369299911935,0
VEN-04304,-25.358502760399137,2.5908614142413584,1.158555067110591,634.3257781639834,99.4174335455447,1
VEN-04305,15.140956488418311,3.7663257869073625,1.3708266752120326,583.68242685288,16.196847869447183,3
VEN-04306,24.37099738787393,4.5561753313780695,1.6276075530747245,675.2642552064772,62.969270348825454,0
VEN-04307,38.28042706931674,2.5758867527108293,0.8394220246748322,550.3851952054173,53.70907227432094,0
VEN-04308,46.125307570339785,1.7090930346713598,0.6095816741607795,547.992049490932,76.4295259567465,3
VEN-04309,12.987003005135412,0.9977025869698212,1.166153754750208,592.6831189033294,56.671085227585486,0
VEN-04310,-10.27321028073775,1.9015088990935485,1.4325542310433546,751.516891986024,42.59452430498887,0
VEN-04311,19.4653542220677,3.1757624511394336,1.4272346327433778,725.3943338407946,30.25326287984382,0
VEN-04312,11.637455767943097,2.342370364720323,1.488578358943304,663.7402780167068,66.11535569652165,0
VEN-04313,13.816223434349991,1.0392285129328236,1.492666603311232,804.169788909228,27.11329538424008,0
VEN-04314,11.455347291861,1.1692193691256738,0.7097162592345436,578.8711190013555,82.60539671509115,1
VEN-04315,5.225087415217612,1.7039651336418908,1.0197756631100654,680.8429605944395,64.00101691923295,0
VEN-04316,33.945328798443164,1.358030909832706,0.899762427534368,900.0,69.64250589596978,2
VEN-04317,-1.0431348177160311,2.521192638624819,1.6743206205964332,712.3104433922414,51.35014489813803,0
VEN-04318,39.98959583388358,1.8602834425875776,1.4401417122214613,744.8008675637437,84.42631192099077,0
VEN-04319,-31.652008713900138,2.7442740650657056,0.7548161852981116,735.6436271106604,57.54782015382294,1
VEN-04320,8.572886619162002,2.54471803218269,1.5100910212422,781.4564284033945,29.532289164352537,1
VEN-04321,-13.020284393456931,1.5900677863538757,0.6693283249383507,721.243296605708,32.68060376200477,0
VEN-04322,7.720516296886023,4.545854714725904,1.855422263726473,716.0880027723896,18.706271313097886,1
VEN-04323,-8.639704632477368,2.036455422598059,1.0818784541486066,815.9527082770175,71.67681277522823,0
VEN-04324,-0.1936489811983524,2.1204568719441625,2.0303723385160106,789.9303078056831,75.0026634133759,0
VEN-04325,26.78664503814332,2.510335635077656,1.6670536554310955,685.293775967801,55.318983939784175,0
VEN-04326,21.116087922979123,0.855457415164646,1.0055646602734325,606.2436104249659,74.4315433799097,0
VEN-04327,-19.091392640508744,2.5708822735173142,1.1607272999959388,717.1838490955317,94.15634515581584,1
VEN-04328,-11.982843839302484,1.4158172891643386,1.8842109625351613,604.3582462628523,41.52933803014826,1
VEN-04329,4.4956803801532,1.4019115532162978,0.9229620718939532,560.4172522063969,54.96828828947645,2
VEN-04330,17.135540412324232,3.1041870064927286,2.6800087273494024,731.9756911595607,32.22526059389038,1
VEN-04331,-12.786392230529112,0.8602203317058987,0.96750242985402,607.7513432007272,22.324661251737467,2
VEN-04332,2.2465569312026763,4.078973591999767,0.7704465119843834,704.9208984293339,85.4082950346916,0
VEN-04333,-0.1726933600191449,2.0268647967866165,0.8231398076002769,777.1863185894052,57.97831451214956,0
VEN-04334,-6.845497322165816,1.432082610043742,1.320314638234455,552.8069043480691,56.04537237495328,1
VEN-04335,8.18804679268696,1.2297187099469506,1.0200235638879036,751.0596474605321,51.766654205197874,0
VEN-04336,33.848334536441044,1.5712734912630024,0.5967804869076112,691.3841206264624,42.87183408315633,4
VEN-04337,4.36035717225856,2.4582892656534296,0.8427996030820866,726.8994453667228,78.65692109143852,2
VEN-04338,33.319739878902816,4.827347931131914,0.436186387545412,798.0875024523523,52.94184710736968,1
VEN-04339,-11.788163442397252,1.1703785153142976,1.3982140947197177,579.6254589422362,49.106624620733015,0
VEN-04340,8.681235855939201,1.1680614580478617,1.072545556185038,661.960264801134,52.49156380054685,2
VEN-04341,-14.63325947360675,1.3599041145178936,0.761895973630213,718.5269773058322,68.47130701254447,0
VEN-04342,6.338726244965439,0.6890937822817024,1.4775646926678512,687.4891979737336,58.31368447058771,0
VEN-04343,3.7666832516861417,5.223618509071691,1.6181819066359275,637.2475173520263,78.1604706752834,1
VEN-04344,-20.10718809458469,2.858798910254821,1.2124255089540112,589.7286363717564,74.71805333676951,1
VEN-04345,-15.65137602875058,2.093189925801992,0.91552650784807,740.8182326477254,29.02867193774168,0
VEN-04346,14.961298007069354,3.040860401159733,1.1219471714675548,814.6592487224207,80.82808234610292,0
VEN-04347,-14.835613013140172,3.316642371575971,0.9055993586823388,569.9244952198454,8.086782740804772,0
VEN-04348,-19.549422919694443,3.2855898431699817,0.677196550251034,693.6336277538194,81.79988688942016,0
VEN-04349,-21.08883015149873,1.72025117460103,0.7938342466659746,636.7266779154938,60.29004027042191,1
VEN-04350,18.126644081558545,1.4744429289812715,1.2963994240207528,464.68929783902,50.21267195884482,0
VEN-04351,20.345534620132604,2.224896785057086,0.8530987196445746,895.9434391212903,58.856032291950925,1
VEN-04352,-9.697449628927536,4.79242829777894,0.4189926319732068,685.437897252355,22.422522917450525,3
VEN-04353,9.813581967806108,2.2577181378918105,1.1329713372135437,685.0731023556604,35.35911696266883,0
VEN-04354,14.619284538263916,1.7519303657843,2.003045886386669,760.8697141210329,14.891812533378072,0
VEN-04355,7.645735758291599,2.8988407828478624,1.11119461923615,785.0898902944042,66.08141759777985,1
VEN-04356,28.278724937232003,3.2941027410749446,0.943942324888296,590.2310663072248,36.68986773179815,0
VEN-04357,39.50639923307731,0.6084431091563185,1.4267995588754487,623.7824327599374,59.25407832410998,0
VEN-04358,-17.551702056695248,4.283709573696649,0.9118560300016924,740.8602844919891,89.27657775391836,0
VEN-04359,12.638296090521033,0.8734946943706806,0.9769262548078276,900.0,40.11384855501222,0
VEN-04360,35.04933055262671,2.5074754447216,0.8110319506655278,583.9121892651827,43.39480920663608,1
VEN-04361,12.275330441283542,2.6498976861123182,1.041322117109995,644.5289599877983,76.8146823936403,3
VEN-04362,-8.886629090346236,1.716471767846633,0.9083658991596436,628.8370195630885,30.85075100710834,0
VEN-04363,-10.279490421508122,1.7191016944463862,1.0668519690301883,654.4798190896565,33.99937291704612,1
VEN-04364,0.5942053037312629,1.307106976770657,0.9060390104865336,766.3054646738132,49.48051777217818,0
VEN-04365,10.596557847550963,1.8032548896319225,1.0296808907841544,641.8583767930199,51.96967356958146,1
VEN-04366,10.657458600521728,2.7328566330738293,1.9586587786888503,677.5645596895541,41.93110097341297,0
VEN-04367,25.00594952142061,2.201627840340719,1.1674669196356284,702.0783259430011,26.282189048326845,0
VEN-04368,-10.17128705875854,0.598256151609514,1.3027718192824194,760.9099617834122,63.01618881478656,3
VEN-04369,14.93821646437448,1.4340432882713705,0.7491341019920974,638.4370810349873,63.17796206519768,0
VEN-04370,7.608553652345393,2.9347671623017355,1.231295000502319,513.2432050013848,35.96615020907627,0
VEN-04371,28.55986999797974,2.5641988011062558,1.1883327159061443,593.1127752893578,51.12456416686321,0
VEN-04372,7.486601708129501,2.533890771145781,1.830518734216172,646.430041030797,69.83229864131854,2
VEN-04373,-11.59500221307967,1.6374995344333572,1.800206850913459,706.6037964080851,67.57569570334465,1
VEN-04374,12.128571773019448,2.381098533143342,1.2041035192475822,683.0199763892908,44.1768799651998,1
VEN-04375,-4.450912373812152,0.8245484388361008,1.4339509774338473,649.5675194562064,73.02586080447588,0
VEN-04376,2.792571623860381,1.8107582344686115,1.3171493505451024,705.4652609796555,106.1610794324256,1
VEN-04377,6.077324292149131,5.805454571670326,0.7450324862633146,711.1195206653673,45.4391641177633,0
VEN-04378,19.95465174988857,2.357621326487708,0.6891490111833755,779.0057644440781,47.05527613716035,0
VEN-04379,-4.371886419286845,1.9828386148965016,1.2487532376386836,720.529486663027,75.61462923298218,0
VEN-04380,25.21340743937236,1.0883883140985708,0.4605051227803724,650.8522001846461,21.453462964490218,0
VEN-04381,52.53960279733335,2.6956066719305007,1.171509693937239,527.8495810783656,82.0729274891902,0
VEN-04382,5.578402608067441,3.600328978165598,0.9414442138925868,658.4694457929428,70.46899352822115,0
VEN-04383,10.499451092494276,2.6983392749605617,1.2570049595956188,596.0922698000553,34.61166894636399,0
VEN-04384,4.189264761414945,5.027335778161204,1.1504988275507502,611.2343241786782,80.83085044036497,3
VEN-04385,-23.626124566619996,1.9144430531067067,0.929903049074737,696.9843120936391,87.71502169859225,1
VEN-04386,-3.4776647275460384,1.2725266271697369,0.8471186664735411,834.7206192449399,29.51492299136243,1
VEN-04387,14.199637480815534,2.132584866225918,1.4496364091202616,619.6555865778248,39.74491051580215,2
VEN-04388,42.046085518328674,1.5380387111693468,1.3878101642791294,446.1035293748265,60.64613759204967,0
VEN-04389,-23.01819465346913,1.937859794185794,2.0342192964506904,668.0438356483377,50.01974879799667,1
VEN-04390,-13.433209841322231,2.2041460298038262,1.162683196964614,511.3733075271865,59.97916506168805,0
VEN-04391,-15.348718823654115,2.920364398570523,0.704883240398856,676.0730745082448,34.66130509472107,1
VEN-04392,56.41885734632061,2.048726826188221,0.4976436152963534,805.5455381360869,55.186944514151264,0
VEN-04393,38.70922859401794,0.8874439084188732,1.6412288559421775,577.9215672481255,66.24358999580114,1
VEN-04394,21.281630839878996,2.9483106503458902,1.775859340577009,648.0978610490033,75.80470098741851,0
VEN-04395,7.048677015741863,0.8292436352013498,0.9823322860580488,672.4426917078838,5.297846471635218,2
VEN-04396,20.31113102039977,1.1017372088971602,1.0849900729630229,724.4525428347016,32.118646868111114,0
VEN-04397,10.112641082917897,1.679598188707602,1.9969833007685025,674.203760458498,64.0888278826027,1
VEN-04398,-19.421842487831007,2.84600889193766,0.4546390696656665,558.4076092523047,24.390281805386845,1
VEN-04399,-4.261262383184601,1.872840172710151,1.109797257782342,698.554349444379,33.65987238015154,0
VEN-04400,-16.551805758143427,2.55897161794547,1.0312392761229208,765.523758625318,51.35436118346708,0
VEN-04401,-1.3440308902303857,1.1463574526239448,0.8585028787606358,694.1982269392707,44.36545180249051,3
VEN-04402,12.597662457903796,1.5582381513267185,1.9734503922607505,835.3598657593722,72.83091700056127,0
VEN-04403,-9.093811523030045,3.345550651998819,1.285969560554321,744.9864640141753,90.21542093679432,3
VEN-04404,17.70469590131036,1.1832316525739714,1.6845077265139927,722.9430094825582,68.60404979754396,1
VEN-04405,-12.140900282378514,1.5124312304472511,0.8259836092361716,776.8278162091954,57.52279515879419,0
VEN-04406,9.687799013091348,1.4732250755349894,0.8629137390543975,825.8879690333463,67.61146994562785,0
VEN-04407,6.396830447213105,3.641735300163763,1.096257634165423,707.5332939381944,51.93293776608853,3
VEN-04408,-7.3477782257347,2.0608949825403267,1.5127207803023877,518.7193198253441,62.74503900156355,3
VEN-04409,-14.006565556686176,2.0365028293981804,0.9550705195471566,718.3503797969526,52.06456964842138,1
VEN-04410,0.2213942636480901,1.9706460884382533,0.8586885414576269,673.647545652448,47.01589436213931,0
VEN-04411,22.33008173222049,1.378640311985648,1.124306371382546,642.1132071089992,25.947943158804904,2
VEN-04412,22.57982635625113,1.9321225418864276,1.830382759741062,816.5361836759266,59.81398568874523,1
VEN-04413,-38.50842088168173,0.876841196608723,1.2833257554045876,721.3511783335911,37.51388849723765,1
VEN-04414,-10.533002624604908,2.9052496613525567,1.0645116756623865,633.4760275008189,39.06498172875576,0
VEN-04415,2.8206469718562768,2.291805696052877,1.009848033767981,748.2025908210443,110.19763110369064,0
VEN-04416,20.29203320097828,2.4535391174237797,1.75339369074532,762.1647273369502,52.850404872843406,1
VEN-04417,17.34495804953599,1.9393896803786903,1.260781434327451,532.3483007872906,58.77599105624867,2
VEN-04418,-22.284438647435568,2.3071129014105574,1.2531687542389416,511.592445656363,79.69672952109357,2
VEN-04419,20.72447467668848,2.223975465217394,0.9034805603542432,776.1436645068983,37.883992038550375,1
VEN-04420,39.07819576034908,2.202056129588704,1.3171307121744529,675.3360973910768,26.916674700963785,1
VEN-04421,-41.17807504743081,1.3401854229212886,0.7530193346974307,785.2220606709146,13.069412449168771,1
VEN-04422,32.814759982168404,1.3684148622248442,0.8091373547124141,874.6589561459996,26.437955202042613,1
VEN-04423,-11.195152390197809,2.165903632756197,2.426061538206522,707.40327111263,82.41885129401257,0
VEN-04424,42.643427076908026,2.4512642630112,1.979437227311762,697.6752762873806,26.368240436013707,1
VEN-04425,-30.06322349536274,5.8462779782324645,1.7257725778797257,649.267152049476,27.82009933275988,0
VEN-04426,-11.05246206385596,1.444741089073657,1.9946680372603596,690.742241936554,14.846681245632825,0
VEN-04427,-7.979185474564698,1.4782569077656538,1.6910688931787914,577.5400151431062,40.59778238038104,0
VEN-04428,10.146926418516117,0.9590388473443504,1.1460277841041246,715.5442233762215,26.05289223500373,0
VEN-04429,26.764456980098025,0.6987208426416286,0.7924016954380766,551.0310220590102,30.65358546756033,1
VEN-04430,3.536281919956854,3.1716083573061744,1.6325050249099256,637.5758069241704,61.966355806074375,1
VEN-04431,-32.35970398893925,2.061638651238473,1.1853381826088372,720.2473162045586,70.65523784803312,0
VEN-04432,28.35177457119914,1.4947585182422984,1.3334732803979228,690.9362181624984,5.0,1
VEN-04433,-13.19110600603264,2.045634717944344,1.4677826755636558,770.5219138066974,68.75629091337457,2
VEN-04434,16.77938472880875,2.4479436985894227,1.817377786137805,629.2014381790457,33.663880773834265,1
VEN-04435,-2.237932280719807,2.815268673109556,1.2621140305950618,680.957192131868,44.78257813615856,0
VEN-04436,-10.511168598514928,2.187444046289841,1.5025042579861458,764.5629484297914,34.20404184205741,0
VEN-04437,-15.840068809177971,1.4370259753897734,0.8293311776239536,733.7695368634361,60.14429821528712,2
VEN-04438,18.95901541196016,1.2407453533149828,1.1809069154826808,900.0,39.91494123695593,0
VEN-04439,18.155095690044163,2.632886853385407,0.9506144617232288,784.0806239011409,56.23710857721002,1
VEN-04440,6.348095704216756,2.046832132055466,0.7583724209710295,717.3736497745897,36.34678038827095,0
VEN-04441,-36.08108126074603,2.8761012524280085,1.1038691998241976,516.483815623059,27.00179306988685,3
VEN-04442,-26.983042583215045,1.9618729227961675,0.7840140645815702,740.2704512634722,83.46004150803869,1
VEN-04443,13.853014997305724,4.774675431995694,1.7314446066691285,637.71070234848,52.5631696355589,1
VEN-04444,18.65696456573784,2.201340473014457,0.4338713447951335,628.8155877724456,72.67132442207433,0
VEN-04445,-27.803784809946286,1.2807186030996742,0.7685708375288279,844.7484560155616,17.785907071265378,1
VEN-04446,42.35967959945007,1.5124344557368,0.7567110138487009,656.0912943481035,71.83650767387391,3
VEN-04447,25.88050196210173,0.7094579660373734,1.07441235726679,610.8948134861812,72.77735060925467,1
VEN-04448,9.014518171308556,0.720469653295706,0.8746966663899982,826.0728603487646,69.63964820509065,0
VEN-04449,-14.745098844912604,1.4899120360252776,1.3595184575188044,658.2456460161007,34.679276455976265,1
VEN-04450,43.61591784888982,1.4087474720621005,1.0248861062588095,708.6831851602228,54.10468273170952,4
VEN-04451,25.34718549404096,2.916764285109561,1.041966596397778,666.8171267719842,59.71783331043234,1
VEN-04452,-8.958230227591354,0.6018762813596117,1.11127674516381,690.5815493231111,70.72846622107176,0
VEN-04453,18.996232947873025,2.449845348507496,1.1968522681838265,779.2969613761375,30.58194023504807,2
VEN-04454,29.977979310373826,2.475509789215224,0.8863293720225508,685.9671246911516,76.90558012333508,1
VEN-04455,-15.212365062047382,0.9001892349654729,2.696393366049734,720.6942418584823,71.20483095525273,1
VEN-04456,24.261214295193323,2.710024004607942,0.9512545125992125,642.0542327283097,33.4811252519557,3
VEN-04457,-3.401312167060013,4.985159316624207,0.9165058939309304,797.8543094096382,41.12906155320037,1
VEN-04458,28.23322139177451,1.694701549280208,0.8209188947179592,579.038713740354,41.011545677523046,1
VEN-04459,-9.296386525973652,2.3043320008641466,0.9485671399167048,650.0550222121249,47.794147343135634,1
VEN-04460,-7.069864906256283,1.798250073886584,1.112681721913363,456.0025872333573,50.6216024160202,1
VEN-04461,-14.698365047371604,4.514669083483466,0.8901950121386697,604.442146975508,56.625163058986736,4
VEN-04462,26.74207035917164,2.5339522344462058,0.9900719906327112,777.8814961017727,22.37338074834304,1
VEN-04463,-43.62355179368304,2.5727821292687354,1.018470622168974,604.3166437865632,21.93739116080077,1
VEN-04464,4.464328043649563,1.313243723098771,1.7372762840308411,641.7486986365393,15.22570580073507,0
VEN-04465,-11.327088302482132,1.5406460342653034,1.4306068490626465,688.2003291569714,18.9775106887179,0
VEN-04466,-31.064573442211817,1.0562183310099789,1.2158203486871746,641.764059553183,39.7497005694059,0
VEN-04467,29.12037500480793,1.9684930359249455,2.529788847320307,685.2692471212013,34.04230650853264,1
VEN-04468,19.141028874814392,2.7162938978205684,1.3012272031315608,699.5684801051585,5.0,0
VEN-04469,-8.443019153918577,0.7797359656453754,1.5277752117722467,753.5877445118049,38.38097075287102,2
VEN-04470,24.121252193252094,1.1791276264608197,1.620586304234048,687.1337831707045,75.81018055806821,0
VEN-04471,-1.6305537754420305,1.6177817609278051,1.3222799596876067,550.1751806276944,52.13776320690377,2
VEN-04472,8.906344051374116,1.2717551675202667,1.3528670047005604,611.4903550674161,38.51315356602275,2
VEN-04473,6.253184529702331,1.157907151245024,1.3507016639082292,756.3515864863399,51.51940743371648,1
VEN-04474,1.1485783565110692,2.1157810089121827,1.2310424432967917,685.8624713412685,5.0,1
VEN-04475,-32.345425941694614,1.1494495287469189,1.9641029677780748,811.5623036709625,56.11349599328129,0
VEN-04476,14.102520727341062,1.1724446892114224,1.485916513938219,649.4144911461938,68.99559416777254,0
VEN-04477,18.6519271751422,0.6886128502957068,0.8292177326295398,609.7047244943361,9.536972792565898,1
VEN-04478,-31.40614788044187,0.8011465273599506,2.0837541050587456,712.8732212652047,48.06006948129601,0
VEN-04479,-1.4017604404262205,1.3677455446946682,1.041653995864149,675.2864970557087,52.5831211862695,1
VEN-04480,29.4580112122214,2.5903526291283585,0.8832109246894345,500.1836939963928,43.06963041989375,0
VEN-04481,40.50622591092764,3.19181765509534,1.3622385780372743,648.5020057585859,28.35916339153548,2
VEN-04482,-17.116618534588312,4.027785655359701,0.8497988089147095,666.9873598829892,35.8138710774543,1
VEN-04483,20.952680432944216,1.5838054532274783,2.342913442926448,753.2307534486688,37.125831460635375,0
VEN-04484,44.46895805254336,5.6975841516402586,1.677853850783892,703.4490384275833,79.34107064159716,0
VEN-04485,9.308676564584465,2.418787923171392,0.8636587712143525,760.7262538520058,26.731285100886915,0
VEN-04486,7.701091192517927,0.8722127056189226,2.035037848200558,631.822860292067,64.48999180980591,0
VEN-04487,-4.687396557447457,1.1115066137602845,2.5520433370043483,833.8008668649604,70.75449104947867,0
VEN-04488,24.99397493741833,2.289002273233791,0.8211869534091422,766.4885367015975,5.0,1
VEN-04489,0.0538320407618035,1.444510911254214,0.703222664087289,541.5412795241233,38.32414430588609,0
VEN-04490,-0.5288278211244242,1.4084526905189236,1.764900687762961,763.6765653023651,44.56125306604738,0
VEN-04491,6.412405168106977,1.4225258261745797,1.0997413238282576,732.4458756036187,15.93049887126191,2
VEN-04492,6.840509449857429,2.5736230762089694,1.0538228192921202,653.6809340945317,40.619478080062,1
VEN-04493,14.45360079041496,1.445385317056441,0.7725203738133446,857.001139358531,25.601381390858705,1
VEN-04494,5.306545835740062,1.444260222598827,1.3161071954740968,576.4779669356632,70.24121027256766,1
VEN-04495,-4.316793181255395,4.320619468584184,1.0492592514005852,788.7900298676224,40.47128220488962,0
VEN-04496,-25.98239549640405,0.8961286173810277,0.4930669286277475,661.6546419976232,43.68133443715045,1
VEN-04497,-0.7267021911611273,1.7322447576546531,1.2245660750164609,543.5811751994755,66.96179214879734,1
VEN-04498,-53.99240327122925,0.9215141493675916,1.2459394133134931,592.6888473127644,56.46587876874933,0
VEN-04499,-35.658676921710445,1.2391326683950044,0.4714500135099961,537.0320238261357,44.319137460014886,0
VEN-04500,-12.419611737029571,1.8271588918376165,2.127860645185719,730.9455756977684,16.91004701720795,1
VEN-04501,3.9540745631601513,1.5855069181400223,0.9469658007344998,728.3764656679582,8.63316638393809,1
VEN-04502,4.612628202459698,0.6736375792406422,1.4243781259531718,615.2910838956938,78.00885982666959,0
VEN-04503,-51.57045244814116,6.187136498735101,0.6791387407916285,522.0012700997522,38.47922319284845,1
VEN-04504,-20.29144606285545,1.64796748087377,0.9431658673270504,542.5664016259732,28.821546393777123,0
VEN-04505,46.20492824751428,1.334825438416111,0.7819589432265496,720.94814688784,20.392128248758397,1
VEN-04506,-7.107561960354667,1.2042032514310526,1.4625174378922932,504.2087869059765,70.4237807070689,1
VEN-04507,23.11836040271045,1.6226002107480315,1.1580217169659317,515.0377958012352,54.3120929826417,0
VEN-04508,12.834859372916046,1.751782782802963,1.1723702006406769,680.1688574307192,56.50354788844216,1
VEN-04509,-13.807849012904178,2.143521404476248,1.1398251416054452,726.0536013607924,36.85670889919016,3
VEN-04510,-14.39059722043008,1.5017482976883738,1.4983975821838549,686.3476544200192,29.83498430637452,1
VEN-04511,28.937198001340533,2.828562419400019,1.1984014870885942,729.6286632344105,58.99221430327461,1
VEN-04512,61.56240387699933,2.908676149161362,0.49680155848273,671.7434128715462,60.82221054887489,1
VEN-04513,25.241283912486264,2.8779155460960872,0.9021264363456428,761.7526144885984,74.50066748079885,1
VEN-04514,9.471919830794835,1.7646161314303974,1.1539100107883575,584.6017618796167,33.783285608550926,0
VEN-04515,15.268524937336672,2.3220586841165365,2.038963428502598,845.0091523694807,23.04750387030301,1
VEN-04516,-9.283174255009852,3.419399197296653,0.8053905299686462,754.1165077478996,41.27046469022225,1
VEN-04517,-13.895944752619132,2.533478646635683,0.8883225071443611,880.0766987828174,76.748514844402,0
VEN-04518,-23.97594599837495,0.7173171131154004,1.1263788606062155,588.5624634190035,5.0,0
VEN-04519,21.415193054268176,1.1771577397711874,1.1646725151905126,622.7810715625843,48.51121981040355,1
VEN-04520,20.328840160277508,2.0868344353745543,0.866892098803502,631.3809536575623,58.19996741162242,0
VEN-04521,6.661122157164277,1.024282497885081,1.774152619941738,551.1602268577738,67.63228063560662,0
VEN-04522,33.52265478900789,1.128817240448199,1.8662952604101184,738.8478066640828,17.482754449425165,0
VEN-04523,36.777159198451685,2.751717717462468,1.8092455050653764,532.167868956763,57.33434514656562,0
VEN-04524,21.5876905129632,2.846152260358289,0.781926564993379,591.5326857219679,17.53930624394851,1
VEN-04525,-17.078378820989442,1.225676855127593,1.3218479146746145,778.313817713687,12.327947039360325,0
VEN-04526,-8.085066366866016,0.9503825350885812,1.1603528938599157,740.816030746945,62.417176822547496,0
VEN-04527,16.19441360558229,3.797059136809883,1.3578674866899914,740.2809616206147,28.70365622904525,0
VEN-04528,27.48972851514161,2.4018822700124898,1.1923997906343695,617.8815085220841,48.35125667849761,0
VEN-04529,13.699226344493695,2.523799271436918,1.055584429153626,694.7322125638024,74.89920343960259,2
VEN-04530,12.012232356009076,0.870602871783496,1.6018435358660157,650.1259046859269,56.17618589041568,0
VEN-04531,14.511349315525331,2.8390516496016627,1.3804858887937097,632.282340897095,42.502837612112494,0
VEN-04532,4.767580395108113,1.6197359210513576,1.541497354370596,832.1628216618963,48.026120542984415,2
VEN-04533,0.4676850387418767,1.6750821157683673,0.5220100509900135,543.5912202216214,36.50877654840328,1
VEN-04534,-10.417876058523696,1.159987666376224,0.9549809345108112,718.6546792634055,64.81998844833339,0
VEN-04535,66.12645746589989,1.3337903521907453,0.8912316353763855,710.7798218525884,43.16051275652687,0
VEN-04536,32.8877892548312,0.7246833507575753,0.6602793195212496,728.6788095214592,15.113880966690305,0
VEN-04537,-2.9239547550595777,1.3651007418579686,1.2811988525253513,598.4542372281146,38.71696147802079,1
VEN-04538,9.831838472716704,0.9115787498152454,0.9822614421168734,709.1000152910425,89.2909680826549,1
VEN-04539,-0.0238524270233142,2.319960023739576,0.4551090742501482,669.2033985091466,36.37995615382479,0
VEN-04540,-13.15855667757631,1.0059556794225937,1.1040082616545688,679.4317412658539,74.6515480565708,1
VEN-04541,-28.60798104724777,1.1915427356081247,1.1938163781459017,731.9977868508261,63.344774094861286,2
VEN-04542,-11.288227714259282,3.07791635715381,1.342428067885895,715.1959257461067,85.98450634126753,0
VEN-04543,14.976558170484145,1.526882237319872,1.2075072277739267,697.6957246343617,42.39913215728373,1
VEN-04544,37.26496859723535,3.466016961927255,1.42056323439419,627.5573733220222,25.34956776297381,0
VEN-04545,3.511856540515169,1.6589668965056488,0.7935270467548348,703.458554911947,43.0929809728118,1
VEN-04546,-21.20088137408748,1.3721315421888691,1.2223121496725065,753.5686756007246,52.037442917510695,0
VEN-04547,-47.68937031240946,1.311725456730502,1.3480830805257324,642.928104095059,25.97327855984971,1
VEN-04548,-10.080000627983525,3.3697349849273723,1.1094747513238084,616.0495337254089,9.1859180332373,1
VEN-04549,-12.092845492020675,1.0709282060460872,0.5984142180027024,571.0312796762734,54.05243116701187,0
VEN-04550,-7.196793832937923,2.6140316336479024,1.3079046959990044,684.5336473853023,62.245845179082565,2
VEN-04551,30.27008394835341,0.8771079577530781,1.00737727816476,545.4153120238593,42.19073724276908,1
VEN-04552,26.45421625728021,0.7393033069964027,1.3316867385981126,900.0,37.75952149564652,1
VEN-04553,11.630037170355616,1.4320634041001914,1.348886892030606,635.2894365090376,58.59652345298599,0
VEN-04554,30.20095645082625,2.010110817476364,1.767474781450953,638.8635868742983,50.15603032984166,2
VEN-04555,12.777303122093198,3.665556007155223,1.3837943689333412,620.2696658901614,32.27724822382007,3
VEN-04556,6.726939721939806,2.171060128154235,1.398340836618753,751.3335927276967,46.89924382441249,0
VEN-04557,-0.4230389423432941,3.2796717339243555,1.0851915361197253,704.9988348998982,92.31205119418117,1
VEN-04558,27.744062318516782,1.7587207097235409,1.0238058136721166,679.1855353772941,83.53746571606213,0
VEN-04559,-13.447494861519374,10.572681693029237,1.781083403268854,781.3340914487592,72.20277482332526,1
VEN-04560,5.45314975627609,1.01836702387624,0.622534113380169,714.3204104666753,37.61217527054123,2
VEN-04561,-25.89655232422137,2.333766384309316,1.79571342353982,523.4271715430607,58.18465793779311,1
VEN-04562,-0.8533367043479068,0.9472081827939328,0.7415387865173892,654.595465694018,73.64052543355736,0
VEN-04563,22.45750272436065,0.8726394138294409,0.9420051931236926,784.0770403225184,45.56067588806477,1
VEN-04564,19.017124669904387,1.6311766086393005,2.9222207626558254,614.7745680031069,47.62903824634979,0
VEN-04565,16.256136419278864,5.4793802624179015,2.0417279820018392,660.1650975428814,69.92862472674025,0
VEN-04566,-3.603713455600865,1.2638567613290652,0.7125748533989023,718.2683094828169,32.34997756652682,1
VEN-04567,-10.07744710093462,2.160390381595867,1.3668789417856655,570.1153621788833,106.53462352395582,2
VEN-04568,3.432330224361809,1.4171292854685302,1.37611915206454,700.2494178407713,93.80236676951228,0
VEN-04569,-14.78604088766454,1.4221474221582393,1.8686793997542823,694.3948028256873,12.145880708118009,1
VEN-04570,-35.37217460216728,1.1693471263094413,3.405056833314969,730.5429858254373,41.73933169854443,1
VEN-04571,1.252933007244792,2.279539156128989,1.809807423776596,626.9529993822999,63.64371553228433,1
VEN-04572,-18.81455602500305,2.6974020206038776,0.9387793370588852,786.2443787058212,33.16292070137081,1
VEN-04573,38.28510924966752,0.9019315959357642,1.104185262351236,590.164510759382,46.471817020035694,1
VEN-04574,29.830501233637868,4.086626181623296,1.163176748478849,576.0774123624377,75.39115851871105,1
VEN-04575,10.363900184718432,4.207348449787498,1.6072302815949002,669.2659170377891,53.47343728743889,0
VEN-04576,-8.498801964329566,4.498101986000901,1.2070525546332522,614.9982287844864,61.38486161788497,0
VEN-04577,-14.802194972744196,0.7850990095624458,2.305125139629556,849.1456019763052,5.0,2
VEN-04578,-6.092924238652591,1.3936783626435283,0.8287188274049158,629.6810332728796,74.16724058504781,1
VEN-04579,22.188267439122463,4.863047632573675,0.5692471157449271,793.6351697153596,76.30728397371944,2
VEN-04580,20.912647627493516,5.132018592745005,1.0297433839411034,674.282789778545,67.94307207685392,0
VEN-04581,17.25320928310046,5.712883935283607,0.6137764780315806,542.2015311038166,73.36521677427667,0
VEN-04582,23.969155136223957,0.9640791116617186,1.4368481796143897,607.7999871433299,36.22813975962101,3
VEN-04583,30.26291706717377,2.554232395980004,1.2580120135461923,652.382936635757,65.10664849507666,1
VEN-04584,-5.641038043884356,1.241487636138571,0.9266611149337396,779.35220868082,36.77858728071912,0
VEN-04585,-23.2544895935711,1.8142874768782704,1.690328037440504,657.2550083844053,59.340579630845376,1
VEN-04586,-16.79888932084932,2.8317418389567,0.9614831169667988,644.1547703242413,102.10263250808826,1
VEN-04587,46.43496731966364,1.6118026053963457,0.9686874518895504,603.8057890922482,39.99900911160936,0
VEN-04588,49.89651703972731,2.8951045133772366,0.9365666827403426,623.1282438987937,47.59346914956079,0
VEN-04589,10.979860261051844,1.6930339899730895,1.073720233379976,721.8976668084006,26.02313686934144,0
VEN-04590,26.302051982476897,5.268169070350896,1.6159051216351437,772.4889544949126,78.08663534882058,1
VEN-04591,16.148711474124532,1.453222866960468,2.13160138564448,741.7341549519217,12.696081153355337,1
VEN-04592,-25.17707153769309,3.794083946631914,0.7041853117633441,771.1069308027255,46.2080204547116,1
VEN-04593,-18.66012393153902,3.618784018818212,0.903271450447154,540.0214731843193,48.79606067094215,0
VEN-04594,-7.393997036281725,1.063589491575543,1.2281978606784658,650.4616413810096,38.03640809672076,0
VEN-04595,2.832802420946049,2.004226663104418,1.0210872387387049,782.9361690435873,56.198758562505255,0
VEN-04596,-22.487705376596985,2.3780002572974595,2.2651135592956684,855.5212014858914,52.02119464896642,0
VEN-04597,11.314671661104155,0.908094328522693,0.6780240732576498,607.4216355544027,7.745511884676596,0
VEN-04598,7.289518362311203,1.950004692040158,0.721116590664439,715.5313763684128,62.10843973501498,1
VEN-04599,-8.80132856194201,2.307035266471245,0.4264243499752888,643.312310141995,61.471898309538574,0
VEN-04600,6.4671596592242935,2.9861461962409126,0.5560132160162026,754.0506286451266,76.49139904021325,0
VEN-04601,16.76393486805311,4.8747889593745,1.0086033487591703,792.7734278420784,56.40018665370892,0
VEN-04602,20.90490564291139,2.251475736130061,0.648835456086089,560.958567175725,32.16097852817517,1
VEN-04603,5.397330472940023,1.7488244753814812,1.4860125481125117,748.8802810996664,67.09161816736045,0
VEN-04604,-3.917348873690754,0.8245600975060849,1.1972265928424408,657.3046907478993,60.78872131547574,1
VEN-04605,11.374649629269966,2.096941481079019,1.5706430952335109,602.0252523761515,31.69033483282935,1
VEN-04606,-26.17631675890861,2.157550288384306,1.4353369314994648,664.1272670934494,70.78713867901293,0
VEN-04607,-2.328811163195212,1.4207194988281078,2.290298767739372,703.6324709953102,44.17159647686368,1
VEN-04608,-28.5290282877238,2.911291370037384,1.352939738433338,616.6505285374021,65.10859258576421,1
VEN-04609,4.6560222127508215,2.143095492753031,0.9161517984797884,699.7012973530087,55.07821812707682,3
VEN-04610,-3.812937507789506,1.065504583495721,0.5148943079774243,697.8237103002688,31.33368703848571,0
VEN-04611,12.24918782393906,1.345458315699763,1.016401267828032,528.3499157318483,18.367914448555343,1
VEN-04612,-8.113437423937816,0.8143216763375528,2.2955004975954694,586.5318748867165,51.879437718678616,1
VEN-04613,21.606288493953137,1.7039762021757303,1.0194725754864575,531.2564869669314,58.04902708494868,0
VEN-04614,-0.5756441643677466,3.198382338264757,1.2078264570360393,535.5659268236112,57.95736703021056,1
VEN-04615,27.17676667622417,1.6313011969135127,0.6381291839314588,588.191162954279,52.383410474764354,4
VEN-04616,20.15604496784397,2.44001464882648,2.123695489059212,628.2436157553125,42.71006749577799,0
VEN-04617,1.8540807551032683,1.102029117867282,1.52484729724782,647.23525243175,28.695918183843744,1
VEN-04618,-24.13779714079348,2.0317288817516808,1.1105912677628855,578.4180020476916,26.324129204769918,0
VEN-04619,14.355357515622122,1.4125021145238867,0.4933694704097002,656.7325100617908,47.86108215254472,1
VEN-04620,17.43194920318716,1.8666195214306305,1.550941859864822,654.3347603641081,52.40943141531126,2
VEN-04621,-39.02499386408567,1.9530315348902767,1.227782717613806,742.1094978157456,31.28684931950376,0
VEN-04622,-33.99290941460807,1.218978071426823,0.7798525024147512,713.6957797697295,38.98645783964221,0
VEN-04623,-5.177907448618054,2.862816737710683,0.9707870174144958,540.8287631277562,31.86821891019057,0
VEN-04624,-41.35566594585586,3.9991670957486334,0.7353741323124063,667.3821031017743,78.68002743086917,2
VEN-04625,29.26389730408112,0.7596446993644246,1.793577534883308,688.8828316571385,29.770045192772887,0
VEN-04626,-9.237238299802794,2.5385584972533133,1.5505765532328477,759.0678289678928,53.95942444115664,3
VEN-04627,-12.26498124504166,6.015417786862131,1.092888246795751,496.19244544922526,58.72224111221955,0
VEN-04628,-18.108147252269625,1.841863100095012,0.7699298054343886,645.8766313192446,66.01195751388545,2
VEN-04629,-4.428132965953727,4.307801469958463,0.5826777333886428,698.5882043792755,48.0884468640825,0
VEN-04630,6.499721865606112,0.8508242635147596,1.100454793742246,738.4754555235496,60.6736412892274,1
VEN-04631,8.445116198561717,10.105137583890036,1.118907423990417,697.0033970204845,71.64751357379572,0
VEN-04632,-5.844012884110553,3.938598871827101,0.7353700417086532,899.6302517501861,64.37544147888913,0
VEN-04633,7.984251861897658,2.1470345364563683,1.0095009626232383,783.9482529449868,46.087265803050855,0
VEN-04634,-49.33831879542892,2.1316463587760768,0.5593986024997968,782.442394593646,20.26960801875445,3
VEN-04635,26.70824789847812,2.279652879874286,0.8824957222856542,626.1261268991195,76.08406592700703,2
VEN-04636,24.6891281690152,0.5780716374865911,0.9710991536980396,638.9872931353624,63.02952917625468,0
VEN-04637,-0.1207319830083752,2.299713602417568,1.413154831590506,595.913328133611,71.13593520906478,0
VEN-04638,14.820312945150237,1.589950022248117,2.1802462587174043,573.743396008736,36.05115408329463,0
VEN-04639,-13.109502432429778,1.0144068255816434,0.7081980427206842,651.8947551039902,55.73501970348579,1
VEN-04640,12.944523662278328,0.8811963854024156,1.0846252984852554,792.6043118889389,55.07708486435253,1
VEN-04641,-8.767216514067664,1.511290021881852,1.0422241695865566,663.7982845701569,89.65078884313903,0
VEN-04642,13.188049645502986,2.627114720199085,1.230529225240533,562.501459417158,63.33539596188618,1
VEN-04643,-4.2784373114063,3.162811591849412,1.419116848900699,774.7897379700652,50.077117210554384,1
VEN-04644,22.882917250570763,3.060747133228765,0.5082677275700167,797.0965554494699,32.73170483092034,0
VEN-04645,-5.530022750981086,3.1443028096429764,0.8187264201626098,732.0958330268813,67.95503662247337,1
VEN-04646,5.266097108906804,0.9831455119942768,1.0741568007759663,616.6050386287754,53.11737233828037,1
VEN-04647,-0.2647525333081884,1.5326868672975802,1.239956784717235,639.7915912846047,66.22672088842526,1
VEN-04648,6.337521520639578,2.2849788066258707,0.776812310016343,842.3937012923095,86.59423587473663,1
VEN-04649,-3.886514421764893,1.654430808131634,1.372755669718013,739.932590274794,63.96225581084192,0
VEN-04650,6.517287020135583,1.1858392191400824,0.7384985948471121,680.6276298829803,67.96054753858716,1
VEN-04651,10.904681205790348,0.8967825609139122,0.8810655596166245,541.7266567143023,62.826300882652106,1
VEN-04652,31.97502867373027,0.5937891763440873,1.0829154118469566,676.6993849438472,65.3935148866562,2
VEN-04653,-1.2142207431132448,1.7471398692061595,2.262854055256596,611.1639071745617,39.59228967079165,1
VEN-04654,3.064389612298158,8.108775332025195,0.9332960765382196,746.4575919742845,62.448940536214224,0
VEN-04655,3.389875071506432,2.975935213280491,1.1157363977535368,722.5766064194528,30.09822049045587,1
VEN-04656,21.55232873237462,2.797069196801281,1.0585130319825062,760.8036962074261,81.29231330910585,0
VEN-04657,-29.844843105951192,3.162475096737748,1.2010600065719503,646.5859479167214,67.04071901152585,0
VEN-04658,21.680295765236338,1.4519412720912634,1.4835817276968224,451.9936328430368,10.41296957217127,1
VEN-04659,30.313689490588008,2.72755836543348,1.3178364847015993,550.8896434732817,26.1982656374599,0
VEN-04660,-5.6750413301483,1.735805601010115,2.210206408568678,646.3460588307508,60.11048850656583,1
VEN-04661,22.098844825155613,1.0284178743156376,0.8241261901746608,739.6128140094622,40.27789291277942,0
VEN-04662,4.374026969986041,1.3305526421862388,2.234415346210076,666.2657131756966,44.397043249178,1
VEN-04663,0.5606612841228742,2.506555694393164,1.7795106763320632,681.3477240387141,57.25222403002897,0
VEN-04664,14.962400261298528,2.228192097442136,1.635360159171899,753.5866791911747,5.0,1
VEN-04665,-12.155155267772326,0.8199390879235292,1.1815185802949226,627.085122214112,39.551707257077794,1
VEN-04666,-21.450801251479263,3.3329573330395186,0.8064397792593772,628.4981154567487,28.053702329274337,1
VEN-04667,3.030322366981619,1.0965452834209288,1.2918331707171078,672.4729056606034,69.32255503775448,0
VEN-04668,-12.38868414771856,1.4398798560713273,2.554367243335414,566.8229916474772,28.55582606580713,1
VEN-04669,53.66142189272248,0.9634951352494612,1.758610951061432,510.1558620866606,81.10551637971672,0
VEN-04670,5.80314711437826,3.520982909542714,1.4434081402102554,577.7981240994566,43.862337022819005,1
VEN-04671,-19.389131142954653,2.34513076308748,1.3546672303643033,685.5890372004785,65.6520497270873,1
VEN-04672,-8.732629938519455,1.7941675266833477,1.408631215549035,570.4115426360427,47.71342836202738,0
VEN-04673,7.818162889397502,2.1089875168588894,1.1325892403184683,715.1276156495752,72.80782475624171,1
VEN-04674,17.65786343066091,1.509303055503,0.9520132342591776,783.2781048574041,47.531797706250416,0
VEN-04675,-4.716757737023379,1.0261064700144322,1.370344606373059,671.6196080655836,37.20661384371149,1
VEN-04676,9.928316004097017,3.8004295391542735,2.1441046834990694,672.9412605758866,87.52638556772519,1
VEN-04677,-17.526559472398638,3.1355093076396554,1.098164304017058,591.9262700916898,49.45851433608946,0
VEN-04678,-6.787022966627422,5.043647901400455,1.431244012498068,593.4254891165086,42.87937860379979,1
VEN-04679,33.93424874478124,1.310846150180044,1.282908866649954,695.3693636460781,31.382041957032783,0
VEN-04680,8.345388226637024,2.560937730019937,0.523269598862633,517.547532329823,44.38213188603036,0
VEN-04681,-36.23435497770795,0.711247903102331,1.3667583728118622,560.149266923165,9.472551580744152,0
VEN-04682,10.648902045952497,3.129831950222418,0.968680486605845,710.2448011140381,52.768698766179874,0
VEN-04683,19.11368427545877,1.3425994762450824,2.434852720901832,676.5484261684031,66.09756500457449,0
VEN-04684,14.803478937938822,2.605906188224723,1.1059909699987365,672.8570631626659,37.16307614191762,1
VEN-04685,18.496038233871676,2.5263285018306942,0.8084926799667734,679.0660690574659,87.46696002779876,0
VEN-04686,-14.24774704244551,2.988380779017729,1.8810755102119288,734.2769686825628,51.24459972827691,0
VEN-04687,27.19473489562647,1.7227914391771535,1.5522724219914523,572.1750417339504,51.65794911975119,0
VEN-04688,6.081505421490169,1.0990621515783905,0.5956217690466199,818.1528262684262,37.10612680084577,0
VEN-04689,-13.02636151901789,2.5418154670593864,1.1576145084457508,900.0,85.69650886732046,1
VEN-04690,-0.440187129532112,2.7278185257634657,1.0770584519546724,612.4433700174521,77.83962260529606,0
VEN-04691,20.752221178491112,4.87737414615579,2.573888682144473,641.8521114847802,36.50143247800407,0
VEN-04692,7.199040534329374,3.3770837925144304,0.9140514091543892,535.4962039339426,31.38018653922705,1
VEN-04693,23.256338763888166,3.468495150500245,0.950511267958458,731.214179066469,53.455850254960566,0
VEN-04694,-0.572852609965155,0.8162141577573435,1.112115217861281,823.1190131472256,65.9871264632073,1
VEN-04695,-4.849701854007577,1.0712550370274836,1.508708321755815,714.1009947094964,49.37811556501713,1
VEN-04696,-11.20252509524546,2.626526419897705,0.7765046925574526,791.3796913502134,107.9822103718132,0
VEN-04697,-16.62649354295093,2.2965578569670586,1.2683235773699877,674.6154501590378,13.47840061337093,2
VEN-04698,12.117718507622426,1.7620465633564222,1.0942269941857623,790.2329972710936,104.27787520115142,0
VEN-04699,8.752088415978296,2.0165246864083413,0.8641243811867907,698.0453262725689,52.22893460534678,0
VEN-04700,15.258685719892751,1.7307066536494968,1.042947499376928,604.939772053289,49.10233534556701,3
VEN-04701,-0.3548469891370915,2.236148432452536,2.208909194423994,720.8495728581772,47.84759559788204,0
VEN-04702,-7.862904584176741,0.9397864676486304,0.9695369528757646,738.1898390510945,26.717584324081518,1
VEN-04703,1.1182226981718175,3.136917964475007,1.165671106985996,676.1766466655818,41.937617296373375,0
VEN-04704,-10.026474933728757,1.2671165069961257,1.104609482396466,860.5218334993185,25.98165427829848,1
VEN-04705,-0.7494134398240524,1.9216560577504929,0.8334057355473755,758.3219107738431,33.71992650876878,0
VEN-04706,2.764969472275632,2.21676829568945,1.3568123579389766,705.9235968314051,48.60332023845307,0
VEN-04707,-5.087954450105201,1.895395431934327,1.628473918279813,721.8476893266907,79.73167250197889,1
VEN-04708,18.95751066193131,1.1068486455091515,1.2811158279981654,720.9971137315381,20.624230246593367,0
VEN-04709,46.63562128481783,0.5922313834326782,1.0012028060509164,772.0292112437962,38.38169334050735,0
VEN-04710,16.024822010036836,5.005075246161994,1.8635915054838967,822.6177616063533,34.84552743792679,0
VEN-04711,-5.710128810626209,1.933245364627173,0.6999226510550923,710.9103961310636,5.0,1
VEN-04712,36.49648305825256,1.2250432437176804,1.2104296916504311,659.8376863639679,73.57758687399341,1
VEN-04713,7.950508434341131,1.069154316125799,0.7837630500115388,705.9436291910112,22.32081977330852,0
VEN-04714,25.240009866790466,2.209263715778321,0.9711433187442918,781.3371846394463,73.52133400216793,1
VEN-04715,13.866692288980074,4.351185280716275,0.8654320238663004,714.8893700544409,56.13012595183864,0
VEN-04716,6.779621997879799,3.217300038427125,1.4066380242723246,872.5058326556547,33.83792175308248,0
VEN-04717,-0.1329272830978052,0.6533427569394988,0.9168907987215956,602.2634932100739,47.61378205754505,0
VEN-04718,44.88718947793939,2.3684908109835336,1.2035618275894715,517.2581663240196,54.439748075068415,0
VEN-04719,-1.2567417392939166,4.538002638216733,0.9309217179024156,802.8169121695582,64.52654230889864,2
VEN-04720,-1.2587849729206253,1.3459134391624252,0.9811004952121772,538.537241342479,76.77460620894342,1
VEN-04721,1.526165454811121,1.8954654920592664,1.598342836276785,663.3926953312368,95.8029243981834,0
VEN-04722,-43.0570394005973,2.3531322559290064,0.9767100375854164,598.5537960511867,75.78951281362043,1
VEN-04723,22.11129060618676,0.5183499911138184,1.5222870824606238,615.6851607262155,20.14086322370923,0
VEN-04724,-28.63714958904398,2.6396964439067103,1.136166387557039,785.4736110471391,61.175283706907706,1
VEN-04725,17.72844273253093,1.548879554321941,1.3612475022886772,691.5815056838387,62.71978191047435,1
VEN-04726,19.56476106966616,1.338277067127564,1.0030060165767438,655.863280726642,88.7018550686397,1
VEN-04727,14.84013416460522,0.8594289127610031,0.6793010309343737,523.2970830873384,85.34426550236824,2
VEN-04728,-5.166049138868125,1.6790849944128745,0.5768136468048787,643.4602368975601,10.638970430644456,0
VEN-04729,4.716798803777541,1.312756446524193,0.8329824508430341,612.943532049236,40.15180085397928,0
VEN-04730,-13.85226495566222,2.4074997850352635,0.685874512996483,766.2695009569031,15.807551610068336,0
VEN-04731,-11.38841400922558,1.467512614011528,1.2796856732850934,615.1520751662462,29.79608985115883,1
VEN-04732,16.813813168338722,1.6209968219224786,0.8178058872179843,733.0236391045321,36.28955783074569,0
VEN-04733,27.23231688867306,1.663292436862987,1.2326935159291896,788.5915145680469,40.0159543011646,1
VEN-04734,42.530519863596055,8.672252385781144,1.372460353698154,644.1438364471194,56.97882492250021,0
VEN-04735,-34.75187563942392,1.7351182062767698,1.3195967168848275,557.6615037025083,37.55268765160223,0
VEN-04736,-3.3843274180511944,2.276999827874746,1.3528146298228607,480.269075473638,5.0,0
VEN-04737,36.604571846820185,1.505530769192469,0.9003530962131732,791.1097597425437,69.30157653481297,0
VEN-04738,8.797153995209296,1.980858275863829,0.8961337798735093,814.2842417601028,45.57824056957499,0
VEN-04739,-0.8911613872885624,1.867068892017812,1.520401031285915,661.7324292411798,55.08295056653739,0
VEN-04740,8.475378249889104,1.161095052950891,0.6839981348365699,617.7553259130251,26.074598410435996,2
VEN-04741,-28.513775091593743,1.804695512192936,0.6324592187156741,589.8816659498565,24.46936086384508,0
VEN-04742,5.941611672684225,3.411375177387774,1.149158882786541,732.4912690872727,40.10943452594518,1
VEN-04743,4.868180296789282,1.862868694115067,2.636994394758876,773.7097093777616,35.87185273865717,1
VEN-04744,0.7977201120258828,1.273633421470115,1.0335318128552191,696.8378294260688,34.31417864117674,0
VEN-04745,-6.922096949160487,1.8344665949738972,0.8315269147092604,711.8641662031157,51.935595866725,0
VEN-04746,29.472348055113645,2.3143629916237125,1.1543869158776454,597.9464022106903,62.96502152071557,1
VEN-04747,9.343378490769895,0.9734923401151404,1.2371449696026666,642.4528920664553,31.37809642606272,1
VEN-04748,1.419028833143659,2.3557714696459,1.0854778530622515,615.3282497259866,64.42274373297974,1
VEN-04749,-38.44805669740093,1.4384894357467382,1.0405597333869732,672.5852213835129,53.90288779962993,2
VEN-04750,-23.804058021600905,1.4656193353044291,1.1457237569645868,786.3340538399773,92.94791069342148,1
VEN-04751,2.9737743217319044,5.727371354728886,0.9716075982548504,736.3568803390434,92.39040087433494,0
VEN-04752,15.801424198065003,1.50519005355457,1.0485969970147897,638.0621842848908,38.294037336100295,0
VEN-04753,37.65825920231568,3.12931312427718,0.8575097490732427,794.4505016808326,59.36731814466461,1
VEN-04754,46.06749150571401,1.508852988705628,1.0636743485239273,645.8654342526692,64.59330597743156,1
VEN-04755,-29.02715575786177,1.8171772597214884,0.6648772621210872,595.7719934278223,8.273202287379206,0
VEN-04756,18.69998227630752,1.376241280738262,2.0456920011257296,724.9721646667533,24.4657925644768,0
VEN-04757,28.19855487520913,2.7233601142467685,0.9741322426917204,802.4967275969051,52.2915471694721,1
VEN-04758,12.750165086402236,5.270797082948398,1.910098495770966,663.0138406490837,19.65999803703001,1
VEN-04759,23.338761230327695,2.676760358227326,1.4137200030592942,663.6542769676665,90.1935395111376,1
VEN-04760,-5.265787457826935,1.1977714197629628,2.6324437738313406,783.2313368826921,75.7434042554712,1
VEN-04761,11.69232664483393,6.822141116972121,1.408495539128791,660.8962123646811,70.51939851738695,0
VEN-04762,35.305517260978,2.809564436994551,1.5672453519643752,625.8634653302207,97.15028289596792,2
VEN-04763,9.929980447144215,1.1343531174484445,0.7870777449245407,767.1840407766157,62.76412086221657,1
VEN-04764,-2.0369911281004693,3.291332360819637,0.5843093618742953,581.4026066097287,45.70108747493687,1
VEN-04765,18.94847546406234,1.8235393654144547,0.6084597553103767,648.580686604009,30.30083707340516,1
VEN-04766,12.543833500551663,0.8432199887474882,2.735573672412876,703.6035174638263,24.450743910480757,0
VEN-04767,37.42370825319305,2.136810178058657,0.974613918000023,654.6406077981716,45.64283265398044,2
VEN-04768,-1.2097638967824738,1.3207841751869265,1.257617873488334,739.2288546325967,9.224864796168896,1
VEN-04769,21.10363880656412,1.465600433116102,0.9135348157275884,542.6956890350635,44.28979588126614,1
VEN-04770,41.33346227193507,5.808991285297564,1.8068078008643955,626.2879883626761,62.51774860541597,1
VEN-04771,16.416021106952247,1.7756739305019755,1.333101149430643,633.3902012260273,51.08677510556832,1
VEN-04772,-27.033590464927315,1.1927418423448637,1.1644551588309733,688.2971136420849,45.65961857412984,2
VEN-04773,-7.440434725251272,1.0154191840834943,1.296802425140208,820.2684714410813,61.4986403042542,1
VEN-04774,9.459673669257464,1.733933458421922,1.23023183633932,579.9129365751637,44.8400671632124,0
VEN-04775,28.272960518789265,1.2482096726787393,1.4665716420041055,673.1023189247737,37.77643327122294,2
VEN-04776,21.43933830974597,0.9327286092230662,1.368378596820514,505.6218727997296,5.0,0
VEN-04777,-4.464158112795619,2.093781434905268,2.471446045872148,701.199882893231,51.22247163795736,1
VEN-04778,7.418385341159118,2.955183573990084,0.9496723369380956,591.6103900431144,50.687264695195374,1
VEN-04779,7.307456181638722,1.10751826918028,1.175328695072161,518.5988911714029,40.37118097174724,1
VEN-04780,1.2794820018197672,1.6905685765207006,0.7800901687718107,682.2532860709644,50.01718644319034,0
VEN-04781,-16.98308884726258,1.4199869339241284,2.082944668505368,723.3360608522152,42.5332492494985,0
VEN-04782,12.882793379988032,2.6257624814410865,1.1634897504101502,594.6343349566299,71.35007843875928,0
VEN-04783,11.552108188112062,4.25007706492774,1.1784688252227722,669.3478961132379,39.612571034767946,2
VEN-04784,-12.341334693918046,4.551438998505031,0.9543293413163474,717.5875185759246,60.39525042808818,0
VEN-04785,-20.081700924609557,1.8153863356947493,1.5546259080545783,685.0295316076474,49.40382002701799,2
VEN-04786,44.245208523803925,2.734389066462165,0.6595800828495689,664.213100063726,78.78544247891702,3
VEN-04787,-26.73670705871561,3.103110977484648,1.1214149390482206,653.2858620611878,20.108988779106603,1
VEN-04788,7.312757413368272,1.988845310590708,0.5534636119730323,697.0082674343687,44.852659821823416,0
VEN-04789,7.18256469584322,1.4961174401444173,0.8714220893260575,738.9189384530281,67.57056494924339,0
VEN-04790,16.005227661069135,1.0283651614953364,0.4968390186931986,757.0410379780801,47.148112077037,0
VEN-04791,-5.332194758561467,1.6907400762855185,0.6777758785114036,620.1958442033175,40.20733599076094,1
VEN-04792,17.24274876690945,1.1576256682949488,0.9828510888233956,738.9189536073743,38.07590949994877,0
VEN-04793,-7.8308199435680415,1.2419924033061278,0.5578697480205682,705.9722735579733,55.79158651870683,0
VEN-04794,-7.182445621224128,8.233949722280789,1.2044870236497165,663.521805439822,5.0,0
VEN-04795,8.986943483075,1.95536175203312,1.333872680784263,713.0124800849446,50.83680699548149,1
VEN-04796,11.58233196632451,1.961545626990042,1.7774770547109475,735.381366789325,81.53680778249219,1
VEN-04797,-13.945468047139164,2.502103397231535,0.7002092894459626,645.0385711213594,31.74588368814654,0
VEN-04798,-12.4064449858846,1.7537243488168273,1.3530880907163378,785.8745486887142,73.3545891133134,0
VEN-04799,54.46841847450592,1.3341668593624312,1.0310854111215235,811.6837177753558,15.191441387923874,0
VEN-04800,7.631220734892029,10.705210384847362,0.6143687839397467,769.5821936861265,66.96434290778623,0
VEN-04801,21.36519598985877,0.926686392172785,0.6215010472401751,717.4542220542656,41.183695205671725,1
VEN-04802,-11.539351321864483,0.8614251373700518,1.45111980707599,617.6124858605675,51.53836508134168,2
VEN-04803,18.98260451004366,1.9701853659505209,0.685365676467021,773.497377329452,33.55912222537143,0
VEN-04804,-10.053405248420985,0.6522658498892515,0.7343063513605945,637.7072825170397,66.71911811426185,1
VEN-04805,4.424225795171649,0.9961218397484431,0.96662397181391,709.1224365276174,54.26169801682271,0
VEN-04806,16.448111674741877,1.3607482402489663,1.8874462509912264,679.2718232093924,48.70386293371206,1
VEN-04807,30.10112180572337,0.546053112469767,2.0798517715919265,662.1996285269776,55.82204369163665,0
VEN-04808,-14.174945155634568,2.383186624387184,0.9778624171953736,754.1814636561517,79.31689697854291,2
VEN-04809,-2.85261465391848,0.7319979112357219,1.3756020718357036,783.464038217734,29.25955195859945,2
VEN-04810,8.331236647224312,2.281803456735781,0.7236930069636375,889.0738853153682,83.18964981084437,1
VEN-04811,17.22794966873512,5.030753975405206,0.8950656011626343,664.8809952175341,76.03427143452396,1
VEN-04812,24.51258955830057,1.588396273210524,0.8866231231811902,513.0934391280585,32.93597282625848,2
VEN-04813,-5.344333539116512,2.101994422459405,1.1653696999977918,686.9053402683222,73.30218946200526,0
VEN-04814,-14.915432638310918,1.7745548312921984,1.3131943487540374,813.4698199023919,38.90292808759919,1
VEN-04815,-5.25444576725792,1.6553706904918728,2.003264141645674,674.3547541673385,103.48674071184732,0
VEN-04816,19.85219214788988,1.3470419284277844,1.4250777758809277,604.4390169128358,6.851159830258951,1
VEN-04817,14.5995085135751,1.915195648368852,0.8433855500156406,536.0229713090082,68.97161620418225,1
VEN-04818,17.86170709868173,1.4837758223247806,1.2590694641674371,718.7620742835331,55.68902265750474,0
VEN-04819,13.96139736252162,0.9156652399636048,1.1443760265339944,675.4294942420913,36.5952746104395,0
VEN-04820,10.880225740181222,2.82139145057997,0.6157996147238223,824.1543956056628,97.6359492846729,1
VEN-04821,-13.951909372544955,1.5420209936782578,1.909016257944869,792.2196418775297,56.10610149603684,0
VEN-04822,-5.964936144214322,1.1527119681066915,2.0090751290512348,673.7064491471355,31.960372877174542,2
VEN-04823,14.663798681417216,4.771920221696768,0.8563145136495728,641.0636216372397,62.810458389045806,0
VEN-04824,37.29158334607058,0.2771534784350795,0.97377712003939,764.8800491529544,88.752912300536,0
VEN-04825,8.575474288518034,1.028302385532483,0.8341654495304497,805.558813767055,56.546063540303166,1
VEN-04826,-3.90184993413515,3.273392335659996,0.9938040453401922,648.6097762296519,65.79097704929474,3
VEN-04827,-26.91377243549093,3.928335204193927,0.7370996511679492,737.930984048246,66.96502328935594,0
VEN-04828,21.210976925343477,1.379172308554818,1.7143877189443628,687.0708468246603,47.887835364024674,0
VEN-04829,-8.103414268671127,4.765128700951943,0.9790187543054192,708.4680432646018,84.67671317507748,1
VEN-04830,13.358393162900075,1.5526283090600048,2.1588896428969444,660.7432648906864,62.909890106618114,1
VEN-04831,2.0916633750318,1.504766723315048,1.8572014881386056,664.1928196835918,61.53691756692974,2
VEN-04832,17.006274826424537,3.3798713567144443,0.9906411789560728,546.5712608450584,21.98089535359033,1
VEN-04833,-24.677418197848173,0.9210960384281408,0.972725674080016,494.6173910030244,62.92467955201243,0
VEN-04834,5.388105910391588,2.445121476162207,1.390542558718751,755.747938724104,60.92325911852264,0
VEN-04835,36.346019202606925,1.7900487573950872,1.0001417488557582,772.7043482170728,96.95887264744204,1
VEN-04836,33.728858863898445,2.353140648915625,0.9066292863292664,683.3794035784503,63.653041664293625,1
VEN-04837,-18.49193240639849,2.6539601642395865,0.9931508094483312,678.3739895446723,5.0,3
VEN-04838,-33.48745031118672,1.7653910730113538,1.1094566004397095,618.4378435270811,32.11154341865944,2
VEN-04839,-14.848273222933884,1.0608918375706051,1.7133152273110848,773.1371494168934,73.58412624670589,0
VEN-04840,-6.528933149234909,3.3871999315926677,0.9338236430402956,555.4715620103782,57.559806645510434,1
VEN-04841,9.134014402460652,3.1502684681113577,0.6933690095994591,801.6287153520474,48.42294859483533,2
VEN-04842,15.144481386576256,2.032801540005047,0.901529234416386,680.2208507951011,47.27453441754933,1
VEN-04843,15.55988186652403,1.953446826943592,1.4435277610592283,577.0160535191264,73.74777227661923,2
VEN-04844,17.789669474406036,1.4399242179503584,2.240850751165305,691.5025546868204,54.92879992640971,0
VEN-04845,-17.262180842537227,1.577157264726432,0.9219519455962756,811.5509471583672,61.37643122635642,0
VEN-04846,-16.753508662711415,2.3699658755897737,1.4788517402052777,455.6033138795704,67.47447657599125,0
VEN-04847,4.546541108274273,2.0714733133068246,1.0917238097663204,748.1766201337799,47.79744984367791,0
VEN-04848,11.54893002795598,2.6498897056312702,1.4320128096967455,481.04435665391736,54.803264387522646,0
VEN-04849,-2.3188799315001063,2.451488465050854,1.2715350824194795,565.8569234550025,53.25869308684728,0
VEN-04850,-38.72578585759621,1.012198824718354,1.07132253385122,612.8128577812548,62.93611007425344,2
VEN-04851,8.48961980256435,2.72676817581274,0.8838726624694359,794.5173707510667,76.98071333173746,1
VEN-04852,-1.2286389346983275,2.0277913610523224,1.4342486539272148,614.7966331417695,52.24619808093376,0
VEN-04853,4.920306301760451,3.2257480121755537,1.472649506295394,689.8863063891858,79.53200246198418,2
VEN-04854,1.4055662534663789,0.4934865570996596,1.359685501546231,626.4091247094192,60.66937041255528,0
VEN-04855,-5.032526807684924,1.108933225863182,1.6228284632622174,757.0789563056815,44.39790212630359,0
VEN-04856,34.06386940003863,2.0945765500423263,1.0951533744951043,828.7761345000566,33.870284890273,1
VEN-04857,-14.030995892776978,5.000925426176727,1.139145264628516,733.3538513941459,57.778870353565495,1
VEN-04858,10.95399277739299,1.0547114521314842,1.1179591418939363,483.9270824849425,82.61816873114743,0
VEN-04859,-4.182162040745183,4.939657188524313,2.548558497132436,567.0384378226308,48.96707770947577,0
VEN-04860,5.320107634408889,3.836968346379531,1.2259233792201596,633.1099153518952,8.98409822484556,1
VEN-04861,-14.372192885398928,1.6890180255100382,1.1220528437986197,612.7598184983766,66.50101201850299,0
VEN-04862,4.163507837018133,1.7925718891728533,1.5260021963966046,659.9837705557856,27.736978089650048,2
VEN-04863,-11.750125441870376,1.0533156667145185,0.8840071411262175,662.3612468235826,52.17690224261077,1
VEN-04864,-22.77978274932692,1.508848582506476,1.3646528503703406,672.8921793411798,48.15202955576375,0
VEN-04865,42.598578003440096,1.3370831070214388,1.053672646203068,673.8265762573272,34.95211344187812,1
VEN-04866,-7.881170964787381,2.2427283856400004,1.928485063796466,692.1716510042991,75.17921326538982,0
VEN-04867,29.99003697018573,1.449499724554684,0.6828757197303544,681.3977177886551,85.88979775519448,2
VEN-04868,0.9871904490506652,0.9356217753168358,0.6988604230420808,734.8648259277941,77.83799403814557,1
VEN-04869,-2.437636776840028,1.7939448187280718,0.8603736360060898,761.5998850969718,15.154993835184776,2
VEN-04870,56.35226555027387,1.824296137127506,0.8250847572609641,683.5574552334363,27.175600613262887,4
VEN-04871,11.485351863837314,2.0808429424543307,1.1077515376948337,568.8540202849848,33.340560632483246,0
VEN-04872,-38.71245426508016,3.701151868624424,1.1395013671890375,637.9855449515662,23.44764062136156,2
VEN-04873,4.187664830093615,3.914495574083847,1.623415215714127,616.3061852974871,24.500739492353727,0
VEN-04874,52.398679199659504,2.6513544173110346,2.189306490553961,730.668597792656,106.75736433204486,1
VEN-04875,7.881973852342598,1.455745423480372,1.254799938229108,692.4320157225196,43.84021193244924,1
VEN-04876,2.915158412696901,3.504523607551904,1.4787674876312111,741.7731237565382,31.44433025970587,0
VEN-04877,-6.4787203831598585,1.802525420525917,0.6233936072910176,651.943864629326,47.83788363000352,1
VEN-04878,7.84763969522129,0.8966872333007692,2.0395434627189037,503.4403648443312,95.67185224772555,0
VEN-04879,-61.18010551957085,2.5743017174600533,1.236683002832233,735.2527459203393,58.16887532348141,1
VEN-04880,5.814176431340679,1.3701948101826595,1.4643246818244628,653.9496042135846,43.00520412272857,0
VEN-04881,9.00001576176075,3.6693343088434505,0.9844074077709584,699.7088079462013,83.1248198716769,0
VEN-04882,-11.66425319702154,1.0322844699022913,1.0461842301642037,842.0151094269534,41.17027658968836,0
VEN-04883,15.310312794067244,2.689809813687382,1.001115392892565,543.826625625722,75.03609900100267,3
VEN-04884,-18.359209490894266,2.5012807458716084,0.6259065815668398,696.1860479432462,82.73866505570165,2
VEN-04885,1.5131259671827868,1.4200049412979985,1.1028055674287591,669.102860412204,50.65683018969541,0
VEN-04886,45.07172607929424,3.449323841141399,1.0362274075325035,647.110250597915,72.99288611038207,0
VEN-04887,26.9793521483593,1.4282076644690076,2.1482303215836454,556.8820574786536,75.45877552482479,1
VEN-04888,35.40921604231612,1.466256508605438,0.8415930734057514,615.2990134711664,51.59763921038319,2
VEN-04889,-8.330386649772528,1.519017637430344,1.0854764045282972,753.669011128177,25.68994917407442,2
VEN-04890,24.853953255972748,1.938677083886442,0.7692661769527157,634.8569171511159,62.82422798210662,0
VEN-04891,34.03668875269682,1.9654660368247656,1.5279710403864948,546.9832816210036,62.03371826278866,1
VEN-04892,6.242918491530496,1.894381120882679,1.5651064710232152,539.1167191906486,64.61022679040445,3
VEN-04893,27.66247193570397,1.1182809684336374,1.3801451265338858,703.1831764050478,47.29623048573886,1
VEN-04894,34.27648392585752,2.73297985103984,0.5835777257071646,871.3216706454923,59.97491349560283,1
VEN-04895,-13.854258638139868,2.0970002839375383,0.9356231600961792,752.056179219434,112.61117546772248,0
VEN-04896,1.8417044518680097,3.924242149836591,1.047311865380745,750.0586514079299,24.32216889613303,2
VEN-04897,26.258703614816444,2.5268939969921687,1.0165298959554907,815.9064814704117,73.93834705757013,2
VEN-04898,-13.046912049107776,0.8734140002559303,0.5517356155356238,752.5085220052271,60.90311791594246,2
VEN-04899,12.59538853496845,2.4585753132038697,1.3393812053442025,709.7558312233535,50.375457196045744,0
VEN-04900,16.30497372813552,1.931719662860052,1.589924206624465,536.1319875065792,41.32430289706694,1
VEN-04901,-4.23832767054625,2.494211862478252,0.3689201010013599,900.0,74.91958910647153,0
VEN-04902,-11.652783301826986,1.3833547085930316,1.4469052155338342,664.582000914626,43.178811702909854,1
VEN-04903,28.070290484322665,2.0756346262583154,0.7751677667492604,738.6144114056052,63.71321861536188,1
VEN-04904,34.91927623812658,1.173410250810583,0.8540739877291654,567.4307494451366,73.7038350569678,2
VEN-04905,29.804753498489937,1.1231431636643223,0.9192929385575664,767.7392567157342,56.71235967284589,1
VEN-04906,-14.487855392761304,2.601536003096145,0.4473071673628927,663.5572683934314,49.822290621108536,2
VEN-04907,-4.865429996526423,6.588089342663292,0.6430926399825742,680.7224790798631,54.38816384086466,1
VEN-04908,30.057153715052788,3.859396719379651,0.8539053291258736,667.7695512875412,38.39642951573239,1
VEN-04909,1.240534895567567,0.7918879750564088,2.199304264985432,590.1979391339847,47.27614574464433,0
VEN-04910,31.885671738296946,5.489474062528791,1.0777047262530348,521.8920209737444,79.85873409280458,0
VEN-04911,-6.339350376379812,2.487317666614132,0.4049219335700919,804.6778722943568,13.81888082269704,1
VEN-04912,-15.217996424648971,1.9118791843772829,1.1122378560552382,670.9544464589093,56.64879222230584,0
VEN-04913,-11.08515166268187,1.2014541176074696,2.7836094764859336,727.9775624516087,48.45943946138774,0
VEN-04914,32.05703977090637,6.065047565910709,1.0561238966290778,635.7297541298009,45.55337227664235,0
VEN-04915,-12.971236558236598,0.6818251506492311,1.4470134249689468,700.8102062941272,59.05068720920893,0
VEN-04916,-15.569998965130385,1.8926384675409225,0.4562560318398491,634.0413679754498,36.57404028963828,1
VEN-04917,-26.04853605832237,1.9929741203711795,1.193150723601033,763.0101564196715,60.77376584547882,0
VEN-04918,-8.874750271101354,3.9013305776919136,2.9369870427628157,650.3579705440482,30.879595176109216,1
VEN-04919,16.041257419383015,1.3885185694389743,0.8740679725439088,659.0302667340301,11.471502786169602,1
VEN-04920,-6.255542791225874,3.9085525321022727,2.2808077191514373,710.6975913322632,80.9954334671357,0
VEN-04921,32.5928616512048,10.516105865851747,0.7236159780048699,635.9494562861647,22.21048929539927,2
VEN-04922,20.03545262457243,4.99578267273056,1.122787130106983,742.6742386032022,61.40844953156456,1
VEN-04923,26.869594221255564,2.522958176983864,0.681340445203198,546.8007497469001,45.901895148385535,0
VEN-04924,3.4356088124926387,1.2797655949644322,0.5160380716312503,630.3601191747805,76.74930900096487,0
VEN-04925,8.179130681412207,1.9180152369302832,1.6670207891499456,787.3393603304633,77.92421446777597,1
VEN-04926,21.55413118783009,1.7508480857903193,0.7521840459574843,663.9644106817024,35.19951327282543,1
VEN-04927,2.875259703591356,2.113802414217433,0.8137492024042713,746.7882263651015,45.59796312820173,1
VEN-04928,-8.364015970285838,2.4953990700602087,2.290998746970073,609.5727520411273,62.4558858236265,1
VEN-04929,3.6748373719267073,2.9361051162478584,1.5260150362319354,859.358975723999,31.591609747857905,0
VEN-04930,31.62608914757629,1.5429178956763614,0.5147987683776507,719.1470907099697,68.22262460350046,0
VEN-04931,-22.760929471303843,4.985733735239523,1.136856438615396,566.5271378476943,43.72637786792377,1
VEN-04932,21.13462787001756,1.4408654162331826,1.2778662050601326,622.7690234989481,33.81786509147666,0
VEN-04933,9.206767933445049,3.235331238388232,1.1281435513276838,573.1549771499019,63.17356535788173,0
VEN-04934,14.079232009590516,1.7324637409337498,2.7131131302353206,702.5225242491763,20.09061744501104,1
VEN-04935,-3.725510441101818,1.900711912354604,0.7602188884698657,500.4620268072465,75.11211615962797,0
VEN-04936,35.29463119286682,1.86481959804694,2.407223395681604,734.713970649065,53.027777327753725,0
VEN-04937,-12.816520588528888,1.4584900375047,0.8915726720406918,799.4533638140343,33.140934475972735,1
VEN-04938,-4.812807391061369,1.1382620276223174,1.5345741546297955,723.6577498731648,59.14273060207203,0
VEN-04939,-16.076156402480063,1.5542537486442338,0.8377738686778374,576.9553673309538,77.24773690866019,0
VEN-04940,24.088263361570533,1.3004597086475844,1.428779350588823,571.62145038058,52.59503990339957,0
VEN-04941,10.55281999021932,1.9346451625567167,0.7251268461977578,565.4209980228436,56.66295799829507,2
VEN-04942,-7.3645543250915715,2.578742959913695,0.8144892007712551,725.9865098560036,52.006260220413374,1
VEN-04943,32.59077818512469,1.6927436924706365,1.7422490530228976,637.1918048236224,66.27953440930698,1
VEN-04944,30.124276501859413,2.739487867670664,1.5404932504176636,810.8900099680375,45.51278302180343,1
VEN-04945,26.03200555908685,1.8130468388656145,2.2916487452830503,727.5875829829154,60.03557959297567,1
VEN-04946,3.63759382501385,0.7147301012409377,1.2833029883051168,861.3738514673012,23.79608523228071,0
VEN-04947,8.261361445378869,1.065338054541209,1.1525163916640726,588.5677379079351,44.52956284389367,2
VEN-04948,13.188760334387378,2.3342622316447548,1.5751958932469143,527.419007411394,93.33912777534329,0
VEN-04949,49.79881589502635,1.2446218446857278,1.5875741807050865,600.224558906251,92.62519810509178,2
VEN-04950,-2.690052001306041,1.9765247083427548,0.7799411102179444,595.4915992986428,104.95966513610252,1
VEN-04951,11.90380856688382,0.7048708901817355,0.7961895454177473,669.2338356588929,39.62964385243632,0
VEN-04952,-17.386357723834305,2.1884782223124075,2.535670517931671,621.6345351741743,57.367559178375615,1
VEN-04953,-14.063714066683854,2.661499158810157,0.9512457593941815,767.6094653355199,24.375902307314853,1
VEN-04954,-2.202043443705813,1.4520210641531035,0.9888196337197138,706.9843716853866,48.29941581048921,1
VEN-04955,31.109255745300928,1.233226512187373,1.922899107758693,650.445105169687,64.9924311774531,1
VEN-04956,-5.233856166280226,2.71362891906938,2.159579011574362,704.6480682172928,5.0,2
VEN-04957,-29.77787983928551,1.9725680866293973,1.356330116083635,795.1941616559685,75.94598088253252,1
VEN-04958,11.315564527279918,0.6365723900996023,0.5582574279160185,708.5869970229421,10.805566010046064,1
VEN-04959,14.708779618175392,1.943124673956528,0.6803348193414743,799.5182464540052,68.90683577106283,1
VEN-04960,16.69186983478179,1.8786465461486617,1.8361752584752464,743.6299522281091,73.2522140303229,1
VEN-04961,13.921886741252708,1.711748806069566,0.9649669038839808,712.1779756619204,72.10146124679075,1
VEN-04962,1.7237669255655614,2.1640889467691182,0.7300974196361241,714.1734408231519,34.05925492184902,1
VEN-04963,22.027946593183724,3.668988811503092,0.9234635072996746,520.1023563666013,60.64878580724008,1
VEN-04964,10.26208030171554,2.3850433521590726,0.8358764613023043,670.1763014987175,20.49987523629785,2
VEN-04965,11.870187917406572,4.316862929299814,1.4648418468424669,690.0322256733559,32.63252158469569,0
VEN-04966,8.070931330972265,2.505139887888906,1.436725988604526,760.3351253005569,25.644142202053864,0
VEN-04967,5.878297004253001,2.3528270300628678,1.4444080395989023,516.3141417580503,70.49541539081488,1
VEN-04968,21.28193965556936,2.5003538944831702,1.31868457612221,700.8726813486761,77.53062396725252,2
VEN-04969,34.09110911529464,0.5068751036059432,1.1136643364371674,827.6576131120121,23.183490166867877,1
VEN-04970,3.4216673309739183,2.838418869194312,1.5071183955096803,709.3576683170701,47.27049903899818,0
VEN-04971,-2.2996291567662155,3.09075049546165,2.2729780360329794,762.8997012009538,62.387009696642295,0
VEN-04972,14.399378159856417,1.650907999052344,1.3670392405090597,797.876837519443,71.83195725797587,1
VEN-04973,19.10830058355562,2.996788059453318,0.7635310363729284,724.9930038254224,51.01855287455752,0
VEN-04974,-26.501942006073023,2.4124683928627206,1.1340344771944415,638.7105621674006,87.91494794163683,2
VEN-04975,31.769163003530554,1.2554207661179004,1.0004188704804031,609.7480207394372,64.89848627717859,1
VEN-04976,0.071118841400799,0.7473137052643746,2.900731381475684,756.1190373340647,76.92833295587087,1
VEN-04977,2.6768623915041903,1.501736003492869,1.0375918396550847,716.2177565074779,37.08653657929009,0
VEN-04978,-3.434309076959881,0.6399839800433743,1.1601936131937636,604.5858749485058,38.31147489199381,1
VEN-04979,34.059923895207106,2.046782557443578,1.2251192976753884,694.7510439142563,47.161635287579465,0
VEN-04980,34.11149534495205,1.3507901403039233,0.4441482691244973,772.5334328933249,38.99627101788549,1
VEN-04981,-36.59589735062127,1.6700488418742496,1.026205790601798,670.0098435249109,47.00413037656609,0
VEN-04982,3.1724302517346894,1.4943586476485462,1.369689934146796,723.5145967138346,43.26863945771696,0
VEN-04983,2.4500754954059856,0.672221001632971,1.114301939910511,501.85511533709945,44.38627443346719,1
VEN-04984,-6.491052041257607,3.590506564692964,1.2561972635188898,722.0414557272426,81.51108505101584,0
VEN-04985,-20.688973775700205,4.314666902639676,0.8229430374682204,714.2781524432027,69.07432998661392,0
VEN-04986,31.04879346981441,1.34700188953818,1.0248742891232685,581.3521349656778,69.59889455457733,0
VEN-04987,3.69218279823553,1.2199849566607397,1.2828502422411032,599.0324264944861,32.397911998938184,0
VEN-04988,11.445531307401795,1.0231705815295642,1.7487669914731618,800.4519746637042,94.62623040716493,0
VEN-04989,10.464057529114566,2.646634337608701,1.3092693261959332,776.0961121893196,54.24911416211327,1
VEN-04990,3.909118781540671,1.2199069937058258,1.8849721675651017,513.5835025606455,75.443244675108,0
VEN-04991,18.09465060935057,1.7991423029332,1.0721895399475636,764.8241817776001,81.99649847522831,1
VEN-04992,11.13669299321938,2.272660259183509,0.7440234438176163,769.5666824256323,92.03205093219796,0
VEN-04993,-30.20852461259306,3.4390160871445845,0.6498222480982806,721.9050182718054,36.16664935346145,1
VEN-04994,-0.7463745728403568,1.5596037468126025,1.192950120541277,744.7339330307427,38.57582816224301,4
VEN-04995,6.507628869021368,1.665265407066148,0.9617859808723614,682.3497465654569,77.38626081184387,1
VEN-04996,-14.546771650355373,2.8715055235324685,2.4465272997127108,663.709699370144,61.21974278014537,0
VEN-04997,3.0793701798687887,2.6389230075554924,1.7273492088436786,588.8636657186182,50.160802487610106,0
VEN-04998,-5.973400761575011,2.576048909214492,1.0239371394034082,483.4563472601325,29.14044003713625,3
VEN-04999,25.20586722333447,1.8198844708690851,0.9502089502321892,729.1847452832832,12.242169421104478,0
VEN-05000,25.735135319657022,1.188997097205181,1.5757956366290442,488.2973277803773,65.69488624596526,1
