service_provider_id,sla_breach_count_12m,availability_pct,incident_count_12m,critical_incident_count_12m,mean_time_to_resolve_hours,executive_escalation_count_12m,complaint_count_12m
VEN-00001,3,99.09754868576783,1,1,25.969639159236127,0,1
VEN-00002,0,99.0488465913807,1,0,8.765868686876036,1,0
VEN-00003,4,99.6721286734564,2,0,13.805572075375874,0,1
VEN-00004,4,98.2453056088902,0,0,18.05856326729772,0,2
VEN-00005,3,100.0,1,0,14.419146935006427,0,2
VEN-00006,7,99.67662245856786,0,0,36.17727638839572,0,1
VEN-00007,1,99.76419454322208,0,0,28.44748188356988,0,0
VEN-00008,2,100.0,1,0,40.07235687054875,0,0
VEN-00009,3,100.0,0,0,12.925073546796105,0,5
VEN-00010,4,100.0,0,0,7.563186401749256,0,0
VEN-00011,3,98.6167606272081,2,0,9.860977139368876,0,0
VEN-00012,1,98.9387551703024,1,0,13.581644877925887,1,2
VEN-00013,2,97.98790428914386,0,0,25.08751125298666,0,1
VEN-00014,2,98.63729477269392,1,0,4.2757699044879685,0,0
VEN-00015,1,99.7763368956754,2,0,6.192735038247089,0,0
VEN-00016,4,99.52137173259057,0,0,26.582828488751204,3,0
VEN-00017,1,99.80480510889193,2,1,9.016040039512246,0,2
VEN-00018,2,99.58436759531487,0,0,21.56493129077748,1,1
VEN-00019,2,99.24670582501555,0,0,23.339711349919263,0,2
VEN-00020,6,99.9941612628568,3,1,11.811823070838743,1,2
VEN-00021,4,98.5969246036082,1,1,37.39513343778522,0,1
VEN-00022,1,100.0,0,0,12.070280568072135,0,0
VEN-00023,2,100.0,2,0,23.662473853698447,0,3
VEN-00024,4,99.3494017698266,2,0,36.22504071170473,0,0
VEN-00025,1,99.25192685501658,1,0,31.88577402888212,0,0
VEN-00026,2,99.98162199858068,0,0,26.29370909144387,0,0
VEN-00027,2,99.5066690987362,2,0,13.755992935749784,1,0
VEN-00028,1,99.2208139217134,1,0,14.247428085161507,0,3
VEN-00029,3,99.68058003740371,3,0,21.26123974098521,2,1
VEN-00030,1,100.0,2,0,27.30041735090854,0,3
VEN-00031,2,98.82446619527894,1,0,21.480440170590835,1,3
VEN-00032,1,99.73191683785012,0,0,17.162820642710063,2,3
VEN-00033,0,99.0520855068816,2,0,7.892788256334805,0,0
VEN-00034,5,99.44068634114252,3,0,29.93249096835824,1,1
VEN-00035,3,98.75088984170992,1,0,13.309859425533194,0,1
VEN-00036,2,99.2324368293056,0,0,13.57686299931022,0,1
VEN-00037,5,99.70630625480348,0,0,25.8405180906494,1,1
VEN-00038,0,100.0,1,0,11.470463939768996,1,0
VEN-00039,1,99.378667594688,0,0,15.00707040972441,1,0
VEN-00040,1,100.0,2,1,25.848031012494225,0,0
VEN-00041,3,99.29767014357928,2,1,15.829001880431976,0,3
VEN-00042,2,99.5541105777309,0,0,11.17706847599619,0,2
VEN-00043,4,99.55829888967588,4,0,7.016572319132902,0,0
VEN-00044,1,99.26418220830016,1,0,14.018663682550638,0,1
VEN-00045,6,99.30175266719112,1,1,13.754765438936566,1,1
VEN-00046,3,99.9940361073154,2,0,27.664883855953928,1,2
VEN-00047,4,98.69773229642878,3,2,10.621454702613583,1,0
VEN-00048,6,100.0,0,0,15.957454158079743,0,0
VEN-00049,1,98.8673936006979,1,0,8.86037991526927,0,0
VEN-00050,2,99.51990189246384,2,2,25.87873849861601,0,0
VEN-00051,1,100.0,1,0,32.25301746741208,0,3
VEN-00052,0,98.89723613265636,1,0,14.150376137650634,1,1
VEN-00053,3,99.50877268616406,0,0,5.742099623544543,2,0
VEN-00054,0,99.7191559782053,2,1,14.271365768251393,1,0
VEN-00055,2,99.70410451019326,2,1,12.517804137519247,0,0
VEN-00056,2,99.99205322119938,4,1,46.80567735145944,1,0
VEN-00057,3,98.65379008704498,0,0,22.70428193115527,0,0
VEN-00058,1,99.90350820512651,0,0,17.524518879132902,3,1
VEN-00059,1,100.0,0,0,13.28631112325867,0,0
VEN-00060,4,100.0,0,0,10.5379803102674,2,1
VEN-00061,6,98.02000352715056,1,0,5.104536027181807,0,0
VEN-00062,2,100.0,3,0,30.05289792811982,0,0
VEN-00063,4,98.80328629145878,2,1,6.342356088561532,0,1
VEN-00064,3,100.0,4,0,18.234265207207105,0,1
VEN-00065,1,98.81784858166992,1,0,18.00596631073185,0,0
VEN-00066,4,100.0,2,0,14.04522716941822,0,0
VEN-00067,2,99.21319078787528,0,0,25.850700559878764,1,1
VEN-00068,2,99.2719463845396,2,0,16.30589812548478,0,1
VEN-00069,4,99.14279036825172,1,0,13.08654956376475,2,0
VEN-00070,3,99.25631993455202,0,0,19.32946009626212,0,0
VEN-00071,2,98.72706910895135,3,0,32.757026717808294,0,1
VEN-00072,2,99.94697275443347,1,0,20.47383214274823,0,1
VEN-00073,0,99.4359593805498,2,0,6.6453293147388415,0,3
VEN-00074,3,99.22569557128304,1,0,38.65180375230906,0,2
VEN-00075,3,99.76107166768765,2,0,9.094076524067926,1,2
VEN-00076,4,99.06362365360408,5,2,16.38562889090968,0,2
VEN-00077,0,99.22204846902726,1,1,11.047558504417788,1,0
VEN-00078,2,98.58435413671924,0,0,71.5759242606118,1,0
VEN-00079,2,99.20350489721258,0,0,16.20517247102923,0,1
VEN-00080,1,100.0,1,0,14.408943546350113,0,0
VEN-00081,3,99.97330448002997,1,0,18.70843094318009,0,1
VEN-00082,5,99.701687160035,2,0,34.79364678467847,1,1
VEN-00083,2,99.7954575956833,1,0,6.441916470027484,0,1
VEN-00084,0,99.70270259683912,2,0,22.707279109976337,0,1
VEN-00085,1,99.14262742423934,1,0,20.525183154014165,0,1
VEN-00086,2,100.0,3,0,13.410086585964372,0,0
VEN-00087,4,98.57304180101744,0,0,23.012952015663497,0,0
VEN-00088,5,99.67014512361249,1,0,30.067908068345535,1,1
VEN-00089,1,100.0,0,0,42.79681605224137,0,2
VEN-00090,2,99.14988643591936,2,0,3.6793878776405142,0,1
VEN-00091,3,99.63844681100562,1,0,14.180903396353074,1,2
VEN-00092,3,99.17932075014714,0,0,9.098553875220547,1,1
VEN-00093,5,100.0,3,0,27.359589660404957,0,0
VEN-00094,4,99.11102603289204,3,1,12.309591381329902,1,1
VEN-00095,0,98.9496341906838,1,0,26.75398194703756,0,1
VEN-00096,1,99.20474623305591,0,0,7.776221792931997,0,0
VEN-00097,0,98.6729628324304,1,0,24.946194911108797,0,1
VEN-00098,0,99.00986857755557,1,0,54.24015873884405,0,2
VEN-00099,1,98.72729588336789,0,0,17.12566943405275,1,1
VEN-00100,7,99.66652077043994,0,0,25.04183188396287,0,0
VEN-00101,3,99.16826512290493,2,0,30.527556718036717,0,1
VEN-00102,4,99.08303446961182,3,0,20.839519687757416,2,2
VEN-00103,3,99.823986751854,0,0,9.46775916296475,0,2
VEN-00104,1,98.62928007721658,1,0,24.55526802643631,0,1
VEN-00105,6,99.7685314123502,1,0,4.567960456181063,0,0
VEN-00106,1,99.9966120363356,2,0,22.54943311044213,0,2
VEN-00107,2,98.86794095052517,2,0,14.399610552411982,0,2
VEN-00108,3,99.84258838260352,0,0,17.160270610208965,1,3
VEN-00109,4,100.0,1,0,13.861937449692048,1,1
VEN-00110,1,99.78401274075912,2,0,9.788887428559494,0,3
VEN-00111,3,99.03860613423386,1,0,28.90421082113245,1,1
VEN-00112,1,98.16262747228156,3,0,11.689814733360109,0,2
VEN-00113,0,99.02107073797124,1,0,9.7890203995039,0,1
VEN-00114,4,100.0,2,0,11.47574781685557,0,1
VEN-00115,4,99.13749350608896,0,0,19.236744043473003,0,2
VEN-00116,2,99.81405724688324,1,0,15.05560139412173,0,0
VEN-00117,0,99.2361938279905,3,0,19.113730816181477,0,0
VEN-00118,2,98.8397140180392,5,2,13.116098035126532,0,0
VEN-00119,0,99.156416377392,2,0,10.961825132310222,0,0
VEN-00120,2,99.83261792961152,2,0,34.980669093918834,0,1
VEN-00121,3,98.89075630698694,1,0,14.932136297517836,1,0
VEN-00122,3,99.49031070329744,1,0,22.947360566439954,0,0
VEN-00123,4,99.4672928706952,3,0,13.901207460033454,0,1
VEN-00124,3,99.80195863774011,1,0,13.18196943965922,0,1
VEN-00125,4,99.06556461942247,0,0,49.812878265218174,0,1
VEN-00126,2,99.00214016962984,1,0,27.18120809587099,0,0
VEN-00127,4,99.69594341135677,1,0,33.92671452704935,0,0
VEN-00128,4,99.35687908021318,2,0,26.415022643197325,0,0
VEN-00129,2,100.0,0,0,32.649404897841016,1,1
VEN-00130,6,100.0,0,0,9.466394711477252,0,0
VEN-00131,3,99.39521060336348,2,1,46.17115350357332,0,0
VEN-00132,2,100.0,2,0,63.33040995296289,0,2
VEN-00133,2,98.3606458808471,2,0,24.15906599761399,0,1
VEN-00134,5,99.10777416514964,2,1,29.499063880058984,0,0
VEN-00135,5,100.0,4,1,46.458186923560014,1,0
VEN-00136,1,97.84335729284534,0,0,16.957661253843778,1,1
VEN-00137,5,99.5734750538148,0,0,22.696130463665693,0,3
VEN-00138,2,98.89780200021406,1,0,19.03073035107337,0,0
VEN-00139,2,100.0,1,0,11.423007183914883,0,0
VEN-00140,3,99.0821347990498,0,0,17.518631680805687,1,2
VEN-00141,2,99.51084153212553,0,0,12.615496108649092,2,1
VEN-00142,3,99.24377561915216,2,0,5.512998227069162,0,0
VEN-00143,3,99.23925819738818,1,0,15.27248553365433,0,0
VEN-00144,2,100.0,1,0,18.208078826797347,0,0
VEN-00145,1,99.64076932745996,2,0,20.754839076030045,1,1
VEN-00146,3,98.95178222745952,1,0,12.467183422124853,0,2
VEN-00147,3,99.73968143867296,1,1,35.58336593580728,0,0
VEN-00148,3,99.73534911530864,0,0,14.150381361524996,0,3
VEN-00149,1,99.6091238959422,0,0,22.76594711136414,0,0
VEN-00150,5,99.79960105605034,2,0,26.432236041912336,0,2
VEN-00151,2,100.0,1,0,10.298703788809425,0,1
VEN-00152,5,98.45142881837036,1,1,30.093919861150876,0,1
VEN-00153,3,98.9327159851715,0,0,17.1837672630544,1,0
VEN-00154,1,98.62495649769254,2,0,30.681741213640823,0,0
VEN-00155,2,99.43831782190423,0,0,4.958877057400747,1,1
VEN-00156,5,99.47332654209094,1,0,9.85592054932211,0,1
VEN-00157,2,99.58856077171532,2,0,14.323046740626076,1,1
VEN-00158,7,100.0,1,0,20.015690302372786,1,0
VEN-00159,1,100.0,0,0,20.25260158288017,0,3
VEN-00160,2,99.96369518040365,2,0,26.27420775140893,0,0
VEN-00161,1,100.0,1,1,44.155442143889495,0,0
VEN-00162,1,99.6406329451513,1,0,12.30408856182082,0,0
VEN-00163,0,100.0,1,0,10.286975650678489,0,2
VEN-00164,3,99.31793273464322,0,0,13.762295716548094,0,1
VEN-00165,6,99.51942457767412,2,0,8.777791085593263,0,1
VEN-00166,2,99.42042018305315,1,0,33.77542637931519,1,0
VEN-00167,5,98.73207180749948,2,0,32.60628477692613,2,1
VEN-00168,1,99.05500699388244,1,0,33.761458027981845,1,1
VEN-00169,3,98.42244753166338,0,0,2.7453679611695945,1,0
VEN-00170,2,100.0,2,0,44.94207228327936,0,0
VEN-00171,1,99.54831153042902,3,0,19.199399288677263,0,0
VEN-00172,4,99.42274351832395,0,0,31.332672740677545,0,1
VEN-00173,1,99.11424211762524,2,1,25.60901037742037,1,0
VEN-00174,2,99.189563352888,2,0,8.214807179344554,0,0
VEN-00175,0,99.67981833808209,5,0,19.83202408937916,0,3
VEN-00176,2,100.0,3,0,30.417378042058303,0,0
VEN-00177,2,100.0,1,0,20.805157716006807,0,0
VEN-00178,2,98.61552643539584,2,0,17.34256139090425,3,1
VEN-00179,1,99.86207408545916,2,0,29.44785839866799,0,0
VEN-00180,2,98.46267994362374,0,0,29.287438955144506,0,1
VEN-00181,2,98.13838666812288,2,0,10.246892339602224,1,1
VEN-00182,1,100.0,1,0,24.548336264542318,0,2
VEN-00183,0,99.54117279984618,4,0,21.74612936969857,0,2
VEN-00184,4,99.06286444686764,3,1,23.37030543681598,0,1
VEN-00185,1,99.41528193935008,1,0,5.890449245388703,1,0
VEN-00186,1,100.0,1,0,9.677630363092844,2,0
VEN-00187,4,100.0,2,0,10.962015771219123,0,1
VEN-00188,3,99.22386437199398,0,0,24.14165265340476,0,1
VEN-00189,1,100.0,0,0,3.766181196002461,0,0
VEN-00190,3,99.94864259517723,0,0,24.333604255073887,2,1
VEN-00191,6,99.55492331626924,1,0,12.757501927804745,0,1
VEN-00192,0,99.84181841486458,1,0,52.50269381867377,0,1
VEN-00193,2,100.0,1,1,26.11224969312659,2,2
VEN-00194,1,98.9823275607427,2,0,12.818841140784352,2,2
VEN-00195,2,100.0,3,0,19.09668023764593,0,0
VEN-00196,1,99.78726004904364,1,0,10.003622426235973,0,2
VEN-00197,1,99.57526811214176,1,0,16.208466618061262,1,0
VEN-00198,2,98.71989221722164,3,1,36.80792904404741,0,2
VEN-00199,1,99.51445898965588,3,0,11.29302344345788,0,3
VEN-00200,2,100.0,1,1,23.194919201853576,0,2
VEN-00201,2,98.88126747411684,1,0,9.882222254302883,1,0
VEN-00202,0,100.0,1,0,54.26863385064489,1,2
VEN-00203,3,99.76455725058256,1,0,18.290642430117654,0,0
VEN-00204,1,99.66107391446548,0,0,6.808118712880874,1,1
VEN-00205,1,98.20595045033964,0,0,11.248399947600731,0,1
VEN-00206,2,99.79480736213604,0,0,14.122589153670331,0,0
VEN-00207,4,98.97663264873373,0,0,14.673479335576816,0,2
VEN-00208,1,100.0,3,0,34.17699512747697,1,0
VEN-00209,2,99.42177175072902,1,0,20.303846601825345,0,2
VEN-00210,2,99.40307568212452,1,0,9.08164102510631,0,2
VEN-00211,1,100.0,2,1,13.116804546755771,0,1
VEN-00212,5,99.44322659547404,2,0,29.269463555919984,0,0
VEN-00213,0,99.6812048221919,1,0,13.783152852807673,0,1
VEN-00214,2,99.36028296893409,0,0,5.924342000829624,1,1
VEN-00215,3,99.56118864565542,2,0,31.021102101435552,0,1
VEN-00216,2,99.13447842882805,1,1,8.825584719800085,0,2
VEN-00217,1,99.45539004636844,3,0,14.862032528778334,0,0
VEN-00218,1,99.01880983901482,0,0,20.318678905596247,0,1
VEN-00219,4,99.5522998663596,1,0,27.93848307855402,1,3
VEN-00220,3,99.05718120291095,0,0,6.57062428562925,1,1
VEN-00221,2,100.0,0,0,48.90277880264936,0,2
VEN-00222,4,99.46644726653692,0,0,19.22868495986016,0,2
VEN-00223,3,98.15368734701644,0,0,0.8226210545584126,1,1
VEN-00224,0,98.32510039911844,3,0,10.594459635742211,2,0
VEN-00225,0,99.00371781043523,0,0,15.336604391329868,0,2
VEN-00226,1,98.06506992319616,1,0,31.218456841168425,1,1
VEN-00227,4,99.95321463529685,1,0,10.486790433564602,1,0
VEN-00228,2,98.6069152008312,0,0,19.155208345458192,0,2
VEN-00229,2,100.0,0,0,32.84554301738679,2,0
VEN-00230,6,99.86473685275816,1,0,8.804247154305857,0,3
VEN-00231,2,99.12946216366949,1,0,37.08446338593706,0,0
VEN-00232,4,98.33857592449166,1,0,10.740593898689912,0,0
VEN-00233,0,99.71292945152976,0,0,6.803699764477172,2,3
VEN-00234,2,99.39486568610724,1,0,45.20666446974856,1,2
VEN-00235,2,99.52935292038153,0,0,17.275956385219676,1,0
VEN-00236,1,100.0,2,1,36.86127741577858,1,1
VEN-00237,3,98.79694264104626,3,2,26.734870541339266,0,1
VEN-00238,0,98.47681774320912,2,0,16.82950800659645,0,0
VEN-00239,2,99.51787708176737,1,0,10.578112306583144,0,2
VEN-00240,3,98.89036129699852,1,0,2.7825792577707102,0,0
VEN-00241,1,98.78048899398851,1,0,16.699310704661592,1,1
VEN-00242,3,98.60895800520072,2,0,25.583102835009157,1,3
VEN-00243,3,98.00809185512075,0,0,17.617795054109784,1,1
VEN-00244,4,99.65470208995468,0,0,28.74843908236412,0,0
VEN-00245,3,99.58824329550184,0,0,42.65288686983135,0,1
VEN-00246,0,99.42334575691976,0,0,9.689096936879949,1,0
VEN-00247,0,98.57373039612246,0,0,14.564628435668908,0,1
VEN-00248,1,99.5256520575584,1,0,26.319405036226,2,1
VEN-00249,0,98.3485058346264,0,0,25.38793338575682,1,1
VEN-00250,2,99.19278874577776,1,0,16.91469919773762,5,1
VEN-00251,3,99.11281079185014,1,0,37.513543761437525,0,0
VEN-00252,1,99.31442479721446,1,0,6.364650649880813,0,1
VEN-00253,1,98.94956630933648,4,1,20.37823162730738,0,0
VEN-00254,2,99.41354408343206,0,0,6.91160193115368,1,1
VEN-00255,3,99.3090000803674,1,1,16.97139384557004,0,1
VEN-00256,1,99.30040565379242,0,0,24.804201418706192,0,0
VEN-00257,1,99.32701865958816,2,0,23.25293470512618,0,0
VEN-00258,2,99.76221772245876,0,0,4.972716203091005,1,1
VEN-00259,3,98.56301774011416,1,0,32.07075489474168,2,0
VEN-00260,5,100.0,2,0,11.577823667412964,0,1
VEN-00261,1,98.1155756195314,0,0,39.457171736580406,2,0
VEN-00262,1,100.0,2,1,10.045635325881028,2,1
VEN-00263,1,98.3242332891764,1,0,27.58275442632801,0,1
VEN-00264,2,98.92901016312852,0,0,42.77232014793715,0,1
VEN-00265,4,99.75628086083586,0,0,43.59607518603397,0,2
VEN-00266,1,98.65165554782035,1,0,25.241622018846464,1,1
VEN-00267,2,98.71223772832552,0,0,18.466715945565728,1,3
VEN-00268,3,98.92240250510736,0,0,4.997023581965852,0,1
VEN-00269,1,99.33978502249911,2,1,27.13366925991671,2,2
VEN-00270,4,99.2392682795256,0,0,15.36990110545566,0,0
VEN-00271,1,98.7507222968555,0,0,31.42741315674418,0,1
VEN-00272,4,99.52371270433724,0,0,14.32055201330383,0,1
VEN-00273,2,99.40771565962366,1,0,8.049441116869131,0,1
VEN-00274,1,99.74986480245605,0,0,42.9140060340804,0,1
VEN-00275,5,99.36375450529556,2,0,3.6337500556677456,0,1
VEN-00276,0,98.73967261389058,0,0,15.209897438812355,3,2
VEN-00277,6,100.0,1,1,17.352931724010677,0,3
VEN-00278,2,100.0,0,0,18.512975409586765,0,2
VEN-00279,5,97.54575327857872,3,1,15.66346806783199,2,1
VEN-00280,1,98.49097604519127,2,0,19.208433150437106,0,0
VEN-00281,1,99.42067995974142,2,1,18.66875680942615,0,3
VEN-00282,2,99.97629298605194,1,0,14.60173662602877,0,3
VEN-00283,5,98.74557314405948,0,0,27.609881537730946,2,1
VEN-00284,2,98.02414772674116,1,1,20.130616911095775,0,0
VEN-00285,2,99.09658408117546,2,0,17.249671302558262,0,2
VEN-00286,1,99.2212020037663,1,0,11.390825671936724,1,1
VEN-00287,2,100.0,1,0,22.583260862298093,0,1
VEN-00288,1,99.46234743939814,2,1,21.289657370721667,0,1
VEN-00289,1,99.50133040334264,2,0,18.7629875235544,0,1
VEN-00290,0,98.71612534089604,2,1,15.180434476466624,0,0
VEN-00291,1,97.56852490795563,1,1,10.005848593787194,0,0
VEN-00292,2,100.0,1,0,7.016750645134216,0,1
VEN-00293,2,99.43983276724148,1,0,24.611579222269743,0,0
VEN-00294,1,98.56925378880295,4,0,5.28004262079418,0,1
VEN-00295,4,99.71208487971344,0,0,13.562087578965278,0,1
VEN-00296,2,99.1549351846034,0,0,19.81158154348304,0,2
VEN-00297,0,99.08483270929678,0,0,39.92612036873284,1,2
VEN-00298,2,99.79986568983568,1,0,27.967951595609755,0,0
VEN-00299,0,98.4372309055386,2,0,5.800700613602066,0,1
VEN-00300,3,99.74335950880564,0,0,7.104111387545323,0,0
VEN-00301,1,97.93637557938726,1,0,10.403987404853876,0,2
VEN-00302,2,99.7426716335208,0,0,18.30725636327099,0,3
VEN-00303,4,98.85179835376805,3,1,14.335599968403669,0,2
VEN-00304,2,97.87480759010953,1,0,7.079505280727965,0,0
VEN-00305,3,98.93935748543328,1,0,16.083374513443065,0,0
VEN-00306,2,98.50841032452472,1,0,7.864075014947589,1,0
VEN-00307,6,98.52176868110335,1,0,28.298489541669028,1,2
VEN-00308,1,99.16046342095616,0,0,13.748884356612368,0,0
VEN-00309,2,98.91161717183384,2,0,26.841509246597536,1,0
VEN-00310,3,99.17217681877042,0,0,6.092805288042467,1,0
VEN-00311,2,99.95809441447012,1,0,19.88779188334312,2,0
VEN-00312,1,100.0,1,0,9.12444944836006,0,2
VEN-00313,2,100.0,1,0,19.77215998110956,0,0
VEN-00314,2,99.39856635463246,0,0,13.4114868589811,0,1
VEN-00315,2,98.5404352921989,3,0,25.03815950921779,0,2
VEN-00316,1,100.0,0,0,5.038875255312989,0,5
VEN-00317,1,97.56964965565876,3,0,14.614473733747904,0,1
VEN-00318,2,99.49814182424728,2,0,23.874540327415,0,0
VEN-00319,1,99.98325520634076,1,0,29.700927630486643,1,1
VEN-00320,1,99.27242530628536,1,0,17.172465539517788,1,2
VEN-00321,1,100.0,0,0,12.601709727620412,0,0
VEN-00322,2,100.0,1,0,30.02970204710354,0,2
VEN-00323,2,99.5493650402086,0,0,14.369591375654672,0,0
VEN-00324,2,100.0,1,0,9.174025689242848,0,1
VEN-00325,1,99.09924193536648,0,0,31.56429742367435,1,1
VEN-00326,2,99.5131134881064,3,0,36.66255439956475,0,2
VEN-00327,0,99.11808551528672,2,0,24.75149833917909,1,2
VEN-00328,1,100.0,1,0,40.79971493936935,0,2
VEN-00329,2,98.94112990752194,1,0,24.535909439216955,0,1
VEN-00330,0,99.2323198126045,2,0,5.61329105271494,1,1
VEN-00331,1,99.71787127923103,2,0,15.142058665887305,0,1
VEN-00332,1,100.0,1,0,19.446239785296484,0,0
VEN-00333,2,99.5003177514543,2,0,30.01116718690662,0,0
VEN-00334,2,98.49749162982565,0,0,9.29288764002109,0,3
VEN-00335,1,98.73671696485592,2,0,17.547736097461033,0,0
VEN-00336,2,100.0,0,0,4.321073907847167,0,0
VEN-00337,1,99.38007477394402,1,0,16.12770549979988,2,2
VEN-00338,0,99.55299941438304,1,0,7.737166639568578,0,1
VEN-00339,2,99.92032225112314,4,0,40.523282726574976,2,2
VEN-00340,1,100.0,3,0,12.922292536160096,0,2
VEN-00341,1,98.29722653681895,0,0,26.39043444970739,1,1
VEN-00342,0,99.5333837922441,0,0,48.18410999032525,0,2
VEN-00343,1,98.64836830631091,3,0,22.018138282345376,0,2
VEN-00344,3,99.88269179307645,0,0,8.946481645137986,1,2
VEN-00345,2,100.0,0,0,19.24108458294924,0,1
VEN-00346,1,100.0,1,0,27.17333418004325,0,1
VEN-00347,1,99.61245914538144,2,0,12.744174112104403,0,0
VEN-00348,1,99.22537922355112,0,0,28.639874935322247,1,0
VEN-00349,0,99.03305326376358,3,1,48.97224124258236,0,2
VEN-00350,2,99.18852787799123,1,0,8.547239480159986,0,0
VEN-00351,4,98.65379299811856,0,0,5.285597901185052,0,1
VEN-00352,3,99.46726352210622,0,0,39.60227731378207,2,2
VEN-00353,2,99.52917189674189,0,0,38.00763815926466,0,1
VEN-00354,1,100.0,0,0,29.756107122921748,0,0
VEN-00355,2,100.0,1,0,11.454564534137162,0,4
VEN-00356,2,99.23615078943683,2,0,36.224902175146106,0,1
VEN-00357,3,100.0,1,0,19.20300500950661,1,1
VEN-00358,1,100.0,1,0,14.301260287954303,0,0
VEN-00359,2,99.40334813899253,2,0,30.11873313354663,1,1
VEN-00360,0,98.0612478702186,1,0,53.935347501632535,3,0
VEN-00361,3,99.44374329619303,4,0,23.81199751253084,0,1
VEN-00362,3,99.9175581192274,3,2,25.961644668047448,0,0
VEN-00363,3,99.48377965036808,1,0,21.52303234315034,0,0
VEN-00364,2,99.4151467358282,0,0,19.753686486567123,0,0
VEN-00365,2,98.78440679088676,0,0,13.36480058320446,0,2
VEN-00366,3,98.18056155027952,0,0,11.181948052756372,3,0
VEN-00367,7,98.50206741764028,5,1,17.5655400354174,1,0
VEN-00368,4,99.8973620930387,4,0,17.060556307231153,0,2
VEN-00369,2,98.08107175477872,1,0,19.076452467977617,0,0
VEN-00370,3,100.0,2,0,9.719222503433668,0,2
VEN-00371,1,99.74622588455802,1,1,17.157791975642823,0,1
VEN-00372,2,99.12432702813878,3,1,11.073512527407654,1,0
VEN-00373,3,99.31511124028847,0,0,8.875494868496443,0,1
VEN-00374,4,99.15367437623524,2,1,25.21593524285324,0,1
VEN-00375,1,99.90112573363696,0,0,5.885923862994814,1,1
VEN-00376,3,99.92605269543974,0,0,15.973499593618012,0,0
VEN-00377,3,100.0,0,0,24.90853370501409,2,1
VEN-00378,0,99.09789805744298,1,0,20.970465958463567,0,0
VEN-00379,5,98.65402872357912,3,0,5.46761804567506,0,2
VEN-00380,2,99.21587736574406,1,0,18.37748229049954,1,2
VEN-00381,3,99.9820644340488,1,0,26.30328596009766,0,2
VEN-00382,2,100.0,0,0,17.691263542855527,0,2
VEN-00383,3,98.73498563869482,3,0,21.079049726668664,0,2
VEN-00384,1,100.0,1,0,16.115258379081308,0,2
VEN-00385,0,98.11735025705774,0,0,44.19418591504749,0,2
VEN-00386,2,99.95321650525294,1,0,42.3463435044428,0,0
VEN-00387,1,99.59441515156742,5,1,9.017697210133615,1,2
VEN-00388,2,99.98434658502472,0,0,31.876532436283718,0,0
VEN-00389,3,99.25223506585472,1,0,17.416557295187662,2,2
VEN-00390,3,100.0,2,0,9.77193459012675,1,1
VEN-00391,0,100.0,2,0,7.9872393972387075,0,1
VEN-00392,3,100.0,1,0,12.788993528203068,1,2
VEN-00393,2,98.31002682818192,0,0,22.306585543418628,1,1
VEN-00394,1,99.7405642031163,0,0,30.91210182344081,1,1
VEN-00395,1,99.6202626343564,1,0,23.317909270062724,0,0
VEN-00396,2,98.2602204283156,0,0,17.27563917584226,2,0
VEN-00397,2,99.97642459444558,1,0,35.64907188862221,0,0
VEN-00398,1,100.0,0,0,18.4485592390177,0,2
VEN-00399,2,100.0,0,0,16.18791209352864,4,0
VEN-00400,3,100.0,1,0,36.235929830654754,0,4
VEN-00401,1,98.91071082928237,0,0,13.080187907896072,1,0
VEN-00402,3,98.94885221376086,2,0,12.836267815426618,0,2
VEN-00403,0,99.08304021440289,1,1,19.04962428865023,0,0
VEN-00404,3,100.0,0,0,29.29319344548899,1,1
VEN-00405,1,100.0,2,1,34.159757529602615,0,1
VEN-00406,0,99.63752824494432,0,0,12.61282712492049,1,1
VEN-00407,1,99.972913758504,0,0,11.58932989831704,1,0
VEN-00408,2,98.98640204022266,1,1,19.354504201471958,0,1
VEN-00409,3,99.6839000741729,1,1,21.567915248038183,1,0
VEN-00410,1,98.72176641390506,0,0,16.678770777769383,0,1
VEN-00411,1,98.14016041232462,0,0,10.692680439002364,2,0
VEN-00412,2,98.16817531964146,0,0,10.555735158175564,0,1
VEN-00413,3,99.18306895757677,1,0,17.160164970315382,0,0
VEN-00414,2,98.05618622962156,2,0,13.121813776934673,0,0
VEN-00415,0,98.68827695992547,0,0,6.790245993101336,0,1
VEN-00416,1,99.71042395160907,1,0,9.526494689531404,3,2
VEN-00417,3,100.0,1,0,9.911652036828956,1,2
VEN-00418,4,99.61203525001872,3,0,15.085730039157797,1,1
VEN-00419,5,99.02103624609066,1,0,15.367971384442844,1,2
VEN-00420,2,97.6886089422968,2,0,9.828722279845552,0,3
VEN-00421,3,100.0,1,0,20.98751849220877,1,1
VEN-00422,1,99.45433759157136,0,0,38.31720233287148,0,1
VEN-00423,1,99.02354930112112,2,0,4.259638748790368,0,1
VEN-00424,0,98.8901538658448,2,0,23.8029423836387,1,1
VEN-00425,5,98.39246641069516,1,0,11.096401564221717,0,1
VEN-00426,1,99.0662884697782,1,0,13.64656263868378,1,0
VEN-00427,4,99.61736259485396,1,0,27.637395142430336,1,1
VEN-00428,2,99.8455883597345,3,0,26.975018349218075,1,2
VEN-00429,0,99.47546553055795,3,0,6.838806810653916,0,0
VEN-00430,1,99.97749745788856,4,1,11.6780140877127,2,0
VEN-00431,4,99.38666112283408,2,1,15.914860511035297,0,3
VEN-00432,0,98.90138745807432,0,0,13.297729129402796,0,1
VEN-00433,0,100.0,2,0,19.54506391015382,0,1
VEN-00434,4,98.55531846460988,0,0,28.460437877120235,0,1
VEN-00435,2,99.31120825767518,2,1,21.846593272152727,1,2
VEN-00436,4,99.98230637215092,1,1,10.288507023851723,0,2
VEN-00437,1,98.92932177266412,0,0,9.606420646848866,0,4
VEN-00438,4,99.76593268310712,0,0,13.657007467559591,1,5
VEN-00439,2,99.67723892234284,0,0,25.622419279768383,0,1
VEN-00440,1,99.10552033947172,2,1,31.41995583759914,1,1
VEN-00441,1,99.87833625917676,3,2,37.784711254525455,0,0
VEN-00442,2,98.34302488394546,1,0,8.640601847842891,0,1
VEN-00443,1,99.3860768190047,0,0,31.512360255299846,1,0
VEN-00444,3,99.04485541730875,4,0,31.465647742928525,3,0
VEN-00445,0,100.0,1,0,37.79442111878996,0,2
VEN-00446,3,99.60578934974014,1,0,14.836494503264309,0,1
VEN-00447,1,99.00636985140676,2,0,63.28117576790878,0,1
VEN-00448,0,98.71288726072125,1,0,16.828369189986596,0,3
VEN-00449,1,99.92922681789412,2,0,15.665531224137972,0,1
VEN-00450,2,100.0,0,0,16.115691799039126,1,1
VEN-00451,2,100.0,1,0,10.891608819606084,0,0
VEN-00452,4,98.9500090233908,1,0,14.004184121212049,1,1
VEN-00453,1,100.0,1,0,15.464110433358004,1,2
VEN-00454,3,100.0,2,0,16.1618242220436,1,2
VEN-00455,4,100.0,2,0,17.336340531659232,1,0
VEN-00456,2,98.83226635619926,2,0,18.459729524259128,0,1
VEN-00457,6,98.34805471334144,0,0,36.63003102773032,0,1
VEN-00458,2,98.58506756745186,1,0,20.77922746572125,0,0
VEN-00459,2,99.82929641193968,0,0,51.79318290811433,1,0
VEN-00460,1,98.0517375149944,1,0,7.380605173774554,0,0
VEN-00461,2,100.0,1,0,19.179845331293343,1,0
VEN-00462,3,98.9465695061921,2,1,45.17009368243285,0,1
VEN-00463,4,98.74964361569118,0,0,19.43197652003915,0,1
VEN-00464,0,100.0,0,0,4.158696264903059,1,1
VEN-00465,5,100.0,2,0,16.855754639013455,0,1
VEN-00466,3,99.71311420196665,3,1,31.97079705844141,1,0
VEN-00467,0,99.778249465976,2,1,42.24474391955914,0,0
VEN-00468,3,99.89838562478307,3,1,2.763716151475572,1,2
VEN-00469,1,99.90597082856335,2,0,8.897802904768485,0,1
VEN-00470,2,98.75918838277548,2,0,16.438771411085636,1,1
VEN-00471,5,98.59545966833778,1,1,6.643809749349754,0,1
VEN-00472,1,100.0,2,0,14.339677381632384,1,1
VEN-00473,0,99.78953069912224,1,0,56.549730262115375,0,1
VEN-00474,1,99.79881458732858,2,0,11.277745869502064,0,0
VEN-00475,1,99.95444034140893,1,0,15.219420470142486,0,0
VEN-00476,0,98.8027196706197,2,0,25.502103807920477,0,1
VEN-00477,4,99.28887767115296,1,0,4.447635892962929,0,2
VEN-00478,2,99.7431682321094,1,1,26.02408702300156,2,1
VEN-00479,2,99.09198575197172,1,0,42.08175914818599,0,1
VEN-00480,3,100.0,3,1,11.4519795961071,2,1
VEN-00481,4,99.34414806481638,1,0,27.39812186288422,0,2
VEN-00482,1,99.73468043186246,2,0,13.719638760233494,1,1
VEN-00483,0,100.0,0,0,42.28119525333601,0,0
VEN-00484,0,100.0,1,0,26.81623153748682,1,1
VEN-00485,1,100.0,1,0,17.934267809250432,1,0
VEN-00486,4,98.30708878427129,1,0,10.583737289290276,1,2
VEN-00487,3,99.91096526230083,2,1,8.150711270285903,0,0
VEN-00488,4,99.84501842100715,1,0,21.24279415070897,0,0
VEN-00489,3,98.63219208574576,0,0,33.62998324522398,0,1
VEN-00490,4,98.99477790288276,0,0,2.41154382932809,0,1
VEN-00491,0,100.0,0,0,23.846070481452287,0,1
VEN-00492,1,98.12724336447651,1,0,16.045655326418874,0,0
VEN-00493,0,98.5903567180706,0,0,47.91243638541718,1,0
VEN-00494,1,100.0,2,1,11.850360797758691,0,2
VEN-00495,1,98.17502253776416,2,0,29.202538976917044,1,1
VEN-00496,2,100.0,3,0,8.419873435626194,1,1
VEN-00497,1,100.0,2,0,26.98471033065188,0,1
VEN-00498,3,98.98067682452664,0,0,15.018116003760785,0,1
VEN-00499,2,99.48626694167942,1,0,40.98982224528813,0,0
VEN-00500,4,100.0,2,0,12.28951282151314,0,1
VEN-00501,1,99.55794829916034,0,0,24.49950797970584,0,0
VEN-00502,4,99.44252226588014,1,0,28.759288511183883,0,0
VEN-00503,1,99.78497738804047,3,0,8.421421818885372,0,1
VEN-00504,2,100.0,2,0,41.66264044159916,1,0
VEN-00505,2,98.53655594132444,1,0,48.53009148340919,0,0
VEN-00506,1,99.28704484394636,1,0,39.50384299296406,1,1
VEN-00507,2,98.6577757608997,3,0,9.0645591978794,0,0
VEN-00508,3,99.13051357613298,3,0,3.734269430974119,0,0
VEN-00509,1,99.44669095496126,2,0,27.11046756320368,0,0
VEN-00510,0,98.87348335751008,2,0,14.658106318308688,0,0
VEN-00511,3,100.0,0,0,8.424483966925752,1,1
VEN-00512,3,98.51107874187704,0,0,46.79326385267213,0,1
VEN-00513,1,97.5400027812034,3,1,12.904587704071009,1,1
VEN-00514,5,99.47532872781704,2,0,17.6084127085558,2,1
VEN-00515,0,98.59576015939058,1,0,2.9947816526460134,0,0
VEN-00516,2,99.56602731126443,2,1,16.110978164715856,0,0
VEN-00517,2,100.0,1,0,29.35989317491879,0,0
VEN-00518,1,99.19272742462356,1,0,22.08695252047923,0,1
VEN-00519,0,100.0,1,0,17.885581784783383,0,2
VEN-00520,6,99.5145178662087,2,0,13.483867159645758,0,0
VEN-00521,2,99.51269672436176,0,0,16.76706705706408,0,1
VEN-00522,2,98.76617676819998,2,0,15.94963323063299,0,0
VEN-00523,2,99.280369575217,1,0,47.1983635373582,0,0
VEN-00524,0,99.67365683001296,0,0,16.24895874909296,0,0
VEN-00525,4,98.81597981973202,2,0,42.53866950154651,0,0
VEN-00526,5,100.0,2,0,30.741828398204213,1,1
VEN-00527,3,99.48790258349658,0,0,34.915619218894385,0,1
VEN-00528,3,100.0,2,0,5.190093011028841,0,0
VEN-00529,1,99.00794087624556,1,0,12.341201924514642,1,2
VEN-00530,1,97.99949525831072,0,0,6.203254927473215,0,0
VEN-00531,3,99.8991557642358,2,0,29.11431930580615,1,2
VEN-00532,1,100.0,1,1,9.33703085575258,0,1
VEN-00533,3,99.83055877427336,2,0,30.925121257140333,0,0
VEN-00534,3,99.29323793793776,2,1,28.407173257794312,1,0
VEN-00535,2,99.34179889776262,1,0,5.576548776998524,0,2
VEN-00536,3,99.0043907657766,1,0,15.535509080108303,0,1
VEN-00537,1,98.30047843520173,1,1,27.81127785181729,1,0
VEN-00538,3,98.89642904255751,1,0,43.74741273486363,1,2
VEN-00539,4,99.27921123947732,0,0,21.743451049925525,0,1
VEN-00540,1,100.0,1,0,10.235733389083329,0,2
VEN-00541,2,99.37668029839794,1,0,16.876901068728273,0,1
VEN-00542,2,100.0,2,0,19.11529666813012,0,2
VEN-00543,3,100.0,2,0,16.784556934117443,0,2
VEN-00544,1,99.62439361914586,1,0,21.24762523849685,1,2
VEN-00545,1,100.0,1,0,9.602362217441208,0,1
VEN-00546,3,99.67619422065468,0,0,14.79423771244076,0,1
VEN-00547,3,99.79795443422223,3,0,16.508959864342877,0,0
VEN-00548,0,99.255267251739,0,0,9.147981120897958,0,0
VEN-00549,1,100.0,3,1,17.621488995660513,2,0
VEN-00550,3,99.30811492762868,3,1,19.156702377568077,0,0
VEN-00551,0,100.0,1,0,3.960362693819035,2,1
VEN-00552,2,99.96660561836404,1,0,19.81260590788204,0,1
VEN-00553,0,99.1094732102956,0,0,13.482241767695069,0,0
VEN-00554,2,98.5610809926398,2,0,16.580398846526613,1,0
VEN-00555,3,98.905443264009,0,0,18.445189797105137,0,1
VEN-00556,2,100.0,2,1,6.27928261345916,0,3
VEN-00557,1,98.73475174169567,0,0,27.676580193504808,1,1
VEN-00558,1,98.40405602571676,1,0,19.93311076969695,0,0
VEN-00559,4,99.21261801769596,0,0,24.9326054515184,0,1
VEN-00560,4,99.52340759715986,0,0,5.171272056856624,0,0
VEN-00561,5,99.9662780356538,0,0,12.534503252387625,0,1
VEN-00562,3,100.0,3,0,25.928082110365786,1,0
VEN-00563,2,99.886457861648,0,0,43.40962173193694,0,2
VEN-00564,1,98.29174811886324,0,0,19.15034391337556,0,0
VEN-00565,1,99.4317795794596,0,0,25.392255786815284,0,2
VEN-00566,5,97.7250274982062,0,0,3.1797067305602744,1,0
VEN-00567,2,100.0,2,0,24.932682502137887,0,0
VEN-00568,2,98.32259803869722,3,1,6.892543773159002,1,0
VEN-00569,3,98.37227952821124,0,0,18.650463127572326,0,0
VEN-00570,1,99.12424160121569,2,1,30.5723431063818,0,1
VEN-00571,4,99.61219972149904,2,0,11.794292223873333,1,0
VEN-00572,3,99.00717637840413,3,1,25.69706720486833,1,2
VEN-00573,5,98.25237078257736,3,1,13.49940879727891,1,0
VEN-00574,4,100.0,1,0,25.41930799199858,1,1
VEN-00575,2,99.67570552664566,0,0,44.71809859891136,0,1
VEN-00576,5,99.80100325791985,1,0,7.772748031132359,0,2
VEN-00577,3,99.67299850983127,1,0,33.259441854818505,0,2
VEN-00578,4,98.58432702484548,1,0,3.285616186541919,0,3
VEN-00579,2,98.587667049652,0,0,14.07333006356236,0,0
VEN-00580,2,100.0,1,1,6.773484913508707,0,4
VEN-00581,1,99.72539746479244,0,0,25.675976008750197,0,1
VEN-00582,3,99.42895305713849,2,0,13.331733533655976,0,0
VEN-00583,0,99.02150892693928,2,0,9.513144877208411,0,1
VEN-00584,0,99.2261071533264,1,0,4.10483443212579,0,1
VEN-00585,1,99.90945739578564,1,0,10.658207785865534,0,2
VEN-00586,1,98.6820814964177,0,0,27.30238549850805,0,0
VEN-00587,2,100.0,1,0,19.775839129532184,0,1
VEN-00588,1,100.0,1,0,22.324087790295085,0,0
VEN-00589,4,99.27582129056456,2,0,34.77857586329903,1,3
VEN-00590,3,99.54272603800986,4,0,12.747456252437528,1,4
VEN-00591,2,100.0,0,0,28.37992567121916,0,4
VEN-00592,1,100.0,2,0,35.415640788361884,0,0
VEN-00593,2,98.15250404200413,4,0,10.622811068859257,0,0
VEN-00594,6,100.0,2,0,23.77307346113753,0,1
VEN-00595,0,99.7707553403941,2,1,29.06363892556984,0,2
VEN-00596,1,100.0,1,0,6.500982263897924,0,0
VEN-00597,3,99.80074913524496,4,0,19.355130872713563,2,1
VEN-00598,3,98.96813365703828,0,0,16.97681394223369,1,3
VEN-00599,3,99.69946732794152,3,0,19.142630587693123,0,3
VEN-00600,0,100.0,2,0,18.765512639567227,0,1
VEN-00601,2,99.44626933273209,1,0,26.881640349319905,0,2
VEN-00602,2,99.1774610774975,3,1,25.337890263929964,1,0
VEN-00603,1,99.02508734485856,0,0,21.85781672458577,3,0
VEN-00604,0,99.6060236302169,2,0,46.37455348964518,3,0
VEN-00605,2,98.64889538465414,0,0,9.64465878427757,2,1
VEN-00606,1,98.8200229629964,1,0,31.425512784919896,0,0
VEN-00607,3,100.0,0,0,8.525132951690134,0,1
VEN-00608,2,100.0,0,0,13.498643607700227,0,3
VEN-00609,2,99.8978603826956,1,0,19.642462433006003,1,0
VEN-00610,2,98.90552341163502,1,0,22.55775455280348,0,2
VEN-00611,3,99.7457090222679,3,0,14.52051514614414,0,2
VEN-00612,0,100.0,0,0,20.981217929776147,0,0
VEN-00613,3,99.69594658044149,5,2,8.904745469594172,0,0
VEN-00614,3,100.0,1,0,17.071872650152073,2,1
VEN-00615,3,100.0,0,0,9.44315941812684,0,0
VEN-00616,2,99.12722562155696,1,0,22.04830226167817,0,2
VEN-00617,4,98.95013068086466,0,0,17.248501585533212,3,0
VEN-00618,1,99.04825289917213,0,0,14.319187793636992,1,1
VEN-00619,2,98.78375278812264,0,0,15.70915317375453,0,2
VEN-00620,3,100.0,0,0,11.570179825653254,0,3
VEN-00621,1,99.49887652744228,0,0,9.09851128863363,1,1
VEN-00622,2,100.0,1,0,28.504970981043307,0,0
VEN-00623,2,98.95796300523494,2,0,16.955160349033424,1,0
VEN-00624,3,99.85585911268434,1,0,9.565938872612756,0,0
VEN-00625,1,99.737470859461,3,1,9.172013612061315,0,0
VEN-00626,3,99.22017974967578,1,0,24.292663980948387,0,0
VEN-00627,3,98.22900002047308,2,1,21.651103293524866,0,1
VEN-00628,2,99.56962295161684,0,0,25.275523993203045,1,1
VEN-00629,5,98.59445334584252,0,0,7.022963640208621,0,2
VEN-00630,1,97.93766741287104,0,0,12.4978797257846,0,2
VEN-00631,6,98.01132615199464,1,0,12.41220871722648,0,2
VEN-00632,0,99.4419250024104,0,0,45.757216042243485,1,1
VEN-00633,1,99.47235651091336,1,0,14.291439518008836,1,2
VEN-00634,2,100.0,3,1,9.086488314952362,0,1
VEN-00635,6,100.0,2,0,73.67714424872395,0,2
VEN-00636,2,99.321132410784,3,0,4.563172709960753,1,1
VEN-00637,3,98.95938960725856,0,0,20.98092162833818,1,0
VEN-00638,1,98.88357599193256,1,0,43.62084884006278,2,2
VEN-00639,2,98.08179711673564,4,0,1.3809492134209866,1,0
VEN-00640,1,99.8095243282224,0,0,15.691177150020868,0,1
VEN-00641,1,99.9124361283891,3,0,29.57075820482969,0,1
VEN-00642,1,99.73494274612509,2,0,100.67866944395472,1,2
VEN-00643,2,99.67698670718684,2,1,32.961492540455424,1,0
VEN-00644,1,99.07788179845582,3,2,8.73948274370919,2,0
VEN-00645,2,99.92213357588474,3,0,45.105554129137246,1,1
VEN-00646,1,99.82489066852968,1,0,9.477048051667213,2,0
VEN-00647,2,98.53725602365697,0,0,21.55664132597439,1,1
VEN-00648,2,99.3088388430008,0,0,10.170099811630312,0,1
VEN-00649,3,99.09274066523189,1,1,34.884869383087015,0,3
VEN-00650,0,99.52111116381693,2,0,61.18185472569041,0,0
VEN-00651,2,99.14306140190376,1,0,7.15284595486708,0,0
VEN-00652,2,100.0,0,0,4.779507576473981,0,0
VEN-00653,2,99.8724671484278,2,0,9.444200265675176,0,0
VEN-00654,2,99.69123315116131,1,0,5.792949905910497,1,2
VEN-00655,0,98.94591713681749,0,0,30.105728615795865,1,1
VEN-00656,0,99.51101571689247,1,0,6.96644452111175,3,1
VEN-00657,2,99.06261929710828,0,0,7.976433220824548,0,0
VEN-00658,2,99.7668942692457,2,0,21.19895249010902,0,0
VEN-00659,2,100.0,1,0,7.669450384432718,0,1
VEN-00660,0,98.99323222126728,3,0,20.421540378100868,0,1
VEN-00661,1,98.5682373356882,3,0,22.33249122130385,0,1
VEN-00662,1,99.87781607645566,1,0,12.801757090001704,1,0
VEN-00663,1,100.0,1,0,22.068217812678164,0,4
VEN-00664,0,100.0,1,1,5.225482804172732,0,2
VEN-00665,1,97.6135809577474,4,0,28.4225286947946,0,2
VEN-00666,1,98.44009876170176,1,0,14.558942618641382,1,0
VEN-00667,3,98.66499733401818,1,0,18.605921113947677,0,3
VEN-00668,3,97.24933087707768,1,0,13.90847927159411,0,0
VEN-00669,2,99.64853468608706,1,1,16.514936703078796,0,1
VEN-00670,3,100.0,0,0,25.035188633613195,2,0
VEN-00671,0,99.54254048148368,1,0,19.93673052689748,0,1
VEN-00672,2,99.19494534342724,2,0,32.28350400901082,0,1
VEN-00673,2,99.13741840030106,0,0,16.61887697861448,0,1
VEN-00674,0,99.77406005204612,6,1,31.283480784457083,0,0
VEN-00675,4,99.28275072922858,2,1,14.565727331039836,0,2
VEN-00676,2,98.94599806784484,2,0,7.6204615615714735,0,1
VEN-00677,3,98.50644980516724,0,0,8.562519203724115,0,2
VEN-00678,2,100.0,1,0,30.267664078037576,1,2
VEN-00679,0,98.8373883497634,0,0,34.68644534712782,1,0
VEN-00680,2,98.55888446609796,1,0,6.676039239140241,0,1
VEN-00681,3,99.7738203433327,1,0,11.82389093171146,0,2
VEN-00682,3,100.0,1,0,7.456267331322904,1,0
VEN-00683,2,98.8008853988596,2,0,8.507359264770281,0,1
VEN-00684,0,99.34825049867882,1,0,11.960240720728164,0,0
VEN-00685,2,99.01434091351489,1,0,16.571381726425287,0,4
VEN-00686,0,99.87314381108897,0,0,36.38491422752116,0,1
VEN-00687,2,99.08022653654088,2,0,17.670644068757383,0,1
VEN-00688,0,99.33922798567852,0,0,32.302601604956735,0,1
VEN-00689,5,100.0,2,2,3.24748813887858,0,1
VEN-00690,3,98.8598865205194,1,0,24.68913262147733,1,4
VEN-00691,0,99.36097462828096,1,0,18.959965564111936,1,0
VEN-00692,2,99.04538244635438,1,0,8.446934614345732,5,0
VEN-00693,1,99.47027270060512,2,0,3.492036825605502,0,1
VEN-00694,1,100.0,2,0,18.561930698030807,0,2
VEN-00695,0,98.65912973028335,1,0,16.49467271730842,0,0
VEN-00696,1,99.7205381279843,3,0,19.69461537327526,0,0
VEN-00697,0,99.82911351785494,1,0,12.07270942010302,0,1
VEN-00698,2,99.4931475218082,0,0,40.67130533535784,0,0
VEN-00699,2,99.45807266546656,1,0,21.697914040484964,0,1
VEN-00700,6,99.1764183216831,2,1,11.000807812950704,0,1
VEN-00701,2,99.05509234864118,2,1,26.86732478383015,0,2
VEN-00702,2,98.3667556343285,2,0,18.24156983807777,1,1
VEN-00703,0,99.88334810829907,0,0,29.08049969707205,0,0
VEN-00704,1,99.29325858217835,1,0,4.194984610841816,1,3
VEN-00705,2,100.0,0,0,20.20987232816987,1,1
VEN-00706,3,99.7644699652152,1,0,14.598627916125912,0,1
VEN-00707,0,100.0,2,0,35.73155295290421,0,2
VEN-00708,1,100.0,1,0,11.795839149189831,0,1
VEN-00709,1,100.0,1,0,34.55810071197338,2,0
VEN-00710,3,100.0,0,0,12.227893987132976,1,2
VEN-00711,4,100.0,3,1,4.47639586517582,0,0
VEN-00712,1,100.0,3,0,24.4676619194506,0,1
VEN-00713,4,99.26005232724296,2,1,13.860489968413914,0,1
VEN-00714,0,100.0,1,0,10.806242375356245,0,1
VEN-00715,3,99.52889854135026,1,0,29.870573435166115,0,0
VEN-00716,0,98.77637651717602,0,0,23.3312027106446,0,1
VEN-00717,2,99.26459072228796,1,0,1.6583001801230928,0,1
VEN-00718,1,100.0,1,0,34.470440564911776,0,1
VEN-00719,2,100.0,3,0,21.004164101905644,0,1
VEN-00720,7,98.8406255406098,4,0,11.54919620697292,1,1
VEN-00721,3,98.80773330864469,0,0,14.33747988956342,0,3
VEN-00722,2,99.25904945771391,1,0,2.322777291806414,0,1
VEN-00723,4,99.33793507127088,0,0,7.930643529546117,0,2
VEN-00724,1,98.1544204842493,1,0,39.294498555643486,0,2
VEN-00725,1,98.86559307797658,4,1,18.307118643065188,1,1
VEN-00726,2,98.23049893161352,3,0,43.51680414687343,0,0
VEN-00727,3,99.24542330288833,2,0,22.976030595835446,0,2
VEN-00728,1,98.45540174758482,1,0,14.290906879601865,0,0
VEN-00729,5,100.0,2,0,26.46910195049998,1,0
VEN-00730,2,100.0,1,1,34.78367536175746,1,3
VEN-00731,4,98.16011635543164,3,0,15.003124393496549,1,1
VEN-00732,2,100.0,2,1,31.316751338690164,0,0
VEN-00733,0,99.20530557782664,1,0,26.762032094876343,0,1
VEN-00734,0,99.66891041965148,2,0,54.116882586407705,0,1
VEN-00735,0,98.4259358354618,0,0,20.540409458024637,0,1
VEN-00736,4,98.55585575760048,3,0,15.37701009971508,2,1
VEN-00737,2,98.79880019779368,1,0,22.38331391680108,0,0
VEN-00738,0,100.0,2,1,16.576002164669926,0,1
VEN-00739,1,99.54132521776508,1,0,31.77625801413569,1,1
VEN-00740,2,98.63965336903354,1,0,12.774086700629598,0,0
VEN-00741,5,99.4768093888074,2,0,12.69863153002616,0,3
VEN-00742,0,99.646482395573,2,0,27.889907196686984,0,1
VEN-00743,2,98.72211320717246,2,0,7.418072986496639,0,0
VEN-00744,1,98.24469341754624,2,1,30.435730015592043,0,1
VEN-00745,3,99.2763001627516,2,0,39.234512248941,2,4
VEN-00746,1,99.93346085316568,2,2,18.676778776313927,0,0
VEN-00747,0,97.952034431423,3,1,10.340058282024772,0,0
VEN-00748,3,99.62199078240448,3,0,16.90744349075252,0,1
VEN-00749,1,99.5773196161977,3,1,10.677248733093103,1,2
VEN-00750,1,98.9631977382485,0,0,26.524284032104177,0,1
VEN-00751,2,98.46727098158652,1,0,42.78664995629034,0,2
VEN-00752,5,99.2612175883584,0,0,12.327421600577772,0,1
VEN-00753,0,99.14246344708867,1,0,21.44812936951191,0,0
VEN-00754,3,98.71401652917962,2,0,17.67523911911175,0,1
VEN-00755,0,99.68269273896011,0,0,21.86123742948893,0,0
VEN-00756,1,99.7874089018523,0,0,13.196533461999874,1,2
VEN-00757,1,100.0,1,0,11.180981252404589,1,0
VEN-00758,2,99.72074978670484,0,0,6.290582810923504,0,3
VEN-00759,3,98.61290637431266,1,0,25.930292886383967,0,1
VEN-00760,1,100.0,1,1,16.328100287368606,0,1
VEN-00761,1,100.0,0,0,13.017196858238618,1,1
VEN-00762,2,99.58933419139572,1,1,10.275024315857255,1,0
VEN-00763,3,99.43160552199414,0,0,15.62776663807268,1,1
VEN-00764,1,100.0,0,0,27.35969107823295,0,0
VEN-00765,1,98.7936918545827,2,0,34.76371477187907,0,0
VEN-00766,0,98.0003060629114,0,0,8.371290782131581,0,1
VEN-00767,3,98.57088903886012,0,0,11.257077271176891,1,3
VEN-00768,0,100.0,1,0,51.05215869730408,0,1
VEN-00769,1,99.99882453752492,3,0,14.508833564036363,0,2
VEN-00770,1,99.67964190704978,0,0,18.253078373428504,0,0
VEN-00771,4,100.0,1,0,5.488098049359699,0,1
VEN-00772,2,97.7882716357538,2,0,11.661865418772638,0,2
VEN-00773,2,99.70182781495124,2,0,24.616735744669217,0,0
VEN-00774,1,99.65748671305892,0,0,25.76053559693127,1,0
VEN-00775,0,99.39782940927002,3,0,23.209918951392886,0,1
VEN-00776,2,99.84161319963232,1,0,48.66537683714643,0,0
VEN-00777,3,98.1179834013564,1,0,19.17496723479661,0,1
VEN-00778,2,98.88366554267644,0,0,1.6040398802483602,1,1
VEN-00779,0,98.6668101125327,1,0,27.532530996930618,0,1
VEN-00780,3,98.96860196145872,0,0,45.86625981593084,0,0
VEN-00781,3,100.0,1,0,19.552991819679733,0,0
VEN-00782,4,100.0,0,0,11.164486380803222,0,1
VEN-00783,3,98.58240081460602,4,1,30.61092276514832,1,1
VEN-00784,2,99.49955672970844,2,0,5.581180058987689,0,1
VEN-00785,2,97.5161795620644,0,0,30.723600287378897,1,1
VEN-00786,3,99.22017092087806,0,0,18.959175009892466,0,1
VEN-00787,2,100.0,1,0,15.520556124183893,2,0
VEN-00788,2,100.0,1,0,8.66860854426361,0,1
VEN-00789,2,100.0,3,0,22.20269018241648,0,1
VEN-00790,1,98.3266660578798,0,0,13.383104796562147,0,0
VEN-00791,0,100.0,1,0,18.216897297395928,0,2
VEN-00792,1,99.2698199653898,1,0,24.82796037970717,0,1
VEN-00793,2,98.90093045282433,1,1,12.389224486016436,0,1
VEN-00794,3,99.37500893748438,0,0,15.122824604301195,1,2
VEN-00795,2,99.6280404740586,0,0,23.418979729402785,1,1
VEN-00796,1,100.0,1,0,14.348690333495208,1,0
VEN-00797,2,99.46476920975674,4,1,24.332340166479824,0,1
VEN-00798,1,99.23695211967396,1,0,8.589194808742091,0,2
VEN-00799,2,98.9404380771004,2,0,33.686173021237195,1,1
VEN-00800,4,98.06625018607691,0,0,30.3691712881877,2,0
VEN-00801,3,99.86636242301267,1,0,13.00821206072166,1,1
VEN-00802,2,97.71606573240328,0,0,6.9838517282569,0,3
VEN-00803,3,100.0,0,0,3.5437088655033757,0,0
VEN-00804,3,99.127053648559,0,0,7.718659007813182,1,0
VEN-00805,2,98.1938526008948,1,0,31.14139063389936,0,0
VEN-00806,0,98.79024177935284,1,0,22.77103319408461,1,1
VEN-00807,6,98.92259004669148,3,1,11.943128417336933,1,0
VEN-00808,1,98.44272862710714,1,1,17.168816284492674,0,0
VEN-00809,1,99.7015926856712,2,1,17.820451504763213,1,1
VEN-00810,4,99.93242873139532,1,0,15.832492390505458,0,0
VEN-00811,3,99.67497964039995,2,0,16.26054290494126,3,0
VEN-00812,2,99.73179069875306,0,0,8.615901441252387,0,3
VEN-00813,2,98.57976666943594,0,0,12.838846629091949,0,1
VEN-00814,1,98.99612021418858,0,0,16.61159860444764,0,1
VEN-00815,0,99.65535761166254,1,0,15.692398038201215,0,1
VEN-00816,4,100.0,2,0,25.060769258501097,0,1
VEN-00817,2,98.95781762915158,1,0,20.29773457730613,0,2
VEN-00818,1,97.25152511182316,1,0,6.983786797775154,0,1
VEN-00819,1,100.0,1,0,6.021715905091803,0,1
VEN-00820,1,100.0,1,0,16.034788650767553,2,1
VEN-00821,0,97.69611150444987,2,0,16.117746688776418,0,2
VEN-00822,3,99.57796214049937,1,0,12.358866943198771,0,2
VEN-00823,3,99.8073859469189,1,0,35.96210171905991,1,1
VEN-00824,2,98.7250483801918,1,0,11.537009117794652,0,1
VEN-00825,3,98.69084167544725,0,0,8.507616285735446,0,0
VEN-00826,1,99.19318095321812,0,0,65.58271158895188,0,1
VEN-00827,0,99.58527471786842,0,0,29.381338301353704,0,1
VEN-00828,5,98.9578238755644,2,1,10.856772088026098,0,0
VEN-00829,1,99.42963541669886,0,0,15.94239368462291,3,1
VEN-00830,1,99.19256645010988,1,0,40.6238928182274,1,2
VEN-00831,0,99.3578034136722,4,0,34.12405458229308,0,2
VEN-00832,4,98.9965500923944,3,0,27.335539705254654,0,1
VEN-00833,2,99.38572041127466,3,0,20.37837213531136,0,0
VEN-00834,0,98.9478892725857,2,0,48.6456171111321,0,2
VEN-00835,0,99.93170428749812,0,0,24.03844606503971,0,0
VEN-00836,5,100.0,0,0,17.446492329651203,1,0
VEN-00837,0,98.70225243103478,2,0,14.889353816806338,0,1
VEN-00838,3,100.0,1,0,36.34365487937408,0,2
VEN-00839,1,99.6547373959318,1,0,17.894684396989742,1,2
VEN-00840,1,99.89481469834932,0,0,28.66501623089825,1,1
VEN-00841,3,99.60332970193024,1,0,50.348496543510514,3,0
VEN-00842,5,100.0,2,0,22.107442718766748,0,1
VEN-00843,7,99.37366333393484,0,0,12.866724514496862,0,2
VEN-00844,2,98.90427949811956,0,0,8.639021929546601,0,0
VEN-00845,2,100.0,3,0,16.468278374182447,0,2
VEN-00846,4,100.0,2,0,5.739867934444386,2,2
VEN-00847,1,98.92527200355563,2,0,23.59170764715809,1,3
VEN-00848,1,98.91570974098484,0,0,24.429928507605247,2,1
VEN-00849,8,99.54993312291276,3,1,28.242588377738603,0,1
VEN-00850,4,100.0,0,0,15.596684277891471,0,1
VEN-00851,3,100.0,2,0,17.78154859349487,0,2
VEN-00852,0,99.29153074513636,0,0,22.930460472377785,1,0
VEN-00853,1,98.89153255695592,0,0,29.936785932359115,0,1
VEN-00854,3,99.54076477385568,1,0,19.758681717562837,0,3
VEN-00855,3,99.75480344320596,2,0,5.495584256488966,0,1
VEN-00856,2,99.25069333113528,1,0,26.289103213364243,0,1
VEN-00857,3,99.88632215809102,0,0,14.32041858249048,1,0
VEN-00858,1,100.0,0,0,11.341671315311851,0,4
VEN-00859,5,98.19989037663515,1,1,15.044671989559593,0,2
VEN-00860,3,100.0,1,0,19.908947379173483,0,3
VEN-00861,3,99.30530069807872,1,0,19.997436136262987,2,1
VEN-00862,2,98.53350564570582,1,0,4.083312708233962,1,2
VEN-00863,1,98.45578400260788,0,0,12.17553768671996,1,0
VEN-00864,3,99.427689640216,0,0,4.546980259039579,0,2
VEN-00865,2,99.03371980701044,0,0,32.907362835078146,0,0
VEN-00866,3,99.93666799027712,2,1,9.807995837219066,1,1
VEN-00867,2,100.0,2,0,16.12194129670216,1,1
VEN-00868,2,99.84561942639594,2,0,26.517722272060286,0,2
VEN-00869,1,100.0,1,0,19.065452144397327,0,1
VEN-00870,2,98.82150135554438,1,0,19.484008882303304,1,0
VEN-00871,2,98.72687621147904,2,0,18.740750266634908,1,0
VEN-00872,1,99.00955656301475,1,1,2.447686174048134,0,0
VEN-00873,4,99.5114703910121,1,0,33.47861324879693,1,0
VEN-00874,2,98.57124515937892,1,0,5.277023402942077,0,2
VEN-00875,4,99.64998542548337,0,0,12.69900366028147,1,4
VEN-00876,5,99.42108431007968,3,0,16.35491050117758,1,2
VEN-00877,0,99.05327759177754,1,0,9.28087088677758,1,0
VEN-00878,3,99.5568717581132,0,0,5.237894181950516,0,2
VEN-00879,2,99.47853936272156,1,0,15.373615259328345,0,0
VEN-00880,1,100.0,2,1,53.83671477811386,0,2
VEN-00881,1,97.48918646637097,1,0,11.105644961435214,0,0
VEN-00882,1,98.2860256697682,0,0,25.110827265636303,0,1
VEN-00883,4,100.0,0,0,13.428141944204777,0,0
VEN-00884,6,99.42791043584891,0,0,7.902677132074818,0,3
VEN-00885,1,99.39488711776627,1,0,16.225302265176115,3,2
VEN-00886,4,99.3186821360268,1,0,21.09043573503223,0,0
VEN-00887,3,99.0386343393017,2,0,20.32332980726149,0,2
VEN-00888,5,97.96168961423558,2,0,1.8768760622755944,0,0
VEN-00889,5,99.17420125780733,0,0,37.37009017909834,0,0
VEN-00890,2,99.51170879920174,2,0,10.904835956884,0,0
VEN-00891,1,99.01965245253358,1,0,23.46885259304062,0,0
VEN-00892,3,99.28659180034369,0,0,20.5620383277655,1,2
VEN-00893,2,98.8734809189149,0,0,30.17295160006211,1,1
VEN-00894,4,100.0,1,0,20.17096802462852,1,1
VEN-00895,2,99.2737073815585,0,0,5.604721007434969,0,3
VEN-00896,1,99.0727232974118,0,0,28.37711380461278,0,2
VEN-00897,1,99.23009596446002,0,0,32.57936506646769,0,0
VEN-00898,2,100.0,0,0,12.572497719111103,0,1
VEN-00899,3,100.0,1,0,18.328585632404558,0,2
VEN-00900,1,98.27544884269489,1,0,14.5575403257526,0,0
VEN-00901,3,99.91569986320016,2,1,27.015283181029535,0,0
VEN-00902,0,100.0,1,0,18.751439500592326,1,2
VEN-00903,3,99.73529824812724,1,0,29.87497129238215,0,2
VEN-00904,2,99.176788418901,1,0,24.309399581231627,0,1
VEN-00905,2,99.33736472406385,3,0,26.290329061531494,0,1
VEN-00906,0,99.58948266489948,0,0,17.026714517892025,0,3
VEN-00907,1,98.94879448180608,0,0,18.60523082253697,0,0
VEN-00908,2,99.21481988843092,0,0,25.310610903832263,0,0
VEN-00909,3,100.0,2,1,18.56667235277593,0,1
VEN-00910,4,100.0,3,1,22.04706120446434,2,2
VEN-00911,2,99.63320251281117,0,0,10.985667021522556,0,3
VEN-00912,1,99.96417698965216,0,0,3.7586568495855737,0,2
VEN-00913,2,100.0,1,0,10.670308611703335,2,1
VEN-00914,2,98.422604825765,3,0,23.647811466929035,0,0
VEN-00915,4,100.0,1,0,44.584059098097455,2,1
VEN-00916,1,99.8043900230503,0,0,18.210383281738878,1,0
VEN-00917,1,98.52751066441776,3,0,50.786152498681886,0,0
VEN-00918,6,99.79753725970372,2,0,7.601326610625299,0,1
VEN-00919,2,98.2777719898335,1,1,28.20282784999302,0,0
VEN-00920,3,99.55423695886964,0,0,46.63388749110034,0,3
VEN-00921,3,100.0,1,0,11.17600437258193,0,1
VEN-00922,3,99.9597022491004,0,0,32.65080239537224,0,1
VEN-00923,1,98.8422709763484,0,0,17.4257576668834,1,0
VEN-00924,4,99.78949680319344,1,0,10.999963139368605,0,1
VEN-00925,1,99.98454618752014,1,0,50.41548470890788,0,0
VEN-00926,5,98.64831578800612,1,0,8.700260338446057,1,1
VEN-00927,3,99.86276369943972,2,0,8.715602628008247,0,1
VEN-00928,1,99.83819404654852,1,0,3.8939606957848834,3,1
VEN-00929,0,98.0416869495517,0,0,27.941069572980457,0,0
VEN-00930,1,99.03325410086192,1,0,8.032811734024378,0,0
VEN-00931,0,99.177205634388,1,0,22.642527561661108,0,2
VEN-00932,0,98.79840307673744,0,0,32.84618662858378,1,2
VEN-00933,1,98.88810013346348,4,1,15.689530043944092,1,1
VEN-00934,2,99.21490547820412,2,0,7.830592509755016,1,1
VEN-00935,0,99.62786255036092,3,0,12.02923632826542,0,2
VEN-00936,0,100.0,3,1,34.56614212356878,0,1
VEN-00937,2,100.0,3,0,13.795973687854088,0,0
VEN-00938,4,100.0,1,0,46.59872059065211,1,1
VEN-00939,1,99.0425348037035,1,0,26.82528052351091,0,2
VEN-00940,1,100.0,1,1,57.42931445954051,0,0
VEN-00941,0,100.0,4,1,28.68035850884641,1,2
VEN-00942,1,99.39668037815242,1,1,25.4434433935684,2,2
VEN-00943,1,98.60160749363412,3,0,6.480258538689546,1,0
VEN-00944,2,99.89463090708198,2,0,18.67614132960263,0,1
VEN-00945,0,98.76588710284616,0,0,22.419231452977563,0,1
VEN-00946,1,99.78137940718254,2,1,33.90344098683718,0,0
VEN-00947,3,100.0,1,0,7.796547949684019,0,1
VEN-00948,0,99.60460941519456,2,0,8.813789292057917,1,0
VEN-00949,1,99.62095496485796,2,0,27.497088099549828,1,0
VEN-00950,2,99.52880543482176,0,0,19.06211587239481,1,0
VEN-00951,2,99.68635902059673,1,1,23.23881169625401,0,2
VEN-00952,2,100.0,1,0,8.548683041250385,0,2
VEN-00953,0,99.150797445317,0,0,38.90972163729474,2,0
VEN-00954,3,98.47655017442192,0,0,27.18958573525433,0,0
VEN-00955,1,100.0,0,0,29.489970930808077,2,3
VEN-00956,2,98.4899275281812,1,0,12.639816989206835,0,1
VEN-00957,5,99.6235967751997,1,0,30.009695400451346,0,2
VEN-00958,7,99.20119724222282,0,0,14.0289201253956,1,2
VEN-00959,2,98.31925779003916,1,1,28.96178413964162,2,1
VEN-00960,3,99.58926427040092,1,0,40.31214827137802,0,1
VEN-00961,4,99.66689646979115,0,0,7.390426641853191,0,2
VEN-00962,5,99.77424492413915,1,0,22.050258549806045,0,0
VEN-00963,4,99.17261505429232,0,0,16.69018996063058,0,0
VEN-00964,2,99.17899344500816,2,0,28.18874100935859,1,2
VEN-00965,2,100.0,1,0,42.18494437504919,0,1
VEN-00966,1,99.49444272852472,3,0,15.07512167011145,0,0
VEN-00967,4,99.68445728149872,1,0,36.89380920428248,0,0
VEN-00968,3,98.4252523575506,2,0,19.471694695094666,1,2
VEN-00969,1,99.79369660732648,1,0,6.832268030909791,1,0
VEN-00970,2,98.7280631953052,2,0,36.773761270607736,1,1
VEN-00971,4,99.06930205993127,1,0,3.062283954613635,4,1
VEN-00972,2,99.55088202606235,2,0,29.245397028693425,1,0
VEN-00973,2,100.0,2,0,13.646658065136934,0,0
VEN-00974,2,99.0148781424216,3,0,21.707431976088063,0,1
VEN-00975,3,98.81770184777966,0,0,6.701728931020785,2,5
VEN-00976,3,100.0,2,0,32.14488374970827,0,1
VEN-00977,5,99.86651261370778,1,1,21.25693999475892,1,3
VEN-00978,1,99.41768341472394,3,1,9.41672096810414,0,3
VEN-00979,3,99.59743742618517,2,0,9.324511424832492,0,0
VEN-00980,3,99.42868784734772,0,0,21.975577862842638,2,1
VEN-00981,3,99.93579819999408,4,1,9.800784854821384,0,0
VEN-00982,2,100.0,0,0,8.220364873245872,0,3
VEN-00983,5,99.35650918711112,1,1,4.067189912170387,1,2
VEN-00984,2,98.5015927678091,2,0,8.619438956526551,0,0
VEN-00985,1,100.0,0,0,17.40036496112004,1,1
VEN-00986,1,99.34497367161032,2,0,29.65028823192367,0,1
VEN-00987,3,99.047570786458,1,1,10.543961652165445,0,1
VEN-00988,3,96.61115517340484,2,2,15.990433843051358,0,0
VEN-00989,0,99.94266029620331,0,0,29.038901415471315,1,0
VEN-00990,1,99.1727737452315,0,0,21.847050998811323,0,4
VEN-00991,2,99.5659511982634,1,0,12.620331776317432,0,0
VEN-00992,1,100.0,2,0,31.564013171033245,0,1
VEN-00993,2,100.0,0,0,9.158430148675013,1,1
VEN-00994,2,99.44174140312138,1,0,24.95093549871203,1,4
VEN-00995,1,99.39426032116116,1,0,16.451379879741637,0,0
VEN-00996,1,99.18013659950702,0,0,9.488772445976537,1,1
VEN-00997,1,100.0,1,0,29.2510403371964,0,2
VEN-00998,0,99.4951668580473,1,0,40.71587477190104,0,0
VEN-00999,3,98.96656030029708,1,0,38.44043163886048,1,0
VEN-01000,2,99.9924551485002,0,0,28.617250858359,0,0
VEN-01001,3,98.62326228539436,1,0,25.85248842676477,1,2
VEN-01002,0,98.98140349342614,3,0,7.601570621652873,0,0
VEN-01003,3,99.82151671948888,1,0,14.140235673011636,0,1
VEN-01004,4,99.99371941078272,4,0,12.8192017056056,0,0
VEN-01005,3,100.0,1,0,22.96838930088073,0,0
VEN-01006,3,99.3695700173122,0,0,36.451531387760014,1,0
VEN-01007,7,99.0705125454098,1,0,18.47448536550435,1,0
VEN-01008,1,99.4752232741872,1,0,15.434961651231614,0,1
VEN-01009,3,100.0,2,0,35.72840193045734,0,1
VEN-01010,6,99.91546916366585,0,0,5.715494407500486,0,4
VEN-01011,2,100.0,2,0,15.92146766193934,0,1
VEN-01012,2,99.0420774239042,1,0,7.942964376295672,0,2
VEN-01013,0,99.2193698543694,1,0,17.189753188646577,0,1
VEN-01014,4,100.0,1,0,1.0920824433947234,1,1
VEN-01015,3,98.97288080102436,1,0,5.061080166347631,0,0
VEN-01016,3,99.60980282274308,0,0,9.611942947901488,0,1
VEN-01017,2,98.69211913472736,0,0,14.5764951318456,2,0
VEN-01018,3,99.13037854414878,3,0,12.63647990477471,0,1
VEN-01019,2,100.0,1,0,17.206958976266268,0,0
VEN-01020,4,98.56954332953258,1,0,23.079969658554557,2,1
VEN-01021,2,99.73584693123364,2,1,18.571174349720746,0,1
VEN-01022,1,98.82355653434796,0,0,15.03380468482592,0,0
VEN-01023,2,100.0,3,0,21.434557625477787,0,1
VEN-01024,4,100.0,2,0,36.33090359309605,0,1
VEN-01025,4,99.7647019877558,1,0,15.52549902066846,1,1
VEN-01026,2,100.0,2,0,5.857687766548292,0,0
VEN-01027,6,97.81219691456438,1,0,28.715572009916173,0,1
VEN-01028,3,99.71763155265089,1,0,13.41631529846318,1,1
VEN-01029,4,99.16401410323652,1,0,10.545724967970648,0,1
VEN-01030,3,98.60550941256336,0,0,48.72052266082119,1,1
VEN-01031,3,98.53330486784812,2,0,17.223099243840387,0,1
VEN-01032,3,99.08372843223192,2,0,17.701494167855387,0,3
VEN-01033,1,100.0,2,1,28.718589312050156,0,1
VEN-01034,3,98.60836493615574,5,0,17.907196423294835,0,0
VEN-01035,0,99.59102771072604,1,0,14.61418656672957,1,1
VEN-01036,1,98.08801971491648,0,0,12.356602640152074,0,0
VEN-01037,0,100.0,2,1,15.95393519294012,1,1
VEN-01038,2,100.0,2,0,21.83345496106494,0,2
VEN-01039,3,98.79571857360976,1,0,13.675554155461576,0,0
VEN-01040,5,99.11385734349412,1,0,33.07710824526346,0,2
VEN-01041,3,100.0,1,0,13.5809299612588,0,3
VEN-01042,4,100.0,3,1,49.33222925762466,0,1
VEN-01043,1,98.46102653706744,0,0,18.902761785460147,0,0
VEN-01044,1,100.0,0,0,14.344356808688396,0,1
VEN-01045,2,99.57665358212016,0,0,6.786141544505689,1,1
VEN-01046,1,99.88330895413908,2,0,10.668646167740716,1,1
VEN-01047,3,99.82247781189427,0,0,6.509335197625451,0,1
VEN-01048,0,98.28730447613842,1,0,10.346141515830183,0,0
VEN-01049,4,99.5673145166339,1,0,10.906353670970848,1,0
VEN-01050,1,99.34627293321373,0,0,9.248884416323568,0,0
VEN-01051,1,99.13336511673783,0,0,13.520624622560227,0,1
VEN-01052,6,99.84055732271312,1,0,16.13890206193542,1,0
VEN-01053,2,100.0,1,0,21.256817272114947,0,0
VEN-01054,3,99.40031860858424,0,0,20.861265719491858,0,0
VEN-01055,4,98.56144999382988,1,0,28.76142315566799,0,0
VEN-01056,2,99.44494105430844,0,0,11.923428874603514,2,1
VEN-01057,3,100.0,1,0,25.19281051812402,0,1
VEN-01058,2,98.6493681660472,1,0,16.02617812379463,1,2
VEN-01059,4,97.95562022753953,1,0,6.070772885864673,1,0
VEN-01060,3,100.0,2,0,10.813153429968285,0,2
VEN-01061,5,99.95760529033171,0,0,13.37196406003684,0,0
VEN-01062,6,98.81797503603867,0,0,31.34627048441502,1,4
VEN-01063,1,98.96672757864424,2,0,4.599334202647452,0,1
VEN-01064,2,98.54700237602916,1,0,16.865528549770872,1,1
VEN-01065,5,100.0,4,1,32.97359309055588,2,0
VEN-01066,1,100.0,2,1,12.656911462381943,1,5
VEN-01067,2,98.97033073665597,0,0,15.607153612538786,1,1
VEN-01068,2,99.09890408642384,2,1,13.910849263291382,0,1
VEN-01069,0,100.0,2,0,42.678902797224815,1,0
VEN-01070,3,99.81236978445982,0,0,31.27275471045564,1,0
VEN-01071,2,98.89495980379922,5,0,44.597826360381504,1,1
VEN-01072,2,99.44798892385532,0,0,12.164149974197867,0,2
VEN-01073,3,99.4145683105616,0,0,39.952409030533374,1,2
VEN-01074,4,97.97043150737125,1,0,32.775965150371235,0,2
VEN-01075,5,98.99296369835749,0,0,37.03872287848974,1,2
VEN-01076,2,99.09827605953308,3,1,16.8257631876188,2,2
VEN-01077,2,99.29236060210064,0,0,18.815869432016832,1,3
VEN-01078,2,98.58717428770711,2,0,10.760625922118644,0,3
VEN-01079,2,100.0,1,0,11.33897939409445,0,1
VEN-01080,0,100.0,3,1,12.28977859826879,0,1
VEN-01081,3,98.98595947989064,1,0,21.573977985610213,1,1
VEN-01082,2,100.0,1,0,21.819080832907822,0,1
VEN-01083,5,99.5782056621935,1,0,11.714091907687264,1,1
VEN-01084,0,99.82077809176796,1,0,23.63914116509753,0,0
VEN-01085,1,100.0,0,0,12.341362894356037,0,2
VEN-01086,2,99.81283394153056,3,0,20.979361194571133,0,2
VEN-01087,1,99.81776044314256,1,0,15.53072854424915,0,4
VEN-01088,2,99.5750843520885,1,0,15.507188443513549,0,2
VEN-01089,3,99.15183275282293,1,0,16.329471043930504,0,0
VEN-01090,2,98.88781959363604,0,0,11.811386613621192,1,1
VEN-01091,1,98.68465316109295,0,0,12.55873440862147,1,1
VEN-01092,2,98.23665576182005,0,0,12.28617682888951,1,1
VEN-01093,2,100.0,0,0,10.814353740790924,0,0
VEN-01094,2,99.84300591621108,2,0,32.54258701838156,0,1
VEN-01095,4,100.0,2,0,7.424506962554693,1,0
VEN-01096,6,100.0,0,0,29.165776473727018,4,0
VEN-01097,4,100.0,0,0,44.91414861924519,1,2
VEN-01098,0,98.36921251074862,1,1,12.749115393332758,0,0
VEN-01099,1,98.57346049773336,0,0,58.16084218659732,0,3
VEN-01100,5,99.74336816473873,2,0,27.564364693809008,0,0
VEN-01101,2,99.79414454045612,0,0,8.946181243408862,1,0
VEN-01102,3,99.34621176918694,0,0,44.35939772135273,1,1
VEN-01103,1,99.1288647518002,0,0,13.143331937419974,1,2
VEN-01104,1,100.0,1,0,16.857158692585635,1,1
VEN-01105,0,100.0,1,0,13.611074397942703,1,0
VEN-01106,4,98.73368679857415,0,0,46.69446682486986,0,0
VEN-01107,1,99.40108160445055,0,0,44.39510871205565,0,0
VEN-01108,0,99.54561517879878,2,0,11.709507730615138,0,0
VEN-01109,3,99.31561598912354,0,0,21.59920384270172,2,1
VEN-01110,0,99.41277879323803,1,0,10.274429544542672,0,0
VEN-01111,0,100.0,0,0,2.5392883315129264,0,0
VEN-01112,1,99.670520812432,3,0,33.47091799064769,1,2
VEN-01113,2,99.136710984649,0,0,13.68118616671737,1,3
VEN-01114,4,99.9930766031778,1,0,36.26018643014304,0,0
VEN-01115,0,99.38240378421814,4,0,4.823230162854217,0,2
VEN-01116,1,99.84979791655984,0,0,18.55955486189689,1,2
VEN-01117,1,99.35816811784656,1,1,41.14443459975262,0,2
VEN-01118,2,98.54801769773118,0,0,14.19271111380168,1,0
VEN-01119,4,99.21169487485798,2,1,36.46293463393871,0,1
VEN-01120,0,99.0686939677893,2,0,3.379260143113453,0,1
VEN-01121,4,99.70930210220948,1,1,4.079164672769941,0,0
VEN-01122,1,99.30764741844878,1,0,27.767938641666,2,1
VEN-01123,4,97.99946760043244,3,0,18.21566364155892,0,0
VEN-01124,2,99.54243230598225,1,0,45.78163458976616,0,0
VEN-01125,3,100.0,1,0,18.065925102189617,0,1
VEN-01126,1,98.89334295212836,1,0,24.007241531070772,1,0
VEN-01127,2,99.80197164399569,2,1,48.701829125390525,0,2
VEN-01128,1,99.76148512238989,1,0,22.601254306805757,0,0
VEN-01129,2,99.90133258521637,2,0,6.493973235169132,0,0
VEN-01130,1,100.0,0,0,45.12090924394345,0,1
VEN-01131,1,100.0,4,0,19.67472014307274,1,0
VEN-01132,2,100.0,2,0,2.4291717841457974,0,0
VEN-01133,3,99.0579263102156,3,0,14.51831489606989,0,1
VEN-01134,2,100.0,1,0,16.44533417840726,1,0
VEN-01135,2,98.48356776899016,3,0,35.55382689764097,0,0
VEN-01136,1,99.31905679416283,1,0,12.164223257858492,0,0
VEN-01137,3,98.33624913004336,1,0,16.396271216848348,0,0
VEN-01138,0,98.40660667054276,0,0,35.99959479604472,0,1
VEN-01139,4,99.91231771406514,1,0,20.61157428254316,0,1
VEN-01140,1,98.8133496816518,1,0,24.04230942648442,1,3
VEN-01141,1,98.75230813013788,0,0,28.7936252210453,0,0
VEN-01142,4,100.0,2,0,16.547538331532266,1,1
VEN-01143,1,98.45959254922072,0,0,56.36444984121671,1,3
VEN-01144,2,98.948108723618,1,1,39.95490638693085,1,0
VEN-01145,2,98.561821605229,1,0,48.855717251383545,0,0
VEN-01146,1,98.68581339930074,1,0,34.85725964302276,0,0
VEN-01147,4,98.56354559723243,0,0,26.95452213641133,0,0
VEN-01148,4,99.79321962535396,0,0,20.495711774774797,0,1
VEN-01149,1,99.12431714738922,2,0,14.108772503712682,1,0
VEN-01150,4,98.67478634225714,2,0,6.2294614832322885,1,0
VEN-01151,3,99.38671907774707,1,0,14.72499909160605,1,1
VEN-01152,1,99.0276638696782,1,0,16.421822761449214,0,0
VEN-01153,1,98.13249683030509,0,0,5.088943898663027,0,0
VEN-01154,1,98.67341908275291,2,0,22.17800644781306,2,1
VEN-01155,2,99.70048985283772,0,0,13.442778781413278,1,1
VEN-01156,1,99.6361738411004,3,1,10.028953977658595,0,1
VEN-01157,2,99.731998527283,2,0,33.604077187801266,1,0
VEN-01158,4,100.0,0,0,14.029854335568627,0,0
VEN-01159,0,100.0,1,1,8.340273232033157,0,1
VEN-01160,5,98.45799830527424,0,0,6.2978978547860045,0,2
VEN-01161,5,98.6843608084815,2,0,17.766228272556635,0,1
VEN-01162,3,98.82674263482048,1,0,25.57334476249922,0,0
VEN-01163,3,99.3181634944324,0,0,18.66996573521663,1,1
VEN-01164,0,100.0,2,0,14.999534033557453,0,1
VEN-01165,2,98.85002185158726,2,1,23.18185089710129,1,0
VEN-01166,4,99.65953626366696,2,0,16.038579993153846,1,0
VEN-01167,1,99.88270496179864,1,0,25.795875983766752,1,1
VEN-01168,3,98.87034831861496,1,0,16.007622183938807,0,2
VEN-01169,2,99.46746232802867,0,0,22.291594753646272,0,0
VEN-01170,5,99.85287925790112,3,0,22.84468720164964,0,1
VEN-01171,4,98.94992670616652,1,0,14.895190224235314,0,3
VEN-01172,5,100.0,4,1,13.229231463726585,1,0
VEN-01173,5,99.53763959472818,2,1,15.97528960269569,1,0
VEN-01174,1,99.60740722571448,1,0,7.310293786000621,1,2
VEN-01175,0,99.5798737147238,2,0,46.447826884257005,0,2
VEN-01176,1,99.555741449919,2,0,3.9525857941948894,0,2
VEN-01177,2,99.71902025104568,0,0,16.647967353649957,0,1
VEN-01178,1,99.88101464611596,1,0,9.220359269867652,0,0
VEN-01179,0,99.4436425319864,1,0,14.638801139340831,0,0
VEN-01180,1,98.41746093341584,2,0,16.138876533618568,0,0
VEN-01181,2,100.0,1,0,16.511818594937917,0,2
VEN-01182,3,99.00373520815526,3,0,23.103239037785784,0,1
VEN-01183,3,100.0,1,0,79.322130041084,0,2
VEN-01184,6,98.23276861187514,2,0,5.648534367614871,0,2
VEN-01185,1,100.0,0,0,17.472318313021617,2,0
VEN-01186,1,100.0,2,1,13.672621389852448,0,0
VEN-01187,1,99.14430178954773,1,0,24.447966664513945,1,0
VEN-01188,1,100.0,0,0,40.70027617563824,1,1
VEN-01189,1,98.9927869602362,0,0,8.897864011581953,0,1
VEN-01190,2,100.0,1,0,7.123708772260454,0,1
VEN-01191,1,100.0,0,0,4.945660665843121,2,1
VEN-01192,3,98.3381930587244,2,0,35.64664316665048,0,1
VEN-01193,4,100.0,1,1,29.01540572777428,0,0
VEN-01194,4,99.72879601177584,0,0,11.845020791627867,0,0
VEN-01195,1,98.78309397702796,2,1,15.418642585021107,1,1
VEN-01196,2,100.0,1,0,6.64567088728449,1,1
VEN-01197,4,99.27084041998046,3,2,12.884681875601784,2,1
VEN-01198,0,98.50986939635985,1,0,41.22182914845904,0,3
VEN-01199,1,100.0,1,0,30.601940800621467,1,1
VEN-01200,3,100.0,0,0,14.201419903596197,0,0
VEN-01201,2,98.63411524136458,1,0,7.702928244583174,1,1
VEN-01202,1,99.23250473031004,1,0,12.985960491698297,0,4
VEN-01203,3,99.79606281295412,0,0,35.14444752890334,0,0
VEN-01204,2,98.76274326329204,1,0,20.79625257490948,1,1
VEN-01205,1,99.54202786618512,3,0,14.044775603834903,0,0
VEN-01206,2,99.05402100700714,2,0,23.097929150985472,0,4
VEN-01207,5,99.53760661639656,1,0,37.67158274591109,0,1
VEN-01208,1,99.89313236485764,0,0,7.595915834632737,1,2
VEN-01209,4,99.43459111858267,2,0,15.820938632902443,0,0
VEN-01210,3,99.54454755278056,0,0,13.45292794044262,0,0
VEN-01211,1,99.34518842792322,2,0,25.85280424143946,0,1
VEN-01212,2,98.8230426013543,1,1,10.23504949837529,0,0
VEN-01213,1,98.64926649336056,2,0,2.56173503273987,0,0
VEN-01214,1,99.01556899970558,1,0,5.269377073147144,0,1
VEN-01215,2,99.0817463198482,4,2,11.348471632406316,0,0
VEN-01216,2,99.55864645294692,1,0,51.61404258128477,1,3
VEN-01217,1,99.72630649664444,1,0,16.11223902510681,1,0
VEN-01218,2,100.0,0,0,27.71996671050201,0,0
VEN-01219,0,100.0,2,0,15.772541963420885,0,2
VEN-01220,1,99.11572292035991,4,0,39.32855226596463,1,1
VEN-01221,2,98.89970342232591,1,0,42.82390724893014,0,1
VEN-01222,2,99.07133667256322,0,0,38.32259424737647,1,1
VEN-01223,5,99.9437090899038,1,1,10.130165311871796,0,1
VEN-01224,1,100.0,1,0,4.94844759336271,0,0
VEN-01225,1,99.3936168657644,0,0,55.95781974429863,3,2
VEN-01226,1,99.8309289108859,1,0,29.953606140951425,0,3
VEN-01227,2,99.11920808082289,3,0,10.395883750832242,1,0
VEN-01228,1,100.0,0,0,25.87815168004924,0,1
VEN-01229,3,99.96236624008635,0,0,38.36371824905071,2,0
VEN-01230,1,100.0,1,0,23.694708581376087,0,0
VEN-01231,1,98.8309601770519,0,0,12.680310525781575,1,2
VEN-01232,0,100.0,4,1,21.76701244527757,0,2
VEN-01233,5,99.09001606839432,0,0,20.764969402827155,0,2
VEN-01234,5,100.0,3,1,13.369528162523622,2,1
VEN-01235,4,99.40935640917289,2,0,21.58121247001041,0,0
VEN-01236,0,99.43626613255876,1,0,21.242894636599956,0,1
VEN-01237,4,98.58016409703816,2,0,13.58976627045856,0,1
VEN-01238,3,99.25832949986932,3,0,6.633749506398862,0,2
VEN-01239,3,99.32489696560202,2,0,8.461714376237765,0,1
VEN-01240,2,98.75322354356412,1,0,22.077403159594976,0,0
VEN-01241,4,99.85238057985087,1,0,36.24435708137187,0,3
VEN-01242,2,99.68008633102396,1,0,42.05558098524321,0,1
VEN-01243,0,98.85573683389715,0,0,20.653106892062684,0,0
VEN-01244,2,99.1437733035658,1,0,18.33122190894492,0,0
VEN-01245,0,99.68871253390968,2,0,14.310622651008984,1,1
VEN-01246,2,99.17557533923076,1,0,10.83771504680213,0,2
VEN-01247,3,99.40342130535537,2,0,6.640256938445036,0,1
VEN-01248,0,98.344274387309,1,0,11.893641919704054,2,2
VEN-01249,6,99.62282590039489,0,0,8.503598214503825,1,3
VEN-01250,1,98.84423375536625,2,0,14.422500103755326,1,2
VEN-01251,1,99.1732665534041,1,0,27.96197964950932,0,0
VEN-01252,6,99.31796589450288,0,0,8.252610461288626,0,0
VEN-01253,2,99.9522196927502,0,0,50.63475289264896,0,1
VEN-01254,1,99.33290848554462,2,0,6.050832672723118,1,2
VEN-01255,3,100.0,1,0,11.201613521079604,1,0
VEN-01256,2,99.23784050788076,2,0,55.73917750801864,1,1
VEN-01257,1,98.2780002155287,1,1,11.992911552234428,0,1
VEN-01258,0,100.0,0,0,6.050795435214861,0,1
VEN-01259,3,99.45057269185692,0,0,30.733028684852076,1,0
VEN-01260,1,98.50637832672926,2,0,30.52140765393509,0,2
VEN-01261,1,99.63757918191884,2,1,62.173666062363885,0,0
VEN-01262,4,99.1505000254104,1,0,17.621535924536495,1,1
VEN-01263,2,98.65646824753172,1,0,27.60937539508317,0,1
VEN-01264,1,99.08776270894768,2,1,13.904350317490133,0,0
VEN-01265,2,99.69195000803808,1,0,13.56775647418552,2,0
VEN-01266,0,98.49668742559132,3,0,10.761868663060504,0,0
VEN-01267,2,100.0,0,0,13.10101493988288,0,1
VEN-01268,2,99.81557546996436,0,0,15.077113453404836,0,3
VEN-01269,3,97.73067867092118,0,0,35.61136260128237,0,2
VEN-01270,1,99.61564908594468,1,0,24.361480787001103,0,0
VEN-01271,2,99.18543138840576,0,0,23.6992434501689,0,1
VEN-01272,1,99.69775214103429,1,0,19.76491320503801,0,0
VEN-01273,2,99.74808203439096,2,0,21.63051130259425,0,2
VEN-01274,1,99.63052308163144,1,0,64.08516900784507,0,1
VEN-01275,3,98.99132970726906,0,0,36.33242234992071,0,2
VEN-01276,2,98.36258748181052,5,0,6.636521700332427,1,1
VEN-01277,2,100.0,0,0,10.61604639784039,0,1
VEN-01278,3,98.6889212734766,3,2,16.455982670173807,0,0
VEN-01279,2,99.77126931966932,0,0,11.4136545868048,1,1
VEN-01280,1,99.42742808695532,2,0,20.41373592332908,0,2
VEN-01281,3,98.85050725720096,0,0,26.569206316040475,0,1
VEN-01282,6,100.0,1,0,32.18697927148141,0,0
VEN-01283,2,99.4920787657002,2,0,21.167955674898604,0,0
VEN-01284,3,98.68734552310389,0,0,16.75192775003322,1,1
VEN-01285,2,100.0,1,0,10.425208012579844,0,0
VEN-01286,1,100.0,1,0,7.056218821835035,0,1
VEN-01287,2,100.0,2,0,7.297789879476937,1,0
VEN-01288,3,100.0,2,0,30.136743104829435,0,2
VEN-01289,2,100.0,1,0,14.95592140953304,1,1
VEN-01290,1,97.88884440000938,0,0,13.130556027358736,1,0
VEN-01291,3,99.90937231059183,0,0,9.937850067030457,0,1
VEN-01292,1,100.0,1,0,33.085273792795206,0,2
VEN-01293,1,100.0,3,1,48.398400208035696,1,1
VEN-01294,1,99.43284257187024,0,0,10.48803008234194,0,0
VEN-01295,2,99.93735985713916,0,0,19.380608993799868,1,1
VEN-01296,3,100.0,2,0,16.032343488212728,1,1
VEN-01297,5,100.0,2,0,8.27862349813616,1,1
VEN-01298,1,100.0,1,0,38.4406913700892,1,0
VEN-01299,1,97.9750879425581,1,0,11.290408593299295,0,1
VEN-01300,0,99.9713501391165,3,1,1.192816564453026,0,2
VEN-01301,2,100.0,0,0,10.140064670216647,0,1
VEN-01302,1,99.80587593830464,0,0,20.284101342108286,1,2
VEN-01303,3,99.4575302875456,0,0,32.32484155290334,3,1
VEN-01304,1,99.41434471651225,0,0,14.955072691317415,0,0
VEN-01305,2,99.21272332632276,0,0,21.92625417968134,0,1
VEN-01306,3,98.97968313876244,0,0,26.80770416714744,0,1
VEN-01307,1,98.42818500218492,0,0,7.027221552610878,0,1
VEN-01308,2,98.9127553437307,1,0,16.408509859728053,0,1
VEN-01309,3,99.84801798095604,2,2,31.13070200534049,1,1
VEN-01310,1,100.0,0,0,24.145347215011963,0,2
VEN-01311,1,98.70980245802804,0,0,33.33990205594295,0,1
VEN-01312,1,99.90716676720032,1,0,9.514401241217682,1,2
VEN-01313,4,100.0,2,2,50.88434987278496,0,2
VEN-01314,4,100.0,0,0,12.472789743489692,0,1
VEN-01315,3,98.45656325994403,0,0,12.843488292398598,0,2
VEN-01316,4,98.88485319649226,1,0,23.340527278402657,1,0
VEN-01317,2,99.9646283848082,0,0,20.77343592205129,2,2
VEN-01318,1,100.0,2,0,10.747112613215078,2,0
VEN-01319,0,99.54401522560856,1,1,14.792988442399936,1,0
VEN-01320,3,99.86438462808373,2,0,5.841581588987876,0,0
VEN-01321,4,98.50054205508997,1,0,18.997885612999948,0,2
VEN-01322,1,98.41493869229502,2,0,53.0387501186737,0,3
VEN-01323,1,99.07584733551496,4,0,24.60839289383206,0,0
VEN-01324,3,98.68034865693184,4,0,4.903960408851557,1,0
VEN-01325,2,100.0,0,0,21.98190835979837,0,1
VEN-01326,1,99.03080844147875,1,0,9.167976308680345,0,2
VEN-01327,4,99.829056704534,2,0,14.585491588527027,0,0
VEN-01328,2,99.75344846986002,1,0,30.741220960903693,0,0
VEN-01329,2,99.77400280706136,1,0,26.081112206453398,0,1
VEN-01330,1,98.73964254135475,1,0,41.50895826384933,0,0
VEN-01331,3,98.18635851330862,3,0,24.76346022445459,1,0
VEN-01332,1,98.83136752437429,0,0,29.257032911077506,1,0
VEN-01333,1,99.37202275649494,1,0,44.31183872268694,2,3
VEN-01334,3,98.13209376158036,3,0,19.00162862108083,0,1
VEN-01335,4,98.12037827817994,1,1,30.27969444674741,2,1
VEN-01336,0,99.84083487528916,1,1,33.2166846571903,0,1
VEN-01337,3,99.69959551774976,0,0,17.392766340629205,0,2
VEN-01338,3,99.45562412390856,0,0,11.116358613508323,0,1
VEN-01339,1,99.24871051623556,0,0,7.737911256743725,2,0
VEN-01340,2,97.90088178402296,0,0,25.96227016483429,1,0
VEN-01341,5,99.44417987443232,1,0,41.711540906681854,0,1
VEN-01342,4,99.15312590595468,3,0,35.62213453004515,0,0
VEN-01343,2,99.39531081511689,2,0,9.980244311340932,1,1
VEN-01344,2,97.90154577937852,1,0,9.984385220498776,2,1
VEN-01345,5,100.0,0,0,46.38596209808372,0,2
VEN-01346,2,100.0,1,0,32.19489736179158,0,2
VEN-01347,3,99.4089270729002,2,1,14.804750103650242,0,2
VEN-01348,0,99.168118638444,2,1,9.906979056413537,0,1
VEN-01349,1,98.52238603296404,4,0,17.91494415303079,0,0
VEN-01350,2,99.46123978529396,0,0,6.94806090351502,0,0
VEN-01351,3,100.0,0,0,8.323394220723458,0,0
VEN-01352,0,100.0,2,0,25.53186287139637,0,1
VEN-01353,1,99.20269398363456,1,1,7.833419637513773,3,1
VEN-01354,2,99.14842619189557,1,0,1.7250172905935997,1,2
VEN-01355,0,100.0,2,0,21.331795927806606,0,0
VEN-01356,2,98.8666843207436,0,0,4.118532623018153,1,1
VEN-01357,2,99.02925295159116,1,0,16.631282377271674,1,1
VEN-01358,2,98.7115434521074,2,0,4.274870901111071,0,2
VEN-01359,3,98.82166406947972,2,0,32.047391879605456,2,1
VEN-01360,2,100.0,4,0,11.1708590222895,0,1
VEN-01361,0,99.54350246753708,2,0,33.024107096793195,0,1
VEN-01362,1,99.52083624718787,1,0,30.27494682067344,0,1
VEN-01363,3,100.0,2,1,10.60168820824456,1,2
VEN-01364,1,100.0,2,0,15.532647256177146,0,1
VEN-01365,0,99.23580807157506,0,0,23.868308361038213,1,0
VEN-01366,1,98.41373854568629,2,1,20.45378029571298,2,2
VEN-01367,3,99.51826705162694,1,0,22.88988638383413,0,3
VEN-01368,1,100.0,2,0,23.963579786976183,0,1
VEN-01369,1,100.0,1,0,3.7078683107156647,0,1
VEN-01370,2,99.7092365185781,2,0,28.82638911614988,2,0
VEN-01371,3,99.56179229477937,1,0,9.62012103251479,0,1
VEN-01372,4,99.50316855852314,1,0,16.9893226151973,0,1
VEN-01373,1,100.0,0,0,12.05237578544364,0,2
VEN-01374,0,98.91097955506255,1,0,22.54418169888584,0,0
VEN-01375,3,99.48296904438594,2,0,5.712849271938637,0,0
VEN-01376,1,98.23868639432165,2,0,13.95302222573518,1,1
VEN-01377,0,100.0,3,0,23.384848150729443,1,2
VEN-01378,6,99.02983273532524,1,0,17.687561659808786,0,1
VEN-01379,4,99.01811272183188,0,0,13.93791978710183,1,0
VEN-01380,1,98.76662436510505,2,1,8.257991437154176,0,2
VEN-01381,1,98.53044389734455,1,0,5.995838715126399,0,0
VEN-01382,3,99.07360834358286,0,0,4.447425104174805,0,0
VEN-01383,4,100.0,1,0,51.98249444375762,1,1
VEN-01384,2,99.28697104785236,3,2,18.141789583169675,0,0
VEN-01385,2,100.0,3,1,41.819573737192414,0,0
VEN-01386,3,99.40230923151682,1,0,16.6123184152667,0,2
VEN-01387,1,100.0,0,0,9.120905975283245,0,1
VEN-01388,3,99.58614080352096,1,1,22.20605709072084,0,0
VEN-01389,3,98.9975416292787,2,2,21.91777538260825,3,2
VEN-01390,2,99.27161326550748,4,1,6.432993364324204,1,1
VEN-01391,1,98.45642978872208,2,0,32.021104588252655,1,2
VEN-01392,2,100.0,1,0,8.870696124836845,0,0
VEN-01393,5,99.22689539065584,2,0,79.27118391372,0,2
VEN-01394,4,99.90044911184836,2,1,12.435386498466164,0,0
VEN-01395,1,100.0,3,0,25.075543747500483,0,1
VEN-01396,1,98.65137142542036,3,0,18.57558539910576,0,2
VEN-01397,2,99.04143993191047,1,0,5.5431531598555885,0,0
VEN-01398,2,99.14619083681356,0,0,16.628636885325964,0,2
VEN-01399,2,100.0,4,1,39.00887006796429,0,0
VEN-01400,2,99.75709182897047,0,0,7.24747613251211,0,2
VEN-01401,0,100.0,0,0,25.162376323621597,0,0
VEN-01402,2,99.08656614836045,1,1,11.321797161494487,1,1
VEN-01403,1,98.54038850703192,0,0,8.967052847657332,1,1
VEN-01404,4,99.53030216784238,1,1,21.429676140052404,1,1
VEN-01405,6,97.6858690653707,1,0,26.639608550580903,0,3
VEN-01406,1,98.7087388249669,2,0,44.36868989109569,0,0
VEN-01407,0,100.0,1,0,44.94143081699972,0,1
VEN-01408,1,100.0,1,0,42.11672472485712,0,1
VEN-01409,3,98.71396749814564,0,0,10.22254591300666,1,2
VEN-01410,2,100.0,1,0,13.883936157016,0,1
VEN-01411,2,99.04325926553732,0,0,21.32965164857229,1,2
VEN-01412,0,99.21994205203976,0,0,29.92188928824996,0,1
VEN-01413,1,99.62728936024206,1,0,11.8863747417274,1,2
VEN-01414,4,98.60221357393372,2,0,14.369993727064733,0,2
VEN-01415,2,100.0,2,0,7.607368387620394,2,5
VEN-01416,4,99.63643131047483,1,0,19.9471097858268,0,1
VEN-01417,2,99.7246946979796,2,0,25.97578305395703,1,0
VEN-01418,3,98.64218313187716,0,0,18.791698854449304,0,2
VEN-01419,3,100.0,2,0,13.371548070975503,0,0
VEN-01420,4,100.0,4,0,15.148938794359072,1,1
VEN-01421,3,99.81633958891628,1,0,8.568877590423746,1,1
VEN-01422,0,99.68239697742484,3,0,19.270887798054567,1,1
VEN-01423,3,100.0,1,0,26.143426373108777,0,1
VEN-01424,4,98.81718939667824,1,0,6.431957869480729,1,2
VEN-01425,1,99.96122264131732,3,1,27.371599600711736,0,1
VEN-01426,0,98.48285059216586,1,1,19.877247848749075,0,1
VEN-01427,3,99.46387710006697,0,0,10.994839618882152,0,0
VEN-01428,2,100.0,1,0,27.214122102859964,0,1
VEN-01429,4,98.94769588957348,1,0,12.594350825191382,2,1
VEN-01430,4,99.60768000990645,2,0,16.93179130190049,1,2
VEN-01431,1,99.99204344201252,2,0,35.10541204421197,1,2
VEN-01432,4,100.0,0,0,20.53648337642006,2,0
VEN-01433,1,99.58384339543908,1,0,14.258855017973184,2,1
VEN-01434,1,99.60039812896368,0,0,11.78752446467141,0,1
VEN-01435,3,100.0,0,0,19.86686733088906,1,0
VEN-01436,1,100.0,0,0,40.03631997120595,0,1
VEN-01437,1,99.7106199026264,0,0,14.113812499289944,0,0
VEN-01438,1,99.65015479861977,2,1,10.76265184628867,1,3
VEN-01439,1,99.07527044832638,2,0,26.113102254037592,0,2
VEN-01440,2,99.77903669215122,0,0,18.717972684685485,0,1
VEN-01441,3,98.9470390170378,1,0,36.32728241096648,0,0
VEN-01442,1,98.81449307734796,2,0,16.844600426716518,0,2
VEN-01443,1,99.4242043425335,1,0,16.240960026988198,1,0
VEN-01444,2,98.51198037690426,1,0,20.173002507716262,0,0
VEN-01445,0,100.0,4,0,16.950621153881656,1,0
VEN-01446,0,99.50255340865696,1,0,18.213532767439496,0,0
VEN-01447,1,98.35002266932996,1,0,23.46151001415936,0,1
VEN-01448,3,100.0,3,1,10.384053493727382,0,1
VEN-01449,3,99.51960366786544,0,0,30.581481260089603,0,0
VEN-01450,6,99.94671186000258,2,0,6.979509004543305,1,0
VEN-01451,2,98.8671964858978,2,0,8.020689084740212,0,1
VEN-01452,0,98.78294378499906,3,0,28.371856492885293,0,0
VEN-01453,3,100.0,0,0,8.01807947192675,0,2
VEN-01454,4,99.93254468520765,0,0,33.631430671215035,3,3
VEN-01455,2,98.10250492431356,0,0,8.841845204762294,0,1
VEN-01456,0,99.89792477018489,1,0,10.316824297746804,1,0
VEN-01457,2,99.96238226546288,1,1,24.925386258989334,1,1
VEN-01458,1,99.40978319936082,0,0,32.565579982152215,0,1
VEN-01459,0,99.61070364602156,1,0,13.311717632143674,0,0
VEN-01460,2,98.812058239974,0,0,43.81602673933195,0,1
VEN-01461,1,100.0,4,0,40.68363775783872,0,2
VEN-01462,5,98.5229340382178,0,0,6.030096014755719,3,2
VEN-01463,5,98.71829398940989,2,1,13.83626578450684,0,1
VEN-01464,2,99.2626777235374,1,0,10.640909357766734,0,0
VEN-01465,1,99.457053982546,1,0,22.22170387267685,0,0
VEN-01466,1,98.51252261443368,0,0,59.212633115933706,0,0
VEN-01467,1,99.54160416087304,1,0,26.810198932809996,0,1
VEN-01468,2,99.7929807195512,0,0,19.83213722969924,1,2
VEN-01469,0,99.24252336951577,2,0,9.890257691252655,1,1
VEN-01470,2,99.63573514189292,1,0,9.649297767145308,0,0
VEN-01471,0,99.64572848203622,0,0,30.22484328116592,0,0
VEN-01472,2,99.7057483487736,0,0,21.725295810159054,0,1
VEN-01473,0,99.6277494509873,1,0,14.567791246421198,1,5
VEN-01474,4,100.0,1,0,31.944491409750093,0,0
VEN-01475,1,99.60739501397106,2,0,36.62823121565463,0,1
VEN-01476,0,99.54573324577186,1,0,2.9372540214268863,0,0
VEN-01477,2,99.3516442141915,0,0,28.654159932663788,0,0
VEN-01478,4,98.7722810300902,0,0,13.65332105462712,0,0
VEN-01479,3,99.3696414338535,1,0,27.073440606149617,2,2
VEN-01480,0,98.49752197219378,1,0,15.619944936074829,2,0
VEN-01481,2,99.39433085906052,2,0,7.820303792130974,0,1
VEN-01482,2,99.62559336553748,2,1,32.050804025559714,0,1
VEN-01483,0,100.0,1,1,24.96863668481685,1,0
VEN-01484,2,97.90904571660045,0,0,18.275755184474985,2,0
VEN-01485,0,99.64471005731316,1,0,14.51151719079239,0,1
VEN-01486,2,99.98191419062591,2,0,6.982007580723433,1,1
VEN-01487,2,99.09011638019524,3,0,28.573979172751937,0,0
VEN-01488,2,99.89420464762472,0,0,28.56634000893923,0,2
VEN-01489,1,98.79993753859642,3,0,36.37834178719368,0,2
VEN-01490,0,98.561303049825,1,0,5.717774211490188,0,1
VEN-01491,3,100.0,3,1,34.85389549376702,0,0
VEN-01492,3,98.1004651904468,2,0,7.967256412280863,0,1
VEN-01493,2,100.0,0,0,5.658758398926064,2,0
VEN-01494,1,100.0,0,0,12.87634844626576,0,0
VEN-01495,2,99.8925385185134,1,0,10.118061588651374,0,1
VEN-01496,2,99.55534934874416,1,0,46.09628572013767,0,0
VEN-01497,4,98.9828028839243,1,0,11.080102245765197,2,1
VEN-01498,2,98.94386914617168,0,0,27.19985835286516,2,1
VEN-01499,3,99.95291675234736,3,0,29.82803776162297,1,2
VEN-01500,3,100.0,1,0,6.400252441747693,1,2
VEN-01501,5,99.8427986638189,1,0,44.06669621511452,0,1
VEN-01502,1,99.15704009770111,6,1,52.270740483910416,0,2
VEN-01503,0,99.4386172399378,0,0,31.762985211836583,4,0
VEN-01504,5,99.74642284588089,0,0,11.37202580089687,0,1
VEN-01505,2,100.0,2,1,19.802055128999367,0,2
VEN-01506,6,100.0,0,0,13.530453635252488,2,0
VEN-01507,2,99.25039120196024,2,1,27.232130174769463,1,1
VEN-01508,3,100.0,1,1,7.8029597755463715,0,0
VEN-01509,2,98.60654966529204,2,0,29.14140482792103,3,2
VEN-01510,2,100.0,3,0,20.276728968922136,0,4
VEN-01511,1,99.25893813312828,2,0,11.681561851972749,0,1
VEN-01512,3,99.60475429466813,3,0,45.75734756084063,0,1
VEN-01513,2,100.0,1,0,8.408312587039523,0,0
VEN-01514,3,99.61769228712468,1,0,39.71723600899971,0,0
VEN-01515,1,98.86284934831905,1,0,16.007986768359096,0,1
VEN-01516,5,99.5163838395582,2,1,30.899122551717333,1,0
VEN-01517,2,99.99702971479654,3,2,7.163458336145661,0,3
VEN-01518,4,98.8626581864122,6,1,14.042948944453569,1,2
VEN-01519,1,99.90112278661468,1,0,9.910262557066895,0,1
VEN-01520,3,99.5082318022294,2,1,5.190441566421866,0,2
VEN-01521,4,100.0,0,0,23.592857883181743,0,0
VEN-01522,4,99.85941264335814,1,0,7.085663612214382,0,0
VEN-01523,1,98.83829007595644,0,0,15.939136185674323,1,2
VEN-01524,3,99.17682564483331,3,0,31.87289035431953,0,1
VEN-01525,2,98.66402736210397,3,0,19.568609834176144,1,0
VEN-01526,1,99.53082997744605,0,0,4.745427016650141,0,1
VEN-01527,1,100.0,2,0,5.153188561276717,1,1
VEN-01528,0,98.79395669285456,0,0,44.16279684603244,1,1
VEN-01529,4,99.42687949961184,0,0,11.622994078197722,0,1
VEN-01530,3,99.81393534304372,1,0,4.61084881400777,0,0
VEN-01531,6,99.00325741713658,2,0,16.72253433601692,1,1
VEN-01532,6,98.50343392261368,1,0,9.180553962608368,0,1
VEN-01533,2,98.53660690024157,0,0,26.445443627584133,0,2
VEN-01534,4,99.64117465206866,2,0,9.704166974290532,0,1
VEN-01535,4,99.72166938250368,2,0,15.45138606866984,0,2
VEN-01536,2,98.85035739521471,0,0,36.57298133731208,0,1
VEN-01537,5,100.0,3,0,13.1318108286265,1,1
VEN-01538,2,99.21220206492416,1,1,12.611967477308085,0,2
VEN-01539,1,99.12679085747972,3,1,32.95753420746998,1,0
VEN-01540,4,100.0,3,0,50.46750564361445,2,0
VEN-01541,2,100.0,0,0,35.45309036710724,3,1
VEN-01542,1,99.8089060824869,2,0,11.995993377954298,0,1
VEN-01543,3,98.95321127752167,3,0,14.944265400059988,0,1
VEN-01544,2,100.0,0,0,31.023259747227733,2,0
VEN-01545,1,99.59132804989014,3,0,0.8534087200106395,0,0
VEN-01546,5,98.82869332752084,1,0,25.879144783003696,0,0
VEN-01547,1,98.77693250478816,1,1,18.89101138978336,0,1
VEN-01548,0,100.0,1,0,4.528711013208145,0,0
VEN-01549,3,100.0,4,0,15.447655273466973,0,0
VEN-01550,1,99.579016328049,1,0,14.241901306233338,0,0
VEN-01551,2,98.8554220557748,4,0,43.82252370807114,0,1
VEN-01552,1,99.1510660543702,4,1,12.340907726043383,2,1
VEN-01553,1,98.7383982495139,2,0,18.989062295862325,0,1
VEN-01554,0,98.83383598113764,0,0,8.480558373345394,0,1
VEN-01555,3,99.43951557088025,0,0,18.840594973341688,1,1
VEN-01556,1,99.69991873477768,2,0,30.22352755447437,1,1
VEN-01557,2,98.626182096013,1,0,34.228902342839554,0,3
VEN-01558,1,100.0,0,0,12.244463475557287,0,0
VEN-01559,3,99.91360811957148,2,1,22.51192612809261,0,1
VEN-01560,0,99.2706433406305,2,1,17.767489436894195,0,0
VEN-01561,1,99.53651596173157,0,0,26.28523038936222,0,1
VEN-01562,2,100.0,1,0,19.16347095558906,0,1
VEN-01563,2,98.91705819579084,2,1,34.27955544622905,0,0
VEN-01564,2,99.88608834649052,1,0,4.347198791537304,0,0
VEN-01565,6,98.68078622096849,2,0,26.50316800636632,0,0
VEN-01566,1,99.82614183543124,3,1,32.80685384865532,1,1
VEN-01567,5,98.83332545339616,0,0,20.76744418427582,0,0
VEN-01568,2,99.57515749322955,2,1,21.872640796844795,0,1
VEN-01569,3,98.87927596865384,1,1,15.551481041965676,0,1
VEN-01570,2,100.0,2,0,35.13559989140679,1,2
VEN-01571,1,99.49882976733618,1,0,9.280089934008652,1,3
VEN-01572,1,99.45068010433997,1,0,13.862172684503902,0,2
VEN-01573,0,99.46604406864262,0,0,10.528955207133452,1,2
VEN-01574,2,99.31624351296996,1,1,11.774518929396754,1,0
VEN-01575,1,100.0,3,0,16.435638267453193,1,2
VEN-01576,1,99.72697250477712,4,1,50.6746469095402,0,1
VEN-01577,1,99.3440211222126,1,1,29.796694748175057,0,0
VEN-01578,4,98.95653109350629,2,0,27.12459994439464,2,1
VEN-01579,4,99.50127531325089,1,0,14.763290896865325,0,2
VEN-01580,4,100.0,4,0,7.402909339928124,0,2
VEN-01581,1,98.02547446839075,2,0,30.40907881405535,1,0
VEN-01582,3,99.9355794701808,0,0,21.199497858274675,0,2
VEN-01583,2,100.0,2,0,9.890639024843535,0,1
VEN-01584,2,98.2974113087473,2,0,16.372546676448117,0,0
VEN-01585,0,98.68116070973493,0,0,11.203779728517151,1,0
VEN-01586,1,99.30513975801664,0,0,6.341100312140023,1,2
VEN-01587,3,98.51839275771954,0,0,36.0791120971702,1,1
VEN-01588,1,99.7958329140018,0,0,14.909364354439136,1,0
VEN-01589,4,98.10471133792502,1,1,10.955725415484954,0,1
VEN-01590,4,99.71714287917558,0,0,49.73495169499684,0,0
VEN-01591,1,99.54178647518656,0,0,38.67953498039797,0,4
VEN-01592,1,99.42970313308544,1,0,25.62441875142061,0,2
VEN-01593,1,99.77548747987524,1,0,52.29159473878949,0,0
VEN-01594,1,99.10641741063844,1,0,23.344601812780773,1,2
VEN-01595,3,99.30967387942354,0,0,33.785707221262754,1,0
VEN-01596,3,98.78858739278712,0,0,32.21953717174176,0,2
VEN-01597,2,99.55518683196226,2,1,26.7364766558218,0,0
VEN-01598,2,98.12006323573642,1,0,12.736220763377643,0,2
VEN-01599,2,100.0,1,0,11.200352388522296,2,1
VEN-01600,1,98.81306277193634,1,0,15.062334596414498,1,1
VEN-01601,3,98.73390591379672,2,0,19.747967698250868,2,2
VEN-01602,2,98.53777807123676,0,0,32.13149317995664,0,2
VEN-01603,1,100.0,2,1,12.1672686430334,2,1
VEN-01604,3,99.31261982056816,2,0,10.404853821226029,0,0
VEN-01605,4,99.67938428788018,3,0,10.261096051209847,0,1
VEN-01606,3,99.47571560294202,3,1,9.430785551023613,0,2
VEN-01607,3,98.9659884032316,1,0,19.911609346606863,2,1
VEN-01608,3,100.0,0,0,39.12528483134941,0,2
VEN-01609,1,98.91421016613688,1,0,43.16791462267892,0,1
VEN-01610,1,99.29278139692993,3,1,33.74950146478288,0,3
VEN-01611,0,99.15552900819354,2,0,10.941477826274124,0,1
VEN-01612,2,99.64169285206842,0,0,18.528157106773197,2,0
VEN-01613,3,99.51937061058784,4,0,17.569415723959672,1,1
VEN-01614,0,99.3202398800978,0,0,6.687611849186415,1,0
VEN-01615,2,99.68726836707256,2,1,35.86447033719323,0,2
VEN-01616,2,100.0,0,0,21.978154371580004,0,4
VEN-01617,6,97.94167822022877,0,0,12.690208252253848,0,2
VEN-01618,1,100.0,0,0,6.974565398070807,0,0
VEN-01619,4,99.93421056808494,3,0,18.95780100227736,0,1
VEN-01620,3,98.83861771866952,1,0,10.506399405128896,0,2
VEN-01621,3,100.0,1,1,11.025991435543297,1,1
VEN-01622,2,100.0,1,0,26.723840774240383,1,1
VEN-01623,2,99.38439793269852,1,0,19.33855980067905,1,1
VEN-01624,2,99.77221007509128,0,0,5.712671420125583,0,0
VEN-01625,2,99.42350409097692,1,1,61.97086385770399,2,2
VEN-01626,0,100.0,2,0,20.789587499968945,1,1
VEN-01627,0,99.78695194735924,1,0,15.205425207761076,1,0
VEN-01628,2,99.4606021722334,3,0,22.854640766190474,1,0
VEN-01629,2,99.0535207770519,0,0,10.828060454648815,0,2
VEN-01630,1,99.5537993067182,1,0,18.33251490584807,1,1
VEN-01631,1,100.0,3,0,23.38063327094754,1,1
VEN-01632,3,99.57576680484593,3,1,11.995064168903314,0,3
VEN-01633,1,99.37547551825476,0,0,19.877863699492423,0,1
VEN-01634,2,97.93020657935072,5,0,29.090201563107016,0,3
VEN-01635,1,99.59511222008813,1,0,22.03923645311331,1,1
VEN-01636,1,98.94141296050896,1,0,15.247557378294193,0,2
VEN-01637,1,99.43984856573758,2,0,27.39031473006492,0,1
VEN-01638,1,98.55634827647026,0,0,18.18732561515256,0,3
VEN-01639,1,98.49812966885727,0,0,15.558522821000674,1,1
VEN-01640,1,100.0,1,0,16.008290943024804,0,2
VEN-01641,3,100.0,2,0,5.442813639023519,0,1
VEN-01642,3,99.88389160949669,2,0,12.874757243811016,1,0
VEN-01643,0,99.8627542572885,1,0,28.62049168485004,0,0
VEN-01644,0,99.22926710047356,2,0,23.047964214306266,0,3
VEN-01645,0,100.0,1,0,6.808153166529685,2,0
VEN-01646,1,98.27212809663678,1,0,7.964555009668774,1,1
VEN-01647,1,100.0,1,1,2.08611410571957,0,0
VEN-01648,2,99.58027076562124,2,0,25.08454659254856,2,0
VEN-01649,1,100.0,0,0,32.328780685225524,0,1
VEN-01650,1,99.65898508927324,1,0,15.345901839664984,1,0
VEN-01651,4,98.62005929423512,2,0,61.52385610113136,0,2
VEN-01652,1,99.29213527939385,1,0,4.978866473401345,2,1
VEN-01653,1,100.0,0,0,12.869098970413091,0,2
VEN-01654,2,100.0,0,0,23.18186658345943,0,1
VEN-01655,3,98.18017926812912,3,2,13.69485332961453,0,1
VEN-01656,4,99.40601920133768,0,0,12.106200382660903,1,2
VEN-01657,2,99.13184124944344,0,0,22.337852477747,0,0
VEN-01658,2,99.87379836911198,0,0,22.678518028238003,0,0
VEN-01659,1,98.74120826651428,2,0,6.674550209507851,0,1
VEN-01660,3,99.8316486864896,2,0,15.47231790180675,2,1
VEN-01661,3,99.62072097508435,1,0,11.447726712986505,2,1
VEN-01662,2,98.47375448524868,1,0,9.03886745689352,0,1
VEN-01663,1,100.0,1,0,39.77516410358307,0,1
VEN-01664,5,99.54087049958476,0,0,22.88419912184817,0,0
VEN-01665,2,99.02044858464406,1,1,23.04343985184755,0,2
VEN-01666,1,98.85027975547,2,0,23.15140087757544,0,1
VEN-01667,2,99.56613288430268,1,0,27.891548793344427,0,1
VEN-01668,2,98.82515350587578,0,0,10.375885388585669,1,2
VEN-01669,4,99.2562057342072,2,0,10.285118234907817,0,1
VEN-01670,1,98.21654647583878,2,0,5.043452860701187,1,1
VEN-01671,2,99.3035023167838,1,0,26.692169119056835,1,0
VEN-01672,3,100.0,1,0,45.29587257038163,0,0
VEN-01673,4,100.0,2,0,22.447265207227947,1,0
VEN-01674,2,100.0,0,0,24.017623340478288,2,1
VEN-01675,2,98.87113725071757,0,0,31.40769738115467,0,1
VEN-01676,0,99.26931534882722,1,0,4.223911775352707,3,4
VEN-01677,1,98.55752461500668,0,0,13.086319469782763,0,1
VEN-01678,2,99.61278620784644,3,0,20.753384715633096,0,1
VEN-01679,1,98.89706973015416,2,0,44.28671560700653,0,2
VEN-01680,2,99.2168785463181,1,0,6.105703058332631,0,2
VEN-01681,0,99.61676292330426,1,0,14.896157527539849,0,0
VEN-01682,4,99.17055948485242,1,0,18.397809722066015,0,1
VEN-01683,5,99.87584496649858,2,0,50.93237998483656,1,0
VEN-01684,3,99.54542793285864,2,0,10.07150965123505,0,0
VEN-01685,4,100.0,0,0,14.483812840550994,0,0
VEN-01686,0,99.11497061980782,2,0,21.23815630361937,0,0
VEN-01687,2,99.16434116341998,2,0,9.995473739346048,0,2
VEN-01688,4,100.0,3,2,13.617810373642842,2,1
VEN-01689,3,98.69097201939752,1,0,33.6941872902059,0,0
VEN-01690,0,99.6842443907397,1,0,6.350985318279881,1,1
VEN-01691,4,99.18347167688626,0,0,10.806858247950563,1,1
VEN-01692,3,98.21508416819928,1,0,41.02971433139518,0,1
VEN-01693,2,98.7053766874077,0,0,15.653047746599142,1,0
VEN-01694,4,99.93822249064108,1,0,14.877434082338883,2,2
VEN-01695,0,99.52835184527436,0,0,14.704518731203155,0,1
VEN-01696,2,99.78859920988938,0,0,14.449244287938006,0,0
VEN-01697,4,100.0,2,0,25.659640624053026,1,1
VEN-01698,1,100.0,1,0,20.036249918913704,0,2
VEN-01699,1,99.75377532524648,2,0,4.700920043403897,0,0
VEN-01700,2,98.32374509565132,1,0,6.158829146622741,0,1
VEN-01701,4,99.5500238165848,1,1,27.0043445930944,0,0
VEN-01702,4,99.921114317277,1,0,34.26782995271196,0,0
VEN-01703,3,99.75962060564578,1,0,21.985314184816087,1,1
VEN-01704,1,99.1414225250328,1,0,13.614067177934093,1,1
VEN-01705,2,100.0,4,0,20.52442054018704,0,2
VEN-01706,6,99.04784235084536,1,0,20.14902835122565,1,0
VEN-01707,1,99.42848566738522,0,0,22.84437006864341,0,0
VEN-01708,1,99.34952349620826,1,0,16.280834250954555,1,0
VEN-01709,4,98.28487448154588,2,0,16.257636811335004,1,3
VEN-01710,2,99.58559062696578,3,0,16.05204650223896,0,0
VEN-01711,7,100.0,1,0,15.192736592634375,0,1
VEN-01712,3,97.94946832577104,0,0,10.41152911541286,1,0
VEN-01713,2,99.40042728774208,1,0,26.721865431702835,0,0
VEN-01714,2,99.17788257142612,1,0,16.885176057817173,0,1
VEN-01715,0,99.63448370221164,3,0,14.598434030103247,0,3
VEN-01716,2,99.00336712939924,0,0,7.598422718826825,0,1
VEN-01717,3,99.5703532285666,2,0,24.389811539465537,0,1
VEN-01718,3,98.57552460313828,2,1,10.3879526569058,2,1
VEN-01719,0,99.51287872324748,1,1,9.25740778408908,0,3
VEN-01720,2,99.2189052213746,0,0,4.928003998386435,1,2
VEN-01721,0,98.82470852967562,2,0,11.938792653709523,0,1
VEN-01722,3,98.59771746555654,2,0,8.374543105019661,0,0
VEN-01723,4,100.0,1,0,3.4914177838888394,1,2
VEN-01724,1,100.0,0,0,43.32683955030245,1,1
VEN-01725,1,99.35525033317118,1,1,37.82107737161104,0,2
VEN-01726,3,99.40234957582226,0,0,12.200859412919389,0,0
VEN-01727,1,100.0,0,0,21.152024276259223,0,2
VEN-01728,3,100.0,1,0,37.73277086859474,0,0
VEN-01729,2,99.5119669049735,1,0,16.826150809258042,2,0
VEN-01730,0,98.9897603491787,0,0,6.979319344458156,1,1
VEN-01731,4,98.59399002201208,0,0,15.47812186003062,0,1
VEN-01732,6,99.49846650997732,2,0,20.049963630866564,0,0
VEN-01733,4,99.29330349185965,0,0,18.101503430524296,0,0
VEN-01734,3,99.75473345865352,2,0,30.10854347278893,0,0
VEN-01735,7,99.55700233151912,0,0,27.701450075367827,0,0
VEN-01736,1,99.56261176500968,0,0,31.24569953570697,0,1
VEN-01737,5,98.97267172797518,1,0,2.7834942458519785,1,2
VEN-01738,4,99.35393633966304,1,0,20.2861858101982,1,1
VEN-01739,5,99.3255912300322,1,1,11.151631354987254,0,1
VEN-01740,0,100.0,1,0,21.50047505866236,1,0
VEN-01741,3,97.88002023706645,0,0,9.59920946102828,1,1
VEN-01742,1,100.0,2,0,34.46722515638122,0,0
VEN-01743,0,100.0,1,0,16.712581120829206,0,2
VEN-01744,4,98.96438763085524,0,0,11.80521906871697,0,0
VEN-01745,0,98.39041408200158,0,0,1.97812864687561,0,3
VEN-01746,4,100.0,0,0,16.620069560495075,0,0
VEN-01747,2,99.57438483835678,0,0,5.530486536697464,0,0
VEN-01748,4,100.0,0,0,31.08760651489248,0,2
VEN-01749,2,99.17076274320038,1,0,29.56008512584536,0,1
VEN-01750,2,98.88259747107357,3,0,33.082980461365544,1,2
VEN-01751,3,100.0,2,0,35.26177578245869,3,2
VEN-01752,2,99.0566624290363,3,0,13.384505861026057,0,0
VEN-01753,2,98.72410440137618,2,0,20.8188300339461,0,3
VEN-01754,2,99.35542674236775,2,1,5.73092746024175,0,3
VEN-01755,3,96.87529826048156,1,0,3.506779625890396,0,2
VEN-01756,2,98.84202873251569,1,0,22.313552130086915,0,0
VEN-01757,1,100.0,1,1,39.40619308250104,0,1
VEN-01758,2,99.91781066654528,0,0,9.188317748980218,0,2
VEN-01759,3,98.33925157781631,2,0,37.72304139786012,0,1
VEN-01760,3,100.0,2,0,43.74422654134976,0,1
VEN-01761,1,100.0,1,1,10.258087578504822,0,0
VEN-01762,2,99.15554632527711,1,0,30.24145280262495,0,1
VEN-01763,1,99.53983444737212,1,0,21.153260369812983,0,1
VEN-01764,1,99.31524664552218,0,0,28.48936954240822,0,2
VEN-01765,0,100.0,0,0,9.023873272893656,0,1
VEN-01766,3,99.2414442114533,2,0,13.341475772214748,1,1
VEN-01767,0,99.97122523670645,1,0,15.72363574940698,1,2
VEN-01768,4,100.0,1,0,16.52750513437579,1,0
VEN-01769,1,99.55533864817068,0,0,12.644962942448265,0,2
VEN-01770,2,99.893000312139,0,0,32.497356051423615,0,1
VEN-01771,4,99.47681058721574,1,0,23.70121119082252,0,2
VEN-01772,3,100.0,1,0,14.085949202681771,1,0
VEN-01773,0,99.99269131927488,1,0,24.15864236605008,2,0
VEN-01774,1,99.98911793371506,1,0,9.347280181639308,0,2
VEN-01775,2,100.0,1,0,30.688403231619453,0,0
VEN-01776,0,99.98032743365933,3,0,15.105813143347396,0,0
VEN-01777,3,98.00741912053174,2,0,6.026546350735335,1,0
VEN-01778,2,99.5201792134621,3,1,11.604765096500834,0,0
VEN-01779,1,100.0,3,1,21.925264511275184,0,1
VEN-01780,2,99.73578432512184,1,0,48.35417701446774,0,0
VEN-01781,5,98.84914089257452,1,1,11.498746528040297,0,1
VEN-01782,4,99.02854298142128,0,0,10.075951687280998,0,0
VEN-01783,2,97.89677543778367,0,0,22.35794073411533,0,2
VEN-01784,2,99.9038661519249,0,0,44.41766494818929,1,0
VEN-01785,0,98.43296692989937,0,0,18.068989659053035,0,0
VEN-01786,2,98.86044789739697,1,0,6.15913658284336,0,1
VEN-01787,5,99.1464025629843,2,1,18.555941212540663,1,2
VEN-01788,5,100.0,2,0,19.459047862548328,1,1
VEN-01789,2,99.7993506458454,0,0,26.79101220007988,0,1
VEN-01790,4,97.91251109735968,0,0,15.862827855399088,0,2
VEN-01791,2,100.0,1,0,20.58885887386469,0,1
VEN-01792,5,99.2143887035264,0,0,5.845091247196326,1,4
VEN-01793,0,100.0,1,0,26.40334483611617,1,1
VEN-01794,1,97.57424566372696,3,0,14.070460213704704,0,0
VEN-01795,1,99.87606854780466,1,0,30.49422272111521,0,0
VEN-01796,1,100.0,2,0,10.081300407555956,1,3
VEN-01797,2,99.4308990879088,1,0,17.329846826132115,0,0
VEN-01798,0,99.33785600335834,0,0,42.73517896660758,0,1
VEN-01799,3,97.8423145773208,3,1,21.92673834854801,0,0
VEN-01800,2,99.13786999422231,1,0,16.018664267260636,0,2
VEN-01801,1,100.0,2,0,3.548792844304009,1,3
VEN-01802,1,98.92260125198996,0,0,17.77893608629927,1,1
VEN-01803,2,100.0,2,0,4.592094199606837,1,3
VEN-01804,1,99.72405885356471,1,0,32.431209871068866,1,3
VEN-01805,2,98.59582530383356,1,0,29.134392133988563,1,1
VEN-01806,6,98.0782685661423,2,0,23.854667118135268,0,2
VEN-01807,0,99.80592597982924,1,0,38.31703628169178,1,1
VEN-01808,2,98.03058991401808,1,0,15.687807650121886,0,0
VEN-01809,4,99.39793913035284,0,0,14.73860049161988,0,0
VEN-01810,2,99.44947241212724,1,0,27.342387463852635,0,1
VEN-01811,2,98.72879418997648,0,0,13.269358467952609,0,0
VEN-01812,1,99.4852732239867,0,0,11.26031260256804,1,1
VEN-01813,1,98.65089647252616,2,1,19.14657606725903,0,1
VEN-01814,2,99.15944887183215,1,0,10.569434115979991,0,2
VEN-01815,4,99.9467027829824,0,0,16.23387071179569,1,1
VEN-01816,4,99.59971509370068,2,1,23.66497483684241,1,2
VEN-01817,1,99.94654638008215,0,0,10.395072800909729,0,0
VEN-01818,0,98.49767902766254,1,0,24.924022617406585,0,0
VEN-01819,3,99.80059076761091,4,1,11.5860523719507,0,0
VEN-01820,1,100.0,0,0,16.37218457089252,0,1
VEN-01821,4,98.94671362474251,1,0,11.328153206703988,1,0
VEN-01822,4,99.72371166161965,0,0,11.12533444200536,1,2
VEN-01823,1,99.41930855927522,5,1,47.03674597669442,1,0
VEN-01824,4,99.55001362097148,0,0,11.088189534956554,0,0
VEN-01825,0,99.54155958045742,1,1,12.43508609254232,1,0
VEN-01826,2,100.0,0,0,4.052008950504851,0,1
VEN-01827,1,100.0,1,0,27.485536130004306,0,0
VEN-01828,2,99.38970244818066,4,0,14.251617177095854,0,2
VEN-01829,1,98.59600744468725,1,1,27.5814984560376,0,0
VEN-01830,4,99.90213612120944,1,0,13.562805129530703,0,1
VEN-01831,0,99.8037380099136,1,0,17.74986241345904,0,2
VEN-01832,1,99.84125167213595,2,1,7.6969243647653744,1,3
VEN-01833,1,99.95507722649928,4,1,14.188041507682849,0,0
VEN-01834,3,100.0,0,0,39.327817537871056,0,0
VEN-01835,1,99.9154176833074,1,1,20.660257488155874,0,0
VEN-01836,2,99.38447466197805,0,0,10.72368065852698,0,2
VEN-01837,3,100.0,1,1,38.31449567589938,1,4
VEN-01838,4,99.54344927224052,1,0,20.75435660010818,1,0
VEN-01839,0,98.32136446668608,0,0,43.85630988202742,0,2
VEN-01840,0,99.14475219529358,1,0,6.863372057278978,1,1
VEN-01841,2,100.0,2,0,26.8668689357188,0,1
VEN-01842,3,98.42563682613974,1,0,13.000904773611104,3,2
VEN-01843,5,97.66701481537709,2,0,8.777780444747865,1,0
VEN-01844,3,100.0,1,0,31.07991507344664,0,1
VEN-01845,0,99.26987204309812,1,0,23.07576056572364,0,1
VEN-01846,2,99.33390510343672,1,0,41.13635269885015,1,0
VEN-01847,1,99.8842652836242,3,0,41.60638947939189,0,3
VEN-01848,2,98.98356065631268,1,0,7.242942850539523,0,0
VEN-01849,1,98.66799825228136,1,1,23.40015501344747,1,0
VEN-01850,3,99.36033931168672,1,0,27.388197499657327,0,0
VEN-01851,4,99.89947331504432,3,0,24.15028015576111,0,3
VEN-01852,2,100.0,0,0,3.356235362431397,0,1
VEN-01853,1,99.92121493820284,0,0,9.338414506491596,0,0
VEN-01854,3,98.50000171068706,0,0,15.16803822531043,0,3
VEN-01855,1,99.15291430729336,1,0,9.800729615410502,1,1
VEN-01856,3,98.8375097120786,2,0,23.235921038674707,0,2
VEN-01857,2,99.50938003170724,1,0,17.648648474550253,1,2
VEN-01858,2,98.81831265210208,1,0,29.84193020242237,1,0
VEN-01859,5,99.6574632178172,2,0,22.037509036388023,1,2
VEN-01860,3,99.55734427239656,2,1,16.653180929552388,0,2
VEN-01861,1,99.64378094474552,2,1,21.19546296283383,0,0
VEN-01862,2,99.77628805402496,1,0,17.017770330769466,0,1
VEN-01863,3,97.9151930596484,1,1,14.097495094840223,0,3
VEN-01864,1,100.0,1,0,12.8136080534615,2,2
VEN-01865,3,100.0,1,0,23.328167608879298,0,0
VEN-01866,1,99.03472807813188,4,0,29.697004697681223,0,3
VEN-01867,1,99.15508353619576,0,0,15.541574932133248,4,2
VEN-01868,4,98.5830770771886,0,0,32.33319784710633,1,0
VEN-01869,2,100.0,0,0,25.99771022291238,1,0
VEN-01870,3,99.9653800999272,0,0,20.197374435481414,0,1
VEN-01871,1,100.0,3,0,23.584252896505447,2,2
VEN-01872,2,100.0,0,0,15.926222281391288,0,0
VEN-01873,0,100.0,1,0,45.607815829296655,0,2
VEN-01874,0,99.455692481537,2,0,25.627768528801187,0,1
VEN-01875,2,99.97162648297132,0,0,28.29932559354049,0,3
VEN-01876,1,99.7278548234786,0,0,12.505683768269206,0,2
VEN-01877,2,100.0,2,0,16.31776530813939,0,1
VEN-01878,3,100.0,0,0,24.400173622829165,0,1
VEN-01879,1,99.74275153091811,0,0,13.80123888846759,0,1
VEN-01880,1,99.60765025553748,1,0,20.111486058981843,0,3
VEN-01881,5,98.67285599079813,0,0,22.170059535951797,0,3
VEN-01882,2,98.55792487052958,1,0,35.88937312865581,0,0
VEN-01883,4,99.7377478753607,3,1,32.181962145365816,1,0
VEN-01884,3,100.0,2,0,2.972357681252645,1,1
VEN-01885,0,99.68687395686216,1,0,16.497145384146883,1,1
VEN-01886,1,98.74461181233512,1,0,19.80362408382764,0,0
VEN-01887,1,99.39233997351543,0,0,8.242396106209112,1,0
VEN-01888,2,99.23517207075818,1,0,13.59432985557156,0,1
VEN-01889,1,99.44776395753956,1,0,13.704092149235876,0,2
VEN-01890,6,99.81974770484148,1,1,7.504365658013103,1,0
VEN-01891,3,99.06646284602614,0,0,15.387211426297846,1,1
VEN-01892,5,100.0,1,1,7.970182119882053,1,1
VEN-01893,2,99.1471579213493,0,0,18.32882663693125,0,1
VEN-01894,2,98.39268023993846,1,0,36.49585133894377,0,1
VEN-01895,1,99.83544197029552,3,0,29.71219251356232,1,0
VEN-01896,1,100.0,2,0,18.313640750482552,0,3
VEN-01897,5,98.88839135579104,1,0,16.53454580530882,0,0
VEN-01898,4,99.5255068221858,0,0,30.96134277202517,0,1
VEN-01899,0,99.67331625494548,2,1,10.65447920591699,1,2
VEN-01900,2,99.78062975186278,2,0,49.35074137754309,0,0
VEN-01901,1,99.99889199595547,2,0,40.51469303701936,0,1
VEN-01902,1,100.0,1,0,5.859916690098145,0,0
VEN-01903,4,99.41078457434293,2,0,26.789023874700707,0,0
VEN-01904,4,99.65783339763752,1,0,12.822800936979611,0,1
VEN-01905,2,99.33306538034292,0,0,13.71038306131287,0,1
VEN-01906,2,99.57893433897168,1,0,42.42425169687699,1,1
VEN-01907,4,99.14806651825344,0,0,37.33562168808688,1,1
VEN-01908,0,99.41938702294304,2,0,34.270896976597406,0,1
VEN-01909,0,97.98016180383011,0,0,12.460058942242302,0,1
VEN-01910,2,99.49527182391216,3,1,32.407978285214455,1,1
VEN-01911,1,99.14373070021148,1,0,9.21558407100184,1,1
VEN-01912,0,98.90815151116507,2,0,30.03703483168422,0,1
VEN-01913,0,99.6721304117526,2,0,24.60225229005151,1,1
VEN-01914,1,97.4348200969834,0,0,28.68965797085709,1,0
VEN-01915,2,99.2933152112536,0,0,13.052858319849518,0,0
VEN-01916,2,99.88482710033767,2,0,14.363488116232984,0,0
VEN-01917,0,100.0,0,0,24.26028854953027,0,1
VEN-01918,1,100.0,0,0,18.6979322562056,0,2
VEN-01919,4,99.06396172506945,0,0,21.9341273517782,0,3
VEN-01920,0,99.74503823264747,3,0,29.828448896111126,2,0
VEN-01921,1,97.97271073710569,1,0,23.44364100893515,0,1
VEN-01922,0,100.0,2,1,7.8767917931640765,0,1
VEN-01923,1,99.19819123042492,4,0,34.001182192934195,0,1
VEN-01924,5,99.55776383835864,2,0,38.015499337463424,2,1
VEN-01925,4,100.0,0,0,7.774780720626618,0,0
VEN-01926,3,100.0,2,0,12.194686002974256,0,2
VEN-01927,2,97.69588329584444,0,0,9.864610417460064,0,2
VEN-01928,3,98.90718639734229,2,0,59.868672003283066,0,1
VEN-01929,2,99.48909313185068,1,0,39.46548575743327,0,3
VEN-01930,3,98.27498409839995,1,0,12.582979632652057,0,1
VEN-01931,1,100.0,2,0,6.001119951433338,0,0
VEN-01932,6,100.0,3,0,18.00129442105153,0,1
VEN-01933,2,99.0403055769282,2,0,14.776723647150009,0,0
VEN-01934,1,97.90333525156804,0,0,36.3433534903126,0,1
VEN-01935,3,100.0,4,0,11.456012972243649,0,2
VEN-01936,7,99.34216668592258,1,0,11.90072524132962,1,1
VEN-01937,2,99.88817627323048,0,0,12.176647675823538,1,1
VEN-01938,3,99.44543134903198,3,0,5.643047681634431,0,2
VEN-01939,3,98.4600485187732,1,0,27.883501974160577,0,2
VEN-01940,2,99.28307983665532,0,0,12.502897252837416,0,2
VEN-01941,4,98.32925375098075,2,0,8.356471170334634,2,0
VEN-01942,1,98.90820269671131,2,0,9.810601709291015,1,0
VEN-01943,4,99.72337473291326,2,0,17.420780011909123,0,1
VEN-01944,5,98.26028301060936,1,1,17.156915950465315,0,1
VEN-01945,0,99.68293503215534,1,1,15.86575536841105,0,1
VEN-01946,2,97.92716639565435,2,0,15.29059905512128,1,1
VEN-01947,3,100.0,0,0,13.483781483501122,1,2
VEN-01948,1,98.6850543286127,0,0,32.35758442125025,0,2
VEN-01949,1,100.0,1,0,16.09099347927738,1,1
VEN-01950,0,98.60088845176531,1,0,42.98017734081802,1,3
VEN-01951,2,100.0,2,1,11.085279560044135,0,5
VEN-01952,2,98.03487715360154,0,0,19.743545572802045,0,1
VEN-01953,1,99.2201440176702,0,0,20.606843736987397,0,1
VEN-01954,3,98.93734258418054,1,0,16.37170503364968,0,0
VEN-01955,2,98.52619382467904,0,0,30.842386858197003,1,0
VEN-01956,1,98.99113324510242,2,0,14.561229842841298,1,0
VEN-01957,1,99.337652236644,2,1,18.033516094740467,0,1
VEN-01958,2,98.92475507473954,0,0,19.143730718301438,0,1
VEN-01959,1,100.0,4,0,27.38053219557591,3,0
VEN-01960,4,99.83281242222338,2,0,10.197712544238929,0,0
VEN-01961,3,100.0,1,0,6.720655098540824,0,1
VEN-01962,3,98.6918692609233,1,0,27.825656732619944,0,0
VEN-01963,4,99.68830181923646,2,1,6.863578276505624,0,4
VEN-01964,1,99.6964290777842,0,0,42.89699659623521,0,0
VEN-01965,4,99.55459345483789,3,1,20.365931812394415,0,0
VEN-01966,6,97.8416489133428,1,0,14.046970205660184,0,2
VEN-01967,3,99.16386032981416,3,0,53.639722151060894,0,0
VEN-01968,3,97.80724406792154,0,0,46.17396530641917,1,1
VEN-01969,1,98.13296224162204,3,2,7.76496916663633,0,1
VEN-01970,3,100.0,1,0,22.591280408279477,1,1
VEN-01971,4,99.01850940732392,1,0,10.913721002962529,1,2
VEN-01972,2,99.99057628272698,1,1,26.17070483209371,0,1
VEN-01973,1,99.19233865343423,1,0,16.68362110296198,1,0
VEN-01974,2,100.0,1,0,17.454570299544788,1,1
VEN-01975,1,100.0,0,0,29.853570089747777,1,2
VEN-01976,0,99.35750357049491,2,0,9.985899290359018,1,3
VEN-01977,4,99.29207911482284,0,0,21.051936465772098,1,1
VEN-01978,7,99.1817790434274,1,0,19.8998502889429,0,0
VEN-01979,3,100.0,1,1,32.674773345353444,0,3
VEN-01980,2,99.9395211285028,0,0,14.089109169837714,0,1
VEN-01981,2,99.46111864813962,1,0,13.147580719933398,0,1
VEN-01982,2,99.5601801271008,0,0,25.117966299486472,0,1
VEN-01983,2,99.79668138058366,1,0,22.71019368967925,1,0
VEN-01984,2,98.55894297995756,2,0,17.25529278760186,1,1
VEN-01985,2,99.04463575318202,1,0,12.878699008753276,0,2
VEN-01986,3,100.0,1,0,6.159164975300046,0,0
VEN-01987,0,99.90311417199958,1,0,32.395952285056694,0,1
VEN-01988,0,99.3634193487404,0,0,36.59107505593428,0,2
VEN-01989,1,98.58540513779444,2,0,51.76674446726352,1,2
VEN-01990,2,100.0,3,0,20.39647826887515,0,0
VEN-01991,2,99.48354309949733,2,0,26.86796919330024,1,0
VEN-01992,3,100.0,1,0,10.166622503365849,0,0
VEN-01993,1,100.0,2,0,37.29562303879014,2,1
VEN-01994,1,99.616789921628,0,0,16.183932192675886,2,2
VEN-01995,1,100.0,1,0,25.548139094343032,0,1
VEN-01996,2,99.70649039971885,1,0,9.274089929838649,0,2
VEN-01997,2,100.0,2,0,15.118308444417082,1,0
VEN-01998,3,99.8858430170798,3,1,19.70559999777433,0,2
VEN-01999,0,100.0,0,0,13.864295754167763,0,1
VEN-02000,2,99.8958516246298,2,0,9.549192746131157,0,1
VEN-02001,2,99.76275608270096,1,0,37.44807346134082,1,4
VEN-02002,3,100.0,3,2,40.06783534497848,0,1
VEN-02003,1,99.97489954859354,0,0,43.52646676510144,0,5
VEN-02004,1,100.0,1,0,29.352372102422866,0,1
VEN-02005,0,98.83445889101904,2,0,6.107822428010664,0,0
VEN-02006,3,99.19232362271076,0,0,9.20771111925422,0,1
VEN-02007,4,99.32967643331476,1,0,15.453959073889784,0,0
VEN-02008,0,99.68702548784717,1,0,35.72951380056285,0,1
VEN-02009,4,100.0,2,1,12.696733304307807,1,0
VEN-02010,1,99.68760342681348,0,0,17.83254472621733,0,1
VEN-02011,3,99.51778040869866,0,0,30.361801846106168,0,1
VEN-02012,2,99.54395996424203,0,0,48.97697702236718,0,0
VEN-02013,2,100.0,1,0,22.82662857690599,0,2
VEN-02014,2,99.8616748614319,0,0,23.06520930195509,0,0
VEN-02015,3,98.3767506255096,2,0,34.157757203727634,0,0
VEN-02016,4,98.11220459062712,1,0,18.43047045889529,1,0
VEN-02017,1,99.85247958899062,1,1,38.54340862781914,0,2
VEN-02018,2,98.2241950750348,3,0,18.946012363493143,2,3
VEN-02019,0,100.0,1,0,28.03784346696953,0,0
VEN-02020,2,99.60915441269894,1,0,25.47948538023089,0,1
VEN-02021,3,99.1283716188419,0,0,26.18503091800877,0,1
VEN-02022,0,100.0,1,0,18.43787909520057,0,1
VEN-02023,1,100.0,1,0,23.45773525375484,1,2
VEN-02024,2,99.72436710108512,1,0,25.414978399814867,0,0
VEN-02025,5,99.04984233278697,0,0,8.82555554332923,0,0
VEN-02026,1,99.73735231768435,3,2,11.24095974654987,0,1
VEN-02027,4,99.20577621483632,0,0,56.08177229631515,1,0
VEN-02028,2,99.79429542310366,1,0,24.58257902926823,0,0
VEN-02029,0,98.44893192025158,2,0,31.633481838777776,1,1
VEN-02030,2,99.42102955669628,2,0,16.915087641419092,0,0
VEN-02031,2,99.05563936817448,3,0,5.415248842537518,0,1
VEN-02032,5,99.76461934654766,1,0,16.25570612818892,0,1
VEN-02033,2,99.37396649948528,0,0,5.627958887034155,2,3
VEN-02034,1,98.28345722944717,0,0,31.099275823744364,0,0
VEN-02035,2,99.87739453276254,0,0,43.6969517804652,0,0
VEN-02036,2,99.78612618438144,1,1,96.85392209148536,0,2
VEN-02037,3,99.47098599573332,0,0,25.00175816803176,0,2
VEN-02038,2,99.57577452076166,3,1,13.969129825314608,0,4
VEN-02039,2,98.44455718034244,0,0,37.07697164727292,1,1
VEN-02040,1,100.0,0,0,35.281064026092544,1,0
VEN-02041,3,99.0997224341474,2,0,20.26725719194565,1,0
VEN-02042,4,98.84342804932538,1,0,7.0958970289293415,0,1
VEN-02043,4,99.15255908964484,3,0,22.07696354649432,0,1
VEN-02044,4,99.7809310178088,2,1,33.3614484064406,0,0
VEN-02045,4,98.83575516562966,1,1,11.76546375011563,2,0
VEN-02046,2,100.0,2,1,23.87843308897784,0,2
VEN-02047,1,100.0,1,0,54.26205373575547,0,1
VEN-02048,4,99.761926898465,2,0,32.90219086809864,0,0
VEN-02049,1,99.69375440294124,1,0,25.897569977498517,0,2
VEN-02050,0,99.77171128303004,1,1,2.476149853093552,0,1
VEN-02051,4,100.0,0,0,36.94017230866823,0,0
VEN-02052,1,100.0,0,0,24.72855499336077,0,0
VEN-02053,3,98.78038468745991,1,0,15.429972317134515,1,3
VEN-02054,3,100.0,0,0,37.90388403902313,0,0
VEN-02055,1,99.4994730825704,0,0,12.954925273000924,1,0
VEN-02056,2,99.50009654971326,1,0,31.62400906200501,0,2
VEN-02057,4,99.96911040190732,2,0,32.97958127181102,0,0
VEN-02058,1,98.61558908900965,3,0,47.3645077490429,2,0
VEN-02059,1,99.95596935220289,3,0,48.88841733970693,0,2
VEN-02060,6,99.66988368661826,1,1,13.865103832500797,0,0
VEN-02061,3,99.69264919891526,1,0,22.265594389883145,0,1
VEN-02062,3,99.00657276489272,1,0,19.75744987449394,0,1
VEN-02063,2,99.71261392572173,2,1,19.484211357492605,1,2
VEN-02064,2,100.0,2,0,22.82790255074741,0,2
VEN-02065,4,99.51138982677224,0,0,26.76158079743705,2,1
VEN-02066,2,99.5578669551477,3,0,24.813473159611704,1,0
VEN-02067,3,99.12048982099353,0,0,22.159597737044727,0,0
VEN-02068,1,99.65835515780904,0,0,30.296255939854102,0,1
VEN-02069,4,98.24786871789802,0,0,21.73181580938477,0,0
VEN-02070,1,99.45109864984704,3,0,18.016713916436235,1,0
VEN-02071,3,100.0,3,0,25.949154830605963,0,1
VEN-02072,0,100.0,0,0,26.95813526476818,1,0
VEN-02073,0,100.0,0,0,11.22690241897232,1,0
VEN-02074,1,100.0,2,1,32.85948594574714,0,0
VEN-02075,0,98.4501870787972,5,2,24.12215264929668,0,1
VEN-02076,1,99.5710098525866,2,1,9.51387975484596,1,2
VEN-02077,1,99.35113884544678,0,0,4.291162156080344,0,0
VEN-02078,2,99.73127308996462,1,0,4.0582443796996746,0,0
VEN-02079,5,100.0,2,1,31.385689818417603,2,0
VEN-02080,1,99.45314051308084,4,1,23.889018829622064,0,0
VEN-02081,1,99.584621495054,2,1,29.296337271142598,0,0
VEN-02082,5,99.08535743225032,3,0,16.82699364565109,1,4
VEN-02083,1,99.32807274817377,0,0,24.68038117684228,1,1
VEN-02084,3,99.33952842420727,3,0,25.70773443487213,0,1
VEN-02085,2,100.0,0,0,42.25839915945309,0,0
VEN-02086,1,99.13870696968635,1,0,28.926341658818803,0,2
VEN-02087,2,100.0,0,0,60.12504140306418,0,1
VEN-02088,0,99.23752805631086,0,0,19.193974934462855,0,1
VEN-02089,2,99.15551992321171,2,0,36.88264107646586,1,0
VEN-02090,1,99.93306094734832,0,0,16.554878267084142,1,1
VEN-02091,2,99.7241299038902,1,0,4.510107457867719,1,1
VEN-02092,1,99.78106418210336,2,1,12.452576728720237,0,2
VEN-02093,1,98.96375464526716,2,0,12.314440469560136,0,1
VEN-02094,3,97.88257765504268,2,1,2.499093603719531,1,2
VEN-02095,1,98.77608341717084,2,1,27.51218297161092,0,0
VEN-02096,3,99.22840596955363,3,0,16.947561853478476,0,1
VEN-02097,3,99.6847592498168,1,0,6.967219841180388,2,1
VEN-02098,1,98.99653859924229,2,0,9.53486634027384,0,0
VEN-02099,3,99.527050666351,1,0,19.20742854931536,2,0
VEN-02100,6,97.85783440799744,2,0,13.37662826447103,0,0
VEN-02101,1,100.0,1,0,41.9554110526023,1,1
VEN-02102,4,98.67496679187482,0,0,20.29572927155913,0,2
VEN-02103,2,99.49872262948156,1,0,33.619532181589136,0,0
VEN-02104,3,99.28402598550583,2,0,15.092147405263905,0,2
VEN-02105,2,98.83151546297016,1,0,27.532244463583137,0,0
VEN-02106,3,100.0,1,0,11.591674257126318,1,1
VEN-02107,4,99.86363595978358,2,0,12.581542071726965,0,1
VEN-02108,2,99.0459282462701,3,1,9.71842366438704,2,0
VEN-02109,1,100.0,2,0,31.627248054604216,1,2
VEN-02110,2,99.01706181290552,1,0,26.810565090707712,1,0
VEN-02111,1,100.0,1,0,24.535590907707785,0,0
VEN-02112,3,99.6097784462841,1,0,23.293774048730853,0,0
VEN-02113,1,99.76156724401156,0,0,28.80551409854538,1,1
VEN-02114,2,99.91745369735384,0,0,39.526995720478254,0,1
VEN-02115,2,98.03742093864392,2,1,5.929967497073917,2,1
VEN-02116,1,98.21503153514684,0,0,25.73123086881667,1,2
VEN-02117,1,99.71512412400006,1,0,25.196508039017584,1,1
VEN-02118,3,100.0,2,0,7.937697061688845,0,1
VEN-02119,3,100.0,2,0,3.142698576998105,0,2
VEN-02120,2,99.85930822108364,2,1,21.924981855967022,0,2
VEN-02121,2,100.0,1,0,23.64867009351987,2,1
VEN-02122,2,98.79823750872328,2,0,24.840340094963,1,0
VEN-02123,0,99.84921448507728,1,0,9.894804399567338,2,1
VEN-02124,2,99.11326580485084,1,0,10.740318691933878,0,1
VEN-02125,2,97.02210154356344,2,1,6.755655729372588,0,0
VEN-02126,2,97.7436245036308,1,0,22.493683456739472,2,0
VEN-02127,1,100.0,0,0,3.072447357950397,1,2
VEN-02128,1,100.0,3,0,30.27976582435732,1,1
VEN-02129,3,99.09932214706092,1,0,24.25860951887025,0,2
VEN-02130,4,98.4287876313469,3,0,13.777811926136664,0,2
VEN-02131,2,99.7548809164763,1,0,21.196871290562832,1,2
VEN-02132,3,100.0,0,0,22.430870219248398,0,2
VEN-02133,1,98.82510351075652,2,0,7.823518817625194,1,3
VEN-02134,2,99.20515364461744,2,1,24.14709616995389,0,1
VEN-02135,2,99.3870652298781,0,0,13.864974493408583,1,0
VEN-02136,2,99.33278603597527,1,0,16.993919181231465,1,2
VEN-02137,2,99.7227738399298,2,0,10.329885413698312,1,2
VEN-02138,2,99.74174454873962,0,0,30.55903708256693,1,1
VEN-02139,1,98.2335078393573,2,0,55.97583939334513,0,2
VEN-02140,4,100.0,1,0,13.336291353604212,0,2
VEN-02141,1,99.11972176554522,3,0,16.07656667050898,0,0
VEN-02142,2,98.9479523184442,1,0,19.79690357835775,0,2
VEN-02143,1,98.94951165729812,1,0,9.713308376847118,0,0
VEN-02144,2,99.55506779110787,3,2,23.943812813770087,0,2
VEN-02145,2,98.92894748360442,0,0,33.28434591506963,0,1
VEN-02146,1,98.77562754524465,1,0,24.530948436241605,0,1
VEN-02147,1,99.87560143046848,1,0,17.52240602462851,1,1
VEN-02148,5,98.45187422583388,4,2,5.758088231644488,1,0
VEN-02149,2,100.0,2,0,20.47188012596452,0,0
VEN-02150,4,100.0,4,0,25.871105385160018,0,1
VEN-02151,1,99.9366675895062,0,0,7.417693370876743,1,0
VEN-02152,1,100.0,1,0,27.64668432033829,2,2
VEN-02153,3,99.23792804424788,3,2,3.45389995958048,0,0
VEN-02154,3,100.0,2,0,12.427968036605684,0,0
VEN-02155,2,100.0,2,0,30.2296651410776,1,2
VEN-02156,3,99.15516745967228,1,1,16.68498595380356,0,0
VEN-02157,5,99.85270303475116,0,0,18.259438820589512,0,2
VEN-02158,2,99.32513494267504,1,0,16.52606820275225,1,3
VEN-02159,4,98.46827076695142,0,0,17.431442601283063,2,1
VEN-02160,2,99.8367560995056,1,0,32.238913581994126,1,4
VEN-02161,1,100.0,0,0,35.0531738914734,1,0
VEN-02162,4,100.0,2,0,21.487971561331463,0,1
VEN-02163,3,98.89731796477788,1,0,19.96696596690866,0,1
VEN-02164,3,100.0,0,0,32.39839089673926,1,1
VEN-02165,1,100.0,1,0,12.929624228726482,1,2
VEN-02166,1,99.93992168316272,0,0,12.834310256710095,1,2
VEN-02167,1,99.85354542519616,1,0,37.50374259664792,1,1
VEN-02168,3,98.22265645444423,1,0,14.60488279823541,0,3
VEN-02169,2,99.23210752260582,0,0,17.834863440021667,2,0
VEN-02170,3,99.3761635092234,0,0,33.64541013643362,1,1
VEN-02171,2,98.73410116477842,1,0,33.09264887167589,1,0
VEN-02172,0,99.95997803017704,2,0,9.770645758161832,0,1
VEN-02173,3,99.2029377598623,1,0,30.76347293884211,0,3
VEN-02174,4,99.53623793093531,2,1,3.6863614321868474,1,1
VEN-02175,2,100.0,1,0,17.97190551335256,1,0
VEN-02176,5,99.9633785901442,1,0,17.059663098420828,0,1
VEN-02177,1,98.77516795825366,0,0,9.147439221973388,1,1
VEN-02178,4,99.77421469086742,5,0,11.8427352009508,0,1
VEN-02179,4,99.95282461415069,0,0,1.593748697421166,0,1
VEN-02180,1,97.96504931994028,1,0,21.67829071372936,0,0
VEN-02181,0,99.60038077203204,2,1,24.027285186870188,2,2
VEN-02182,3,98.1895161321995,4,1,34.60097560699603,0,1
VEN-02183,2,99.41478808921104,0,0,16.99974555651203,0,0
VEN-02184,2,100.0,1,0,3.4401466335272803,1,2
VEN-02185,4,99.3839304662398,2,1,17.347670952990477,0,3
VEN-02186,1,100.0,0,0,23.903700488897197,0,2
VEN-02187,0,99.63716284469122,1,0,27.38564282421503,0,2
VEN-02188,3,100.0,0,0,30.09725745414216,1,1
VEN-02189,3,99.84870450587816,1,0,16.28184347593361,0,1
VEN-02190,3,99.37976051336108,0,0,20.91106572282462,1,1
VEN-02191,3,99.9712652811868,2,0,12.5984901888645,1,1
VEN-02192,0,100.0,0,0,23.06522015516335,0,1
VEN-02193,2,98.71189968884146,1,0,14.798051932721531,0,1
VEN-02194,4,98.81868917703162,0,0,13.330847459955988,0,2
VEN-02195,1,99.53128669336948,0,0,4.464586531090586,0,0
VEN-02196,0,99.8175901462136,0,0,21.00932981723732,1,2
VEN-02197,1,100.0,1,0,10.749775125362572,0,2
VEN-02198,1,99.06969464462227,2,0,23.92736844069072,1,0
VEN-02199,1,98.52245335702423,1,0,7.1902771150268165,0,1
VEN-02200,2,100.0,1,0,33.17479730592464,0,0
VEN-02201,2,99.20754367097616,0,0,11.875087422038352,0,0
VEN-02202,3,100.0,1,0,28.347209038105444,1,1
VEN-02203,2,100.0,0,0,25.35161603550653,0,1
VEN-02204,2,99.11496407421656,2,0,20.097447482633747,0,2
VEN-02205,4,98.68665586483176,3,0,8.11343075044798,1,0
VEN-02206,4,98.31173452472864,3,0,26.30924770285332,1,2
VEN-02207,3,100.0,1,0,41.47758888053704,0,0
VEN-02208,2,100.0,4,1,16.578845994767903,1,1
VEN-02209,3,99.688222736759,1,0,6.051710236242224,0,0
VEN-02210,3,100.0,1,0,17.202877263209203,0,0
VEN-02211,1,98.96704259344044,2,0,13.18764090069075,1,0
VEN-02212,5,98.94785352991236,2,0,26.52501333551097,0,2
VEN-02213,2,99.56713308920403,0,0,31.57114071538978,1,1
VEN-02214,2,99.75005631656552,2,0,11.315946704344611,1,1
VEN-02215,2,99.69153027210902,2,0,21.891575550237064,0,1
VEN-02216,1,98.95984719117688,1,0,8.188319150135055,0,4
VEN-02217,3,99.3049584168531,1,0,31.91499235513684,2,0
VEN-02218,2,98.53438085717988,1,0,20.318696158278765,0,1
VEN-02219,1,98.4500836136952,2,1,15.937439589148362,0,3
VEN-02220,4,99.03881308521356,1,1,35.33646865164474,0,1
VEN-02221,1,98.56991636032927,1,0,18.76173055956644,1,0
VEN-02222,0,99.6880821259585,0,0,32.25253980671953,0,1
VEN-02223,3,100.0,2,1,38.01505146053768,0,0
VEN-02224,0,99.32860963743992,2,0,12.142747515337785,0,2
VEN-02225,1,99.66690274315168,1,0,13.057368676975658,0,1
VEN-02226,1,99.76035627308048,1,0,19.319591800003742,0,2
VEN-02227,1,97.85853381141428,1,0,10.58830495305468,0,0
VEN-02228,2,98.36208882323776,0,0,16.73571123801745,0,0
VEN-02229,2,100.0,4,1,15.997222903253585,1,1
VEN-02230,2,99.27001388914108,2,1,43.30190029779261,1,1
VEN-02231,2,98.24806862132051,1,0,16.767793086777697,0,2
VEN-02232,3,99.7281594226326,2,0,16.11684390425236,1,0
VEN-02233,4,99.81266283788324,0,0,11.429672790325233,0,0
VEN-02234,3,100.0,0,0,6.698709384491627,1,2
VEN-02235,6,99.73109254892468,0,0,22.970177528168342,0,0
VEN-02236,8,99.96660413245212,0,0,9.56379551677554,0,1
VEN-02237,3,98.56848815226031,1,0,32.9009868980399,0,1
VEN-02238,1,99.0006377147627,1,0,16.401693265255144,1,2
VEN-02239,0,100.0,1,0,20.96595541784671,0,2
VEN-02240,2,99.5745676327961,2,0,5.518623744861401,0,1
VEN-02241,3,99.16539801139886,1,0,20.221482405412875,2,0
VEN-02242,1,100.0,1,0,5.705272648872207,2,2
VEN-02243,2,99.38090915514618,1,1,62.98649939019459,0,1
VEN-02244,4,100.0,2,0,11.140883191078744,0,2
VEN-02245,0,100.0,1,0,21.887594142196825,0,4
VEN-02246,3,99.38446700208787,1,0,38.47360946591502,0,0
VEN-02247,1,99.34734151785293,0,0,21.274191432937965,0,1
VEN-02248,1,100.0,1,0,7.457534899582498,1,4
VEN-02249,1,97.81626708508728,0,0,15.905942077019777,0,0
VEN-02250,4,99.09500779652434,3,0,55.821973574390206,1,0
VEN-02251,4,99.67982717542708,0,0,31.69715060600988,0,1
VEN-02252,0,99.69942639924804,0,0,5.909518312157727,0,1
VEN-02253,2,98.3820494156043,2,0,8.500351067677938,0,2
VEN-02254,4,98.74147027480952,1,0,6.695494845826934,0,1
VEN-02255,2,98.49829660560484,3,0,31.63472696575614,1,0
VEN-02256,4,100.0,2,0,15.425247905937574,0,0
VEN-02257,1,99.72309372046932,2,1,8.616171129842364,1,0
VEN-02258,2,98.72921700983903,4,2,22.006999240771076,1,0
VEN-02259,3,99.15284101683768,0,0,15.777877983023997,0,1
VEN-02260,3,99.11292139959257,0,0,4.830626480305721,1,1
VEN-02261,0,99.9299132009632,0,0,37.17435283407856,0,0
VEN-02262,3,98.70109989773044,1,0,14.935210170227224,0,1
VEN-02263,1,99.33418410921432,1,0,3.272139255178642,0,2
VEN-02264,1,98.57291082691202,3,1,6.275166846334804,0,0
VEN-02265,2,100.0,3,0,4.217344763530925,0,1
VEN-02266,4,98.86254815170916,0,0,38.11753459998098,0,1
VEN-02267,2,99.31087081117528,1,0,36.48349425086163,0,2
VEN-02268,1,99.12035102336546,2,0,18.35115677326033,0,0
VEN-02269,2,100.0,1,0,22.98486173377653,0,0
VEN-02270,2,98.95462976535156,3,0,14.408204502907855,0,3
VEN-02271,0,100.0,2,0,39.54247986238247,0,2
VEN-02272,0,99.70354286191122,1,0,5.0195071880204924,0,1
VEN-02273,1,99.95247630897724,1,0,21.11580923152521,1,1
VEN-02274,3,100.0,2,0,9.9939986918992,0,0
VEN-02275,1,99.922334218647,0,0,39.46872810404924,0,1
VEN-02276,1,99.32520746400544,2,1,28.008022531941823,1,1
VEN-02277,1,98.57645884582124,3,1,7.462950178612209,1,0
VEN-02278,2,98.90389029525092,0,0,21.44349182290955,0,0
VEN-02279,1,100.0,2,0,13.935062056747029,0,0
VEN-02280,3,99.93462592473178,2,1,14.12321075547984,0,1
VEN-02281,1,99.15972003607652,1,0,34.2439039392766,0,0
VEN-02282,1,98.89574277472768,1,0,10.758839775632982,1,1
VEN-02283,3,100.0,0,0,11.715201369171943,0,1
VEN-02284,2,99.7398050590452,2,1,27.39508979759832,1,0
VEN-02285,2,100.0,3,0,22.55107595613349,0,2
VEN-02286,2,99.2217638587741,0,0,0.8330489441948162,1,1
VEN-02287,3,99.25861580753032,2,1,17.55526411884087,0,1
VEN-02288,0,99.22599152828624,4,0,11.396869748014335,0,2
VEN-02289,2,99.7976766768894,0,0,37.85919010162885,1,0
VEN-02290,1,99.1606039181748,0,0,8.619785443912587,0,1
VEN-02291,2,98.5782553924882,5,1,16.260805462027115,1,1
VEN-02292,0,99.54565085229348,0,0,8.570201350030942,0,1
VEN-02293,0,98.50647043061312,0,0,41.18892795758271,0,2
VEN-02294,3,100.0,0,0,35.11137486165823,0,1
VEN-02295,4,98.6115720441147,3,0,7.59548066800792,0,3
VEN-02296,2,99.41701435406732,0,0,16.139051924465804,2,0
VEN-02297,2,99.50271652710197,1,0,14.35960162105037,0,0
VEN-02298,1,99.474163669691,4,1,10.59053403500551,0,1
VEN-02299,0,100.0,1,0,45.06104608624327,0,1
VEN-02300,3,100.0,1,0,20.119348261992982,0,0
VEN-02301,1,99.40523999113432,1,0,19.794135531446777,1,0
VEN-02302,0,100.0,0,0,42.0951970545397,0,3
VEN-02303,4,100.0,0,0,15.799390695256562,0,1
VEN-02304,2,100.0,0,0,19.333649477770624,0,1
VEN-02305,4,99.8888971792256,1,0,15.822410840310708,1,1
VEN-02306,3,99.16300231868446,4,2,11.974291844412564,0,2
VEN-02307,1,100.0,1,0,14.71693342866388,0,0
VEN-02308,3,99.40876211167432,4,0,7.298471102543494,2,1
VEN-02309,2,98.61339577070471,0,0,25.53384901960148,0,2
VEN-02310,2,99.32709717877488,2,0,16.63134374984961,0,0
VEN-02311,2,99.7807822388711,1,1,17.706992235780604,0,1
VEN-02312,2,100.0,1,0,7.969359152751041,0,2
VEN-02313,4,99.632959917451,1,1,9.353689782137485,2,2
VEN-02314,2,98.5825817711414,1,0,42.61380472446656,0,0
VEN-02315,0,99.10514980346233,1,0,17.62130426829902,0,0
VEN-02316,1,100.0,1,0,23.37257819823417,0,1
VEN-02317,4,97.96662781928718,1,0,10.015287722480926,2,0
VEN-02318,3,99.466392440892,2,1,23.09019113762449,1,0
VEN-02319,2,99.28518112627906,0,0,19.671281969268936,0,0
VEN-02320,1,98.98874780319294,2,0,16.348980179590033,1,1
VEN-02321,1,99.73433846068016,4,0,49.06007031823064,0,1
VEN-02322,1,99.78521851267952,0,0,30.96661299440237,1,0
VEN-02323,1,99.93302057890996,3,0,44.37958256900264,0,1
VEN-02324,2,99.10805172818692,1,0,29.682135969924747,0,2
VEN-02325,4,99.15882883471426,0,0,11.483175853688348,1,0
VEN-02326,5,99.14935795271298,0,0,24.79853699488534,0,0
VEN-02327,1,99.12973542381924,1,0,8.922704015470485,1,1
VEN-02328,2,98.675711101194,1,0,7.42074690102345,1,2
VEN-02329,2,99.23600772193556,1,0,21.782466778559385,1,2
VEN-02330,4,99.50251913555144,1,0,10.520075145805816,1,0
VEN-02331,1,98.59593968279871,0,0,13.649782350517857,0,0
VEN-02332,1,98.7805367867266,1,0,24.050213577914576,1,1
VEN-02333,2,99.27858777547851,0,0,26.0235376553457,0,1
VEN-02334,3,98.70391927549116,1,0,19.371538757775603,1,5
VEN-02335,2,100.0,1,1,13.003697687155,0,0
VEN-02336,2,99.08972055915302,1,0,9.47964898900996,0,1
VEN-02337,4,100.0,2,0,28.184969292793,0,4
VEN-02338,2,100.0,1,0,25.712713348320843,1,1
VEN-02339,0,100.0,2,0,11.819677395883744,2,0
VEN-02340,1,100.0,2,0,17.209940482729206,0,2
VEN-02341,1,99.19918081817995,1,0,15.848890243028368,2,1
VEN-02342,4,98.93685321739228,4,0,26.222436999790084,0,2
VEN-02343,3,99.92882706741514,2,0,19.203623148243956,1,0
VEN-02344,2,98.72306755975616,2,0,19.895659265126405,0,2
VEN-02345,4,99.17146536108244,2,0,11.103506840895513,0,0
VEN-02346,2,100.0,0,0,19.96947141152119,1,1
VEN-02347,5,99.05216448123905,0,0,4.892992901755317,0,2
VEN-02348,2,98.57264315658848,2,0,19.20389976126519,0,0
VEN-02349,2,99.01235126150436,0,0,4.553066983801638,1,0
VEN-02350,5,99.7250039701322,1,0,28.50397476552944,0,2
VEN-02351,4,100.0,0,0,27.84718135460083,0,0
VEN-02352,3,99.70475778876558,0,0,27.542465382228684,0,0
VEN-02353,1,99.22306643605016,1,1,31.241584983044003,0,0
VEN-02354,2,99.07267753377674,0,0,26.650403862301392,1,0
VEN-02355,3,99.5050888059064,2,1,13.8610770369956,0,1
VEN-02356,1,99.8148573566147,2,0,14.574596076088328,0,0
VEN-02357,2,99.14274669165832,4,0,15.85832091522847,1,0
VEN-02358,3,99.07991018194048,1,1,40.32425788708251,0,1
VEN-02359,3,98.2804750469223,3,0,42.33681554319399,1,3
VEN-02360,2,98.92216542799515,2,0,11.57714238639432,0,2
VEN-02361,2,98.21549932848777,2,0,8.28786643296566,0,1
VEN-02362,3,100.0,2,0,18.175469142281266,2,0
VEN-02363,2,98.67233532856004,3,0,20.18510263272172,1,2
VEN-02364,1,99.26123070402004,3,0,25.80397374215292,1,0
VEN-02365,4,100.0,1,0,14.65550732308139,2,1
VEN-02366,2,100.0,1,0,15.667898868232731,3,1
VEN-02367,5,99.07187557502432,0,0,17.785479979454905,1,0
VEN-02368,2,97.74021216996388,0,0,10.119441600390909,0,0
VEN-02369,5,99.44159121669654,0,0,13.759262040620234,0,0
VEN-02370,1,99.37798113276791,0,0,66.89801090602327,0,1
VEN-02371,1,99.39935725978432,1,0,19.451989727524342,0,2
VEN-02372,4,98.56989190359177,0,0,6.755702190476264,1,1
VEN-02373,1,99.01594248979612,0,0,14.07465243852158,0,2
VEN-02374,3,100.0,2,0,44.28352403111716,0,0
VEN-02375,1,100.0,1,1,32.019757174237704,0,0
VEN-02376,4,98.55175172245104,1,0,8.095160960648927,0,3
VEN-02377,0,98.69351748587896,1,0,27.295656774956385,0,0
VEN-02378,1,98.29902567922495,2,0,8.839323168683023,1,0
VEN-02379,0,98.67885041620292,1,0,25.72511842684714,1,1
VEN-02380,3,99.35391363517935,0,0,13.180033778159263,1,2
VEN-02381,0,98.85401653023968,0,0,8.936429058292505,0,2
VEN-02382,3,99.92636779978028,2,0,8.69392773917204,0,0
VEN-02383,4,100.0,0,0,25.80139756711741,1,0
VEN-02384,0,99.4309474255562,3,0,26.53739795344568,1,2
VEN-02385,1,99.18877093379368,1,0,4.54620750881926,0,3
VEN-02386,2,99.68752528568534,1,0,28.19612207184482,0,3
VEN-02387,1,98.62283014094776,1,1,61.94222497046327,1,0
VEN-02388,1,100.0,0,0,12.612656128085352,0,0
VEN-02389,2,100.0,2,0,12.070208379980304,0,1
VEN-02390,2,99.59067773377213,1,0,24.2301273205208,0,0
VEN-02391,0,100.0,1,0,9.709148278446506,0,1
VEN-02392,3,98.7329579306935,1,0,10.333285307422024,1,0
VEN-02393,1,100.0,1,0,15.4508146213194,0,2
VEN-02394,3,97.56290754743182,0,0,23.360948778093206,0,0
VEN-02395,4,99.4162883872002,0,0,19.735044906377784,0,1
VEN-02396,1,99.2870945702584,2,0,58.33463034816006,0,2
VEN-02397,1,99.7951893411849,0,0,17.438617663329286,0,0
VEN-02398,3,99.0071563320542,3,0,29.961752864985662,2,2
VEN-02399,1,98.95146293790395,0,0,6.1111829721375095,1,2
VEN-02400,1,99.76725294040064,1,0,16.722960329924934,1,1
VEN-02401,0,99.42143871047055,1,1,22.69033607472688,1,1
VEN-02402,2,98.86278507524123,0,0,16.958072967677317,2,1
VEN-02403,4,98.818584831933,0,0,29.12374473802905,0,1
VEN-02404,1,99.26675779111,2,0,25.909476393814337,0,1
VEN-02405,1,99.77009461185048,1,0,43.90540914359342,0,1
VEN-02406,3,100.0,1,0,55.577178385883336,0,1
VEN-02407,6,100.0,4,0,20.758393051984264,0,1
VEN-02408,4,98.4094346848916,1,1,21.984508349030595,0,0
VEN-02409,4,98.32398349263534,1,0,14.207496494814272,0,1
VEN-02410,1,99.66637566573284,3,2,24.11996882074624,0,0
VEN-02411,5,99.18110707151148,0,0,21.019416478101768,0,0
VEN-02412,1,100.0,2,0,19.32215453010372,1,2
VEN-02413,4,99.48150599342428,0,0,37.17098320411339,0,2
VEN-02414,5,99.47117371596352,0,0,11.74382695555592,1,3
VEN-02415,0,99.18597213790564,1,0,28.050041445352345,0,0
VEN-02416,2,99.77803765024116,1,0,7.835664256989886,0,0
VEN-02417,2,100.0,1,0,8.763032856694608,0,1
VEN-02418,2,97.97514435925186,2,0,39.94641242147711,1,2
VEN-02419,1,97.97057088721589,3,0,4.38159147843869,0,3
VEN-02420,4,100.0,1,0,7.537842022742939,1,2
VEN-02421,6,98.36204985203942,1,0,25.84702180012672,1,1
VEN-02422,1,98.79819884951826,3,0,17.386854299433672,0,1
VEN-02423,2,100.0,1,0,8.17376305818853,0,2
VEN-02424,1,99.72476904123128,1,0,38.21695534976145,0,0
VEN-02425,2,99.9869095159635,1,0,31.32238680997174,0,3
VEN-02426,0,98.15033979758252,2,0,31.575527816012062,0,2
VEN-02427,2,100.0,2,0,24.606762198590637,0,3
VEN-02428,2,99.9518287672632,1,0,14.203317482387972,0,1
VEN-02429,3,99.35635791481862,0,0,9.603173649052083,0,2
VEN-02430,3,99.27453572180814,1,0,32.17038251474146,3,0
VEN-02431,3,99.49690713150368,3,0,20.30394112052092,0,1
VEN-02432,2,98.74599371293752,0,0,8.244303978798516,0,3
VEN-02433,1,99.8457124298165,0,0,22.87954878044399,0,0
VEN-02434,0,100.0,0,0,22.526717859436665,0,0
VEN-02435,1,100.0,3,0,15.742677533398869,0,0
VEN-02436,0,100.0,0,0,12.182836539812625,1,0
VEN-02437,2,99.50241571075884,1,0,10.403317381202164,1,0
VEN-02438,2,100.0,0,0,3.0483502931268247,1,1
VEN-02439,2,100.0,1,0,19.136250883170263,0,0
VEN-02440,2,99.41524146371964,0,0,18.99840502000783,1,1
VEN-02441,1,98.91207330709696,1,0,17.368022714890863,1,0
VEN-02442,2,99.17676128149466,2,0,22.82397057075983,0,0
VEN-02443,4,99.90927574026304,3,0,9.753254029571297,0,0
VEN-02444,5,99.40344216964782,0,0,29.982637258436664,2,1
VEN-02445,1,99.48495251964108,1,0,5.471885313963079,0,0
VEN-02446,1,99.40416087606184,1,0,13.68423315872589,0,1
VEN-02447,1,98.76684265306618,2,0,13.229633566591774,1,1
VEN-02448,1,99.2773839463003,2,0,21.05666984572979,0,1
VEN-02449,0,100.0,2,0,16.547594344560107,1,1
VEN-02450,1,97.42657835233184,1,0,6.484929474301236,1,0
VEN-02451,0,98.66368424057534,5,0,20.92858608817929,1,2
VEN-02452,3,98.7362525067309,2,0,22.13943625888956,0,1
VEN-02453,1,98.8939168671334,0,0,40.74320857741871,0,2
VEN-02454,0,99.17181484288275,2,0,12.263626509100517,0,2
VEN-02455,1,99.28208192070063,2,1,55.91485199343306,1,0
VEN-02456,4,99.32761825402484,0,0,19.067215040417025,0,0
VEN-02457,3,98.96643066348828,0,0,1.7848177502439315,0,1
VEN-02458,3,99.59468460002424,4,0,10.222335163922986,0,2
VEN-02459,0,99.70342499547692,0,0,10.815174607250238,1,0
VEN-02460,3,98.62051235266182,0,0,24.085251554424097,1,0
VEN-02461,7,99.919445531837,1,0,10.185965711562352,0,2
VEN-02462,2,98.53879525995218,1,0,3.146190605197132,0,1
VEN-02463,0,100.0,3,0,55.04802763183951,0,1
VEN-02464,1,99.65485860977944,3,0,6.752065822356493,0,1
VEN-02465,4,100.0,1,0,37.21029410639573,0,2
VEN-02466,1,99.39961749765096,0,0,6.481520308190923,1,1
VEN-02467,1,99.64321485540904,2,0,11.128764855461052,1,1
VEN-02468,2,99.0266081959798,3,0,9.884346458695658,0,0
VEN-02469,1,100.0,1,0,28.33309723698115,0,0
VEN-02470,1,99.82535362590605,0,0,25.97704361648526,1,0
VEN-02471,1,100.0,1,0,11.773086020082086,1,0
VEN-02472,7,98.4089235545436,1,0,2.9978495077967,0,6
VEN-02473,1,99.44773803072124,1,0,7.178707314509233,0,0
VEN-02474,1,98.36586970277338,1,0,3.763184527932092,0,1
VEN-02475,2,99.84839527121396,0,0,12.766161427532149,1,1
VEN-02476,2,98.95507482870984,5,0,11.1827777454439,0,1
VEN-02477,2,99.06370908128363,1,1,45.94096603765152,1,3
VEN-02478,1,98.64498155880143,2,1,50.52090353574093,2,5
VEN-02479,3,99.460730633696,3,0,41.8457269368511,2,1
VEN-02480,4,100.0,0,0,6.008939748148469,1,0
VEN-02481,2,99.08052025996815,0,0,6.058749048628836,2,2
VEN-02482,3,99.6170286390676,1,0,39.13880992779836,0,2
VEN-02483,1,99.96896657543424,1,0,20.39905512402969,0,2
VEN-02484,0,98.51441045870548,2,0,12.315970344594104,0,1
VEN-02485,1,98.45920789719126,0,0,14.142748466402937,0,0
VEN-02486,2,99.6207639884854,1,0,68.64379951547822,0,0
VEN-02487,1,99.56847941540951,4,1,11.94650662054958,0,2
VEN-02488,2,99.6021665208012,1,0,29.429203102274503,0,0
VEN-02489,6,98.68619917206,0,0,7.229688054855561,1,2
VEN-02490,1,99.68897112947674,2,0,5.76226825441498,0,2
VEN-02491,4,100.0,2,0,21.478398074123987,1,0
VEN-02492,1,97.88726653006192,1,0,52.01981612936865,2,0
VEN-02493,0,99.53877284140506,2,1,29.54139220544074,2,1
VEN-02494,3,99.1033856455768,1,0,8.644133768705354,0,1
VEN-02495,0,99.3931058199764,0,0,36.684022037001725,0,1
VEN-02496,0,99.80615363725845,1,0,19.598107530863278,1,0
VEN-02497,3,98.74583524571766,1,1,12.634736837545988,2,0
VEN-02498,2,99.27379620270582,1,0,17.954117418187536,0,1
VEN-02499,2,98.3685578227632,1,0,10.47613944655438,0,0
VEN-02500,1,98.456691851191,1,0,27.14021074848929,1,2
VEN-02501,2,100.0,1,0,17.070970850737858,1,0
VEN-02502,1,99.512420412122,0,0,32.57797791187992,1,2
VEN-02503,2,98.19434120287352,2,0,17.225222325165827,0,2
VEN-02504,3,100.0,0,0,34.18432011276905,1,4
VEN-02505,3,97.28460366961582,1,0,8.132479180045603,0,3
VEN-02506,3,99.48622954380664,0,0,7.560769959672048,0,3
VEN-02507,1,98.09928941049364,2,1,31.43858616766216,1,0
VEN-02508,4,98.77595125466604,1,0,13.673585885167295,0,0
VEN-02509,4,99.10135637336153,0,0,45.08844045270955,0,0
VEN-02510,2,100.0,1,0,21.543766202649003,0,3
VEN-02511,2,99.45505431960976,2,1,37.006562466806166,1,1
VEN-02512,5,98.08732901168706,2,1,30.937195746913822,0,2
VEN-02513,1,99.4557585178461,1,0,10.101097259856113,0,3
VEN-02514,0,99.20665858601106,2,0,27.05175754972936,0,2
VEN-02515,0,99.37646911468148,0,0,26.20694376111948,2,0
VEN-02516,1,99.4974717007651,0,0,12.82948876425336,0,1
VEN-02517,0,98.96373412635796,1,0,25.693860382132712,0,0
VEN-02518,5,98.58052022350525,3,1,16.51596843981884,0,1
VEN-02519,7,99.2404543674904,2,0,33.658170237636945,0,0
VEN-02520,5,99.75830005093032,0,0,44.1262587864049,0,1
VEN-02521,3,99.54515390661652,3,0,10.650133388279782,1,0
VEN-02522,1,100.0,1,0,7.313725777312292,0,2
VEN-02523,3,99.99972941952672,1,0,3.884585860361484,1,2
VEN-02524,4,99.1790956183944,0,0,12.70611838822898,0,2
VEN-02525,3,99.63499640024628,0,0,18.70269413868261,0,1
VEN-02526,1,98.89147959854458,1,0,32.25510992019683,0,2
VEN-02527,2,100.0,0,0,5.991374999168004,1,0
VEN-02528,4,99.43552628096236,2,0,9.988159344548466,0,1
VEN-02529,1,98.97918599013902,2,0,15.540244316165833,0,1
VEN-02530,2,100.0,1,0,24.83803259931644,1,1
VEN-02531,2,100.0,3,2,12.336944007893027,0,1
VEN-02532,1,98.69192023089336,2,1,10.343207717762704,0,4
VEN-02533,1,100.0,1,0,42.11760494763625,0,1
VEN-02534,1,98.7934657040733,1,0,17.444704620794536,1,1
VEN-02535,0,98.69935681435942,2,0,38.30539529174377,1,1
VEN-02536,4,99.1304314020106,1,0,12.14798466799099,0,0
VEN-02537,3,98.54744985116012,0,0,14.181659010670284,1,1
VEN-02538,1,99.61373105022064,1,0,18.042034542410867,0,0
VEN-02539,1,98.76056099638232,1,0,8.470080084241719,2,0
VEN-02540,2,99.55299244373792,1,0,18.749340958441525,0,1
VEN-02541,1,99.86837014378554,1,0,25.946047841341784,0,1
VEN-02542,1,100.0,1,0,19.822197947208,0,0
VEN-02543,1,98.74138092753547,2,2,24.465266399547662,3,0
VEN-02544,4,100.0,0,0,23.885913425432637,0,0
VEN-02545,4,99.25527415313827,1,0,20.84725388836658,0,0
VEN-02546,1,99.15167124025098,0,0,7.9870474618313745,0,0
VEN-02547,2,100.0,0,0,9.527532268124023,0,1
VEN-02548,3,99.9021947237669,0,0,15.91407856521789,0,2
VEN-02549,2,100.0,0,0,15.738098226260258,1,5
VEN-02550,2,99.43897267120964,1,0,37.92031073397386,1,0
VEN-02551,1,99.754500903792,0,0,18.16069794043728,1,1
VEN-02552,4,98.43131422805084,2,0,16.312547685659904,0,1
VEN-02553,0,99.34458981202316,0,0,27.18094922058085,1,0
VEN-02554,2,99.1608216697444,1,1,14.345913797118266,0,1
VEN-02555,1,100.0,1,0,23.418230848450666,0,0
VEN-02556,0,99.01321048045028,2,0,2.753377748020446,1,3
VEN-02557,0,99.1101024414162,0,0,29.091880962709634,1,2
VEN-02558,1,100.0,1,0,5.855630037002211,0,1
VEN-02559,6,99.27017679739508,1,1,16.1322752038285,0,0
VEN-02560,0,99.16340848517304,2,1,14.748293663894945,0,1
VEN-02561,1,100.0,2,0,5.405382239100077,0,2
VEN-02562,2,98.83099248903778,2,0,34.09212142276391,0,2
VEN-02563,0,98.98154630515108,2,0,47.23860556070676,0,0
VEN-02564,0,99.35308106377512,3,0,32.99591210246123,2,0
VEN-02565,4,100.0,1,0,9.887939320145303,0,1
VEN-02566,1,99.61753259426328,2,0,29.34708886238064,1,3
VEN-02567,2,100.0,0,0,21.85304769970327,0,0
VEN-02568,3,98.71667108983986,1,0,5.815065770275172,2,2
VEN-02569,1,100.0,1,0,13.204887238811184,1,0
VEN-02570,1,99.19798493224316,2,0,21.54429191504789,0,1
VEN-02571,1,99.24662725964004,2,0,35.07132007668817,1,1
VEN-02572,4,99.43966517228002,1,0,18.54914240990768,1,0
VEN-02573,3,100.0,1,0,9.398001216608993,0,0
VEN-02574,3,98.7268495446137,2,1,10.263051345569016,0,0
VEN-02575,4,98.09717656852612,0,0,59.89464164299854,1,0
VEN-02576,4,99.12644409997574,0,0,33.37280942900431,0,3
VEN-02577,1,99.8113362289815,2,1,35.43987784925271,1,2
VEN-02578,2,99.50426503403573,2,1,8.357405130403691,0,3
VEN-02579,9,99.546628728483,0,0,11.078676370895993,1,0
VEN-02580,2,99.39251348734018,3,0,17.345999046451123,1,1
VEN-02581,0,100.0,1,0,6.469567299438978,1,1
VEN-02582,0,100.0,0,0,37.46348611837673,0,2
VEN-02583,2,100.0,1,1,20.737374319972837,1,2
VEN-02584,3,99.05020519907168,2,1,9.80677010925066,0,0
VEN-02585,2,98.13843947658118,2,0,18.825653657476902,0,1
VEN-02586,1,98.32665110690328,1,0,27.713362131900134,3,0
VEN-02587,6,98.59693083510668,1,0,34.38544505955476,0,2
VEN-02588,3,99.08072845648618,4,2,11.12108538056514,0,0
VEN-02589,1,98.83153174187386,2,0,7.635544010804814,1,2
VEN-02590,2,99.32883569791376,2,0,4.618454220375803,0,0
VEN-02591,4,100.0,0,0,6.447834158820399,1,0
VEN-02592,1,99.9938800037382,2,1,14.993868545637238,2,1
VEN-02593,2,98.59035986470144,1,0,17.648559859293165,0,2
VEN-02594,5,99.1299743442696,1,0,11.114445144059223,3,1
VEN-02595,2,97.21505897825251,3,0,8.783706738678328,1,0
VEN-02596,2,99.33716791339236,0,0,25.79003951889387,0,2
VEN-02597,3,99.11237114895856,0,0,30.577642535044266,0,0
VEN-02598,3,100.0,3,0,38.02021119245981,0,0
VEN-02599,3,100.0,1,0,32.683923726415614,1,0
VEN-02600,4,98.88672916565916,0,0,36.28546378684972,2,0
VEN-02601,4,99.53454269427128,1,0,21.66686605323609,1,1
VEN-02602,1,99.28523937230467,3,0,34.837060170505346,0,2
VEN-02603,1,100.0,3,1,18.568795558411917,0,0
VEN-02604,2,99.21750252237302,0,0,61.30937189219377,0,1
VEN-02605,1,99.67549373943946,1,0,16.718124916023996,0,0
VEN-02606,5,100.0,5,0,29.51640792013368,1,0
VEN-02607,1,99.84164990367638,1,0,15.144978015165496,0,0
VEN-02608,2,99.21064057952933,1,0,16.791866830987146,1,0
VEN-02609,2,98.98260482930864,0,0,33.087844921363065,0,0
VEN-02610,1,99.40168654626056,1,0,26.51821359045159,1,0
VEN-02611,1,99.71028913200344,1,0,15.917021865887174,1,1
VEN-02612,2,98.99824010561494,2,0,38.71676359103865,3,0
VEN-02613,0,99.9272720190838,1,1,11.14790577735632,2,0
VEN-02614,4,99.28631550534374,3,0,8.376478546155164,0,0
VEN-02615,3,100.0,0,0,12.143441058758036,0,1
VEN-02616,3,99.06480463445423,1,0,20.48807009081513,0,1
VEN-02617,0,100.0,1,0,17.352765620000532,0,1
VEN-02618,5,99.74918637000452,1,0,14.346436890477882,0,0
VEN-02619,0,100.0,1,0,16.212790372940997,1,1
VEN-02620,2,100.0,2,1,7.428323228264143,2,1
VEN-02621,2,100.0,0,0,30.66737453982411,2,0
VEN-02622,2,98.01914657776634,0,0,25.221563807450195,0,1
VEN-02623,3,98.02214973080078,0,0,24.87932607090459,0,2
VEN-02624,3,98.2256918368488,1,0,44.1739030801211,0,0
VEN-02625,1,99.6289509094219,0,0,14.111568398705163,0,1
VEN-02626,2,99.98487983931024,3,1,13.007779454491631,0,0
VEN-02627,2,98.94981760430944,2,0,16.596977797513734,0,1
VEN-02628,0,100.0,3,0,26.05992510099681,0,2
VEN-02629,2,99.56585718213712,3,0,3.905071238706172,0,0
VEN-02630,2,99.09455343863246,1,0,35.80325093374748,4,3
VEN-02631,1,100.0,1,0,6.714028562459091,0,1
VEN-02632,1,99.2006775431282,1,0,14.811812613130934,0,0
VEN-02633,2,100.0,0,0,7.947455048924069,1,1
VEN-02634,2,99.29862940570872,1,0,9.397319606091724,0,1
VEN-02635,2,100.0,1,0,8.608456596004467,3,1
VEN-02636,3,98.24105729219836,1,1,30.90460909873577,0,0
VEN-02637,4,99.33002992505716,0,0,9.16246517247239,1,1
VEN-02638,2,100.0,0,0,31.392593992386484,0,1
VEN-02639,4,98.99067453906711,0,0,14.85099577799331,1,0
VEN-02640,1,98.10959685662247,1,0,12.467830653568395,0,1
VEN-02641,1,99.63568766344052,4,0,37.02961237968476,0,1
VEN-02642,1,98.43198460682908,0,0,6.619774453905934,0,1
VEN-02643,2,99.0516717439982,0,0,21.70512089143352,0,2
VEN-02644,3,97.9282570470596,1,0,18.13770845646292,0,1
VEN-02645,5,98.46131214148043,0,0,23.33759740098424,1,0
VEN-02646,3,99.2152776429502,1,0,14.026970807539772,0,1
VEN-02647,2,99.33083960631986,0,0,16.090899986343317,0,1
VEN-02648,4,99.6161933092736,4,1,14.389219629587837,0,0
VEN-02649,0,99.83641456446269,1,0,18.40717483857327,0,1
VEN-02650,1,99.33198238249555,2,0,23.072768230315887,0,0
VEN-02651,1,99.49921087890522,0,0,18.40694921446396,0,2
VEN-02652,2,100.0,1,0,1.6091012538404563,2,1
VEN-02653,2,99.26447580516192,1,0,27.529555496653764,0,1
VEN-02654,5,99.26319249696978,1,1,19.950584589602315,1,0
VEN-02655,2,99.9047509093108,1,0,11.236170244542093,1,0
VEN-02656,2,98.9069872468208,1,0,41.44378400136833,2,1
VEN-02657,0,99.13014298687122,1,0,9.15982600541325,0,2
VEN-02658,1,99.29115945803154,0,0,13.430292096804964,0,2
VEN-02659,1,99.66303323206591,0,0,4.948288891574631,0,0
VEN-02660,5,99.5872213860444,2,0,16.77215127984004,1,3
VEN-02661,4,99.62694944048684,3,0,26.005159078988807,0,0
VEN-02662,2,98.56996549891348,1,0,18.574560034913294,0,0
VEN-02663,4,100.0,0,0,36.11708359735572,0,0
VEN-02664,2,98.41037700991777,1,0,35.81113660325824,2,2
VEN-02665,1,99.74646066347816,2,1,29.49430191140338,0,1
VEN-02666,0,100.0,0,0,14.650098747742206,0,1
VEN-02667,0,100.0,1,1,36.34160816904668,0,0
VEN-02668,3,99.40163200508177,3,0,9.556576059653956,1,1
VEN-02669,2,99.09908156730654,3,0,2.9397949062823514,0,2
VEN-02670,1,99.32001055000428,1,0,4.855189677895424,0,2
VEN-02671,2,99.89404265845688,2,0,16.329785342668963,1,1
VEN-02672,1,99.88468830806386,2,0,11.73043266881104,1,1
VEN-02673,3,98.99219325144324,2,1,7.2718788595908,0,1
VEN-02674,2,99.64009171420508,1,0,23.12902926409301,0,0
VEN-02675,4,99.5821575280905,4,0,27.976419190052862,0,0
VEN-02676,2,98.67731933230898,1,0,14.201278504042444,1,0
VEN-02677,2,100.0,2,0,19.784243219418133,2,1
VEN-02678,3,99.83779048593624,1,1,14.79421656531839,1,1
VEN-02679,4,98.9957058105053,0,0,9.538930991861362,0,0
VEN-02680,4,100.0,0,0,22.512965489510645,0,2
VEN-02681,2,98.40800122328568,1,0,10.0957211721261,0,1
VEN-02682,0,99.50812842756766,4,0,25.949506189597063,1,2
VEN-02683,2,99.71277292732584,1,0,14.122490811433172,1,0
VEN-02684,2,99.72420549237636,3,1,15.953449780028077,1,0
VEN-02685,1,99.38580050832248,0,0,16.908924794404204,1,1
VEN-02686,1,99.5567739265648,0,0,1.5438285822415228,0,0
VEN-02687,4,100.0,1,0,19.822728675508888,0,1
VEN-02688,1,98.55244653618914,1,0,13.783927914177571,0,0
VEN-02689,1,100.0,2,0,16.33902992486086,1,0
VEN-02690,2,98.46211659414344,4,0,27.48546462165491,1,0
VEN-02691,2,100.0,0,0,13.735552999777616,0,1
VEN-02692,3,99.46813310951408,1,0,27.11319709003616,0,2
VEN-02693,4,100.0,1,1,15.651750392703862,1,0
VEN-02694,3,99.5937633487237,0,0,13.253467182954498,1,1
VEN-02695,2,99.9375998841697,1,0,14.245848582112169,0,0
VEN-02696,1,100.0,0,0,20.95446220760041,0,0
VEN-02697,3,99.48582753381456,0,0,8.313552666363528,0,1
VEN-02698,1,100.0,0,0,8.110846789405556,0,1
VEN-02699,3,98.95822913850888,0,0,17.970078891956444,0,0
VEN-02700,6,97.73259068907088,1,0,18.87319097813988,0,0
VEN-02701,1,99.28188519767252,2,0,33.824826252272004,0,1
VEN-02702,2,99.6470501148828,1,0,21.040399296399958,0,1
VEN-02703,2,100.0,2,0,15.976174730479467,1,0
VEN-02704,2,99.14047873089508,1,0,24.40316144647136,1,0
VEN-02705,3,99.86458364937448,0,0,28.00818509388472,1,0
VEN-02706,0,99.68717219523282,2,0,18.756059705524013,0,0
VEN-02707,4,99.90121085450892,1,0,38.76518605498453,0,0
VEN-02708,0,98.37876631910136,5,1,17.552646128524856,1,0
VEN-02709,3,99.8284086642762,0,0,4.143542402569496,0,1
VEN-02710,0,98.62333351440712,3,0,15.991101979878472,1,1
VEN-02711,3,99.41212812119758,1,0,19.462008542474248,1,4
VEN-02712,1,99.54803748488936,4,0,19.286912217435813,0,0
VEN-02713,0,99.3327887366957,0,0,18.860215992787232,0,2
VEN-02714,0,99.72992735754823,1,0,24.52073313991362,0,0
VEN-02715,4,98.81091719382364,0,0,40.96656266898273,0,1
VEN-02716,2,100.0,3,0,46.80467267605661,0,0
VEN-02717,6,98.96558363625728,1,0,26.62254197006771,0,2
VEN-02718,1,100.0,0,0,28.051123333805407,1,0
VEN-02719,0,100.0,3,0,50.5079992147449,0,0
VEN-02720,1,100.0,0,0,23.67973454280227,0,0
VEN-02721,1,98.95172576367546,3,0,18.25279398897788,1,1
VEN-02722,2,99.91474787945992,1,0,11.213698061827245,0,3
VEN-02723,3,99.42963757595288,1,0,20.01516172538181,1,0
VEN-02724,1,99.03765754026968,3,1,14.333934239431338,0,4
VEN-02725,0,99.84188330921496,1,0,28.10393449037384,0,1
VEN-02726,1,98.43624829642346,3,1,32.57279448690043,0,3
VEN-02727,2,98.7592578725918,0,0,33.21213313227496,0,2
VEN-02728,2,97.88952121658508,0,0,51.933094776201024,1,1
VEN-02729,3,100.0,1,0,43.7838880795597,1,1
VEN-02730,1,98.7091492962582,1,1,15.048542774049588,0,1
VEN-02731,1,98.92824784442423,2,1,23.56123232702302,0,1
VEN-02732,7,100.0,0,0,44.38023395633094,1,0
VEN-02733,0,99.07308970338988,2,0,19.3190798421181,0,1
VEN-02734,2,98.41785276045884,0,0,8.689378117623805,0,1
VEN-02735,2,98.86052588137169,1,0,14.308368018744288,0,2
VEN-02736,2,100.0,0,0,13.155769142472698,1,0
VEN-02737,4,99.3468726924695,3,0,50.99776262409698,0,0
VEN-02738,4,99.55114533333932,0,0,55.057966978943774,1,0
VEN-02739,1,99.60896971549712,3,0,6.1325067796323225,1,2
VEN-02740,4,99.04294744043752,0,0,11.167789930357442,0,0
VEN-02741,2,99.42508790746513,0,0,5.38172621067424,0,2
VEN-02742,2,99.8621155062682,3,0,22.790094061422668,0,0
VEN-02743,2,98.28532925694904,3,0,6.424321319310338,0,0
VEN-02744,0,99.26032179587922,0,0,9.566566655411467,1,2
VEN-02745,1,98.56775398812786,0,0,29.568124771783733,0,3
VEN-02746,5,100.0,2,0,31.54901794126481,0,1
VEN-02747,2,99.5426418483598,0,0,25.4545825434488,1,1
VEN-02748,2,98.17865630763256,2,0,19.797324861024645,0,1
VEN-02749,6,98.99870699862424,0,0,38.5751218395858,0,1
VEN-02750,1,99.4966227017424,1,0,47.67319227471536,0,1
VEN-02751,4,98.83114205049962,2,0,8.74291340418455,0,1
VEN-02752,2,99.57066065365416,3,0,1.8031733055753776,0,1
VEN-02753,5,100.0,4,0,48.81911082092844,0,1
VEN-02754,4,99.66526789436747,0,0,26.274743475665694,1,0
VEN-02755,1,98.6794615858277,0,0,20.03373126118516,0,1
VEN-02756,2,98.66352753804948,3,0,85.71397609268315,1,0
VEN-02757,0,99.99307054463704,1,0,15.814031279282714,0,0
VEN-02758,2,99.30360480913386,2,0,48.4374088705992,0,0
VEN-02759,0,98.59468699391708,1,1,21.272797203002625,1,2
VEN-02760,6,99.2138380624466,2,0,26.583761019268355,1,1
VEN-02761,2,100.0,3,0,26.849813117360803,0,1
VEN-02762,2,100.0,1,0,7.685907530222432,0,1
VEN-02763,1,99.04547117621836,3,0,10.11859717613221,1,1
VEN-02764,0,98.86414030516409,2,2,16.29445095249899,0,1
VEN-02765,0,99.59200458859358,2,0,12.623915243741562,1,0
VEN-02766,2,98.98892507649671,2,0,4.848984992026225,0,0
VEN-02767,0,99.32475478711234,1,0,27.69647640294292,1,0
VEN-02768,2,99.96401936548666,2,0,23.716331504822364,0,2
VEN-02769,1,99.060331443911,2,0,39.67140591858511,0,2
VEN-02770,1,98.24717220427657,0,0,29.573220992436884,0,1
VEN-02771,1,99.36125390119096,0,0,36.06837963553157,0,3
VEN-02772,1,100.0,2,0,16.480026333041053,0,1
VEN-02773,1,99.31221943270802,1,0,17.2321011069338,1,0
VEN-02774,3,100.0,2,0,7.928182811751535,1,0
VEN-02775,2,99.40263005105372,1,0,14.109776850012253,2,0
VEN-02776,3,100.0,1,0,45.04729787788768,0,0
VEN-02777,0,99.6014575005933,3,1,24.670578522425007,0,0
VEN-02778,4,99.0664217941169,0,0,5.130161547351327,3,1
VEN-02779,0,100.0,0,0,5.689369003673362,0,0
VEN-02780,2,96.7516739551711,0,0,25.064297117559317,0,0
VEN-02781,1,100.0,0,0,16.632011632743218,1,2
VEN-02782,0,99.40249693230396,3,1,11.43739032251403,0,2
VEN-02783,5,99.65679805254616,1,0,36.20740333570627,1,0
VEN-02784,2,100.0,1,0,5.419678233122357,0,0
VEN-02785,0,98.5242532416725,1,1,10.808634754265794,0,1
VEN-02786,2,99.9339309509446,4,0,12.280472985051674,0,1
VEN-02787,2,100.0,2,0,24.53947245856727,0,0
VEN-02788,1,98.65647115037667,2,0,19.218630309202887,2,0
VEN-02789,4,98.21688944332897,1,0,28.311828510849544,0,3
VEN-02790,2,100.0,1,0,11.36459167699867,1,0
VEN-02791,2,99.57077036593132,3,0,35.22914311480887,0,1
VEN-02792,0,98.9282344536201,2,0,10.765553909010457,0,1
VEN-02793,8,100.0,1,0,21.616524007987294,0,0
VEN-02794,2,99.16529447552328,1,0,7.07102046172786,0,3
VEN-02795,3,99.58833413505428,3,0,19.14522880550532,1,2
VEN-02796,2,99.52847631016628,1,0,11.216506540089386,0,1
VEN-02797,4,99.74330939224882,2,0,8.907153847517419,0,0
VEN-02798,3,100.0,0,0,16.343135223835937,0,0
VEN-02799,1,99.69746059946696,2,0,38.977912281881245,0,2
VEN-02800,1,100.0,0,0,27.29932159421983,0,1
VEN-02801,2,99.25677717982796,0,0,23.7295660857538,0,0
VEN-02802,0,99.06758157259496,1,0,21.2006074820181,0,2
VEN-02803,2,100.0,0,0,16.98937435292052,1,0
VEN-02804,1,99.3516590871874,1,0,25.581413962553803,1,1
VEN-02805,3,99.53444208777988,2,1,58.75045730893351,0,0
VEN-02806,3,99.40553860842093,4,0,22.69332054386373,1,0
VEN-02807,0,99.347277089755,1,1,59.02757817427826,1,1
VEN-02808,0,100.0,1,0,24.763722942531384,1,0
VEN-02809,3,99.07731495183609,1,0,20.25776460070975,0,3
VEN-02810,0,100.0,1,0,18.820981654326992,0,0
VEN-02811,2,99.57306018215569,1,1,8.031226678127815,2,1
VEN-02812,3,100.0,0,0,17.662078294743036,1,0
VEN-02813,1,99.17546670817332,2,1,8.717313074771313,1,1
VEN-02814,5,99.61573834525224,0,0,9.687621524302472,1,2
VEN-02815,5,98.77962492330526,3,0,34.59288397752575,0,1
VEN-02816,3,99.48971266972184,1,0,9.612889813328112,0,1
VEN-02817,0,98.93856863484636,3,1,10.584335236611135,0,2
VEN-02818,0,99.11913965538724,2,1,18.42109388277604,1,1
VEN-02819,2,98.28675259628424,1,0,7.332303015051526,1,2
VEN-02820,3,100.0,0,0,15.754488364402803,0,0
VEN-02821,5,100.0,1,0,10.40826801908715,0,0
VEN-02822,1,99.45467653722876,0,0,17.593264704084383,0,2
VEN-02823,6,100.0,3,0,43.684669046056136,0,2
VEN-02824,2,98.17809120419952,1,0,12.821116517139972,0,1
VEN-02825,2,99.69892230143304,2,1,8.01695849294051,0,0
VEN-02826,0,98.95026108882573,4,1,12.0941643347799,0,0
VEN-02827,2,100.0,3,0,25.884303283259293,0,2
VEN-02828,1,100.0,0,0,12.391806857802992,0,2
VEN-02829,1,98.55834820935146,1,0,45.46387844605261,1,0
VEN-02830,4,98.69002729062868,0,0,45.32925123815057,1,1
VEN-02831,0,97.83168217482226,2,0,19.27454054663471,0,0
VEN-02832,2,98.17767651838363,0,0,11.117872799580482,0,3
VEN-02833,1,98.40780427740124,2,0,10.429423687783991,0,0
VEN-02834,2,97.87549138466528,2,0,13.205026177445166,1,2
VEN-02835,1,100.0,2,0,40.6688176860854,1,2
VEN-02836,3,99.90130031057276,1,0,28.85175637448132,1,2
VEN-02837,5,99.36426350605856,0,0,17.894676912494848,1,2
VEN-02838,1,99.37133595223207,2,1,27.77237339417526,0,0
VEN-02839,2,100.0,2,1,35.24378380854454,0,1
VEN-02840,1,98.87669852820092,0,0,20.83889002386288,2,2
VEN-02841,0,99.01848857856233,2,0,15.348658950337564,1,1
VEN-02842,0,100.0,1,0,45.127486936727074,1,0
VEN-02843,2,99.67427786713704,0,0,11.787487591653784,0,2
VEN-02844,3,100.0,0,0,18.447859376789868,0,0
VEN-02845,1,98.2563603856926,2,0,32.00423243913281,1,0
VEN-02846,3,98.84847915116698,2,0,9.035043185205389,0,2
VEN-02847,4,99.8011198103911,1,0,24.901166280153515,1,0
VEN-02848,2,99.10613584677652,1,1,38.34651160619976,0,0
VEN-02849,1,99.0514544192157,3,0,3.9509747834099063,0,1
VEN-02850,4,100.0,0,0,5.661327151426983,1,1
VEN-02851,2,99.83334783291296,0,0,14.618984287397316,0,1
VEN-02852,1,99.18230812263144,0,0,2.899248015143207,0,2
VEN-02853,1,98.90674585389142,0,0,16.53948819521269,0,1
VEN-02854,2,98.84517549436148,1,0,21.809103165137305,0,1
VEN-02855,1,99.74990728041904,0,0,14.428655538346964,1,1
VEN-02856,2,99.78389955557392,0,0,13.966121689307553,0,1
VEN-02857,3,99.31792158670817,2,1,7.529387053939073,0,1
VEN-02858,3,99.8472586579466,6,0,32.627161418038774,1,1
VEN-02859,5,100.0,2,0,3.092907681028869,0,1
VEN-02860,4,100.0,1,0,9.84163544875264,0,0
VEN-02861,2,98.74008559528028,0,0,15.491980231566858,0,0
VEN-02862,2,100.0,0,0,9.098414903995794,0,2
VEN-02863,1,98.09163381649536,3,0,14.35951928430276,0,2
VEN-02864,5,98.11969441050756,2,0,2.158649620436887,0,0
VEN-02865,3,99.76321042239412,1,0,21.755273329945844,1,1
VEN-02866,0,98.87941068759714,0,0,5.231909220278638,0,2
VEN-02867,2,99.826933196249,2,0,19.793822742163453,1,0
VEN-02868,2,99.3543550697522,1,0,48.698948091977776,1,1
VEN-02869,2,99.8443687179296,2,0,14.993761388169204,0,0
VEN-02870,2,99.93629551884652,1,1,13.658002246798564,0,0
VEN-02871,2,97.30410720679473,1,0,2.0538547887532017,0,0
VEN-02872,0,99.04367676313028,2,0,13.302154860600869,2,0
VEN-02873,1,100.0,1,0,40.30652282643406,0,3
VEN-02874,2,99.28325014983984,1,0,15.614004796020726,2,1
VEN-02875,3,100.0,0,0,10.801130071306885,0,0
VEN-02876,2,99.24211902238316,1,0,40.1054298859989,1,1
VEN-02877,2,98.06822866954268,0,0,11.550732999507536,1,1
VEN-02878,2,99.75304866982556,1,1,21.361675977392316,0,0
VEN-02879,1,99.1661213956651,1,0,28.81787120972967,1,1
VEN-02880,2,98.20427461966378,2,0,15.115565590741726,1,2
VEN-02881,0,100.0,2,1,56.5322923578936,1,0
VEN-02882,1,99.83299665030466,1,0,17.175356121581697,0,2
VEN-02883,3,98.66770091719717,0,0,4.63381336728197,1,1
VEN-02884,1,98.17799538784534,0,0,15.81002147741096,0,1
VEN-02885,5,100.0,0,0,8.178641095394289,0,0
VEN-02886,0,100.0,0,0,14.7665317830683,0,2
VEN-02887,2,99.27201099806152,1,0,36.699458920720765,1,2
VEN-02888,3,98.9785103177083,2,1,27.019237203970956,0,1
VEN-02889,1,99.21701418225264,1,0,25.70222625818258,0,0
VEN-02890,2,99.302756889508,1,0,33.123431728283336,1,2
VEN-02891,1,100.0,0,0,40.58281593694395,1,0
VEN-02892,1,100.0,0,0,17.397240814642828,0,0
VEN-02893,4,99.09324684001749,3,0,6.802069641304643,0,2
VEN-02894,0,97.82133571801424,2,0,26.708167786876828,2,0
VEN-02895,2,100.0,2,0,23.84013104497336,0,0
VEN-02896,2,98.35122733068492,4,0,22.551713006780982,1,2
VEN-02897,5,98.0198640819678,2,0,19.772714822705613,0,0
VEN-02898,0,99.63491015370414,0,0,12.405836496475278,1,1
VEN-02899,1,99.93772514236736,2,0,10.85247445546497,0,2
VEN-02900,6,99.81751060913795,0,0,23.37268670790354,0,2
VEN-02901,4,98.58616812351325,1,0,54.13050886269451,0,3
VEN-02902,1,100.0,4,1,36.54460833691086,0,1
VEN-02903,0,100.0,1,0,33.30110941166018,0,1
VEN-02904,2,98.9768666620177,2,1,7.064017124874222,0,0
VEN-02905,2,98.22575414680108,1,1,13.692927044227218,2,1
VEN-02906,2,99.03462115213615,1,1,56.997689318601005,1,0
VEN-02907,2,99.53087021213364,3,0,4.135013571927917,0,2
VEN-02908,3,99.40988634991696,0,0,16.607903452039295,0,2
VEN-02909,3,97.86061182572382,2,1,6.954751506892831,1,0
VEN-02910,3,97.65183493626276,2,0,11.658137866340995,0,1
VEN-02911,2,98.83803887612262,1,0,2.6080667689073307,0,1
VEN-02912,1,99.39899678847463,0,0,21.37144042381872,1,2
VEN-02913,2,100.0,2,1,19.353941429091407,0,2
VEN-02914,4,98.02552454404326,1,0,17.02204534694861,0,0
VEN-02915,0,98.1730200185263,1,1,10.932565156837278,0,1
VEN-02916,3,99.52913348214403,1,1,10.181773840200837,1,1
VEN-02917,2,100.0,2,0,13.96697529623791,0,0
VEN-02918,3,99.63489752674656,1,0,22.09139383365749,0,3
VEN-02919,3,98.5254164903315,2,0,40.25007986710635,0,1
VEN-02920,1,99.69664195491956,1,0,27.09649403628035,0,0
VEN-02921,5,99.150087895603,0,0,28.669392908976175,1,1
VEN-02922,2,100.0,1,0,31.122861153948637,0,2
VEN-02923,1,100.0,1,0,28.45311589870513,0,1
VEN-02924,1,98.66807905396914,2,0,14.001789822258315,1,2
VEN-02925,0,100.0,0,0,7.661857710885328,0,1
VEN-02926,2,99.01287237486784,2,0,16.802270412414806,1,3
VEN-02927,4,98.35062369546134,0,0,17.744174887359016,0,0
VEN-02928,3,99.15773721229314,0,0,21.21759938949069,0,1
VEN-02929,6,98.20647320571176,1,1,25.510089006740834,1,0
VEN-02930,3,99.9865440640026,1,0,15.119751490014233,1,0
VEN-02931,1,99.07939074059928,2,0,17.5437501211534,0,0
VEN-02932,4,100.0,0,0,22.74218145309149,1,3
VEN-02933,4,98.99792584408183,4,0,7.635812525796775,0,1
VEN-02934,1,98.72570923572688,1,0,17.018549815145615,0,1
VEN-02935,0,98.28683123332344,1,1,10.245457096238953,1,0
VEN-02936,6,100.0,1,0,15.913694722642688,1,1
VEN-02937,4,99.16720749888364,1,0,29.386904897651917,1,0
VEN-02938,2,99.78130106484272,0,0,54.379278975403786,1,0
VEN-02939,2,99.30860611084614,1,1,25.386195369878145,1,1
VEN-02940,3,99.49860579198308,1,0,16.524640719202527,0,1
VEN-02941,3,99.10593119614902,2,0,18.338194320180364,0,2
VEN-02942,2,99.51148998170834,3,1,26.00427654588572,0,0
VEN-02943,3,99.797985790778,2,0,38.330732763711296,0,1
VEN-02944,1,99.68326622308808,1,0,67.17861858534663,2,1
VEN-02945,5,100.0,0,0,30.431748613431417,0,0
VEN-02946,2,98.31609170560895,0,0,6.77412707146816,0,1
VEN-02947,1,100.0,0,0,28.11773345112576,0,0
VEN-02948,4,98.54236566010424,2,0,7.88037579214743,1,0
VEN-02949,3,99.569856987705,1,1,9.678050658399007,1,1
VEN-02950,1,99.39853313451704,0,0,27.755765737040097,0,1
VEN-02951,4,100.0,1,0,15.565456524250438,1,1
VEN-02952,1,99.5718212663385,2,0,10.738216564835293,0,1
VEN-02953,4,98.7920252906727,2,1,16.78341881449287,0,1
VEN-02954,2,100.0,1,0,18.823292624898976,0,1
VEN-02955,1,98.54243597180437,1,0,11.937943230579627,0,0
VEN-02956,3,100.0,1,0,12.70660280469577,0,1
VEN-02957,0,99.9102375721264,3,0,24.657766832635005,0,1
VEN-02958,1,99.31763322299297,2,0,12.67454819897461,0,1
VEN-02959,1,99.67792965331476,1,0,7.727959379655893,0,1
VEN-02960,5,99.50439156061287,0,0,20.64574326582963,0,2
VEN-02961,2,99.73550859099277,1,0,68.6112899783454,1,1
VEN-02962,3,98.96487860586684,1,0,35.582905738800214,0,1
VEN-02963,4,100.0,0,0,33.18902746793042,0,1
VEN-02964,2,100.0,0,0,30.434841156838303,0,0
VEN-02965,0,98.91624606867806,2,0,24.729561948538624,1,0
VEN-02966,4,100.0,1,0,10.15397803063628,0,1
VEN-02967,3,98.31400250743934,2,0,44.19919211444746,0,1
VEN-02968,4,99.7528928022227,0,0,22.322153320512253,0,1
VEN-02969,3,99.2254075086242,1,0,10.716540676283785,1,1
VEN-02970,1,99.8988346351332,3,0,26.09538530267384,2,0
VEN-02971,0,99.6862173457753,1,0,27.183300040576004,0,2
VEN-02972,0,99.85678490331718,1,0,8.223140956187159,1,0
VEN-02973,3,98.58412792410358,5,0,34.5419332566954,2,0
VEN-02974,1,99.95426432284783,0,0,4.59237075837049,1,0
VEN-02975,0,99.61798661271015,3,0,31.1448667260606,1,1
VEN-02976,5,100.0,0,0,7.098785058213259,0,0
VEN-02977,2,99.01935473482952,0,0,33.8806100181427,0,2
VEN-02978,1,98.85799112178664,2,0,3.5751728815264205,0,0
VEN-02979,2,99.94565074429828,2,0,24.00475376518835,0,1
VEN-02980,3,99.82271646398316,0,0,16.91625065737967,0,1
VEN-02981,2,98.56232225406616,0,0,10.185957157670988,0,0
VEN-02982,1,99.96085418747413,0,0,14.739689849923398,0,0
VEN-02983,4,98.8075694777627,0,0,19.601915087638577,0,0
VEN-02984,2,100.0,3,0,11.510979665940976,0,3
VEN-02985,2,98.6354954371297,0,0,8.44242819567314,1,1
VEN-02986,2,100.0,1,0,33.063123708252505,0,0
VEN-02987,2,99.65471919171578,2,0,8.184603044661198,0,3
VEN-02988,3,98.311618762368,1,0,15.75890427649631,1,0
VEN-02989,1,98.91494498637454,1,0,16.022143961516203,1,0
VEN-02990,0,99.3073262613114,0,0,14.375897344321825,1,2
VEN-02991,1,98.97620358125612,0,0,50.42238266194977,1,1
VEN-02992,2,99.49395822822731,1,1,29.01615024916833,0,0
VEN-02993,1,99.94748267206222,0,0,26.686638318649145,0,1
VEN-02994,1,98.9453372673343,3,0,34.607940605804814,0,3
VEN-02995,2,99.9564105492934,0,0,75.36861961705408,0,1
VEN-02996,2,100.0,1,1,20.11053158737893,0,2
VEN-02997,2,100.0,1,0,41.00841764897108,1,0
VEN-02998,4,98.60364972590092,1,1,2.4553494322988327,0,0
VEN-02999,0,99.72074755306966,1,0,51.96021859134898,2,1
VEN-03000,4,99.0295714489882,0,0,22.58837313400925,1,1
VEN-03001,2,99.13648490301053,1,0,13.89464515002169,1,0
VEN-03002,3,99.64788338068436,0,0,33.69127469554202,0,0
VEN-03003,4,99.64896008946748,2,0,12.913118884960994,0,1
VEN-03004,1,98.29370917994896,1,0,12.609666334199572,0,1
VEN-03005,0,99.19929076274794,2,1,20.382216682737084,0,0
VEN-03006,0,99.09069223888044,1,0,47.54986534107101,0,1
VEN-03007,1,99.56696697322968,2,0,27.45112180003241,1,0
VEN-03008,2,99.9623860266346,1,0,10.0832224489676,0,0
VEN-03009,3,99.78996494094277,1,1,27.579320428510695,0,2
VEN-03010,1,99.27741527092849,2,0,15.97985286082556,0,0
VEN-03011,1,98.70103859196,1,0,13.916791677441086,0,0
VEN-03012,3,99.6783354554483,2,0,7.408893809404923,0,1
VEN-03013,5,99.68941809791605,2,0,19.82704379467995,1,1
VEN-03014,2,99.12660228022644,0,0,19.927144137002635,0,0
VEN-03015,2,97.85773970975264,1,1,34.05741139385415,0,1
VEN-03016,1,99.20023485569985,0,0,21.90355979234874,0,1
VEN-03017,1,98.08311814268296,1,0,4.068301807108361,0,2
VEN-03018,0,98.53264405068953,3,0,24.73495130925379,0,1
VEN-03019,1,100.0,5,0,8.647065228615812,0,2
VEN-03020,2,98.92782830366444,2,0,8.348859248150735,0,1
VEN-03021,5,99.00395504819214,0,0,17.283539415830948,0,1
VEN-03022,2,99.01880654046036,1,0,9.52647640459885,1,0
VEN-03023,2,100.0,0,0,33.368270770003946,0,1
VEN-03024,1,99.6324592603145,2,0,16.66204412071688,0,2
VEN-03025,4,98.7793358690568,2,0,13.060893059752855,0,2
VEN-03026,2,99.83405771758804,2,1,27.49396800831881,1,0
VEN-03027,3,98.92027504132416,1,0,7.425174651077085,0,1
VEN-03028,5,100.0,3,1,25.82683888531313,1,0
VEN-03029,3,98.75324457172674,1,0,7.150389025373834,1,2
VEN-03030,2,100.0,2,0,12.565744264290654,1,1
VEN-03031,1,100.0,2,0,32.306114486641384,0,1
VEN-03032,0,99.36454392916156,3,1,39.27510505347011,1,2
VEN-03033,1,100.0,1,0,10.627670980431466,0,0
VEN-03034,3,99.61770032421788,0,0,49.03705184828775,0,0
VEN-03035,1,99.38353024220696,0,0,3.193930026420494,1,0
VEN-03036,3,99.18515938918524,5,1,7.044733781850844,0,0
VEN-03037,1,98.6984826489404,0,0,5.222952062006812,0,0
VEN-03038,0,99.45461025895192,0,0,38.743036266886826,1,1
VEN-03039,2,100.0,1,0,7.848891637908737,0,0
VEN-03040,4,100.0,1,0,18.516875771307618,0,1
VEN-03041,0,100.0,3,0,15.116134689539075,1,0
VEN-03042,2,99.58505335072748,0,0,7.9266794915223615,1,1
VEN-03043,0,99.27087979671543,3,0,15.990152211824093,0,0
VEN-03044,1,98.0396231952041,2,0,11.827760336725287,0,0
VEN-03045,4,99.65367253701942,4,1,16.054663168272857,0,2
VEN-03046,0,99.80378077347582,1,0,35.42114914968581,1,0
VEN-03047,0,99.1387728251689,2,0,13.402837171768264,0,2
VEN-03048,1,98.80467940819692,0,0,15.090256158171588,0,0
VEN-03049,5,98.72074205127716,2,0,28.53256546796857,0,0
VEN-03050,2,99.45511602915602,0,0,8.134952184139044,1,1
VEN-03051,1,99.65991003717808,0,0,23.36811407080267,1,1
VEN-03052,4,99.05365583380718,1,0,8.53372365169515,0,0
VEN-03053,3,99.83432391583932,2,0,26.114284293964232,0,0
VEN-03054,2,99.65825258930433,0,0,24.10420846598847,0,0
VEN-03055,2,99.71867065075595,1,0,22.58206145454804,2,2
VEN-03056,2,100.0,1,0,23.94395509969256,0,1
VEN-03057,3,99.60521299158344,1,0,10.576304430173128,1,1
VEN-03058,2,100.0,0,0,18.419733838713185,0,1
VEN-03059,3,99.50554382687577,0,0,9.451666556267382,0,2
VEN-03060,2,99.53401863980696,2,1,25.813712993009545,0,0
VEN-03061,4,98.6746800089058,1,0,24.219837153160427,1,2
VEN-03062,2,99.595551990392,2,0,16.312687521649117,1,1
VEN-03063,2,99.78227404275442,1,0,36.64223058866124,1,0
VEN-03064,3,98.81001383272424,2,0,15.03619222757916,0,0
VEN-03065,1,99.12017144507638,2,0,13.971742207390609,0,0
VEN-03066,4,99.6239040129816,1,1,34.059865492593005,0,0
VEN-03067,1,99.5542921381106,0,0,22.668076699992923,0,0
VEN-03068,3,99.43028361778372,3,0,22.78072949897758,1,1
VEN-03069,6,99.71790394257842,1,0,20.26438165691171,0,1
VEN-03070,0,100.0,0,0,35.17371975149339,2,0
VEN-03071,2,100.0,0,0,20.89983239145382,0,0
VEN-03072,5,97.6757472502702,1,0,28.39523566718761,0,0
VEN-03073,4,99.93532537075878,0,0,10.094511333426484,0,1
VEN-03074,2,99.65538706425444,1,0,26.121100391320727,0,0
VEN-03075,2,100.0,1,0,17.682134483197693,0,2
VEN-03076,1,97.58986260326284,0,0,21.728305069952285,1,2
VEN-03077,1,99.17494949642229,2,0,22.707584224879387,1,0
VEN-03078,2,98.32380308900404,1,0,16.83071546190031,0,0
VEN-03079,1,99.78718332167722,2,0,9.671321451731895,1,3
VEN-03080,1,99.79501612725342,1,0,29.02041537092085,0,0
VEN-03081,1,99.96620497525429,0,0,12.34322038900076,0,0
VEN-03082,3,98.57608202153936,2,0,33.53607272592549,1,1
VEN-03083,2,99.01280118503968,1,1,28.034522870431307,0,1
VEN-03084,3,99.17227085113512,1,1,25.84428219581128,0,1
VEN-03085,2,98.84105037825412,3,0,10.519299500646191,0,1
VEN-03086,1,99.27836356295283,4,0,14.922814754382024,0,0
VEN-03087,5,99.43846811649746,1,0,17.83556542211428,0,4
VEN-03088,3,99.39237040760445,1,0,2.4961844192124705,0,0
VEN-03089,3,98.70185483247408,3,0,23.75369903297984,0,1
VEN-03090,2,99.43646050141122,2,0,38.68526893571752,2,1
VEN-03091,1,100.0,0,0,10.308610963635662,1,0
VEN-03092,1,99.12769418744058,1,0,5.831611552496577,0,0
VEN-03093,0,100.0,1,0,53.74684004626271,0,1
VEN-03094,0,99.56699036669455,0,0,19.691958991580528,0,1
VEN-03095,3,98.85789060168445,0,0,3.201679954215187,0,3
VEN-03096,3,98.70973672559512,3,0,7.210575671920728,2,2
VEN-03097,1,99.61970572314873,0,0,28.48494420878969,0,0
VEN-03098,1,99.14055447499588,1,0,21.018570803072706,2,0
VEN-03099,3,99.2666387238866,1,0,24.20565831916295,0,0
VEN-03100,3,98.72686324476996,1,0,13.92023754448009,0,1
VEN-03101,1,98.7232640450524,1,0,23.59058123188578,1,0
VEN-03102,5,99.44376695444372,4,0,11.69927655231414,0,1
VEN-03103,1,98.19568751759142,1,0,14.423465147182965,0,1
VEN-03104,0,99.18977803976176,3,0,6.4611137772994125,0,2
VEN-03105,2,100.0,0,0,22.817287933693848,1,0
VEN-03106,4,100.0,2,0,36.40513973057647,2,1
VEN-03107,4,99.73827560177727,0,0,14.688296058583925,0,3
VEN-03108,0,100.0,1,0,9.379205752794654,0,0
VEN-03109,2,98.65065977652868,1,0,58.71772443581382,1,0
VEN-03110,1,98.12155879597678,1,0,16.27172232441467,0,0
VEN-03111,2,99.7683817363754,0,0,35.9007583506059,0,1
VEN-03112,1,98.82173515171604,0,0,10.344357194125507,0,2
VEN-03113,1,99.33123668287836,1,0,15.635347321368142,0,3
VEN-03114,3,99.13565454698892,0,0,29.463129290233947,0,3
VEN-03115,1,99.37715952927137,1,0,18.28634118524257,0,1
VEN-03116,0,97.68988416786638,0,0,26.026736594314134,0,2
VEN-03117,1,98.92379170301248,2,1,15.697791788091727,0,0
VEN-03118,5,98.55426965930896,1,1,11.408669569849074,1,1
VEN-03119,1,99.75561579029676,2,0,11.118585187241518,0,1
VEN-03120,1,99.77775180891147,2,0,8.19130843354464,0,0
VEN-03121,2,99.4354753113794,0,0,15.201785670176491,0,0
VEN-03122,1,100.0,1,0,10.89378340804,0,2
VEN-03123,5,99.74500107359768,1,0,53.89967487632033,0,2
VEN-03124,3,100.0,4,1,19.843819693251056,0,0
VEN-03125,2,99.33674306396152,0,0,34.0427725636328,1,0
VEN-03126,4,99.97647126956592,3,1,28.276056220774564,0,3
VEN-03127,3,99.69548487139268,1,0,7.868638725132386,0,1
VEN-03128,1,99.58171983753503,1,1,17.592984414054474,1,0
VEN-03129,0,99.94558311112095,1,0,35.53361541265687,0,1
VEN-03130,0,99.3107706028929,2,1,18.256160161548497,0,0
VEN-03131,1,100.0,1,0,20.9825550331214,0,2
VEN-03132,1,99.2011258308046,2,0,34.34763116265425,0,1
VEN-03133,4,100.0,1,0,37.64215627297634,0,1
VEN-03134,1,100.0,1,0,23.25218160741145,0,1
VEN-03135,4,98.4886829284634,0,0,11.475215882869092,0,0
VEN-03136,1,99.291691788815,1,0,46.33512506161505,0,1
VEN-03137,3,98.9615304984184,6,3,13.51335369675343,1,0
VEN-03138,1,99.4085447535915,2,0,18.526994562313167,1,2
VEN-03139,2,100.0,1,0,15.10349814419338,0,1
VEN-03140,1,99.00761491268968,1,0,30.434454638930163,0,2
VEN-03141,2,98.8305684976576,3,1,11.230730781944754,2,1
VEN-03142,1,99.09937342835288,1,0,24.49299928143941,0,0
VEN-03143,2,100.0,1,1,7.948180204214708,0,1
VEN-03144,4,100.0,1,0,24.39714309733277,1,1
VEN-03145,5,98.78707652514716,1,0,11.171125262957258,1,1
VEN-03146,3,99.43877628465071,2,0,41.24151350405335,1,1
VEN-03147,0,100.0,0,0,17.19414109586587,0,1
VEN-03148,3,99.05247710850038,2,0,46.94098992467117,0,0
VEN-03149,1,98.72390693327492,3,0,12.630295389153002,0,1
VEN-03150,3,99.720769640234,1,0,7.178480078820121,1,1
VEN-03151,2,97.96688004082114,3,1,28.779837203519936,0,1
VEN-03152,3,98.64826114832066,2,0,29.65382201784442,0,0
VEN-03153,4,100.0,2,0,19.607795885610827,0,1
VEN-03154,3,97.44356171890011,0,0,5.812529231912539,1,0
VEN-03155,1,100.0,1,0,7.934505652731842,0,0
VEN-03156,1,99.4591833566076,1,0,7.687800395219089,2,0
VEN-03157,2,99.47257383348408,0,0,32.50375351633911,0,2
VEN-03158,1,98.7021254208804,4,0,3.543281943242624,0,0
VEN-03159,3,98.65905488250895,0,0,24.44955248685695,1,0
VEN-03160,4,98.1247910619186,2,1,29.78018067208974,0,0
VEN-03161,1,99.5270998921714,1,0,19.72163937744658,0,0
VEN-03162,4,100.0,1,0,14.264788404129597,1,2
VEN-03163,3,99.64162729520427,2,1,28.92548477459185,0,3
VEN-03164,3,98.88830785605768,1,0,17.785151939637654,1,1
VEN-03165,0,98.99490059084576,3,1,23.197074417738552,2,0
VEN-03166,0,100.0,1,0,9.742980917941685,0,1
VEN-03167,1,100.0,1,0,8.107552827857393,0,0
VEN-03168,3,98.43734301622456,1,0,7.487131613353467,0,0
VEN-03169,0,98.8735705104132,0,0,52.39829586520707,1,1
VEN-03170,2,100.0,1,0,38.712240788578725,3,3
VEN-03171,2,99.00952231112936,2,2,17.62531047454408,0,1
VEN-03172,1,97.54113258752136,0,0,14.82436570405251,0,0
VEN-03173,1,99.1755996249728,1,0,16.744934720951537,1,0
VEN-03174,1,99.41144732657573,0,0,11.315531763518162,0,0
VEN-03175,2,98.70286470576887,1,0,5.916911318102804,1,1
VEN-03176,1,99.666496588254,1,0,11.100531808918577,0,0
VEN-03177,2,100.0,3,1,14.695170218040753,0,1
VEN-03178,0,98.95994870088506,2,0,31.926386754737884,0,0
VEN-03179,5,99.26817852818002,1,0,8.844420067752921,2,1
VEN-03180,3,99.27413821781712,0,0,40.0353505422335,0,1
VEN-03181,4,98.73443379339452,0,0,27.39438550603176,1,2
VEN-03182,3,98.74054981252628,1,0,9.483285858430635,2,0
VEN-03183,2,100.0,1,0,17.304203534028023,0,0
VEN-03184,1,99.05740988185298,1,0,6.869863209188621,0,1
VEN-03185,3,98.75215555691074,1,0,18.87538560400831,1,0
VEN-03186,1,99.85682717149972,1,0,23.075676381997635,0,2
VEN-03187,3,100.0,1,0,14.78604847737702,0,0
VEN-03188,1,98.88806373169004,2,0,37.25677432966677,0,2
VEN-03189,2,100.0,2,0,14.356540719493497,1,2
VEN-03190,1,99.38402697590644,1,0,17.861358804379844,0,0
VEN-03191,2,100.0,4,2,11.84875783982407,0,0
VEN-03192,4,100.0,0,0,12.520433587246703,0,2
VEN-03193,1,99.1057175079236,2,0,43.41337687677069,0,0
VEN-03194,2,98.56102092710223,1,0,6.9334588079410295,1,0
VEN-03195,1,99.05626364818816,0,0,10.20360374062437,0,1
VEN-03196,3,98.44776072613872,2,1,25.10802478042389,1,1
VEN-03197,4,100.0,0,0,5.499993880608792,0,0
VEN-03198,6,99.73666694773328,2,0,3.529645130968932,0,1
VEN-03199,1,98.51132288098972,4,1,26.02692460386426,0,1
VEN-03200,2,99.75532946067156,0,0,20.16079495837544,0,1
VEN-03201,3,98.19818073069808,1,0,19.779842006357484,0,1
VEN-03202,1,98.76552144899782,1,0,8.247832468835746,2,0
VEN-03203,3,99.79219285020852,3,0,16.730021262414308,0,0
VEN-03204,1,99.20519252695264,1,0,13.467591882030309,1,1
VEN-03205,2,99.81604778095452,1,0,10.67469411385998,0,1
VEN-03206,2,97.79107164955155,0,0,22.77003820350991,1,1
VEN-03207,6,100.0,0,0,33.15800854539042,1,1
VEN-03208,4,99.1563805528996,3,2,19.71372792109474,0,0
VEN-03209,2,98.90788077339072,2,0,28.263012757174145,1,0
VEN-03210,3,99.95991343404654,1,1,13.606968902315636,0,0
VEN-03211,2,98.15075039898188,1,0,31.7169530164076,0,1
VEN-03212,2,98.28759733686336,3,0,38.82527641863729,0,0
VEN-03213,3,100.0,2,1,7.468369474751191,0,0
VEN-03214,0,100.0,3,0,17.231776712015535,1,0
VEN-03215,3,99.61153368217032,1,0,7.318221238961018,0,2
VEN-03216,2,99.82249385706658,2,0,41.95364722201509,0,2
VEN-03217,4,98.47568214752675,2,1,17.54475288905929,0,2
VEN-03218,1,98.0216502329379,0,0,23.34489499868538,1,0
VEN-03219,5,99.52569525533612,1,0,9.800513022879748,0,3
VEN-03220,1,100.0,1,0,5.624348265216636,2,0
VEN-03221,4,99.05383400590638,2,0,16.072890873415624,0,2
VEN-03222,0,99.29201105998077,2,0,21.387007807948468,0,0
VEN-03223,4,100.0,0,0,19.02322345660692,2,1
VEN-03224,0,99.93997914171386,1,0,54.31393953108886,0,1
VEN-03225,6,99.06949004286308,2,0,26.02246968996233,0,1
VEN-03226,0,100.0,0,0,5.41992102981562,0,0
VEN-03227,1,98.681254980073,3,1,24.787668691893384,1,0
VEN-03228,2,99.87331692408924,0,0,35.72557784856624,0,0
VEN-03229,4,98.91312128449772,1,0,18.514877244720477,0,0
VEN-03230,3,99.31711195162292,0,0,25.52722627052836,0,0
VEN-03231,3,98.9500628408421,1,0,25.53269737812565,0,2
VEN-03232,2,100.0,0,0,14.295220964855456,0,1
VEN-03233,1,99.4419638721596,1,0,17.19424019815549,0,1
VEN-03234,1,98.58931017018,1,0,31.92568111640393,0,0
VEN-03235,2,98.13610234464004,0,0,19.508499851998447,0,0
VEN-03236,4,97.8862040539662,0,0,20.200912000337457,1,0
VEN-03237,2,99.26049313477635,4,1,18.129125961085272,1,2
VEN-03238,5,99.43466728735967,2,2,41.25603224381214,0,1
VEN-03239,4,99.04348098184968,1,0,21.46509648461532,1,0
VEN-03240,1,100.0,2,0,16.345458155498903,0,0
VEN-03241,2,98.39578508352086,3,0,37.14828354457909,0,4
VEN-03242,1,99.270352758136,0,0,11.8126199949992,0,0
VEN-03243,3,100.0,1,0,12.17293621918951,0,1
VEN-03244,0,97.59980881741949,2,0,20.00254799180859,0,2
VEN-03245,2,98.66993096579934,1,0,17.40837342474884,0,0
VEN-03246,0,98.13882571025044,1,0,41.80596125496165,1,0
VEN-03247,5,100.0,0,0,19.355849766873416,0,3
VEN-03248,3,98.6795330666544,0,0,28.14295846514704,0,1
VEN-03249,1,100.0,1,0,7.409944163761035,0,1
VEN-03250,3,98.87704935928907,0,0,14.617882410460757,1,1
VEN-03251,2,99.7099095462218,1,1,15.149217763267874,3,2
VEN-03252,3,100.0,3,0,19.7525457388284,0,0
VEN-03253,1,99.33034584348955,0,0,13.952158631416708,0,0
VEN-03254,2,99.21993902627383,0,0,13.88605687462702,2,1
VEN-03255,2,100.0,0,0,13.027545478791849,0,1
VEN-03256,2,98.78137734698146,0,0,14.368774772083544,1,1
VEN-03257,2,99.52003747081478,0,0,15.883870925664612,1,2
VEN-03258,2,100.0,0,0,21.181619553815533,0,0
VEN-03259,4,99.2116566295204,1,1,6.821754326991439,0,0
VEN-03260,4,99.1506310969532,1,0,12.937950255533314,0,1
VEN-03261,0,99.05472825910344,1,0,20.56912230684912,1,0
VEN-03262,2,99.1332172512316,3,1,13.357213135646044,0,0
VEN-03263,2,98.83117443936744,0,0,7.023183073818396,1,4
VEN-03264,1,100.0,1,0,11.325848336398955,2,2
VEN-03265,2,99.56855600287442,2,1,35.427664082419966,0,1
VEN-03266,2,99.07692011196256,0,0,55.87044303107034,1,4
VEN-03267,1,99.1133074213962,0,0,16.267154257004613,0,0
VEN-03268,1,98.5330727371752,3,1,4.748140154459717,0,2
VEN-03269,1,98.96253500500492,3,0,7.441153685278748,1,1
VEN-03270,0,98.57366060799114,1,0,23.378158690420143,0,1
VEN-03271,3,99.1626537856576,1,0,23.877803268010663,0,0
VEN-03272,2,98.68924850367,1,0,13.615576235014082,0,4
VEN-03273,1,98.43003641919712,1,0,24.90232470639735,0,0
VEN-03274,2,98.50067735475228,0,0,43.95617222042852,0,0
VEN-03275,5,99.618103785505,1,0,35.064625606569635,1,1
VEN-03276,0,99.031591394321,0,0,27.28373510226958,0,1
VEN-03277,3,98.96648284571503,2,0,17.346497428678095,0,0
VEN-03278,2,99.4156460472322,1,0,30.054660963849752,0,1
VEN-03279,1,98.3321268647607,1,0,15.730655163558044,0,2
VEN-03280,0,99.3170208607086,2,0,27.32440367640705,0,0
VEN-03281,0,97.91459571394596,0,0,20.34914975922917,0,0
VEN-03282,2,100.0,1,0,43.09194397161766,2,0
VEN-03283,4,100.0,0,0,18.799624931561773,1,4
VEN-03284,4,100.0,0,0,30.493730201817,0,1
VEN-03285,1,100.0,2,0,5.851177579185236,0,2
VEN-03286,1,99.2709160065168,0,0,22.21204737004161,0,1
VEN-03287,3,99.2583491642576,1,0,49.57361997391006,0,1
VEN-03288,2,99.29779958609411,0,0,30.87376543128403,0,0
VEN-03289,1,100.0,0,0,7.765585045289298,0,0
VEN-03290,1,97.845905709872,2,0,35.14475976108637,1,2
VEN-03291,0,99.59357934813995,0,0,17.980003333581973,0,1
VEN-03292,2,100.0,2,0,60.441014692593406,0,1
VEN-03293,2,99.58207208182198,1,0,27.27963649594586,0,2
VEN-03294,2,99.12945812380252,0,0,25.217130709610185,0,1
VEN-03295,1,100.0,1,0,3.1670743782737696,0,0
VEN-03296,0,98.24944437204124,0,0,13.311215757862565,0,1
VEN-03297,0,100.0,0,0,13.787051420434624,0,0
VEN-03298,4,99.28622525851532,1,0,13.60197836035992,0,1
VEN-03299,3,99.67433002121136,1,0,15.860751659958456,0,2
VEN-03300,1,100.0,2,1,12.420397639314531,0,2
VEN-03301,1,98.18168181663366,2,0,7.238143337317383,1,0
VEN-03302,1,99.88454417313729,1,0,40.34441075718047,2,1
VEN-03303,3,97.9089106209368,1,0,22.01864160163377,0,1
VEN-03304,1,98.57567522223157,0,0,17.424224524127375,0,0
VEN-03305,4,100.0,0,0,19.08964276343585,0,3
VEN-03306,0,98.58777248496622,2,1,13.399251727736573,0,1
VEN-03307,3,100.0,2,1,25.42788463949311,0,1
VEN-03308,2,98.632779107962,2,0,16.68422762200954,3,0
VEN-03309,3,99.2162619442014,2,0,9.309377881306125,0,1
VEN-03310,3,99.07359641546364,1,0,58.29645468892025,0,1
VEN-03311,3,100.0,2,0,23.82688646245188,0,1
VEN-03312,3,99.70508100218548,1,0,7.995712800183933,0,2
VEN-03313,3,99.94093590658696,3,1,25.067000889656757,1,1
VEN-03314,5,99.447247442992,2,0,43.38514202955263,0,1
VEN-03315,4,99.2865930312697,1,0,21.743492294116425,1,1
VEN-03316,2,100.0,1,0,15.699846859179155,0,1
VEN-03317,1,98.71472261580304,0,0,18.199884868419225,0,1
VEN-03318,5,100.0,1,0,14.121868353519774,0,2
VEN-03319,1,100.0,2,0,33.74400642386697,0,1
VEN-03320,3,100.0,1,0,34.00235418226617,0,1
VEN-03321,3,98.58884384100088,0,0,72.41835387507855,0,2
VEN-03322,1,98.61827580824496,1,0,19.5236513681932,0,1
VEN-03323,3,100.0,2,0,36.89293409433725,2,0
VEN-03324,2,98.42134071929608,0,0,10.010192201648222,0,0
VEN-03325,3,98.30077296124573,1,1,11.125572910301978,1,2
VEN-03326,1,99.80667158856988,2,0,19.895546858719257,0,1
VEN-03327,3,99.25670194890128,0,0,7.869544626785756,0,1
VEN-03328,2,100.0,2,0,18.433790208903226,1,0
VEN-03329,2,99.17284407140475,0,0,19.03562766798787,1,2
VEN-03330,3,99.7942834587962,0,0,24.43608138066416,1,3
VEN-03331,2,100.0,2,0,36.35651166194219,0,2
VEN-03332,3,100.0,1,0,23.92579108762209,1,0
VEN-03333,2,98.73326533655838,1,0,15.292035341966674,0,0
VEN-03334,1,99.61970932993432,2,0,49.22408494021123,0,1
VEN-03335,5,100.0,1,0,13.18275895485462,1,4
VEN-03336,1,100.0,3,0,7.084647352370523,1,0
VEN-03337,4,100.0,2,0,17.52410431266844,0,0
VEN-03338,1,98.84495653501052,1,0,18.446435511382543,0,1
VEN-03339,1,97.69010819474362,3,0,33.88350965942341,0,2
VEN-03340,1,99.03139669670544,2,1,36.50289554450494,0,2
VEN-03341,1,99.08274868350546,3,0,35.59643170429612,0,3
VEN-03342,1,98.525891924715,1,0,37.48275191411135,1,0
VEN-03343,1,98.37951064686972,0,0,19.263303376294928,0,3
VEN-03344,0,100.0,2,0,15.101428366069248,1,1
VEN-03345,4,100.0,1,1,19.12139339538844,2,2
VEN-03346,2,99.67236573979908,3,0,44.26336552754656,1,0
VEN-03347,1,99.60566073834488,3,0,29.05443004348292,0,2
VEN-03348,1,97.89109910908162,0,0,15.348872019287004,1,1
VEN-03349,3,99.01567128489336,3,0,20.206900464824542,1,0
VEN-03350,2,99.43500193267964,4,0,5.540768826110431,0,0
VEN-03351,2,100.0,1,0,53.13663094319835,0,0
VEN-03352,2,99.73535517236,1,0,27.32885951440716,0,3
VEN-03353,1,98.95662129594264,2,1,43.421922867971695,0,2
VEN-03354,2,100.0,5,0,19.041626265606077,2,0
VEN-03355,1,100.0,4,1,15.20079328162851,1,1
VEN-03356,0,99.34837122262014,1,0,16.48909038264658,0,0
VEN-03357,0,99.248169194747,2,0,20.715008769830305,0,2
VEN-03358,0,99.84932965025308,0,0,14.000369599828488,0,1
VEN-03359,2,99.25303026737733,0,0,15.286651358405376,0,1
VEN-03360,4,99.9293284229957,0,0,23.780687615399824,0,1
VEN-03361,1,98.9326350620988,0,0,20.55849786424264,0,0
VEN-03362,0,98.86074951253852,2,0,14.825051560062018,0,0
VEN-03363,1,99.1155961397815,3,1,10.35125729552889,0,1
VEN-03364,2,99.9074793617262,1,0,12.24718965569132,1,0
VEN-03365,3,98.99129595160558,3,0,13.805110663663555,0,0
VEN-03366,1,99.69051487571232,3,0,31.028003132363597,1,0
VEN-03367,2,98.86692491149948,0,0,36.51349654414091,0,0
VEN-03368,0,98.22205180944032,0,0,16.312474208821158,0,1
VEN-03369,4,99.84295794253238,3,1,8.891385137332984,0,2
VEN-03370,2,99.32879856326284,2,1,10.222845042563366,1,0
VEN-03371,6,100.0,1,0,19.981814539950665,0,0
VEN-03372,3,98.97838992009672,0,0,23.3658172410019,1,1
VEN-03373,3,100.0,2,1,8.378426282194647,0,2
VEN-03374,1,98.52454050419492,3,0,20.8326563226632,0,2
VEN-03375,4,98.39199726370607,1,0,23.633242463839583,0,0
VEN-03376,1,99.30189474096234,2,1,35.48800096090389,1,1
VEN-03377,0,98.96031924579948,1,0,14.04236064221042,1,1
VEN-03378,0,100.0,3,0,10.665112973058312,0,2
VEN-03379,3,98.54695933088846,1,0,10.0709801098807,1,1
VEN-03380,1,99.53983928696589,1,0,7.83982031107544,0,2
VEN-03381,3,99.03640387601124,2,1,20.06429108535161,0,2
VEN-03382,1,100.0,0,0,7.105209645882708,1,1
VEN-03383,1,98.8841956913979,3,0,13.94400991173959,0,1
VEN-03384,0,98.74111865024796,1,0,9.59705556018022,1,1
VEN-03385,3,98.050003030648,0,0,26.18840030369779,1,1
VEN-03386,0,100.0,1,0,49.42404507105697,0,1
VEN-03387,1,99.3357309579108,1,0,23.91807026110444,0,0
VEN-03388,2,99.5226966821532,1,0,39.91494008781581,0,2
VEN-03389,3,99.86036118775309,1,0,7.999807802551532,1,2
VEN-03390,2,98.64984551048592,0,0,37.477669710182624,0,1
VEN-03391,3,98.11263758968782,1,1,21.357693415336,0,1
VEN-03392,1,98.62193521804356,0,0,24.22598825802341,0,1
VEN-03393,2,99.3231963314575,1,0,15.889204788818557,0,0
VEN-03394,0,98.95286398279748,1,0,31.460205464184263,0,0
VEN-03395,1,99.04651860819584,0,0,11.982070644080467,0,1
VEN-03396,3,98.55046313427344,1,0,4.64755176238917,0,1
VEN-03397,2,100.0,0,0,24.328903719159733,0,3
VEN-03398,0,99.52249544067516,1,1,17.07385628370462,0,1
VEN-03399,2,99.0223564992505,0,0,11.966312100225412,0,0
VEN-03400,2,98.29630767328156,3,0,10.46830834460957,0,0
VEN-03401,1,98.44084917074832,1,0,17.87732179044378,1,0
VEN-03402,1,98.30555335850052,2,0,15.530322548822452,1,0
VEN-03403,1,98.464715007863,2,1,20.026131332297165,1,0
VEN-03404,1,97.89986990567834,1,0,10.617876071620852,0,2
VEN-03405,4,100.0,1,0,22.02317631791539,0,1
VEN-03406,3,99.16219600813145,1,0,30.31042485804276,0,1
VEN-03407,4,100.0,2,0,16.135327832905467,0,0
VEN-03408,1,98.6999074522554,3,0,13.999883114087352,0,3
VEN-03409,3,100.0,0,0,21.21885668417612,1,0
VEN-03410,3,99.02631596164296,1,0,34.46123869536283,1,2
VEN-03411,4,99.59680200543367,0,0,20.097566136330823,0,0
VEN-03412,1,99.45341640902214,1,0,17.838453505697437,0,0
VEN-03413,4,98.43728011827648,2,0,9.874714827640606,0,0
VEN-03414,3,99.67489082917628,2,0,35.8485519424557,1,1
VEN-03415,2,100.0,1,1,51.79333630372496,0,0
VEN-03416,5,98.8246669693493,3,0,17.059700305652964,0,0
VEN-03417,2,100.0,2,0,26.58020486293543,0,0
VEN-03418,0,98.4538749839132,1,1,31.47511767409963,1,0
VEN-03419,1,99.3518086228548,3,0,4.5382858310298735,1,1
VEN-03420,2,100.0,3,0,18.397011537451945,0,0
VEN-03421,2,99.18325594285548,0,0,11.000241080568584,0,0
VEN-03422,2,99.12110717186596,0,0,13.0967733832842,0,1
VEN-03423,2,97.96020747489509,0,0,8.516502464723525,0,1
VEN-03424,1,100.0,0,0,20.9489548404151,0,0
VEN-03425,0,99.32012160046246,1,0,43.02147505790314,1,1
VEN-03426,6,100.0,2,1,50.99799196502915,0,2
VEN-03427,0,98.69140947347252,2,1,25.15677807344176,0,0
VEN-03428,3,99.62132555644922,1,0,11.057760712253929,0,1
VEN-03429,2,100.0,2,0,24.266628574064967,0,1
VEN-03430,3,98.14250263820976,1,0,20.67531510091132,0,1
VEN-03431,0,100.0,2,0,6.376609676596807,0,0
VEN-03432,0,100.0,0,0,14.037683601696388,0,1
VEN-03433,1,100.0,0,0,11.452521671548284,1,0
VEN-03434,4,99.35348140013669,0,0,49.06850902480864,1,2
VEN-03435,1,98.89156343524924,0,0,6.098844676985479,1,4
VEN-03436,2,99.11399029530271,1,0,29.057886877378177,0,2
VEN-03437,3,98.19419673012098,1,0,19.871604353352737,0,0
VEN-03438,1,99.18556272329896,0,0,29.57544176437941,1,1
VEN-03439,4,99.64203087986888,0,0,73.48771538777888,0,0
VEN-03440,2,98.95677008545584,1,0,25.473705427280684,0,0
VEN-03441,3,98.65175819982946,0,0,13.266377835954527,0,2
VEN-03442,2,100.0,2,0,10.975541892330728,0,0
VEN-03443,1,100.0,1,0,37.82269439683214,1,3
VEN-03444,2,99.40282174366814,1,0,13.45221839596683,1,3
VEN-03445,1,99.4702305756763,3,0,14.660367172658855,0,1
VEN-03446,1,99.52728311050669,0,0,13.224539034024424,1,0
VEN-03447,1,98.68445188370362,1,0,17.19905055716314,0,1
VEN-03448,1,99.01538617648086,0,0,33.30253764259884,0,1
VEN-03449,4,99.66288537162134,0,0,18.733085421260643,0,0
VEN-03450,2,99.1722504018316,0,0,53.07675953884164,3,2
VEN-03451,2,99.84487135547457,2,0,36.08939839095285,1,1
VEN-03452,1,99.59882161067056,4,0,17.639848302527334,2,2
VEN-03453,2,99.86516007051311,1,0,44.507031341399056,0,2
VEN-03454,0,99.53233382577294,0,0,3.8385280876877377,0,2
VEN-03455,4,100.0,2,0,15.53752796563534,1,1
VEN-03456,5,100.0,2,0,14.609432310120942,0,2
VEN-03457,0,99.08380575954318,3,1,8.154697597488108,2,2
VEN-03458,3,98.28677080383332,3,1,26.363628733625436,1,1
VEN-03459,2,99.24022681772618,1,0,24.504926262625013,0,1
VEN-03460,3,100.0,2,0,12.520149035132196,1,1
VEN-03461,1,99.5951707980438,2,0,10.540962305694448,0,1
VEN-03462,1,99.66413249284707,0,0,15.324248502534068,1,1
VEN-03463,2,99.721268238357,1,0,18.185396528706743,0,1
VEN-03464,0,100.0,0,0,14.813144365528537,1,0
VEN-03465,1,99.26023035249916,0,0,1.7699342594913663,1,0
VEN-03466,2,99.45173364451875,1,0,25.27496656759048,0,0
VEN-03467,1,99.27176314383208,1,0,18.344255015283583,0,2
VEN-03468,6,99.91474066909748,1,0,28.25501557393054,0,0
VEN-03469,4,100.0,2,1,23.80051826147694,0,1
VEN-03470,2,99.58606072621068,1,0,32.45399237475433,0,0
VEN-03471,1,99.8711157924644,2,1,10.194003284754393,1,1
VEN-03472,0,99.56586156836045,0,0,39.875767493703385,0,1
VEN-03473,6,99.57386050094252,0,0,13.544325994338234,0,1
VEN-03474,3,99.92392527277904,0,0,44.90182564937238,1,0
VEN-03475,1,98.73437654533798,3,0,15.15763029273712,0,0
VEN-03476,1,98.09305491702794,3,0,8.341360158459887,0,0
VEN-03477,1,98.57487483169405,0,0,35.293782307943154,0,0
VEN-03478,2,98.8421477416444,2,0,13.802512159768888,0,1
VEN-03479,1,99.82114582797053,2,2,26.232824988717105,0,0
VEN-03480,4,98.7007822317316,2,1,14.021197849408791,0,2
VEN-03481,3,100.0,0,0,13.167045311575572,0,2
VEN-03482,5,98.94072343498652,1,1,3.613593200824158,1,2
VEN-03483,2,99.66177083938044,1,0,30.279402023620538,0,1
VEN-03484,2,98.99017612123885,3,0,24.337088580094107,1,2
VEN-03485,5,100.0,2,1,15.624339266356186,1,1
VEN-03486,5,100.0,1,0,21.84174132053784,1,0
VEN-03487,2,99.92991690137852,0,0,14.931110807131622,1,2
VEN-03488,9,99.12614678731538,1,0,47.57918423038962,0,0
VEN-03489,3,99.65539253180204,1,0,39.26545320347198,0,0
VEN-03490,2,100.0,1,0,15.596991846098511,0,1
VEN-03491,3,99.27044189225856,0,0,14.4360968091804,0,1
VEN-03492,1,98.92870775167596,0,0,11.386982031834757,0,0
VEN-03493,0,97.82857072778432,1,0,33.42133030146113,0,1
VEN-03494,0,99.6332035322604,1,0,35.25727261479938,0,1
VEN-03495,1,99.70201251907751,0,0,16.95583455265608,0,1
VEN-03496,2,99.41550793594466,0,0,11.61796356232797,0,1
VEN-03497,3,99.17415715667076,1,0,64.81118503848096,2,0
VEN-03498,2,99.16390365176947,1,0,60.94011183505295,0,1
VEN-03499,1,99.35483261507704,1,1,32.33731065440632,0,0
VEN-03500,0,100.0,0,0,32.83523288870006,1,3
VEN-03501,2,99.2913384214161,2,0,4.144552011323451,0,1
VEN-03502,1,100.0,0,0,11.258316378447038,1,2
VEN-03503,1,100.0,3,0,17.555304448564495,1,2
VEN-03504,2,98.80537105177032,0,0,25.83707767295974,0,0
VEN-03505,2,100.0,2,0,20.753606641195745,3,0
VEN-03506,1,100.0,2,1,14.49626261401106,0,0
VEN-03507,2,99.89395745666972,2,0,30.32849315736056,0,1
VEN-03508,3,98.68357215255328,1,0,4.802020631574078,0,0
VEN-03509,1,99.72732847471272,0,0,7.958968340598739,1,1
VEN-03510,2,100.0,0,0,3.3104192954190426,0,1
VEN-03511,1,99.08365846845786,2,1,28.322698616971167,0,2
VEN-03512,2,100.0,2,0,14.514008688767142,0,0
VEN-03513,1,99.34009868330536,3,0,31.82198164028973,0,1
VEN-03514,3,98.69403737255443,3,0,15.928963678756734,0,1
VEN-03515,3,99.54646481826737,2,0,7.772026679274147,0,2
VEN-03516,3,99.93787041082084,0,0,14.50326317918793,0,0
VEN-03517,2,99.70885306636544,0,0,15.305891138728564,0,1
VEN-03518,0,99.70782915225418,0,0,67.438909959062,0,0
VEN-03519,3,99.96450685188977,2,0,39.69158921797085,0,0
VEN-03520,2,99.89438455958906,1,0,33.58998032263987,2,0
VEN-03521,2,99.27117807195236,2,0,25.99042490507199,0,0
VEN-03522,1,99.05869257982248,0,0,19.83498102704429,1,3
VEN-03523,3,98.89439695552272,2,0,2.6481308277180817,0,1
VEN-03524,1,99.679626778773,1,1,19.39022284238353,0,0
VEN-03525,1,98.98279623450772,1,0,3.452011740697214,1,0
VEN-03526,4,100.0,1,0,14.55005327127398,1,0
VEN-03527,2,98.65375994504907,0,0,7.829861004746428,0,1
VEN-03528,1,99.27408367312576,0,0,29.96370487668258,1,0
VEN-03529,1,99.85756988661085,0,0,9.046654836167557,0,0
VEN-03530,3,99.49143929688566,0,0,33.29783854106061,0,0
VEN-03531,5,98.33595593137731,2,1,15.998876495838418,1,1
VEN-03532,1,99.13403207515724,0,0,21.450821308727445,0,1
VEN-03533,2,100.0,3,0,14.76806848888288,0,1
VEN-03534,2,98.86879425075055,1,0,11.579737739045587,0,1
VEN-03535,1,100.0,0,0,12.231144390707714,0,2
VEN-03536,5,99.74469962426916,2,0,24.326412640162232,0,0
VEN-03537,0,99.93191993001524,1,0,12.0670478497336,0,2
VEN-03538,4,99.10876343546354,2,0,11.556350204891189,0,1
VEN-03539,3,99.73343381241618,4,1,24.818548672319785,0,2
VEN-03540,2,99.65433795764756,1,0,16.74285696615794,1,0
VEN-03541,2,100.0,2,1,36.9051036925382,0,1
VEN-03542,2,98.83675907676846,4,2,15.390881232721828,2,3
VEN-03543,2,98.3628295459187,3,0,31.07296102566653,2,1
VEN-03544,1,99.79535855883816,0,0,25.24352765894313,1,1
VEN-03545,3,98.35253273497078,1,0,23.16875866390299,0,1
VEN-03546,5,98.4960561886334,1,0,45.594323353765695,1,1
VEN-03547,1,99.42329757904552,0,0,32.049980960915455,1,1
VEN-03548,4,100.0,0,0,22.037623083165297,0,1
VEN-03549,1,99.0076350111106,0,0,29.093739720756258,0,2
VEN-03550,3,99.97222016370884,3,2,11.988343052884662,0,1
VEN-03551,2,98.34462897814126,1,0,21.10972412810244,1,0
VEN-03552,2,100.0,1,0,6.436752532350118,1,1
VEN-03553,1,99.90110798441272,1,0,60.76822613803603,1,2
VEN-03554,3,98.9791131509354,3,1,9.140482170915618,0,1
VEN-03555,1,98.47936496039355,3,1,27.303061617276025,0,1
VEN-03556,2,99.3788891147599,0,0,8.068014355355247,1,1
VEN-03557,2,99.22513654746096,0,0,17.74755451749379,1,1
VEN-03558,1,99.47843850318502,1,1,13.405631388936866,1,0
VEN-03559,1,99.42584092129324,2,0,18.35352081708664,0,2
VEN-03560,1,98.7008821579184,0,0,49.88157600476961,0,0
VEN-03561,3,99.02245959644408,0,0,46.76709588098232,0,3
VEN-03562,2,99.2045294482131,0,0,38.94766840545333,1,2
VEN-03563,3,98.54029507472713,0,0,36.24348322748434,2,0
VEN-03564,2,97.95091305999004,2,0,12.836709014611436,1,0
VEN-03565,2,100.0,0,0,21.86070760110293,0,3
VEN-03566,1,98.9653917811004,2,0,26.66531988502651,0,1
VEN-03567,2,100.0,0,0,12.21291530270729,0,4
VEN-03568,0,100.0,1,0,62.470309234938014,0,1
VEN-03569,4,99.22508884211008,0,0,43.51375930638999,0,0
VEN-03570,5,100.0,3,0,39.71633827203807,1,1
VEN-03571,3,99.04734088673588,2,0,13.942553670094483,0,3
VEN-03572,1,100.0,1,0,15.406251929407368,1,0
VEN-03573,3,99.93808182271904,2,0,6.657665014798197,0,0
VEN-03574,1,99.253187325651,1,0,9.394250989115273,0,1
VEN-03575,1,99.97344939060312,0,0,8.440760691866796,1,1
VEN-03576,1,99.28147471353944,1,0,20.24856430389629,0,2
VEN-03577,5,99.29917639829584,7,1,7.678186297453863,1,1
VEN-03578,6,97.90257858621123,1,0,9.144863378488797,1,0
VEN-03579,1,97.5161976359052,1,1,21.559080370239137,1,2
VEN-03580,2,100.0,1,0,8.578286176985168,0,1
VEN-03581,2,98.43530352056968,1,0,40.76009413034768,0,0
VEN-03582,2,99.77147318612607,0,0,32.828901988700565,1,1
VEN-03583,3,98.52899285773488,0,0,25.527474180346864,1,1
VEN-03584,3,99.64595668824546,0,0,21.35312722301953,0,0
VEN-03585,2,98.31403136716872,1,0,37.24962940743061,0,1
VEN-03586,0,99.54454346385783,1,0,4.894650059812389,0,1
VEN-03587,2,99.33998029720831,0,0,32.305725194152764,1,0
VEN-03588,1,99.53332247115868,2,0,31.46047583995272,0,1
VEN-03589,4,98.42245109939212,2,0,11.786243937077746,0,2
VEN-03590,5,99.27867815933035,0,0,88.73423047356567,1,0
VEN-03591,3,99.503410612362,2,0,32.15939883345026,0,1
VEN-03592,2,99.15560001944088,3,1,23.43289379403704,0,2
VEN-03593,1,99.22176990916796,0,0,38.323331352880906,0,1
VEN-03594,4,99.07808029066774,2,0,47.52283734630906,0,3
VEN-03595,2,99.11956466524092,1,0,12.44710066100784,1,0
VEN-03596,2,100.0,2,0,10.0163746428552,0,0
VEN-03597,1,100.0,1,0,13.724663669198645,1,1
VEN-03598,1,99.5238449771464,2,1,30.074979446745317,0,0
VEN-03599,2,98.45944768117349,1,0,29.30744418230988,1,0
VEN-03600,4,99.3809657414144,1,0,17.125534287846218,1,1
VEN-03601,4,99.02620931983968,1,0,15.991138188216194,2,2
VEN-03602,3,98.48392780181489,1,1,5.444041332297395,0,1
VEN-03603,4,100.0,1,1,52.209173866893885,0,1
VEN-03604,5,99.23517028892194,2,0,44.05768721478019,0,2
VEN-03605,1,98.8558595059188,2,1,15.71144130455143,0,1
VEN-03606,3,100.0,1,0,47.26766078312576,1,1
VEN-03607,2,98.54708818207672,1,0,43.06377604470568,0,0
VEN-03608,3,99.40728922976038,0,0,4.499468510893891,0,0
VEN-03609,0,100.0,3,0,14.372980858322624,1,0
VEN-03610,1,99.6294286113382,1,0,15.00733255272387,0,2
VEN-03611,1,100.0,0,0,32.26663142985116,2,1
VEN-03612,2,98.5719802984365,3,0,20.36689538275682,1,2
VEN-03613,3,100.0,1,1,4.483924642973021,0,1
VEN-03614,4,99.413667690661,0,0,19.36912982624559,0,0
VEN-03615,5,100.0,1,0,54.66190624332735,0,1
VEN-03616,0,99.91656129583244,2,0,15.164535869412962,0,1
VEN-03617,2,99.77909697558496,1,1,8.478776692500556,0,1
VEN-03618,3,98.47620275682355,0,0,25.45363352148184,0,3
VEN-03619,1,99.57977809966826,2,0,13.688431647409235,2,2
VEN-03620,1,98.37062844250627,1,0,21.06539092783167,0,1
VEN-03621,4,98.89394386632036,1,0,42.679331883055305,1,1
VEN-03622,4,100.0,2,0,52.35438285198912,0,0
VEN-03623,1,99.00286097417182,1,0,4.1078165942053335,0,1
VEN-03624,2,100.0,1,0,28.12892670809545,0,2
VEN-03625,5,99.32632675067256,2,0,16.08027434480346,1,0
VEN-03626,1,99.3432185068122,1,0,4.061592518956751,0,1
VEN-03627,5,98.66949400639848,1,0,6.51460792528206,0,1
VEN-03628,4,100.0,1,0,27.87340764408892,2,2
VEN-03629,1,100.0,1,0,6.690597328154543,0,1
VEN-03630,2,99.11333525569196,0,0,16.117612227436332,2,1
VEN-03631,1,99.28109018809468,0,0,25.80834723991167,1,1
VEN-03632,2,97.82969486418078,2,1,30.64462094220836,0,0
VEN-03633,1,99.36335462965675,0,0,14.828878671752983,0,0
VEN-03634,3,100.0,1,0,25.336054099348196,0,1
VEN-03635,2,99.26296610480333,3,1,9.935482469015229,2,1
VEN-03636,1,99.95335510755552,4,0,9.142615212686268,0,2
VEN-03637,2,100.0,1,0,12.092419345511336,1,0
VEN-03638,0,99.69030861116936,3,0,19.293001349532556,0,0
VEN-03639,2,99.92874808424082,0,0,20.954167944882457,0,1
VEN-03640,3,100.0,0,0,44.748369836107486,0,0
VEN-03641,4,98.00054650535589,2,0,9.395908627624689,1,3
VEN-03642,4,100.0,1,1,65.75913674255031,0,1
VEN-03643,3,99.65870717404891,1,1,16.851929003630588,0,2
VEN-03644,1,99.36569187247063,2,0,27.95745815789048,1,1
VEN-03645,2,99.62300868324267,0,0,25.64379476898912,1,0
VEN-03646,4,98.99680250971116,2,0,16.371971507492745,0,1
VEN-03647,1,100.0,2,0,13.043777443456255,0,2
VEN-03648,2,100.0,1,0,15.73554595614026,0,0
VEN-03649,1,99.73874570967578,1,0,16.367743351104416,1,2
VEN-03650,1,99.98825495734572,2,1,18.956323831483463,0,0
VEN-03651,5,98.73891496085504,1,0,17.705229069737157,0,0
VEN-03652,3,98.7902490695092,0,0,4.135799028060859,1,0
VEN-03653,2,99.73844976126736,0,0,24.182219497739094,0,1
VEN-03654,1,100.0,1,0,28.257818467721894,1,2
VEN-03655,2,98.889761435806,2,0,15.579794502741866,0,0
VEN-03656,3,99.45796959114728,1,1,47.20230031720703,1,1
VEN-03657,3,99.69958171748353,1,0,18.77493004234836,2,1
VEN-03658,1,100.0,2,0,35.94096717675863,0,2
VEN-03659,2,99.71917072354016,0,0,9.100060665304216,0,1
VEN-03660,3,100.0,1,0,17.848671657937764,0,0
VEN-03661,1,100.0,1,0,6.466215507145209,0,0
VEN-03662,4,100.0,1,0,8.723596832467367,0,2
VEN-03663,3,99.87476636508012,0,0,35.78287094694989,0,0
VEN-03664,1,98.65804034585308,1,1,20.873937455423064,0,1
VEN-03665,0,100.0,1,0,48.42306422147818,0,2
VEN-03666,5,99.545630077592,4,0,6.8173304715604255,2,3
VEN-03667,1,100.0,0,0,29.67224729974408,2,3
VEN-03668,3,100.0,0,0,9.135095630513645,0,0
VEN-03669,2,99.297755599241,2,1,3.4612142439002125,1,1
VEN-03670,1,98.23532046246488,4,1,11.536257492092387,0,1
VEN-03671,2,100.0,0,0,20.009343377319425,1,0
VEN-03672,4,99.73835160319996,1,0,15.006589052629684,0,1
VEN-03673,1,98.67098019753908,1,0,12.58827653529594,2,1
VEN-03674,3,100.0,0,0,10.409250979441174,1,2
VEN-03675,4,98.68514417293584,3,0,8.876766521364393,0,1
VEN-03676,0,99.03460884405436,1,0,20.48835011790904,0,2
VEN-03677,2,99.52433274274526,2,1,22.418332546826843,0,0
VEN-03678,3,99.33160014595532,3,1,44.69764981919513,0,2
VEN-03679,1,100.0,0,0,52.61711342588715,0,0
VEN-03680,4,98.78280359887812,0,0,9.884739263385068,0,1
VEN-03681,2,100.0,2,1,14.016448426928791,2,1
VEN-03682,2,98.71284779153044,1,1,15.427441359184629,0,0
VEN-03683,1,100.0,2,0,21.25210789528949,0,0
VEN-03684,1,98.8810113807384,0,0,11.825526722282689,0,0
VEN-03685,1,100.0,1,1,8.621028133915182,1,2
VEN-03686,4,98.01572464836406,3,0,4.837663067545944,0,0
VEN-03687,2,98.83178110485773,0,0,17.904336894332875,1,2
VEN-03688,5,100.0,0,0,22.723721996501087,0,2
VEN-03689,3,99.5866696109652,3,0,36.11280441260137,0,0
VEN-03690,1,99.92685397385196,2,0,6.43847831718626,3,0
VEN-03691,1,99.21091101386388,1,0,9.449274359468548,0,0
VEN-03692,2,97.92800723005844,2,1,30.495375893431,1,0
VEN-03693,2,100.0,1,0,12.283589005179268,1,0
VEN-03694,1,98.8868086872384,1,0,21.88433641020261,0,0
VEN-03695,2,99.63255079395934,2,0,12.049761075982587,0,1
VEN-03696,1,98.18832948466824,0,0,25.8432916949935,0,0
VEN-03697,3,100.0,2,0,13.714497656529414,1,2
VEN-03698,6,99.80764709494348,3,0,23.100055437227383,0,1
VEN-03699,4,99.63394883713428,4,1,37.79568997475828,1,0
VEN-03700,2,99.1667044089053,1,0,12.156499080129292,0,2
VEN-03701,3,99.2348110362515,0,0,21.073806340744557,1,1
VEN-03702,3,100.0,3,1,20.10393319638784,0,1
VEN-03703,2,99.37704251831074,3,0,12.941599176497332,0,0
VEN-03704,1,99.85341012521047,1,1,28.17543298052249,1,0
VEN-03705,4,98.99470109140144,0,0,12.25025938222416,0,2
VEN-03706,2,100.0,0,0,23.41858371633808,0,3
VEN-03707,0,99.16839322107236,1,0,27.73508494771556,0,3
VEN-03708,3,99.92030185357756,2,0,11.13085529810045,1,0
VEN-03709,2,99.97772472347812,1,0,18.241558660181468,1,1
VEN-03710,1,100.0,0,0,72.48774409040747,0,0
VEN-03711,3,100.0,0,0,19.000527810165924,1,1
VEN-03712,0,100.0,3,0,20.205105931361437,0,2
VEN-03713,1,99.47749416933937,1,1,17.937781551953467,1,0
VEN-03714,1,99.44913057128706,2,0,11.942615963332091,0,0
VEN-03715,2,100.0,3,1,33.353770940988234,0,1
VEN-03716,2,99.78901535162902,2,0,32.73408521008873,2,1
VEN-03717,5,98.82451215653852,2,0,24.129119147253824,0,1
VEN-03718,4,99.63341677980968,4,1,16.92222683258856,1,0
VEN-03719,4,99.7783991912031,1,0,16.378702949985783,0,1
VEN-03720,5,100.0,1,1,7.475262130472139,0,2
VEN-03721,4,100.0,4,1,15.315149734869667,1,2
VEN-03722,3,99.5769046655832,0,0,20.46801766414697,0,0
VEN-03723,2,99.97310516412398,0,0,35.531165302945446,0,0
VEN-03724,1,100.0,1,0,9.10435464939166,0,0
VEN-03725,0,100.0,0,0,2.086604471199805,0,2
VEN-03726,1,99.35078264551744,2,1,34.219745442242086,2,1
VEN-03727,1,99.81165725028444,0,0,18.438508333411075,2,0
VEN-03728,0,97.73279428797292,2,0,37.23761123060736,1,0
VEN-03729,2,98.7501278313424,2,0,12.134246289601466,0,0
VEN-03730,3,98.40476871395678,4,0,22.483101128924343,0,0
VEN-03731,0,99.27945676702052,2,1,32.38243512213818,0,1
VEN-03732,1,98.98443414787084,1,0,13.263761120778488,2,1
VEN-03733,3,98.67641814159605,1,0,21.78752174138997,1,2
VEN-03734,1,100.0,1,0,12.5470400359182,0,1
VEN-03735,4,99.20143371595964,2,0,24.6947862467084,0,1
VEN-03736,1,100.0,1,0,19.172922683173496,0,3
VEN-03737,0,100.0,0,0,20.7748712397953,0,3
VEN-03738,4,99.3944294652819,2,0,10.631913808293463,1,0
VEN-03739,2,98.34321660980775,2,0,57.84329711015494,2,1
VEN-03740,3,99.33735044363102,1,0,14.40626891435526,0,1
VEN-03741,0,99.927074216744,2,0,22.001993371559543,0,1
VEN-03742,3,99.6192814103092,0,0,21.417154497059208,1,0
VEN-03743,4,100.0,2,0,22.68735391969418,0,1
VEN-03744,2,99.95674572475362,2,1,26.432219193574785,0,0
VEN-03745,4,99.24821261199342,3,0,16.776974289476577,0,0
VEN-03746,1,99.25152509123843,3,1,7.889201623797523,0,3
VEN-03747,2,100.0,1,0,42.52768342218182,0,1
VEN-03748,2,100.0,2,0,8.878004366824191,0,2
VEN-03749,1,100.0,2,0,17.785140639903233,2,2
VEN-03750,2,98.38667064388116,0,0,14.652845433292082,1,0
VEN-03751,1,99.87511349470036,1,0,16.177658901518946,1,1
VEN-03752,3,99.24091022637904,2,1,16.544570499262697,0,1
VEN-03753,2,100.0,4,0,2.9034682309809923,0,4
VEN-03754,0,99.549125036898,1,0,17.712515517323748,0,1
VEN-03755,1,99.87371610948792,1,0,18.721641757375373,1,1
VEN-03756,2,100.0,3,0,12.02110667934864,1,0
VEN-03757,3,99.95491285122792,0,0,13.162126689805923,0,0
VEN-03758,5,99.80670168286456,2,1,46.384830562817285,1,0
VEN-03759,0,100.0,2,1,10.38813575290529,1,0
VEN-03760,5,98.58880331638022,3,0,48.56046308485847,0,1
VEN-03761,3,99.47028443947865,4,0,12.637785239749968,0,2
VEN-03762,0,98.15460668451736,1,0,34.50432855868407,1,0
VEN-03763,6,98.82604977175222,3,1,17.09531062457254,0,1
VEN-03764,4,98.38625120218536,0,0,40.043291134138215,0,1
VEN-03765,0,99.3990524400007,3,0,11.721922100583592,2,0
VEN-03766,0,99.16464127154154,1,0,31.765998446592903,1,3
VEN-03767,2,99.6886041959943,0,0,16.353154012649355,0,0
VEN-03768,6,100.0,0,0,41.586277124576256,0,2
VEN-03769,0,100.0,0,0,13.608396016057611,1,1
VEN-03770,3,100.0,0,0,17.534512211682607,0,1
VEN-03771,3,99.18154757451174,0,0,30.783750665498108,0,0
VEN-03772,4,99.37677494638729,2,0,11.013876166302875,1,2
VEN-03773,2,98.9336186734036,0,0,15.177078040104243,1,0
VEN-03774,1,99.85433527419691,1,0,32.401943948611425,0,1
VEN-03775,4,99.57053678243815,3,0,6.120252319620098,1,0
VEN-03776,1,100.0,1,1,11.401536302703718,0,3
VEN-03777,2,98.98487266835036,2,0,8.699319104913522,0,0
VEN-03778,2,99.1962225496859,0,0,17.176015248521892,1,1
VEN-03779,1,100.0,1,0,22.56536160552538,0,1
VEN-03780,0,98.24508717887936,3,1,4.839530420890571,1,2
VEN-03781,2,99.19347964465956,0,0,35.49269196812202,0,0
VEN-03782,4,100.0,2,0,15.769952124887634,0,0
VEN-03783,4,99.02699913621775,0,0,24.780986346286035,0,1
VEN-03784,1,99.69239821365991,1,0,18.883797195137323,0,0
VEN-03785,1,98.41872939560996,0,0,5.433883637907427,0,1
VEN-03786,1,98.85844592588566,1,0,28.327598721980493,3,4
VEN-03787,2,98.75321717402733,1,0,12.312028010962958,1,2
VEN-03788,2,100.0,1,0,43.66398195133358,2,0
VEN-03789,6,98.76080845651109,1,0,11.087246956663872,1,1
VEN-03790,1,98.9830104670236,1,1,5.101743464021364,0,0
VEN-03791,3,98.92744234281372,3,0,23.34599187455344,0,1
VEN-03792,1,99.76975290323492,1,0,8.751391444877168,0,0
VEN-03793,5,100.0,1,0,19.283657187816903,1,1
VEN-03794,2,98.85016491990032,1,1,11.415362762075738,0,3
VEN-03795,1,99.28264682390332,4,0,17.506869798355872,2,2
VEN-03796,1,100.0,0,0,15.144001571070374,1,2
VEN-03797,0,99.00995993888972,1,0,4.859830848783206,0,0
VEN-03798,3,99.38124937924466,2,0,43.91403649084089,0,1
VEN-03799,0,98.88969934966065,1,0,32.5830513975579,1,3
VEN-03800,0,99.57517025111026,0,0,18.846221214582524,2,0
VEN-03801,2,98.84793520982204,1,0,14.69106425458988,3,1
VEN-03802,9,99.75255843726332,2,0,19.256655266229647,1,1
VEN-03803,4,97.39046235568884,1,0,18.517311942688394,0,4
VEN-03804,2,99.17587611207792,3,0,9.331937869228074,0,2
VEN-03805,3,100.0,0,0,48.69853559949655,0,1
VEN-03806,2,100.0,0,0,13.151142931406255,1,1
VEN-03807,1,99.69539295814104,3,1,6.248683853953211,1,0
VEN-03808,1,99.37867041441773,2,0,19.656180068969658,0,1
VEN-03809,2,99.22243497536854,1,1,38.745518470376126,0,2
VEN-03810,2,99.67770966989148,1,0,24.64196655907708,0,1
VEN-03811,5,99.46751597847704,1,0,7.8256056177387325,1,3
VEN-03812,4,98.76260375407182,1,0,8.873781922152805,0,0
VEN-03813,1,99.14039130743816,1,0,9.449348728245688,1,1
VEN-03814,1,100.0,2,0,10.157608742902337,0,2
VEN-03815,0,99.42086193859387,2,0,8.078459984532232,1,0
VEN-03816,3,100.0,0,0,12.018289006533136,0,1
VEN-03817,3,100.0,0,0,30.01128431688267,1,3
VEN-03818,2,98.29397910974676,1,0,10.521309714512102,1,3
VEN-03819,1,100.0,1,0,45.05146683621948,0,0
VEN-03820,2,98.7429775790232,3,0,75.69468859021521,0,2
VEN-03821,3,98.70216477031744,2,0,18.13876166004328,1,1
VEN-03822,3,99.6547312479326,5,1,22.63625084747827,1,1
VEN-03823,1,99.4408274473679,1,1,8.32799006614867,0,0
VEN-03824,2,99.48207717468564,0,0,8.396893748452985,0,0
VEN-03825,2,100.0,1,0,22.580055897825947,0,0
VEN-03826,2,99.46141009733547,0,0,47.08856678778944,1,0
VEN-03827,2,100.0,0,0,9.179056003951018,1,4
VEN-03828,1,99.21681237305376,3,0,21.09506111032902,0,2
VEN-03829,0,99.62245517177504,4,0,3.749914716340803,0,1
VEN-03830,0,99.55216362464314,0,0,55.441048516973,2,1
VEN-03831,0,100.0,2,0,13.707498670901993,0,0
VEN-03832,5,99.01528226856608,1,1,8.576838630045502,0,1
VEN-03833,2,99.2010569962494,0,0,8.930164214493823,0,0
VEN-03834,5,98.98521896544491,2,0,11.447189084102185,0,2
VEN-03835,2,99.34570250296848,2,1,30.368506507659426,1,3
VEN-03836,3,99.39932606132608,1,0,13.649359347400164,0,0
VEN-03837,1,98.78781116011795,1,0,11.85964899605083,2,1
VEN-03838,3,99.62963464395496,0,0,16.963544770481608,0,0
VEN-03839,2,99.22963270958007,1,0,4.748639308934255,1,1
VEN-03840,0,99.9056244949436,0,0,14.663149595088257,0,0
VEN-03841,2,100.0,3,0,12.769522463246185,0,0
VEN-03842,2,100.0,2,1,8.965600998455036,1,1
VEN-03843,1,100.0,4,1,36.38914218977192,0,0
VEN-03844,1,98.1750268201572,1,0,4.555722348784318,0,1
VEN-03845,3,98.66737320211104,0,0,6.744860868229472,0,1
VEN-03846,1,99.5579607789061,2,0,38.61997433939722,1,2
VEN-03847,2,98.91249600866507,3,0,14.558497904110864,1,3
VEN-03848,1,98.64645277463455,0,0,35.54482796556562,0,2
VEN-03849,2,99.79808580424276,2,0,8.583023960790959,1,2
VEN-03850,1,100.0,0,0,26.68658360974535,0,0
VEN-03851,4,100.0,1,1,19.38428941999272,0,2
VEN-03852,1,99.0800052558917,2,0,10.852986232017686,0,0
VEN-03853,2,100.0,1,0,63.97145926951214,0,1
VEN-03854,2,98.86265641522976,2,1,28.030419371916388,0,0
VEN-03855,1,100.0,1,0,39.83125739283162,0,0
VEN-03856,5,98.94830429638472,1,1,14.578402528081968,0,2
VEN-03857,0,99.49543762455434,0,0,11.58016900402585,0,0
VEN-03858,0,99.11278939524205,2,0,10.53639201535637,0,1
VEN-03859,3,99.74105874745445,1,0,8.188638088819145,0,1
VEN-03860,2,98.8395016693126,2,1,6.52926479566348,0,1
VEN-03861,2,99.56783521358427,2,1,33.38612799213141,0,2
VEN-03862,2,99.57702996125246,0,0,10.24584437814304,0,2
VEN-03863,0,98.56951169193351,3,0,8.85641869900595,0,1
VEN-03864,2,99.46171552875984,2,0,10.521409931920283,1,2
VEN-03865,0,99.60263703585017,4,1,2.012097635195868,1,1
VEN-03866,0,100.0,0,0,23.28665300971221,0,1
VEN-03867,3,99.14996524191692,1,0,11.34601266639535,0,2
VEN-03868,0,98.1273831550714,0,0,22.419572438061213,1,0
VEN-03869,0,97.82501671779367,1,1,18.27314193837915,0,1
VEN-03870,3,100.0,2,0,24.026501483006403,0,0
VEN-03871,1,98.89987248081044,2,0,22.223184110412205,1,0
VEN-03872,2,99.4187871307815,1,0,10.556488965191765,1,1
VEN-03873,2,99.4309065629166,0,0,28.62911870778688,0,0
VEN-03874,3,99.17179789926912,1,0,28.448605932032,0,5
VEN-03875,4,100.0,1,0,5.480755737596038,0,4
VEN-03876,1,100.0,1,1,20.797054165908374,0,1
VEN-03877,5,100.0,1,0,38.10803618934204,1,1
VEN-03878,4,99.34076471079555,0,0,32.677448083111614,2,2
VEN-03879,4,98.35189247507653,2,1,19.124961147181796,0,0
VEN-03880,2,99.9470110021875,0,0,25.047585351292945,1,0
VEN-03881,1,99.14118070360708,0,0,52.61487191467465,1,2
VEN-03882,2,99.55221742017956,0,0,30.12756254079868,2,2
VEN-03883,2,100.0,1,0,17.18319113693675,1,0
VEN-03884,0,99.32043593590024,0,0,24.515715212764917,0,1
VEN-03885,5,98.34942335443276,0,0,34.41799035820965,0,0
VEN-03886,4,99.36466777043746,0,0,31.120814050659792,0,3
VEN-03887,2,100.0,1,0,41.04290925343681,1,1
VEN-03888,1,99.04740176824716,0,0,15.982951091976634,2,1
VEN-03889,0,99.44979152275158,0,0,32.27278664490823,1,2
VEN-03890,0,99.09314056111046,0,0,19.10566344765338,1,1
VEN-03891,3,99.56043448369444,3,0,14.23938086733162,0,0
VEN-03892,5,99.70030966552535,2,0,11.92670366123346,0,1
VEN-03893,2,99.43185163987866,1,0,25.791745951396912,2,1
VEN-03894,2,100.0,1,0,10.881803744874397,0,2
VEN-03895,2,97.600327460742,0,0,21.569320139552907,1,1
VEN-03896,2,99.83677538050615,2,2,16.11676445950708,2,2
VEN-03897,3,99.20222759442998,1,0,7.071972458284478,0,0
VEN-03898,1,100.0,2,1,22.122714338134493,0,0
VEN-03899,1,100.0,1,0,51.22322769479005,2,1
VEN-03900,1,99.14800560377356,1,0,24.64236805888085,0,0
VEN-03901,2,99.4829169169151,2,0,22.207326826412302,0,0
VEN-03902,4,99.06400518081831,0,0,38.34357259761987,1,2
VEN-03903,0,99.10467266298492,1,0,2.325666473909868,1,1
VEN-03904,0,98.89211256797957,0,0,16.216374718219306,0,1
VEN-03905,0,100.0,2,0,4.46624102877707,1,0
VEN-03906,2,99.75121491339864,2,0,11.028644707214468,0,0
VEN-03907,0,99.08032679164684,1,0,12.146664988405666,0,1
VEN-03908,2,98.41540937889974,0,0,21.0436704408848,0,1
VEN-03909,3,99.74339697266664,0,0,31.580704007158747,0,1
VEN-03910,4,99.46641494855967,5,1,19.652300629429806,0,0
VEN-03911,1,99.28228184588336,3,1,34.005480132512275,0,1
VEN-03912,4,99.73524075407082,1,1,6.54557070880933,0,0
VEN-03913,2,100.0,0,0,11.046380741558368,0,1
VEN-03914,2,98.79849332770084,1,0,32.08041705333841,0,1
VEN-03915,3,99.4952504027938,3,0,19.8477379923047,0,3
VEN-03916,0,99.3993269778056,1,0,15.641430386444386,0,0
VEN-03917,1,99.70882688352955,0,0,17.59276537904104,0,1
VEN-03918,4,100.0,1,0,13.112781233914449,1,1
VEN-03919,2,100.0,1,0,13.934948901277902,1,1
VEN-03920,1,100.0,0,0,37.76253062845508,0,3
VEN-03921,3,99.048285307067,2,1,5.007469086432049,0,1
VEN-03922,2,98.03800451182369,1,0,3.075648275335648,0,2
VEN-03923,2,98.18094400433355,1,0,53.09112238635188,0,0
VEN-03924,0,98.87042088831696,3,0,6.8040275387857285,1,0
VEN-03925,1,99.87484872472636,1,0,10.616579952720697,0,0
VEN-03926,3,99.97249370665264,3,0,13.1754171665918,1,1
VEN-03927,0,100.0,1,0,16.292726353916688,0,1
VEN-03928,2,99.04100787949749,4,0,7.019929093733974,0,0
VEN-03929,2,98.53026255093178,3,0,12.4952185890883,0,1
VEN-03930,4,99.36171703809084,1,0,22.239617157514925,0,0
VEN-03931,3,98.79872717006216,4,0,33.22401851977894,0,1
VEN-03932,6,99.50373168404931,2,0,15.994042308239262,0,0
VEN-03933,3,99.41683061967004,0,0,10.088704021754818,0,0
VEN-03934,3,99.9097906174919,2,0,43.80444241323655,2,1
VEN-03935,0,98.6523108221213,2,0,15.59821924799521,1,0
VEN-03936,1,99.20821414603094,0,0,13.21727685677973,1,1
VEN-03937,4,98.93180582135976,1,0,11.08035204410471,0,1
VEN-03938,0,100.0,2,1,5.072192459606041,0,2
VEN-03939,0,99.32426143750878,1,0,6.365215116495325,0,1
VEN-03940,3,99.30057612973918,0,0,22.88246149311677,0,1
VEN-03941,3,99.58963208471202,0,0,14.474825124996698,2,3
VEN-03942,3,99.42592729562146,1,0,4.824514098220229,0,1
VEN-03943,1,99.94906862483344,1,0,17.41299772048511,0,0
VEN-03944,2,99.48198675551726,1,0,17.442953229893543,0,0
VEN-03945,1,99.27941313366472,1,0,10.274501877466337,1,0
VEN-03946,6,99.350580696903,1,0,17.63701871783373,1,3
VEN-03947,1,99.624902709563,3,1,23.75801713139694,1,2
VEN-03948,6,100.0,1,0,8.546110839184735,0,0
VEN-03949,4,100.0,0,0,15.420739216673956,0,2
VEN-03950,2,98.52184285788589,1,0,6.936092921096677,0,2
VEN-03951,2,99.64099837406248,0,0,24.2974637699866,0,1
VEN-03952,3,100.0,1,0,4.414943816600108,1,0
VEN-03953,2,99.79313812827785,2,0,11.963249826118702,0,3
VEN-03954,2,98.82017246708608,1,1,9.593023146627491,0,1
VEN-03955,2,99.64498539868764,1,0,20.731844523758195,1,0
VEN-03956,3,100.0,1,0,34.88058719521455,1,1
VEN-03957,0,98.71239863917758,1,0,17.631777412070125,0,1
VEN-03958,3,99.0466806108461,2,1,3.670037538784034,0,1
VEN-03959,1,99.04043306946022,1,1,34.12742600144447,0,1
VEN-03960,1,99.03804366859453,3,0,25.05526852693886,0,0
VEN-03961,1,99.2753861012516,0,0,29.264085301676072,0,0
VEN-03962,3,99.17096805980928,2,0,33.2216409641762,0,2
VEN-03963,2,99.84356885233132,1,0,28.214784934032696,0,1
VEN-03964,1,98.87328512167916,0,0,21.71427728246835,0,1
VEN-03965,2,98.64814840200054,1,0,21.895086647706712,2,0
VEN-03966,0,100.0,0,0,12.473599086513037,0,3
VEN-03967,1,99.8852341458072,2,0,6.87311652186238,0,0
VEN-03968,0,100.0,1,0,27.03709271981948,0,0
VEN-03969,1,99.48638302968324,0,0,16.789084219186883,0,1
VEN-03970,1,100.0,0,0,5.629075045505532,0,0
VEN-03971,5,99.81649347693931,2,1,45.27673693213379,1,1
VEN-03972,2,100.0,1,0,22.31022007617421,0,1
VEN-03973,2,99.91148710270993,2,0,16.29690082871017,0,2
VEN-03974,0,100.0,2,0,20.7561248976784,1,1
VEN-03975,1,100.0,2,1,28.26389200092884,1,0
VEN-03976,1,99.66032151768202,1,0,10.20432454705368,2,0
VEN-03977,2,98.27600596206838,3,0,68.28920414618965,0,2
VEN-03978,2,99.26877588666076,1,0,5.494485298354437,0,0
VEN-03979,0,99.59271498587606,1,0,30.04967601891792,0,1
VEN-03980,0,99.33872977828152,0,0,21.300368865098267,0,1
VEN-03981,2,98.98982896132476,0,0,18.28433337949478,0,1
VEN-03982,4,99.93487133622564,2,0,34.25787852694315,1,1
VEN-03983,3,100.0,3,0,29.97579227953077,0,0
VEN-03984,4,100.0,0,0,47.63463951341233,2,1
VEN-03985,3,100.0,0,0,9.991538969198103,0,0
VEN-03986,1,99.06823346036772,2,1,8.946753802531443,4,0
VEN-03987,2,98.05624836211068,2,0,17.698785803378946,0,0
VEN-03988,0,98.12848469922496,1,0,15.758690928186152,1,0
VEN-03989,0,99.28423875398757,0,0,11.195412142106257,0,0
VEN-03990,3,99.80253620292108,2,0,7.024109950420275,0,1
VEN-03991,1,98.76775191183332,0,0,12.287856011909184,0,1
VEN-03992,1,99.72284516216678,0,0,49.47188427626028,1,0
VEN-03993,0,100.0,1,0,28.662192392846467,0,2
VEN-03994,3,98.34070074155768,1,0,33.50988193414343,0,0
VEN-03995,1,98.3749803408371,3,1,12.227349529136111,0,0
VEN-03996,2,100.0,0,0,8.475991723595753,0,0
VEN-03997,2,99.88272786014493,1,0,5.477090295984815,0,0
VEN-03998,1,99.59810810899272,2,0,11.503942077650212,0,1
VEN-03999,1,99.22548368798805,1,0,10.30739587297504,0,0
VEN-04000,0,99.53201039815087,1,0,13.359790423675284,0,1
VEN-04001,3,99.25914123400096,1,1,9.32273383335893,0,1
VEN-04002,4,99.93448345985134,2,0,18.899682430725488,1,0
VEN-04003,1,99.85177102137938,2,0,37.64738183271651,0,3
VEN-04004,3,99.71681925997775,2,0,8.575063663754488,1,2
VEN-04005,4,100.0,1,0,44.60579706863213,1,0
VEN-04006,4,99.69007606175882,1,0,25.930800429724545,1,0
VEN-04007,3,99.36840248158238,4,0,18.47199857672265,0,1
VEN-04008,1,99.39121406472378,0,0,9.640622383182205,0,1
VEN-04009,3,100.0,1,0,28.186617288180305,1,3
VEN-04010,1,100.0,1,0,29.542178337337432,0,1
VEN-04011,1,99.57464987976904,1,0,14.803934453173277,0,0
VEN-04012,2,98.80635462703997,2,0,40.62244040696488,0,0
VEN-04013,5,98.16018336722532,0,0,38.0727634644914,0,1
VEN-04014,3,100.0,1,0,20.2388299489496,0,3
VEN-04015,4,98.74760423704134,0,0,32.85979281379639,0,0
VEN-04016,1,98.76450780672154,0,0,30.675813262675508,0,2
VEN-04017,0,99.19980038917072,2,0,14.761971425909731,0,2
VEN-04018,2,97.80192096335932,0,0,15.284468754367651,1,2
VEN-04019,3,99.21660027425776,1,0,6.777862355599854,2,2
VEN-04020,3,100.0,1,0,16.60133064822011,0,0
VEN-04021,4,99.81760612474125,1,1,18.63820588238669,1,2
VEN-04022,0,99.76016798851408,2,0,16.438760685536554,0,1
VEN-04023,3,99.1059772151456,0,0,43.53992289595512,0,0
VEN-04024,2,100.0,2,0,22.225057830976496,0,3
VEN-04025,5,100.0,1,1,10.038590685910815,1,1
VEN-04026,1,98.2665260836338,1,0,56.089065612632126,0,4
VEN-04027,2,99.92148798581582,1,0,18.84862107791892,0,1
VEN-04028,5,97.7597919841864,0,0,32.54643521872664,2,3
VEN-04029,1,99.15333614023298,2,0,30.72662701182033,1,0
VEN-04030,1,99.93852143338152,1,0,15.617737741831275,1,0
VEN-04031,3,100.0,0,0,30.38965905097639,1,1
VEN-04032,4,98.42886020537443,2,0,26.426221251835116,0,1
VEN-04033,2,99.05149557711502,0,0,12.0285017085011,0,0
VEN-04034,1,100.0,0,0,27.054423557274497,0,1
VEN-04035,0,99.9603249969257,1,0,32.04379150356304,0,1
VEN-04036,1,99.97238772240628,1,0,18.97445356725452,0,0
VEN-04037,1,100.0,0,0,30.00690038106515,1,3
VEN-04038,2,99.05234407885534,0,0,21.7255818330852,1,1
VEN-04039,1,100.0,0,0,12.977450054842336,0,0
VEN-04040,2,99.33787364433928,1,0,56.807420394263104,1,0
VEN-04041,1,99.5032503378395,2,0,17.36269816766308,0,3
VEN-04042,1,100.0,3,0,16.450480901190268,2,2
VEN-04043,0,99.95914841800628,1,1,13.748111578017909,0,2
VEN-04044,1,98.78166473692085,0,0,10.006415103032356,0,0
VEN-04045,1,99.13581543538196,0,0,7.986132151444819,2,3
VEN-04046,1,99.5229122974221,2,0,43.78616241940533,2,1
VEN-04047,3,99.36443374107648,1,0,18.949398001585728,0,1
VEN-04048,3,100.0,1,0,15.685460813431297,0,0
VEN-04049,1,100.0,1,0,5.457414388970584,0,2
VEN-04050,5,99.37521525302895,1,0,26.13182919612189,0,2
VEN-04051,4,100.0,2,0,17.933111252911434,0,1
VEN-04052,1,98.9018444223885,0,0,13.612357060119267,2,0
VEN-04053,7,97.26232653222682,0,0,15.30575323333071,0,1
VEN-04054,2,100.0,0,0,13.7864757696055,0,0
VEN-04055,0,99.48830633032112,4,1,20.080544979253936,0,0
VEN-04056,0,99.02025924775371,0,0,23.093059946953744,1,0
VEN-04057,4,98.64181908656828,0,0,19.581436271791315,1,2
VEN-04058,3,99.79188473390396,1,0,2.1697853776241494,0,0
VEN-04059,5,100.0,1,0,10.415327266439654,0,1
VEN-04060,1,98.2641589029764,2,0,27.763129447926676,0,0
VEN-04061,3,100.0,1,0,18.31029517238513,0,1
VEN-04062,3,99.96398759827277,1,0,28.083825441021165,0,4
VEN-04063,3,99.0201477541247,1,0,11.00279966827762,1,0
VEN-04064,4,99.38152479501863,0,0,26.108772810456795,0,0
VEN-04065,0,100.0,0,0,17.498319676149883,0,0
VEN-04066,3,98.65908863336594,1,0,8.382600870239443,0,3
VEN-04067,4,98.82959674040563,1,0,40.4260496804726,0,1
VEN-04068,1,98.39283183191144,0,0,68.94497651971501,0,2
VEN-04069,2,100.0,2,0,6.983376416890355,0,2
VEN-04070,4,99.34607906844346,1,0,19.063077039261323,1,1
VEN-04071,0,100.0,0,0,26.389218185034736,0,1
VEN-04072,1,98.88477551479852,0,0,40.77420547632811,0,2
VEN-04073,2,99.49990526632364,3,1,1.805539112742392,1,2
VEN-04074,3,100.0,0,0,22.79784828221949,0,1
VEN-04075,0,99.23114944925766,0,0,6.606924599844108,0,0
VEN-04076,2,100.0,1,0,22.761095785722556,1,1
VEN-04077,2,99.29940010077496,0,0,24.575071554992988,0,2
VEN-04078,3,99.87918105549748,2,0,19.063217559335243,0,0
VEN-04079,0,98.57253994585012,0,0,9.62440650492798,1,1
VEN-04080,2,99.22791053516424,1,0,7.088015265018695,0,2
VEN-04081,1,100.0,1,0,29.495096086774065,1,1
VEN-04082,5,99.0850331951939,1,0,38.54760193512884,1,0
VEN-04083,0,100.0,1,0,21.3063186879918,1,1
VEN-04084,2,98.63681866418042,0,0,34.88204585334957,1,0
VEN-04085,0,99.44382185788022,0,0,31.621349447807813,0,1
VEN-04086,2,100.0,1,0,6.0740829885732,0,2
VEN-04087,2,99.43622523141832,0,0,13.080716225006295,1,0
VEN-04088,2,99.61108272909424,1,0,27.41837386927248,1,0
VEN-04089,2,99.0783151677622,1,0,30.09391328895321,2,1
VEN-04090,4,98.08283120240117,2,1,24.292234189465137,0,1
VEN-04091,2,99.472464779577,1,0,10.524430747676709,0,0
VEN-04092,3,99.22930933996184,1,0,8.174908022550373,1,1
VEN-04093,2,99.72896158880371,1,0,14.25773933053764,0,0
VEN-04094,1,97.40290295364268,3,0,18.20336639818446,0,6
VEN-04095,3,99.3929881552188,2,1,11.165851641476396,1,0
VEN-04096,0,98.92020069625548,1,0,18.153140362536718,0,1
VEN-04097,1,98.8732894871886,2,0,29.68107157787407,1,0
VEN-04098,1,99.58646318489676,1,0,24.876454194858415,1,1
VEN-04099,5,99.87658016533432,0,0,4.526238087562719,2,2
VEN-04100,4,99.5713427214993,1,0,47.21560793170509,0,2
VEN-04101,2,98.5151505900693,2,0,12.525948018260545,1,0
VEN-04102,2,99.35278130488756,1,0,31.40268229413545,0,0
VEN-04103,2,100.0,1,0,18.403699789404552,2,0
VEN-04104,2,100.0,1,0,21.261862586551995,0,1
VEN-04105,3,98.40346236179757,1,0,13.6732456459203,0,2
VEN-04106,4,99.65710259882864,1,0,6.828307560994451,0,1
VEN-04107,4,99.30623677990766,3,0,14.890517959346896,0,1
VEN-04108,2,99.35830078312956,2,2,30.01565830546252,1,2
VEN-04109,0,99.0186849099755,1,0,41.47908137518503,0,5
VEN-04110,2,99.13420050050448,2,0,27.09326561437704,0,1
VEN-04111,3,99.3710892213507,1,0,44.316662236078265,0,0
VEN-04112,2,99.55671708626636,1,0,29.848111196531207,0,2
VEN-04113,1,99.04971895477492,1,0,18.772141473934013,0,1
VEN-04114,3,99.94598073069947,1,0,9.06436739771362,0,1
VEN-04115,0,100.0,1,0,4.555406545186012,1,0
VEN-04116,3,99.68044390234316,2,0,7.357595743804111,0,0
VEN-04117,2,100.0,2,0,28.393663007327707,1,1
VEN-04118,0,98.34003834781149,2,0,14.43555534854115,1,1
VEN-04119,3,100.0,1,0,15.811342811605964,0,0
VEN-04120,0,100.0,0,0,8.965762023824517,0,1
VEN-04121,3,99.04285916030594,1,0,8.745540940270903,0,2
VEN-04122,4,99.07444136762312,1,0,11.28358076192684,1,1
VEN-04123,1,99.5922528397206,0,0,47.2652349943749,1,0
VEN-04124,3,97.98943699725164,1,0,17.882094940098263,0,1
VEN-04125,2,99.25224301525414,1,0,21.73280635623257,0,0
VEN-04126,2,99.21317027072278,1,0,6.398668911493096,0,0
VEN-04127,5,99.64946614299129,1,0,9.66310790391104,0,2
VEN-04128,3,99.69686351195062,1,0,3.413795339921817,0,1
VEN-04129,2,99.73674203619316,2,0,4.5350429276638495,0,0
VEN-04130,2,97.93433533694214,0,0,13.350660562495875,1,3
VEN-04131,4,99.2485367453001,2,0,28.26582576250399,0,0
VEN-04132,2,99.11801932045864,0,0,26.18408738308584,0,2
VEN-04133,1,100.0,0,0,18.525095631626627,1,1
VEN-04134,1,99.3366901513708,0,0,12.697007545863716,0,2
VEN-04135,3,100.0,1,0,17.45617288626636,1,2
VEN-04136,3,99.77533278850196,0,0,19.85298003995921,0,4
VEN-04137,2,98.87996732263952,2,0,20.21117734647239,2,3
VEN-04138,1,100.0,2,0,16.991311150271407,0,0
VEN-04139,1,99.86830597740894,1,0,16.969292795744295,1,0
VEN-04140,2,98.9396404874149,2,0,25.859492057732343,0,1
VEN-04141,3,97.89883054136168,0,0,10.082941142662454,3,1
VEN-04142,5,99.00334510125518,1,0,15.841816238380712,0,0
VEN-04143,2,100.0,1,0,24.34336082028601,0,1
VEN-04144,2,98.41331711431594,0,0,17.13978234047843,0,1
VEN-04145,4,98.721261488938,2,0,29.03477674677931,0,0
VEN-04146,1,99.433619988065,0,0,23.444728877366405,0,2
VEN-04147,4,99.08150657892536,1,0,12.5714514923073,1,0
VEN-04148,0,98.82475611160348,3,1,13.802270708555351,0,0
VEN-04149,2,100.0,1,0,10.19198328820426,0,0
VEN-04150,1,99.30123280733234,1,0,30.56592675586003,1,0
VEN-04151,1,99.01089918466197,3,1,13.114781636401307,1,3
VEN-04152,1,98.46991063340391,0,0,28.709737530903148,0,0
VEN-04153,3,98.22603027082212,1,0,33.140296075712186,0,0
VEN-04154,4,98.50424361099732,4,0,15.566556153479787,0,1
VEN-04155,3,98.80768559395364,3,0,43.41348191994632,0,3
VEN-04156,1,98.88351606478268,3,1,35.89453582236833,1,0
VEN-04157,3,99.49714783671337,2,0,42.87839667211524,1,0
VEN-04158,1,99.08828866909008,4,0,17.60714906300936,0,3
VEN-04159,2,97.82897743748195,0,0,13.712391653467874,0,1
VEN-04160,2,99.64042298822564,1,0,7.024964417395369,0,0
VEN-04161,3,99.22591732592429,0,0,15.661559849855063,0,0
VEN-04162,1,99.76146897947118,2,0,29.475849892768554,2,1
VEN-04163,0,98.30901246923824,4,1,26.70769002166353,1,2
VEN-04164,1,99.66982139354802,1,1,26.396523342599878,0,1
VEN-04165,3,99.70186370990956,0,0,32.29296747795403,1,3
VEN-04166,5,98.95220731935254,0,0,10.708422795681631,0,0
VEN-04167,2,100.0,0,0,57.95561565986398,1,0
VEN-04168,1,98.7753320405948,1,1,14.82304414939068,1,1
VEN-04169,2,100.0,3,0,4.522474000170115,0,1
VEN-04170,1,99.03953003536832,0,0,20.52413856527656,0,0
VEN-04171,1,100.0,1,0,17.437496462717526,3,0
VEN-04172,2,99.36481507290488,3,0,10.784873372170807,0,1
VEN-04173,4,100.0,0,0,17.57929122904358,1,1
VEN-04174,1,99.20990769137352,1,1,32.570044721448134,0,1
VEN-04175,2,100.0,4,0,24.928706595874605,0,1
VEN-04176,4,98.07586547960304,2,0,10.75763662548537,0,1
VEN-04177,3,99.04635861840202,2,1,9.473078259828895,1,1
VEN-04178,2,98.8347269661776,1,0,30.61036642290408,0,0
VEN-04179,2,98.73647173222564,1,0,12.810179051482285,0,0
VEN-04180,1,100.0,2,0,32.768272246872385,0,0
VEN-04181,2,99.87191854464,2,0,10.809973630634598,1,2
VEN-04182,3,100.0,1,0,8.032000441234501,1,0
VEN-04183,5,99.87221167413044,0,0,42.71205560752518,0,2
VEN-04184,1,99.313516810554,2,1,39.62437471832729,0,0
VEN-04185,2,99.1612527596056,2,0,32.294403119478844,0,2
VEN-04186,1,99.13142012800456,0,0,28.1770228575512,0,2
VEN-04187,1,98.74995653822845,0,0,38.393050328250624,0,2
VEN-04188,2,100.0,0,0,14.459321533376816,1,0
VEN-04189,0,100.0,2,0,36.14321186626672,0,1
VEN-04190,2,99.7079323244084,2,0,25.79250379176855,1,0
VEN-04191,3,99.68474475282056,0,0,44.8681451729353,1,1
VEN-04192,5,99.74262439758424,2,1,13.83982700535843,1,0
VEN-04193,2,98.99405780889798,0,0,6.824614730968402,0,1
VEN-04194,2,98.56659860408152,0,0,16.484502597874968,0,1
VEN-04195,2,100.0,0,0,15.654890981219838,0,0
VEN-04196,3,99.59632558857648,1,0,33.34794361148129,0,0
VEN-04197,4,98.84125508799092,0,0,29.174692722952056,0,1
VEN-04198,0,98.7575726056358,0,0,6.659718692486927,0,1
VEN-04199,1,100.0,1,0,3.497738107278724,0,2
VEN-04200,3,99.47039803802734,1,0,31.04876559346496,0,1
VEN-04201,1,100.0,2,0,22.75475528781656,0,1
VEN-04202,3,98.89125436340946,1,0,50.80954778240992,0,1
VEN-04203,1,99.86971509325384,2,1,6.290705309222884,0,1
VEN-04204,4,99.89216129244944,2,0,26.489875143440425,0,2
VEN-04205,0,100.0,0,0,17.98516307066551,0,0
VEN-04206,0,98.10742706634056,1,0,38.839811670344965,0,1
VEN-04207,2,98.77352346514512,1,0,26.70989660266683,0,0
VEN-04208,2,98.87900568129704,1,0,27.17376118717377,0,0
VEN-04209,2,99.84844572838097,0,0,30.44337531194187,2,3
VEN-04210,2,98.60256672588854,2,0,8.974353198224119,0,0
VEN-04211,1,99.75758623730732,0,0,28.96167443272811,0,0
VEN-04212,2,98.55481326548724,1,0,17.503610253154402,0,0
VEN-04213,1,98.64738151238134,0,0,28.542676654932915,0,1
VEN-04214,4,99.54569154232166,1,0,10.563726669371867,0,1
VEN-04215,2,97.31595596193424,0,0,15.165938996901838,0,2
VEN-04216,3,100.0,0,0,14.979015757601337,0,2
VEN-04217,1,98.25829593190451,1,0,5.417396318780477,0,1
VEN-04218,4,98.2061890327186,1,0,34.22706827886066,1,1
VEN-04219,2,99.78624576440086,2,1,37.11000031571856,0,1
VEN-04220,2,98.6927311633896,2,0,46.73500306054857,2,1
VEN-04221,2,99.89642354189942,0,0,26.30318704913131,0,1
VEN-04222,1,99.32723909173694,1,0,11.53891665047002,1,1
VEN-04223,4,100.0,1,0,16.71612846358442,0,0
VEN-04224,0,100.0,1,0,41.224989320348975,0,2
VEN-04225,2,98.82233295882294,1,0,46.07767797485265,0,2
VEN-04226,2,99.51019785360114,1,0,34.562650189253056,1,1
VEN-04227,1,99.25588378980486,0,0,9.306775126613122,0,0
VEN-04228,3,98.7404498842043,1,0,17.309871369573823,0,0
VEN-04229,1,100.0,0,0,12.86697913314026,0,0
VEN-04230,2,100.0,3,1,18.26121560333066,0,2
VEN-04231,4,99.20793877552676,2,0,5.028805266151728,0,0
VEN-04232,1,99.26207502584164,1,0,9.468847159231602,1,1
VEN-04233,1,99.73654452487328,0,0,38.056482928308704,1,1
VEN-04234,2,99.5410235850634,1,0,33.11381275218751,0,2
VEN-04235,2,97.40533098102274,0,0,48.75961574804129,0,0
VEN-04236,2,98.18346729486218,2,0,25.22107401532656,0,0
VEN-04237,1,98.70396231888736,1,0,28.97636614881512,2,1
VEN-04238,1,99.2673571410338,0,0,21.19986955351232,1,0
VEN-04239,2,99.86891083944754,1,0,15.852139634549816,0,1
VEN-04240,1,98.55279154650128,1,0,21.28726931317492,1,2
VEN-04241,4,100.0,4,0,15.987541660768084,0,4
VEN-04242,0,99.72777854761748,0,0,45.71689604015985,1,0
VEN-04243,3,99.4894503408694,2,0,16.820040918313182,0,2
VEN-04244,1,100.0,1,0,10.88338002081337,0,2
VEN-04245,3,99.13806158723692,1,0,8.465369616065477,0,1
VEN-04246,1,99.28139906927926,2,0,3.153214253111335,1,1
VEN-04247,1,99.34905077480045,0,0,29.078453615203436,0,1
VEN-04248,0,97.5344190713386,2,0,8.604241628871078,0,0
VEN-04249,2,98.84625721449542,1,0,15.205128765575854,0,1
VEN-04250,1,98.8285509250458,2,0,17.636264600937693,1,1
VEN-04251,2,97.90407749472728,2,2,34.04281667973285,1,2
VEN-04252,1,99.64150069737616,0,0,6.616081030119905,0,0
VEN-04253,3,99.51561303436624,3,1,16.85049147839385,0,1
VEN-04254,2,98.75392825104365,2,0,18.51173230255385,0,4
VEN-04255,2,100.0,0,0,18.56341849345628,1,0
VEN-04256,1,100.0,2,0,26.584303979068267,1,0
VEN-04257,0,99.71347154473916,0,0,31.916514828101445,0,1
VEN-04258,5,100.0,1,0,37.80344123283096,1,0
VEN-04259,3,100.0,1,0,26.346219665874592,0,0
VEN-04260,0,100.0,6,1,24.10005555577865,0,0
VEN-04261,2,100.0,1,0,8.101952447538759,0,0
VEN-04262,1,97.8655416961271,1,0,52.40381388492652,0,2
VEN-04263,2,98.7393284259409,2,0,23.17782852639957,1,1
VEN-04264,3,99.86475973437229,0,0,24.358727497682928,1,0
VEN-04265,4,99.97271976536076,1,0,15.920276991617754,0,1
VEN-04266,3,98.69762586566816,3,0,6.386109801004369,0,0
VEN-04267,4,98.01946128292172,0,0,17.225103654921945,1,2
VEN-04268,3,97.81652155869293,3,0,43.68137796376004,0,0
VEN-04269,2,100.0,0,0,48.11277282022613,2,1
VEN-04270,1,100.0,3,2,39.91764523481116,0,2
VEN-04271,2,99.23612924499926,2,1,8.79899727826189,1,0
VEN-04272,1,99.85727726847615,1,0,11.031320530478167,0,1
VEN-04273,4,99.1520671679007,2,0,21.8986326586276,0,0
VEN-04274,3,99.11617758344406,4,1,35.15110856821739,0,1
VEN-04275,2,100.0,0,0,17.78685227741108,0,1
VEN-04276,3,98.9420570651545,0,0,38.31843876302485,0,2
VEN-04277,2,100.0,1,0,35.809081837846826,0,1
VEN-04278,1,99.58051742509676,1,1,7.043703170932485,0,1
VEN-04279,1,98.28719340444394,0,0,27.543953795231527,2,1
VEN-04280,2,98.31754129335586,1,0,9.930612374554904,0,1
VEN-04281,2,100.0,0,0,22.14589699910161,0,2
VEN-04282,0,100.0,2,0,17.144412331594516,0,0
VEN-04283,4,98.4244215076933,1,0,4.805531347350615,2,0
VEN-04284,0,98.68001001065456,0,0,10.208299369332645,0,3
VEN-04285,3,99.46860876034256,2,0,8.146238305147827,0,0
VEN-04286,1,100.0,2,1,25.62553993525656,0,0
VEN-04287,2,100.0,3,0,12.777298723679603,0,1
VEN-04288,5,99.56891848188356,1,0,28.61219546003274,1,1
VEN-04289,0,99.2126001565404,0,0,54.78886674074443,2,2
VEN-04290,3,99.36655804022205,3,1,32.22145930695487,0,0
VEN-04291,1,99.9738308062657,2,1,11.696419519319608,1,1
VEN-04292,1,99.48324603908526,0,0,6.001510989902107,1,1
VEN-04293,4,100.0,1,1,9.315400811729669,1,2
VEN-04294,4,99.47510098798288,0,0,28.99835367295625,0,0
VEN-04295,3,99.75523910800348,1,0,12.738072496697974,0,0
VEN-04296,6,100.0,0,0,5.568227934905476,0,0
VEN-04297,2,98.6054903534808,0,0,20.330713041972466,0,0
VEN-04298,3,99.13435537094227,1,1,43.96125865515045,1,0
VEN-04299,4,100.0,1,0,14.586467394577234,0,2
VEN-04300,0,100.0,3,0,6.510853812325893,1,0
VEN-04301,2,98.4005395670988,1,0,22.48080046772716,0,1
VEN-04302,2,99.441125787282,1,0,13.930584297903511,1,1
VEN-04303,3,100.0,2,2,11.93440847590757,0,4
VEN-04304,3,99.70325588850989,1,1,10.68096412053168,1,1
VEN-04305,5,99.46694593609678,1,0,25.66386474408374,2,3
VEN-04306,1,99.41647431463008,1,0,17.19669705451979,0,1
VEN-04307,1,99.5602810934503,1,0,37.09629795230334,0,1
VEN-04308,4,98.92415616763084,0,0,33.335108205030565,2,2
VEN-04309,1,100.0,2,0,9.01933699194416,1,3
VEN-04310,1,98.78252772947872,1,0,39.65961901842086,1,0
VEN-04311,1,99.55918126146868,1,0,39.57067067665458,0,0
VEN-04312,4,99.91652037540372,3,1,22.633353237541584,2,1
VEN-04313,4,99.60174704040055,3,2,5.0566924930008055,0,0
VEN-04314,1,99.68538412881615,1,0,20.278270711180674,0,2
VEN-04315,1,100.0,3,0,40.44484497946077,2,0
VEN-04316,4,99.26174029647292,0,0,24.77164671652193,0,0
VEN-04317,3,99.4096429096386,3,0,11.20131248314089,0,0
VEN-04318,7,99.0046333833069,1,0,29.925199096600647,0,3
VEN-04319,1,98.98065263172526,0,0,51.24590107394059,0,0
VEN-04320,1,99.10295739211296,2,0,7.228413902109503,1,0
VEN-04321,1,99.50430860274142,3,0,8.952592537498687,1,2
VEN-04322,1,99.58544987451891,2,0,27.543071655656043,0,0
VEN-04323,3,99.97060738411264,0,0,22.13847676172533,0,1
VEN-04324,0,99.6479795199588,1,0,18.4654037407426,1,2
VEN-04325,3,98.96505061113,0,0,14.079344196651576,0,1
VEN-04326,1,99.61046799964248,3,1,30.9802979727659,0,1
VEN-04327,0,100.0,1,0,10.256156472302065,1,0
VEN-04328,1,98.39423757866687,1,0,10.913739936138947,0,2
VEN-04329,3,99.2029456849003,2,0,8.943858525826682,0,1
VEN-04330,2,99.5494148245563,0,0,18.826199414449007,0,1
VEN-04331,2,98.45726258937394,3,0,4.639010204228329,2,0
VEN-04332,1,100.0,2,1,30.255051709010093,1,1
VEN-04333,1,100.0,0,0,49.40213623276524,0,2
VEN-04334,2,99.10284938124366,3,0,14.704091825636786,1,1
VEN-04335,4,98.0809740655926,0,0,15.643019299499564,0,1
VEN-04336,3,98.4301772048743,2,0,15.943865919880928,0,1
VEN-04337,2,99.97082525053086,1,1,5.580442300837541,0,0
VEN-04338,2,99.23176897924628,2,0,16.635432546258933,1,1
VEN-04339,0,100.0,1,0,21.823278385204,0,0
VEN-04340,5,99.61076943440304,0,0,24.575631699237725,0,0
VEN-04341,1,97.7353652514092,0,0,7.496651042294744,0,1
VEN-04342,4,100.0,2,0,14.95868261687584,0,0
VEN-04343,3,99.88909854460655,0,0,22.662364702115628,0,0
VEN-04344,3,98.3388878912226,1,0,21.35170438885638,0,2
VEN-04345,1,99.6163625528433,0,0,18.4222826311972,1,0
VEN-04346,2,100.0,2,0,38.843437851598,1,0
VEN-04347,1,99.05975366805144,0,0,8.517269871282974,0,0
VEN-04348,3,99.10826766573793,2,0,7.806074509824054,0,1
VEN-04349,2,100.0,0,0,22.887050616758437,0,0
VEN-04350,1,99.14309272504804,1,0,22.766782815697223,0,1
VEN-04351,2,98.90045312511228,2,2,17.636198198359516,0,1
VEN-04352,1,98.52391179089936,1,0,10.849536930814454,0,0
VEN-04353,1,99.28296459585988,0,0,8.271047484643228,0,2
VEN-04354,2,100.0,0,0,51.24483952247253,0,1
VEN-04355,3,99.454588005987,0,0,46.99608463792135,1,0
VEN-04356,3,100.0,0,0,17.424387255307177,1,1
VEN-04357,1,99.84225300191348,1,0,28.415837325464707,0,1
VEN-04358,1,100.0,0,0,23.49983961573908,0,2
VEN-04359,4,98.54345953847272,4,1,29.407815471202245,0,0
VEN-04360,2,97.92267297643885,2,0,3.645368998492708,0,3
VEN-04361,0,99.95886970496224,0,0,19.594932220606964,1,0
VEN-04362,3,99.31096616240268,2,0,22.287905748371653,0,1
VEN-04363,6,99.09054573092952,1,0,8.010380429528038,1,2
VEN-04364,1,99.4560348432352,1,0,30.986928397929063,2,0
VEN-04365,2,99.86989082974618,1,0,9.677054623769743,0,0
VEN-04366,6,100.0,0,0,9.239469577340856,1,2
VEN-04367,1,99.627338405593,2,0,19.45654571580349,0,1
VEN-04368,0,100.0,1,0,11.825606583183722,0,1
VEN-04369,2,99.92334577418312,0,0,14.08299210371452,0,2
VEN-04370,3,100.0,1,0,18.664685562247783,0,2
VEN-04371,4,99.42558933022072,2,0,89.50489687891195,0,1
VEN-04372,2,99.28669038568349,2,1,1.7789511270761291,0,3
VEN-04373,1,99.89033616777192,3,0,56.05420303366077,2,1
VEN-04374,4,98.47794954103313,0,0,13.335373690345463,0,2
VEN-04375,2,100.0,1,0,36.69134305255133,1,0
VEN-04376,1,99.03095803474434,1,0,9.055448740508249,1,1
VEN-04377,6,99.46161199402805,0,0,20.60599285334765,0,0
VEN-04378,1,98.31750925561836,2,0,31.556153290408883,0,2
VEN-04379,2,98.54127770273324,0,0,35.60573111817117,0,1
VEN-04380,4,100.0,0,0,21.67782699239301,0,2
VEN-04381,1,100.0,3,0,18.795921363095445,1,1
VEN-04382,2,100.0,3,1,28.421294347744052,0,1
VEN-04383,3,98.44548139906053,4,0,33.25423861711208,0,0
VEN-04384,2,98.95715061214808,2,1,25.096600637301112,1,1
VEN-04385,1,100.0,3,1,15.73528223827284,0,1
VEN-04386,1,99.43223843458593,0,0,29.43315863257244,0,0
VEN-04387,5,98.7011894096287,4,1,4.4074100544317965,0,0
VEN-04388,4,99.80467441226372,1,0,3.817070439684148,1,0
VEN-04389,0,99.23040221348778,0,0,8.732191485014772,1,3
VEN-04390,4,98.32909698941651,3,0,18.19115502517609,0,2
VEN-04391,4,99.43467745328344,1,0,14.339012966409689,0,1
VEN-04392,2,99.28462090285672,0,0,39.65146652794964,0,1
VEN-04393,1,99.17076694689814,1,0,26.51241888946064,0,0
VEN-04394,1,99.29939770993404,5,0,2.642507714057793,0,2
VEN-04395,2,98.78835728402925,1,0,26.78466367583197,0,1
VEN-04396,2,99.65885519365884,3,1,12.944322029505852,1,2
VEN-04397,3,100.0,4,0,7.060017860356823,0,1
VEN-04398,1,98.95587005706984,1,1,9.716663824277324,0,1
VEN-04399,0,99.54789452932285,0,0,30.332968225417705,0,1
VEN-04400,2,99.14129182007036,3,0,41.0242298377402,1,1
VEN-04401,1,99.4348017108415,4,0,13.153147126017148,1,2
VEN-04402,2,99.27046675214584,1,0,20.893436488639924,1,2
VEN-04403,3,100.0,2,1,33.66307915369116,0,2
VEN-04404,3,99.25151770663037,1,0,14.175663445314513,0,2
VEN-04405,3,99.7402157274924,1,0,27.369506202967663,1,1
VEN-04406,2,99.82681338975242,2,0,14.053865765216711,2,1
VEN-04407,4,99.31285073836452,0,0,4.024332451729089,0,2
VEN-04408,5,99.23646255461364,1,0,33.05679383268706,0,1
VEN-04409,3,99.21976285406316,0,0,9.055876487912572,1,1
VEN-04410,1,98.34042828933929,1,0,22.838168344020986,0,2
VEN-04411,3,98.64192662348744,1,1,23.256938367839982,0,1
VEN-04412,3,100.0,2,0,24.67669148611696,0,2
VEN-04413,0,98.17322509792244,1,0,19.16745318613957,0,1
VEN-04414,0,98.986264003479,6,0,33.63927869588183,1,0
VEN-04415,1,99.90542552568252,0,0,24.60237519934288,0,0
VEN-04416,1,99.06966820730388,1,0,19.15373028425184,1,0
VEN-04417,3,99.77733524934116,0,0,46.41642503510567,0,2
VEN-04418,2,99.21764540213115,2,0,31.284365115332637,1,0
VEN-04419,1,100.0,3,0,19.73532110349295,0,0
VEN-04420,4,98.0291325522451,1,0,17.650233250752223,0,0
VEN-04421,1,99.32754446870572,1,1,11.902666308076416,2,3
VEN-04422,1,99.93202309065713,1,0,4.937197409731098,1,1
VEN-04423,6,100.0,3,0,19.361946467852476,0,0
VEN-04424,2,99.73896318999228,3,0,33.66155654451182,0,1
VEN-04425,0,100.0,0,0,20.797489180309327,0,0
VEN-04426,2,99.48911784393624,0,0,30.68087076532813,0,1
VEN-04427,1,100.0,0,0,25.4525647841852,0,1
VEN-04428,1,100.0,2,0,27.359455497532235,1,3
VEN-04429,3,98.9867557934314,2,0,7.008854375949703,0,1
VEN-04430,1,99.8728858861196,2,0,25.72357928915355,0,0
VEN-04431,3,99.02819963040696,1,0,29.128650939937803,0,1
VEN-04432,1,98.91667114515424,2,0,14.428241001934836,0,2
VEN-04433,1,98.6845322040395,0,0,25.069683607708328,1,0
VEN-04434,4,99.8077259477721,2,1,15.217370165846734,0,1
VEN-04435,1,99.60449231538192,0,0,5.612371838733133,0,1
VEN-04436,2,99.49406558155776,1,0,16.913523924342915,0,1
VEN-04437,1,100.0,3,0,21.73336054110684,1,1
VEN-04438,1,100.0,2,0,47.2662850803262,0,0
VEN-04439,2,99.13438018444512,1,1,18.515489023384724,1,0
VEN-04440,1,97.16903123952828,2,0,12.648690921151776,0,0
VEN-04441,3,98.6234696115607,2,0,9.476998275590796,0,0
VEN-04442,2,99.36716523176072,1,0,14.340879644729831,1,0
VEN-04443,4,99.74001314183506,0,0,5.345520751580223,1,0
VEN-04444,2,99.4382875307426,0,0,27.94453523407484,0,1
VEN-04445,5,99.90694432298356,0,0,35.75172218236876,0,1
VEN-04446,1,100.0,3,0,9.302541934293584,0,1
VEN-04447,1,100.0,0,0,10.64923871717282,0,1
VEN-04448,2,99.0639455965122,0,0,25.24378626945291,0,2
VEN-04449,1,98.5131666476392,2,1,5.505156219799293,0,1
VEN-04450,3,99.09064294766756,0,0,6.630489323473119,1,0
VEN-04451,0,98.15867595216226,1,0,20.806527965796903,1,0
VEN-04452,2,98.3881016260965,0,0,36.104579118227726,1,0
VEN-04453,2,99.71267104493388,2,2,10.610963411511667,0,1
VEN-04454,2,99.3126065458166,2,0,11.634542817920268,1,2
VEN-04455,0,99.05710859914308,1,0,16.15040767965403,0,1
VEN-04456,2,100.0,0,0,70.23719315941507,0,0
VEN-04457,2,100.0,0,0,27.269357572885017,0,1
VEN-04458,0,100.0,1,0,19.78005810653009,1,0
VEN-04459,1,99.72131818704248,1,0,17.051325262660864,0,1
VEN-04460,0,99.23245864111144,1,0,15.095901476187274,2,0
VEN-04461,2,100.0,2,0,25.21316699639244,0,1
VEN-04462,2,99.26694212885972,0,0,25.526263497781677,0,1
VEN-04463,1,100.0,2,0,4.619316383531224,1,1
VEN-04464,3,99.97405537903774,2,1,22.16803747190346,1,0
VEN-04465,1,99.41864061140396,4,2,10.968663045916646,1,0
VEN-04466,4,100.0,1,0,18.168004455299908,0,2
VEN-04467,3,100.0,2,0,18.276817760442636,1,1
VEN-04468,1,98.3133031112303,3,0,35.130162585593325,1,2
VEN-04469,4,97.4904419924646,3,0,10.137235109816686,0,0
VEN-04470,0,100.0,0,0,31.249397687145816,2,2
VEN-04471,1,99.98085917224698,1,0,26.18181630411308,0,0
VEN-04472,2,100.0,1,0,8.264813164738586,0,1
VEN-04473,1,100.0,1,0,34.56702521663441,0,1
VEN-04474,5,98.24474602635554,0,0,22.71408430125739,2,0
VEN-04475,4,99.06327410486736,0,0,18.371128049285808,0,0
VEN-04476,3,98.24231486412852,2,0,24.07592046791048,0,2
VEN-04477,3,100.0,0,0,27.151593759821345,0,0
VEN-04478,1,99.86367423833254,2,0,30.85711020525325,0,0
VEN-04479,1,99.90865214865909,2,0,26.433796521968222,0,3
VEN-04480,1,98.82933058218094,0,0,46.24152739720365,0,3
VEN-04481,5,99.1269771977987,1,0,30.83442087787129,0,3
VEN-04482,5,98.74665507056493,2,0,14.845910991387516,0,1
VEN-04483,1,99.0878398994269,1,1,16.00887573662458,0,2
VEN-04484,2,100.0,1,0,21.92747029032163,0,0
VEN-04485,4,99.84237939513416,0,0,12.67253014765394,0,1
VEN-04486,4,99.48433742309312,1,0,28.869832901303667,0,1
VEN-04487,1,99.94483596746691,2,0,17.539520607559332,2,2
VEN-04488,4,100.0,3,1,49.802975141921976,0,1
VEN-04489,1,98.3555431960752,0,0,18.337356734792984,0,1
VEN-04490,1,98.46554750750953,1,0,18.722448993699697,1,1
VEN-04491,1,99.85137977788833,0,0,12.95789933381242,2,0
VEN-04492,2,100.0,2,0,34.078139379929546,1,1
VEN-04493,0,99.80851478856412,1,1,15.31852009295308,0,2
VEN-04494,3,100.0,2,0,20.68477529816391,1,2
VEN-04495,4,99.75043325135744,0,0,10.16496267732106,0,0
VEN-04496,1,98.76093939420844,3,0,17.795634224788614,1,0
VEN-04497,0,100.0,1,0,10.65228469606941,1,0
VEN-04498,1,100.0,1,0,5.213780464183493,0,2
VEN-04499,2,98.26096991139504,4,1,16.773325913935178,0,1
VEN-04500,2,98.7672417729216,1,0,43.70894078989183,0,1
VEN-04501,5,99.09033562808344,0,0,30.28700204787189,1,0
VEN-04502,4,99.93220082133516,1,0,19.72158501512252,0,0
VEN-04503,4,99.61700096343029,2,1,64.92398070990697,1,0
VEN-04504,1,99.06329927391494,5,0,15.93216794078316,1,2
VEN-04505,3,100.0,1,0,7.766371568618656,0,2
VEN-04506,1,99.55463735557797,1,0,12.787907021146578,0,1
VEN-04507,1,98.6800599560894,3,0,11.987529600519569,2,1
VEN-04508,3,100.0,3,1,26.3323947827442,1,0
VEN-04509,3,99.41938425367609,1,0,15.031397779255006,1,2
VEN-04510,1,100.0,0,0,16.74421322442578,1,1
VEN-04511,4,99.43349497940676,4,0,14.620643770695295,2,1
VEN-04512,2,98.84935203888963,1,1,18.833571674180007,2,2
VEN-04513,4,98.40022089139396,1,0,10.28386533365843,0,0
VEN-04514,0,99.6004131342477,1,0,16.976335015619025,0,0
VEN-04515,3,98.3473705217724,1,0,11.0973209605157,0,1
VEN-04516,1,99.18942064074292,2,0,27.63348076267246,0,1
VEN-04517,5,100.0,4,1,6.3713326133231885,0,0
VEN-04518,3,99.45346488171764,1,1,22.83383742839804,1,0
VEN-04519,1,99.69381675812414,1,0,9.648740181130908,1,1
VEN-04520,0,98.88031228313932,1,0,15.08416528430804,1,0
VEN-04521,2,99.12190986849242,2,0,23.45065659936088,1,2
VEN-04522,4,99.5808460602554,1,0,51.18390867413658,0,2
VEN-04523,2,99.62284003417103,2,0,27.31264525209838,0,3
VEN-04524,5,99.88737703197998,4,0,8.20671200270896,0,0
VEN-04525,2,99.37432084445078,1,0,17.225317421319176,0,1
VEN-04526,0,98.01379934704602,2,0,31.95523379914408,1,2
VEN-04527,4,100.0,1,0,31.195847647811306,1,1
VEN-04528,3,99.821322752479,0,0,13.941410257801293,0,0
VEN-04529,0,100.0,0,0,16.49588557526796,2,3
VEN-04530,2,99.2748377463651,3,0,5.344224772635134,0,0
VEN-04531,5,98.83372528810662,3,0,11.762141397331586,0,1
VEN-04532,3,99.78525996716036,2,0,13.26816070104252,0,0
VEN-04533,1,100.0,1,0,15.771044777349353,0,0
VEN-04534,1,100.0,2,0,21.201810599912086,2,0
VEN-04535,1,98.93612126030244,2,0,9.097890579061447,1,1
VEN-04536,1,100.0,2,1,50.580382554043325,1,0
VEN-04537,2,99.27778777100114,0,0,7.823483825978252,2,1
VEN-04538,3,100.0,3,0,23.73389500475482,1,0
VEN-04539,4,99.27147751662147,2,1,50.33232523338071,0,0
VEN-04540,2,98.30104215493824,1,0,13.558367245672343,0,0
VEN-04541,3,100.0,2,0,1.81507840774088,0,1
VEN-04542,3,98.67350791043508,3,0,26.64022276975903,1,0
VEN-04543,2,98.15284299511802,0,0,20.75069548962122,0,2
VEN-04544,0,99.72173031286894,1,0,17.18668011115852,0,4
VEN-04545,1,98.67771679761331,2,1,5.687891477740964,1,2
VEN-04546,1,98.92544629396949,2,0,16.377121403389708,0,0
VEN-04547,1,100.0,1,0,7.657383698023566,0,0
VEN-04548,2,99.83074257154122,1,1,16.44748082774177,0,0
VEN-04549,2,100.0,1,0,19.915702213082884,0,0
VEN-04550,6,99.64285157170178,0,0,10.289402515684172,0,0
VEN-04551,0,100.0,0,0,11.098578831864131,1,0
VEN-04552,1,99.13117525053693,1,1,3.635792368817013,0,0
VEN-04553,2,98.57141104344758,0,0,14.813138358254346,0,1
VEN-04554,0,99.27756140110122,1,0,26.977463168361368,1,1
VEN-04555,1,100.0,1,1,10.116948418308615,0,0
VEN-04556,1,99.24501364594217,2,0,41.15849952888368,0,1
VEN-04557,2,100.0,1,0,25.587200155908725,0,0
VEN-04558,1,98.38634427364757,0,0,11.132343684972096,0,2
VEN-04559,0,100.0,2,0,10.591070383088235,0,3
VEN-04560,1,99.58064917307638,2,0,20.28549917789934,1,1
VEN-04561,1,99.66784828818916,3,2,18.147297535861384,0,0
VEN-04562,1,98.2872395284984,0,0,8.773174823954786,0,4
VEN-04563,4,99.734531300781,0,0,63.11581188506946,0,0
VEN-04564,3,99.39689531146844,0,0,10.933475745648014,0,2
VEN-04565,2,98.1237941488157,4,2,26.58898921968709,0,0
VEN-04566,1,99.65430977782236,1,0,11.08387496760902,1,0
VEN-04567,1,99.6570569157982,2,1,30.071908077491333,0,0
VEN-04568,1,99.03783110040146,1,0,13.47301756495203,0,5
VEN-04569,3,99.72023767520707,0,0,19.55363316108585,0,1
VEN-04570,1,98.27604130062154,0,0,38.3394610897883,0,0
VEN-04571,2,100.0,4,0,21.13444487999506,0,1
VEN-04572,1,98.49340881320332,1,0,56.40098062917212,0,1
VEN-04573,2,99.89626363486238,3,0,52.16400052605451,0,0
VEN-04574,4,100.0,2,1,12.354113157180947,0,1
VEN-04575,3,98.24287782900907,3,0,22.530383098584117,2,1
VEN-04576,2,99.76933027418173,0,0,31.289054615592093,0,0
VEN-04577,2,99.80344804408092,1,0,21.28570311939955,1,1
VEN-04578,2,100.0,2,0,23.41765839595165,1,0
VEN-04579,3,100.0,1,0,21.330550713227783,2,2
VEN-04580,0,100.0,0,0,38.03080561452141,0,2
VEN-04581,3,99.51073937913296,2,1,22.41491103321745,0,1
VEN-04582,1,98.57236952918826,0,0,12.700615390359795,0,3
VEN-04583,4,99.27506864925516,1,0,4.535649242315563,0,2
VEN-04584,3,98.81548431296854,1,0,19.029538479717274,1,1
VEN-04585,7,100.0,1,0,30.268893552740884,0,1
VEN-04586,1,100.0,0,0,15.14350381076915,0,2
VEN-04587,1,99.68792624101545,1,0,15.67005298641424,0,2
VEN-04588,2,98.85007620659644,1,0,19.752241625148944,0,3
VEN-04589,2,100.0,0,0,31.82491820084888,0,0
VEN-04590,1,97.73514280723622,2,1,10.606347535713809,1,2
VEN-04591,1,99.57505574434788,3,0,19.69012240034633,3,0
VEN-04592,6,98.87325643622847,1,0,13.215681207148045,0,2
VEN-04593,1,100.0,1,0,13.06432847707739,1,1
VEN-04594,2,100.0,0,0,25.65455051356831,0,0
VEN-04595,2,100.0,2,0,23.67730354108367,0,1
VEN-04596,0,98.89100140768208,3,0,8.39698197999677,0,3
VEN-04597,4,99.44960598406544,5,0,27.55942059330522,0,1
VEN-04598,7,98.92618079421968,3,1,11.48265032011981,1,0
VEN-04599,3,100.0,1,0,11.112853040533032,0,0
VEN-04600,4,99.16650568105908,0,0,9.999249636996506,0,2
VEN-04601,3,99.4861992503568,0,0,16.525686021132906,2,4
VEN-04602,1,98.2860446616773,1,0,21.399949290627987,0,0
VEN-04603,1,99.46350983849588,0,0,10.904561098197686,1,1
VEN-04604,1,99.13763796214788,2,0,16.142979577223198,0,0
VEN-04605,1,100.0,0,0,35.2457383869677,0,1
VEN-04606,0,99.81316764595634,1,0,48.22885782839224,0,0
VEN-04607,1,98.14635886844704,2,0,15.226627264411633,0,2
VEN-04608,2,99.69594098124348,2,0,10.86247686387732,0,0
VEN-04609,2,98.62790215835255,2,0,9.696206104353433,1,4
VEN-04610,1,100.0,2,0,20.320567917729637,1,1
VEN-04611,2,99.3892791715245,0,0,30.47470372412692,0,1
VEN-04612,0,97.58537464169147,3,0,33.461072690510946,1,2
VEN-04613,2,99.9587028357075,3,1,9.6421152280171,0,2
VEN-04614,2,98.92031244250438,2,1,14.138201736546469,0,1
VEN-04615,0,100.0,1,0,19.344047341923016,0,1
VEN-04616,2,100.0,0,0,12.472170853167428,0,0
VEN-04617,4,98.46587847083002,1,0,3.0197570690996747,1,0
VEN-04618,1,99.36941697362424,0,0,10.833290236190576,1,1
VEN-04619,4,98.13544658004336,2,0,15.347898098436344,2,1
VEN-04620,5,98.88179662818224,1,0,12.76041446755106,1,2
VEN-04621,1,100.0,2,0,39.89114058593827,0,1
VEN-04622,1,98.87563431319111,1,0,7.884935046532807,0,2
VEN-04623,2,99.01240624384468,1,0,12.081503909688784,0,1
VEN-04624,1,98.87911826304396,0,0,49.432281423298456,0,1
VEN-04625,2,99.14294074831504,1,0,9.20920265240661,1,1
VEN-04626,3,100.0,1,0,19.81624138650131,1,0
VEN-04627,1,99.96338691055762,6,0,5.21054403142325,1,1
VEN-04628,0,98.65463546226457,3,0,16.321924943438265,2,0
VEN-04629,1,100.0,0,0,21.68606553080941,0,1
VEN-04630,2,98.17180347236092,1,0,15.49406500176208,0,2
VEN-04631,6,99.37133882286516,1,0,16.224236225631103,0,1
VEN-04632,3,98.759058815391,1,0,26.015963964446826,1,0
VEN-04633,1,98.63551946002104,2,2,18.32838975421507,0,0
VEN-04634,3,99.71920095891927,1,0,8.5189600989738,1,0
VEN-04635,1,99.77335531559592,0,0,16.14942925798262,1,1
VEN-04636,1,100.0,1,0,36.26186501240933,1,2
VEN-04637,4,100.0,2,0,11.799912294568024,1,2
VEN-04638,3,100.0,0,0,13.802068799135318,1,0
VEN-04639,3,98.7516794470434,2,0,40.8049900860859,1,1
VEN-04640,2,99.4628368205249,1,0,32.52563162240623,0,1
VEN-04641,3,99.53370289690038,3,0,37.29463262319612,0,3
VEN-04642,0,98.4222618843206,3,1,7.086306095813918,0,1
VEN-04643,7,99.37901007744271,1,0,21.214551889758862,0,1
VEN-04644,2,98.812156328583,2,0,12.248728979212718,0,1
VEN-04645,1,100.0,2,0,20.964718451267156,1,0
VEN-04646,5,99.18608346685036,2,0,13.575545654672316,0,2
VEN-04647,7,99.17494732608824,0,0,4.526638697617634,0,0
VEN-04648,2,97.43437385520858,1,1,21.19824546636129,0,2
VEN-04649,1,99.76855679193716,1,0,9.845459413872945,1,1
VEN-04650,2,98.87642971071703,3,0,21.322560008777227,1,0
VEN-04651,3,99.81432282940854,1,0,13.604025202717732,0,2
VEN-04652,3,99.80721001948672,3,0,21.187078202798208,0,0
VEN-04653,5,99.69877281376014,0,0,58.54543540769724,0,0
VEN-04654,2,99.544313282815,2,0,19.81832175236605,0,0
VEN-04655,2,99.49915580479554,1,0,49.13510424853038,1,1
VEN-04656,1,99.51690443055138,2,2,11.691853839201409,0,2
VEN-04657,0,98.83690653377508,2,1,35.88727567573226,2,1
VEN-04658,2,98.89551560697775,0,0,23.6116708959506,0,4
VEN-04659,2,98.69936627767412,0,0,11.881564781641735,0,2
VEN-04660,1,99.48419958136522,1,0,27.288481445271238,0,2
VEN-04661,4,99.283929091358,1,0,17.393058379339045,1,0
VEN-04662,4,99.3638672951345,1,0,36.94390245056089,0,1
VEN-04663,2,100.0,1,0,37.08203910614216,0,0
VEN-04664,2,99.1770739865325,0,0,16.521977151907123,0,0
VEN-04665,3,98.83456363170872,1,0,55.009529404909145,1,3
VEN-04666,4,100.0,1,0,12.104928826742253,0,0
VEN-04667,5,99.66844651588296,1,0,7.581402170013598,1,0
VEN-04668,1,99.19630204674124,2,0,17.13933885890045,1,1
VEN-04669,0,100.0,1,0,25.36838770650231,1,2
VEN-04670,0,100.0,3,1,10.64395846885721,0,3
VEN-04671,0,100.0,4,0,31.36521299981898,1,1
VEN-04672,0,100.0,0,0,9.021454554963247,1,1
VEN-04673,3,99.61457275390312,4,2,5.258799007686694,0,1
VEN-04674,4,97.96345720541731,2,0,6.395296841446203,1,0
VEN-04675,2,99.75276821301986,3,1,11.53137731364187,0,3
VEN-04676,0,100.0,2,0,45.10427971453255,2,0
VEN-04677,1,100.0,2,0,27.278739258276488,0,0
VEN-04678,0,100.0,0,0,6.965254183044308,0,2
VEN-04679,2,98.00849681931656,1,0,31.97920604080952,0,1
VEN-04680,3,97.61745475293736,0,0,4.493804513173869,0,0
VEN-04681,2,100.0,5,0,13.04014329838071,0,0
VEN-04682,0,99.00618516165356,1,0,16.709756084875366,0,0
VEN-04683,1,98.72916758549914,0,0,11.05016873699453,2,2
VEN-04684,1,97.59090253460148,1,0,42.18396049305823,0,2
VEN-04685,2,100.0,2,0,17.215444032633023,2,2
VEN-04686,2,99.50525122505027,2,0,10.10851903908928,0,2
VEN-04687,7,100.0,0,0,19.695947545567936,0,1
VEN-04688,1,98.73653035991744,1,1,4.561893870401762,0,0
VEN-04689,2,100.0,0,0,14.526210519234036,1,1
VEN-04690,0,99.00354522826107,1,0,29.59764636477874,0,1
VEN-04691,0,99.7818847039726,4,1,3.838642271734466,0,0
VEN-04692,3,99.98214027507376,2,0,9.58680870291763,1,4
VEN-04693,4,98.74043557583713,3,1,16.077974176901044,1,1
VEN-04694,3,98.4225393042203,0,0,20.944646859821248,0,0
VEN-04695,2,99.00170452943604,1,0,34.66715820511344,1,2
VEN-04696,2,99.28817179854444,1,0,25.103515178046408,2,1
VEN-04697,1,99.57800822582692,0,0,14.877743705330005,2,0
VEN-04698,2,99.22195299349988,1,0,20.449240706841778,1,2
VEN-04699,1,98.42405086046098,0,0,34.36140036782477,0,0
VEN-04700,1,98.86646542121704,0,0,23.597055707675988,2,0
VEN-04701,5,99.62001215995936,1,0,71.20962560873623,0,0
VEN-04702,3,99.1138179623766,0,0,11.30133866377133,0,2
VEN-04703,1,99.42232608902803,3,0,9.533664715472993,1,0
VEN-04704,3,99.0685066363296,1,0,8.886917700438206,0,0
VEN-04705,0,99.68120574774888,2,0,10.688915321990017,1,1
VEN-04706,6,99.43680810508076,0,0,20.167219771639008,0,2
VEN-04707,3,98.8389417306871,0,0,27.41138112788425,2,1
VEN-04708,2,98.8258192037778,0,0,6.8395947039264,1,6
VEN-04709,0,99.51996154648192,0,0,35.72387206374318,1,2
VEN-04710,3,98.57784085241695,3,1,17.559631650206928,1,2
VEN-04711,1,99.3010671546161,2,0,23.385329339171577,0,0
VEN-04712,0,99.6682593332782,1,0,12.975290312853954,0,0
VEN-04713,5,100.0,0,0,33.52897923852098,1,1
VEN-04714,4,99.518485901021,2,0,27.42359125243379,1,0
VEN-04715,6,98.54625819094775,3,0,26.861471711731,0,2
VEN-04716,3,98.73263133843956,1,1,37.37222640258119,1,1
VEN-04717,4,100.0,1,0,11.866990975279464,0,0
VEN-04718,1,98.45095734733148,0,0,22.63868581201909,0,1
VEN-04719,3,99.69917318192776,2,0,25.07944129386244,0,4
VEN-04720,4,98.2480507211662,1,0,32.89054267814065,0,3
VEN-04721,2,99.9928620846362,1,0,5.375285920424064,0,0
VEN-04722,5,99.27674143113788,1,0,13.628059077539373,0,2
VEN-04723,1,99.58574199974518,0,0,25.213694059872072,0,2
VEN-04724,4,100.0,0,0,39.34565112146285,0,2
VEN-04725,3,97.331170836866,0,0,23.99036410900968,0,1
VEN-04726,1,100.0,2,1,8.928634666757496,1,0
VEN-04727,3,99.46999222674032,2,0,39.60219396719821,1,3
VEN-04728,4,99.23331248530664,3,1,23.415265595544717,0,0
VEN-04729,3,99.48511677622056,3,0,11.749353263730807,2,1
VEN-04730,5,99.54476230906508,0,0,34.101684454125646,1,1
VEN-04731,1,98.9943930881942,1,0,7.924192757518814,0,0
VEN-04732,2,98.59271413818657,0,0,11.596108148446117,0,0
VEN-04733,3,98.67322275460018,3,0,19.17944878459737,0,1
VEN-04734,2,99.52373386609077,0,0,11.871045898248704,0,1
VEN-04735,2,99.9840829119043,1,0,15.929939988620417,0,1
VEN-04736,3,100.0,2,0,11.504428586278866,0,0
VEN-04737,1,99.7551578842606,0,0,24.672839032466797,0,1
VEN-04738,2,98.17585404081586,1,1,30.988111616925885,0,1
VEN-04739,2,100.0,0,0,54.552941958308345,0,3
VEN-04740,0,99.39299838584064,1,1,24.027611523739328,0,1
VEN-04741,3,99.68870503454812,0,0,15.890338379214835,0,2
VEN-04742,4,98.84393780136789,1,0,11.401077419962364,0,1
VEN-04743,1,98.58112428042742,0,0,22.4449554069157,0,1
VEN-04744,1,100.0,0,0,40.22150535284809,1,1
VEN-04745,8,98.98364662405984,2,0,21.58004069081733,0,3
VEN-04746,4,99.54142633998784,1,0,26.097047294370213,0,0
VEN-04747,1,98.57390773931884,3,0,16.578355338246453,0,0
VEN-04748,2,100.0,1,0,25.04335685380311,1,0
VEN-04749,2,99.5057862116142,0,0,35.18589947809606,2,0
VEN-04750,0,100.0,1,0,4.604030057918895,0,1
VEN-04751,3,99.38553477287768,3,0,29.28417086407759,0,1
VEN-04752,2,100.0,0,0,17.536221514015043,4,0
VEN-04753,1,99.28905372312616,2,0,14.91928830497518,0,2
VEN-04754,2,99.8532212596556,2,1,41.16048143318032,1,1
VEN-04755,2,98.9636583379468,3,0,23.82806315131959,0,0
VEN-04756,1,98.46051457786336,1,1,12.63270837575308,0,2
VEN-04757,0,99.91699817293164,0,0,31.14307314795443,1,0
VEN-04758,2,99.08871689735936,1,0,34.83122685724751,0,1
VEN-04759,3,99.08884616030304,6,0,19.29593719278417,1,1
VEN-04760,0,100.0,1,0,4.637315123908332,0,2
VEN-04761,4,100.0,0,0,22.59305720515443,0,0
VEN-04762,2,98.75559536026388,0,0,26.057812020101675,0,0
VEN-04763,7,98.22538550993568,0,0,16.38812698901003,0,1
VEN-04764,1,98.4623564323682,1,0,24.46032111689473,0,0
VEN-04765,2,98.21718389698,1,0,22.517649034483124,0,1
VEN-04766,2,98.65065293937118,0,0,12.326098011103854,0,1
VEN-04767,2,100.0,4,0,9.603864737520118,0,1
VEN-04768,2,97.36815411824006,1,0,32.630443976501375,0,1
VEN-04769,3,99.68098873403746,3,1,22.978174199366503,0,1
VEN-04770,1,98.79585539526228,1,0,15.2770783297277,1,2
VEN-04771,2,99.73057928933316,1,0,7.328363679922597,0,2
VEN-04772,2,100.0,4,0,5.652979862040946,0,1
VEN-04773,4,98.53567831729076,1,0,23.326682351085648,0,3
VEN-04774,4,100.0,0,0,39.77612923208617,1,1
VEN-04775,2,99.26537010028908,2,0,15.94570449012895,2,0
VEN-04776,2,98.856652526725,0,0,43.75906356282351,1,0
VEN-04777,1,99.15855621389932,0,0,29.577606211945564,1,2
VEN-04778,5,98.93078141681828,1,0,22.46736293727492,0,2
VEN-04779,1,97.50441500947088,3,0,19.519234729449792,0,0
VEN-04780,3,99.64818938612969,2,0,46.83870503270411,0,1
VEN-04781,2,99.11866059648176,1,0,11.046465656486308,2,0
VEN-04782,4,98.279918571849,3,0,17.986066200409518,0,0
VEN-04783,0,98.8614062571858,0,0,53.362565133440015,2,1
VEN-04784,1,98.22074018654824,2,0,26.243312338537297,0,0
VEN-04785,2,100.0,0,0,10.746028677261169,0,1
VEN-04786,2,99.16577862987168,4,1,27.64230301414767,1,0
VEN-04787,4,100.0,0,0,36.87719550555561,2,1
VEN-04788,3,99.72213122234562,0,0,21.71011085543559,0,2
VEN-04789,1,99.78043057161382,3,0,14.054057121480652,0,0
VEN-04790,3,100.0,0,0,9.261430197183715,0,0
VEN-04791,2,100.0,1,1,16.068715333740645,1,0
VEN-04792,2,99.84436010105053,2,1,11.686840796433868,0,1
VEN-04793,0,100.0,0,0,36.78360992831569,0,0
VEN-04794,4,99.53772792424196,1,0,6.620211069293901,0,0
VEN-04795,3,100.0,1,0,37.50230094964902,0,3
VEN-04796,4,99.37078159294748,1,0,26.80395913423988,0,1
VEN-04797,2,99.33750109220472,0,0,17.680088260545325,0,1
VEN-04798,1,98.82565020746168,3,0,16.735834052852507,0,3
VEN-04799,3,98.68370942708204,1,0,11.466223864930246,1,3
VEN-04800,2,98.69175014380292,1,0,24.940377138690884,0,1
VEN-04801,1,98.57109186081836,2,0,70.2192221565738,0,0
VEN-04802,2,99.1561704821183,4,1,22.653797324818413,0,1
VEN-04803,0,99.03503978692312,3,1,8.989691165645619,0,1
VEN-04804,3,99.85330712462,1,0,26.959178340442737,1,3
VEN-04805,2,99.07509158366864,1,0,26.10571233446351,0,1
VEN-04806,2,99.9536057526935,0,0,6.735654493047442,0,4
VEN-04807,2,99.15007161897324,2,1,19.574728049106863,0,1
VEN-04808,2,99.04376008585706,0,0,25.778673722444985,1,1
VEN-04809,1,100.0,0,0,13.402864748507591,1,0
VEN-04810,2,98.56795981429404,0,0,17.135328062518834,1,1
VEN-04811,5,99.95893944174485,0,0,25.57013933281595,0,0
VEN-04812,3,99.44940193873464,1,0,33.59009282405675,1,0
VEN-04813,5,99.15561115857328,0,0,18.98787833711113,1,0
VEN-04814,3,99.66144782098468,1,0,13.67330648388883,2,0
VEN-04815,3,99.15168190647582,0,0,11.161964186723678,0,0
VEN-04816,0,100.0,0,0,15.887005169360718,1,0
VEN-04817,4,99.12391790398362,0,0,4.845182386058262,0,0
VEN-04818,1,100.0,4,0,24.72824991239542,0,1
VEN-04819,2,99.33333826563762,1,0,9.747853447683834,1,0
VEN-04820,2,98.6242006072409,1,1,9.887736617363911,0,0
VEN-04821,4,99.59796556292336,1,0,4.3833136462270135,0,1
VEN-04822,2,100.0,2,0,26.732098541561907,0,0
VEN-04823,4,98.8405011857256,0,0,12.336398200719144,0,0
VEN-04824,2,99.84135249006184,1,0,15.07751455978747,0,0
VEN-04825,2,98.43658574638664,2,0,15.11232499347974,1,0
VEN-04826,0,98.8580052476917,1,0,30.738766683296667,1,0
VEN-04827,3,99.82075312128369,0,0,9.174200938550248,0,2
VEN-04828,2,100.0,1,0,16.44038362963032,0,1
VEN-04829,1,99.61205917726085,1,0,22.638205599577915,1,1
VEN-04830,1,100.0,1,0,19.976023292996533,0,2
VEN-04831,2,98.77817216433652,2,0,5.336736556110663,0,2
VEN-04832,2,100.0,1,0,19.831440561948696,0,0
VEN-04833,0,99.46647610765254,2,1,12.73469055005899,1,1
VEN-04834,1,97.49377785079685,1,0,43.38759325283778,0,0
VEN-04835,3,100.0,1,0,17.05022359293213,1,0
VEN-04836,0,97.95160934123624,0,0,36.97289262995251,1,2
VEN-04837,2,98.81845639810716,1,0,18.031637374808355,0,1
VEN-04838,5,100.0,2,1,2.3012838103243176,0,3
VEN-04839,1,99.0097063349016,1,0,32.05513688762708,0,1
VEN-04840,6,99.51905688833072,0,0,11.035679743729112,1,0
VEN-04841,1,99.19119320470958,0,0,12.675613379726492,0,0
VEN-04842,2,98.44923306898043,1,0,18.611606983938856,0,0
VEN-04843,0,99.72588522856034,0,0,14.314720045697308,0,0
VEN-04844,2,99.4342543618817,1,0,21.85612162825847,0,0
VEN-04845,2,98.10186176478942,2,0,16.16519829452879,0,1
VEN-04846,0,100.0,0,0,7.756376569444406,0,0
VEN-04847,1,99.3095858043894,2,0,17.172676600925758,1,0
VEN-04848,1,98.9377524788202,1,1,26.994243342017057,0,1
VEN-04849,0,98.74698849993216,0,0,14.587131102997102,1,1
VEN-04850,0,98.69010977478868,1,0,14.768129971872968,0,2
VEN-04851,3,99.37330491437302,2,0,4.480513154541577,0,0
VEN-04852,3,99.03640461306316,0,0,15.273999424800934,1,2
VEN-04853,2,100.0,0,0,31.23310554132862,0,1
VEN-04854,4,100.0,1,0,4.119498071274317,0,1
VEN-04855,2,99.25230777945484,1,0,8.522945924218952,0,2
VEN-04856,3,99.87910832671729,2,1,11.64750173477496,0,0
VEN-04857,2,98.7512865366776,1,1,13.781451425683308,0,2
VEN-04858,1,100.0,1,0,11.894581196984172,0,0
VEN-04859,3,100.0,3,0,21.64876364972924,0,0
VEN-04860,0,99.04238988693824,3,2,12.4184652258634,0,0
VEN-04861,2,98.83468134539848,3,1,19.804691205421147,0,1
VEN-04862,5,99.6865943129798,2,0,23.6724329090002,0,2
VEN-04863,1,99.24275161539032,2,2,4.4122226457405365,1,1
VEN-04864,3,99.39507225736244,1,0,12.528575581572984,0,0
VEN-04865,3,98.6012322274223,0,0,40.457167776782846,2,1
VEN-04866,1,99.72886258874136,2,0,16.491816021216444,0,0
VEN-04867,1,97.673008866971,1,0,11.714533060225502,0,0
VEN-04868,1,99.11551986171696,1,0,37.21607944179964,2,3
VEN-04869,3,100.0,2,0,10.369021288156077,0,1
VEN-04870,2,98.90136841045005,1,0,26.551823330114317,0,0
VEN-04871,3,99.3133124458452,1,0,1.3295704848084864,1,0
VEN-04872,0,99.33193564601508,1,1,3.9424964432913288,0,0
VEN-04873,1,99.59737556935468,1,0,11.730857526446286,0,0
VEN-04874,2,99.56686020119622,1,0,16.004964644237127,1,1
VEN-04875,3,100.0,1,0,26.059655069765945,0,2
VEN-04876,2,99.46481739950686,2,0,41.285752679855584,0,2
VEN-04877,3,99.55715637261292,1,0,13.430512397407847,0,2
VEN-04878,1,99.32289004126018,0,0,30.414347857725478,0,1
VEN-04879,2,100.0,1,0,22.907838635472,0,0
VEN-04880,2,100.0,1,0,6.839362488662296,1,0
VEN-04881,1,100.0,2,0,2.123892038005426,2,1
VEN-04882,1,99.94336324410678,3,0,36.786487037641145,3,0
VEN-04883,3,100.0,1,0,33.607073922280215,0,1
VEN-04884,3,98.99027866695744,1,0,3.0613454185150704,0,3
VEN-04885,3,100.0,1,0,12.303700423764656,0,1
VEN-04886,5,99.74984374720248,2,0,53.72043798404126,0,0
VEN-04887,4,99.96603668236834,1,0,7.841173094502002,1,1
VEN-04888,1,98.80337200218705,1,0,25.43662025947559,0,0
VEN-04889,1,99.850738005388,3,2,29.518282997198213,0,1
VEN-04890,1,100.0,1,0,22.6429499555029,2,1
VEN-04891,2,99.3188097972996,0,0,44.910079463526976,0,2
VEN-04892,2,100.0,0,0,19.62923485549178,0,2
VEN-04893,2,99.09593204669773,0,0,9.373586667706276,0,2
VEN-04894,2,99.4089487691248,1,1,7.271858989746511,0,2
VEN-04895,0,97.48605635871388,0,0,7.481733196284568,0,0
VEN-04896,2,98.25599828232669,3,0,2.816744545411587,0,0
VEN-04897,3,99.62288159483631,2,0,3.129887204964941,0,0
VEN-04898,2,99.34284683007822,1,0,9.617681255005849,0,2
VEN-04899,3,100.0,4,1,9.983890436857992,0,1
VEN-04900,3,98.6300866560697,0,0,6.337263003516421,0,1
VEN-04901,5,100.0,2,0,35.34066190738541,0,1
VEN-04902,2,99.16398715437396,2,0,39.65836645427212,2,2
VEN-04903,3,100.0,3,1,6.196075287410143,0,1
VEN-04904,2,99.56648331674224,3,0,16.321920552962677,0,2
VEN-04905,2,99.18217030927804,3,0,27.61853186972415,1,2
VEN-04906,1,100.0,2,0,9.34073859966032,0,2
VEN-04907,2,100.0,1,0,33.47680135407063,0,0
VEN-04908,3,100.0,0,0,22.95603972089724,0,0
VEN-04909,2,99.66194083814491,2,0,7.425263806030868,0,2
VEN-04910,5,99.88419594663443,1,1,19.415943404680785,0,2
VEN-04911,0,100.0,1,1,27.286597430915283,0,0
VEN-04912,2,98.81478623612792,0,0,9.690236229461004,1,1
VEN-04913,3,99.77656486166508,0,0,24.943757368495987,1,1
VEN-04914,2,100.0,3,1,10.086612714908076,0,1
VEN-04915,3,99.53668566019336,2,0,27.67955581663117,0,1
VEN-04916,2,98.87057141860168,2,1,22.389067216440427,0,3
VEN-04917,1,98.30595950836926,1,0,30.86981292645608,0,0
VEN-04918,3,99.75826500189916,0,0,11.535822949057506,0,0
VEN-04919,1,99.40670260782748,0,0,42.33690999213331,0,2
VEN-04920,3,99.95199494802604,2,0,18.41503334215973,0,1
VEN-04921,2,99.40093425790585,1,0,31.358985984801947,2,0
VEN-04922,1,98.91753566856208,1,1,3.755197953967616,0,0
VEN-04923,2,100.0,1,0,2.5207461217381053,0,1
VEN-04924,2,100.0,1,0,10.562346987231807,1,0
VEN-04925,4,100.0,0,0,19.83084455855151,0,1
VEN-04926,1,99.11930572274514,0,0,58.73204967022375,2,0
VEN-04927,4,99.91962434690493,1,0,29.627269183451432,0,1
VEN-04928,4,100.0,3,0,4.8914115940612986,1,0
VEN-04929,3,99.49746367242788,3,0,7.26627194874633,1,0
VEN-04930,2,98.97419361740678,2,0,5.009763289333829,0,1
VEN-04931,2,99.5154058957034,1,0,31.67762714263648,0,2
VEN-04932,4,99.8956187282308,0,0,9.89101800841112,0,1
VEN-04933,3,100.0,4,2,11.08368990549949,1,0
VEN-04934,4,100.0,2,1,22.10406012401795,0,1
VEN-04935,3,99.8694220042686,0,0,1.567548077304385,1,0
VEN-04936,2,99.10366302024184,2,1,17.03563489957342,1,2
VEN-04937,4,99.43856212295178,2,0,11.938934709292056,0,0
VEN-04938,3,98.24616476884586,2,1,16.21219597717121,0,0
VEN-04939,2,98.13263338125384,0,0,27.41867065904047,1,0
VEN-04940,3,98.75222904369832,1,0,7.812613288061954,2,0
VEN-04941,2,100.0,0,0,10.885667765960306,0,2
VEN-04942,0,98.44955198655715,0,0,19.922501298392355,2,1
VEN-04943,1,100.0,1,0,25.30802698288437,0,0
VEN-04944,0,100.0,4,0,37.98126116086888,0,0
VEN-04945,1,99.07507763730024,1,0,24.022407578597825,2,1
VEN-04946,3,98.67669135280111,1,0,27.880992195553223,0,1
VEN-04947,2,99.39916120753716,2,1,16.219357154803983,1,2
VEN-04948,2,100.0,1,1,41.32074838409738,0,0
VEN-04949,3,99.64468075929628,3,0,16.560537979997182,2,1
VEN-04950,1,98.56210897123856,0,0,7.26551343308482,1,0
VEN-04951,0,99.57111010047602,1,1,16.22405290246664,2,3
VEN-04952,3,98.51702065091288,3,1,20.618005990397563,0,1
VEN-04953,5,98.24151437910275,1,0,20.29372397725343,0,2
VEN-04954,3,100.0,0,0,22.46227845236852,0,2
VEN-04955,2,99.46369835745804,0,0,22.05676186816675,0,1
VEN-04956,3,99.05243540141784,0,0,19.189464154673438,0,0
VEN-04957,0,99.2032489017012,0,0,17.072176568576644,0,1
VEN-04958,1,98.76451651394524,2,0,9.301727967696989,1,2
VEN-04959,1,98.02987553439166,0,0,16.766136101333615,1,1
VEN-04960,1,100.0,2,0,16.025091461131357,0,2
VEN-04961,2,99.1621095823012,1,0,19.09467938522848,0,0
VEN-04962,1,99.37494545721736,0,0,20.686299231312702,0,3
VEN-04963,1,99.90431680323306,0,0,16.492309160892294,1,3
VEN-04964,4,99.46276206232152,0,0,39.77617921693594,1,0
VEN-04965,4,98.89778076819428,1,1,27.50588078618983,0,0
VEN-04966,2,100.0,0,0,6.961930182766744,0,2
VEN-04967,2,100.0,1,0,38.79274602097837,1,1
VEN-04968,2,100.0,2,0,8.190061039467365,0,0
VEN-04969,1,99.38740142381997,0,0,11.875740420772676,3,0
VEN-04970,1,99.7845830312122,1,0,18.307283431612145,1,0
VEN-04971,1,99.68870192998132,2,0,28.500036396396627,0,1
VEN-04972,5,98.47724604860092,1,0,28.607616079719545,2,0
VEN-04973,1,98.46733383649472,1,1,15.487537374287694,0,2
VEN-04974,4,99.89540284135154,2,0,7.791395225099641,2,2
VEN-04975,5,100.0,1,0,4.971959304363186,0,1
VEN-04976,0,99.55355445596176,0,0,15.700218866558966,0,1
VEN-04977,2,97.90133194933128,2,0,6.406519584026245,0,0
VEN-04978,2,99.6992442085691,1,0,19.08117884776144,1,1
VEN-04979,5,100.0,0,0,25.834543128332733,1,2
VEN-04980,1,99.5292704168241,1,0,15.350463973093706,0,1
VEN-04981,3,100.0,1,0,13.043669406626115,0,0
VEN-04982,1,99.41668343972206,3,0,11.606128856926984,0,1
VEN-04983,1,99.63282296736904,1,1,32.37882984617152,0,1
VEN-04984,1,99.49696862614763,1,0,32.24268125226903,0,1
VEN-04985,0,99.7220807587083,0,0,21.198712365596165,0,2
VEN-04986,1,99.40109307934527,0,0,23.3381818375274,1,0
VEN-04987,2,99.5669626716137,1,0,8.580099788528992,0,3
VEN-04988,4,99.9132929499456,2,0,9.556321415791784,1,0
VEN-04989,3,99.52260731653854,2,0,23.3051640910574,0,3
VEN-04990,4,99.92457966925,1,0,10.86345284770646,2,0
VEN-04991,2,100.0,0,0,10.928747534144271,0,1
VEN-04992,2,99.17717036066068,4,1,15.7622952480478,2,1
VEN-04993,5,100.0,2,0,36.84862470763032,0,2
VEN-04994,0,99.87780638730284,1,0,26.312176996710363,1,2
VEN-04995,1,100.0,0,0,11.602703544344209,0,1
VEN-04996,3,98.5487797090373,3,1,10.889104878216669,1,1
VEN-04997,2,99.07170124115116,2,1,16.49551378800168,0,1
VEN-04998,1,99.364019087404,0,0,14.016198038608035,1,1
VEN-04999,5,99.19817271412468,0,0,30.23642561167008,0,2
VEN-05000,4,99.43568957829248,0,0,41.77840317552751,1,1
