vendor_code,annualised_spend_aud_m,year_on_year_spend_change_pct,category_spend_share_pct
VEN-00001,4.926533513977312,-10.007021534734353,35.8655406324095
VEN-00002,1.3371563565212423,-20.49801290402281,20.248324804612103
VEN-00003,1.568972895770432,-15.67979116935173,11.477776557717135
VEN-00004,4.922636971481035,19.585157649522003,28.034401903131613
VEN-00005,6.082752038914687,11.487311404583556,23.80460500639202
VEN-00006,5.24236264547735,-41.64327136233,21.137661324312727
VEN-00007,2.488795809564451,35.54442281247616,47.32154681905555
VEN-00008,3.660025396164005,47.87647682327067,46.15255140586994
VEN-00009,7.818281949220936,-41.91730871761842,41.695330369366346
VEN-00010,0.8159737861851335,35.3246645886169,62.04395514748404
VEN-00011,2.722449628320679,53.44350639745919,44.32045482829815
VEN-00012,0.1105219775850951,-40.49368566296142,31.59623060981527
VEN-00013,6.136526150914637,-4.616057581863913,11.8420250652358
VEN-00014,1.1492684175354868,-14.937742723628006,36.37757326157769
VEN-00015,1.1833333925529683,34.29520904183934,13.586985638387596
VEN-00016,2.3771704910274334,-3.196588100040765,25.55156908699389
VEN-00017,5.371003472087987,-4.273184298342368,49.18906227478575
VEN-00018,37.751237416434456,19.37418451822929,29.496372622767687
VEN-00019,0.4924617042172688,50.10971998768812,59.722856786147695
VEN-00020,1.0677331356553754,6.335578770087773,22.0545290100382
VEN-00021,3.4957712749535594,-4.709814878907514,12.763480557017507
VEN-00022,1.2221386392698153,0.3224718150434817,44.77669213439076
VEN-00023,6.817766697394545,25.769900996563717,47.02251201350416
VEN-00024,2.2601356194023667,-27.94733599877761,57.89214617290441
VEN-00025,7.198275185336669,7.556166573167464,23.73557921418892
VEN-00026,2.0681623598356293,-17.318872973068647,37.56479827571509
VEN-00027,4.9499253954674,-24.480934295016624,32.173636445369254
VEN-00028,0.9485296565230644,-44.5063245084383,34.73868515400242
VEN-00029,22.900613217439613,-5.904751529855497,62.07940866689792
VEN-00030,0.4191085038154411,37.12566072538708,49.54165082905723
VEN-00031,1.2478966299086085,-45.55128983012271,37.68194523551778
VEN-00032,0.5698270091608458,22.65340020557896,46.210733381177
VEN-00033,6.555656711800848,-9.518551755533451,21.63955143455406
VEN-00034,4.921294641077688,-20.71166300049191,11.606526691736484
VEN-00035,0.711765557434789,17.284642805971814,17.76928397432669
VEN-00036,8.140285171672515,43.38530863534571,39.35275223189678
VEN-00037,1.2606199459040115,48.44581650892054,32.78068639241602
VEN-00038,4.162228216377296,15.659878772480226,47.39957438562365
VEN-00039,5.388900130726128,6.102317695986757,24.88484760413797
VEN-00040,2.0764136172457506,18.571938974190445,20.33526812943562
VEN-00041,7.395255663967849,74.87798149561179,40.27550373225381
VEN-00042,2.319799338724528,0.0976412034632874,17.17886495838777
VEN-00043,3.945632272422896,38.6433061689194,35.344582505094166
VEN-00044,2.0106590602817778,-7.994061778320024,53.21464829880508
VEN-00045,0.348176849147741,-14.426982669175594,33.96561071038144
VEN-00046,2.372897818360061,55.760309596293766,49.14269116207863
VEN-00047,1.0397364815154684,8.071747922694826,55.78740046498047
VEN-00048,12.572299916012271,14.063295347680164,23.333972214284994
VEN-00049,0.6061706989235208,22.76759464573009,33.559393410103986
VEN-00050,10.459604808695826,-16.101519979288724,31.224158308136
VEN-00051,2.233011416233728,-3.833375036700645,24.271084432643168
VEN-00052,4.249589274765239,-9.33526519940266,16.110173764512286
VEN-00053,0.5957654924978875,16.968803801649862,13.164719106876833
VEN-00054,1.9354323645290687,17.899150257853087,7.563278547287074
VEN-00055,1.308548309021652,-8.213818766517928,8.964949647709327
VEN-00056,27.48297506416821,62.74968860975868,72.57755276306307
VEN-00057,1.2734378704730458,7.260778149008901,25.04755228034956
VEN-00058,9.666963962336531,10.775106458117005,18.95139853819337
VEN-00059,9.816859879836894,44.274300214338965,19.61931645676788
VEN-00060,9.518150665704391,-15.623056526972796,45.30815197104236
VEN-00061,1.414444445594342,-6.063538761750372,38.018244815753086
VEN-00062,19.794136918464336,15.70862257053598,10.55189141022455
VEN-00063,24.863466841697523,-31.842661038588474,21.83313538207846
VEN-00064,4.070752375512572,1.5887732856879904,26.490495852657205
VEN-00065,1.6291546306125295,63.37367295537145,46.56390732757476
VEN-00066,1.0547340962260767,57.38262792560252,40.18878524768697
VEN-00067,4.567358576833226,32.224839908441496,24.00225187306792
VEN-00068,2.9194420537741657,39.934316133449386,81.6128296263344
VEN-00069,3.3233943342869923,21.321285978265827,29.60686483578042
VEN-00070,0.6171429090607893,-3.650909083948276,14.592867082649024
VEN-00071,2.818613637098026,52.37657283719323,37.72525823339424
VEN-00072,9.56617553704993,-17.618259879292786,60.72305486510634
VEN-00073,6.663888032148039,34.14846755579144,29.54992916066014
VEN-00074,1.723687472068055,-5.748106294223465,47.04962142164197
VEN-00075,2.4110302331861937,-4.122302370586652,61.88162133879681
VEN-00076,0.540549865796541,22.54384445337975,63.94808104727024
VEN-00077,1.3076381886174269,62.91734807370125,37.38144950844388
VEN-00078,1.8700567697882635,46.57385416657105,27.444848082155666
VEN-00079,5.456178896079206,17.14654257354914,48.075377439762654
VEN-00080,1.249842106346175,9.697560375269063,13.826782279252932
VEN-00081,0.8697204722692555,29.099856303635143,25.20555309899903
VEN-00082,6.255411915631032,44.85941806361682,23.57140131968069
VEN-00083,1.7076783538566558,-39.53505339072604,24.75031697752917
VEN-00084,1.0802157318060224,4.57073030140498,34.85659599317899
VEN-00085,6.643594007989119,-20.41571441874801,43.6774424166556
VEN-00086,4.50262751995072,2.095640576070488,71.29628146946841
VEN-00087,2.163617697219541,-25.96342456864879,4.924061008225394
VEN-00088,1.847052634096641,-40.76384455527949,35.836701391994765
VEN-00089,4.126712156925192,-27.619783737068275,73.12810043659303
VEN-00090,4.916721985016882,-6.944715877809189,30.758227510667503
VEN-00091,3.420555215793397,23.836717856917915,28.321648744524392
VEN-00092,3.1040370521075538,-13.9752908668796,14.09656729990676
VEN-00093,1.3947463804112914,-15.374025345901847,24.723429959639446
VEN-00094,1.4897794054554976,18.684347454740845,24.87697001551229
VEN-00095,2.250141211883937,15.74330065591901,7.997270789830048
VEN-00096,0.9443947790187944,53.95902041277947,33.88059053708249
VEN-00097,0.8303953410772418,33.23652878657869,3.312309181411466
VEN-00098,2.46278738920972,-19.699288149434924,28.424284659815434
VEN-00099,8.071912448633864,-10.105311180542852,16.350606652450363
VEN-00100,0.2779811774585691,28.15496837250142,25.24601806664594
VEN-00101,1.7672375888459304,-15.936873967922264,33.7514940593505
VEN-00102,3.668454023711873,-0.7571942123629629,41.6108362630648
VEN-00103,8.842203687841863,-38.18217602924441,10.907581775002608
VEN-00104,19.685612402241738,-27.278827575591443,61.448219990130525
VEN-00105,2.047008562191419,42.00328151757387,43.15954042880123
VEN-00106,23.80214688057565,12.514207124959642,4.685885292092485
VEN-00107,4.486723291752138,-8.983252092019946,34.75419485641672
VEN-00108,6.656883386340248,-5.189525426372434,44.50025792671194
VEN-00109,0.8420511646472083,54.31309769083726,37.93513019587162
VEN-00110,4.476047216669151,-9.734002706197655,30.01806171319636
VEN-00111,7.320062343969126,20.780887009491188,46.4520748863882
VEN-00112,1.2734254325017036,31.52941835009564,73.60931369638838
VEN-00113,0.1547150394929232,47.01421003508206,41.14683014456228
VEN-00114,3.2024229083517617,-14.978701404839114,38.451457712397605
VEN-00115,2.14592788928076,-29.78495501264265,36.01576855462032
VEN-00116,11.925489922421312,-21.799196266921,8.839335915614788
VEN-00117,1.503592438205256,27.737827621805724,37.32705673340714
VEN-00118,1.251683143581383,61.78144382105464,51.2719447153815
VEN-00119,0.7493395172075484,28.676403075061916,53.500460896316326
VEN-00120,1.359215384666108,-9.806405500167166,13.750751820718834
VEN-00121,51.09311930627532,40.071292120443935,52.94260180188323
VEN-00122,0.4745846814632237,-4.66560175751,24.433408925764443
VEN-00123,0.6257401569375831,-14.456070924480263,54.99551686497131
VEN-00124,2.56066510376576,-0.9486394766550356,28.442068600247023
VEN-00125,23.855667824862252,-7.690329857137357,11.83856420082837
VEN-00126,6.14537671132795,-10.951210920577935,46.80216694222935
VEN-00127,14.99267127161732,40.98745423546573,16.746794139759263
VEN-00128,1.779696024024865,-5.925907132757567,75.09693252293773
VEN-00129,0.5891259567341782,-34.85683878612071,6.587986564062652
VEN-00130,1.6584158349078977,23.818500207306634,14.704833815181592
VEN-00131,2.3698489833064755,-17.77508371980506,41.096389391425554
VEN-00132,2.751243580853481,-16.904685908146746,34.36890698358283
VEN-00133,2.148169648817684,26.93348393642769,32.12659604975629
VEN-00134,5.205979984173317,-11.58654887988082,37.460352268171725
VEN-00135,1.242209358883281,-4.226878020418205,8.114383591896585
VEN-00136,0.9803217849639352,9.138751799177475,55.56435044873096
VEN-00137,0.7224689405738217,0.2687633390046704,8.945601410179366
VEN-00138,3.4059673256004457,-3.5888723260762507,54.61418558744621
VEN-00139,3.0536145492792093,-55.259417554792606,36.27323607845192
VEN-00140,9.03011357197044,3.33270428219861,5.929260756789133
VEN-00141,14.90488871547094,51.56327528394111,14.268333419897724
VEN-00142,0.7202821368551673,25.000389317337547,17.14654481151903
VEN-00143,2.789532166043444,-2.138534505230391,42.34835333092627
VEN-00144,2.168655631003137,20.6948591910858,47.51167901689541
VEN-00145,0.5013744283742153,24.938748400758783,32.15612002156765
VEN-00146,1.5204632750017684,-14.735645024107884,35.755763707744016
VEN-00147,15.23018303881476,41.94371809929516,16.042243346615308
VEN-00148,1.355305811224377,12.403011566586205,33.74749822240498
VEN-00149,1.1287554773091664,-0.4329022923359655,49.19421964655244
VEN-00150,2.567010559916969,50.941799594429455,16.158681614000557
VEN-00151,7.410219284778374,-47.84492985921871,38.28609069269351
VEN-00152,1.9442097012574169,-23.746852138787283,17.714735797692036
VEN-00153,3.1281918722378395,25.323266529060906,39.02898441696179
VEN-00154,0.2202352140177307,26.200266620898077,64.47291788724588
VEN-00155,5.101622882758663,52.46332631350444,32.83317456518131
VEN-00156,3.4668442814238465,-52.91150328913093,60.93551947195154
VEN-00157,7.193288398913704,31.184877548964128,37.59331649959629
VEN-00158,0.3484058254506211,-25.624423022062267,39.45631751171771
VEN-00159,1.9489062060925455,19.31029495808649,30.64484508149677
VEN-00160,7.850679383039513,6.244542717725899,46.78032669971882
VEN-00161,1.4731006870187846,30.947299723725603,36.46782755201946
VEN-00162,2.875304313858306,1.6448961073458692,15.684029354555676
VEN-00163,1.7322345462176714,35.29742996959879,37.54138599547056
VEN-00164,1.779556908093867,-14.358274045049114,20.02471352145395
VEN-00165,9.814364789000315,5.801007799425738,12.966729524440057
VEN-00166,0.5679444669182815,13.205196644631584,67.74383423810092
VEN-00167,2.572032674405674,53.27093405052377,66.63888540540925
VEN-00168,3.5856436481272134,30.48961621879252,35.764846402253774
VEN-00169,7.628648943875389,13.517721102079664,47.78433262636289
VEN-00170,2.3770255540570417,25.27476870975443,48.88515912488174
VEN-00171,7.891361074904463,37.32618412741675,17.94321397944359
VEN-00172,2.5597411212743197,18.112489637624208,68.26672853426354
VEN-00173,3.100294217162135,-19.681571669251618,31.93231005488633
VEN-00174,2.972705595583885,24.96612852734432,15.18037356535889
VEN-00175,5.589028475817583,7.235511967398636,18.716551972056404
VEN-00176,4.932790567796768,-1.530708516718855,41.6793909865193
VEN-00177,0.7990233518011548,-13.201424902759651,17.555692262552054
VEN-00178,3.4512056132000897,23.641970519577413,39.42449568826285
VEN-00179,4.926987521232065,21.82402228548265,72.21076069555714
VEN-00180,13.570577286890304,-17.800283172979853,11.948735747164225
VEN-00181,0.8962621500904192,-21.86503559981517,7.899754890368392
VEN-00182,4.914998344753254,59.07383893390273,36.09099003348152
VEN-00183,1.853966197133294,31.23694949640699,29.37709329586272
VEN-00184,3.356984694522532,10.34153755247814,15.334942759811645
VEN-00185,0.8345625638258377,24.36861964755973,15.382437417863173
VEN-00186,2.678559574334915,-4.628796139191564,38.147985172337656
VEN-00187,3.860582944034116,3.3452724322280742,16.16518827339667
VEN-00188,0.9350650489928672,8.579638523112077,44.48137496266561
VEN-00189,13.378340308314309,34.03617540711942,9.876860449094131
VEN-00190,0.4972589078419919,-30.159810772501544,78.96430872789391
VEN-00191,4.910188311556483,-19.546969500243435,13.48736511872633
VEN-00192,0.1880056643446202,-25.068022288672942,44.21530574153592
VEN-00193,2.0534436470935,31.034175391651026,34.050324834763074
VEN-00194,4.607108979662609,5.2753310855386335,55.75930485523547
VEN-00195,5.952976615642189,-16.74219210815169,34.97892473420545
VEN-00196,2.4207796679242084,2.01893634705846,9.11616103375544
VEN-00197,2.083841271251672,-9.05874537660952,10.955913936364553
VEN-00198,5.074294460742334,-30.73243317178993,35.6646608946739
VEN-00199,7.734793587338673,42.029475778833344,53.0767801850695
VEN-00200,12.398492010296236,3.9677367617874335,26.84592717076264
VEN-00201,0.6571159676185951,42.65312778722625,38.44776480587201
VEN-00202,2.179923198185372,-31.11702270563569,50.31763158118158
VEN-00203,0.2434398993088824,21.615441925375585,47.170371835386895
VEN-00204,0.6039578006602354,-30.947626305973323,55.57934750084158
VEN-00205,1.252910626425355,74.02530752092744,9.178658958850107
VEN-00206,7.039331269360776,-38.6953672960263,14.452853916588262
VEN-00207,1.6016231983151132,56.49224842639947,12.649364340294996
VEN-00208,1.978103823051144,7.4647441136865105,64.95844986410513
VEN-00209,3.781170962875973,3.065939119790218,21.50317854069856
VEN-00210,1.3000238880403765,23.912203946245608,45.41449182508261
VEN-00211,0.3029633354404281,-17.32662889227056,7.829277092759677
VEN-00212,1.19659602639786,29.197917876667617,36.769857308880674
VEN-00213,2.380247280911919,31.17515090317931,3.841900585657752
VEN-00214,4.550827494507734,8.321622597194784,35.61343081443301
VEN-00215,2.1661948989832225,14.751409053412557,26.788264011748563
VEN-00216,4.468339752189888,60.1004191961981,52.910518063598346
VEN-00217,7.517071965159368,25.581799442753248,21.559566790201963
VEN-00218,9.32425148042346,-13.119552610716024,15.267023756511453
VEN-00219,3.285570596276283,28.26439056319797,35.16019089711497
VEN-00220,0.7781188237000354,-6.524216948319593,45.339133750464185
VEN-00221,0.6910683154609738,-11.751882573549809,70.76127797297464
VEN-00222,0.7656309519256507,21.841489694137906,45.78240372387748
VEN-00223,0.8332887532064868,-19.25272372743517,27.707347571062048
VEN-00224,3.0323757765962327,9.252646732674108,64.40703999295307
VEN-00225,21.675592608057475,26.19131180122512,14.978516212508888
VEN-00226,3.431837477549872,59.562182099998445,35.73797524706774
VEN-00227,2.478381492203872,25.23502470764618,51.930800863476456
VEN-00228,7.830917581884813,-31.689152407201757,69.86239787425191
VEN-00229,1.0926215525751652,-27.47227003978852,45.75888213178263
VEN-00230,8.552626957298436,54.61131089323501,8.892103324366708
VEN-00231,7.882980082309393,-9.12485997638406,26.3691813650798
VEN-00232,2.9005395955531186,-32.94456599100233,44.10550131067669
VEN-00233,27.197375309558414,-19.12877015021426,13.563669879893384
VEN-00234,9.26973042558106,29.44152106835521,33.53542499786893
VEN-00235,2.857447744761876,11.04667326029996,18.308188327235275
VEN-00236,2.320962010307534,25.478032872565823,8.679419527529989
VEN-00237,1.6902859566932835,7.1088465783772685,54.61508025192946
VEN-00238,2.354165287745978,-21.777044173383118,38.73846078015551
VEN-00239,2.430317415546177,-40.2557429580324,48.00479656686164
VEN-00240,1.9127857786313336,-14.53385616710785,58.69366857436352
VEN-00241,2.148206380127129,11.287727871689812,31.28933933889314
VEN-00242,0.7321702689610299,-23.95589390870312,17.510158526586476
VEN-00243,1.4550612130878646,34.53835583690022,57.75860714160627
VEN-00244,0.4690785945095653,-19.00184696259316,25.731180440539177
VEN-00245,4.28823718939203,-36.6031987581556,19.461358300496677
VEN-00246,2.968523361798962,8.017866975164072,28.688139018797354
VEN-00247,2.3753742066415127,28.539504661047904,38.81719938015839
VEN-00248,7.205588570517087,48.29913522188654,32.793790096378714
VEN-00249,1.0513783773314946,-35.518525603780915,9.842687752486514
VEN-00250,1.2436962531460205,46.43962660630074,39.11397271808302
VEN-00251,0.5329467421450662,13.003998762053584,59.36131570245279
VEN-00252,8.375585839503875,-8.767116898955113,42.94759374315841
VEN-00253,5.29141581601871,26.38194352786778,38.883623487652976
VEN-00254,11.734640425586988,44.595393706411706,72.50084696682897
VEN-00255,15.499806007806605,-37.33485322077608,29.614470832457613
VEN-00256,1.7043769250818677,-3.6351612360686136,13.46053643601716
VEN-00257,1.243259853670431,-6.706226613857909,26.747374276743724
VEN-00258,0.3771875963168286,24.90167905471456,47.252346017641145
VEN-00259,0.8123811151685221,47.42079455583394,59.98651483374774
VEN-00260,1.9014246161608248,9.981800180238476,4.5958900633995725
VEN-00261,0.2816635322675133,0.1109079606527911,33.097280774365146
VEN-00262,0.8310504787013808,20.02474232229116,44.12139209991389
VEN-00263,2.4815459993312263,1.6691220777269633,29.17444800738997
VEN-00264,7.2629141455824895,-50.57785686321178,4.942886369721958
VEN-00265,1.235174839836466,21.959742493369824,39.16190822949089
VEN-00266,3.129201095251943,34.613247058741976,21.090415637226634
VEN-00267,21.118173491642803,36.98980601688602,58.98831669805876
VEN-00268,0.3728243140977703,-23.21184961297755,9.188254025080331
VEN-00269,8.975152525780636,24.39326948898802,14.45012875435299
VEN-00270,4.1323652554696375,49.38472144664313,12.32982196901852
VEN-00271,10.948301759043815,76.32666164737381,35.75140553961938
VEN-00272,7.8741215645799505,20.93117294274225,50.254055069329226
VEN-00273,1.3105899729546249,34.56424579607956,31.51330835163782
VEN-00274,2.72367427214315,-18.8008661509409,23.242789119364065
VEN-00275,0.5452025979180101,-22.33178769056195,23.5287276071086
VEN-00276,1.529238648767162,34.657955121077165,24.558979442890816
VEN-00277,2.807158733577724,-46.96889033795723,43.89175220063312
VEN-00278,3.795991658234474,12.194412877243868,15.17697332603424
VEN-00279,6.477791149208523,46.62617083513997,11.431440932621454
VEN-00280,15.505884802872234,27.239829778148856,15.606876122702756
VEN-00281,1.683542243552515,27.06387220675133,31.1030424901767
VEN-00282,9.575858368383695,6.664285239899057,39.73114127061859
VEN-00283,3.6474668863187913,-3.0669440807706003,24.732961260336804
VEN-00284,0.645223255390766,66.1789337136139,17.351943659580158
VEN-00285,2.303791445035068,41.30839219453728,56.87750222389821
VEN-00286,3.0878283320234003,30.84893727110394,59.19871207209289
VEN-00287,1.082889511360272,8.751833926783574,10.424207370919271
VEN-00288,0.8653490376422192,-7.771222857927796,28.131009301668247
VEN-00289,0.8339565792085426,37.150152548535104,27.23775258609111
VEN-00290,1.4949549295083815,-0.2858446779028263,7.469238569035092
VEN-00291,1.0501227232949923,10.125061033303316,30.09338389531424
VEN-00292,10.521792972182167,24.62369811869629,37.51141177580156
VEN-00293,0.183374815062335,13.655598517664622,46.79087272598878
VEN-00294,3.0722142159849777,49.84985300884803,20.1319651381742
VEN-00295,4.860521988003614,-27.63880745533195,38.18154791773178
VEN-00296,0.9426054325777332,9.818087455714767,38.819063850897365
VEN-00297,2.1062200094398023,65.72773709486742,23.84404686347263
VEN-00298,1.86579546381126,32.22044194154291,36.998634417053175
VEN-00299,2.49648615909104,2.679808133877814,37.98792622766204
VEN-00300,5.636299631947128,29.568161324085857,13.30315697442048
VEN-00301,5.107547507436658,6.711073667799251,25.1115518629357
VEN-00302,1.4049819665648375,47.59203078975512,24.48916286582684
VEN-00303,0.5194954078714888,30.173832525118787,63.31414646564819
VEN-00304,3.259505374536161,-15.395949986499264,35.661453194487926
VEN-00305,1.320036061612018,14.435766056149344,36.903392032306336
VEN-00306,1.521153724396508,19.302893166295835,47.100554853785134
VEN-00307,3.4756831792721057,20.63892987069197,29.64582978304913
VEN-00308,1.6844197315903515,16.606234499664865,19.697918104971706
VEN-00309,3.809079556796757,23.248107883163712,34.14642740906224
VEN-00310,43.12669258724871,19.31368516389641,25.592705011751924
VEN-00311,5.780144311015869,-11.472070839533188,63.28009776362544
VEN-00312,11.933954925555488,-4.324821781737468,19.642258886157528
VEN-00313,4.768264608865652,1.1375116054978838,6.482706983296274
VEN-00314,2.958935368063329,10.579326927706056,40.71382615969139
VEN-00315,4.848508068155071,1.2256838212364205,33.67314826763162
VEN-00316,4.595322588336311,37.77776829004395,77.89560757939796
VEN-00317,7.022266355803652,-17.923460833215724,55.0351020212399
VEN-00318,2.90171821782342,-38.83497758313562,28.20143215819924
VEN-00319,0.6445858052226582,61.10479305040277,18.41028467693936
VEN-00320,0.5406649356516443,-14.07258244584763,9.660064586696189
VEN-00321,4.514783473977999,37.71019058845261,38.72793313041655
VEN-00322,0.7875608347510775,24.43192139145169,42.36688566609636
VEN-00323,5.783849173768772,-13.12108492146846,11.295983377825912
VEN-00324,11.852271282283352,4.409790252400767,33.07222129579199
VEN-00325,2.132455566733616,0.3872405779360939,54.74244854269807
VEN-00326,10.303471202708185,17.622258031638147,29.913816739588466
VEN-00327,3.6140602405661246,-12.720536943871942,6.166457408062011
VEN-00328,2.796901062743595,3.2340596843030003,48.04872683135215
VEN-00329,2.9450647205395453,6.994197180536089,24.874005297888992
VEN-00330,1.089876710724043,37.749161884972125,13.800427290507535
VEN-00331,0.9469603125855112,-3.1000555630092563,45.37608369619079
VEN-00332,0.4455503468484982,-18.34262779935653,40.52402194670309
VEN-00333,1.2136032934509955,-6.707284831880143,9.149131014374795
VEN-00334,28.597899016089222,17.909791222644387,19.0704875389722
VEN-00335,0.525869523545129,-39.832914975863766,27.379188554441363
VEN-00336,0.7451340497929333,40.327509514972654,32.96427446407527
VEN-00337,1.1205852853075742,8.530590441272922,60.16316231766555
VEN-00338,1.1799586793696717,19.696833997225397,15.9293491366448
VEN-00339,3.655585526409616,13.91797756296333,37.005888760200186
VEN-00340,1.3868118576841633,-10.018768843096773,18.54179479082709
VEN-00341,2.185037114523244,-21.2193690947446,12.163785421146734
VEN-00342,1.0677450328503035,-10.91292807874867,18.474353259386703
VEN-00343,1.611644799773162,-32.66279661384068,40.3932540422586
VEN-00344,2.545578620835073,17.402830405683112,17.734699555514066
VEN-00345,2.3443059180831107,3.605662065809245,15.37693238504812
VEN-00346,24.0188881931161,-33.42670112065804,17.199135610380733
VEN-00347,2.6352937339784224,-8.645659068730819,38.15814456492379
VEN-00348,2.158220555431448,25.607661844111828,9.59000072519474
VEN-00349,0.1743551511200357,42.911616162777655,22.352070948177857
VEN-00350,3.539261034767736,-26.664859837169026,18.320567818006527
VEN-00351,0.3095628912996006,66.35749787072331,47.36234816014706
VEN-00352,4.987150226968989,-17.904160056324248,29.216782545874388
VEN-00353,3.179293846934857,-38.028598557640976,36.54322599203233
VEN-00354,6.538363390779318,55.45132558925165,11.871247393066692
VEN-00355,1.3527345735041634,-20.102573704716185,36.8089198594674
VEN-00356,2.8001634090257754,49.14348631235352,37.736874998042175
VEN-00357,5.716419091455796,-9.952193971883824,25.07415849008765
VEN-00358,0.9777485367214928,0.0861772030683747,48.0379093833044
VEN-00359,5.31768329147939,-27.238056399245984,18.99782113993721
VEN-00360,5.056536547662245,42.490848352482224,49.42359372543004
VEN-00361,2.3435010444950803,38.78196528362626,6.53060546321426
VEN-00362,15.431134986405972,-9.833218431278858,14.65017703879974
VEN-00363,4.792769228217784,5.978064557839575,48.00000799908594
VEN-00364,0.4310340138157484,25.87650547950442,53.1269175446965
VEN-00365,8.065187123845265,-4.72817918371042,33.67435106242179
VEN-00366,1.3179535990589186,44.83396978949567,71.26420011681502
VEN-00367,6.536810814312183,5.142010205150328,29.562406260508457
VEN-00368,3.7624862985617193,-6.025962824097929,40.92062511997059
VEN-00369,0.1486863730086829,-34.73654671473436,13.331641843760597
VEN-00370,5.287531001958664,-26.930243827662608,27.670908194333688
VEN-00371,2.130119571052119,23.890833071783163,8.212988766978205
VEN-00372,1.639855841868484,14.357091318567344,42.19460989533079
VEN-00373,1.7084425842994022,30.02416871189705,10.352466693054122
VEN-00374,6.473822523525404,-7.196902093278185,52.657947176401365
VEN-00375,0.9866915301532432,-36.31520777968294,27.205987730857217
VEN-00376,9.249864575107573,-5.400434042567175,21.224355875152987
VEN-00377,0.5108828644076752,63.0239549084632,42.36670660222477
VEN-00378,3.763177259440418,-18.050256337312376,37.48945900201585
VEN-00379,6.357813729545256,7.016445787892485,38.51370493014864
VEN-00380,6.188471681241013,-57.16636794367628,8.372216551081687
VEN-00381,3.3283792127491663,-6.03660000850277,13.651591513663876
VEN-00382,2.1652259084247616,-3.1762532752076247,24.84410244819194
VEN-00383,1.484408768357519,16.959853039904672,30.49861678461915
VEN-00384,0.7084594320129791,-0.58457349133724,21.277029123584747
VEN-00385,1.278596366723114,-33.001749160391725,6.194750188476449
VEN-00386,0.9441061895310272,-9.92550680990038,25.136420703008067
VEN-00387,0.7883225865095724,2.4927405658046267,39.072140736529605
VEN-00388,19.76833727583761,-18.896522673044647,16.66611356438811
VEN-00389,0.4100935487440457,-14.973311472360177,50.42509555456649
VEN-00390,9.375132141436454,35.13992510579327,15.44417877388265
VEN-00391,0.6975701219234989,-8.871704347228828,16.736034130803663
VEN-00392,0.8830804079012818,19.87878731473007,17.688514907402297
VEN-00393,0.8673408841341087,3.2220736679667565,15.102954445870218
VEN-00394,0.8012972250321418,-25.20904409171069,10.563772222504134
VEN-00395,7.50178141264146,-0.9900596954996086,1.0
VEN-00396,5.192439163657148,15.856615958483951,45.73865495483262
VEN-00397,2.1046326839894776,54.89309923489717,35.170847233054644
VEN-00398,53.41506558041262,-12.850587837538876,26.53624779620359
VEN-00399,2.668724302184564,5.698325286512913,65.91055696156998
VEN-00400,2.903345962759698,32.54523445324876,30.52042422675012
VEN-00401,1.2786417744439995,42.03414232486891,19.164865651236592
VEN-00402,1.1216412798225808,-9.520663529369171,27.728882936404812
VEN-00403,1.5122148793124808,3.7935962085495953,56.56141410545672
VEN-00404,6.937227207289548,38.04279075397966,73.72505999248487
VEN-00405,5.094872046718598,21.8091793466008,21.82917682926377
VEN-00406,11.242059678223798,35.90299174698258,12.137679671435416
VEN-00407,1.235178258658019,39.62842029027576,24.90628684416545
VEN-00408,5.19896714480471,22.95050332086933,27.95252716462092
VEN-00409,3.8040222361978535,11.875761196556716,41.79090580044632
VEN-00410,4.382513032478403,-10.116320117667438,13.960088718763105
VEN-00411,1.0511100534809636,1.4062352804136848,20.107069760598424
VEN-00412,0.8670953938051628,3.1977542572623925,16.618912515650113
VEN-00413,4.9187385830578565,40.37288520935564,15.756883537825669
VEN-00414,7.100215429885215,12.761235109974312,48.38739768588518
VEN-00415,1.3769395609192865,13.016878987124324,58.22122003184354
VEN-00416,5.311842224958822,-18.83896738859953,33.02487809556442
VEN-00417,10.16867546787393,40.521007754822215,18.495409857074257
VEN-00418,1.8258076658913147,-12.718002349580347,54.2954973992273
VEN-00419,0.5583920915402353,0.3124620196227798,18.546390715812866
VEN-00420,0.6407155650439755,43.353995301810734,19.448707016646864
VEN-00421,1.2915267195896931,31.938426207297507,73.37073281812853
VEN-00422,1.6642669783435642,-14.943994969942205,17.871291442267076
VEN-00423,2.6123424319105424,-21.12825667957744,51.07303854606848
VEN-00424,2.67139265500422,2.499282760041879,48.68114230124644
VEN-00425,2.0145643101043973,-7.563053757050046,25.23932899038001
VEN-00426,5.738274050730714,-31.62005243837985,18.0713288574506
VEN-00427,1.1772120988519177,-12.338942938255258,6.659923640748949
VEN-00428,10.925962445935204,-65.0,22.981787047166147
VEN-00429,7.645157606141214,32.40732211580757,20.966673743532187
VEN-00430,7.053245280062223,30.70800218251263,20.474596576895163
VEN-00431,1.3159307951217325,46.06167115096893,40.57885606399933
VEN-00432,2.3915325246589294,17.53746612002218,49.78118415832781
VEN-00433,6.0202439654845685,-4.104116209037127,85.49891202725081
VEN-00434,2.1816782202540272,35.631882635227555,24.192924824689086
VEN-00435,1.2597774527941357,-10.939476247202556,28.47000903074504
VEN-00436,1.2053995677383793,-27.81618322215881,10.648442956091444
VEN-00437,1.2717396941355803,4.024868424281381,20.12728014312764
VEN-00438,0.7580314668257451,19.098304753554004,48.953255602678
VEN-00439,63.90446244626543,-13.922930882943287,40.58245537793989
VEN-00440,0.3174131217518964,-20.28269430834401,21.969358437346926
VEN-00441,0.9241604204328404,-3.2547771724615497,8.366565505391822
VEN-00442,5.236354912169636,19.12153100895391,61.47753950064529
VEN-00443,1.284615093370744,4.0734077860628055,63.07041984799105
VEN-00444,1.846176218506751,79.18542517747578,7.528664387922173
VEN-00445,4.1984188152474,4.326111685897203,45.799001135060834
VEN-00446,8.462032315149237,28.267423003399543,30.47648271617196
VEN-00447,2.012220396797998,-31.116281856554306,47.81528853602573
VEN-00448,7.494960527080875,23.846106838983083,47.206389980328616
VEN-00449,0.4201421527348165,-4.483446911854575,37.20872566925493
VEN-00450,1.3957411851014927,7.751053979766038,34.104909057736165
VEN-00451,4.684694953314868,53.54370874860818,2.87408198241609
VEN-00452,23.81962167894039,-2.0511456314134264,7.104012827050029
VEN-00453,0.9399477301875332,-27.316428689932444,27.63204403643657
VEN-00454,0.7744621791372361,-23.10677281305157,52.10911083681814
VEN-00455,3.957222060105784,12.668114175870343,36.750971518107534
VEN-00456,2.8820417665455285,11.203901506364648,34.03030298824228
VEN-00457,1.2333372656404962,10.081637322740514,13.880252181841271
VEN-00458,0.7129407600528257,-26.70919322161091,53.75737047607993
VEN-00459,1.5445275222169896,62.711456022539416,58.176416582915344
VEN-00460,4.822831033409832,47.54178507727293,38.99590523731022
VEN-00461,1.8841540253581663,11.518740079066744,40.30624550045332
VEN-00462,9.85795327172526,-33.070459473440586,16.928655523035584
VEN-00463,2.340525629067553,50.78029455346199,22.105501814270863
VEN-00464,5.268024711867974,38.69422325097734,30.23448772531386
VEN-00465,3.6925645802768594,10.77599505352672,64.57915461855961
VEN-00466,1.7436244287234308,40.366754248222094,10.903134181422786
VEN-00467,6.796647820978642,-5.346701639995295,12.29301294293093
VEN-00468,0.7124726679954959,-17.927012956087644,27.27920546566586
VEN-00469,1.4785657364643676,12.248955649808543,28.848478032969872
VEN-00470,1.724124625275276,-33.924038344694914,28.11446278029631
VEN-00471,4.135848704734803,-21.973541480665872,30.8737286961161
VEN-00472,5.440714923573184,22.684611918732344,54.73548787768089
VEN-00473,1.1088267101805618,14.479540110224724,71.10442240277955
VEN-00474,0.9496086524350128,-29.304870701532597,13.105710754535298
VEN-00475,2.9636797840933,-3.042899909953963,62.2145900114092
VEN-00476,0.5008676020744268,-28.127861891407555,26.053427189671712
VEN-00477,8.236861373996838,-5.1913557952939,26.894433387737323
VEN-00478,2.125028967901403,-8.14271473800683,13.323657669760678
VEN-00479,0.7508912821430537,34.79020085953923,28.38835511661465
VEN-00480,0.734725460265555,3.766487538411133,50.26854346433684
VEN-00481,3.836068058359812,1.4320929637745854,65.88528245113342
VEN-00482,3.723566387200662,-2.5957296248180697,79.45530917982366
VEN-00483,1.1673334876505046,-38.456820961610696,53.63535474531265
VEN-00484,2.398250601130438,5.336677343753916,18.67246346599518
VEN-00485,0.7849568989719189,21.036385671787407,43.98604986670397
VEN-00486,2.045707309815131,14.253059552496527,30.918528854986526
VEN-00487,13.778321357299951,26.700547964512488,21.67863977200381
VEN-00488,28.32137557861669,28.014866747986403,16.890867564758146
VEN-00489,2.153434233786976,67.34834444174149,40.190980060794615
VEN-00490,4.371151701990897,-22.475881081325635,40.98301589465965
VEN-00491,4.185261214987778,14.33749158690625,28.306093609351684
VEN-00492,0.4093688133953682,17.363199767627428,28.058390767861106
VEN-00493,0.7673275541788009,-0.6345282822270608,17.519428932560714
VEN-00494,0.2128419815790803,-9.077383260393692,51.103371470748016
VEN-00495,4.45479436245946,21.4668347632166,49.90416235350634
VEN-00496,23.102074457175394,18.87547496721212,48.55781950010117
VEN-00497,8.77950659248264,-20.433089852740984,54.179719368258105
VEN-00498,2.85465030883635,-40.5351228769223,22.073446625351213
VEN-00499,2.4445679181508124,-5.273216824606415,39.48350032951655
VEN-00500,1.844842977370144,-10.182696142783378,19.830780890311026
VEN-00501,8.720135205160064,24.273681195865382,15.716952713144233
VEN-00502,3.4460307489261384,-16.94747593302508,25.92681021020423
VEN-00503,2.91160983709818,3.204376275764683,35.10960431125839
VEN-00504,0.8076666101765034,-38.0865794777644,41.821526524451
VEN-00505,5.265542513262474,-33.89019373015195,4.67791193510044
VEN-00506,2.3048538454987884,-12.776124395383397,9.575208434660258
VEN-00507,4.206645897407261,1.2356527243869897,86.17055813446603
VEN-00508,8.157879830384976,-14.135045867604887,10.091938102327545
VEN-00509,0.4500632073344855,11.853845407588354,41.59301308393927
VEN-00510,1.963698861631977,-37.934130886458206,32.88758414434746
VEN-00511,1.6741773505409152,2.1941799395934973,25.37366238880322
VEN-00512,1.5194875706916446,2.506565082852723,31.110684032622043
VEN-00513,0.7956637042190896,-31.091882031165863,24.743670190421525
VEN-00514,1.2210689484930286,14.166474476404076,19.11488214640606
VEN-00515,0.8119669884815535,-50.5637035254919,12.607873658348687
VEN-00516,6.735582261834851,-10.50052110065036,42.73616562734813
VEN-00517,4.117133145095376,29.26219805087648,20.353541603329223
VEN-00518,3.814793044058304,-52.07656773721445,22.329191902146547
VEN-00519,0.3263859919024251,26.117344336288024,27.318558750135928
VEN-00520,23.1901559397203,-23.480481024842884,51.72703398827686
VEN-00521,1.7343260500468765,-7.942074753750001,37.44600871425386
VEN-00522,18.52450058005904,45.97711737652271,13.18870945301443
VEN-00523,6.196875788550524,-8.927185478134142,57.24076638396325
VEN-00524,2.1067992452031863,51.57171691196106,41.452535210474686
VEN-00525,25.72658468960905,-0.2422018963861507,19.49195541122913
VEN-00526,5.073943330866165,5.715417124809159,26.85306254645749
VEN-00527,2.1145075489098297,30.741012859856827,30.45303170862296
VEN-00528,1.767894321534706,22.68981997885932,43.36368803399635
VEN-00529,8.458307821655133,12.16051439074063,31.759108189662715
VEN-00530,1.506575108134153,-4.509751080810467,49.79991659526908
VEN-00531,1.792440731455316,-33.87338797170195,11.682369515326288
VEN-00532,1.4096702846792104,-32.55896261684268,55.90175676073239
VEN-00533,1.1838738004577398,43.45540492762655,43.93619752752494
VEN-00534,1.2662842555820848,53.88483365213749,10.270316520664188
VEN-00535,19.100268490462348,11.49860281826519,17.48099533421921
VEN-00536,8.234510440275367,-39.889665246238366,24.940606555921004
VEN-00537,3.521409439568361,-12.851448681256102,44.13390198638675
VEN-00538,1.488475927459896,-14.19113196882655,17.518785218187574
VEN-00539,1.4821443837002692,-7.006033543020704,33.556983246268906
VEN-00540,1.8161427931208665,-15.886873254062223,22.892266110264963
VEN-00541,19.450046784632452,22.056062390387744,13.219944222000008
VEN-00542,3.743447786514575,14.679624623245536,37.42403987425922
VEN-00543,6.186024958023681,50.661693989760174,9.508594668320251
VEN-00544,3.386573117954592,-2.507142094264127,43.63234668517571
VEN-00545,1.0261362052378262,13.404922119172072,51.22952923136334
VEN-00546,3.0429233097738813,28.010462476466454,17.33951360039673
VEN-00547,0.8324218448281019,35.585132848257814,24.6707425008842
VEN-00548,10.12359280169566,-25.342437941903437,23.06094544273451
VEN-00549,1.1930526346221293,18.930786446298235,20.744387370020945
VEN-00550,1.4490668709220114,11.959775039722944,57.24129359866774
VEN-00551,6.649196991331077,16.175502147820445,78.33903612813897
VEN-00552,1.260932136813154,9.610187442309128,45.57448453459473
VEN-00553,2.1362230335641605,54.24753720071848,35.81961790125344
VEN-00554,0.1493503727548555,-16.052641075457302,39.15779195353185
VEN-00555,1.906256470994971,-17.65009395053031,36.05569789840929
VEN-00556,5.226390048534481,-14.1662685799922,62.26271258808097
VEN-00557,1.364732653014702,0.1646379452478168,26.38110430018522
VEN-00558,5.0289317339324775,15.919559363301197,17.991371680497274
VEN-00559,2.670394989303779,-4.315841284070816,20.21166817641306
VEN-00560,8.994543241474014,35.170426128733965,62.20067663248589
VEN-00561,1.2110907558004138,7.905449385590419,34.373149297826856
VEN-00562,2.0840123994762205,5.39784562077285,48.48467964568761
VEN-00563,0.5397653671886933,-27.916534200255462,49.84144451298093
VEN-00564,2.4564495987449964,57.16943010711962,31.777179942438256
VEN-00565,1.709652623428042,6.718807619372794,51.043899276025726
VEN-00566,7.8156578419148115,52.20183341423899,21.4579212836594
VEN-00567,1.3672360774215253,-8.80113825949763,8.229999387174432
VEN-00568,1.7055681486682872,30.42682723554033,16.77533159487698
VEN-00569,1.293435437410208,-7.190818993136464,34.94157236141454
VEN-00570,2.80073251910808,57.11413616409995,4.259207607046519
VEN-00571,24.22454226307539,38.26083401194851,35.73399680732621
VEN-00572,0.0579898243618696,30.93752601797638,48.84461184326256
VEN-00573,2.5789837077500737,-11.56732089663587,65.43216054876994
VEN-00574,9.893012655404291,59.479823345405535,48.2968428862166
VEN-00575,1.543413318459339,63.02536635294687,37.55305410374842
VEN-00576,4.853481998559703,-2.250355606723483,25.199953107218104
VEN-00577,9.925558209644183,12.364897950916584,37.27261741714444
VEN-00578,2.00613114437767,33.02391113648879,49.56883009300947
VEN-00579,1.3260076518773034,-45.2488364327326,3.3100485688733645
VEN-00580,7.6061296225164625,38.9384945301802,42.60508075069589
VEN-00581,4.687541765045808,35.63919724529089,7.117402739004879
VEN-00582,2.5380439529376733,-7.204888802538267,8.142518181614165
VEN-00583,5.324786034699453,-51.192493136522025,9.381382534206622
VEN-00584,7.817500632676038,16.995925582868356,32.736738757874534
VEN-00585,2.564280747327976,-22.60887914609748,47.09517604808264
VEN-00586,3.803811397523938,-34.88151365322728,43.32337909708704
VEN-00587,4.829362600483963,18.00913656493859,72.355462362598
VEN-00588,1.6354949400855978,43.58482218957353,31.736415453969887
VEN-00589,10.041929488482076,2.088842654281584,8.169103283336858
VEN-00590,0.8745923437255978,39.99876187544479,31.905514834712424
VEN-00591,2.3528441406910017,25.93163578100057,20.883963594602616
VEN-00592,6.323389665326216,-29.076128826096777,45.89033408707523
VEN-00593,0.8503798746262698,-6.961307067129972,36.07979684549017
VEN-00594,7.08841659524357,37.14024188508151,34.689145761254345
VEN-00595,3.3512163296813995,-7.181096601686454,34.75235152134492
VEN-00596,11.677881352005198,30.11588021097593,35.9144489890035
VEN-00597,5.333797474875218,-3.074030264264165,63.17908079674962
VEN-00598,2.272650946298859,27.47389210386621,6.414366458283919
VEN-00599,3.507015463543504,19.585820892497964,35.01925584845602
VEN-00600,3.648350492217668,1.2961119230557463,27.618945202628066
VEN-00601,25.168836793584305,26.71248519360089,11.34838694515803
VEN-00602,2.9836865875405323,-50.31658620381179,29.841042920772093
VEN-00603,2.335454704161087,-21.31310785397777,48.86331129050883
VEN-00604,2.1923719899226075,-4.517961567594531,36.59996137509032
VEN-00605,3.345919546653904,39.6629635779292,30.68345121607032
VEN-00606,0.7805599776507693,-31.046698453374,27.848299605697783
VEN-00607,1.784180846512264,7.06339694025392,23.28649142780469
VEN-00608,0.8928393406030184,16.570678516044282,52.2690336392996
VEN-00609,1.0308555463848998,14.683644876660198,7.385148727869516
VEN-00610,6.583129110552842,5.338141577531983,23.385750599272985
VEN-00611,2.797981513967976,-8.755764947847545,41.8830527154106
VEN-00612,1.2019650121350214,1.33989484763526,41.57329585046393
VEN-00613,2.3041014120729986,34.31866324721325,43.1171961101261
VEN-00614,2.073715696393671,-10.58420494788876,7.89722278991977
VEN-00615,2.8804930400758475,-50.302207016768826,47.36375732054614
VEN-00616,0.5179820085119397,20.586695434611624,29.174630403965345
VEN-00617,0.8184137264824045,48.387704610773525,23.97017351745424
VEN-00618,0.5567679686959665,-20.382859108088613,20.80468371653484
VEN-00619,1.0105012482975613,44.74027188264809,13.17627390545436
VEN-00620,1.2275321751668629,22.058017965572184,53.72868331957197
VEN-00621,0.8710979261423719,-23.2218629812823,27.35081151922354
VEN-00622,6.301941571168364,-11.000709472406813,26.74816057755483
VEN-00623,20.572262059750344,-12.183483069470704,9.080177814473805
VEN-00624,6.740538313178403,12.56382246298646,15.528037299013976
VEN-00625,1.459451903680668,3.1053798644454838,25.67506162835337
VEN-00626,3.4253581378262066,37.85034078680582,12.76228149147316
VEN-00627,2.5267799088469114,30.933043297671823,39.90111777134208
VEN-00628,1.391382417627837,-33.72282407769971,53.08820156372093
VEN-00629,11.671952306304982,-30.311931004990683,14.620392794061862
VEN-00630,24.72795540255749,24.585492133434396,19.734948684174512
VEN-00631,0.5395551665420497,-5.91669437818817,16.29782673289849
VEN-00632,13.253928216748896,3.278353940028113,63.77649579988172
VEN-00633,1.4189550060873264,22.757076460437425,17.161212748310607
VEN-00634,2.036942817766489,31.178766828844616,20.037519787022767
VEN-00635,3.709678943969314,-25.301382093484754,12.69634636900844
VEN-00636,14.915834531957325,-51.98345271521356,52.98025584020812
VEN-00637,3.7038552115731793,4.945042551439858,50.67965216022758
VEN-00638,4.278930789003256,-15.080729334583694,50.080931343987125
VEN-00639,6.949735381528631,9.788761700793444,52.26279583733877
VEN-00640,8.266863174456658,5.607496991376345,35.91461501726718
VEN-00641,4.769530851270508,-18.33608782051076,62.21215124563039
VEN-00642,8.323442874125378,64.3453099261399,17.953298295951445
VEN-00643,1.4082111409389395,8.459035515140847,28.397855747897232
VEN-00644,0.4033586981539681,-7.491389176699345,35.07049563145996
VEN-00645,20.23670311898028,10.738711793882276,28.572649492746333
VEN-00646,0.8680953703346805,22.30671993992509,42.215131094611706
VEN-00647,1.5109971266644389,-9.078549567673496,44.60661566433436
VEN-00648,1.8876259970603773,70.6469154637052,29.820726471239027
VEN-00649,1.5616177533486493,-33.109753131335324,20.5161840955927
VEN-00650,1.2229158551330472,-31.232595033622523,22.664842635180253
VEN-00651,4.52647366569713,-35.182022840954865,58.7273584666591
VEN-00652,4.579782196091971,8.105062286486469,25.31845343156901
VEN-00653,5.375925029462345,20.76978101810084,32.767198015310754
VEN-00654,5.017440033045808,-0.9223631246899728,15.880474226541748
VEN-00655,1.7188410464110362,20.689331802387365,15.155542749268374
VEN-00656,1.7157348237884946,20.327042982723405,66.02239499530708
VEN-00657,9.310219192363531,-1.7406148045403356,19.1648720754204
VEN-00658,1.5318502317364089,19.539853459613163,40.7821956914398
VEN-00659,1.498738374820379,2.695956360190649,52.07581854915121
VEN-00660,7.5567964633735905,-3.043641972768153,67.44084241550964
VEN-00661,2.663278221251128,-5.459743057694215,32.08911769622581
VEN-00662,1.5595959910037498,14.292214301025073,38.65245656310677
VEN-00663,1.5758924730210504,40.880360622338046,44.30188602185709
VEN-00664,9.358582937452557,-24.53584995777229,6.011994916543173
VEN-00665,5.17907304690895,-4.9680779538115285,12.295562874694818
VEN-00666,3.526088765693952,12.391996952067498,68.95937607545645
VEN-00667,0.7535400002228547,55.43521328290357,39.29760907145752
VEN-00668,3.542621023495163,19.655678546250535,21.37175731425829
VEN-00669,2.150984530530696,-13.943033737257782,21.05266711415126
VEN-00670,0.996316626912441,-16.945236246793844,61.10528911866345
VEN-00671,1.4024856435484598,34.59756759546322,21.49114105859592
VEN-00672,5.846087397429636,-0.4680560728434901,37.25301586858107
VEN-00673,10.661776071785765,-25.234567520360407,61.38368858918962
VEN-00674,0.8494643261564091,35.37267464149831,32.067082716142046
VEN-00675,0.9758996610329548,16.32098415034997,26.745962515858647
VEN-00676,5.833099406610124,-24.241979301203543,21.02399676265389
VEN-00677,1.733058482263128,-28.188841307930943,9.777223564437117
VEN-00678,4.992951526950515,-50.52624195376309,28.26841449059244
VEN-00679,1.7076064910264828,-8.804178620927665,15.802781365583716
VEN-00680,5.127888467242697,16.22364442238568,24.206305946568023
VEN-00681,0.5998327358250428,33.93494799937889,20.57937929167622
VEN-00682,4.974190162698547,19.473463220969936,36.47589831533619
VEN-00683,0.270046522052947,-27.230346244868336,4.612308118970045
VEN-00684,7.522195363122254,0.3399395642755776,42.18516122807488
VEN-00685,2.618440350230032,46.5931319820007,11.00565900825063
VEN-00686,4.4165360709897294,-5.826864073286592,9.737520210029109
VEN-00687,3.5283587817687727,28.75949644890403,70.95095326892996
VEN-00688,0.4162656716181436,25.424381312003216,42.65911600507877
VEN-00689,12.225333185322915,28.515057168246333,61.32476091645379
VEN-00690,3.927230982119118,19.64226099118937,40.35805320034898
VEN-00691,6.2461261486,28.431818958229783,34.062793313251625
VEN-00692,1.128468779173687,-32.001915019248486,12.179574402381638
VEN-00693,3.54257197163933,48.91392379929712,11.215630068334624
VEN-00694,0.6434649298571316,-40.77762093773888,48.84771346503419
VEN-00695,3.203196965587382,16.418769918190712,20.190643360383792
VEN-00696,0.9670339591817548,6.6917660418200775,39.44333924401399
VEN-00697,250.0,-8.892077941400444,24.072751144255207
VEN-00698,5.2892420387575365,-18.32932675621372,42.05823909582036
VEN-00699,11.751089734094071,22.84324072231905,37.16868501449325
VEN-00700,2.0656696184405643,29.636127239204956,51.51427817086286
VEN-00701,4.216074657226811,5.216989297208412,30.591509757084367
VEN-00702,7.358655939658284,0.1902701837817195,58.39645478757848
VEN-00703,0.8352426268482125,42.59855084598295,24.019723528764764
VEN-00704,1.2971394728996852,-3.3861296969547947,26.65833613440234
VEN-00705,7.922872890761233,6.861090311367583,43.727559132706205
VEN-00706,2.138581758979924,2.5026182181906664,15.12735805142599
VEN-00707,1.194313732698053,74.71142281562491,60.01620193027577
VEN-00708,1.3578867226156623,-14.679384977166752,9.07216248212714
VEN-00709,0.7084180933787987,30.44860298841969,17.968071899150413
VEN-00710,0.3149695061126546,-37.88246161134302,40.19674745899943
VEN-00711,0.4207384853125118,-17.864009557387707,47.808488761752685
VEN-00712,2.858433805471215,-0.3486861482443366,23.246901237433416
VEN-00713,5.69038534169771,4.464111138691541,53.58438714397631
VEN-00714,43.41601297458956,0.59059437569094,38.95871264733534
VEN-00715,2.597310121562756,5.31596795466597,22.256569280185605
VEN-00716,0.6650079869826205,-10.603744303440568,33.69731987654506
VEN-00717,2.6344944955160106,42.76443354416816,5.219997878068626
VEN-00718,5.889811944214998,-19.011398258688228,28.40879762135312
VEN-00719,8.441824717169911,28.10029493338485,21.59503965337947
VEN-00720,7.58695866517451,26.29577472218566,51.03248384680791
VEN-00721,5.104141788792545,-17.59163310414508,17.60745632506124
VEN-00722,3.018690880310096,-1.9088399545715455,17.264898491686594
VEN-00723,6.113458525294095,7.932895281022293,28.4564411359496
VEN-00724,0.7383753333502798,53.23624142403636,25.956685011978685
VEN-00725,0.2984995765147006,-1.9677097079760184,54.26077246787659
VEN-00726,27.18262311790884,105.83799516495922,27.566308487950906
VEN-00727,2.581260792601074,28.73266324752589,35.87903284792146
VEN-00728,4.890467867070613,17.274485046801615,6.553654285752954
VEN-00729,0.1246905637111367,31.873749875934287,26.301669430502635
VEN-00730,14.87064289201546,-38.40167683423737,53.47989011631966
VEN-00731,9.693465741680647,39.640681423570655,14.480179442319596
VEN-00732,0.4856991481661369,-27.71603280986818,26.343747556287877
VEN-00733,1.9173855073169543,31.48080151284394,31.218362940136668
VEN-00734,3.6431570936250695,-7.998290995053365,56.75104767461781
VEN-00735,0.6769471586546436,-13.58022308202262,69.9994232589456
VEN-00736,4.653561948934625,55.85776038188687,7.135628732847817
VEN-00737,8.586474582090867,5.3092735113012095,29.768297271672893
VEN-00738,3.8830598830665166,-33.33852466193454,19.13328130044353
VEN-00739,0.4853682228867292,34.31922300771599,32.938036065457425
VEN-00740,0.8690126658840125,-24.957622324985643,22.47275169343606
VEN-00741,2.3722123702360407,44.74019829835339,61.04811353801218
VEN-00742,2.065705374892484,7.562387968651196,25.27831354304296
VEN-00743,2.112382601029385,-26.39334979244491,26.541498305450943
VEN-00744,2.031720251306659,30.1760107713387,19.30203482957732
VEN-00745,0.3736582861203929,22.07215577228733,34.6296230777322
VEN-00746,6.594395958158291,-49.330766416980815,8.531613457405244
VEN-00747,5.419377881180798,6.287772758953388,57.79082616028132
VEN-00748,4.828863231831298,16.06909992173543,15.091288625869872
VEN-00749,4.36093696022113,14.49425490549659,33.87849468008224
VEN-00750,1.9886950520138185,3.012176861188049,35.05501142520643
VEN-00751,1.3940620930303207,28.11449910783003,10.497940917129757
VEN-00752,0.8874753226235147,23.36141285870516,15.191931489239824
VEN-00753,14.838400214165455,8.840912863084442,22.40996596590618
VEN-00754,2.657645303923343,1.6182827765160308,10.866976676196463
VEN-00755,0.4375179860794536,11.999167713176536,32.82263616850697
VEN-00756,2.6323176888861672,-8.299861643489365,63.57977117673668
VEN-00757,0.27453262455007,-19.60753418544705,12.00077226868626
VEN-00758,3.570873869637865,-22.34264946801015,19.90882111629579
VEN-00759,3.181259770054495,5.2996589680972495,57.51644528989506
VEN-00760,1.497635738610157,-15.158803903405229,73.47308328379998
VEN-00761,0.967114277734413,3.712395039446788,41.19774015920188
VEN-00762,5.046367702277247,43.9125733833106,15.511547555362313
VEN-00763,2.481049713502168,2.409259394512495,24.51978999807887
VEN-00764,0.3211437243886634,11.730543363856194,13.160993021199124
VEN-00765,10.219301846392042,1.824850422464472,35.513760317380715
VEN-00766,0.9667524775626164,43.275682860340936,52.97593341826941
VEN-00767,0.6376297757815812,52.76038316567366,55.31000959795524
VEN-00768,12.116180449681108,-4.677314718927153,27.5902708545458
VEN-00769,8.719317594585416,27.65056883348271,15.95698934995805
VEN-00770,1.7116201287501638,64.46098295348787,46.58263281561911
VEN-00771,0.6854124757274355,-23.33715005721297,43.15104086859776
VEN-00772,0.999306985083839,34.46876068257235,44.85460195724026
VEN-00773,1.6799285218561704,-38.99946222450126,58.40332453257131
VEN-00774,10.358627333667052,8.799859640933581,30.07818555699988
VEN-00775,11.296495413289628,4.217801630007989,17.535298800668052
VEN-00776,3.2627716791993886,-38.089379281923314,10.965522187472695
VEN-00777,5.5573995714111,37.40919600510198,24.70979207254149
VEN-00778,2.159115497196981,11.986157300033922,20.34328227962244
VEN-00779,1.0407001429567346,-17.035788985215586,69.8006749330251
VEN-00780,0.521702202551063,16.871689610718242,16.055711748870845
VEN-00781,3.87757352356185,32.40353526772619,45.51933764164613
VEN-00782,7.318540169393831,-39.75703633460524,13.066669668145986
VEN-00783,1.5500456088720806,-65.0,20.46791892390079
VEN-00784,10.0369641703432,6.866291693321712,9.930463161284043
VEN-00785,1.7799232910775622,-12.7437678625529,64.66135750295918
VEN-00786,2.980594349328202,44.13915726911471,52.96311505881575
VEN-00787,2.131491826500834,-2.001314695849892,41.132705858301016
VEN-00788,10.592108318358523,16.354815034116196,52.61539957308633
VEN-00789,4.673634622091778,2.951573042498426,42.920437259973255
VEN-00790,2.549239925403808,-33.74075927815954,66.89236442311172
VEN-00791,2.9572612896828936,8.82397484273516,18.052340108050387
VEN-00792,0.7350727581823167,-27.807210171498863,69.71665780891159
VEN-00793,0.2329836426458278,-29.12839698591773,28.620259797291126
VEN-00794,1.5149228562556265,-21.63461165589029,15.378428152659763
VEN-00795,2.195888991385388,-24.00379857021013,15.553678222760084
VEN-00796,4.876337426740422,2.317557193917138,35.856250775441566
VEN-00797,2.271812352578577,-2.583791411488644,36.29086480614506
VEN-00798,1.622336149148058,15.671815768456195,35.507800580911734
VEN-00799,0.106211755367338,-34.503003920579985,8.544773005205455
VEN-00800,4.854498656797807,1.2042831553003666,6.647845145142911
VEN-00801,3.4284998501113697,-4.996005659261465,61.81958434697992
VEN-00802,6.6540432565992464,13.437863865644152,45.58328634562951
VEN-00803,2.801033924493152,14.732719780571134,18.257886041831654
VEN-00804,9.597942799213447,12.21957924255212,33.56608358825751
VEN-00805,1.4835143761227143,-18.737321955629827,46.03515355146849
VEN-00806,2.5996741960968195,8.666644849486408,9.540480854668402
VEN-00807,3.541529385050711,-5.856470956519155,37.274760740627336
VEN-00808,5.617434700488241,43.48340765677035,28.68558163783832
VEN-00809,4.297582679730463,10.97858127805948,26.02285236310553
VEN-00810,4.596741247652934,10.143243029688634,15.608340487267723
VEN-00811,3.653493490205934,-26.58418029576048,17.138382723862357
VEN-00812,2.199051325311288,-7.940859777878169,30.14398949525888
VEN-00813,7.325705050080037,14.987455603785447,22.72133604071168
VEN-00814,0.4309589631833098,5.87429454462265,73.6407094610028
VEN-00815,1.3606046323604446,5.58293102755108,5.142352691244819
VEN-00816,15.658689897341524,-39.34997637200814,21.241340346046616
VEN-00817,1.297132087917816,-13.980007944182884,35.28861122867353
VEN-00818,2.49435986248625,0.5771209838982463,39.02119155564156
VEN-00819,12.510682036824956,40.44542271585194,30.60849062420201
VEN-00820,2.366217126571971,-43.05906497474418,15.031292707734297
VEN-00821,1.086247871463598,-20.190278908326054,25.22355970715
VEN-00822,10.157339946513297,-43.25174030252789,40.1495698104958
VEN-00823,1.9772862370855893,16.786026528773647,17.95804933802766
VEN-00824,2.131552669188643,40.02624457258874,13.453462502822772
VEN-00825,0.307770541779039,17.73403708963707,63.75883329999057
VEN-00826,2.362983519151,23.58491032548579,17.45258398222848
VEN-00827,5.761900898866855,-19.86495627436621,14.330811788272158
VEN-00828,1.692255911781017,17.974639184583687,30.894743272938136
VEN-00829,0.6639919763149947,-12.856616625941829,49.75689048604451
VEN-00830,1.6023844513999783,9.613191221538472,17.107492665335887
VEN-00831,1.38164101722042,21.5654074645668,43.19206162267872
VEN-00832,2.056490581725264,0.117949981876932,17.46812075222995
VEN-00833,1.538239913349915,30.1444452376497,14.035311213607873
VEN-00834,16.963089190144363,3.583014783255296,17.018055355220152
VEN-00835,3.790839960292337,15.38790970310682,15.668395886339487
VEN-00836,0.4008230310331196,59.05624488128712,12.355111887938175
VEN-00837,2.9406874564977032,21.432184967589293,67.45972082486314
VEN-00838,2.6014030089070244,-12.233413889658078,29.77733478018163
VEN-00839,10.114017728531046,-4.972847433116419,21.38125571613376
VEN-00840,2.289620995918831,31.57368083064272,24.0015369775192
VEN-00841,2.2183992536416564,36.15307004239456,52.35674648781404
VEN-00842,21.100511940695064,7.015671132812912,7.26685294849339
VEN-00843,0.8388703125083242,-33.2311871752412,35.253276118093886
VEN-00844,6.5368321940693725,-17.65684472288065,13.001048566083709
VEN-00845,2.916194435032004,12.88011651033658,35.25134779558781
VEN-00846,1.5668334744532468,23.670212462807683,28.55877091904234
VEN-00847,1.33252275846446,35.128817479742374,52.79095877666621
VEN-00848,12.11188507612628,-46.86916115021784,56.12386571996464
VEN-00849,4.535053215124385,31.52968669534002,33.18654156862768
VEN-00850,5.265765416519802,46.52920140140796,38.60423508944646
VEN-00851,7.233699568241798,-56.626076183643946,28.62009115442199
VEN-00852,3.959407756095927,7.856624891280275,16.18918742447081
VEN-00853,0.8461251604132566,28.459966321099877,36.437321146448696
VEN-00854,0.4824450729260788,-30.108447194634053,38.00764780592787
VEN-00855,14.784916804055726,-5.48406803724944,52.63236878982954
VEN-00856,3.417182081463303,23.12561114615888,22.002632211219375
VEN-00857,2.965927632072725,-6.113622940750574,20.2311791559065
VEN-00858,19.78723208392319,-1.8180200737021932,41.56938305082
VEN-00859,0.8429946298778451,13.961792077656852,58.82573757306714
VEN-00860,0.1693420297452958,-23.58458148836552,28.638749516479628
VEN-00861,0.3705703144288405,-20.806143187975664,22.131709637889085
VEN-00862,1.515909702580529,20.646734785802195,33.40894657460673
VEN-00863,3.0922254651626084,33.62140989067736,28.977383981482944
VEN-00864,12.563648923048111,18.76005381602357,21.457039408861743
VEN-00865,6.872572915997633,44.75335319177293,58.18194577056573
VEN-00866,0.1623591470577701,19.33129508430624,61.83565102934755
VEN-00867,59.19056509996918,57.86986816548941,32.39425489351176
VEN-00868,1.7305028831160114,9.776318205616676,46.27677775394952
VEN-00869,10.491700113362205,14.822749424575022,20.21976267618697
VEN-00870,4.956068775531431,18.886474697752934,33.37208351184952
VEN-00871,2.734315456666364,-8.95691546602017,17.008166265198298
VEN-00872,2.0943510266366703,-12.95384229574048,52.06223517378864
VEN-00873,0.7996319696418401,-16.30228058473704,25.09840071191503
VEN-00874,0.6592508301864677,-7.0047336803346205,28.90935420598313
VEN-00875,2.2640127982638627,63.91034448236832,19.72366458379969
VEN-00876,0.5903658245077259,57.179944639291016,33.836396763262584
VEN-00877,16.654907670735557,-0.8540561105426807,57.754035021523634
VEN-00878,3.024194893875128,-3.3543750191153485,15.985827738668684
VEN-00879,27.166559292581592,-49.9650496734939,53.57553305362187
VEN-00880,1.683414018871205,-18.84503676721962,4.352577879998522
VEN-00881,1.419675974222666,-13.852095015986908,61.94650263204343
VEN-00882,5.20675140788204,-3.871476449412477,42.91407237523509
VEN-00883,2.043759770461607,-7.381414613017222,9.138921166877562
VEN-00884,7.927934728783388,13.798488847322329,13.833598380198636
VEN-00885,13.224075031431566,28.92361790150219,31.644627890534338
VEN-00886,9.107200950205064,-11.650503971262228,56.81909222445508
VEN-00887,12.192985873123336,46.79700511042847,48.64997105977615
VEN-00888,6.681515763828721,17.333006475825094,38.43077477562579
VEN-00889,1.4859358552705462,31.983563549711715,6.208006880612483
VEN-00890,9.52447085819869,-3.867765340315183,22.156703429292648
VEN-00891,5.855378427508449,22.75442457677872,14.898359123729689
VEN-00892,1.3778155300753177,20.244781755323228,51.3166944338554
VEN-00893,1.5840676633136272,47.62480309596141,33.48434850066248
VEN-00894,2.4571648154848647,25.62270929455756,13.252695841213663
VEN-00895,9.231555091905564,31.05013006905857,76.19736867627414
VEN-00896,3.0913939439658207,-6.283298648448866,33.97255322679181
VEN-00897,2.701442912305954,40.289923412573714,40.33838007715044
VEN-00898,2.2817293302699544,-26.4561623052941,29.487684035424834
VEN-00899,1.8428579456119936,-7.4720772865488065,29.32045689236765
VEN-00900,0.7555483956883887,15.59513235095988,27.537395016002243
VEN-00901,6.519171504883786,-23.123069988383424,67.58123583143171
VEN-00902,0.887673137582582,-16.925839788517674,16.880046390242313
VEN-00903,2.928199828316276,-16.912344900071965,9.58359654712452
VEN-00904,1.7337076835715897,18.223936752703523,21.02126628665106
VEN-00905,6.315280325807466,3.708247674530519,24.265232844798813
VEN-00906,1.8659950737283677,34.02076662200777,30.125493159253413
VEN-00907,0.8986453802546944,58.77593889179052,38.33469998013207
VEN-00908,8.070696469037747,15.301807317011816,3.051562159496892
VEN-00909,1.0957180789912857,-5.809906878002737,19.689118562284925
VEN-00910,3.222470449289606,17.944993404343386,5.855090528731198
VEN-00911,11.036199149508011,-16.18403690799497,40.21358477991239
VEN-00912,1.2175611061165057,6.281064582474893,10.040920251674653
VEN-00913,2.425732860823305,74.48079795610039,56.53309691649701
VEN-00914,1.6916439875881448,2.5164014758803965,21.55490902259349
VEN-00915,3.1411674048786367,16.171571506645858,25.416536149746744
VEN-00916,2.521080514726458,3.638798064073685,29.56920593636844
VEN-00917,7.481545749550242,-3.0587218340245084,12.164668161794372
VEN-00918,1.373289126483714,20.98435566102104,20.147128728564837
VEN-00919,11.040866471787757,-26.31454795530976,34.53311495724931
VEN-00920,15.881138470286496,3.5129484858538254,24.84134662078822
VEN-00921,3.604558101806098,-28.651088651568703,51.76362347340066
VEN-00922,1.1397862489234247,49.70079675232992,20.31632462924274
VEN-00923,2.598099484757233,34.65459609743396,15.648799955022657
VEN-00924,2.369391254371057,-12.74063375178972,25.385142592914097
VEN-00925,19.09837752340936,-42.10745673757019,45.03952271461769
VEN-00926,2.426653112348524,21.239956814128963,49.55270634655701
VEN-00927,12.4419915910661,6.819640437907869,15.69304016105667
VEN-00928,3.07282359220956,68.58179246056419,60.40870805249917
VEN-00929,2.85883627738069,45.84684128165476,10.940223670568724
VEN-00930,1.840731147645912,25.149022509035053,16.512177522271358
VEN-00931,2.039691255588252,-6.262439776020333,44.44937379343054
VEN-00932,7.233237520496081,0.9369485172028896,26.049891340541397
VEN-00933,1.216937368873651,16.156939686384412,69.53136754125397
VEN-00934,7.812393031234056,17.58588918162019,40.25934782897572
VEN-00935,13.26276820722248,-11.107009945200918,21.64319694165721
VEN-00936,1.4176392693936468,-28.829636078045105,14.751386900365809
VEN-00937,10.265298188929936,60.062128814916576,37.88047559050872
VEN-00938,8.61118248515373,8.9141833476007,16.334996163135752
VEN-00939,7.071920772062865,19.45311629571788,30.595141439272112
VEN-00940,1.350306019395338,-15.150748465529656,7.049191238235821
VEN-00941,2.38369462399089,44.88732686173249,13.489734878483269
VEN-00942,2.380125760747118,36.08215097982164,26.245027297067686
VEN-00943,27.105734868075064,9.632852189507618,41.38937641982545
VEN-00944,2.688358623107518,13.673046209886628,36.087385817269016
VEN-00945,2.2219424837421204,15.694558834278752,36.118169988358446
VEN-00946,0.7689502963441968,10.650969389798282,24.59470856669484
VEN-00947,0.933288418063457,23.063450098433545,48.18322253861263
VEN-00948,1.280738640212037,18.16782266941257,19.64961361788306
VEN-00949,4.0449586161545295,3.2506278634159878,91.28411274673238
VEN-00950,0.5675277837803795,-23.55162145563908,40.7005136504939
VEN-00951,1.306737438576577,7.315847871815575,39.35934854672776
VEN-00952,0.3509589474779086,28.257006459512414,52.01646702170562
VEN-00953,12.706258733239912,26.148271880071945,18.05306207703072
VEN-00954,3.0558224309981594,43.43518277378325,40.05080953044396
VEN-00955,3.8245962231712536,46.29231615941253,46.9080011150152
VEN-00956,0.8195619390656698,26.94385865923664,19.30858656476822
VEN-00957,9.751513337614336,13.060944955132465,29.287577186728797
VEN-00958,14.201779838551134,17.274595912112858,12.892993876888504
VEN-00959,2.925937327861136,-7.508064943751936,40.08570448479824
VEN-00960,1.6047494382323315,29.58047700353498,19.111140708178954
VEN-00961,4.990168737526842,43.7392136851568,45.45267405099443
VEN-00962,6.099927542978299,36.12394769885356,39.24166612018395
VEN-00963,7.08066800709658,23.021731207079405,52.40230539480134
VEN-00964,5.64223281705468,1.502343667804717,42.84999660815908
VEN-00965,7.849043397342137,-1.6112446967402985,39.68397854193893
VEN-00966,1.2688364685660576,3.68580936241856,43.554546913424296
VEN-00967,7.41198400870313,-11.71451468847063,44.783835445112025
VEN-00968,1.6500715206618268,15.41620792107144,32.094149365425366
VEN-00969,0.1718862383108139,-65.0,38.524155903338695
VEN-00970,1.6334881588806631,-6.547299604490057,17.57338923490127
VEN-00971,1.4780244042392263,9.839922017103811,67.45551374555018
VEN-00972,3.543591408842452,75.54473573374067,21.80820603487213
VEN-00973,6.833179717575336,8.119512039646022,3.4056153072427384
VEN-00974,3.3605121839051906,9.11445200414652,35.33765506645287
VEN-00975,24.76674057818336,-14.50530711057264,19.25428336772957
VEN-00976,1.525714959258881,54.42747462890178,35.679189731141484
VEN-00977,0.3052928544559522,-13.961528439000643,33.471390421375844
VEN-00978,3.6906162956352775,62.885560193605386,33.018653765560984
VEN-00979,1.4928136481205732,-11.978442051887146,21.978975985129807
VEN-00980,0.8234492076224518,33.42403061646483,8.452974174074706
VEN-00981,1.9595471318993944,6.4691666979798,76.22853635439506
VEN-00982,1.148258917665009,-7.184191524416741,4.555045382585802
VEN-00983,1.2798368589672002,35.25892454127849,25.51413971941997
VEN-00984,14.508783045456218,43.86949701154155,16.485644812938194
VEN-00985,3.1166444495725005,2.9907063951971398,63.391928903984805
VEN-00986,2.030135690056897,7.346995794723933,21.07861398435912
VEN-00987,15.758436308212312,-3.1404181266548203,19.352675658708467
VEN-00988,1.9639853878917968,14.04950727444047,9.213452313213825
VEN-00989,0.7024778358432153,-21.555881889170998,28.140040532859597
VEN-00990,0.6318503868256614,-64.72137831543093,26.905058935012704
VEN-00991,2.489306970652566,-42.49616042050843,39.0065522587315
VEN-00992,0.4464282789511493,2.0313310257455104,24.44258391986342
VEN-00993,0.7484861428620514,-20.886819498616436,25.54057610267096
VEN-00994,1.787142390557986,4.825081484589763,30.49866608678895
VEN-00995,9.44166455950084,-5.8369693760329024,34.12231538393737
VEN-00996,11.257044309752985,-11.071964410141536,23.009566230982102
VEN-00997,5.615956271319835,-9.518798283401235,61.38376386075194
VEN-00998,2.706717505242953,34.114494799058846,22.74642170562911
VEN-00999,1.4514369106089118,14.352555837831575,21.07406025431519
VEN-01000,4.166991742555627,50.25363793401673,23.683888499709127
VEN-01001,19.301105974785077,10.788029107072344,33.21534917089119
VEN-01002,3.175797184900929,-43.56866440763307,30.40353860898884
VEN-01003,1.6352565507813248,-20.18264177876816,26.70953422624144
VEN-01004,2.2854621039682352,11.1084354733869,5.782441156405068
VEN-01005,2.027165328486654,14.533411893848085,49.6812445395652
VEN-01006,4.971071044380096,-7.821723335603261,64.80897134011438
VEN-01007,1.1734628090611243,-13.484960490582932,28.13497791375935
VEN-01008,4.249497566599264,-8.415301066315344,5.385173055552842
VEN-01009,5.078305821222962,4.099625067255351,44.36255476149108
VEN-01010,3.9687507424060375,6.676646119199345,33.83327277154552
VEN-01011,0.8229437187721088,-21.642660861494686,12.281705565487812
VEN-01012,2.3061501696353046,14.648852416236588,9.582176225051914
VEN-01013,1.5227591176296584,14.399748392699204,15.416457594089172
VEN-01014,2.506183699711628,5.031384692357393,38.29381150780948
VEN-01015,1.3056857517380525,-10.656775107874584,40.6690430080816
VEN-01016,10.672562248901524,26.13245700713431,62.63563308265117
VEN-01017,3.338683584861421,43.73777061383372,10.146906238531251
VEN-01018,0.458428199901894,-4.102440125252963,14.867932303066558
VEN-01019,0.6295886689362288,-8.969368430739255,36.485779036371234
VEN-01020,10.229062162803793,20.57978568757298,7.043889640123395
VEN-01021,2.2298185800611035,-23.605781841954485,11.019000889271002
VEN-01022,1.7704041229052765,-26.46722845528207,19.64683340961799
VEN-01023,9.406443088913448,-9.51873937560038,36.8407850731554
VEN-01024,2.300971167915321,16.356060981540715,66.37615602506894
VEN-01025,0.7300508326309416,-15.77193932398652,23.919089501133723
VEN-01026,0.7863096638340925,7.4936750696776,8.069470615240819
VEN-01027,5.420910217699718,-46.25203808232171,22.449165955036797
VEN-01028,25.340593320067583,24.65339325649926,72.28704410412429
VEN-01029,6.845025979610096,46.89231761481604,36.2343809145537
VEN-01030,1.7858993503914955,-16.566491504842567,47.32551947229949
VEN-01031,2.1182917040014897,19.990781185245183,25.089182089626448
VEN-01032,2.8671646108149607,2.3824721490604803,33.50106040358048
VEN-01033,0.2946505106762717,10.866541211164057,31.503813095129768
VEN-01034,2.789370273314805,1.3608985192581091,49.160356928262914
VEN-01035,5.168073373657715,-0.1946182923704746,23.495814112525487
VEN-01036,19.110386869355445,-14.494642015346148,45.55129450934447
VEN-01037,9.023282913037196,-21.50754927485776,35.81891350624578
VEN-01038,22.71252231868841,37.68348200752592,21.25152822577285
VEN-01039,17.264286532734847,-37.33458268336463,47.53933384962615
VEN-01040,12.60587212978207,7.4955082451812896,25.922790761889924
VEN-01041,2.797766887454105,6.268775667624514,15.344992977476416
VEN-01042,3.972286206904224,6.733011929386393,22.25498335550957
VEN-01043,0.4329260457889484,25.95140405795984,33.26043789908456
VEN-01044,3.137366287972937,-2.0099379510658637,49.6238019892111
VEN-01045,5.06713931182338,25.631034139952764,5.005852099895987
VEN-01046,1.990334204470632,61.61869389601524,26.970652422934467
VEN-01047,0.498675564008391,3.890283888758725,28.96165965154242
VEN-01048,15.503761289326713,-46.86342487964993,26.83797899763786
VEN-01049,4.24897104922936,4.151246544917671,38.33247004581001
VEN-01050,18.041438775965897,1.499671760241676,20.059896614767464
VEN-01051,6.1496230128149,18.85445511337436,19.6579258760347
VEN-01052,12.247080199562616,-45.83986493907399,16.015336613606618
VEN-01053,9.770791696302677,16.761426461364323,48.741231138856335
VEN-01054,1.287414252894114,-3.378485205656702,5.297858165600547
VEN-01055,1.552912645325274,29.67387098529256,27.74474415365129
VEN-01056,1.6968679379469491,-5.998288878596146,28.86618168302682
VEN-01057,0.9389490784118762,31.43559889352523,21.02975897730188
VEN-01058,18.94673342663908,-32.7896610012406,55.44454149634578
VEN-01059,2.847657358605572,8.480144107439354,39.43532504507024
VEN-01060,4.506221337732916,-18.23942844669962,55.70326374542746
VEN-01061,0.6286801909079098,-5.179040112317315,46.68334877760333
VEN-01062,6.688853786118078,81.4423381537993,7.739973284516259
VEN-01063,1.732562251485307,-17.638378210712222,27.577577696773847
VEN-01064,10.88154851492358,-2.060075607955792,35.097307823775026
VEN-01065,1.2789607547952555,-22.88102056208008,33.54031522415222
VEN-01066,11.764384704353525,-0.2888766585159796,39.73211785107055
VEN-01067,7.651838662018171,3.951057008629573,21.77903064149295
VEN-01068,1.6286332750426702,-11.833453259224878,74.79117775275718
VEN-01069,12.930965123876891,50.56187353376664,39.53432712538162
VEN-01070,9.61843362162674,39.1895650676378,32.940190545049774
VEN-01071,4.658041754613918,-17.56382682350345,52.63190632954695
VEN-01072,0.9112125107367652,30.05111217387478,9.398922910978415
VEN-01073,6.554314806088019,-4.962405948991963,31.64065593186876
VEN-01074,2.923001662830432,-25.191403365486124,39.29790387672064
VEN-01075,2.8699177385888874,-11.382071151495644,9.710538625023318
VEN-01076,2.9482524701670414,-25.91106882310961,67.16423889694893
VEN-01077,2.629692335241175,33.41207687862457,32.2053581772661
VEN-01078,1.0489757091894496,-15.66262824329698,50.42201245804537
VEN-01079,0.5132990788150724,42.779592276113775,7.884023815896804
VEN-01080,0.4090669369899294,11.803557669946214,24.938801121122683
VEN-01081,3.7783095350564913,-2.896534751764591,24.413148224633076
VEN-01082,0.1889649182822455,-5.556628528506062,36.17831921449248
VEN-01083,6.042664861928163,55.321346171069806,53.53790652000132
VEN-01084,4.743534662845675,8.27827796493651,50.27686912629656
VEN-01085,1.9483851970926789,-5.61710452498059,9.358387758834525
VEN-01086,8.407968932140292,31.042928959883195,5.790771455723563
VEN-01087,2.041981770331668,23.809796950438503,21.293356733382897
VEN-01088,4.307783318616373,-18.678499396971503,39.92233707361516
VEN-01089,0.3153761737378137,8.141650390533924,54.74626318399554
VEN-01090,0.2308460404535265,-40.83469005948676,26.176941832157556
VEN-01091,2.098325393486821,7.096813124487292,13.640671173005684
VEN-01092,4.328155824099881,16.483519411917257,11.949201139345655
VEN-01093,7.7313780137043056,20.092355704015084,21.54743955006624
VEN-01094,2.2367240977588865,-18.985705299410057,23.83770289078569
VEN-01095,3.5652143475071663,-11.94086155729516,11.36215994819488
VEN-01096,6.455053045237194,14.679648022747909,70.05603309189084
VEN-01097,2.361895299826631,41.76303363745333,24.125385167718434
VEN-01098,5.186110562115302,10.485743497180536,29.18578864271125
VEN-01099,0.7852986120929005,-7.0688951626710015,57.10823347538929
VEN-01100,0.4395190208473504,34.196042825266204,39.76629403381202
VEN-01101,1.5109663860690792,11.485449323875272,52.25969733077179
VEN-01102,6.373989467211252,12.82582964068894,28.16585110553279
VEN-01103,1.2434012670548011,29.53828014080891,17.149961249014005
VEN-01104,5.561613559751002,5.399819912490048,29.570074331888147
VEN-01105,0.8783825884407709,-17.2024934381594,33.8018751189975
VEN-01106,1.4322326207029583,3.8262022542514815,55.29755894834557
VEN-01107,3.5475040304115573,38.02770730096246,26.88909592139369
VEN-01108,1.3045233849514049,59.10218482959618,12.693713381894442
VEN-01109,1.571840698000661,-24.90590293910768,6.1524092959394086
VEN-01110,0.1542385887517895,52.20575409992063,51.88127015394215
VEN-01111,6.842621046175275,-1.9064124353263685,12.510014868264152
VEN-01112,2.385815753512188,8.55236093444673,24.536178211592365
VEN-01113,0.960923768497981,53.89647511282431,24.439161680927647
VEN-01114,20.406745570565544,-3.0620022982673305,27.617119571284626
VEN-01115,1.141054690253302,0.5912828121846507,34.06700819494118
VEN-01116,1.5417335565202022,-9.355285733333137,25.264213453741075
VEN-01117,0.9436839153211612,9.0225679269532,24.05085715022116
VEN-01118,9.153605441038527,16.417558211551228,25.431675231983363
VEN-01119,13.159841717752176,-10.5510299845702,15.217685638399084
VEN-01120,11.790364137549942,47.15973379213234,34.00546639872032
VEN-01121,11.66737875081281,-12.177845299214384,35.544334993874294
VEN-01122,1.4091108957890282,21.45671355796625,32.94590055272084
VEN-01123,17.110145326105474,8.716724368878412,26.591732889225767
VEN-01124,2.192043955370472,41.58050526300135,71.54510249735651
VEN-01125,0.4981266927220242,-13.706140339716177,27.32087284611941
VEN-01126,1.7004077431221238,23.458387662176005,57.11335349266098
VEN-01127,3.890540482642227,73.3691645033959,19.67690892411776
VEN-01128,1.337352926448538,-30.923588231354746,35.302331660374065
VEN-01129,3.1950003403577165,-16.31582578808794,54.45701189198557
VEN-01130,4.90496944581002,64.26726189521959,48.94825902407558
VEN-01131,4.270259923179562,4.377528461240423,36.77376379424852
VEN-01132,5.588138142161633,11.067013368671402,40.62017743112618
VEN-01133,2.229877645073259,-0.9711610245361372,36.8862304138144
VEN-01134,1.221388720145709,52.662962486872594,64.9579522584339
VEN-01135,0.5394587045103769,-35.567162681013016,41.434460212383264
VEN-01136,2.467474806308635,41.39990752490576,33.45361223247011
VEN-01137,1.505381917055438,-31.89270362977349,12.278578201096932
VEN-01138,2.3862906953102003,-34.30761991629872,26.604255317985675
VEN-01139,0.2786920622753781,-21.34826214091526,43.83410088475376
VEN-01140,0.5115658664407582,4.548400054920196,11.827893563850363
VEN-01141,4.7634763979233385,-11.286604115942437,64.43904784455428
VEN-01142,0.4497651971482431,-12.887814300557888,19.73945015756805
VEN-01143,2.205515933523926,-17.044842752319017,36.966439969363805
VEN-01144,1.0899421671257388,-16.57786060058377,14.045707116744694
VEN-01145,1.0163718434188795,-17.18675067381315,40.41760572740876
VEN-01146,2.985711554384729,14.341258490359152,29.040774963945022
VEN-01147,2.80503576669204,-9.169441514942967,72.68082728983995
VEN-01148,4.957525804137712,-63.960368179488725,17.716271941367722
VEN-01149,0.8087982592067429,6.9930900288638265,29.11651697547237
VEN-01150,1.0274679937347058,28.234275163875083,41.08739716535938
VEN-01151,9.351657146997676,0.4719987867365924,3.2085527692343225
VEN-01152,2.123157936689384,-26.04132973198084,26.446261482421303
VEN-01153,4.0652625479043705,28.11589056966358,56.04149433198409
VEN-01154,1.573287816752255,-29.0586738775026,26.00315605913198
VEN-01155,4.485137594962447,-0.6717582061213392,12.175167610744571
VEN-01156,0.1759377237063467,7.409793214913214,65.32529095967573
VEN-01157,9.645990337292572,37.137256222491295,20.079906830508165
VEN-01158,1.647375728645481,23.59884287755216,11.562785501735554
VEN-01159,0.6881059616541711,14.43774051580439,15.95707587197182
VEN-01160,0.8447233591372033,33.12608067905164,31.495323232191712
VEN-01161,2.0340994310898046,-23.26607241324162,37.62521997773735
VEN-01162,2.407442660729384,50.65922138978831,53.2720162860286
VEN-01163,3.175016609641455,-65.0,38.77403261956173
VEN-01164,0.732041775145896,46.549770704373,56.64585688250092
VEN-01165,7.087185611866916,-14.71392642435817,30.920573289014275
VEN-01166,1.526989514969454,18.26483770198144,18.803695512363724
VEN-01167,1.445210186784552,47.10851256111415,12.367997636010646
VEN-01168,2.1193399904286068,23.145503467589847,13.78789212211844
VEN-01169,5.635662249341409,18.055303123269177,17.58409195467333
VEN-01170,2.6187817696374647,31.3908456570942,29.80743374350266
VEN-01171,1.496938406151773,-31.958370131428936,29.51976466438133
VEN-01172,1.903857331904916,-27.90855282217067,31.15867087839681
VEN-01173,10.392367041920377,15.326645962257668,53.63290791986069
VEN-01174,8.679020658206618,2.664589529839378,63.05653813482213
VEN-01175,4.065038233969497,-0.4458672610812808,54.69521681949402
VEN-01176,3.2010219907026043,41.4314019601924,40.13236453572435
VEN-01177,34.63855497797515,39.089987267871486,65.43691589581711
VEN-01178,4.526124275079551,-16.85984825865044,32.51402131759505
VEN-01179,3.3157093075580275,19.945342921900483,41.9373978769974
VEN-01180,2.176478516278369,-34.23667110628087,11.440507216760633
VEN-01181,4.024851158090641,-34.88610742967072,32.592471100485504
VEN-01182,0.0953902779314521,-16.10687893303699,41.62084008540658
VEN-01183,8.418966828821954,6.569777342476541,45.49680862630191
VEN-01184,0.6710269381313911,-9.63256483771277,32.604751227397834
VEN-01185,1.2338178757115243,20.182799886837294,12.871676131182214
VEN-01186,0.5826312632043806,7.586018064152647,15.16984220165141
VEN-01187,1.209181972779911,38.08040348540923,31.18586765623621
VEN-01188,1.8694458391072863,22.73223926408888,13.890546385623493
VEN-01189,7.230341757670526,-20.04031591336624,34.84300183801891
VEN-01190,11.223066551434544,32.31686335605551,16.606788724768755
VEN-01191,22.99358256648024,-15.272754274843706,28.398903154358624
VEN-01192,3.0418364923406296,19.10968334308321,4.570719757842851
VEN-01193,2.1362033186495677,-5.291789555364884,53.48968434554019
VEN-01194,6.407855465827259,43.75017159662282,61.78463785890297
VEN-01195,1.062305760101815,27.74200093161225,34.65811495542133
VEN-01196,0.9394740000366126,-10.700752176604354,38.23166658735887
VEN-01197,1.8149641094611144,-2.422377162703574,30.184051853668407
VEN-01198,2.6189524949888536,96.2714597056752,76.67126119822464
VEN-01199,0.2798389876639118,-26.04569903902997,14.26323255295498
VEN-01200,8.790261125100297,-11.437629787411913,30.272278825173448
VEN-01201,3.53984118427924,-10.117434609651728,24.29376869076266
VEN-01202,6.540524295446359,-23.291179246631053,60.2533248344439
VEN-01203,0.4830984750284502,-20.454047368263584,19.683220721640318
VEN-01204,1.3079028159081478,5.066037133475053,19.937834416365863
VEN-01205,1.2369459943042025,20.866390425919437,19.869144590460863
VEN-01206,2.1748998813199583,-35.01491533249842,30.00834146775029
VEN-01207,2.619755841150924,-5.538876952073236,7.498331359830823
VEN-01208,7.074841205601598,-13.707653630397882,40.256515537766425
VEN-01209,3.030220148600269,-23.603097759721177,20.646605456832702
VEN-01210,1.2026098790936832,34.88625334403878,48.43720814092444
VEN-01211,30.15905131039525,-12.65539202589741,45.18298303356544
VEN-01212,2.0296715445429574,-28.987107537750752,30.924479119474498
VEN-01213,1.0025001917547682,31.76403041053716,14.348497475429534
VEN-01214,0.3417530545229625,41.78349713389676,73.19264388873627
VEN-01215,3.002516423794756,14.41671150921244,49.74579499905437
VEN-01216,5.811531421022426,-17.40293074175655,25.23002044354081
VEN-01217,0.7757171184037329,0.5030908759712629,46.81983879522621
VEN-01218,5.405891871186227,-9.685979329410936,35.9649296770599
VEN-01219,2.980244032512477,6.66643517637996,35.722927393064246
VEN-01220,0.3864681013347181,27.329572797758004,26.772306615765608
VEN-01221,5.410029215431462,7.318851689160748,45.35163544579785
VEN-01222,2.0308304285731853,7.904757415586305,35.86891656982915
VEN-01223,0.7876349953557094,-5.85328003086277,52.37009238748735
VEN-01224,7.7880570165745695,25.951358310173852,48.343831057741525
VEN-01225,7.626673002293273,17.94372390663241,58.10435174547829
VEN-01226,0.7690724834194501,-41.63110893436026,28.86364636019877
VEN-01227,3.753915374021469,-40.10010173920591,11.365335862965392
VEN-01228,3.3994080628011365,-0.9544202189010776,21.218143181694717
VEN-01229,2.5225944691605218,34.208155720481585,26.351225381881115
VEN-01230,1.5415342691207243,39.49949224100611,40.02412396296155
VEN-01231,2.3088172233505797,28.599617024026923,32.48669035864408
VEN-01232,7.632028564493712,3.931973667332136,18.614251808065216
VEN-01233,4.263396005051202,47.55235274730838,40.72787738068295
VEN-01234,0.3260662732315559,-11.50737579796579,43.32716974246578
VEN-01235,0.2572245482584998,-1.207604763412732,22.334299141936835
VEN-01236,0.3524578742140453,-30.365208726686028,55.940433554916055
VEN-01237,0.6101599723750571,-1.3240889747965312,38.29532731615626
VEN-01238,1.1844891617580755,-15.266470743801136,19.80891843795028
VEN-01239,1.6520669866904354,49.5225122414498,33.28002829935641
VEN-01240,2.5291513574836824,44.20701574067564,26.42026809870629
VEN-01241,2.618961299580233,9.708551151207596,6.381627369293249
VEN-01242,2.5767613589568743,20.60753240157873,7.86616293552427
VEN-01243,9.563877714400196,-8.313529537829496,10.595288849777996
VEN-01244,0.4298296938005166,-60.489585274958245,34.38294408788238
VEN-01245,3.924944084900226,-12.5865420694473,34.47645241873305
VEN-01246,3.904029807734506,28.194994119955528,18.91579452073335
VEN-01247,0.6777662599180814,19.830237411274403,65.44353603129372
VEN-01248,4.889856735875165,-2.585918392847187,35.89050578375817
VEN-01249,4.0952542871039,27.96656809559717,31.07749006541666
VEN-01250,2.5919802848507407,-4.712331836074407,38.1194075959348
VEN-01251,0.190240985855998,-22.82352549753324,37.06968455140993
VEN-01252,7.847248435477157,27.968982287555296,31.665697730631532
VEN-01253,3.488094459964417,-8.51918440161553,28.83557038364669
VEN-01254,4.23734169156307,35.718525993426994,30.85997997468916
VEN-01255,0.0652326429133805,-45.93697933878991,7.285569920096978
VEN-01256,1.5148724300495506,-7.377674065877926,23.34397866644305
VEN-01257,0.5615478171147326,24.12376479425232,62.74246731624653
VEN-01258,11.276987350029016,21.334354318922717,40.29650644247938
VEN-01259,0.8061197409290134,2.0291662645127517,29.19256439460968
VEN-01260,13.834880226109146,15.75768544300468,35.40705640504756
VEN-01261,7.753422421154015,11.78429542013597,46.61831894849061
VEN-01262,3.467676284028087,-32.203988917002484,33.529314504415844
VEN-01263,9.477573937515093,-1.817772555220028,18.22446914287634
VEN-01264,0.9618862656120896,14.139556166058352,19.72542064923357
VEN-01265,1.1714099012397998,21.66789147985441,30.7784425747754
VEN-01266,7.49771358177304,6.241708797680692,15.077974563798785
VEN-01267,0.9667700035043452,-6.902939981225428,46.64797848942863
VEN-01268,0.6322956239148084,-28.031422687443147,7.29330509587481
VEN-01269,1.9089898424223253,28.32507810211363,41.23663145381821
VEN-01270,1.0300893647231857,25.35688884316968,17.347817621017594
VEN-01271,21.156010690452987,34.6553138758051,38.56820613173222
VEN-01272,6.37825588077588,-21.116010592157952,28.825161639396267
VEN-01273,1.4425560390476877,11.294327625128922,37.76773097609264
VEN-01274,0.9034780344963844,-10.69118918472406,29.91645845144665
VEN-01275,3.9453234512332864,9.254120654180428,17.518261903016608
VEN-01276,10.037206570296023,86.47987996081719,40.07004913546388
VEN-01277,3.743423297570098,32.39844536129857,41.88235088144473
VEN-01278,0.954916323661862,-12.402214518778376,18.69375114561871
VEN-01279,0.5596894253622245,1.1790313450510208,23.66292562695029
VEN-01280,1.793378073381202,-1.776203359199247,12.991054249652072
VEN-01281,3.847567801386423,11.34552102773015,44.26357823726973
VEN-01282,1.6200659282103318,-33.14657323342772,19.426066883502184
VEN-01283,8.235747343728832,16.739956698299217,69.52775167520952
VEN-01284,4.854422270716973,-49.17554235157698,26.182079897341925
VEN-01285,3.5292465910898443,-37.163034965804286,39.08682625308983
VEN-01286,4.750230287129005,62.04521431920006,37.27048359606899
VEN-01287,0.5897460601529312,-1.7405456585288928,35.461874358121
VEN-01288,1.5713684764138327,46.5086353300146,9.115691079537136
VEN-01289,0.8656523623333299,-13.874408493803006,25.078268036373352
VEN-01290,4.14882833166922,-48.74068483089427,17.29618781214476
VEN-01291,0.8802831176653815,-20.368368531777325,35.81653036304972
VEN-01292,2.97466385581825,80.57599177135054,35.02715007072708
VEN-01293,2.2683151897445457,-30.088408008304437,30.79606044108781
VEN-01294,5.259264927363518,55.96513293915618,19.23008232574372
VEN-01295,0.7288134192604767,17.320774710627443,55.67251489245769
VEN-01296,4.467984153967254,11.235548425678727,7.373241978974984
VEN-01297,0.8382620498635884,-12.212121141945037,55.82572722128538
VEN-01298,0.9410566654617992,-16.33274382715268,29.90323006020657
VEN-01299,2.3236616465721904,23.230552045861224,3.155199008479564
VEN-01300,10.11240527798248,43.62044411619296,25.255992519560564
VEN-01301,1.077063362167619,13.29985189524144,52.6775387862554
VEN-01302,0.3845862000407106,27.9683527200808,63.721504809825234
VEN-01303,0.960979803144698,-3.4909246051442797,35.829343400453524
VEN-01304,1.7794812302324463,66.67328665756358,37.08655340728378
VEN-01305,21.24136475714196,14.44184100799507,11.014787696125657
VEN-01306,4.166865030162403,62.89641970955416,59.73479438385192
VEN-01307,1.1869935773575215,-18.06046860772329,49.853031751477246
VEN-01308,2.3270527100113503,6.784711121317347,35.109438629623966
VEN-01309,15.303251966110896,36.93037594327616,35.83685465284966
VEN-01310,2.0867052698052224,11.834383126413186,16.581549592605178
VEN-01311,2.1144340612916754,21.97889565994327,21.98920424539051
VEN-01312,1.7402319523846608,-18.400027987665705,12.53413904248516
VEN-01313,5.845502444844251,-2.948324826606098,43.991464733131615
VEN-01314,1.5251027901365053,-15.633710831395287,21.30801127808219
VEN-01315,7.095886581067774,5.690765891326111,52.247622177593065
VEN-01316,8.749948521084981,2.913196736594969,47.349061536018766
VEN-01317,5.337934905132109,-6.284104857914567,36.018639940346034
VEN-01318,2.1241515128333157,25.07335233783973,16.041684041730324
VEN-01319,0.5837306687471013,-20.75966664204487,47.05327306697297
VEN-01320,2.12469550458857,-50.028182443625,47.84924388412977
VEN-01321,1.3028707416313143,-7.432448652101439,27.72594174255621
VEN-01322,1.153820556214901,66.11488559172324,20.71538937684508
VEN-01323,2.089020216598004,21.767248226045417,83.36638095756818
VEN-01324,4.6050755130346,-14.848517095786487,21.762144437377213
VEN-01325,1.3701343015142886,20.015956432799516,14.971695407392705
VEN-01326,0.5991198898880151,4.378011351182198,54.8992639411081
VEN-01327,0.9468437509349372,18.46591235164398,31.51263836525399
VEN-01328,17.450708895613438,31.77980083859001,37.49339911215097
VEN-01329,4.970966459430062,13.224863001763117,40.2580634151518
VEN-01330,0.9478988187576374,11.254795097388868,11.57224106722325
VEN-01331,11.222320638679422,48.1355467598786,23.43568726634471
VEN-01332,2.0876617768646577,22.57101840200934,21.8587985969714
VEN-01333,33.309026423621056,13.260637457906084,34.35423870073192
VEN-01334,3.626461681430087,9.139778521578702,17.107587946141837
VEN-01335,5.06356533057799,-7.27925767891815,37.370768532597474
VEN-01336,6.82790085583166,-25.62948328236709,40.39350620250463
VEN-01337,13.937391876269846,26.100780021440368,59.8751296925525
VEN-01338,1.677145727868742,42.46786339584165,20.24656165059728
VEN-01339,12.673433556236716,19.55151800876387,40.05644277115404
VEN-01340,1.3686545633081757,23.28021493830748,46.54388091136898
VEN-01341,1.8265145618477767,-15.951583813080042,12.317505438193471
VEN-01342,2.745087618715844,-8.097254744680392,28.1265930054975
VEN-01343,7.481800701920124,-26.609077930585457,23.833275185585805
VEN-01344,1.8903587019816317,1.2629873117563042,15.788816629878957
VEN-01345,16.70642687013543,34.54651915962313,19.51937373675116
VEN-01346,11.694229290654867,-10.830512751332735,17.62512831682083
VEN-01347,2.8392967923766386,5.984113576363135,15.925466587009703
VEN-01348,0.939264618914472,26.96623540224528,16.596584382313075
VEN-01349,8.176224213971958,40.61934236423042,10.794976129891271
VEN-01350,0.2711204042646936,-36.46990253757964,10.836037201787104
VEN-01351,6.143678259653519,-4.870544251124784,33.301346152723326
VEN-01352,1.098338203670122,-11.933526161309306,45.38659432310693
VEN-01353,10.825344818362886,-15.670919058790094,32.06965377707396
VEN-01354,0.5919132341258126,-2.339930883832896,17.192595388060155
VEN-01355,1.3120438141891797,-44.58203811921757,25.83591417308236
VEN-01356,4.401557878494868,-1.925208430342952,21.59566431179938
VEN-01357,5.268645618562926,8.945291459123842,55.23426719661617
VEN-01358,1.3651865021380485,-20.1646190070091,33.592209371133
VEN-01359,1.8863854793683272,-5.006181408311988,18.96983732593349
VEN-01360,7.751604758713182,8.528049014417295,58.38604817298153
VEN-01361,8.227442281069463,11.235099695452222,11.634002974842474
VEN-01362,1.8460765246161448,-36.12935844883677,25.70616090923255
VEN-01363,1.3939688350021524,26.90690761603914,36.40018069373259
VEN-01364,0.6029497150506454,27.55623821154263,36.94899072780384
VEN-01365,3.593045889336893,-12.045815636810872,36.443219360485
VEN-01366,6.645181060235803,53.30460058379871,72.96717553407198
VEN-01367,3.2107090105523235,20.307403553714856,62.463111818859815
VEN-01368,0.9826562827864288,16.40437262093431,59.49094060278662
VEN-01369,19.39803676243306,26.44274329540791,23.27454630459589
VEN-01370,0.26881170072998,-19.890862213676204,37.752198770601
VEN-01371,7.142401676769716,-1.5427883894433538,21.92779358158216
VEN-01372,3.4500304107208075,24.6752110179178,43.40674180752325
VEN-01373,4.551908871544573,-13.54018896160354,14.29889149812604
VEN-01374,1.143950340501208,-1.515907833714154,35.098781034251466
VEN-01375,2.2986962005108227,24.227601772993573,30.948339345806712
VEN-01376,3.7534881973145344,16.365960462827026,42.52519116728772
VEN-01377,2.4734115067684552,8.565121634693032,25.672420230547598
VEN-01378,0.3778949540842783,9.689472903971147,37.08543585796769
VEN-01379,17.88122513255095,3.278065275001387,19.85100283338796
VEN-01380,5.557883074894648,31.02493794931781,40.66415780587834
VEN-01381,2.823711674683728,64.43171411140159,32.29245438064579
VEN-01382,3.031324606807181,15.902139029381043,79.54318338773555
VEN-01383,17.324329282088677,42.6146507390415,26.01983451915133
VEN-01384,1.2008124400051092,-3.791086074289728,34.96753060358845
VEN-01385,0.937015028160279,-10.40234611011445,19.60884023612286
VEN-01386,6.92463074009446,-13.281137490473377,41.092420096793134
VEN-01387,4.5220219829641,-16.795286592179785,23.54532356543439
VEN-01388,0.8950518583665239,0.0745485114519075,57.16868661685297
VEN-01389,9.002938472137378,31.92494128442813,15.180806811765446
VEN-01390,3.760130692290571,35.07925012316672,5.68871681194684
VEN-01391,1.012321550780173,-5.7606182238163655,46.24163793638006
VEN-01392,4.661588476296302,-0.7459399525415247,26.71864329643282
VEN-01393,3.954137875909408,7.944797695320612,65.55554826708217
VEN-01394,2.4673650975175563,14.320554369995106,17.232668192793028
VEN-01395,4.148479525224293,23.841139556464555,47.80487920190759
VEN-01396,5.4130337269661615,-2.7769410369798564,12.633303998210188
VEN-01397,7.430632144297162,2.588561751509544,27.328382615491027
VEN-01398,3.058806802279214,44.57653479584429,38.26749592779929
VEN-01399,2.018436390155659,0.4781686605318302,14.115732358234917
VEN-01400,3.5358972573615173,-7.514551377970204,63.18532995444074
VEN-01401,10.074094813140896,5.690579747870203,13.629264958376435
VEN-01402,5.435358967631267,10.110019914590865,38.84365530423952
VEN-01403,1.8976185092445963,-33.6037310136154,61.52629899520733
VEN-01404,2.889888745103018,-3.979355880006862,25.79022111713712
VEN-01405,16.983218815966097,19.339043207520213,40.01884056094937
VEN-01406,6.197967852001405,62.12146483508869,42.080721386493295
VEN-01407,3.212318936753515,-6.279908973675425,11.237239692817832
VEN-01408,9.529728374785911,28.651739960422105,78.89035649947785
VEN-01409,1.4957095840480987,12.838567503678911,15.730228812401457
VEN-01410,3.903198569604931,39.32033189071966,29.965224331109813
VEN-01411,21.39556921552134,-8.708960133313767,31.89284233326461
VEN-01412,5.578412782743724,37.78605375998135,33.06475549944943
VEN-01413,16.166406189211752,45.85595583549274,40.5679473923659
VEN-01414,2.479022923840249,47.00447764296442,17.41887823857811
VEN-01415,1.609907089103004,46.54001139818239,9.760773289712404
VEN-01416,9.739984130051528,13.153424064069824,66.83247458303164
VEN-01417,0.3638009180162269,23.793536322902376,28.98481545236036
VEN-01418,3.3141766657975995,-3.3286074871930342,25.673554316367568
VEN-01419,8.44828943185534,-52.01912591797673,11.350633142384698
VEN-01420,5.046844166321219,14.908614250299635,12.008047053426903
VEN-01421,0.2690789964406696,3.653124346631645,17.893779956442817
VEN-01422,0.618415593252179,34.0027162518185,11.360469940034488
VEN-01423,2.3969009491288484,31.273371630075523,24.502666031623654
VEN-01424,4.58299302709844,-20.678494890471462,22.688801986074967
VEN-01425,4.785273097231408,71.15722073952534,28.33404337905487
VEN-01426,2.699913488692661,18.47963198832243,57.811670102457136
VEN-01427,6.069425697939683,-26.672532681455262,20.462951695134507
VEN-01428,4.395514606661418,-22.891387924996906,45.32854972827345
VEN-01429,2.359685490070732,-50.79943399376596,16.569474172078888
VEN-01430,4.910423890802682,28.618437442087338,23.609541748587787
VEN-01431,1.3334719207388483,-6.22538674533207,49.07285951167371
VEN-01432,5.476701859657312,-14.690436209997603,24.69798457289018
VEN-01433,1.0708010980854836,-9.387132711345624,38.29293808541743
VEN-01434,4.6468568883550105,-0.1164992421344912,14.344392072598437
VEN-01435,4.522843847684151,23.542730516642266,50.24503062762224
VEN-01436,1.9566596654154371,-36.40049866287131,34.22165962459082
VEN-01437,5.465443230449365,-20.884604794975758,35.87309306897909
VEN-01438,14.83468625280261,20.55591515888654,21.928319060653088
VEN-01439,0.885134260798939,-8.040078662475906,27.8862293695834
VEN-01440,7.764931614260924,23.721678963534085,64.5285245970233
VEN-01441,8.981283328827844,-5.431516759150057,58.430823399033706
VEN-01442,2.1641211234515967,50.51994607489896,27.286845420123807
VEN-01443,6.560007725979787,13.634088412722214,10.743204472768143
VEN-01444,2.054371830588714,41.10919307567924,3.9058357238753527
VEN-01445,10.824621004366598,21.979587109532336,7.672408140536841
VEN-01446,0.1336078397177426,23.61357203218789,50.36653486982785
VEN-01447,13.321484133201755,-12.315347248999757,24.426148889464304
VEN-01448,0.7997101102470777,39.51930226612063,86.66142497029338
VEN-01449,3.0010641572051227,13.82553490872588,46.978077454234125
VEN-01450,1.1103270748684009,-17.752540996526065,18.0982666653161
VEN-01451,14.099808615731174,-48.969766772707366,27.95894940052344
VEN-01452,2.112845449437515,11.77837318963923,59.61438170436296
VEN-01453,1.497332524955103,48.7125699610805,55.45831744586531
VEN-01454,9.320315723677744,-16.492969078372134,22.283514189875405
VEN-01455,6.08210512285561,-17.40178920197685,13.564990403111496
VEN-01456,1.8832552186654956,-0.5390134159966244,61.4161588032772
VEN-01457,0.913649612901138,37.73339936087263,7.396787199708138
VEN-01458,0.7875179974150378,-41.593269148687305,28.83817714586356
VEN-01459,11.051609825884563,-9.55484071498482,17.062800175211496
VEN-01460,4.309503413605378,-19.155542540729822,27.33510295031902
VEN-01461,3.289553341526108,23.1767333227711,37.10985434520784
VEN-01462,4.671372477213586,4.146684726961111,17.48517931281606
VEN-01463,0.3186952873033359,-1.357656407063036,52.56644178387675
VEN-01464,1.902219723991517,3.137827558139036,27.463071311732374
VEN-01465,1.9586088244125428,29.190266060962923,52.620977150456405
VEN-01466,8.000666804605668,38.28326139438155,23.26909148293692
VEN-01467,0.5401006553055685,35.665000151359834,20.92596251517176
VEN-01468,8.662592234985972,23.535972490174053,29.58740865063196
VEN-01469,19.56740411949774,45.365436647739806,17.887180242471505
VEN-01470,0.4102453320963587,-17.153581419533936,54.430525651219405
VEN-01471,2.7685359581092146,18.46736634659011,48.68549820145681
VEN-01472,4.708059352286117,71.41188704119614,6.695503621359326
VEN-01473,7.101914339307318,-41.59194104727788,17.559623900418224
VEN-01474,0.2513309442873348,-6.424279114110973,21.946531142110324
VEN-01475,3.9407804987472455,-19.967756593995464,7.787111529635318
VEN-01476,2.1369578692942666,15.795419248193744,29.612073331961565
VEN-01477,1.9905206062981835,46.82145948611765,13.028035023294825
VEN-01478,26.46860219259295,22.51268896976483,29.7295414454193
VEN-01479,2.144452297783836,2.1324260301366795,21.19659028792149
VEN-01480,4.458628626071568,22.73332888521445,39.52387101536827
VEN-01481,2.3812731326774084,0.1775901615692277,34.768684063894554
VEN-01482,3.544333998878179,13.247225966407964,10.14385876015093
VEN-01483,4.992321262740499,24.702521327287823,11.96948540366361
VEN-01484,7.262132517930866,55.32620494760485,31.55926819623866
VEN-01485,1.1564231112074748,20.13471488461194,34.54514548283777
VEN-01486,3.215198213215132,13.8777844990449,71.47746074590229
VEN-01487,3.3426323198247543,62.9558489749838,21.92370695146919
VEN-01488,0.443594357899263,-44.81109156450152,12.8784562572684
VEN-01489,0.9521536362111864,5.515576469045426,35.648613087554935
VEN-01490,7.242858058143864,-12.014596451695583,25.72906192639722
VEN-01491,1.635922566629663,1.5629566664238703,35.138145295610514
VEN-01492,48.09618666785408,24.30731802512032,21.293170209092764
VEN-01493,7.841085896538578,34.47789744296904,31.240121008934437
VEN-01494,4.468411314676192,-6.050830961089924,20.38850580788385
VEN-01495,14.316842688240795,26.066558201635377,21.77408121833558
VEN-01496,6.35979150751214,-16.23640781869358,47.37773215123411
VEN-01497,3.32893736407429,-26.57315997021633,29.251957522442076
VEN-01498,0.5737381406614497,9.91314219166116,43.6401405859524
VEN-01499,5.651218536222633,2.0994354196955216,13.26751978829807
VEN-01500,12.63391717834324,48.244409978075645,14.549003879993435
VEN-01501,1.4160081934364737,65.468169858205,15.897595304196935
VEN-01502,0.3647191340304109,-8.430849116514075,19.709712129723226
VEN-01503,0.8384368677159326,-40.91125040524514,12.717690370650272
VEN-01504,18.820308412272947,-28.913692656834485,42.61477346526558
VEN-01505,2.9689824004458,-14.563851320414962,28.768100331413176
VEN-01506,13.541307740277402,13.597246426519682,22.173721138871723
VEN-01507,2.775828240378566,0.94781889559874,49.978088981793846
VEN-01508,1.5743226456882162,-25.97978153989441,11.16551509714427
VEN-01509,28.44732135834968,56.22572662813445,43.53103716179289
VEN-01510,1.806191042713028,25.897188830280182,65.42823166264166
VEN-01511,2.06684632685086,55.49352313955932,16.07751773545321
VEN-01512,4.511663267667542,-40.62948979878608,31.633238661721613
VEN-01513,1.975635357566328,42.36230074247028,56.17763815508282
VEN-01514,6.398018046704876,3.976246503636864,43.07757742004378
VEN-01515,4.439441686668914,-2.579605332404089,26.511937309117457
VEN-01516,4.63705425929669,8.656900649687069,27.31029539410565
VEN-01517,1.3794597567120206,-10.886401153790263,48.1187526878921
VEN-01518,0.4366429060084327,4.139142566968054,15.955559685421978
VEN-01519,1.0882745025062648,33.55340908575886,49.35902251853115
VEN-01520,1.1991303092909715,-45.0012929547878,45.72987354326085
VEN-01521,3.750521383582699,48.427447794976096,17.717303920885225
VEN-01522,1.1089444363072567,18.594552815623025,40.05534625760122
VEN-01523,0.5423579073389282,5.02412645084532,40.67252843521186
VEN-01524,0.7700851485835638,33.26156466299017,29.72784537377928
VEN-01525,4.163591173919795,17.822989169030944,49.22246431361854
VEN-01526,5.790160799607369,-4.957584020901985,13.505036669940592
VEN-01527,1.5569000431758475,-12.86712884742671,32.87754726747239
VEN-01528,1.75053459209377,48.48784951800957,56.51070162613002
VEN-01529,5.340792930906892,-31.93365138865002,47.22561834680021
VEN-01530,3.2610083442694107,2.683521263012362,71.89197355098163
VEN-01531,10.02096394189944,-30.081276317172225,19.41234345170206
VEN-01532,2.2854754919642786,21.170266175079256,33.42955796755346
VEN-01533,1.089172313028061,5.3797623466042825,71.69781426232794
VEN-01534,8.980469662602369,-25.73704959183685,35.65068849079807
VEN-01535,1.93010768026842,-15.46295602043316,18.24837733646712
VEN-01536,1.1415344882292568,9.199016309757708,43.25622281862267
VEN-01537,7.257945171422023,15.69705145978138,1.6004393279763245
VEN-01538,13.385503991504768,-44.3035978034287,31.85377661631394
VEN-01539,3.3253355171117733,-11.046483416016208,12.195801665034963
VEN-01540,0.9005831947927888,12.33222938008501,20.22592550343829
VEN-01541,14.706074529725791,40.665250771161446,9.824687462759822
VEN-01542,4.113986562737448,30.66003704902898,26.88366490868494
VEN-01543,3.4615306057532056,-4.2839107206667055,38.743278656059935
VEN-01544,1.743040099098521,34.975533991838134,28.776112700523765
VEN-01545,9.419757494909684,-0.5068066438607044,19.198805347659302
VEN-01546,0.8030708962610967,-65.0,74.1042766891799
VEN-01547,0.7231778255530584,46.90364767859311,9.070894804443588
VEN-01548,21.844692056088967,20.35668645855971,25.69729454979317
VEN-01549,1.0526744651371354,13.077458484464444,31.764847390396056
VEN-01550,7.811922434108969,8.222065813505242,45.438823321863424
VEN-01551,12.382447353229438,16.17334974754513,5.9017928265926844
VEN-01552,3.425269196628572,8.19721372773691,34.11059858614532
VEN-01553,1.0313621464667413,0.1939426890201057,55.96136952896087
VEN-01554,5.43443521481758,-9.633783304921083,65.56301696179554
VEN-01555,12.56546692135973,10.077703925622636,36.71058865858518
VEN-01556,3.9619349108349793,-15.79440132768585,48.74585137892968
VEN-01557,1.1959022961041508,-22.84673923480521,19.36086303383008
VEN-01558,3.806364386703613,15.284606201552382,21.33010675805889
VEN-01559,0.5926872176162772,34.45988729342835,25.22354025368084
VEN-01560,0.9314325980138513,-13.497271527643822,40.515642264288815
VEN-01561,2.045197054042744,-8.800638056738364,18.565102216319705
VEN-01562,2.908611895688774,-37.78809747921124,48.17717029508599
VEN-01563,0.7245282649841027,-27.536728013157894,9.72909106230338
VEN-01564,3.577662111986029,-26.51593163384519,30.94245456668453
VEN-01565,4.825064947256231,34.305206545553794,28.605396743484185
VEN-01566,2.1464238117872703,-38.88199929401521,37.51272041452137
VEN-01567,0.2530875778422251,20.397800260051014,22.913681985946663
VEN-01568,3.04926534414626,0.8394871327322635,28.97073444484563
VEN-01569,20.012280773631726,24.343172852198144,23.426185364336643
VEN-01570,4.49738216063549,39.48698771849431,19.41150369801142
VEN-01571,2.7654020954370484,7.191625755198511,54.66760620559681
VEN-01572,1.8045391017516927,38.61078599196148,21.710377926042156
VEN-01573,5.128583798172672,49.84607545648056,17.74361319282281
VEN-01574,3.418789178537888,44.35133540277475,46.329276848218285
VEN-01575,5.91826404731929,-10.14905207368798,35.18638071999802
VEN-01576,0.8138586038859856,-45.17488031122893,28.521113199954424
VEN-01577,3.106415127568135,4.629169728760983,16.66073163905315
VEN-01578,1.6367044657068188,12.816532488150555,57.73530200840201
VEN-01579,4.090855936792484,-44.74186027129985,20.192497673628782
VEN-01580,0.3197771532940325,9.64927526494261,32.56130339454505
VEN-01581,1.7647267273538936,-61.463945007188855,48.92565444716436
VEN-01582,4.936693995418204,49.73669067891424,37.09527094092338
VEN-01583,5.8949578048822975,20.890348571662862,13.921052653604374
VEN-01584,2.62862684387836,-14.085090788199146,19.6463767061967
VEN-01585,0.2524736085767422,11.420881587031444,31.38776213578923
VEN-01586,5.50399631611023,14.754952754895086,8.902667413996282
VEN-01587,15.526605097751876,21.038692613739,23.5872167217612
VEN-01588,1.0804070876487408,9.873690291019525,49.64560502966995
VEN-01589,1.7015494269555267,33.51458414944583,7.855849659681938
VEN-01590,6.600824618711854,-26.23202445249843,35.49055846262551
VEN-01591,6.797617854147758,4.512446878917746,38.68451656105822
VEN-01592,9.086033390629478,56.23979205153476,32.493043523627705
VEN-01593,8.298686275591866,-1.497019617455015,9.522032671901744
VEN-01594,0.5038721847044483,14.517444863804878,20.611117746348505
VEN-01595,1.6042870955725406,-18.871653412728097,56.11569736836649
VEN-01596,5.41450775969035,66.2352883806069,76.62214231781552
VEN-01597,2.472466506289423,15.702635690001795,41.3104104143947
VEN-01598,4.065272851351185,-25.985263794051825,11.89602369299354
VEN-01599,2.3549857231036646,37.43991069426626,42.9191618364441
VEN-01600,1.682985303257557,-20.97699983779743,34.28135351904375
VEN-01601,2.083272057825192,26.462556709721195,9.496278785571958
VEN-01602,0.7913549172378818,35.80931901822977,8.77055929389277
VEN-01603,1.2265333258224556,62.72031818944806,26.434440957563364
VEN-01604,2.525325437057309,14.043769420329264,40.41933935969494
VEN-01605,2.5763540263600757,9.318829834855944,9.336187210644978
VEN-01606,5.074951825895452,-46.72646103518745,48.513430795528656
VEN-01607,1.9863808903550315,-4.33010163624623,52.32412888142607
VEN-01608,17.173169655320866,-11.285071187556769,28.68950374697991
VEN-01609,10.51620745097226,3.1196299985556326,48.97473999973942
VEN-01610,1.5642396967379966,-6.042340224375131,46.41067957653051
VEN-01611,3.379043769923633,29.227614603630407,45.13917327679295
VEN-01612,10.320437255998286,-7.108178369706863,15.753147883466362
VEN-01613,1.3434284464845856,20.839361912050247,25.53827803632006
VEN-01614,1.194212714605522,4.880692325939185,32.33320655119402
VEN-01615,11.350773640239368,-8.813998206784394,31.41960437622083
VEN-01616,5.815443514797437,-11.266960064841438,41.46200335652623
VEN-01617,8.856797531263053,14.290671364129624,34.91295489112218
VEN-01618,3.845772771052682,45.00973811726766,43.02381860164488
VEN-01619,2.0536557195403,-11.732634399313357,32.305304860111214
VEN-01620,0.621216287500473,9.283547008710798,38.31598974925967
VEN-01621,3.1598970791862344,21.063639392050877,17.05608397525817
VEN-01622,10.54131799395678,7.465024899563989,34.38030529982194
VEN-01623,10.67798116535063,-39.52542436988855,33.71739869238828
VEN-01624,8.827147918837152,20.933735244215967,19.512964624883192
VEN-01625,6.462039622489184,-32.6729547594274,34.29467627724103
VEN-01626,30.94390527848846,-32.29970254400212,28.3271778233283
VEN-01627,0.493173293877673,-27.226901965025185,59.24450622453213
VEN-01628,3.504464304797465,3.631514066446569,32.03874283354348
VEN-01629,0.970015665579176,-18.0174979632293,35.06161466941999
VEN-01630,14.994510303325637,-30.75693638933707,60.29394506942246
VEN-01631,1.4800980812468296,18.25952152737122,37.057839658746
VEN-01632,8.242901880224125,7.272208563496722,42.21410749752677
VEN-01633,1.6581917338727483,28.456756376924893,46.25691319525688
VEN-01634,4.315838949940808,-11.696744407151757,19.677249825092897
VEN-01635,2.412422377535276,6.283512443181556,69.02648147941999
VEN-01636,2.67737467601411,29.60882077777893,61.834426333096594
VEN-01637,3.923539619167689,-27.460740166370396,22.457419638848
VEN-01638,7.474210492311005,-9.862907528728076,50.86844811843927
VEN-01639,2.4103044830374074,34.80534599220945,33.5926816529128
VEN-01640,7.246351706108704,8.528144741680993,31.943374671863637
VEN-01641,8.513193864680558,3.934828862440307,17.610756058255355
VEN-01642,1.7180361183763158,6.958094719363876,27.649710676179005
VEN-01643,21.62200591756576,41.02163313069355,16.29548588300878
VEN-01644,6.169999502418274,7.350092319102119,14.148127089645527
VEN-01645,1.6912058660648528,9.23021359946564,27.019069441352904
VEN-01646,5.341067755949852,7.54790282241365,54.41447123972807
VEN-01647,8.518737833664932,-35.630112335433424,32.92469178540413
VEN-01648,5.199939746193097,21.5705862879446,26.46353957589752
VEN-01649,3.394172654050876,-14.171071993105969,70.30117172435041
VEN-01650,0.0610228160277891,-26.079614129334686,26.78966062440763
VEN-01651,0.937920087001538,-39.15428599350975,27.65166649946581
VEN-01652,5.734241536326549,-33.54675569997259,58.810479199790045
VEN-01653,0.9176383459019934,-53.27208725355121,14.25182790318637
VEN-01654,4.783871903486983,-19.67690206135693,30.11655396195239
VEN-01655,7.193721292670954,-3.7354590318284178,11.76112220338778
VEN-01656,2.401574863887511,36.65392432728122,11.363527384492707
VEN-01657,0.3901854493199007,9.639451651523252,43.10423161634591
VEN-01658,1.2087331425760213,14.844411865711882,48.251774855454
VEN-01659,5.773356908592381,42.54340876901773,5.711018233138286
VEN-01660,10.8336583422659,-65.0,52.71783995550378
VEN-01661,0.2753264912179995,18.574980205906563,23.699190262481736
VEN-01662,2.97098026721646,16.502320644825936,48.11639863357136
VEN-01663,0.5410459493495171,30.238508420037405,7.916727128321421
VEN-01664,3.002649407699016,-40.49993263821555,28.00711812780204
VEN-01665,2.287077492891472,-7.498371108345536,37.68559501878048
VEN-01666,36.46779784053754,-17.13658060172631,43.36299627940026
VEN-01667,1.502794676348456,-26.773101085590923,38.72549857062811
VEN-01668,8.61645654688627,70.441493630021,24.312044881187187
VEN-01669,8.247024516055989,-7.283446871609522,36.66574168743269
VEN-01670,2.1937701768557494,33.03525759296439,42.27475710913448
VEN-01671,3.097931173497595,27.053809510162697,35.890179397060066
VEN-01672,2.7197082246103697,-30.88543998122583,67.72771418199264
VEN-01673,1.1994492809428672,-6.178646852005388,40.01292809515567
VEN-01674,1.0905682511368957,9.627337927818694,36.67908548195772
VEN-01675,1.7318388678294578,18.677598906846896,50.65143175450425
VEN-01676,0.7770522674167731,16.928970507951995,17.73145624236113
VEN-01677,1.5676387028548824,55.33480856145176,54.63842637359632
VEN-01678,2.192378220058913,32.580904913741904,44.34365649881514
VEN-01679,3.2478755514616955,25.73720728983247,15.717790104661416
VEN-01680,4.428461644997472,34.14384510340928,38.53214502795213
VEN-01681,2.190278295626441,44.525193838594966,25.911313620114456
VEN-01682,1.1664982800239143,-8.821519603501372,29.64226753134109
VEN-01683,4.341038859837528,-34.64735162066252,64.00170036238451
VEN-01684,6.488708896551133,-8.379251129657732,38.88058337858258
VEN-01685,1.5928968137453263,-29.08812265112485,30.881326348026665
VEN-01686,0.9223020966838013,-18.540374375578867,14.371214901993593
VEN-01687,1.6638074045101148,10.694883813830518,38.76848246345698
VEN-01688,2.226153958304253,-6.943096607059017,12.282955429419555
VEN-01689,9.579005536125482,25.497973371044985,17.933499455297618
VEN-01690,5.830836633166572,16.197366305355093,4.6543691196365735
VEN-01691,2.7084927450146337,17.848138149362093,34.32560999552337
VEN-01692,21.993787045711752,-26.153882900770824,57.22603543992633
VEN-01693,2.616242660837228,-15.694990483148755,26.539739291365493
VEN-01694,12.87329434131594,-43.56927713554869,53.43711449195651
VEN-01695,10.416480246115094,23.33704764234032,23.34684232897845
VEN-01696,9.63792734889751,59.89812941011051,59.96267669757182
VEN-01697,3.870089702943201,12.827703326847368,13.48217770771816
VEN-01698,3.0908071722778026,15.22776225547343,4.587566529179698
VEN-01699,2.733732674490277,-6.353025737980406,72.95122109692569
VEN-01700,6.925239727081978,2.1527481111970657,30.294005283636714
VEN-01701,1.1408245672053323,42.41572065525538,25.98017621524115
VEN-01702,2.0355159921465686,10.450279127838732,11.101319854406777
VEN-01703,17.007620240638353,25.261129611099005,27.280287215370684
VEN-01704,5.396371297385758,43.12197997482493,68.05645084363339
VEN-01705,7.764193541256589,37.71210600148338,58.42915208136819
VEN-01706,0.7094475563416067,8.872972269180947,71.3349825872852
VEN-01707,1.6900338087641522,10.85732927105626,6.052550673082268
VEN-01708,3.924408794265423,-2.4306722163442416,18.544476626732195
VEN-01709,2.597054297967829,21.47103518784875,73.18728631241349
VEN-01710,0.7061787792384518,-3.159725076477254,41.19774269722013
VEN-01711,6.269716812860177,17.452987531560453,55.38907434699038
VEN-01712,8.892171683005131,36.03384914746693,5.614274718865612
VEN-01713,1.9859841132312352,-37.52515175137261,28.83319805589978
VEN-01714,6.522806661511165,-42.151901561398425,13.381498546578946
VEN-01715,25.33031456920426,6.794191738594777,34.84279366094034
VEN-01716,14.5539036884216,26.0588172350996,17.541369277081102
VEN-01717,2.0862084338358784,15.745821168357516,11.788238248722564
VEN-01718,0.8074485197774334,-24.69461851536174,12.4477761199368
VEN-01719,3.5014385547671543,32.292143271859736,46.4716584999664
VEN-01720,35.93347967835868,59.523837560168765,47.61353530253867
VEN-01721,11.844434523589722,-15.454466001239854,5.843022532996954
VEN-01722,2.7001079026192283,-11.575600903403345,22.532081415157784
VEN-01723,15.15712723048576,8.691815602113333,13.314825809412678
VEN-01724,9.831396729651727,4.60457548080638,4.849860688796869
VEN-01725,0.336425587504746,40.48310889605811,25.096162442117965
VEN-01726,8.739011257705018,15.656937599450718,29.84271002847665
VEN-01727,3.097629827501823,0.1268193437772229,33.9423053038893
VEN-01728,1.0478698959688897,-7.92171789494037,59.07842575116997
VEN-01729,3.00529907343283,-33.24454417993812,54.53074661267754
VEN-01730,4.287468069602111,44.976666575714624,52.40435090898244
VEN-01731,1.1348167765329449,24.946410475989403,24.89606692523886
VEN-01732,2.3824109595411898,5.556913060312601,25.22633979113488
VEN-01733,1.889151455895344,10.935900737523554,72.60376159183292
VEN-01734,6.51939525652774,5.093122813136558,21.486381094143876
VEN-01735,1.9512532758316647,-39.66968445153056,31.1084122166093
VEN-01736,0.4189856146490863,-30.37308236842789,27.31488102465164
VEN-01737,1.6615490361881236,2.48533201070506,16.54803367333287
VEN-01738,0.9598482478367886,2.027843487463927,47.94358527173061
VEN-01739,0.6548010544064576,7.672622627796565,38.83870234527858
VEN-01740,9.958260621986012,53.8336939313576,38.31768192820248
VEN-01741,6.579250698831472,0.2688410667708005,16.322368962959132
VEN-01742,0.9383504735722428,-12.594433823183865,32.20787101375424
VEN-01743,0.6727927479264385,9.431240854396512,3.8418978105562025
VEN-01744,2.4280501996394097,-29.71502700479436,24.444054907166525
VEN-01745,0.6339285089263457,12.200286305426904,36.28289438651705
VEN-01746,2.0827552782235075,-11.570267730908656,33.91964321916528
VEN-01747,2.93752139248975,14.076445883762029,42.21939961544509
VEN-01748,3.799748879300933,3.133229335544435,18.890446005550302
VEN-01749,3.951713293543377,4.179663236194194,36.78455067199027
VEN-01750,1.1516430721688091,24.91573485253729,29.59618719564137
VEN-01751,2.9376677609646094,27.82846961997694,52.6016938964717
VEN-01752,11.118436161209372,62.89467211625552,14.17843683484856
VEN-01753,0.2706806898984219,26.74631864456973,28.702172880948343
VEN-01754,3.889442914110875,1.3857240251638423,26.300424698684957
VEN-01755,0.7436755945688555,-9.080858829910472,27.954039142021823
VEN-01756,12.73409586663971,17.365183603508775,48.32912464851297
VEN-01757,6.677275257667183,47.45878960214637,9.75561553371193
VEN-01758,6.447303218330921,31.119787061448875,40.7650608429013
VEN-01759,1.063195959302375,-11.231987584060692,29.70285856036575
VEN-01760,3.633549058091696,20.219888216692688,19.57986326434041
VEN-01761,4.107017994484008,13.994376420155309,37.25283267764826
VEN-01762,0.2002245643288232,36.3259901948527,36.43986344244136
VEN-01763,3.1936383272183706,16.138033250998063,28.99705671354324
VEN-01764,5.336638420011208,15.128543632636385,12.360623290710668
VEN-01765,0.5738085384921942,-23.8939528991847,35.140638561639186
VEN-01766,5.2707990402981135,29.385565403083444,44.26722455009304
VEN-01767,3.0331934560656184,-29.54604053246024,48.5081774818656
VEN-01768,12.421080796365793,10.41913304566954,3.970101418693514
VEN-01769,1.7256258950582872,-6.870828664119113,52.56484710433303
VEN-01770,3.3049204294979377,-8.463663567132528,26.482462201489387
VEN-01771,3.956641827341804,23.730037200707727,19.198401987478142
VEN-01772,0.123896936544186,7.912983807691066,16.730593911579575
VEN-01773,1.840368613948408,-56.62234335184616,26.12111768597491
VEN-01774,2.9889646148471987,2.6581463538545087,52.90769283405985
VEN-01775,0.2034871655582106,-2.484761425536748,39.99100324321589
VEN-01776,5.706676839717705,41.95065229770729,9.412419071094783
VEN-01777,2.987558197240796,-25.54480177328364,51.34651873118568
VEN-01778,2.96907377802327,59.75704264186991,12.446670945531828
VEN-01779,6.009303640641916,31.13143770621758,62.78335924420271
VEN-01780,1.7299267828009797,0.4932112291338306,29.46309710119107
VEN-01781,2.8509401344129794,-3.309453880623637,28.215197328924287
VEN-01782,7.039910500527304,-9.233291813434878,16.477534688675497
VEN-01783,2.8893241782440238,16.62285499915752,17.617726002268874
VEN-01784,0.3576638580525125,-13.272111966332997,58.95309967108241
VEN-01785,2.8769095178903124,4.83187225979612,52.09033525603872
VEN-01786,2.9163390004180068,-21.33818857051935,26.76273351947909
VEN-01787,7.3201647360292466,27.244729433934555,38.57269720775032
VEN-01788,1.863473383810735,12.575796897757233,60.7164418513684
VEN-01789,0.927036874834096,-4.63531942115079,35.05333905954504
VEN-01790,0.930380329407668,1.4727276051293767,23.742312731848077
VEN-01791,13.288193576373256,-10.707848593193052,19.51736881640652
VEN-01792,3.7366174765798,16.458933589037255,31.789922990693945
VEN-01793,12.562155075745242,-25.88668714962876,22.374942858152792
VEN-01794,14.72985792632626,32.352743583097165,32.022516521498915
VEN-01795,1.199736485415231,12.67898924709682,36.17710965844954
VEN-01796,1.1030069947991274,-4.11347342827195,46.86320072387852
VEN-01797,2.362081789232189,23.8677201142224,33.10623724714785
VEN-01798,5.343296191271852,18.4926452177688,19.838027498019187
VEN-01799,0.5817450283981749,-20.231981506853906,9.19488934179057
VEN-01800,4.483431666850437,43.2990400982638,11.239829843031488
VEN-01801,4.240463665055879,-59.40692012943703,31.24152458940841
VEN-01802,0.7882430318644603,37.41761024930213,22.688357204845385
VEN-01803,0.8192449464700395,3.595080141474022,33.24536624335
VEN-01804,4.432428339057551,34.74481011839056,39.04553213159917
VEN-01805,26.58414324814111,46.891328893619104,75.86699366865476
VEN-01806,1.9653145915225427,-3.5414898116460343,32.744100701496315
VEN-01807,3.906821708537073,-2.272540369100186,43.95073353913895
VEN-01808,1.3972330154265369,16.4950149354676,46.34966573887481
VEN-01809,3.525904609911732,-22.608326914012288,7.942510358552232
VEN-01810,1.3662636069253948,-0.9553208276082276,33.134289821311654
VEN-01811,2.044533843440996,-3.2478024094187727,50.51107458549596
VEN-01812,40.20623760900078,-24.026150582402344,36.517865958404144
VEN-01813,3.0580556279055275,-4.666937009747109,23.845432561982925
VEN-01814,0.4864650408112225,28.33224329756595,46.869361081597525
VEN-01815,5.513110345721856,26.38358853679872,6.71222910296148
VEN-01816,9.414605877034466,3.215411979978996,41.97874089025246
VEN-01817,5.7147545220090326,9.684113228400452,48.18289910713358
VEN-01818,2.237926164538069,-0.2133034958562927,15.608704004478904
VEN-01819,0.9909460164542252,-39.55688442714467,30.55182195283466
VEN-01820,1.0181079357915932,-19.450850967578365,76.73003680029237
VEN-01821,2.206237402647199,33.8927259698723,38.04922792612067
VEN-01822,1.8157519785566956,40.3252676652939,28.89704789675184
VEN-01823,1.4710233272011812,-15.174847074413748,15.714092812981084
VEN-01824,10.348575802908602,38.215375931893135,33.89240057938313
VEN-01825,7.487867523846147,-24.418744489155507,23.99625164181332
VEN-01826,10.953874067275686,-5.96279565920641,59.76515534321842
VEN-01827,1.1420131234054889,4.792225440211832,30.692218626517853
VEN-01828,0.9872048823593584,0.6242786984599267,19.155915353544614
VEN-01829,2.9597957414490224,-10.688622857910104,37.72591136481582
VEN-01830,4.290816539216464,11.42195992875623,46.70432422888906
VEN-01831,2.940762400148571,28.964269775100792,34.06563918503728
VEN-01832,3.980989212471469,-31.251367742065675,3.968257937427417
VEN-01833,15.542212891702745,11.407916291246435,35.56225227837997
VEN-01834,2.13778845561602,34.05272214383494,29.570487137673656
VEN-01835,6.605162119744295,-3.1438611495093003,34.780803443667885
VEN-01836,4.805503359441262,-6.765672569804019,44.10610119396503
VEN-01837,3.01878248404346,-14.972199932593885,33.62278639526301
VEN-01838,6.27855690541733,62.00956266740105,58.98108940140361
VEN-01839,1.167949833319038,48.316246232778994,60.844552430704525
VEN-01840,0.9361485683155067,0.0381728671985035,27.15527589823995
VEN-01841,4.376096391585135,39.867594177099406,25.53873601581428
VEN-01842,0.4485076033132196,-6.204698804753724,56.366727501934136
VEN-01843,4.771667934812648,3.798555193895085,47.260648681121005
VEN-01844,0.7858543311915771,-20.61871612034027,23.98373001386941
VEN-01845,14.435960132939137,-41.76409402199988,53.75701745205511
VEN-01846,1.757878697195265,-7.664800352855309,27.478570404177987
VEN-01847,13.444286626604478,-3.475460168854568,7.1000049811845365
VEN-01848,2.1556656299372445,19.517656650026776,29.96224582269446
VEN-01849,2.0567070379092263,25.68335844322879,18.19343680094785
VEN-01850,7.046345372088677,4.687152227740261,21.40752960477942
VEN-01851,3.751906510073337,-18.760710044204725,29.708653465419975
VEN-01852,2.525979380897589,-9.764465237817085,41.591543953200805
VEN-01853,1.7427880692804816,50.95974899464372,3.1838729796860394
VEN-01854,1.7612114820035747,24.986945317886555,20.70751507989175
VEN-01855,36.35351712412101,46.416751346347546,30.844790797255573
VEN-01856,0.4304929390531392,55.97807031312755,20.866758526534067
VEN-01857,0.7241306238029875,-9.751603049174122,37.4925708292965
VEN-01858,9.92020376453886,30.144752325200454,45.36666911837847
VEN-01859,9.134436625854068,-16.359145253685437,6.724269597280818
VEN-01860,0.985357806158653,35.899192473568625,21.79261113535321
VEN-01861,0.3954758538906187,30.35141487872282,51.670604138169466
VEN-01862,11.018332670178316,-49.0799748572843,39.3464468875155
VEN-01863,0.8594385596347529,18.87487011672593,22.58602178127426
VEN-01864,1.583726491819505,-15.127424847761215,32.37381355522737
VEN-01865,3.021437128392805,-1.1909755368604529,70.60470804650451
VEN-01866,0.8353803619639653,-9.811730015010124,59.95958882714938
VEN-01867,7.514818697463596,32.51450578424226,31.811050109976417
VEN-01868,2.781596120823283,-10.454623842361244,31.158145460175728
VEN-01869,1.0302091294649232,-26.53384840530446,60.18425486986286
VEN-01870,1.135058316987472,-13.804233646937009,44.87386171860208
VEN-01871,11.321189043614805,2.207949779901804,49.10659580536858
VEN-01872,2.0004473073598428,19.07640595238167,49.62505702222354
VEN-01873,5.343701559428366,40.28842728715779,49.264836844147055
VEN-01874,2.6885923450518097,21.8671938818696,7.651034741209744
VEN-01875,0.3945529637977606,23.76241029703612,18.0772049917763
VEN-01876,6.181298956412996,27.93922773524988,12.255919612255532
VEN-01877,8.857224378574076,30.068369855692936,27.757738209852423
VEN-01878,20.62851791029837,35.901517110710444,32.76369854003078
VEN-01879,0.3360032516772639,75.63727705748624,18.09107852631161
VEN-01880,0.0842220446337162,29.62339425923808,21.992008349251705
VEN-01881,5.490348367953097,15.735726973019526,49.581697049844486
VEN-01882,1.405994132061371,-4.56075719444868,37.00774062034809
VEN-01883,0.5638266483302041,16.36846488345903,60.54755718845579
VEN-01884,3.0595998923986314,39.154674847567335,17.169226651976963
VEN-01885,1.6582592721590952,-24.89328421905896,29.16282391598781
VEN-01886,0.6677714904579579,41.98177220855234,18.51094646391731
VEN-01887,2.4816577163688383,-3.5220293140068613,47.0391922280151
VEN-01888,5.069045145157264,1.737966713270982,18.52711299093956
VEN-01889,3.2950536701890702,22.08824821325737,45.15448047045732
VEN-01890,3.3226373166524064,-6.22105047548196,20.461520714446088
VEN-01891,4.427203950617246,20.387948743373546,47.44039318591364
VEN-01892,0.4229414679691376,-23.108357478782395,15.069918324847606
VEN-01893,2.569145374158436,31.65093717282506,40.11935330131077
VEN-01894,3.539391520558405,13.29130446655912,56.63569545553936
VEN-01895,1.7936736361070424,7.900801277615876,12.48208486755872
VEN-01896,1.09157908499348,15.416812679497507,12.226764736783649
VEN-01897,1.1962631397878556,7.456002661928297,16.808212439574564
VEN-01898,1.968500795236032,19.922031604662376,44.44747857558495
VEN-01899,7.432195575888434,2.403773440525341,14.978538041637124
VEN-01900,14.58427883513523,0.1468775575569205,23.201499543762296
VEN-01901,11.655706291015637,-39.73504161021391,22.8031270374216
VEN-01902,0.4883051825873413,44.85147804985871,37.27614560649767
VEN-01903,0.9672998559568357,-23.40156226433627,47.52538586239136
VEN-01904,5.6024801473950685,51.617316101226,28.45764324704888
VEN-01905,11.367929732285234,1.4569927041131736,25.741007381463245
VEN-01906,0.938480835992254,40.87311354980189,15.62122587868977
VEN-01907,3.325431802084692,36.14011841674949,39.481133466434684
VEN-01908,0.782668938841121,33.98018912512158,29.327558994716277
VEN-01909,3.6845107877223833,9.253786331463573,20.73544230027027
VEN-01910,1.3393786113342705,-24.25564879995327,13.348384952617964
VEN-01911,3.3241513887924343,3.0853432295965497,24.988996458197967
VEN-01912,0.7167819714695511,-0.4909584609140438,28.04221990727757
VEN-01913,0.4505598541588483,5.241456272068021,34.71487573729269
VEN-01914,82.11410694588227,-25.147806789726857,51.762869941151166
VEN-01915,2.9337316113406127,0.2702811710179889,30.314227259862196
VEN-01916,28.45096601030098,-65.0,18.3488229879188
VEN-01917,14.2956392369878,-0.1082434590236314,33.66869987740299
VEN-01918,0.4497034134669601,11.396530961177133,32.893949719382974
VEN-01919,4.046947912944036,-13.11164908344487,11.574504620336263
VEN-01920,0.6544731695279953,0.7060228017655348,49.688358746300246
VEN-01921,1.962426477533661,12.389502756007255,14.984901093252931
VEN-01922,0.3418483814020012,35.34584000086707,12.482795943760609
VEN-01923,0.4811150518186695,36.475049115577335,23.326544607156997
VEN-01924,1.0615508647722969,16.24538999725437,49.82471191415745
VEN-01925,1.491345660671509,7.206515115309747,35.925503003407435
VEN-01926,2.8368940412317385,17.589717427266645,23.73135590332508
VEN-01927,0.8695256429283115,56.59871138493355,34.02056232558101
VEN-01928,3.203484784809224,21.54005406087641,25.922209150699157
VEN-01929,9.48149033333794,15.036933814892585,17.585293274917397
VEN-01930,3.6739925684545134,36.96797479745713,30.531536572862915
VEN-01931,2.524252621577728,9.297188163885984,38.9093943109004
VEN-01932,3.9582082609422455,-15.040956985645831,40.014030166634384
VEN-01933,0.5607499748732824,20.39734619198933,35.51146318725538
VEN-01934,7.746241608808992,12.599214868502632,40.46863586180655
VEN-01935,0.7280430863492792,2.097852522391958,44.02571061171111
VEN-01936,14.984993509621807,22.68085200289716,31.72627886154387
VEN-01937,6.346024337995034,-40.93886609624654,13.933396369139125
VEN-01938,5.013921012067852,-6.597763687748151,28.12668201771161
VEN-01939,5.259877969829649,-15.724590577424248,39.84845085886673
VEN-01940,2.7126310607391533,-12.92102080266164,13.189689812267776
VEN-01941,1.144509473299204,3.842526026138641,50.11705241904912
VEN-01942,0.964683954438546,-16.57045526515186,10.847622127129204
VEN-01943,18.662779235302978,53.27806605619001,39.07441870202965
VEN-01944,3.0454063902202027,20.194999733009876,23.739972970259277
VEN-01945,0.7973816412237702,-13.44801607727982,17.928455612222283
VEN-01946,4.79887961050348,-38.991738890885486,37.514256743416816
VEN-01947,3.963675492827272,-7.752958853669307,25.665183841821467
VEN-01948,1.892174469978849,-0.9021594857510528,18.825957381079565
VEN-01949,1.012249289288391,-9.143651736473636,32.70764275023719
VEN-01950,6.105043592775684,76.6471264601477,20.275630718378626
VEN-01951,7.695624565971183,-36.66335708255295,85.26694598416032
VEN-01952,3.8753514228833295,9.377920955314073,40.141888086106334
VEN-01953,2.9408477132469977,4.491823196462525,21.788319757069395
VEN-01954,1.1495501621670132,1.273449116226934,32.1830841540279
VEN-01955,4.608137826160659,-44.36351837154386,21.304302186281376
VEN-01956,1.3523424014376566,6.845110472677328,22.921813348035357
VEN-01957,0.6705074329660136,12.870921262634075,44.02090251635471
VEN-01958,9.37603108500604,27.161723567878973,40.99655531279195
VEN-01959,0.8755612350735974,21.046654604657583,25.56653375388742
VEN-01960,0.3373515465627921,40.89276463060455,41.06647730941743
VEN-01961,11.472087310692196,-47.24777071931573,5.935980745217552
VEN-01962,0.3989642671989765,1.6557437492557945,32.46763673071547
VEN-01963,1.7705434848272044,75.62166472794813,15.90021432965741
VEN-01964,0.8145039295910119,36.62249579387441,40.90808010859001
VEN-01965,1.2260773806879417,-31.242707191366968,14.28814416982432
VEN-01966,31.38963082347737,10.379695015969814,24.47226158104072
VEN-01967,2.430942968590374,-20.280052959983152,44.922483746559294
VEN-01968,4.038589756567787,-3.6515147223711217,22.19772269631415
VEN-01969,6.485291532302132,61.99082216391051,36.39706159131275
VEN-01970,1.334416300007928,33.87934629178844,27.348837536464977
VEN-01971,8.869817585278602,-33.03856383392682,29.87410292982705
VEN-01972,4.110769098600638,-12.660974338476336,26.24162227956669
VEN-01973,6.228800380131944,8.02198797750124,35.424849940881664
VEN-01974,1.2247767045627267,0.8630594166093264,44.16442955400453
VEN-01975,4.429954730203409,16.45717217942578,35.63433664723659
VEN-01976,2.6916827154373992,-12.907796356509728,55.47482219229193
VEN-01977,9.418994255519952,-1.888010973070012,26.989248379166916
VEN-01978,1.5002484475510554,-13.222052098985095,19.768159545967244
VEN-01979,25.417476815057856,-1.925824216003022,31.03235101019709
VEN-01980,3.945577862658136,27.00537825435462,69.39939896008728
VEN-01981,2.3685083025644444,16.012054678879203,21.799357451905543
VEN-01982,2.082540560092613,-10.93515834874589,48.62989952326839
VEN-01983,2.6978911410454844,38.572109506922445,4.763759167149061
VEN-01984,1.361345469218124,36.72086820421201,7.63598353561436
VEN-01985,5.659791358189734,7.969871280932044,26.499256480660566
VEN-01986,2.682886878584385,1.0322105736146474,26.656828827889527
VEN-01987,23.0570674822519,55.588558967058844,32.41177799932159
VEN-01988,1.6876644528999227,51.38681663996999,28.72423072651892
VEN-01989,2.3804489688644224,-32.903968126865465,39.44311742227255
VEN-01990,1.685830208708457,40.24592693810136,31.85792551328131
VEN-01991,21.241283960361987,54.54230064462438,56.074693371000926
VEN-01992,0.5541592931793939,25.72928239870797,21.853883043631814
VEN-01993,3.013206882993809,-4.60686512961818,48.20661912715553
VEN-01994,3.835430071785556,-1.3335120067055437,26.703041074310825
VEN-01995,0.7859791346826117,54.18665338692172,2.6120946597800496
VEN-01996,49.77463934687062,30.556508282797257,3.2888994745011035
VEN-01997,0.9766550448820484,22.77582867818291,50.4106483124754
VEN-01998,2.8203917799947726,70.98509727413932,60.64491215118398
VEN-01999,17.329859628180998,-19.208107353152272,14.008592329327188
VEN-02000,1.7993540540785071,5.549780430059787,51.69616040723922
VEN-02001,3.183531014883727,13.1299429276115,34.080932927510624
VEN-02002,1.8603204465349448,2.287157238619189,45.65394659937326
VEN-02003,2.56354526413456,-41.68984016098964,18.572280290648564
VEN-02004,8.931670044556874,35.10451078842316,46.50208471190456
VEN-02005,1.709617236956582,-12.282720318211464,72.71613886324438
VEN-02006,0.1466212756510997,-12.766572130689063,9.906933350640672
VEN-02007,2.621512264992362,-1.6943351423401118,29.784687922233605
VEN-02008,2.9130755151959,1.78381031086834,17.649192768172238
VEN-02009,3.3702313787515075,4.719352270733549,54.47724216299533
VEN-02010,2.221904481510737,34.020198720697834,13.018420514138146
VEN-02011,1.052542122540295,39.55884598062633,14.074515150496648
VEN-02012,2.075789419011503,0.9977820569593092,22.639760327721483
VEN-02013,18.9482423647805,-8.149852418279963,17.77414940401396
VEN-02014,2.595427226371911,4.532915350468586,30.12477753837598
VEN-02015,5.574481789912602,-16.128885189701226,44.43380644478678
VEN-02016,0.8718807059566963,7.234222633545016,12.540739311305565
VEN-02017,1.9727663749121012,-17.545407035093618,12.46682717130639
VEN-02018,0.9042278868925834,65.43498693929935,34.650811432984085
VEN-02019,11.28009989865096,11.453752649804782,35.23868855523916
VEN-02020,0.4909772952394926,-6.521378232563691,29.995225729722023
VEN-02021,4.094488587009365,27.058264632448797,55.23199514498055
VEN-02022,3.954366430233847,-25.265545672505148,23.651156906752327
VEN-02023,3.682279324627949,-11.212134786320275,38.34874510426467
VEN-02024,0.2061048250010045,19.442364451835463,24.157300929321263
VEN-02025,0.293689677844648,11.655223623193525,7.200494183087159
VEN-02026,3.091825632042684,36.31650219110855,25.755674069481927
VEN-02027,0.9846883678570518,-65.0,63.566847302691485
VEN-02028,1.3402535764090069,30.08941747388302,23.15157350790035
VEN-02029,1.7040470179024592,-6.670834899092279,27.599246947375505
VEN-02030,0.8536236500035241,-23.59688435068804,34.06812471980133
VEN-02031,0.7062114755800581,-38.5249206335568,8.718640878877574
VEN-02032,2.7181161698265424,-7.003170125738171,37.45804220980536
VEN-02033,0.3339745140913171,50.92942274828279,39.802329289911945
VEN-02034,1.558335574849947,34.16596881307429,16.355331364996207
VEN-02035,1.304531611842701,52.12792341100588,34.318483646651124
VEN-02036,2.648371138915829,4.926649441784509,50.5448478927502
VEN-02037,37.55840306858634,10.883185373963816,10.07227288568497
VEN-02038,0.922984235134469,-34.640544111724225,44.27335616216136
VEN-02039,4.250371735816636,-34.645477452133726,59.913367009838005
VEN-02040,3.4655563957820057,4.043138134615399,25.955339574824503
VEN-02041,5.032343894534299,-29.15693904559042,40.90963979803172
VEN-02042,2.149809569270205,-15.144680999184128,33.94449521594563
VEN-02043,13.271268361229334,9.168268268447868,55.8758192155423
VEN-02044,5.776670290368402,42.35319820606305,14.14102659250794
VEN-02045,5.878644462834972,8.265779882759793,11.085088158611448
VEN-02046,0.5736855735957286,-28.728589498947088,11.726419744972633
VEN-02047,3.0221659538744,-41.18866154526516,22.54345564567809
VEN-02048,1.5514019755633413,11.237536028590789,11.432515060519972
VEN-02049,1.0535869311286865,-8.985241274674543,23.5935902757374
VEN-02050,1.3646378200560838,11.13621116161714,21.209420288020198
VEN-02051,2.55611642549732,2.487334301007244,47.71658090085653
VEN-02052,4.492641798848771,6.098018310691487,22.00235391615711
VEN-02053,8.002578749585815,40.44261180985328,47.68267071791495
VEN-02054,7.6001219203463055,36.44803665361111,5.936635578201271
VEN-02055,3.750780843366148,17.95883602827884,7.7614798476882045
VEN-02056,2.8897959254873684,-16.170159181442028,37.43406686918605
VEN-02057,1.9023009243687088,-6.883671455141394,37.64663526493466
VEN-02058,2.070202389168717,28.60771027962636,45.48296348309843
VEN-02059,1.1522049170284023,43.13779149167307,6.789970385378688
VEN-02060,1.6967162541953775,-26.390485574688768,23.644634146934106
VEN-02061,4.011676865536688,49.24324442958715,4.713599181352267
VEN-02062,14.79646760715248,-13.053128603283971,31.792823299307976
VEN-02063,2.305506831736322,26.05729548303385,43.72118416832679
VEN-02064,1.1180092385319087,83.62858521871695,24.399097971361304
VEN-02065,7.894604447751011,-34.92207295572217,4.48975780337824
VEN-02066,0.3003949990334773,21.64051072647763,35.27774140228683
VEN-02067,8.563118388974075,-0.4766547393674578,45.3634793885032
VEN-02068,0.5620739245360724,20.07555154491613,10.10016460970532
VEN-02069,5.600610333005538,-8.712276724810284,8.47335054730005
VEN-02070,1.6101089819370025,-58.94553122032762,57.44806190923856
VEN-02071,3.869016645212527,-12.352980943783734,32.78327143849886
VEN-02072,26.88220327522463,17.369097961374315,62.83230644911509
VEN-02073,1.081604640142615,44.428815013090734,37.94670938263271
VEN-02074,0.9042892953482168,18.94955977430553,25.61492808149145
VEN-02075,2.96249840248816,47.76444694382788,63.574289109422544
VEN-02076,14.55392553580972,-5.322798082041162,18.9073388790543
VEN-02077,3.3104414520163767,-7.5191745097269695,39.0459962331298
VEN-02078,2.855015538786758,17.26308895082696,49.41620598726584
VEN-02079,3.27391964338394,-2.125159029472126,12.817969852063934
VEN-02080,0.9001992279991141,38.30762977433761,36.823435308562544
VEN-02081,3.310669287097512,-29.950886246100204,29.12522154111573
VEN-02082,1.7645333547874582,31.29286626259896,33.97233505969292
VEN-02083,11.643032293483186,40.61674212043158,6.791634386940472
VEN-02084,6.539015191311606,17.85737777355696,29.82726267837872
VEN-02085,0.633745002526121,32.64356109356251,33.9211208296803
VEN-02086,1.9908334915077228,-9.528173521933958,67.20021996857365
VEN-02087,4.858766176537323,-14.448214251182318,30.34195284853353
VEN-02088,0.923411335378818,17.509395804302464,49.92077371679511
VEN-02089,0.8292778726137597,-11.500063813158928,19.683673428275007
VEN-02090,1.6352924777387623,16.113805947925414,45.600425197994014
VEN-02091,3.970472726810241,16.143156437178618,4.287372476765478
VEN-02092,8.506814913532224,6.180005791169025,24.184712494507007
VEN-02093,3.508826993301523,15.62206247055684,35.412867072788366
VEN-02094,40.79542514187641,25.136752052090948,59.12372928075823
VEN-02095,1.2911889913505334,5.299289951427728,32.73430596838446
VEN-02096,6.137311230047685,-4.875418003148193,62.78924772566884
VEN-02097,0.8025132090374757,30.21182955265537,44.40093409167088
VEN-02098,15.991774548297292,15.378421447715503,60.94686366517848
VEN-02099,12.12600571823572,20.179045137477843,57.34650958181159
VEN-02100,5.945642124494468,23.729630597732168,14.373312871474436
VEN-02101,0.4025375592766709,12.010839544351091,20.8393326396418
VEN-02102,5.885345035512947,-1.293335953268091,38.13119906938474
VEN-02103,1.104015505594427,-8.654652696415358,43.014785332467234
VEN-02104,4.477139270247566,5.611865140166557,3.721076637634084
VEN-02105,0.5487503334554064,21.00730431945325,39.04521543175803
VEN-02106,3.658233946180637,22.2670965085712,29.73550802477265
VEN-02107,1.842439949260247,11.8853775854277,41.76642004161182
VEN-02108,1.154817446034468,17.50917283690298,21.57021979349211
VEN-02109,5.216684710081385,-21.825246297201176,11.80769686753821
VEN-02110,2.569137996074812,-4.539172558397773,44.345168450567
VEN-02111,2.1696006900149407,26.11442733198208,28.771815270714484
VEN-02112,6.116022108772951,-14.503131788696436,29.73778127122008
VEN-02113,22.072973301087263,11.814495628738037,42.541492467210986
VEN-02114,3.6812082276603655,9.39227962406679,48.72222654602456
VEN-02115,0.372853070900369,4.9255858136699935,46.69872744468099
VEN-02116,0.4896287488255897,26.32741460913409,16.074234377595182
VEN-02117,2.9323559000595387,14.13409608544958,34.43224596466061
VEN-02118,8.407444034343447,-24.33162415509082,35.48167874032878
VEN-02119,3.152446628296833,21.936240710592244,46.04393864914472
VEN-02120,4.771793051461172,-5.691950527910803,26.84630403535594
VEN-02121,2.5479738373045278,-28.82477475404144,28.986032667201037
VEN-02122,7.8326837766133774,28.04089492595082,40.419734333130855
VEN-02123,5.356262340760955,-24.01769241959822,42.361698295329305
VEN-02124,0.8855604989485297,-1.5763621920844866,47.72108380562993
VEN-02125,4.448566536537475,15.924546564880476,19.262242744266693
VEN-02126,0.4981288037936386,6.020807639838203,75.16495323969873
VEN-02127,4.449654044637912,-8.855680145762413,59.08978532716844
VEN-02128,1.992217525313675,-18.830494498166686,25.50057688400197
VEN-02129,3.2438580283241767,-12.522214345640087,44.43441565707539
VEN-02130,3.8822589477334497,-21.09087550010289,14.535764275897058
VEN-02131,3.7054356062325184,4.584821306979491,17.992400522884655
VEN-02132,12.925758128737217,-6.724916818257908,26.308310353691656
VEN-02133,2.82211812066128,-29.22645406703604,28.91480826386548
VEN-02134,3.3461452527015982,0.1911103781108778,24.17101141314241
VEN-02135,11.737611884732884,-9.366905254187326,15.76785426783912
VEN-02136,21.8998744721904,15.238871484644234,42.06759084046056
VEN-02137,2.665841422787429,17.777067358990973,41.64281360648064
VEN-02138,1.5476008982724403,44.23309805773373,46.90308976766348
VEN-02139,1.634332554507761,25.4900952257137,49.75706708342796
VEN-02140,4.462879751166106,-21.382744224065007,12.00653065220751
VEN-02141,2.173358381228893,-50.67281202181925,13.106083952575403
VEN-02142,0.3968584091452554,-33.00612607127176,47.38364817030209
VEN-02143,9.349787577321194,-5.568375721735549,54.02013924025874
VEN-02144,6.665384765589698,-35.41511175337802,54.89710304247244
VEN-02145,9.595626756154571,-8.63522357318833,19.02871355357085
VEN-02146,11.923819747207018,8.87097510712542,30.17064355546432
VEN-02147,3.3523912042042534,-7.205794392716884,3.861358711613588
VEN-02148,3.6204858405295455,15.526176047826734,58.10643611810397
VEN-02149,8.2261996831842,-8.429588550008926,17.614813045678776
VEN-02150,0.714229934659627,-12.572836185581275,29.262983812199188
VEN-02151,1.844628825359452,54.11620767326984,26.868351832445885
VEN-02152,2.5465606913779286,7.1080934519512,44.992221606090176
VEN-02153,7.49421198866367,11.0244605596415,29.84029074932859
VEN-02154,1.5031029078100104,30.7945625532054,17.969146744461938
VEN-02155,1.241891774253726,31.680365245176443,43.34721351911266
VEN-02156,1.6920415108411868,-1.8840016228620355,13.66243259317904
VEN-02157,4.5566754587716005,36.24092413678407,45.60092746355242
VEN-02158,2.5216076329122226,-4.119518977705704,25.167237462598745
VEN-02159,0.5511168997648406,35.43861394866157,14.507118188468157
VEN-02160,0.68459040906722,-25.312934777844468,16.852121496996915
VEN-02161,3.159027310287573,-0.2819746913405438,50.27198818819153
VEN-02162,3.2768834585259543,14.010175518697896,40.408966611717226
VEN-02163,2.8020281149307857,17.741411652962825,13.341770865460813
VEN-02164,1.6196608546766569,-14.77734851512706,40.601632728760976
VEN-02165,6.465059386901127,-36.516523728131766,39.96493505278455
VEN-02166,4.079109268005311,20.42831096580462,16.8032959054006
VEN-02167,3.929066456713081,2.4191302450456966,33.3654386817628
VEN-02168,4.085470515835635,-2.550248443380825,24.629244650382528
VEN-02169,15.754974307482993,52.66886332265272,33.970555306925185
VEN-02170,0.8809983681767832,0.0886975578947515,67.47991572962202
VEN-02171,1.7105629469653083,-5.957081558045971,54.37515171271262
VEN-02172,1.8776537585266773,-40.603541521464166,36.65620074770903
VEN-02173,10.842053304258108,-21.23562780356301,53.54630891311943
VEN-02174,1.80195306743822,31.64711232408616,41.06144639090564
VEN-02175,1.1368879974354351,-11.58647303469376,32.42087268488976
VEN-02176,2.419619643074677,24.969749704615676,17.64099469324854
VEN-02177,3.0496647460261124,-26.89756015034876,26.26255512876618
VEN-02178,10.135262431633793,-15.46831085857982,67.06279319879295
VEN-02179,1.790231400236442,-16.15721841602131,28.352695152326053
VEN-02180,1.2760940693554546,20.872617460036697,20.47508258920913
VEN-02181,0.9991694094631894,2.278456115282484,30.12921160045854
VEN-02182,1.8613205469329128,-21.98714071033596,57.80505164718424
VEN-02183,45.605124760411854,27.291041844596556,22.462389392128028
VEN-02184,4.139846533505792,21.34606010783432,13.449503335101245
VEN-02185,5.249358912524086,17.191648636940727,35.08631613568804
VEN-02186,2.7174126112394608,15.971572078632043,25.260094474775897
VEN-02187,3.161737102923697,-15.057064112682706,41.31652108364751
VEN-02188,6.456985700469984,41.981652178876764,20.670532384040307
VEN-02189,5.047770299496335,5.271963050504757,50.505847889064846
VEN-02190,3.991118138200649,15.23622545244265,21.410299658556923
VEN-02191,2.766911964207336,18.33880521274813,65.68174532516416
VEN-02192,1.8449701357948556,-17.512306458113585,14.983484037168829
VEN-02193,4.335231555228742,59.20256706015204,4.883074506978609
VEN-02194,2.9799714136789937,7.269223357267274,61.74574546489936
VEN-02195,28.39015611451974,8.901704840585655,41.326256993619616
VEN-02196,8.633539507991259,-3.1379879577529,36.98637739905643
VEN-02197,1.294715353433196,39.04926037507634,42.596265563370096
VEN-02198,0.7508823786165603,40.18861639042469,38.23323264405809
VEN-02199,1.7541157008222807,12.27392527642796,43.05329991463838
VEN-02200,0.8256743343924854,-31.57730826032193,38.72842258161168
VEN-02201,1.6419054765746703,3.559505478295587,18.197993357757184
VEN-02202,0.9356371855952836,6.245260262875567,30.16460683814685
VEN-02203,1.8969872342426888,-4.194422894896574,14.541177246795664
VEN-02204,1.922001347435491,-18.54992314612545,50.91763928231949
VEN-02205,3.195966615714374,-33.9644353872275,5.789212218044395
VEN-02206,2.165031250587384,47.72085390801071,3.515592803301227
VEN-02207,1.0075027207355365,28.023114802052916,35.584693990756286
VEN-02208,10.343835646884214,8.930175000910397,45.46977050746083
VEN-02209,4.234592623903311,-9.543870856239757,53.48498249579732
VEN-02210,1.4934514081511254,17.72297589068952,37.19470295167079
VEN-02211,1.0255824214926876,13.511524487695056,19.738726776285965
VEN-02212,0.5412081850843629,-2.831068506226776,23.36599757586822
VEN-02213,0.4993150532249537,18.52156908329873,34.81722394822412
VEN-02214,8.603803916736208,21.83438862679336,17.67615552576875
VEN-02215,7.655370562321333,26.558618485288477,8.65100138834617
VEN-02216,1.4294857071203686,-15.979682367234346,28.487391315081677
VEN-02217,12.21663131993202,19.643990225566174,48.79176009200374
VEN-02218,5.357194395601684,39.79438250788783,18.54567714892624
VEN-02219,3.399331783065038,16.001950468548408,23.76536148393994
VEN-02220,7.015581609585047,67.62166512753672,23.436940574114143
VEN-02221,5.367203177400473,3.1293639430186984,24.41870345789194
VEN-02222,3.218917680024625,-38.3785047268065,48.68137218559104
VEN-02223,2.087469671603256,-14.9201620869032,20.6524679856786
VEN-02224,2.415931948179552,-10.07117261294798,18.99663349086233
VEN-02225,0.4635818792125256,23.08165806647161,19.25023535786697
VEN-02226,1.126592335962216,30.45945233284229,42.65534346409829
VEN-02227,19.69130812023923,11.674811371113927,43.5940648664839
VEN-02228,1.0939487305229096,15.90007334001493,17.055295277215837
VEN-02229,0.354969840922933,59.70703584815399,26.923958399130388
VEN-02230,7.347498103132128,-14.43938747666331,22.238514840171167
VEN-02231,3.573250223235228,6.032409404987365,19.41000463255192
VEN-02232,3.801363454856174,-4.215381649142502,31.640118717038764
VEN-02233,2.28581835137057,-23.694483880671605,32.66751891731326
VEN-02234,7.402646392669026,-46.6729174207306,34.2097831711077
VEN-02235,14.62368284906667,43.005857073990015,9.93515331782646
VEN-02236,1.53174354417276,-12.633383807288368,23.26091455773286
VEN-02237,5.453021434390098,1.239375237301516,35.741392054549614
VEN-02238,9.30308406120188,19.62596812090121,9.862940339841344
VEN-02239,1.4397358235322169,-24.12982406009353,11.9170483194151
VEN-02240,14.30395128424972,-14.529184795763785,36.16004168840664
VEN-02241,9.269078134604278,7.4128742835117505,32.451146813077486
VEN-02242,0.6933552083742229,-3.833591498942889,26.15894712607033
VEN-02243,15.712800474336666,-26.449194604523463,7.603882086383221
VEN-02244,0.7345207810140195,24.394032364312253,44.80372559990049
VEN-02245,1.276103191596633,-4.53435221380316,13.30280500264714
VEN-02246,5.766298707921928,11.692258429793997,84.0296776609857
VEN-02247,8.547216377535262,9.537183360955396,32.39885547075857
VEN-02248,3.0299499722479046,34.17955743045187,3.9748762856243514
VEN-02249,1.3595379695250187,17.532855119429634,75.11381798616365
VEN-02250,2.04188951115051,-15.290134871946837,30.374469483614003
VEN-02251,1.7926003961688275,39.37956302518705,19.482822653154734
VEN-02252,6.857506160656564,-4.778571584222588,43.631869073489845
VEN-02253,1.7393910029057795,-13.974160944239827,42.43255322972497
VEN-02254,1.3270636022908882,-17.974646196893836,65.13317295761622
VEN-02255,0.5352770292056842,-55.274633962064286,21.768502418247987
VEN-02256,1.4138932087028564,-8.428876957416222,37.92562572929689
VEN-02257,2.386416871650224,18.70977423205408,64.08078117310706
VEN-02258,0.7839268884094256,-28.77042798051668,46.20335367539421
VEN-02259,0.3988392762727539,54.13223155654176,21.665096312250338
VEN-02260,7.988111775052841,-52.49823901314157,39.86547606008371
VEN-02261,0.904421887444588,-13.146245926443612,19.750816771478423
VEN-02262,0.6438659080659578,-32.16360090083121,28.536218336057257
VEN-02263,15.278968069303886,32.78797514241344,25.845734965367505
VEN-02264,6.914704904441113,25.61738619877396,54.08399993094841
VEN-02265,8.398341426873362,0.8169477617562331,44.40976769642957
VEN-02266,4.738500520111836,-30.387946420830787,20.63938948528176
VEN-02267,11.501883405360797,-24.358510424271262,14.06732840412902
VEN-02268,7.18318984064216,14.749666384377536,26.675297389192508
VEN-02269,1.8610032617943832,-10.255762923215476,9.3573533985383
VEN-02270,0.8423555249845155,-7.175131300017883,48.11521725447129
VEN-02271,0.6626817956120339,6.0086059894273465,33.03107150092259
VEN-02272,2.331082108642882,-3.139561603712007,26.97029132171688
VEN-02273,0.8105899405621637,-39.24076101658611,56.34409824021505
VEN-02274,1.130374844660965,-27.93414619077136,48.38202276502141
VEN-02275,2.2990078705957075,-27.28026030920724,44.38386566536498
VEN-02276,12.650140308151538,-11.64358987574142,16.002432653323897
VEN-02277,0.5160068187610272,10.432546545784373,36.4748046844106
VEN-02278,2.8086332779059133,9.320496917569216,57.86465433443877
VEN-02279,0.686206677881281,40.03808902582119,29.433931211207423
VEN-02280,1.4740629499457707,-29.989710391658924,27.584877203281728
VEN-02281,7.559739244057868,16.273221061309428,57.94694807025045
VEN-02282,1.0691156779684086,-13.238384279338389,28.63872990662636
VEN-02283,2.034586091328733,61.33902054176697,26.08226978620075
VEN-02284,3.174418285689387,5.140590543592667,6.643785784979736
VEN-02285,5.8784650845017,-7.163232977709487,62.81016099622353
VEN-02286,1.4878294418948392,15.40613930105626,29.597561874091145
VEN-02287,10.879257627352374,13.320724162450738,70.2145373787454
VEN-02288,1.6658827943224317,-2.258513115328695,48.94564917413837
VEN-02289,4.6310723172283765,24.03622435267352,3.7790573909406913
VEN-02290,2.2058082417052467,48.78028576931795,55.424815579616336
VEN-02291,6.141051606959335,32.79063558980816,10.827374278652483
VEN-02292,25.286188607193324,3.9798043743310174,24.90213751915297
VEN-02293,2.002988146714832,55.96991442621407,50.86939494230725
VEN-02294,2.6708129631469197,21.016892579816403,21.956812961078736
VEN-02295,1.6900696283060226,-21.6384586968122,30.60489574794991
VEN-02296,1.4268336173091416,9.482594815830709,79.31970636284288
VEN-02297,1.259573929803272,2.147645594226136,44.97305226936181
VEN-02298,2.6630936775163065,-6.617641269235319,41.51098550093095
VEN-02299,1.1564139941603049,16.48801583291599,27.87725130575085
VEN-02300,1.195664542732839,-42.73329517454312,16.24041971457567
VEN-02301,0.0835716244851152,51.28427870464698,19.173486208676454
VEN-02302,12.471503989444924,24.522315228059902,30.955273556853967
VEN-02303,16.57975617231009,-41.71762764761907,50.32045626980277
VEN-02304,5.549088088398839,24.202270230291752,32.6959308401239
VEN-02305,1.0394895276541558,19.968223320006864,13.469798295957958
VEN-02306,0.6771677425259132,47.56306868681078,69.07272904840679
VEN-02307,0.4862889332800578,54.549120387714616,9.475537952282972
VEN-02308,5.49080928978851,59.0984126619758,42.37505963356585
VEN-02309,10.933454093170496,0.4996852540285319,2.2365117594188817
VEN-02310,3.263159310258516,22.602023373805963,16.195666769385735
VEN-02311,6.983922267043391,-4.970298673774243,41.81208034298582
VEN-02312,4.434130055078084,34.4175850364211,15.15157833284468
VEN-02313,1.164195659610442,-50.35908866375669,25.474710376645486
VEN-02314,8.251657541428845,-26.435862101801227,15.74158728904886
VEN-02315,7.691595140497174,-3.714555156444705,10.691009981229326
VEN-02316,0.9143587652207816,6.374264886179663,10.046259058228316
VEN-02317,6.604929138110661,12.413821630819651,33.86489211068349
VEN-02318,2.3108911736266364,42.40754621616518,23.67502264952609
VEN-02319,2.040147341420537,-9.552020264506949,9.848328269093496
VEN-02320,4.177317470471858,-26.88806414421348,12.10486601808303
VEN-02321,4.037736631306756,-2.463727997361927,35.9266877926902
VEN-02322,7.225049624755636,-8.363562698612533,28.472198342105514
VEN-02323,1.0679764543860764,22.936675336766776,36.945546327327726
VEN-02324,5.064011619057581,49.17504293826671,51.81768954659589
VEN-02325,0.7588367036243273,46.745198629568094,41.6200733052035
VEN-02326,2.2330555846133957,37.41495226521465,51.356945492528496
VEN-02327,2.402991208957835,-7.377918794115583,25.264847198735847
VEN-02328,7.901486264380433,3.632971601107583,25.55381839278332
VEN-02329,2.746121325036523,19.464497444141863,12.37491466220387
VEN-02330,2.038012920184181,-12.806860870408755,45.9847116967358
VEN-02331,13.04653119479603,-10.291610987965116,28.52534705568917
VEN-02332,1.6957136892992353,18.110760518023756,9.037579199774036
VEN-02333,1.6188765911517102,-28.839661134284743,13.787024409707913
VEN-02334,0.3450227318746727,37.50032542556946,25.75865405040256
VEN-02335,2.141373511443628,-2.841133584121426,19.208900967675827
VEN-02336,0.9669079530092068,22.59494920031281,22.664363307548225
VEN-02337,2.063075291389525,13.583992999126426,31.00490217631734
VEN-02338,3.53938895449149,41.8631233375755,23.84713397673439
VEN-02339,0.8239765278118873,-49.46090915035732,65.94655868752828
VEN-02340,1.0993530587904166,42.03191668531575,43.49004167194884
VEN-02341,0.4679448047276286,41.4289249887759,24.606403181223985
VEN-02342,1.551474688565483,15.59313445689224,12.244728106526
VEN-02343,0.961815640277533,22.075325754132574,12.30094106001354
VEN-02344,28.749227488224378,24.1021732739366,39.77805786486244
VEN-02345,14.217054875507936,-16.329468614414626,4.950400171447925
VEN-02346,11.89389732618504,9.461793544485126,10.500772744289517
VEN-02347,0.65425142474903,32.030449769467495,21.080562742640733
VEN-02348,2.236468831765871,-40.26570215730517,27.87814477291355
VEN-02349,0.7236053121480844,20.717832712752067,27.99829175532779
VEN-02350,20.637388154963208,10.350751625550911,37.91379157314104
VEN-02351,6.781452836939112,24.938443817160657,33.3093732126874
VEN-02352,0.8539826796519647,-26.34174357452181,81.43032083133296
VEN-02353,4.081322419559814,-12.07870857547118,19.546451617543763
VEN-02354,0.5321559920880372,-29.6957102180074,40.57572817787396
VEN-02355,2.339338779013133,-29.985876905057918,10.494471952760971
VEN-02356,2.24090720933467,30.43444790856537,66.74949212097555
VEN-02357,6.132559944866502,-7.899818038158347,52.18170361456404
VEN-02358,8.057663942513855,-9.884041515349605,50.97288674618349
VEN-02359,2.7797371558500723,37.44669776899515,15.319947264522344
VEN-02360,2.124633468471189,-1.2741682111725616,24.23192893484702
VEN-02361,0.0773985218075366,34.02059515497483,28.63677067888024
VEN-02362,15.155087242258684,-20.333269933286367,50.49113759384345
VEN-02363,1.3187046331247274,-1.349127054434632,9.506495709968211
VEN-02364,3.0415321259539283,-16.453195831815016,24.622994812259968
VEN-02365,32.62248024583955,22.793086703295597,47.67104489118167
VEN-02366,0.7309130946095369,2.413209774794677,34.166779522689225
VEN-02367,2.7826356045854133,27.74031197810337,29.046517681995347
VEN-02368,4.69521682191048,12.12713095334157,21.7749903580988
VEN-02369,9.040439267901064,-44.541137627640936,35.51368721078189
VEN-02370,2.721932283194327,0.8700277771134601,20.530587463145345
VEN-02371,9.90599938312289,-33.45654358627,17.306470227030275
VEN-02372,1.7208099655881692,17.355604333085466,25.18933745226303
VEN-02373,4.94249003401184,22.98991285079091,16.528014774942708
VEN-02374,4.28599347131752,25.79051965388688,33.05619305806153
VEN-02375,2.4590626503184696,4.6828298285126655,13.422403289732982
VEN-02376,3.880058099427676,-36.06679938234527,20.00808799373492
VEN-02377,1.038708450705134,13.658716110525209,23.05211288837681
VEN-02378,1.957142153258449,18.992896932767145,8.848229714621466
VEN-02379,0.6599650079747941,3.0712950210756844,9.981728652446671
VEN-02380,1.6724407171180402,10.308140989064771,60.48508075975069
VEN-02381,9.506733199648387,-42.97400979369822,46.04627369000371
VEN-02382,4.316546245166399,9.788268656624052,41.275650554622366
VEN-02383,3.8141729055357367,5.073565763932163,28.853389688174158
VEN-02384,0.4682428877699546,-24.743683473349638,38.429136657558736
VEN-02385,3.865367444080623,22.26331259353756,25.06664516324347
VEN-02386,2.536910619740298,-5.345200985436202,33.94108630691515
VEN-02387,4.909427455746041,14.186202263374096,31.689437221673323
VEN-02388,12.44772953553938,21.1771029467764,42.86326199045492
VEN-02389,1.73357864868064,16.87762506763204,15.23779639731823
VEN-02390,1.9209764011558423,-28.201163180066978,55.1297637633005
VEN-02391,7.462902889862642,-2.3708150643980748,7.200862385127682
VEN-02392,1.3996727423449555,65.49544760664992,68.2683092962988
VEN-02393,2.992566226170286,45.67944005525784,28.709885708545865
VEN-02394,0.3023266156569368,30.532040013975976,13.589702184091848
VEN-02395,1.9369970237239504,15.40677597833272,33.03940925626427
VEN-02396,11.421793318339816,-18.677467645559755,8.358476975504766
VEN-02397,3.931339444433573,3.6182787063124,37.62485292604797
VEN-02398,7.310847319771447,-3.405862306849944,46.46019976491502
VEN-02399,7.783034923745474,5.7132800757682976,45.90383458924487
VEN-02400,11.991336050760914,-31.05499398079521,30.0099289084483
VEN-02401,1.8554282645500468,33.771453104553025,16.515320353700957
VEN-02402,7.663806484693438,-64.53491520494765,63.88136907896303
VEN-02403,32.21334044497716,31.141952928876453,42.73569506615085
VEN-02404,2.640732142653267,31.65817558922934,34.44741394729496
VEN-02405,0.6365900058657502,70.82461803949634,35.98351216184533
VEN-02406,1.412766776074077,1.2556787535967515,55.327921902827406
VEN-02407,4.550196641261669,-6.039670169454814,29.374584374555045
VEN-02408,0.4369748949272756,11.249348632188482,11.31647260275954
VEN-02409,1.1755156385537655,23.11510123826809,51.434704155943656
VEN-02410,1.8912516658659444,5.563776314053047,19.295521715511416
VEN-02411,3.067441559058676,-23.94234950257048,30.112938121600894
VEN-02412,19.612380330000637,23.080368457273718,42.33878301780167
VEN-02413,5.792680797608032,7.982254956628952,38.72147835027405
VEN-02414,0.7983172956634051,-19.2209812552802,44.23200444878823
VEN-02415,191.40048734651967,-35.8706655186386,30.167424370569133
VEN-02416,2.669330461474892,74.66074658864251,49.77115632072196
VEN-02417,0.4280717682693447,30.465174469322054,23.771083124624997
VEN-02418,0.8674310863758179,23.10335388394768,63.53305124701294
VEN-02419,0.8730979292767346,4.895639282464472,31.2392617350777
VEN-02420,0.6170659772314052,26.62966351691221,17.231057030856384
VEN-02421,4.779132095667889,-20.41168853036206,24.604408763706864
VEN-02422,0.1446251441018023,13.383741913469452,17.782943033307017
VEN-02423,8.008280284985387,14.560875572279524,34.083599975367534
VEN-02424,6.658199192772498,-19.743500869453523,54.71832727615576
VEN-02425,1.6452180213998542,5.179980255175423,8.891371707996418
VEN-02426,7.443075028098245,-3.144616892344226,11.14668011202713
VEN-02427,0.8170811241789047,-12.626695786149224,29.752707196798998
VEN-02428,1.0762088842897533,-6.548976509258571,73.16418256765942
VEN-02429,4.975393786938896,-38.085048255144834,28.697159427072226
VEN-02430,2.158696642354084,36.69576391349486,40.64453714245328
VEN-02431,1.3666774456409203,50.182702391099866,62.60070962792717
VEN-02432,2.39914450269873,-17.010819605687576,68.71926394306969
VEN-02433,11.59577571043588,37.969784868447206,24.958788383906384
VEN-02434,11.111658320308516,7.135678728456223,40.4154295125093
VEN-02435,4.343754173779439,7.724606832382114,27.416649566351325
VEN-02436,1.838638910250936,-26.972941470109674,45.73139379343309
VEN-02437,4.823761932041052,-7.058839432405234,35.652110446131026
VEN-02438,1.052646967758508,22.3858865177742,54.03653924906497
VEN-02439,9.83397398704752,-18.334181514972386,18.74983835896959
VEN-02440,7.732771722802306,-12.025629843934432,22.238875901555947
VEN-02441,22.754180706384325,-5.719031117823398,15.66873467506212
VEN-02442,1.1248002651885805,-65.0,29.591410021372887
VEN-02443,0.9812506903526464,16.863439870770428,28.32841270536608
VEN-02444,4.985115584756468,25.198132942004445,27.954172859633413
VEN-02445,2.0114612850878606,17.84392676422531,19.905328274544583
VEN-02446,8.16005638450633,33.45653106793363,28.260200308256643
VEN-02447,11.58233437918142,-3.988801033787155,26.422082719477817
VEN-02448,17.691515547539964,56.90206317469382,11.8682163963813
VEN-02449,2.8986297561730514,-14.809300490338174,49.61164407991315
VEN-02450,7.159377813936237,1.93918807860815,10.85928580101389
VEN-02451,1.5393258315164455,-0.7270584716758766,29.723809727697542
VEN-02452,3.4519403776355904,13.029939259681727,36.964822154261135
VEN-02453,2.563104714185027,1.531546283518602,51.729822870284615
VEN-02454,2.4170533961383,5.220770371990829,52.11760343042903
VEN-02455,20.21264442488128,-10.318758390819976,26.70848677664357
VEN-02456,0.6210846383728524,-3.839297853019042,31.528652588165173
VEN-02457,2.703437057176424,-52.32543737713684,23.074939189581585
VEN-02458,2.8839116081814127,29.665716603221927,52.08820496973079
VEN-02459,5.51587816494657,-19.59353473137663,3.4515850312136185
VEN-02460,0.8131094572166336,-5.247748869963914,14.71495755553173
VEN-02461,1.9564201387114897,-20.61345326914222,11.610834276295156
VEN-02462,1.4115051200216917,23.381407317447348,40.26858401568573
VEN-02463,0.2282981187637914,-6.670990634860004,33.736517534536034
VEN-02464,9.764231338717265,-57.967140793680514,11.529680466581814
VEN-02465,0.5396008593350418,15.58032543981583,15.322444083593362
VEN-02466,0.4660134954923092,-12.17549720412941,22.30167751478663
VEN-02467,7.70901809974184,7.369025495854739,15.580653793322629
VEN-02468,1.880728875055495,30.46899719033181,8.014343084754884
VEN-02469,1.9536267793283588,-18.663945905133225,41.95203009130293
VEN-02470,1.9950280470269075,6.6262600096784166,30.53034169302404
VEN-02471,8.86231263651935,-12.834864129934072,63.10627346558096
VEN-02472,1.481413670290436,34.64017720677693,19.99804110911601
VEN-02473,5.230841964953888,10.131841519506793,23.34692924815638
VEN-02474,0.7746889417409784,7.376597069226257,17.519483254209163
VEN-02475,3.908093358406719,-25.504513855616672,29.56190972004863
VEN-02476,7.33722583026245,28.255284574202385,64.59850006655614
VEN-02477,12.75095324196992,31.68140677205483,45.81400045658296
VEN-02478,0.4945819688583108,-12.685901763810122,32.073142867393614
VEN-02479,1.9613508278517264,12.154842442918284,47.0808418519466
VEN-02480,15.771425662914556,23.875995805092515,37.90523483547442
VEN-02481,7.493648532942043,67.8852610533177,9.130652904964473
VEN-02482,2.183844427862745,18.56048689457574,61.05358541138243
VEN-02483,2.729695280537043,7.988934384913377,36.5617677259888
VEN-02484,3.768664120426489,3.797319184723571,9.90262694532107
VEN-02485,1.803483645900748,5.40277955337954,4.824269536103467
VEN-02486,4.96228015351162,28.717053390081357,10.605734311066492
VEN-02487,4.66253697243516,-15.814942205740792,5.645542365277434
VEN-02488,0.7975115897700937,33.18247900579115,51.512903733340174
VEN-02489,1.5860565756647187,-33.613707838202984,24.701839057708725
VEN-02490,1.6495529594762026,25.99109654956483,70.74745217327028
VEN-02491,2.052226098881402,33.50975425724273,18.41715796744204
VEN-02492,3.6578078031653,29.7667387287888,22.132690947402285
VEN-02493,3.3152117657051505,15.30045112702194,47.08378635681784
VEN-02494,1.231543954105695,18.662081434109037,31.846891025399334
VEN-02495,11.873418922085795,-2.8054481966247025,63.90941905939825
VEN-02496,2.733442447451408,-22.373748249511813,25.997967816747213
VEN-02497,13.598792059010696,14.74235214081262,19.638798652271717
VEN-02498,13.25275372918768,9.86252430471991,52.72183697610596
VEN-02499,0.8477890109625666,32.939498305668366,23.92468469461329
VEN-02500,1.5850682640886806,4.18545774121799,32.016241706072684
VEN-02501,1.7177376764189358,12.291651372355249,45.05770062927908
VEN-02502,3.83681115801036,15.760413920662216,7.32071355589864
VEN-02503,6.043902437512783,23.454613730480883,38.24074758743679
VEN-02504,3.195101889851068,33.61210021402043,45.6093201821927
VEN-02505,1.4829074352539318,-17.750846165001803,6.456433778599045
VEN-02506,16.72264942049803,26.94600319249366,21.92542763100994
VEN-02507,1.6782150846337838,3.124635977821664,38.489256788367705
VEN-02508,6.147290344394481,25.35059023023134,29.9988787835778
VEN-02509,2.6094021571127914,47.91875660916442,25.05162751209241
VEN-02510,2.53024574964941,-48.92621139663741,28.822807102929
VEN-02511,5.703771188146623,40.79018071109597,11.65968250729558
VEN-02512,14.839653796184123,4.803680953005084,61.151289645269536
VEN-02513,3.80186087620586,-15.097391115463694,7.6778627359697
VEN-02514,1.587694455974699,-3.81298661539431,60.3087983470358
VEN-02515,13.847154654574233,-19.84845032366406,50.6671365052181
VEN-02516,4.679676506464942,21.70241800332332,29.289918901972843
VEN-02517,3.278542635197764,-19.93986980108516,59.84934357130023
VEN-02518,8.418587721403693,40.51679131630152,66.12087723871367
VEN-02519,3.8745929843442326,26.68174646462896,16.952421308302757
VEN-02520,40.55454154780539,14.133196137821567,22.68476393100484
VEN-02521,2.723840654256618,-46.9759667542641,55.91069931164672
VEN-02522,9.62745042611026,-27.70894311603077,69.3666439203582
VEN-02523,4.420209102451032,5.8359083124335225,61.53810029475246
VEN-02524,4.404175729405433,7.306755460746165,31.988067542227448
VEN-02525,1.8252471377782649,33.3748305347098,28.254259014783
VEN-02526,1.8352380925125773,-65.0,75.52925887587543
VEN-02527,4.694045936693688,-12.497612503298178,36.78490847997739
VEN-02528,1.0459364014993755,30.60126209304233,45.159428132628285
VEN-02529,1.443248286271169,-1.104996565975437,63.9382514494375
VEN-02530,2.764412502614107,-4.617586274502397,23.697993743705347
VEN-02531,10.637761140434977,-35.530377639707496,57.41827888627281
VEN-02532,2.9700694426042187,36.58014419344542,23.135620797659385
VEN-02533,2.9187646251106862,-5.094137223516817,1.0
VEN-02534,0.8483373829479901,37.529805422881054,48.722998771427
VEN-02535,17.553547708727617,47.57541208306532,26.309550436505457
VEN-02536,9.18735028890504,43.56255698760083,10.851799271140749
VEN-02537,10.398643111767742,7.124731576706736,30.610498801271607
VEN-02538,0.5499547224399965,-5.072774830988193,25.9311003307137
VEN-02539,4.001655743709336,-6.911927164225299,50.41544297257554
VEN-02540,0.968428995476582,61.14523520595564,5.922827782715084
VEN-02541,6.3521438017071725,2.278714091648141,25.39592843886108
VEN-02542,3.8723493977774233,36.43536997122436,36.26005670885713
VEN-02543,4.810078274575171,21.0248070063216,34.84508481791963
VEN-02544,1.2358120230999303,-3.111310085611402,53.40597391344386
VEN-02545,0.8660359122397114,1.167834669773364,46.55132713922146
VEN-02546,1.3433939885673043,39.95176196004968,27.195320732446305
VEN-02547,3.8136260880418953,8.844108623357535,61.91284306577727
VEN-02548,2.082455563793674,-4.252996752348542,37.75273096854648
VEN-02549,3.591162733863236,-13.785550404297034,47.51202864935885
VEN-02550,0.8812900984259074,16.641828802133652,17.301565072681875
VEN-02551,2.698808472669197,-5.944459957486485,41.26152292888912
VEN-02552,12.611554028538658,24.03497673529539,42.32735520256973
VEN-02553,3.917953804122456,76.69204756945098,52.58151456712243
VEN-02554,4.197118772335267,21.988533997281827,44.62580365923131
VEN-02555,4.234228721803497,56.71080906066454,13.202459274743786
VEN-02556,1.5478661983296125,-11.300425884721296,31.951369006410708
VEN-02557,16.361222239072426,26.46741764758722,35.380407374444346
VEN-02558,4.025811201506296,41.90212833417028,18.640940615568443
VEN-02559,3.3032968622626804,45.2552268919253,27.769807939989622
VEN-02560,5.787328120724395,42.54039367651857,63.42049069116759
VEN-02561,7.6504406940037235,8.447730047239393,14.637101021251269
VEN-02562,0.6906207104050246,32.02776313387597,69.57284873745833
VEN-02563,2.8921478436868497,-19.474650474265587,31.293343219668905
VEN-02564,31.775625524011723,51.392332239725626,22.23332775237183
VEN-02565,16.791029389614007,-17.708121211768415,40.68640052321491
VEN-02566,2.418039926161803,41.8617289597496,11.467989551828063
VEN-02567,6.0544842126211815,36.17588064534278,68.77748652907025
VEN-02568,1.897867018035703,36.004318007903045,31.27009803906889
VEN-02569,4.010960543251466,63.77071176872445,47.894804063157466
VEN-02570,1.6418977567437414,36.41486299513464,28.554398714307684
VEN-02571,1.6115394615119236,-27.817842075463624,5.685377813099798
VEN-02572,1.4175923834975992,23.926084768686856,22.002167575831376
VEN-02573,17.297352204842305,-43.01260837254141,18.24437671887021
VEN-02574,1.602406253444842,5.539505651091373,18.856546825783298
VEN-02575,9.5443363510236,-3.405075907911092,52.995526277824325
VEN-02576,1.6907478931879831,25.221740948206392,61.08571986283
VEN-02577,1.490700676243368,-14.2212567958088,8.32285922867025
VEN-02578,4.171793175897614,-13.410731659712656,54.96287333146931
VEN-02579,0.6514163661319782,21.53225604717195,17.05808019630977
VEN-02580,5.647049021857055,39.71865835697752,61.978563774409146
VEN-02581,2.3402487179208924,8.070836218475291,18.72027282345164
VEN-02582,1.4831447479552669,70.72233656379146,16.305574310158967
VEN-02583,1.1711279990784362,-1.2682704003916945,33.433401698939505
VEN-02584,23.771081514520635,26.352872695574465,40.922663715787
VEN-02585,2.617601991672779,17.213811572379935,21.5984055869092
VEN-02586,2.498957693762001,-1.2543766796398632,39.646923622728494
VEN-02587,7.101078238917001,43.40763390015945,37.53032472063165
VEN-02588,1.077011089472263,-16.038737338044573,9.7570573746376
VEN-02589,9.466198016471616,-48.04761500163298,39.367082683627885
VEN-02590,2.6134830332147314,4.594589826408063,14.447290878998723
VEN-02591,0.593245609109845,1.0644745007390268,29.666309551272928
VEN-02592,1.5165791456053404,36.69662081220123,60.85774602265619
VEN-02593,0.8149134779174974,-25.743325503170816,14.160428692571584
VEN-02594,2.972100680119978,22.140066948860728,12.71318425314025
VEN-02595,1.1354735608447295,18.871580711165272,15.212781395529994
VEN-02596,1.005946378567419,16.71557897160274,38.33315173141425
VEN-02597,3.7487465770313326,36.190110461602885,6.047707326779085
VEN-02598,2.852875701878555,7.366806450104185,15.09534756432288
VEN-02599,10.278686828290438,9.408946366957151,20.83291234780951
VEN-02600,9.789744563921046,20.157548333979804,47.6833834368557
VEN-02601,2.9081110384853317,5.247055328418263,59.20039700936714
VEN-02602,4.709647463138638,-28.53839632063229,57.78539823973059
VEN-02603,0.5779427331607201,-3.0830180607683246,42.751091141482654
VEN-02604,5.845341615279368,1.0081160882491649,25.125260387644666
VEN-02605,4.270673962694112,-7.184923915500997,18.38569510507461
VEN-02606,7.763921639456488,-0.5453907797096971,42.156657829184994
VEN-02607,1.9408970043965896,12.849303729879344,23.95045481879927
VEN-02608,1.9595886086488576,0.6036697422530812,33.05771543237255
VEN-02609,1.9730967792820315,31.05732984784568,25.34315904802652
VEN-02610,13.171331753890769,31.478527101440925,17.308103626076438
VEN-02611,3.710680106663976,-56.22708405060701,4.002406005421608
VEN-02612,0.5243706213408652,-30.695054782863465,41.271644862548925
VEN-02613,5.522438136416198,-56.92824396527115,24.41090961294801
VEN-02614,1.6329235762698917,0.6070193840804041,36.22350747770663
VEN-02615,8.962407310283783,-1.0720958048144436,6.47430311139376
VEN-02616,4.916643530510967,12.076352093060564,21.05627437143557
VEN-02617,10.63859763409694,30.74803218949989,11.77663411281988
VEN-02618,8.522802905970632,6.845945160181561,35.17585512486317
VEN-02619,7.6224943294937075,-8.27796455340459,15.111092155285366
VEN-02620,9.46803953954556,7.883486775138722,34.899841179560035
VEN-02621,6.662968712066346,-5.335120322212861,56.82670503571608
VEN-02622,1.2671539726974328,-31.888329756364627,24.32873068190773
VEN-02623,0.7726389399023016,33.86077124441536,10.63239304689152
VEN-02624,1.0905926051604462,19.46332478151864,16.718304217571742
VEN-02625,6.072463229064989,47.12099090138704,50.66020187955491
VEN-02626,0.2355724860592935,-25.39991478089581,30.995271479461334
VEN-02627,2.67262380771383,-35.59871033884854,30.884066039563045
VEN-02628,2.029013427132207,-17.27090818298078,51.4522925167859
VEN-02629,10.44610277070202,18.7691832184505,40.68497643056376
VEN-02630,2.389457739801775,31.191713252689137,17.20867757678302
VEN-02631,1.8123617540043535,15.729537400345578,9.167021762862657
VEN-02632,11.560760067563422,11.87769989236796,27.260842071783674
VEN-02633,2.456902117081321,31.07247023417324,27.969620677120087
VEN-02634,2.056948084430876,-4.404605998697184,18.07879157327209
VEN-02635,1.5870094510690942,36.52406433078078,21.15125187206941
VEN-02636,3.721790026310673,61.59544233915361,65.86023182443957
VEN-02637,1.887719186586261,-20.69426717527731,38.91990110813875
VEN-02638,1.8952362524503577,1.1404240542964788,24.80787488028106
VEN-02639,13.40001622722683,-29.52556952573816,39.61160157895321
VEN-02640,2.868478008875129,-18.059895482837614,45.37583799131773
VEN-02641,1.6602386371605602,18.598663215348804,29.26516599254586
VEN-02642,0.9097227657786774,-37.51167725071295,70.33833768510576
VEN-02643,3.3816526323474405,-13.048823275038192,33.36572946541713
VEN-02644,1.468551402267287,36.447986274351,64.63804194481244
VEN-02645,1.812729849842137,14.033100350537826,31.63956518946852
VEN-02646,1.0653653749798568,28.73598659874989,19.772043467512106
VEN-02647,3.375654555109478,-26.925869505693434,24.45454772243128
VEN-02648,0.6481337896376708,9.828492816759518,26.663019180831004
VEN-02649,4.274268564218249,58.94145526177278,19.272791339709556
VEN-02650,1.4901553694392176,-9.871251291828727,12.753967026373664
VEN-02651,5.979291204734821,-5.176499418394686,5.7819536086380765
VEN-02652,4.635709970792476,23.70588760327303,31.06668597356401
VEN-02653,3.047761258033519,-16.29545324106042,35.96800926187994
VEN-02654,6.894728875021447,27.365919489502577,22.54313201208508
VEN-02655,15.06907813354566,-40.50955127102894,29.26887261672162
VEN-02656,10.971972867270043,-57.4924377423536,50.11172289617952
VEN-02657,0.6427811135020814,16.48981123268744,36.932946362649865
VEN-02658,1.3966794098776163,-18.455275719261657,34.43511570195835
VEN-02659,1.5980156548343256,-7.275207859637765,39.87746369497698
VEN-02660,5.487490466932579,31.66897356623969,21.64696089761689
VEN-02661,1.530428878011394,24.854001517931213,32.365354023278584
VEN-02662,1.4657509477479147,-25.137395459752355,23.14963557918153
VEN-02663,1.212163150403075,22.0326374662533,56.18090664993544
VEN-02664,3.776425591668951,-0.1057502021730378,23.706422942513
VEN-02665,5.463797445635124,19.26146820118365,30.985827681873257
VEN-02666,0.7169366813850426,7.455645798103383,28.037583579278376
VEN-02667,1.5439364491337797,-32.593513914513714,89.07627204840097
VEN-02668,0.3380599089730568,-11.254481151483226,49.84131506242669
VEN-02669,0.1957620732265763,-57.126895160901256,15.813355839196566
VEN-02670,4.632665495891322,12.99969280824655,31.644590353535808
VEN-02671,3.8457512494132153,18.716248324649627,5.26025993882873
VEN-02672,3.285917110491212,-11.019466284780236,7.378420383333431
VEN-02673,15.575135286499677,4.875848694268787,25.9537606663981
VEN-02674,0.4302841989369675,-18.2997702640124,2.734602305130142
VEN-02675,0.2757901715658057,41.9227858600263,38.4080931845098
VEN-02676,0.7900354121134622,-26.720777750378005,39.66550899020317
VEN-02677,0.2640533760970369,-0.3978904233967775,27.680488268463744
VEN-02678,1.3844576672060387,-27.053371230569525,26.848323145662317
VEN-02679,5.161077493159377,14.340242950377291,20.69569206242532
VEN-02680,3.7667691629567006,36.03141594471808,14.93927037162704
VEN-02681,8.417121779452367,-48.05156132832997,32.18454424043175
VEN-02682,4.087134653478992,25.658497851174683,24.052028706793383
VEN-02683,1.7429091170373563,52.05183335638032,5.9259549489456
VEN-02684,1.5241582110650227,11.482040133151251,30.33983501291941
VEN-02685,4.39822359464699,-10.21833535975857,12.418146222901386
VEN-02686,0.5050092305995911,6.971950267929886,46.82892222239155
VEN-02687,0.0824587810710608,-6.731683857319039,13.845857393208336
VEN-02688,4.175547909420301,61.036079485019975,20.74485481477484
VEN-02689,3.5173949299122924,30.5449308456166,15.410551654463276
VEN-02690,15.275171374975692,32.312447379396744,57.97095655221064
VEN-02691,5.847878909845404,66.18610058609843,28.902165669841384
VEN-02692,3.819411088539733,44.30268147354375,47.98694103388674
VEN-02693,1.9283342713799232,4.722421264630492,27.770496654075476
VEN-02694,1.1137787530704004,8.68469241005474,39.26416809432621
VEN-02695,1.9971505956349136,71.71412617588064,38.45834186476223
VEN-02696,7.772931258509741,-11.96077340411923,3.8897540465087865
VEN-02697,4.526866759061888,3.366126470684912,36.15055332787315
VEN-02698,7.596243559161311,-19.348526989440003,39.18170102372479
VEN-02699,3.056849651585288,-41.09281955730523,46.86894340919144
VEN-02700,1.0105587313884197,-15.753416225982525,51.79000435712794
VEN-02701,9.743859430114862,-15.223564387203805,22.759489210826203
VEN-02702,8.820638378631989,-8.877767433023216,19.4338688160914
VEN-02703,3.333677095020047,24.531191762618825,31.559813879992326
VEN-02704,5.010638116848181,7.678867384429536,46.92857975560933
VEN-02705,4.716404932706472,35.29711185728453,40.05059052577912
VEN-02706,1.6237897731751942,12.076074276370369,3.579800893558564
VEN-02707,2.04194467792502,12.834552248701756,26.64768397954202
VEN-02708,0.9993597173878666,0.1334938366486895,36.26742008680222
VEN-02709,2.033602013481822,60.56802989384072,12.55439896757574
VEN-02710,8.447965465681541,-3.431394554987873,66.7690534789879
VEN-02711,6.856248178544864,32.75048731848698,31.328596131575733
VEN-02712,5.024413909176194,-23.91952908388095,45.72656938538317
VEN-02713,7.807586819967874,1.4266133843050586,22.15339288187933
VEN-02714,1.8187589006809717,62.20438430841545,26.794052188653904
VEN-02715,0.7477772536283233,26.49608688533378,25.61441325385661
VEN-02716,2.287446005888058,-29.792423457421307,20.28042276932532
VEN-02717,2.49563505720489,-19.860184064049065,7.125919637945803
VEN-02718,5.716239376924842,51.2576432258175,15.85943405944352
VEN-02719,4.771169573557335,10.385439507037017,23.41369347942428
VEN-02720,8.26176721585616,0.5684498001102503,24.84254434045567
VEN-02721,0.2962953676870035,-13.033821601390702,71.68288938731853
VEN-02722,1.1299404431028095,-0.5699024463996842,41.90106672180816
VEN-02723,2.458384560971623,46.174978480013216,32.880919773515004
VEN-02724,4.60567464220967,-10.900613136342066,32.706173537568475
VEN-02725,27.216543379887145,-8.254099308404555,66.03687717309519
VEN-02726,0.9277072689605678,24.18741421563902,4.772872468664253
VEN-02727,1.2450585899203377,-20.07188807763983,20.63585492925958
VEN-02728,1.7063224339511622,-17.244213976281475,36.75903128767408
VEN-02729,1.1970662241579777,8.169927233994093,19.069098564705737
VEN-02730,1.023205042162766,8.846845605872666,43.20720428947289
VEN-02731,2.8591064444876597,-13.849164377832452,25.206319776954807
VEN-02732,8.020567360716662,20.77581909826424,53.92253984013359
VEN-02733,3.0996396028038613,13.90795156058308,43.56899473058805
VEN-02734,1.05581639836644,-45.284852473961976,27.779394752175264
VEN-02735,2.190562390451274,29.073477751953615,35.303543488532895
VEN-02736,0.8672310827164833,-7.378483013586239,16.887382781413674
VEN-02737,8.01512834753054,29.763586967171012,27.34710370862556
VEN-02738,13.71195669757136,64.151636731397,19.900277492132275
VEN-02739,0.4701745240096395,6.188678663349799,6.129904417557225
VEN-02740,3.4970823558194164,-9.41122887381022,15.713242045965774
VEN-02741,1.1548542060618503,45.227376265471705,28.827981220140565
VEN-02742,2.912945336864024,-14.65623045611709,37.8609935870122
VEN-02743,2.4741302929529603,59.09591610670689,27.16983853774988
VEN-02744,0.6217812323985132,-4.51606359138942,25.810699545925093
VEN-02745,10.27484149588055,-8.926995420299544,42.13148699317865
VEN-02746,2.3004841040948336,71.87902260269746,11.674754442680566
VEN-02747,1.6209107273208323,17.801521265281842,33.08314200404762
VEN-02748,3.089284078072365,51.79307768771405,30.82302361925045
VEN-02749,1.043252079548325,7.291844782694596,10.877796963542986
VEN-02750,2.2210442332221536,5.371058701240773,34.1771976133364
VEN-02751,0.3602159132524386,-65.0,46.687011088091246
VEN-02752,0.2033499703752137,35.31608334769714,18.60128135077973
VEN-02753,0.9351163479511138,18.401940565348543,10.300280942281894
VEN-02754,1.513426917001112,4.981334682689964,25.73277622418964
VEN-02755,0.3934882635320688,23.98146804720708,40.79977319557791
VEN-02756,1.572667111745276,9.033814024524348,35.5265789956683
VEN-02757,1.5112068393776037,-17.471615454074307,48.26885513299962
VEN-02758,2.5402953532149644,17.79124279420588,23.736144717375225
VEN-02759,5.341832356409438,2.851219383336395,29.499720562036508
VEN-02760,17.873213030198535,28.008502871603888,10.735947378438336
VEN-02761,4.353912742555901,0.4324934175537622,24.13672340400733
VEN-02762,0.9207885226414556,-4.653877380796567,47.88241068584021
VEN-02763,5.6583955799175785,-6.693349294630071,17.9869161158129
VEN-02764,12.688103504731538,-15.867658588385948,64.9512744869069
VEN-02765,0.7927094471637115,-6.109060329553419,35.51989827487583
VEN-02766,0.8427492813001032,19.661329810919216,78.04733848916304
VEN-02767,0.5694034213575047,-12.241509865131384,17.43182870710852
VEN-02768,1.4609010325635488,-23.736493962329043,4.956057493884534
VEN-02769,4.0981562711327255,29.3136780703776,34.12214103034518
VEN-02770,13.894931588900304,4.269623539412979,34.729782950067815
VEN-02771,7.248836469183804,28.73629607127785,3.477717145973616
VEN-02772,4.154031208530747,2.05226586547926,28.131480578586604
VEN-02773,2.8586043877369667,-7.437415788119271,41.18807454384109
VEN-02774,4.181495543815588,-39.06711279008264,14.76515267041496
VEN-02775,4.461517741917256,-22.508118789375647,28.000119929111374
VEN-02776,11.39888810087369,-15.561190925013843,38.08061572531934
VEN-02777,2.656556765842375,15.585508153747696,54.7895430009115
VEN-02778,3.6252464134035742,5.057303951974967,33.76307799262516
VEN-02779,1.7343842263039213,-19.68861822642893,38.74694648328524
VEN-02780,3.0794185977597124,-65.0,36.098740714722965
VEN-02781,2.05046226405395,20.490431933394515,25.55995628865452
VEN-02782,0.734526725771264,31.68940657607636,32.189391739481664
VEN-02783,7.103619566870667,34.046471176618454,38.68021464385332
VEN-02784,13.972339552196338,-18.04958719410149,35.85960744403241
VEN-02785,2.608642429620123,35.72416738342042,47.674731072068965
VEN-02786,3.9167362860372714,23.282370657127142,73.62037049920119
VEN-02787,7.013305236023232,23.15289728060012,14.021781720268992
VEN-02788,2.32179658942184,-8.453430714461422,58.014677644853904
VEN-02789,3.3486390992444117,4.416044134651874,43.335612179386445
VEN-02790,2.14109396024532,57.45097361295192,45.83008572003703
VEN-02791,1.4851959545122484,53.28843546115791,54.54144703608209
VEN-02792,4.824677225640217,6.6963933108911045,51.41579632502068
VEN-02793,4.776816205795,13.175764455561731,31.851718959337934
VEN-02794,7.499204723716804,-51.26478594540815,19.280854154382247
VEN-02795,2.708141667858999,40.506895327492806,22.929647904065675
VEN-02796,0.7262889859502751,28.132009097139694,21.583084159909195
VEN-02797,9.192872815450718,17.316924975053716,11.689578712230617
VEN-02798,1.2116809548765326,-8.264546815226623,21.578692293798717
VEN-02799,1.1888877717933968,9.79324469089358,61.24152883530457
VEN-02800,1.5141405215989363,47.5753458786557,43.08692337383794
VEN-02801,0.3993361247540177,17.77271385039873,31.722813411227968
VEN-02802,2.139591922018041,79.05502739963438,5.254501538397997
VEN-02803,5.372398287311776,29.909867404478128,26.134740528293303
VEN-02804,1.6870889580706785,-16.80689607403131,40.64821806703058
VEN-02805,11.846309825330056,-3.091645139538743,48.269717819049
VEN-02806,11.065406969710889,-11.164833822557345,10.811648816209797
VEN-02807,7.22984564839353,31.15802385816932,4.544238855642547
VEN-02808,0.323534066968784,39.14588282005771,56.13196694018877
VEN-02809,13.15870242820422,54.339760838248544,56.13192268280688
VEN-02810,2.0940612489580297,-0.9740020406926336,78.84937259840264
VEN-02811,17.223115510297447,20.63623246201613,36.65486604508947
VEN-02812,1.398674187532888,42.57129244621344,33.86044682131988
VEN-02813,2.3307982279169144,49.84550709219335,4.921403595656302
VEN-02814,2.9999377489699035,-25.22421855303938,71.33890961046191
VEN-02815,0.9747377201696076,24.74321659052684,58.06659471166241
VEN-02816,0.457256050622143,-24.211962964128325,35.630173126775034
VEN-02817,0.1944866069965949,-8.247704880259082,31.51916875327461
VEN-02818,69.97214800587933,-27.283341225705698,39.39631543662783
VEN-02819,0.4336694182121798,-8.765472184111609,24.5356926900882
VEN-02820,0.4402921892922312,-31.141958531873748,27.502675603768377
VEN-02821,5.099760695763226,-23.91266102601788,10.780329691723429
VEN-02822,0.5676687828048405,-16.4234711245232,44.08986403091159
VEN-02823,0.4627546488751735,16.183633394438754,30.25379613906049
VEN-02824,0.115117243972222,8.915104926326933,65.40261846499808
VEN-02825,3.7508779043305407,-36.38834897912209,1.0
VEN-02826,0.8377258587160139,82.01761608287707,26.604220025388305
VEN-02827,5.516412378604994,-5.19016999553968,40.91475168984985
VEN-02828,2.500808885331705,-27.89011100918845,36.36988548029835
VEN-02829,2.986408418918737,23.72895765186211,31.040148077533537
VEN-02830,1.650751375025482,7.876464079365187,50.26942371239102
VEN-02831,2.006978647240415,-13.941290158918118,17.085506126694582
VEN-02832,1.015833996663611,18.54660407527081,32.00506213008068
VEN-02833,1.127401047304045,-10.15517916836557,22.84877123473468
VEN-02834,0.8150594486333066,0.0163220710130422,12.543814156650296
VEN-02835,14.373401300624217,47.571853265484414,43.16114859676279
VEN-02836,1.7581500445699645,11.335717324954448,37.4309658099755
VEN-02837,0.2250798847868458,24.58124067445832,56.97284539368657
VEN-02838,3.6133544722326674,-6.097439099943779,59.02342490867068
VEN-02839,1.1228671241443045,12.13644282387708,6.511238962064689
VEN-02840,2.588481234741632,-12.811975146592156,48.00944197452912
VEN-02841,2.0208073404663303,-14.007233166603022,37.56673639006758
VEN-02842,14.001904991722482,-3.13412368852986,37.53021418537635
VEN-02843,1.7824901405955245,-10.75171414958577,8.16181650266318
VEN-02844,6.670406997833887,36.02703340669322,20.35018682498773
VEN-02845,5.939055509040862,23.636703113221778,2.384500811120588
VEN-02846,0.604585442867323,-53.892118031230055,58.83871122078481
VEN-02847,3.3418370099578176,54.55293640275798,21.86684718707648
VEN-02848,1.1803849895527836,25.310580909443047,23.55156416802134
VEN-02849,0.7192662009874173,38.904320973003934,33.84933747913388
VEN-02850,0.7223884856061455,3.384477461747701,5.341113316713005
VEN-02851,6.708955255630231,-32.33935648707463,44.2072956883643
VEN-02852,49.76590337251916,-27.74934322222687,19.215378949642343
VEN-02853,1.1209331519959795,54.095699793056056,19.93154699121679
VEN-02854,3.4463488966116547,-35.9365580874058,43.485464691081546
VEN-02855,3.824655683175214,-31.031862802768806,41.40069079211312
VEN-02856,1.5174219887092446,-3.686391832564643,10.70705662779982
VEN-02857,12.78616345510276,-29.38890519860608,15.458784118586635
VEN-02858,30.46686908101853,22.3947816610077,6.904411554022739
VEN-02859,1.408501070945821,24.491506537217997,11.472750140868802
VEN-02860,18.317057858474143,19.16958333453864,35.92089218992541
VEN-02861,1.4897625174864204,-8.582178083185386,7.878967204688418
VEN-02862,0.9349341724331528,15.796538080440987,6.15260744689886
VEN-02863,2.3320159362293302,56.15645000450199,44.5690916219194
VEN-02864,7.070411599766931,-30.717813073677696,26.831909911461967
VEN-02865,2.423847440669097,38.15052578544795,62.87655365489998
VEN-02866,6.120067245858179,29.81563396947071,24.09766298084311
VEN-02867,3.487667795628479,5.157874111794358,21.547940452327303
VEN-02868,12.038726674651503,12.49199864474132,7.895315034018102
VEN-02869,4.873030192513124,17.63148387792055,64.78441903757759
VEN-02870,14.637776444601984,-18.36624537356608,11.570388841961057
VEN-02871,1.0582836778513818,-36.07175273820048,37.56210838257084
VEN-02872,2.173194914064676,32.47603766936243,10.542539949618076
VEN-02873,2.713697073358206,-25.61259351752357,39.46368653007181
VEN-02874,1.06261360996029,-21.515020179496886,53.80602521947759
VEN-02875,0.8977962821982165,-5.920454295999249,18.21039499545799
VEN-02876,4.138446403158909,15.681313574951233,47.15078007827421
VEN-02877,5.650667546764948,-5.482613988635194,30.13415307728608
VEN-02878,3.076828364946411,-11.547412704520902,28.019999702752763
VEN-02879,8.713939725481168,33.72455538378041,29.312766055116157
VEN-02880,0.8076323622073095,-0.9966753900255548,45.53110095247013
VEN-02881,1.7679718920751708,-13.559585464232846,11.743305329437566
VEN-02882,0.7424190173296636,18.65487142908743,37.86457846274393
VEN-02883,3.1687099906128093,9.581816831883325,23.339106398799537
VEN-02884,4.649009932518037,8.77542423795342,32.44882798941509
VEN-02885,11.893899648613584,19.972729207248804,10.376859830016514
VEN-02886,0.7445444766160838,4.288919546191448,17.547723779169395
VEN-02887,4.09458030600913,30.807258066606643,36.46441764240225
VEN-02888,13.19349554903925,-30.56684693743396,25.46503128764968
VEN-02889,0.9031577429632508,41.51467098333562,31.79360256710075
VEN-02890,0.6977658439442397,-16.65624627730306,12.763659706607957
VEN-02891,0.5369159904114175,-36.18937975049536,13.452851442748637
VEN-02892,5.402842141012723,-13.284526120776626,53.49341637724836
VEN-02893,1.2238171328655885,-1.437176466312584,9.741024618150837
VEN-02894,4.599091805250062,-11.8445997020109,36.71822426883468
VEN-02895,2.1430499444957807,-18.05939509128476,16.883790275282415
VEN-02896,19.707381482144825,35.28551041231428,27.84025121408019
VEN-02897,6.466579975920776,-15.507102026069925,53.34975816357915
VEN-02898,1.122782207764398,-52.96033482813781,23.77394351392893
VEN-02899,1.9497472465370689,-1.4619248418991615,41.01025481850374
VEN-02900,6.466630547332423,63.225530987313,20.681114532858647
VEN-02901,0.8390353020393596,-20.729020651643403,10.809815098345632
VEN-02902,9.978000203295831,-16.29054597248818,54.92662319209185
VEN-02903,2.0642315621890903,-2.899289022630736,28.765456325296945
VEN-02904,6.618050742322812,49.69382606136277,60.47118139110235
VEN-02905,2.1908111968706945,-1.7071677842870567,9.952263676346512
VEN-02906,1.527714123218198,-19.629942542893563,30.770469034011903
VEN-02907,1.2760462777998307,17.803019073478957,44.78583928610473
VEN-02908,18.276458255285814,15.793538887839055,2.1111346719313344
VEN-02909,1.9647601850852825,21.13956258085673,40.06207210143362
VEN-02910,80.532984723869,-20.68256775605993,28.06603576195992
VEN-02911,3.2123975463910863,-7.241086876776471,36.70860219627504
VEN-02912,1.066232554572204,38.39304081132995,41.44479397433899
VEN-02913,0.4753071181641521,19.04337926818989,27.24264187825544
VEN-02914,10.549320742754892,29.834124061198967,55.8878123554445
VEN-02915,2.196568195726332,6.539102217725137,48.43339354844965
VEN-02916,6.719086683467466,36.522176676932574,9.750185769269557
VEN-02917,34.97045747111093,15.915074869925082,65.30309969340617
VEN-02918,5.673008306757161,-6.135516474115772,62.58190194691415
VEN-02919,3.9394016765781994,28.127567270253717,20.94811797642737
VEN-02920,10.474421923112727,-15.62661984227886,51.05406635774826
VEN-02921,6.583240254803608,49.67586300673895,53.82761914053991
VEN-02922,0.6777227545802487,35.21940903718436,5.730505962767193
VEN-02923,11.774268955744086,0.0969225304312448,34.56004892950473
VEN-02924,2.5842809077815376,3.0057772770873497,33.4484349997212
VEN-02925,14.812803012848002,11.57378947763866,28.970429314430064
VEN-02926,4.748129845554247,3.332720235931068,37.90674724459752
VEN-02927,10.08153601136086,43.61298403085542,30.78320384238339
VEN-02928,2.123202043175353,-6.546630545020211,45.63349084323591
VEN-02929,0.5122015158661414,-32.56854282548185,21.32090031028554
VEN-02930,5.053515816777543,1.0164183159738247,59.092151724090726
VEN-02931,7.960860528046344,28.318626223946413,30.3828216101506
VEN-02932,1.4731083131457323,35.396123909091074,24.815459270238275
VEN-02933,2.1735552088853063,11.072923955893843,9.948997795797734
VEN-02934,0.237928095579874,-9.113772137124826,7.187159309538885
VEN-02935,2.291423089632893,6.809682098192104,47.11268546070399
VEN-02936,0.686947475152684,-9.689320220624737,54.9603863927968
VEN-02937,4.801583485039095,-54.24237750966674,41.11203502973359
VEN-02938,3.929117995270393,-15.005333855499554,22.041923186801423
VEN-02939,2.7641146583346927,21.78061367032177,25.80114144506485
VEN-02940,11.645435481738437,0.6921320386066112,9.096073692297493
VEN-02941,3.543309760634441,-0.3308387987607979,42.63237388914409
VEN-02942,3.3628860648974657,37.88449972429567,23.485990256337384
VEN-02943,3.872050068551381,-18.02739973538269,45.90498607504816
VEN-02944,1.4317655223133643,-15.387751746080898,40.18220560443157
VEN-02945,8.08913693183009,16.93537182085553,37.85584052061552
VEN-02946,0.9920323118017604,-11.219782532147452,13.032235046832922
VEN-02947,4.327670526747143,-11.354407423697356,58.7960886870159
VEN-02948,10.386952303811697,49.82936751409066,17.98515361293294
VEN-02949,0.8788672519047909,-20.94513827859282,45.60540883330898
VEN-02950,0.6208754551179609,-11.777475661054408,53.00711504372222
VEN-02951,0.8619647221449555,19.85007664585249,17.82776402539052
VEN-02952,20.06067410164278,6.679595858114132,34.53677622728074
VEN-02953,1.3906374026410973,-29.083557308963947,4.229127730312783
VEN-02954,0.7257831310141202,56.16846302295688,45.58309106882019
VEN-02955,4.067347229376754,-13.445216994649057,24.428007171287923
VEN-02956,0.1358516393765297,1.3707167522638963,24.550992763218375
VEN-02957,0.951182241481272,19.794223788873584,39.98838090512536
VEN-02958,12.877510702577968,66.38381374827318,65.67368460379393
VEN-02959,0.9503693824143008,-3.0629986560821827,16.379426652985636
VEN-02960,2.040367499797897,-16.824105025233322,21.38799337211193
VEN-02961,3.756660133663485,21.438464706670658,25.68776776264886
VEN-02962,3.758951165055386,64.37979310554066,66.59817245540691
VEN-02963,1.513200796661928,11.67083667469518,30.66025804665929
VEN-02964,4.958096612120788,0.2923173925300304,10.271271538201002
VEN-02965,13.341061828845335,18.56506737899208,26.57664787924728
VEN-02966,0.8455140111432624,-48.03504364995951,20.48440456560745
VEN-02967,1.5953916143785236,-8.605535077586033,65.42214681821895
VEN-02968,2.42137441264279,-41.28337604261885,40.22991194339903
VEN-02969,5.869930463809011,-1.7201895554881244,33.85789062740833
VEN-02970,2.819123847259525,-5.850607363116863,33.609248328882664
VEN-02971,2.363439347137972,-63.21333931261452,47.70773101634552
VEN-02972,0.4944513820479072,12.839692850126593,12.323042114929695
VEN-02973,0.7816386127657896,24.688866027925545,34.741641499926054
VEN-02974,3.360012920100446,2.777964442626588,14.733075624210448
VEN-02975,1.5446180335872632,-33.266849869655175,68.21480735245311
VEN-02976,1.865809029248113,42.16124869699698,23.28421677167457
VEN-02977,2.539428468385751,59.223237362025344,32.90639437469928
VEN-02978,35.72500360282494,18.805130551854425,29.91344219149074
VEN-02979,1.5726638494520475,-1.561969291111474,20.493230716428894
VEN-02980,12.498980329867935,-1.2094889997263287,21.63341759447052
VEN-02981,11.53304962429741,19.70014079716035,72.20456738282365
VEN-02982,6.580668112105892,10.430004346813584,57.56205686675532
VEN-02983,1.0701651728188213,19.759287891172598,17.627163835659378
VEN-02984,3.1610330448051296,20.14850699419042,3.0960714086422927
VEN-02985,1.7690815496662529,-11.930933297008648,35.000786905352925
VEN-02986,24.924661109772234,-14.217341266966333,37.48881118189831
VEN-02987,4.270447560482217,0.429539318918918,58.59247042411491
VEN-02988,2.1500700821956498,20.62318139136424,22.06225010308288
VEN-02989,19.36393364819131,-34.10398594070171,62.07604207801871
VEN-02990,1.8445694860334307,1.8261539644421212,42.509244822041325
VEN-02991,4.986676452362004,7.028266392132305,54.9995774722552
VEN-02992,5.886455325528591,-5.142757328614314,65.22340251728971
VEN-02993,3.983325944128651,45.87341185378501,18.18174592923492
VEN-02994,2.418029567486547,41.264860859339485,35.119971473861604
VEN-02995,6.829651242332842,19.220108047000743,30.284286656240223
VEN-02996,1.359418824305437,55.80086492397648,60.32489319737287
VEN-02997,9.254087099794384,31.715435821600494,41.96104620863792
VEN-02998,1.9946016628850456,11.621037281659358,34.889575672858
VEN-02999,11.841078183313773,-4.877148614995489,47.745853366819205
VEN-03000,8.592705490162391,-2.67174657737554,56.61350439728024
VEN-03001,4.974121588426264,18.273865157540847,33.82802732708407
VEN-03002,2.4615216070240438,-2.038398887988487,38.7288698128321
VEN-03003,9.142566966087935,-32.95758047878809,28.83867615620171
VEN-03004,5.09471637977026,-2.278542593209192,39.82260400097432
VEN-03005,0.0790096894650401,35.745297472044086,22.155007650754374
VEN-03006,1.1057417268515886,-61.49990033180741,21.971428320394438
VEN-03007,3.272692701881717,45.88239487730424,31.219674066351704
VEN-03008,3.697656539412959,23.499536236054716,14.15291641080582
VEN-03009,5.917258732110102,1.6707168608979046,20.336984875329087
VEN-03010,14.93535556446868,15.766671629529952,36.38996173626101
VEN-03011,5.182666173586709,33.94983661095454,36.33767814664483
VEN-03012,0.2745069315373388,8.901769990470484,22.475988943766705
VEN-03013,3.3784276531376527,33.613488100357344,12.898855530540091
VEN-03014,10.35411442700276,30.972238611671887,50.27983671948796
VEN-03015,3.0732840004785578,12.72933269783663,12.410676726838478
VEN-03016,3.4000611939307306,-21.9892325106811,16.31412206384695
VEN-03017,1.5782633908115091,5.3605758822349525,14.035174573840454
VEN-03018,7.722551882473457,-47.11579534116357,22.12378982422862
VEN-03019,1.8432047256388289,20.03401828937212,6.7465772550520064
VEN-03020,5.218145633708886,-3.3318593823792124,9.022508133040946
VEN-03021,4.355322946723759,-8.612540696693724,29.507810240203572
VEN-03022,2.8853386624843145,25.6986928832634,54.078161098103706
VEN-03023,4.629750986370252,-26.30134888229211,31.263264459007207
VEN-03024,3.3934250249143147,11.02708711648918,34.74886366086439
VEN-03025,11.07889239091682,-1.1747129489676986,62.79555452568868
VEN-03026,5.722417778517898,3.128843297069097,34.46216391421248
VEN-03027,8.530899072942436,15.675727709779656,10.456452129387069
VEN-03028,1.1731511464693296,57.23278792711445,33.20722977224969
VEN-03029,1.094961331003582,18.759279604569365,17.529389786890054
VEN-03030,2.9124188693442608,44.67332748004104,1.90422562110606
VEN-03031,6.199091655286632,45.67785093448258,53.08839627284608
VEN-03032,4.877424486511005,28.78136136758297,33.59143868136521
VEN-03033,1.189586384413796,-41.78544358804581,12.301055111212444
VEN-03034,6.4148678302574735,1.5292427298182334,41.52459811950592
VEN-03035,1.3625743528644634,-21.447175695017137,57.039705929221526
VEN-03036,5.704388958522983,85.31863121932113,34.355941716585264
VEN-03037,3.7255289322758527,-19.10204658593333,24.22826655923599
VEN-03038,2.1220162868206467,-32.42558795722625,50.47127518249247
VEN-03039,1.5074576909267472,-65.0,17.9403075325103
VEN-03040,3.1471541857816274,-19.979137135119355,1.1746451048392823
VEN-03041,2.978298484418572,11.316877741728092,25.719133796027503
VEN-03042,0.859658023021525,37.355704008152216,19.809952173325136
VEN-03043,5.271320123785942,-20.89465652777164,53.31707396734675
VEN-03044,9.702198106532418,39.62984130828413,35.73427873469215
VEN-03045,7.005073682687331,6.280340979510503,47.29437307759981
VEN-03046,3.844096474316692,-5.106194862426696,42.85593915675722
VEN-03047,1.6571013827357453,12.666642392649226,15.003225763701291
VEN-03048,3.1325156212584697,46.27444419292489,38.95996450059709
VEN-03049,2.352296738088083,9.379921650041224,42.41179501322132
VEN-03050,3.1165646092915003,-21.923063766473103,10.608700486147333
VEN-03051,7.614752884713978,19.45182282886408,39.75884993907046
VEN-03052,2.4137422180412265,19.01982388997967,39.13406528145153
VEN-03053,0.3602116670673,2.8625514896865,10.873631919928728
VEN-03054,6.550241195649733,35.581700852949474,43.11551846973002
VEN-03055,4.207747069268932,-53.806914569982695,46.88019148892565
VEN-03056,3.205620197908095,17.640973099146244,83.28516993005925
VEN-03057,0.7469077166496928,29.177417238843127,15.507641547994822
VEN-03058,1.088119425212867,-31.118047953346952,37.9226751486404
VEN-03059,1.237476239498887,-32.048035803973015,46.26298073118388
VEN-03060,1.4303617476162376,34.949467580682345,41.35175130174076
VEN-03061,1.5854582500923258,39.71026138916868,12.139649905120551
VEN-03062,0.7409002611832364,44.713777691579786,16.635546949644763
VEN-03063,28.986145960324592,-10.710715831058376,17.472664708072593
VEN-03064,14.186656434161137,13.42880470941694,41.994731097162
VEN-03065,3.6872496715876566,16.998262447316414,20.23003400050713
VEN-03066,2.61948274806696,-38.09460703990274,40.92524481735421
VEN-03067,20.27085318210656,12.246031917463316,29.599292486376385
VEN-03068,16.218320671553204,11.745142002333012,52.823712150009726
VEN-03069,1.2045316936781287,28.12338721802775,35.51481739111503
VEN-03070,3.569566250726646,-7.432305936848234,23.65709328811677
VEN-03071,2.224105939044706,41.7618084998072,17.579935973066384
VEN-03072,2.021242511521432,10.169126489658517,38.00382725838959
VEN-03073,2.26592183129086,54.16240569443322,6.671416247579248
VEN-03074,2.473824879342339,28.158440378715028,37.521686492743264
VEN-03075,3.4274276493617397,15.497831902289189,32.25123231813526
VEN-03076,3.448850160134092,-23.911196860023768,52.50267274033863
VEN-03077,13.223540083519456,-27.64004230980481,27.42179227805737
VEN-03078,1.1189842862427537,51.22339722099789,48.62808451288348
VEN-03079,7.87435680909415,31.69869816390721,4.414484676458839
VEN-03080,0.8331740905081078,0.302763688980928,65.445289500278
VEN-03081,3.5272891135930657,-3.2537627731393783,29.20805996586558
VEN-03082,8.565005711988311,13.990872369025883,62.62173211086067
VEN-03083,5.083156808783436,-28.320091935076757,17.43991991988577
VEN-03084,1.9193580244583544,-4.627323889572844,62.22285919254015
VEN-03085,3.71833333788712,24.53852796713525,21.465089239483024
VEN-03086,16.735262781149654,28.150271945291845,5.109492086587801
VEN-03087,1.4178332703887253,-1.9384447302539345,48.423869594835
VEN-03088,5.069329040760158,51.20670360951729,28.06535439517337
VEN-03089,7.858500345264183,36.21460619150684,21.081474786344074
VEN-03090,1.7738865559577506,-12.756640812822232,40.34081943433222
VEN-03091,18.336762890989984,-26.446965482769592,27.1301343263136
VEN-03092,26.59035493856769,24.053337725140928,64.24958273845313
VEN-03093,9.056052419228392,-4.15191101718511,52.07693717766501
VEN-03094,9.077232623032195,-9.281072549974937,55.852832734399726
VEN-03095,0.4059307879501413,14.01804850216287,32.276830631739514
VEN-03096,0.6357078426394732,27.42330639972823,25.549211336618495
VEN-03097,2.477156213961651,29.381981074280127,30.96868395233439
VEN-03098,1.3184692160140667,9.489962037595532,6.220316534637878
VEN-03099,5.411171887036383,-53.935560328965465,70.60799225077
VEN-03100,0.1185933318375813,33.769353102509285,31.774614484961955
VEN-03101,5.372792575625749,-13.764088393624416,51.9060705072754
VEN-03102,2.2404682859646154,16.326221144262504,72.52186094134696
VEN-03103,1.497838317751769,4.701710471410873,32.22856316611312
VEN-03104,22.137089232290958,68.58950922179702,20.03643990807205
VEN-03105,1.936973410656985,63.56318275748509,53.12586615126078
VEN-03106,0.4591219171755327,-4.405768226399397,28.84571592577948
VEN-03107,4.493613543419571,-28.305219720031666,23.736766338366277
VEN-03108,4.138732358992881,-26.19338954643971,17.748359648664476
VEN-03109,2.2449174938600773,15.332279948950394,54.40069386572453
VEN-03110,36.10464051893193,-6.573216534346432,46.01012207293096
VEN-03111,3.425025676774402,-22.00036683829115,18.56518395697289
VEN-03112,8.300121688048208,-6.139165238990611,36.21240153310003
VEN-03113,3.8782132705298062,20.18214925702648,3.748443212389424
VEN-03114,10.997007157352888,5.886872294405974,5.969892245336597
VEN-03115,1.888976731159726,-5.024490694284134,25.890112646759427
VEN-03116,0.8438672545023082,-1.635841451013368,25.72593928207573
VEN-03117,6.311118998884267,3.627883469813943,84.25640930949446
VEN-03118,3.778011742604996,14.01095406772142,34.67613854779937
VEN-03119,6.519153737962573,15.59466026468444,49.62644106018108
VEN-03120,1.3793574726589295,-36.50669169335593,35.339561285118265
VEN-03121,4.609910479701997,12.500844028297989,25.89742226021116
VEN-03122,0.4706209251587168,-1.7754683682920245,52.03428774821133
VEN-03123,1.6035752504501235,-19.372468955986825,12.157816783318784
VEN-03124,1.2521691230451626,-2.0632158941956096,12.728390064983325
VEN-03125,4.690580275794094,39.21568121537396,47.65052451243563
VEN-03126,1.5957778256737178,29.83283412266003,23.64476282368052
VEN-03127,0.6004296080482429,10.62459168462748,19.10491329128336
VEN-03128,1.4548947187949524,-16.22165089198738,43.39413664791872
VEN-03129,5.250574358959337,-28.709971338137187,50.79736867286814
VEN-03130,3.1399021408823486,-17.429023309986142,33.84086907273116
VEN-03131,1.1977065504993565,8.329657887778183,19.49344047924408
VEN-03132,6.842377326381379,8.898660368094125,59.27798650694404
VEN-03133,15.209917628074557,-9.586743044582777,26.037941100700813
VEN-03134,7.386919152693099,31.700608449543868,77.5591785952638
VEN-03135,0.2147578489879558,18.381232877235757,36.52714436229666
VEN-03136,3.5284915735437994,-63.58451684647186,47.21900380805293
VEN-03137,2.325609760314334,10.947639926503651,32.45489413163538
VEN-03138,0.2895820023242049,28.397827308469548,28.338366325689424
VEN-03139,0.6574042421432001,13.465733098200552,39.9874249720893
VEN-03140,6.546773806815908,23.700699467625167,31.05857899227
VEN-03141,3.3342151836295533,0.8861829904949214,47.84245141118733
VEN-03142,2.970406787038302,6.2381206225620085,14.657229699584862
VEN-03143,1.3296261443700177,6.802534058011564,16.639841323805925
VEN-03144,8.93980086334017,12.970178349128885,9.599063370324432
VEN-03145,0.7027299005235138,-7.635880518437366,18.422556138201
VEN-03146,1.0235528164420575,37.49708360231459,5.061579179447854
VEN-03147,1.9164365064177693,46.41509052577901,27.86238988850513
VEN-03148,0.5074741358867074,-6.33755160772454,62.95021001628495
VEN-03149,1.0306332904764786,-23.555006272464816,19.04804905641211
VEN-03150,8.738406291350042,-28.321815501930047,18.71802815979079
VEN-03151,1.0738863897091049,18.93409630868364,32.187524004123574
VEN-03152,6.4170840654609895,23.871598481844455,25.4609183334033
VEN-03153,5.465447682134228,19.047614552781518,30.16720216807652
VEN-03154,2.2585443973784938,21.369239791504043,4.468252844565597
VEN-03155,0.57073656813794,-7.346087036025928,14.123427757883965
VEN-03156,2.9146671567117983,-45.73405728984842,25.26537479749743
VEN-03157,0.2666304002757706,-5.426753299503911,35.42649892085807
VEN-03158,1.519236183931952,52.65434905384329,66.43984912884797
VEN-03159,3.552252483270377,15.149538495565992,20.81222574135954
VEN-03160,7.074495167532595,19.46253325505745,28.369621926484584
VEN-03161,2.30038400808514,32.42805502027166,45.66148494556575
VEN-03162,1.392687544696014,-14.682306875980728,8.178166386945675
VEN-03163,1.2752956541394973,14.0339073041429,31.736403697917797
VEN-03164,1.6239631935259793,21.82951443736908,33.96515479126857
VEN-03165,5.40079629400888,-17.178003019211204,51.91712558323294
VEN-03166,3.99522818349306,17.824211789727805,7.56480086558441
VEN-03167,2.6532369328062675,42.97486688855255,42.46607070360172
VEN-03168,5.435978158423522,-2.818961259497952,17.008201865557933
VEN-03169,2.719878807022554,-38.503813254722566,32.5972603005962
VEN-03170,0.6260488074243509,12.660041020181808,12.339846543762263
VEN-03171,0.8014308136948874,-9.726778618397038,11.184199438027166
VEN-03172,5.269029853945366,12.889305872199714,6.765231142263088
VEN-03173,0.5996660331227145,-14.738033414349555,47.031689593640806
VEN-03174,1.787695679635501,9.646241239849754,14.304220298653048
VEN-03175,2.397509566821414,41.13508878073252,47.35155448401062
VEN-03176,0.8722359795657656,7.249391912801776,36.92636878396354
VEN-03177,0.4340849492750352,-36.52707992106415,8.819690622336628
VEN-03178,0.7465844046616654,18.14463308816605,8.47443165296954
VEN-03179,0.3713157412495813,8.537485293309423,2.390040555172487
VEN-03180,5.32703369787029,13.757124650576152,36.90902287401874
VEN-03181,4.208981964155813,34.27630525579603,31.602454050968525
VEN-03182,1.178697060076768,-6.176852315071727,57.39208496170944
VEN-03183,0.6040559344107758,0.2228776315904914,19.072104060665485
VEN-03184,9.80529663849323,-19.79447190650452,25.841415544794
VEN-03185,4.41223261047491,13.22069452630324,67.67927288654214
VEN-03186,1.372808437184306,12.51272246214742,18.782072568801105
VEN-03187,10.032545178419616,0.9873737303596012,40.06214977183532
VEN-03188,3.1625068749908105,28.171253759707945,47.70503264409368
VEN-03189,3.856715336711281,-19.990722937526076,20.81192872496769
VEN-03190,0.8640098747586393,11.427676145129572,47.446928955739295
VEN-03191,0.5128036606971582,24.230000036807883,52.871636515842255
VEN-03192,0.4833202396576846,-6.635518477054616,42.795227691515656
VEN-03193,26.878766888978827,-29.0853977230386,37.15220055676594
VEN-03194,1.0938128041353914,-37.77470223017983,16.550848390240155
VEN-03195,2.920313061689265,12.193496240267304,20.92603629786478
VEN-03196,4.506740910754296,53.73871668252997,32.844413558078806
VEN-03197,2.6567260258333896,-8.46245170190603,39.56200348129845
VEN-03198,2.2940628831644383,20.18568437942462,17.243425281338514
VEN-03199,2.238477971910916,-57.48398583041919,49.96726692816798
VEN-03200,4.608676689100714,18.078401547939,2.2537396005031924
VEN-03201,0.8660753696313462,-21.386922019721865,28.258819232010477
VEN-03202,1.6743234797238933,-2.619706042513384,10.033108667240342
VEN-03203,0.2156473647475164,10.129423461713117,53.211300678831904
VEN-03204,0.3501647788860619,-36.84118249429604,55.064286014212506
VEN-03205,0.6519065177539161,92.93231850845382,32.648420197005315
VEN-03206,6.95264033242298,-8.343466332087122,42.46880750230672
VEN-03207,2.0138077047156324,24.38918227775992,46.39944529319696
VEN-03208,5.854134642840066,48.30201751326344,30.11668704702874
VEN-03209,4.151102746020653,15.91621457058141,32.306073137548786
VEN-03210,3.6186666536897096,-25.14844895086914,48.146890537204165
VEN-03211,0.962235586006983,10.77300546858064,48.29648839936032
VEN-03212,2.9518472712633903,-41.61631359607816,70.29321034384249
VEN-03213,3.59638120877944,-0.9366946426955368,9.53899433763992
VEN-03214,30.59225835848672,53.27611650661764,28.460885939932517
VEN-03215,1.8577883611075532,-30.10239707088202,46.26590463745824
VEN-03216,6.082655807308143,-14.25262349988288,28.008801456474806
VEN-03217,2.371998170684793,58.04736136543528,11.716366225975602
VEN-03218,1.2554875800196967,3.295612212119053,14.204033410591254
VEN-03219,7.07444044191055,-16.129928974579425,45.51812635522617
VEN-03220,21.774569920427755,18.508569921044785,47.84849373268288
VEN-03221,3.626273486041541,-4.657564774123015,40.47542650457389
VEN-03222,1.282309480806624,-65.0,39.3963655748726
VEN-03223,4.545966390534336,-28.73234908566902,52.73441078072141
VEN-03224,3.6964308028191786,63.538775357084695,53.3369671990276
VEN-03225,31.129459753265003,16.859975142703775,22.956136389208464
VEN-03226,6.149596586561176,47.51955610274843,39.02834473239907
VEN-03227,0.9734153386028508,-19.78831337032808,15.039255043305788
VEN-03228,11.047041831334546,6.514053918560861,27.00321192906205
VEN-03229,6.378264294976412,3.439799600656663,22.82636624568129
VEN-03230,7.605988230463099,-6.776894050729833,41.6844322651172
VEN-03231,4.434350935425192,13.676321164610648,46.12948284583844
VEN-03232,8.24107203214457,-22.09868905826299,5.654202794079766
VEN-03233,4.413578066024485,40.65609001811434,24.57390749993024
VEN-03234,2.0548129630343728,20.61590839542731,30.111515455945515
VEN-03235,3.150750066921464,3.299204710521523,36.308260573927306
VEN-03236,2.392774317057404,11.598496963982395,22.696952559700488
VEN-03237,3.9571530484626343,-0.1635615953806812,32.27902592733471
VEN-03238,2.9665113337248448,-38.53542048135242,23.55151397103005
VEN-03239,1.9231415387404964,-18.748267953504318,18.844322683425265
VEN-03240,2.2260568412414377,3.138031614507182,18.322289540755467
VEN-03241,2.707540992836336,-1.525773360691003,36.866490734113285
VEN-03242,0.3832041753587642,25.484790623930937,42.21655653885915
VEN-03243,8.388606007191349,23.129843664344776,16.424012506449863
VEN-03244,3.98573611323099,-7.115794311654035,22.296020022746315
VEN-03245,1.3873038684102033,-17.838612426083202,30.07437383500853
VEN-03246,5.208615016969223,28.380291237748526,50.3389330586117
VEN-03247,1.554384014866736,13.110882856307065,12.73754419412087
VEN-03248,1.554331669366749,-8.782974693233843,28.756234415227155
VEN-03249,4.1045671174113405,-22.83318562918355,28.62295097886532
VEN-03250,13.114071707453997,-10.247541267772904,38.36619632723333
VEN-03251,3.6982602889206,18.58270402742783,32.9917903867511
VEN-03252,1.1578167419623546,53.54376286274485,35.483552993127745
VEN-03253,1.8459711658567108,2.278427784074178,39.63127070599221
VEN-03254,6.916791626698648,-14.490862299283553,32.53638237127991
VEN-03255,4.240612907952941,66.24457277071376,58.84142789525249
VEN-03256,7.810109589139256,-2.041067822544018,36.24177786209
VEN-03257,4.190427597187843,-13.440950805308075,42.68460058432649
VEN-03258,6.346573903355926,-2.9973078511023665,62.78721500463852
VEN-03259,24.88575359874162,-4.342073062227994,50.91191365500014
VEN-03260,0.6141278968203812,42.30488121302755,28.08822128795964
VEN-03261,38.39234202659511,-37.19078397227876,29.66150004652796
VEN-03262,7.61515301208439,24.05183380019904,55.06259947618104
VEN-03263,48.787266819472606,7.704144221926602,19.41428311114865
VEN-03264,0.9216616434085652,-7.030744725685869,50.69179263890226
VEN-03265,4.1400035680491865,-1.0697913160782324,47.83465803636568
VEN-03266,3.239160557801502,1.231630496047404,23.625878545595548
VEN-03267,7.184271696295542,10.378140385905462,24.522973327007936
VEN-03268,4.557299068228416,-4.185812896621465,6.736557834811652
VEN-03269,4.028962685790613,6.231272905346932,32.98608880821472
VEN-03270,6.403304616872824,-12.98828724109098,30.530750196007627
VEN-03271,2.4169572753510886,66.9119367058156,30.02900155462857
VEN-03272,1.541240365432775,35.25025812453682,52.92112284556681
VEN-03273,4.475304535758037,21.191162897327036,42.952144856475215
VEN-03274,1.5378848549108162,-3.983070311809248,37.08211898581064
VEN-03275,2.3676906658184587,30.179534702227187,19.78186574313926
VEN-03276,0.5569831132009727,16.08074417711243,36.424686082565024
VEN-03277,2.8907572764067946,11.214394659448317,25.558748727035383
VEN-03278,0.9787209141466277,-6.391607779041152,34.755268464948216
VEN-03279,2.6214432361560225,15.413672652193666,56.511436156266846
VEN-03280,0.8231388623676296,53.456138427408725,19.90811780151412
VEN-03281,2.661087654642415,10.178173656838538,20.829682906073103
VEN-03282,7.313168248452506,0.880579365643368,13.974665241480988
VEN-03283,1.411390558415796,10.679331250498912,41.915440831789205
VEN-03284,0.97373194893497,9.182278390346909,49.02218441108864
VEN-03285,6.422484407789296,-6.7725145427922975,32.26991743132548
VEN-03286,7.423158382149602,-12.0126626853335,23.5394041865357
VEN-03287,4.333229750773329,29.418079147488456,12.58225904048891
VEN-03288,1.6290581235088235,40.54425581201488,64.57616536482051
VEN-03289,1.3598108366594948,69.17749163318095,9.748815252398485
VEN-03290,1.887712365335564,20.373063988845573,63.69006104078454
VEN-03291,2.547008640652768,11.15114309571423,17.587182497058212
VEN-03292,0.407395973538676,32.34817352927894,17.969238360821095
VEN-03293,0.9217652467739604,-16.516299820546703,35.87991401654658
VEN-03294,10.761313258085265,25.34959791695081,8.74982613207663
VEN-03295,3.4149771656060657,36.04674638088905,52.69877165014329
VEN-03296,10.482200346033022,35.65402554625557,31.59625631611536
VEN-03297,8.308208094443138,53.01654024495927,25.73108435510589
VEN-03298,1.927648491490828,-8.157075402136936,25.867368077908125
VEN-03299,1.959941081116812,-5.293262908916894,42.07290532328693
VEN-03300,7.871268494656779,2.1907987077083018,40.6732652865098
VEN-03301,6.2620924026260525,-22.12005237786228,42.98081732201239
VEN-03302,8.05390269302719,22.536860129409085,22.17981317173391
VEN-03303,2.6781307678832103,26.22905733878008,33.23555829209014
VEN-03304,3.179862253839216,23.161992996408543,36.1635848907676
VEN-03305,2.0521401915256514,12.033354083801896,50.74549829925229
VEN-03306,2.5630159561044006,35.156880431916875,40.55341221224785
VEN-03307,1.278633974103165,23.529797536114565,37.988014281506494
VEN-03308,2.5036154476833503,-8.267887925854357,30.131959385811285
VEN-03309,2.2795770711905643,-65.0,36.38281018642315
VEN-03310,1.6411312083994027,-0.932544711207994,22.21658140632101
VEN-03311,6.490000973986247,9.054410296885573,61.33756653495457
VEN-03312,0.5762227679392579,9.278576862415823,54.297683198463474
VEN-03313,3.94000071675548,3.161155616793595,11.15594021122764
VEN-03314,0.9862361658552934,-6.494105176063377,8.267077721085286
VEN-03315,1.0696840615877536,-14.863652973188124,55.67791174663496
VEN-03316,1.175442622226943,-19.89006806217613,46.53402566163746
VEN-03317,4.562736894668545,19.74384436215827,37.01233802419188
VEN-03318,0.22686542930714,37.38375322560282,17.353342837106595
VEN-03319,3.272553266464234,-25.783310583110293,23.739371463672303
VEN-03320,2.85764874067244,6.345155644512765,62.4608747036814
VEN-03321,0.935028074486367,29.29555978324169,20.45706977951709
VEN-03322,3.321551888444636,2.900080825944694,40.62084341963316
VEN-03323,0.7156408339068764,27.332173239565787,62.63261492038903
VEN-03324,2.590519702572748,37.11537930447293,60.56944944272068
VEN-03325,0.6865419706575029,18.64881185068465,10.768900403652037
VEN-03326,25.92917671341241,-5.383286388191502,35.03221807030935
VEN-03327,7.011463186773938,43.50660011263245,21.487879445952395
VEN-03328,3.5648181126634126,0.7785564515975949,43.10093826755479
VEN-03329,0.9505664868173256,0.7793339272975128,23.031860792183583
VEN-03330,2.007555131372332,21.90197589106738,45.30262320767523
VEN-03331,2.100949099727401,-0.1398725837259355,28.713642431505043
VEN-03332,3.546959183343645,1.9570686994802464,32.28983116366892
VEN-03333,4.21396959411353,-2.0909064412973173,36.8887578287384
VEN-03334,3.481152237341101,3.1221195351531543,42.157077515477006
VEN-03335,3.961162850768924,13.318066309799905,62.28577635497074
VEN-03336,2.255033022084416,-45.26276741062595,26.616065292429507
VEN-03337,3.961841824601916,5.3561306268840845,32.70037599840824
VEN-03338,1.347528959148149,-39.653910354274,20.0538990080853
VEN-03339,0.843792409915606,-2.9781323032367872,12.369396685606814
VEN-03340,20.752542929877528,17.12900724010388,8.421014466351597
VEN-03341,4.295667970494344,-0.8416627590086563,56.07733792428279
VEN-03342,19.820073557216052,26.97970176940854,28.01738642085924
VEN-03343,2.0092964308072148,17.385809768209143,5.7025289600472
VEN-03344,38.543537933890114,-50.21399625527987,60.52478661121585
VEN-03345,2.967040242866568,40.34450954710662,12.414998701583968
VEN-03346,9.58841752744892,14.74163356974262,27.58955508032419
VEN-03347,2.818313241929897,-7.369102034333283,26.551773757417116
VEN-03348,3.258981780696942,-4.684578825751263,46.91999789112603
VEN-03349,2.39475281505597,-48.285722463782335,28.27563161578289
VEN-03350,1.5807779510127984,13.880492218035258,34.487056426205854
VEN-03351,7.990605195001394,25.582505398278563,21.91224539773822
VEN-03352,2.6919148314626384,-10.36026605521668,8.715461698205633
VEN-03353,6.776632742237235,-16.43385413109885,19.71927137864083
VEN-03354,7.346129396132152,11.794252071839884,13.023099960887532
VEN-03355,12.881247553934475,40.25594868501611,7.300001233575277
VEN-03356,4.320143264059898,37.452096944461786,18.678083888317296
VEN-03357,0.5157834342109427,30.380971706661825,65.52802213167584
VEN-03358,1.9112809205541277,62.54357757433989,52.88514500864093
VEN-03359,2.643962126320297,32.95731495795357,11.296589046583568
VEN-03360,2.7556587870692133,39.229973949387855,21.087741907205984
VEN-03361,11.59106915002799,10.35122022070355,27.69673816170073
VEN-03362,9.486310918854844,-1.3605083291234037,13.04317882907305
VEN-03363,2.317743900922352,38.63625875902696,35.38724472091295
VEN-03364,39.37393848447708,-18.488129729777217,58.80205923975325
VEN-03365,1.8520285994903984,19.442268228196767,34.42258038888625
VEN-03366,2.0249395272384247,-8.413916688172371,51.48238750304653
VEN-03367,0.8173906988491699,17.15981586229711,31.404770935911568
VEN-03368,0.4891518459224464,15.233342861644909,57.64322716914396
VEN-03369,0.7422407158644048,12.400419160459087,23.52738589917154
VEN-03370,8.288753499881116,7.521616262883049,38.1610982536088
VEN-03371,6.1450827641660615,22.37840439150737,59.033513405127
VEN-03372,1.028492870421331,26.705647473342616,41.24296477988113
VEN-03373,3.033955167902362,-29.770326373205165,14.593512265152816
VEN-03374,6.60030683773161,6.775096481764319,49.19090232632294
VEN-03375,0.2903382102751626,-3.2882573206109,33.088759715670655
VEN-03376,19.0951132152984,13.241484105017395,15.800199956246413
VEN-03377,8.652001850266862,-3.2353439588885493,34.66125531510278
VEN-03378,6.629743917560422,42.42757147846412,39.80370151093999
VEN-03379,10.198995879142428,6.156867113050337,9.7188130352661
VEN-03380,0.2877417028941453,34.63676592268007,52.89648016315548
VEN-03381,2.1373586612580646,-17.7085571525948,39.28387047925457
VEN-03382,10.85044681910606,0.4202073804333741,17.975167678188107
VEN-03383,2.697344240051917,-8.596965272925537,41.3260535968367
VEN-03384,6.153027702613022,18.62938823672797,24.490173368390973
VEN-03385,13.3697181736666,-23.99443847395987,31.8446374114473
VEN-03386,5.894299441718935,-38.13844655249567,15.040918762665392
VEN-03387,2.047295760981012,-8.891268797947028,30.05798106754433
VEN-03388,5.120627547183965,23.14981730583209,22.76431054627574
VEN-03389,0.4325314400616692,-13.863136372666789,14.197815951981804
VEN-03390,4.661728926892315,15.170582881081298,31.924538083849903
VEN-03391,6.200309852514819,-9.477609146128003,24.651401550077743
VEN-03392,3.209274455913784,-39.32659369079896,21.72203126762149
VEN-03393,9.754051335149008,31.00257397830337,36.468031679333386
VEN-03394,3.693190836777035,25.53284875578813,35.0225711651804
VEN-03395,3.195197457822765,6.92464023122101,42.7801053758044
VEN-03396,20.400557824666667,9.158089163757603,23.87887731438838
VEN-03397,0.947790272861748,2.3967062179987897,17.568107789488373
VEN-03398,12.570430033254672,-19.879550599334827,43.97324046375649
VEN-03399,11.522031055905815,43.26216265862364,19.07123910364164
VEN-03400,6.888303645591484,5.28351761715134,7.0892940725320654
VEN-03401,1.742003556732055,17.764318991857685,6.399325662988391
VEN-03402,3.96285664450244,-5.468192836528326,29.63032812669097
VEN-03403,1.122185440482756,19.95760130581955,16.59785349443384
VEN-03404,1.4647361067678315,38.9193321896298,15.894203963444586
VEN-03405,3.141142997110654,12.49885305027572,24.323375224362525
VEN-03406,1.028414669601486,17.735245002737408,47.13354286838982
VEN-03407,2.102938044423762,31.706082962157417,25.11293871374489
VEN-03408,0.808801129345593,27.098349732706165,11.959467551877411
VEN-03409,5.574580692937424,36.19186699957651,16.87037749215436
VEN-03410,16.417483279589852,16.663454635094645,52.65902404763351
VEN-03411,30.465981683364035,16.64877669455288,13.47552186970178
VEN-03412,0.8720823741376579,14.462954239558432,2.252468666422325
VEN-03413,1.058016448482669,31.34833754235952,19.2803942175884
VEN-03414,2.572890349368877,-3.657240860716243,28.298895303091204
VEN-03415,6.716538548222205,22.32487079933215,27.384657282622136
VEN-03416,2.4566610165426277,70.03079659089764,8.80328127794448
VEN-03417,8.893327968333512,17.691751480005987,10.900093801356272
VEN-03418,5.532977051458362,-24.323231501856952,53.30529175631872
VEN-03419,0.4407806566890772,0.1657944631468186,56.33598212725526
VEN-03420,3.2751920002537265,24.761364488016245,28.713099931852064
VEN-03421,0.7885334724346867,-10.10601253433236,10.154236841883735
VEN-03422,1.654502261414731,-18.40322590126027,54.16868987438185
VEN-03423,1.957923538060708,-29.2401853696187,17.16829289221099
VEN-03424,6.960273607163854,2.376273915202817,32.028280567978854
VEN-03425,2.980948741844011,51.51615414919409,20.5615433671632
VEN-03426,1.8438223621329997,-6.342157918230333,28.946056305350687
VEN-03427,30.8726079434351,31.64746596646859,66.34980797087353
VEN-03428,1.1515096529657165,0.4657004296092424,24.992427647044245
VEN-03429,4.2224770529672,-2.4563588374803853,29.572972440611245
VEN-03430,6.4078175193052935,21.957719309928937,35.82780443308602
VEN-03431,3.698451575094421,-33.40992080967696,30.257115810400517
VEN-03432,1.144164751171309,53.072933521623874,26.768972593452837
VEN-03433,1.0816945534196425,22.507565773270585,17.482304188398274
VEN-03434,6.080379559253909,36.38821294457389,21.147477911323683
VEN-03435,9.699180080255372,1.0372927124228657,14.59835714821683
VEN-03436,2.899640401345478,21.40245613696142,59.36788534619557
VEN-03437,0.7209863493649159,33.18574192134302,13.099017202175297
VEN-03438,3.10585716127402,5.550852185897737,71.52939477699124
VEN-03439,16.25366283641655,-15.576492292580696,47.64776217510093
VEN-03440,1.0153703933582547,-17.46437250890985,66.06850702451646
VEN-03441,2.165247915935327,-3.416061919954453,7.301949288157898
VEN-03442,3.272895286806514,14.128552091779436,30.272857463294606
VEN-03443,10.16471937209698,3.6036642987243575,11.184516940848708
VEN-03444,1.7148072800460468,-5.2141804857965255,26.78780264484812
VEN-03445,5.229903006569341,26.30666083189196,25.765276451947845
VEN-03446,14.1814927196367,-4.448724246269656,10.359753150043986
VEN-03447,0.6016211181632323,-8.135257531837631,42.524649228939744
VEN-03448,0.7258429571017715,33.36324465596287,21.376733233382406
VEN-03449,2.769413527082231,22.86511274575819,51.44920108563505
VEN-03450,9.026025726118398,-25.07573746353863,17.988437924407663
VEN-03451,4.427417547493803,-27.932708710351637,71.74174618599493
VEN-03452,9.958135862162646,-21.90883584971909,28.288624824006988
VEN-03453,0.4720267480559948,7.173110474154104,16.370554128682617
VEN-03454,4.491087712974606,39.81803219740665,26.608554247124296
VEN-03455,0.1340098674083071,47.07922220331356,16.152152412925975
VEN-03456,13.21409159119958,28.26326050721364,34.72344747527935
VEN-03457,11.35209645098097,59.6478602870684,22.17060748382272
VEN-03458,2.138943662188105,13.443875451059924,14.485230638983952
VEN-03459,0.2419606006180619,37.94374988506148,39.08547891229114
VEN-03460,2.439544899015212,-7.422544697882486,61.293775145116335
VEN-03461,10.481985612890307,-34.014814180157174,14.866147667406771
VEN-03462,4.839369571785278,-0.3335984610797062,26.530839724698332
VEN-03463,23.461306091527184,4.621153703408472,67.84386308955641
VEN-03464,2.2152407731926544,77.79141816511036,43.41818803576477
VEN-03465,28.63240634715569,7.988305456026348,33.722597073177205
VEN-03466,0.3317297287085684,-19.480849868882007,17.201878369742403
VEN-03467,1.3306983074081853,34.04549745352581,69.36717893972931
VEN-03468,0.7376681707154968,-12.508839810786064,28.18412105183832
VEN-03469,6.8919295069664654,11.875584685402076,59.08876631723021
VEN-03470,0.8088211863322154,31.686719059948818,7.658944015035217
VEN-03471,9.279270192549316,-17.154231904675115,38.68111602880384
VEN-03472,6.522102747724069,48.971417532026656,48.6420105711327
VEN-03473,3.737854045890845,38.423672888347895,13.538950197844068
VEN-03474,2.7051794230968604,17.53855579110131,20.509342319181098
VEN-03475,0.9616309649686072,55.29539864848783,20.83450480141481
VEN-03476,5.929127265660689,-2.3207134302218524,24.982359717383464
VEN-03477,1.7459710717907235,29.442515053773167,67.12861127060556
VEN-03478,7.081869885382223,15.528098561316916,53.986804935808905
VEN-03479,15.80362589757251,-9.221811681690587,37.71213036809806
VEN-03480,2.1649451581683943,-8.410094466887301,33.30337225592286
VEN-03481,12.996776098637458,62.83891553805324,31.841415836248355
VEN-03482,3.7474340772774073,36.601489128641774,13.548678152251677
VEN-03483,5.862200812898964,32.01669956697722,13.978981542374076
VEN-03484,0.7101846566581276,-8.882249826252611,34.94710338929743
VEN-03485,1.4284962908846126,27.11451240858525,30.91653470517403
VEN-03486,1.4115172929687374,-1.9368950391436623,18.735544573172422
VEN-03487,13.363717024068784,53.84705432825434,30.446597530361185
VEN-03488,2.066610645965681,40.74845843817821,38.12950892901114
VEN-03489,6.068688461404305,32.821818465293354,33.04797320813229
VEN-03490,2.7963203253600857,30.07980580644132,31.42686134764117
VEN-03491,2.05297202555528,5.629771908842432,32.846756062658
VEN-03492,0.6020405797039854,21.153780990084325,46.095387595828456
VEN-03493,0.3722453420407485,49.61604375416923,43.66118965835581
VEN-03494,2.094260909164511,20.599781348139253,69.72376313508803
VEN-03495,2.23279704240263,-14.699529568684714,21.339998999947003
VEN-03496,1.15624112744449,41.88356501836503,49.88209352226322
VEN-03497,3.5659330454166422,-10.344553724677835,41.9571543906838
VEN-03498,26.359924129089137,7.201851189861641,33.713052403092966
VEN-03499,15.705745284638622,-4.789187008109554,31.1698015591186
VEN-03500,2.98416232104825,-62.44255383076481,36.76062467386194
VEN-03501,3.1003323431097445,12.732405995270051,69.80406944026413
VEN-03502,5.882516368596912,66.66490271482265,10.80533338629973
VEN-03503,3.8117674652658784,16.63960654691451,56.91236099638507
VEN-03504,5.893781401127301,88.00915313825098,19.41485181920664
VEN-03505,3.932687690925908,3.863119247489629,9.534324890231138
VEN-03506,3.220219411572164,13.97910181390509,25.627406007387737
VEN-03507,1.417243243076731,5.185778261754543,48.68783323235926
VEN-03508,4.264727545393434,9.628984502120812,11.485934661495698
VEN-03509,0.237760496411312,17.989990041893268,43.67512515646781
VEN-03510,3.830692887482026,48.77808495152449,2.97574066127543
VEN-03511,0.2946325806940062,-14.648925580284692,16.767677201942217
VEN-03512,3.834087169335248,8.235314088052219,11.582961953985832
VEN-03513,0.9755309648614754,24.62504574439544,43.577121292354406
VEN-03514,11.67582167689857,42.56221381645431,33.106049966274725
VEN-03515,3.1584682768725,-50.2600939017906,40.87511299712728
VEN-03516,2.868371805301947,-29.756044564670223,37.73686197026804
VEN-03517,4.4741796604432205,9.096636154088031,66.4450399783898
VEN-03518,1.106802419496833,38.22099605760942,59.9635834184572
VEN-03519,9.83631945224192,-4.977703452047383,9.24045399797592
VEN-03520,6.140582007216735,26.061996910698497,66.4674960799205
VEN-03521,1.5624276662764314,61.40246504281384,24.23590569149745
VEN-03522,0.8937896041507104,8.279386825065522,24.67150100433273
VEN-03523,1.8023583627172015,1.839702269616004,22.522414223253005
VEN-03524,2.4146818405014145,20.7401428585348,51.26556401297384
VEN-03525,0.8243173513888575,12.860710716885674,61.832939303746095
VEN-03526,1.6445274624004145,14.891730229346862,39.13910146111526
VEN-03527,1.418062268430328,3.1167174870411545,18.1416863740833
VEN-03528,2.17609521357693,1.0573172608634778,29.529282138388563
VEN-03529,2.1952930602243352,-19.11960506707065,8.626623918659657
VEN-03530,4.650192236861141,24.55882762474383,14.69254002905177
VEN-03531,2.813327526747471,-20.0733215485512,42.14692432308012
VEN-03532,4.230301408021003,-14.06266104902901,26.792158761524004
VEN-03533,3.574172578014134,-24.34215566367092,25.900064841018565
VEN-03534,2.1937170432165303,-0.8060963807280945,9.012737228199644
VEN-03535,5.766672982594035,8.700091953617594,63.39727564706883
VEN-03536,0.1328668973399847,-21.69198368371597,10.493144152063753
VEN-03537,1.831866108225014,0.8092999146297606,31.625395918465465
VEN-03538,1.4510332940791817,12.366697952202326,31.798016131152195
VEN-03539,3.0997140071991467,-34.37165542727617,68.81191011895736
VEN-03540,1.3528739804893517,-12.505064473273473,11.37378165006638
VEN-03541,4.971840230040392,56.72553884303049,31.48041174242841
VEN-03542,6.0367559364500005,-11.132981775481088,30.72940139003473
VEN-03543,0.5930941573444902,27.127521401623486,29.555044682707365
VEN-03544,3.4758782349362303,-5.702569380242654,16.315232326633424
VEN-03545,0.66432299795274,13.40291284760946,29.948695552602995
VEN-03546,4.607239109957732,-13.527202203611573,15.873718649050756
VEN-03547,1.627110510794601,-43.34735855525942,9.325770529870994
VEN-03548,1.122280634830507,-3.906704581928212,28.14246538987971
VEN-03549,0.4141640374061119,19.929420585967527,55.8265507607924
VEN-03550,2.4561583047212525,26.31346209141528,15.43438768946606
VEN-03551,0.7604835472224009,11.86182964175773,29.52392841211335
VEN-03552,0.5315786952460926,-12.989634849377603,48.430716640389086
VEN-03553,3.335288033942517,32.846765096141155,45.385644750630725
VEN-03554,7.894518090016827,-11.49320387749739,45.99018232213525
VEN-03555,4.195109966456622,-9.839399535128823,27.01699046451616
VEN-03556,0.5632203262943418,-18.466265550346133,39.90958524964414
VEN-03557,2.3385680908205044,-3.422083165372227,46.73188114796856
VEN-03558,5.746668254461541,0.0193046074754779,45.53456124292589
VEN-03559,2.339577107658576,15.919568779835666,37.11367533614248
VEN-03560,3.888739059549976,-28.5283030149136,38.1141000703153
VEN-03561,1.6803694958300086,-4.429766133998598,64.60483241873075
VEN-03562,1.7803939594205802,-13.615818160041297,20.26465967138037
VEN-03563,1.3157746503505765,19.54433579551297,17.092582717324902
VEN-03564,5.32927557877189,16.16852785779957,40.19025887739636
VEN-03565,5.71212872016606,-19.79651283843788,63.33902085368995
VEN-03566,1.4759622240529366,21.290535765300618,18.48469610566301
VEN-03567,6.236070331543843,6.586395101476793,28.0982621563354
VEN-03568,0.5657109875534772,29.415792559742847,18.521496268304976
VEN-03569,2.25187790860563,-9.445622564952403,29.748856029056647
VEN-03570,0.6132151577945436,23.94200528464823,46.585752628635376
VEN-03571,0.782669902867493,31.354594983693165,48.80948849772248
VEN-03572,0.6051799065394956,9.860888632722528,68.52839112158762
VEN-03573,1.321407971615361,64.64170247679985,18.370135078976897
VEN-03574,5.374826167862362,21.269883329019702,65.49033786000862
VEN-03575,2.4937864400873835,55.59572050853898,59.21791504739278
VEN-03576,1.4300395732163556,76.08993449877308,17.30090960528516
VEN-03577,2.2459848228303763,-37.168074329535145,86.20247482329174
VEN-03578,0.2831091984724017,39.09464729442571,14.314446587092872
VEN-03579,5.098756600461076,21.94118464548416,21.644074272272317
VEN-03580,0.2293747991746835,14.5719181515779,43.07516408599167
VEN-03581,1.2486177534359946,-9.843210100379554,49.08355505127834
VEN-03582,2.492372865428467,-16.065266217342053,78.9400927954631
VEN-03583,4.437520464288632,-20.43471156263717,10.505527009725618
VEN-03584,3.535605468646686,68.02905234437341,42.19193503787281
VEN-03585,2.574242313437558,21.159331732993834,28.32827773876006
VEN-03586,13.50740691023115,-28.69779919317459,25.876750314912872
VEN-03587,24.936715560340687,-20.420600304389705,10.956742407262402
VEN-03588,2.739458694590336,-46.67819225907016,20.70918087929105
VEN-03589,2.4348999803010174,40.15863238167903,52.13424745021906
VEN-03590,2.280281522295568,9.222729315474457,5.034911848484772
VEN-03591,1.3882477326681886,21.747825545107844,28.549327844113893
VEN-03592,4.110083881435024,8.065665259455026,27.583917488922125
VEN-03593,11.008819665333528,33.59067826868046,29.34463697763368
VEN-03594,0.175661403347305,-2.714903354355465,23.423416876464717
VEN-03595,2.2555020975985185,15.976982589239364,41.482554219440345
VEN-03596,13.977569449816842,15.399345124747544,14.655243755640814
VEN-03597,4.189087530802149,-23.32802965676756,30.23363772662591
VEN-03598,4.285231219360523,-11.522009675597364,50.818731266002125
VEN-03599,0.4671981740580144,-0.1783514696864774,17.704646020411126
VEN-03600,5.884605771564701,16.666984111448734,30.100334307474263
VEN-03601,8.248574587706837,45.4874305092787,58.92291350093296
VEN-03602,3.386952155780401,11.12490890906052,14.0455065501223
VEN-03603,1.3216681384075089,5.6316945759989085,19.39641517618229
VEN-03604,4.424252972523676,16.369334940839043,27.65576630490014
VEN-03605,0.8679340674341961,3.759227169524959,53.39577837574385
VEN-03606,0.7503513819834603,7.387010121906512,25.42618647720312
VEN-03607,6.568906559280028,48.929532452432575,17.81496454615916
VEN-03608,9.073834596758182,1.9772534322416568,49.596702541233526
VEN-03609,1.20095415948531,15.072416011770391,33.31458566279172
VEN-03610,0.7543768952515021,-9.413818640401054,29.24383815095545
VEN-03611,1.0349674694528468,42.04274155802172,27.955135615822684
VEN-03612,3.378442398475018,-16.6077055922292,51.12580523510114
VEN-03613,0.7553141442436839,6.059091904637239,30.77579274286014
VEN-03614,11.15867785427615,34.52746157233486,21.03634371521318
VEN-03615,1.63004846077407,-15.381597558246549,10.903946788662353
VEN-03616,4.06706165380009,31.43282407776144,15.901453388323484
VEN-03617,1.2001906600953698,-47.32520073644149,74.0175735761094
VEN-03618,5.167690005603991,-21.48220479154825,31.11997716025609
VEN-03619,5.654628576604823,5.456930925079173,52.04582726589744
VEN-03620,0.4293038608227094,73.06029389432113,36.720656321616616
VEN-03621,1.2870726427095018,11.92765703319076,34.57399893403582
VEN-03622,2.288087620963884,12.502764966172393,32.14872116484828
VEN-03623,1.5254806697939514,38.98856658435154,27.278450341341927
VEN-03624,7.090377082198922,-21.33150724735833,51.78464695278486
VEN-03625,1.4092917981085724,-65.0,32.704858428164414
VEN-03626,5.967548199972436,54.81399721492093,33.1150554193425
VEN-03627,4.632653702062274,24.325774209787287,10.066314733983411
VEN-03628,2.413943148154868,-4.022408424221922,32.82222946647241
VEN-03629,6.246271146492394,9.548671944078196,28.864677285686906
VEN-03630,0.5007137507635682,36.4076706072827,26.22200892048932
VEN-03631,2.539935274855935,4.509826090083731,47.360568212327
VEN-03632,1.159909644202447,11.91192713659859,25.16228952132446
VEN-03633,2.4166735710067213,62.95408442108073,57.08076875189532
VEN-03634,1.6219892166905328,-25.57591915846983,53.009780969838026
VEN-03635,2.903691218091491,21.96471757271828,25.342732629333582
VEN-03636,2.746795701537723,-24.994461918382456,29.78992768331845
VEN-03637,3.1665091341683715,50.20687178677012,25.96253876552956
VEN-03638,3.307598292451733,15.913865235542438,10.337118367218936
VEN-03639,5.10743175965874,-10.544339857019237,15.805781025885128
VEN-03640,0.6807201196536917,-32.51546424940136,77.47943071915667
VEN-03641,4.760257825364347,-1.4552402020671735,36.568426171214014
VEN-03642,0.5148406995899873,13.011947685867966,58.61070041889058
VEN-03643,0.1257072270721348,39.277640091649,29.83438595734722
VEN-03644,23.800563959296905,-21.527506495081678,59.28194156606376
VEN-03645,0.9678062348654186,-14.264765839217322,27.271943150288223
VEN-03646,1.6605641191077398,-5.42003678631491,43.76764939278785
VEN-03647,0.3499016131276495,-12.930002603618348,21.81995222322203
VEN-03648,1.648885458059728,-5.892937624559272,4.021963186224976
VEN-03649,3.412602011655085,-17.519642972868194,53.77523566916219
VEN-03650,3.550385503331196,19.262772083061524,5.915407832719942
VEN-03651,0.7207539174279329,-5.0393448313318,35.51911791189001
VEN-03652,1.6685985617161367,8.291793991450497,51.2364296665049
VEN-03653,4.078099676417371,16.216214175961476,46.83448927595443
VEN-03654,3.5339054212540817,-29.243949590227487,31.07256721098061
VEN-03655,3.130147482369604,24.027911195849395,46.38584108346653
VEN-03656,6.274345879618595,13.65524765990078,30.9811214285965
VEN-03657,2.411167021359061,13.683118959592674,73.10232574681092
VEN-03658,12.57202015852736,4.400764863951682,17.326858317784055
VEN-03659,1.9690248762628435,0.721399456144578,9.291745501714924
VEN-03660,5.835560269998705,9.452820106394,18.199766448062476
VEN-03661,6.068622746152196,10.583997256341128,37.595767916173365
VEN-03662,0.4479526262660731,-23.864850829739392,45.21749916234129
VEN-03663,4.414942527451461,50.53308585376783,42.7241588873701
VEN-03664,1.344264033158366,-10.785514499726812,21.7474905540697
VEN-03665,0.8960714768953624,9.80109455363447,12.94444058052732
VEN-03666,1.7042588714640936,39.46049054794901,38.46598638376827
VEN-03667,3.24740814450132,-1.228002676557999,51.23056502428395
VEN-03668,0.4860774202103882,14.398325131796806,31.85592148063562
VEN-03669,2.7998672485060783,-51.16335022875912,26.303431097948817
VEN-03670,2.1396993573529794,-45.50872192689564,18.511576138850053
VEN-03671,8.516418660654727,7.309230170331533,48.63939865103506
VEN-03672,1.3540559619766366,13.11561194945424,46.067065550804976
VEN-03673,10.062390459249706,37.86540827153355,28.35880243757002
VEN-03674,4.159848839927436,29.63125558067644,1.7535877477214006
VEN-03675,2.6199610410479406,-34.98529755096332,43.35820270437696
VEN-03676,11.034509908336036,42.24318567971059,28.40086484272796
VEN-03677,22.528614651528446,-24.145261303477863,19.12236399358446
VEN-03678,2.1563056127635503,31.29506721941149,48.5246746926765
VEN-03679,1.2043068756637685,-4.19623237385562,9.769521657986283
VEN-03680,4.357432570479092,81.32654415627655,32.03483871596338
VEN-03681,0.5681691531682203,-7.939423024657259,62.52491590005796
VEN-03682,0.6497730768870709,6.001177033896947,13.004296283891264
VEN-03683,11.445081271751038,12.274183289047784,17.867566632297358
VEN-03684,5.099008273434047,1.452096807024586,33.72670553596227
VEN-03685,1.0576130846774183,-18.923540107299807,15.401697959298149
VEN-03686,85.50304841967628,67.51076102123747,15.200387687130954
VEN-03687,0.594313890207607,-8.487939084389144,16.66827778716468
VEN-03688,5.374659424036902,-9.455328955515933,38.556766087422
VEN-03689,1.13184738446777,5.046220404909594,41.11356223139072
VEN-03690,19.28210467213771,13.217720550692638,32.43976919267931
VEN-03691,1.5158539484342073,-10.491256824924424,17.81643287890625
VEN-03692,1.9875957704085985,33.74420611551426,4.666877998210485
VEN-03693,0.3717131186640448,12.123631035430003,53.21698340411275
VEN-03694,26.86731258837008,8.542590125328573,32.54918537087113
VEN-03695,1.377478712048034,23.068648734060183,57.532085650559225
VEN-03696,4.609904860938496,-14.912176627690467,40.25951186186947
VEN-03697,2.732448377933599,-7.795938982500161,24.5733401900185
VEN-03698,1.4820079642562436,7.404696387106788,32.86674051589018
VEN-03699,0.2344616825709818,33.10787330620272,32.86933518834744
VEN-03700,2.1146023109979666,1.4152321649928394,19.574944051535056
VEN-03701,2.016064698677924,-0.5617022048083768,38.08093025164772
VEN-03702,3.859913049848308,-48.92702277250992,45.438789613816425
VEN-03703,28.789624587029493,-10.724949150695387,10.70991507277876
VEN-03704,5.523117269672426,-36.56472532906304,22.63668423713528
VEN-03705,6.999562248666078,-29.839615158173004,49.20916862696016
VEN-03706,1.9431519698651925,17.875811521917278,27.55706107979738
VEN-03707,0.6410798296774889,97.60909974173909,16.80249843860343
VEN-03708,1.999323014641708,13.244302679202102,25.453494477464115
VEN-03709,1.2117486370972466,16.9843843350749,9.675106295367296
VEN-03710,2.572612819558198,-12.533636815929048,37.9907591527484
VEN-03711,1.5784065718023612,-20.30680038912521,54.29753985585735
VEN-03712,0.4293580923160355,63.51584131821034,69.49873919346973
VEN-03713,10.953692863789286,-13.7449977177961,32.484416469083136
VEN-03714,2.328290100491321,-45.996769009399706,32.1811247522385
VEN-03715,1.8907239163594585,14.630068142986309,27.98303975973128
VEN-03716,0.806333716584118,-3.603647726301407,13.404211738613624
VEN-03717,1.611328458261055,24.08805563039096,16.64988134695301
VEN-03718,1.051651443656301,50.32580040489815,52.15390727182876
VEN-03719,0.7309650211631556,17.962901277993105,10.414862935507989
VEN-03720,3.251101850781291,14.126741432950633,43.894102531125625
VEN-03721,1.6230320195833676,25.809645832789297,87.20170369808599
VEN-03722,6.1932655086029085,81.02699454045386,15.69318049487591
VEN-03723,1.828702620572624,69.51961569923867,42.41757979246907
VEN-03724,3.084123461296636,-0.5309611218983488,14.403002126589874
VEN-03725,2.988927718369119,33.64465013414184,52.8788021343919
VEN-03726,4.150765846481591,56.22433873683684,7.490187961684837
VEN-03727,1.077586115503486,26.722649962303212,42.173151046470245
VEN-03728,7.308430424125747,6.209073772782748,20.43087097790052
VEN-03729,0.7422970246921933,-5.441478925242171,12.976483951118604
VEN-03730,2.848178643414237,10.662829590765096,49.13798307980589
VEN-03731,0.7222252291201069,-22.775200608821866,38.76035122303433
VEN-03732,2.3802345688885733,32.17402233062766,27.17192500582772
VEN-03733,7.242203329976437,45.55494072960412,41.12913857554519
VEN-03734,5.007951662576143,-2.7175430475534377,17.014073621518417
VEN-03735,8.709480528973277,-4.164507947622411,43.01287499893299
VEN-03736,1.9473167317350992,-20.515525983358607,49.03058732903441
VEN-03737,7.387708014499913,20.60738557199532,16.610130270512126
VEN-03738,1.269408922199196,7.706391179877741,38.032892309028064
VEN-03739,1.6416639261818535,-30.971560901765244,51.92761630800593
VEN-03740,3.136280527526962,86.70269653542641,18.16310897886304
VEN-03741,6.924045715801783,-40.01408194395518,13.664938903837331
VEN-03742,1.4887308394346812,-30.874345303599316,17.085321390414617
VEN-03743,5.83953573753372,33.36707411595252,45.38706391317698
VEN-03744,3.5054054063137854,25.741687508790555,9.66042287875933
VEN-03745,3.937586338413618,-11.28618675560448,52.56023723620555
VEN-03746,1.0617400204395753,-13.02554165151238,23.34630484057864
VEN-03747,1.780370834263565,20.36292223177013,33.85877912579133
VEN-03748,2.452244163199317,18.20932723528477,26.80899702530945
VEN-03749,3.940263553016575,-11.005388009692858,33.04635986772401
VEN-03750,1.118342110475205,34.83433367349144,30.642912919056048
VEN-03751,0.6562757270984265,23.44020492049997,47.0299522967743
VEN-03752,0.2602673674013423,44.08500394829743,39.09993721895304
VEN-03753,6.1742795286643055,6.6547679246996525,8.803410493275587
VEN-03754,7.679069489572635,29.87516682482992,65.49585540389539
VEN-03755,0.2980027046370727,1.836635089783103,20.204764925248902
VEN-03756,2.9542295444790274,22.609177111089856,14.507583808159424
VEN-03757,1.7952651420392058,17.661173950601693,41.34140687883513
VEN-03758,10.368098341290308,30.89861619114348,48.187798400060814
VEN-03759,2.1569806686368094,22.02642041731661,34.5926977261223
VEN-03760,4.953340531997689,-42.99885632435089,28.63867462566385
VEN-03761,1.702740654004631,-8.916340714323205,15.826663960674296
VEN-03762,1.276594685259158,10.245669208938024,12.291389658919623
VEN-03763,6.321520325259943,20.59203887606513,46.789560244364026
VEN-03764,8.901299739383118,30.27125814871825,3.2421978928913395
VEN-03765,0.6731367084511682,22.814556259428027,43.18380415293838
VEN-03766,9.55138221156661,-11.026674354458551,26.18381878563702
VEN-03767,0.9302765509679024,32.78915917242361,22.60135875329321
VEN-03768,0.2090321255100134,-13.844194059114493,20.816324776502665
VEN-03769,2.750823072324715,42.10790200729409,18.807072524949007
VEN-03770,4.748779244225732,43.90921203972538,39.48500311820344
VEN-03771,0.5130899731928381,7.727259106791928,29.845681506723885
VEN-03772,0.306958716618492,-9.49677478598382,19.20915172432545
VEN-03773,1.5773227207654958,-10.793274117220896,10.157268932377262
VEN-03774,1.3614919922600384,-21.53787293448156,18.859298651412917
VEN-03775,12.262893574017143,-16.910801629846027,25.77068902438373
VEN-03776,2.754680693295768,3.1276996872247205,53.64351743810021
VEN-03777,6.098232138479199,-7.10442079772788,35.86615891051072
VEN-03778,3.423485989695646,-35.4674865611009,8.043794020031052
VEN-03779,15.26500827238574,-5.056405460121008,16.39636354073933
VEN-03780,1.0193160250494209,10.508030625889957,21.704446215613817
VEN-03781,2.467612729291809,-1.1560289021735954,21.205780375083396
VEN-03782,0.4838513020666251,-16.162759799274482,47.6156539633373
VEN-03783,6.636166970382989,-56.5621173710412,34.92118526312901
VEN-03784,9.257423364378091,38.92683899784328,9.042597846546094
VEN-03785,7.099688517831765,6.930405349651713,10.676087636456543
VEN-03786,2.369907293852476,16.658908984237385,27.42310723973672
VEN-03787,0.528146709730511,12.882155434130764,13.033284102864783
VEN-03788,2.471832429773945,21.4289499442241,38.35093875498063
VEN-03789,1.2898327534832013,14.495777135329725,29.66262295355229
VEN-03790,7.500114598107239,10.662458485855284,59.56196885980732
VEN-03791,1.6999786033302822,28.608984525468337,46.88173068050648
VEN-03792,1.6605277526218376,34.40279963200054,36.210004851423854
VEN-03793,29.70696849159821,45.34899516643816,20.03995678116719
VEN-03794,6.548604247051948,-14.461682471166888,40.92284324247303
VEN-03795,8.877576813307373,14.734638909527035,24.867444724369147
VEN-03796,1.5475661608171185,-35.34522615622654,28.06031462052919
VEN-03797,0.8102636177647938,-4.99803135988819,18.56860150236196
VEN-03798,8.788784658870153,2.681540729575599,15.439442491616596
VEN-03799,14.031615628511734,28.00453254918381,4.393034110202619
VEN-03800,0.6602464344036815,4.819564785826809,30.6220656366746
VEN-03801,1.5384268262932568,26.165796296355268,33.180457717152
VEN-03802,0.9943325564406224,-1.317648141728169,76.59720865405846
VEN-03803,4.616139383007583,-7.598006989005698,55.08032243179927
VEN-03804,8.979821470109954,-13.658009024751642,19.735981386068843
VEN-03805,1.8127792326998056,26.649557404611983,30.650936811164048
VEN-03806,1.8070114324602864,-2.216621699821776,48.86216201199692
VEN-03807,0.3158723920696762,-57.515268401795325,24.18138773863587
VEN-03808,0.9515471966643004,25.165036043875485,13.58912807347838
VEN-03809,14.268379174488173,-17.09026117987792,23.368764483784428
VEN-03810,4.673591544827723,13.216152286989892,28.52293765881391
VEN-03811,7.530175128211203,-22.48601264249896,45.33079929294262
VEN-03812,1.8190639551108363,8.397755482648238,21.43329391266176
VEN-03813,2.013012251322768,-65.0,32.605265666500806
VEN-03814,2.774524510698688,7.090477698075024,47.29349962494727
VEN-03815,3.883212704870068,-15.629558128672915,30.85605163061872
VEN-03816,12.349887622535071,-26.228851708483155,14.795824936427849
VEN-03817,1.296893874189918,28.632893500027134,32.77448339986171
VEN-03818,2.3352140254158336,4.79578530610724,7.713156751239985
VEN-03819,1.1358970806520126,1.4090323891830483,34.45623774505411
VEN-03820,0.311928462363339,-11.556274590916924,37.28817509889563
VEN-03821,7.479405829306859,32.15335550522589,42.081538334740415
VEN-03822,18.58207598385498,-3.7378692298551055,34.88119569095267
VEN-03823,6.309183925708679,48.168977116989645,41.716483689715815
VEN-03824,3.5019436035363127,41.19833727665999,16.485773920176065
VEN-03825,20.87980861554597,46.48310686995229,30.10642412775591
VEN-03826,4.5030970164070885,34.136347844104705,24.307340328882727
VEN-03827,6.573346027056718,-8.369223269144474,8.821719796462823
VEN-03828,3.174243884506613,9.416148352749529,18.400481543283536
VEN-03829,3.754926978724252,2.517202746250745,49.68676372982657
VEN-03830,2.348443568889764,30.630522716974028,12.329063735062032
VEN-03831,6.792630998274437,7.713907831664644,23.360139256487784
VEN-03832,0.8183946203313252,1.4324343102417858,27.32467799773117
VEN-03833,4.311069904198642,52.76677884516317,55.49008870468693
VEN-03834,1.0635901699679615,-0.8404078136368582,26.39240360458598
VEN-03835,4.762849536413333,-8.859830389366572,26.76419696925388
VEN-03836,37.84653071531807,-2.8525819095207208,44.63472581178141
VEN-03837,5.869895484256615,36.92330718737136,55.733648325957375
VEN-03838,9.887939573497894,13.070178682216929,34.66804230374162
VEN-03839,7.335492948578135,20.37826364922505,10.63510778088328
VEN-03840,0.2104855083207571,14.37189765801362,27.075491609298357
VEN-03841,2.3516951221084907,-51.20825669799463,26.662979650033492
VEN-03842,4.448917725874906,-20.85788267564136,14.820728515363848
VEN-03843,0.2731384920503542,0.4732612142351584,20.40544992523176
VEN-03844,1.9892279549968652,16.498177762682367,6.528114588672435
VEN-03845,2.4913675956882835,-18.57625551543696,13.487214276719095
VEN-03846,0.7013492483792313,-19.408808729764875,58.32929301764359
VEN-03847,0.9355149214699308,-0.4320608202937581,35.61271611120455
VEN-03848,11.835337978294838,43.809586624710775,13.683717365947516
VEN-03849,0.0529232390446973,-50.12739751768494,26.918461992146657
VEN-03850,3.664220168368373,-63.59188144369274,14.30445381158741
VEN-03851,9.775977590958734,54.85433061348772,35.185975925151325
VEN-03852,2.6383459325402154,-33.32034465399037,45.66127543957507
VEN-03853,12.800554653990304,-2.943706226010784,20.245633467122467
VEN-03854,1.6987366119359886,-32.52052648488312,12.85050355857987
VEN-03855,1.0044361218990911,-0.1693106718434958,31.42486126757439
VEN-03856,2.6902153901425137,4.324599953577875,21.54339605707001
VEN-03857,1.786558412719507,51.48800056288663,20.958062501199656
VEN-03858,1.4491748503874446,27.45822146216961,11.203205322037508
VEN-03859,2.228855344801786,-26.64434650140853,32.96630917530221
VEN-03860,1.13747271746393,-43.515227819491344,49.96564497102507
VEN-03861,1.0814735211711042,21.491341506906817,52.7251246655733
VEN-03862,0.7912149189100471,-6.02953147504798,24.36112985522375
VEN-03863,4.298156305566625,-11.523785927368746,49.94100603951666
VEN-03864,0.9058531372077908,39.98914813857054,58.758143822034526
VEN-03865,0.6933266393553472,-39.42393210289579,64.76464241745765
VEN-03866,0.8343665435787463,-1.8904518805158848,38.80030260936822
VEN-03867,3.408249187199861,25.030983750578947,19.590602405233454
VEN-03868,5.676394859657586,-23.868222747744277,17.752635025695717
VEN-03869,6.209843229181695,43.04884100279499,8.86529558252077
VEN-03870,3.440896381873342,-19.31475163183133,24.64097544210933
VEN-03871,4.899300402194157,6.098743520950704,12.90206362285976
VEN-03872,2.559295835309382,-10.719341156055204,58.90169336322951
VEN-03873,4.486868764525133,-65.0,36.69164207536669
VEN-03874,4.4116062459986,-3.355859140053475,57.88902669381423
VEN-03875,1.2182274883321158,29.39135497953195,33.23915457610968
VEN-03876,0.8325910881194641,-19.93251098625816,24.28171193384952
VEN-03877,12.029607413908815,-8.961612209634154,4.605345118728355
VEN-03878,3.120176147237516,-5.944353125236878,39.49974272021105
VEN-03879,8.644891226455156,22.4737369824888,36.56436777155252
VEN-03880,0.8105940782933333,-1.7131880361004637,34.81757074413208
VEN-03881,1.7400081951986903,8.625528822477992,35.62895539119782
VEN-03882,0.5979247444338681,8.97834171104933,74.37413189321686
VEN-03883,5.534275911810349,-6.132593884535083,16.71048887173318
VEN-03884,1.3827360870977967,53.6198169589377,22.525034664893447
VEN-03885,1.477414646616158,-19.68298130834761,30.277481698079768
VEN-03886,23.36838619600804,26.980128261920413,16.799549736472276
VEN-03887,5.657084377851792,42.44669452392389,4.116332677538408
VEN-03888,5.581710076817823,4.265864739245276,46.96327909737309
VEN-03889,0.7244650665940924,9.642767882972882,2.2435963063076985
VEN-03890,0.3522896817447746,22.319866345565,60.88939131865768
VEN-03891,7.906610032213403,-2.0239308448115647,14.459334592432995
VEN-03892,0.2312123667454429,-43.19456158458265,52.10810607780056
VEN-03893,1.565593635685141,1.266924775528114,49.57768544421426
VEN-03894,1.1131521581601798,52.43665228198899,42.81080776519183
VEN-03895,0.9824997042624892,23.358859800277912,41.55384006039719
VEN-03896,1.6735701973473187,10.082747420357382,16.308029975497632
VEN-03897,0.8510422132925327,28.418647708120503,21.45976873704466
VEN-03898,0.7134728920907674,4.101316090935438,48.74453971557666
VEN-03899,3.598767298607341,8.795829320016034,31.48139675505791
VEN-03900,8.784164874857527,-3.643014658108056,38.06267679140571
VEN-03901,0.4025687715233239,20.89265243959673,32.64164689118484
VEN-03902,3.370659221820335,-6.475650960692953,2.644068983703224
VEN-03903,4.931068025379116,-0.5125937937361815,16.9623151340598
VEN-03904,4.442264240993768,31.732236981257984,34.16380281034254
VEN-03905,2.1311323673004083,2.7536818189893197,28.508918317892533
VEN-03906,1.409482192239303,23.26188871947064,15.808564632788158
VEN-03907,6.261654090654302,25.494408100682055,33.624969314541254
VEN-03908,3.930734351639835,5.928918938302592,13.574423852644834
VEN-03909,0.3383310832724321,-1.4368961336257886,18.850720951016477
VEN-03910,2.1315110242752087,-27.633420568976177,14.710540977572569
VEN-03911,2.8893655424596383,-21.602528068204773,43.91285485635916
VEN-03912,0.8161993148757366,24.44582544779583,21.66209323450302
VEN-03913,2.079676117672937,23.946651051884565,44.09482692387935
VEN-03914,4.667818447587749,-18.726105305958008,7.479832656268082
VEN-03915,1.0941005212877697,18.703037903172223,14.915201700092116
VEN-03916,3.5123557479648437,13.841299548706864,6.475617338465491
VEN-03917,0.9153166524278582,33.25882223991456,36.01112508037787
VEN-03918,0.6974328264904139,66.46824941551522,31.54687598451373
VEN-03919,5.350281166740398,23.52030625054881,14.18674873785945
VEN-03920,9.888753253363843,-10.65145902929304,18.222087497014687
VEN-03921,0.7392652376047205,28.07151623323694,59.64478157197048
VEN-03922,7.754925556355854,-20.13235351060582,13.523652920865228
VEN-03923,2.6796198664241717,67.97758553162453,25.29735686649433
VEN-03924,0.2381644435255631,-25.112525454709385,7.985554036019395
VEN-03925,0.560771742918206,19.8399758242699,35.84387616145418
VEN-03926,5.307343649129999,8.050481575038384,42.89603928786917
VEN-03927,0.4555070458686486,-3.1693671224598567,65.37601823719535
VEN-03928,1.376557808372187,-4.868300461859549,34.74180987494825
VEN-03929,2.485582986176501,44.76849888481689,48.57545928779764
VEN-03930,4.449632671583659,23.294173295269527,42.45799806603001
VEN-03931,3.330590201958357,3.8864619090986094,18.41690959439403
VEN-03932,15.262730587632058,54.76939149974992,31.08677343553488
VEN-03933,1.1080658524388836,4.79561271919186,27.564928122716715
VEN-03934,3.029700690881856,27.84166311009209,52.36911137354328
VEN-03935,4.472210662408756,-28.19085191935455,42.085444425205125
VEN-03936,5.9516980877215335,-26.7484028662524,51.14971072480867
VEN-03937,8.639954093752452,27.163309391560293,7.977807346404734
VEN-03938,1.6862795631153775,16.31762415122301,73.04741510945159
VEN-03939,5.565744535083272,65.96180613788924,56.40946648529314
VEN-03940,0.9817313671576944,-11.04365370671788,46.80254448311942
VEN-03941,2.4956105835304783,26.244374399413392,40.54590287348478
VEN-03942,4.717940652843315,1.3650873420051628,36.68514187508327
VEN-03943,7.948075642671203,30.90216900890358,14.700442726821104
VEN-03944,5.089840900984845,28.7577073855449,55.16332604893215
VEN-03945,3.002974719798388,7.256815113272593,14.060614386958528
VEN-03946,2.490709502912459,-11.994506550045724,36.52276356219958
VEN-03947,4.971254194816688,-1.158780858386976,30.35676033299025
VEN-03948,30.208903980744164,-22.04513425531597,11.460302231906953
VEN-03949,6.959093545049493,17.849267758133482,51.2323734654892
VEN-03950,4.135899845403313,-65.0,5.37510952434417
VEN-03951,0.6029824584686198,-7.69023082853208,5.599431311331132
VEN-03952,1.073660604480503,32.41080165494954,58.08001916999949
VEN-03953,1.9031606057182504,31.76493797627044,52.23829594446625
VEN-03954,7.396620530384937,-35.52655903886463,11.82717598444273
VEN-03955,0.970019912973277,23.73827625745343,23.601893942734307
VEN-03956,5.510728045483073,-22.81188109638769,42.55143968108534
VEN-03957,3.1008267857755007,-2.214471210492194,41.98922510880669
VEN-03958,4.016553956460829,28.680925755036935,20.459223307735943
VEN-03959,2.143521974455391,-18.328787308183795,8.512780560495116
VEN-03960,1.410167344894268,46.52718010439562,61.77405519242409
VEN-03961,0.9313329904042608,14.936569792251234,10.637580742208366
VEN-03962,5.326815931686241,20.493126213060613,42.35839372897402
VEN-03963,2.4982874232557104,37.0850688355426,22.61127317001164
VEN-03964,0.831133365672591,32.042832849126874,38.65307978058039
VEN-03965,3.47504682308667,29.68718500638177,47.5362115716993
VEN-03966,117.40487933405284,-9.758823410525116,46.17154605020461
VEN-03967,2.177939449674703,-21.99504312970609,19.548283593310853
VEN-03968,16.768707455950274,0.378453334860473,21.84865589121548
VEN-03969,0.158213374876546,20.809014390967636,51.91294527560824
VEN-03970,2.018758547295313,-26.71094905934837,22.351451732875063
VEN-03971,7.769971176906117,23.737106175572578,28.432170556123005
VEN-03972,2.765194276415136,18.11068498206296,30.95383725613593
VEN-03973,1.3405831462189195,3.091190198396476,44.91803475061976
VEN-03974,2.6404002153444783,9.661122698313838,54.30319611656644
VEN-03975,8.033500706544881,9.757984759807789,25.372068870435594
VEN-03976,28.72557181891807,19.92355468429777,52.90917352565499
VEN-03977,8.776317197336924,28.15328881391956,53.9592161250461
VEN-03978,1.5601811838506523,85.52872713854644,36.03973646665744
VEN-03979,2.1039974231589618,12.565142365516056,16.055996769692833
VEN-03980,2.1212804631187048,-9.39097079871668,18.828896867298305
VEN-03981,1.047102997613723,-43.46698476504316,32.803947421522366
VEN-03982,2.2920095189451235,-30.01500448282548,34.8867332983995
VEN-03983,2.0113664301592555,-12.448975275849929,1.811078526957681
VEN-03984,0.7257052449507068,26.614896517946985,27.829707885673127
VEN-03985,6.834217923794629,-2.6615971845967508,30.30421848731572
VEN-03986,4.318972287060391,18.981658186914224,24.73816211283766
VEN-03987,1.3430718250978115,-11.765360951671145,19.929434369298395
VEN-03988,3.1981723482498987,20.296917537278063,26.425962414961568
VEN-03989,0.9408164190179176,31.555208922856195,39.786423557406
VEN-03990,1.480713628639191,-2.859606117389625,35.80391482916936
VEN-03991,5.791804191148913,19.74447737786103,22.807456894787272
VEN-03992,4.563776395512592,-3.890923498195941,14.037788142913609
VEN-03993,1.5457248267997488,-25.26054483336581,85.94389699423331
VEN-03994,3.829025631262242,22.94978373955505,65.04469282144291
VEN-03995,2.504742611239474,19.144197699800525,32.1994901028784
VEN-03996,0.90756619705674,24.023373675306107,31.27435850644383
VEN-03997,2.2615186750144134,33.79937897985725,34.489718629086354
VEN-03998,4.372067636415592,1.2821636983670608,33.04206822224593
VEN-03999,3.8067524301019176,3.2709909342360515,21.535655502756185
VEN-04000,0.422367158438088,0.3081779468116634,49.45409541017529
VEN-04001,3.263197323882136,17.32278237160522,26.43539351392704
VEN-04002,2.795380825403774,4.253818331518001,47.19170441248933
VEN-04003,0.3368535691589738,11.399673203261155,32.07224996689192
VEN-04004,1.117569087510896,-11.45738223920184,13.627388007738666
VEN-04005,4.6682959343250845,-19.74506860349205,12.88223378363613
VEN-04006,12.469465368227617,-16.535620664510095,67.66076009009672
VEN-04007,0.4472809446233251,19.24795281170576,50.93411976271469
VEN-04008,7.982356067087902,6.842729196125663,24.44961847365808
VEN-04009,0.3435542395839504,-5.325519568543635,26.63034073490807
VEN-04010,12.645097618301296,25.910117915512263,26.42919364548375
VEN-04011,2.0906330345469826,47.36136182764761,29.870191570594283
VEN-04012,1.2383812583400624,-5.358841026942558,47.53313676400023
VEN-04013,4.014811325663794,-21.267832951034617,4.400206835756161
VEN-04014,0.9429457558951774,33.51836872037693,14.139279568433077
VEN-04015,4.794710504328617,8.416584055385096,33.49210011791751
VEN-04016,2.371764540835249,3.0488352518016484,51.16372876680633
VEN-04017,0.041129863126005,35.47932696194161,47.91108843497316
VEN-04018,1.1142877231819794,0.9112568489353512,38.05341976918734
VEN-04019,3.3541769121946112,18.720659266662693,35.551514925771535
VEN-04020,8.785626779052997,12.327159887511048,46.17347248850447
VEN-04021,3.914341183258865,95.60151062169868,28.914754750408584
VEN-04022,8.632710890047072,4.374099831995116,78.34224764059755
VEN-04023,1.016779612222008,33.29404896975939,20.43269067102396
VEN-04024,6.0521282229782,1.23224685852606,67.87242016219625
VEN-04025,6.164797446938991,20.151147396812583,25.950911115283947
VEN-04026,0.4520004361479144,2.708538284423182,28.22543094371241
VEN-04027,9.1108591599095,29.47587143296376,16.91592869557457
VEN-04028,3.896621127462009,5.416672859404453,41.17777048395765
VEN-04029,1.9944674559847413,21.59450086067949,46.36704246231702
VEN-04030,1.9570594624646005,-12.411880619112845,18.809958151302865
VEN-04031,0.8677780604045953,-13.509227935865432,34.92501037089422
VEN-04032,5.440602974367061,-42.81591666531117,42.14948970932959
VEN-04033,3.789570794253649,17.876655925012507,60.931932108557184
VEN-04034,5.161453161014636,-9.522802960152614,28.841753471477887
VEN-04035,2.965029484648352,67.27839843210302,21.93924186737946
VEN-04036,3.4088169215698176,-4.752669546861934,43.37822860683242
VEN-04037,1.963069678992416,41.65284581327353,33.57348594398427
VEN-04038,8.885971253087678,38.89784996998113,31.160954348124736
VEN-04039,5.296282257407877,1.3576881676075336,31.939311604753463
VEN-04040,3.287524242494564,-11.891841505483924,25.866281393698028
VEN-04041,2.3442685235564658,4.363336128503341,6.397011789621586
VEN-04042,0.388777947926586,38.64224005405208,18.197939164567543
VEN-04043,0.3063280392730602,69.70815062794051,15.005939613209538
VEN-04044,1.8127926114193915,-25.340506390900472,50.57138868772141
VEN-04045,10.974343971473813,8.385497215176212,40.609321894351
VEN-04046,1.2518854138663045,-8.322096372670398,34.82781699946567
VEN-04047,1.3072262052487866,-1.7664311299974589,43.59860797812385
VEN-04048,0.9327819002867802,54.08531702482797,34.81846483787427
VEN-04049,0.6574237935562587,-12.778435779934782,26.610149950400547
VEN-04050,0.9946228339077976,-35.39980204861277,36.83116692976911
VEN-04051,3.693202006975481,13.45465519336776,75.69548569723145
VEN-04052,1.5824515249972977,18.248658100737916,63.73514043846384
VEN-04053,1.5054102961730564,-3.369037139321982,17.36834973697089
VEN-04054,1.36493053627062,-10.396686007430285,37.470366487863934
VEN-04055,3.527874119467001,12.32915804798738,55.352627086426565
VEN-04056,4.175888671433024,-28.447396669343178,18.93760207366272
VEN-04057,0.3478771892488113,19.38771077526024,41.49421004640293
VEN-04058,1.1778837732553145,-1.388272538532469,38.83116577116116
VEN-04059,2.4637184257700917,45.44915748664211,64.022474032569
VEN-04060,4.405267898298783,16.59717807426633,12.098293222104768
VEN-04061,3.1282173376323272,3.856312674072476,31.396717921580446
VEN-04062,6.720355312274619,1.7981566446036732,27.385070190449454
VEN-04063,0.5752015900608776,-44.210281769914765,15.124117522392671
VEN-04064,4.291777149648426,4.648986905533896,59.72313084922881
VEN-04065,25.95657982733862,2.512343517785204,66.23888192249305
VEN-04066,2.86478469824552,9.388266961920348,20.2455926200637
VEN-04067,2.996129629440777,2.861960404824405,36.042500466601176
VEN-04068,4.812354335469559,46.564337268227824,7.305961979714404
VEN-04069,1.492017893738555,0.7389272574432502,26.36025532699814
VEN-04070,0.9593135005747048,-14.785477497973105,14.666666754224307
VEN-04071,2.897428524401348,-36.947244404673015,14.282151183528445
VEN-04072,0.4406923084153985,-4.039862277249611,54.04091906525426
VEN-04073,4.202013364991389,-20.269988759799094,28.03036956646267
VEN-04074,5.058037669957255,-27.04390364344664,9.05094387152301
VEN-04075,0.4656994735211042,-0.4173379643693664,64.68576667338503
VEN-04076,3.2521135336366145,38.73372919655634,34.739965491289425
VEN-04077,2.1422956527413874,33.245639070996745,8.65541584859049
VEN-04078,13.8137704512661,-26.6138476878588,10.855108680001086
VEN-04079,11.48251032156402,8.990568267132945,32.2532935181851
VEN-04080,6.860503510052006,19.424756332240165,37.47888372213124
VEN-04081,10.295938458183604,23.78665880863126,14.2472782191698
VEN-04082,1.8189404001095657,51.29889946947391,24.251568182829743
VEN-04083,3.618065400715521,-23.58128689484028,20.256523340227886
VEN-04084,2.0591662655328293,-15.917265510780917,59.43560885126765
VEN-04085,0.9076704555195644,-9.890386102450757,65.86682371271057
VEN-04086,2.9770480450926646,17.891631464204675,51.12059810461024
VEN-04087,2.4804276728555053,-65.0,30.71919369867716
VEN-04088,2.1759088279588026,1.8260164480165624,35.68822638302711
VEN-04089,2.546795182710201,-40.12461302393555,17.75553009301615
VEN-04090,2.906296579730788,7.937170178830204,6.323151977324963
VEN-04091,7.218675051920183,63.8921330954576,33.00577183884656
VEN-04092,1.429145583571731,32.32709652965111,26.47687073361531
VEN-04093,0.6652472761653461,-25.108231925743688,31.27991384591696
VEN-04094,5.730489447856251,-3.3031343447043118,28.72739979984597
VEN-04095,6.974340683593959,-16.02413473679929,19.46197465251779
VEN-04096,4.02992772579187,42.95343851012514,33.523957370695975
VEN-04097,0.7767235523615005,-51.44893611300967,27.05388723320245
VEN-04098,2.3522252516081865,-3.8592441020926938,48.78273803755231
VEN-04099,3.7193544374368974,-10.806993508303975,52.13020929975576
VEN-04100,0.8393081068972535,-23.67656458075958,15.331766445788586
VEN-04101,1.17245612103726,52.78047253468014,39.62521828804736
VEN-04102,2.313515571017325,-34.286763317780775,29.96421380761868
VEN-04103,9.98654427440002,-24.24556863945749,29.84697790110276
VEN-04104,3.4822505482805357,51.07939013165732,15.685842515600502
VEN-04105,1.4480472712203585,5.311077656941688,53.52837003812514
VEN-04106,2.1774788230086792,3.2612407170225755,27.975509448665083
VEN-04107,1.306167394096895,-8.88431106091322,12.531760525545996
VEN-04108,1.7276998069011662,7.941069394426054,19.03378084460536
VEN-04109,6.016443901506891,-3.587352011172694,65.5785029924193
VEN-04110,0.3289013940206883,-11.834624511841668,28.516951649775248
VEN-04111,11.547154651059524,-29.838282049116287,26.89282448962
VEN-04112,30.20781589422498,9.086761305850263,13.132675482470487
VEN-04113,3.250534844792597,-8.120305083639181,23.588068039072077
VEN-04114,1.0896062211537167,-4.666413604815219,19.839359019337444
VEN-04115,9.772348027009103,25.81093318941869,30.843277931666503
VEN-04116,3.690419041452623,-5.654342835325382,27.43907364526682
VEN-04117,1.5241558229275598,5.032680453292891,12.13312497351117
VEN-04118,0.9332509229596606,53.18976284402577,31.461491787632283
VEN-04119,1.7394671946431643,18.358216260225326,34.87464802187969
VEN-04120,3.359658826257968,-6.573463674220916,21.485102025551264
VEN-04121,7.279461720183709,-21.623161224653987,40.40594477580353
VEN-04122,3.71587756779459,4.419145254556447,32.769547664139495
VEN-04123,4.479576723442714,29.268274243220077,14.011173482469715
VEN-04124,1.8830334395593464,-7.932830455112729,57.3969306763837
VEN-04125,6.961684262988221,6.830640841794624,48.87658570699518
VEN-04126,2.1654034611951114,-8.620755859096903,56.790127740850814
VEN-04127,20.528031441997307,-3.0088596262332707,30.467910377247225
VEN-04128,1.3257083011083488,-26.4891066516739,33.624174374553114
VEN-04129,4.197520217259236,13.680569148329685,25.9218140861536
VEN-04130,30.214711841556728,10.25956457973946,17.434078718485125
VEN-04131,8.551873244445993,46.179012999916495,40.91523863648195
VEN-04132,6.171592313303504,9.170171526249106,51.99680128277652
VEN-04133,3.767888319698632,-13.006889848282327,4.276380216585459
VEN-04134,2.8809436421547017,45.44501679703611,42.02907936861883
VEN-04135,2.24509397584324,16.06832013011268,20.28015793879735
VEN-04136,1.465231622458998,11.334643846976554,38.8010686101704
VEN-04137,0.5019271209836998,5.837269393312415,31.01453732508163
VEN-04138,5.499619638669591,10.295742396206544,43.50586829161641
VEN-04139,0.5006581433239415,-17.159155818901294,26.98702069548562
VEN-04140,5.565152319811237,3.8693939250693594,75.9739984527633
VEN-04141,1.9344558053797325,0.1553781966163141,41.11968038720675
VEN-04142,0.9502591834636008,15.707631286385364,9.13977587866477
VEN-04143,12.759215313125642,36.22211345489333,43.50244388061185
VEN-04144,0.5521115485543715,32.159816069920616,33.61768312192759
VEN-04145,1.306367143840953,19.88055322843897,20.22994494048574
VEN-04146,1.4478539513524398,-40.457231129149626,18.25944309185804
VEN-04147,3.204421451187344,-5.663082667133525,31.117905188832
VEN-04148,1.3854877932144394,-43.11706125542463,37.86081500382576
VEN-04149,13.570342026956816,35.29582752088216,24.696228044959373
VEN-04150,0.6014423217459789,2.8264910435227586,40.3396636626575
VEN-04151,243.21838923135272,2.1046046629237702,27.65754713326885
VEN-04152,0.8481905653821811,-12.434694958264032,56.04038405348293
VEN-04153,70.20760565831227,40.20893708043079,29.378662174473984
VEN-04154,9.046208595053267,8.825956680596803,54.03842581533355
VEN-04155,2.4077212470101035,2.99426156931045,18.598525458755923
VEN-04156,3.4878746924496085,9.464789012545529,51.73399659271056
VEN-04157,1.7920540652851782,11.537162387564486,50.516970730649625
VEN-04158,3.9819148675735456,2.446038162676653,85.41311997897172
VEN-04159,1.2083877664304294,40.17350204191857,16.99354143581472
VEN-04160,5.929205147958047,39.89612711953184,34.557801006988086
VEN-04161,3.320771702635537,8.619606733947947,24.40554225932521
VEN-04162,0.9153372144065536,-14.91363199153426,20.53943120494834
VEN-04163,4.348633357984574,14.91320371646042,51.68546833700156
VEN-04164,4.063169987705668,-9.98455246927882,62.683222671756056
VEN-04165,1.2350990092990832,44.61707908597829,20.979515468550627
VEN-04166,1.6981228369933827,48.50060693493053,37.28016388822604
VEN-04167,4.776625915263516,25.54569654105334,60.23952594664529
VEN-04168,9.023317368802674,-25.23677992841529,35.100382203160535
VEN-04169,2.324538645681624,-6.478053446202546,68.54468083063902
VEN-04170,7.566425446007511,0.6942450233890183,3.6038447779552794
VEN-04171,9.813582639548896,-16.58829844260871,6.976047272044885
VEN-04172,11.399753577933126,-2.0666016112138568,26.959093218901717
VEN-04173,4.300289770756439,12.398559945427008,55.24854005507704
VEN-04174,1.0081088500605646,20.35461139928092,74.2972618514142
VEN-04175,7.245836104458434,40.89539520849862,24.005968209157945
VEN-04176,2.2022072609824903,5.544630043399149,37.02606444525303
VEN-04177,4.745304747139986,-1.9698625677253272,32.832278617226414
VEN-04178,1.360830449246573,-28.64297479442537,41.75666834239612
VEN-04179,1.4046839810487195,15.516761788955147,44.995712992627645
VEN-04180,1.2566729613938603,-6.081071742803429,19.494379687301358
VEN-04181,0.6328817203187082,0.5195645511813574,59.698279547270886
VEN-04182,1.425578299361777,-9.119163756662196,24.695210332131012
VEN-04183,0.87261841694781,-8.354916684273196,27.6921462796984
VEN-04184,5.067728816730874,25.545961097254068,26.670344981026428
VEN-04185,0.8425128581174077,4.63402289932908,21.17975528044304
VEN-04186,1.301641114890138,48.34705914199238,34.10121893584274
VEN-04187,2.7278101815449407,-24.012508895363148,52.93136343961466
VEN-04188,19.95876037497144,39.938822099852416,6.485425117920564
VEN-04189,1.2695781548770368,-7.136044549374866,35.03989689033345
VEN-04190,0.5942565364112933,4.686837087049428,43.6342820259904
VEN-04191,0.6420780183176528,19.52946250753872,10.661409388789984
VEN-04192,1.0547425591792663,33.89760284167629,55.311940313521056
VEN-04193,1.3198064810134664,34.96163378096223,15.386248192851024
VEN-04194,34.29726216119623,34.437640249486435,68.67155702622675
VEN-04195,7.872841990579838,0.5716259112127569,10.202814725722044
VEN-04196,1.922219242708296,55.1351148485436,45.839464309340485
VEN-04197,20.86636619766121,22.79737789155662,58.00711441613253
VEN-04198,1.3856386730292851,-65.0,29.51758415231887
VEN-04199,1.7291346688361473,7.796764647147659,6.790764852938809
VEN-04200,1.6187254766465566,-3.383105752039848,51.99112996546853
VEN-04201,8.410934846432285,-1.5479687014473864,16.274342111093322
VEN-04202,2.5169032434511034,24.099695367791533,53.79177441550173
VEN-04203,14.2685598601981,15.202745282446497,16.090937153649204
VEN-04204,4.381554930929383,-11.341141978638776,53.17740980727857
VEN-04205,7.388118923179648,47.501672846814266,42.6971965162777
VEN-04206,0.3687111408531053,-27.7777324796654,5.883891785701206
VEN-04207,0.4193459868366807,-29.601349003236884,71.42050912184736
VEN-04208,0.4348048515986105,-22.403872296335308,23.52159189577456
VEN-04209,1.6973687364981596,18.91583074233622,49.813140474257466
VEN-04210,0.500207450891784,16.839595075317725,22.53047031495646
VEN-04211,10.637134574548888,-15.013164294721076,14.8737190618106
VEN-04212,2.183417139481268,-9.149973272539045,36.8911952511819
VEN-04213,5.348818810562381,6.8095236302423565,44.48631164047944
VEN-04214,1.5817018726117822,-21.929419433303902,27.09413117673449
VEN-04215,6.734756920041153,28.48348750203493,55.20679029108236
VEN-04216,0.3129859660614225,49.20948456893509,42.89983568696043
VEN-04217,2.575955204995842,2.1270397960356844,14.090777633986566
VEN-04218,4.715202787273477,16.28223417869051,26.026805106590125
VEN-04219,5.173258620606594,9.852419913048044,22.515384260071567
VEN-04220,1.9165988693804972,43.84579752321159,48.1458064270976
VEN-04221,0.4139135418201812,59.32908143530052,21.97586976867982
VEN-04222,8.268260056396898,-2.730277539835562,36.007356482903184
VEN-04223,1.7656153536436057,7.799192574209735,26.56150230033838
VEN-04224,1.9426966601450597,30.098387015848303,44.73360264966927
VEN-04225,31.222220530291427,16.24135042373165,54.49136135457661
VEN-04226,3.023033941374454,-17.689016202728137,46.44370687533188
VEN-04227,1.5360233017943434,-41.91604565022113,26.234830380960386
VEN-04228,1.4380694619481746,-9.196962573410438,32.33433419497247
VEN-04229,5.527236669797651,15.782528367711487,63.81880785618341
VEN-04230,1.1019028885934992,-3.709445043714034,68.92086969168982
VEN-04231,4.772527127125549,-21.547647528014185,28.8247394672879
VEN-04232,9.129191132577889,-8.73677240822538,28.5112574931266
VEN-04233,2.4666842344045503,56.36219044827868,57.17638918146973
VEN-04234,8.057554654620025,-23.539017254955347,15.284505191418765
VEN-04235,2.520034685184779,-1.5668993343650754,52.07884447094601
VEN-04236,1.276088658442185,-7.003558551515864,19.673708518490184
VEN-04237,0.4355983806439191,59.749548189046045,55.51489737318988
VEN-04238,3.6789279452468446,-32.82435071695008,13.07357050171932
VEN-04239,3.764793645694866,-14.269316754408862,44.2519130811616
VEN-04240,8.000058324374404,8.682272165903154,14.197448887855266
VEN-04241,7.195478757452488,11.500148315709918,20.78078340552965
VEN-04242,26.41949015184055,37.24911564736135,16.105443649874314
VEN-04243,1.434570970432494,34.45993697688294,67.65368804327305
VEN-04244,4.020871912787901,-12.039753321105133,32.29782408597657
VEN-04245,1.2758694425227255,15.43254112565432,25.488230794667484
VEN-04246,7.561512491092253,2.295619037525753,28.73385550760692
VEN-04247,0.9805936381676,-5.388718557402177,24.97000305154211
VEN-04248,7.426677199957825,34.40665539554068,57.61714052355463
VEN-04249,1.2090179506621828,13.840049496164491,59.0834426421106
VEN-04250,6.316488157628074,50.02336095846327,58.99997147895145
VEN-04251,10.24830107140272,19.823446898129312,28.403317645289384
VEN-04252,0.4918862826914342,32.007468502580124,37.19647264957735
VEN-04253,0.6176008765623594,-65.0,10.833869109273309
VEN-04254,3.519781507836221,9.41695034057287,17.23752620095562
VEN-04255,3.1308375491484184,18.69074353731305,49.77926510401984
VEN-04256,1.9711539592256413,21.18381156270975,28.8205055265552
VEN-04257,1.60980497630566,48.78699479209549,53.459615074500135
VEN-04258,1.0610743215085956,23.767382718601983,47.136527851055554
VEN-04259,3.912493417517429,-25.65005670547974,43.60830246118898
VEN-04260,0.940950140731204,21.644082221042865,53.238898236975714
VEN-04261,4.066202990504412,29.715040104867917,21.18017043520359
VEN-04262,1.445105397089749,-9.35191940499271,31.315274172521125
VEN-04263,1.7075255602101351,-3.985931935472257,21.14431644887369
VEN-04264,10.353830623714856,28.39398475845336,43.888191963568886
VEN-04265,7.76737130329743,7.254561714843412,25.82247463823667
VEN-04266,0.90792880030303,36.73145777100728,43.019806197904046
VEN-04267,1.0405898359188015,12.228320197542509,15.155574572260711
VEN-04268,6.395637076141751,-51.69435776127012,72.31749960219473
VEN-04269,0.5614447092674143,8.820660821511588,34.45567479721667
VEN-04270,13.455625427259836,-3.475790336827865,16.753887351742584
VEN-04271,3.153989671530331,23.90710271467742,38.66090715654324
VEN-04272,1.4390210548753437,18.718234640045463,59.02476696403779
VEN-04273,2.7498460557898263,-18.150727977489208,68.89419987510435
VEN-04274,12.148344667656175,12.657432220487802,16.21473478079783
VEN-04275,0.2607385251645736,21.776809680418737,29.854355193522945
VEN-04276,8.405912942971645,19.296710551796053,29.84049307937504
VEN-04277,10.11482320578222,33.68923886704919,28.243938606497387
VEN-04278,1.9098180001493887,-20.293712901061443,50.24229423922444
VEN-04279,2.512451074118648,3.096135285589352,33.062056740023955
VEN-04280,3.1584855901235027,-52.84355849566688,25.08513644740993
VEN-04281,6.091441308072876,39.17234236743127,6.232708876373859
VEN-04282,1.2181040092259223,10.60793005707069,61.567444468321966
VEN-04283,2.6752332098929377,4.981859543048488,30.661728325467784
VEN-04284,2.4354411710687938,4.542469012563142,16.79235864673883
VEN-04285,5.735815805443427,20.96661608295614,29.096541176266744
VEN-04286,51.57119460263019,36.09822010174712,47.160012433820114
VEN-04287,1.212564922080125,0.1380562297554552,41.48335242961313
VEN-04288,2.9645331583473,19.056605406369197,54.67495149048551
VEN-04289,1.1771715789890982,18.74225620129657,12.880398430196228
VEN-04290,1.5876931439375457,-51.35866833755064,44.63713988279832
VEN-04291,0.8323076910289214,-11.116223067381917,25.127727306037524
VEN-04292,0.5048323942380603,19.75840337004808,15.814474841396136
VEN-04293,9.985547216389405,41.313980304924215,10.475618261465122
VEN-04294,4.021621356274046,44.69496902028619,78.58961686686459
VEN-04295,3.0106746371080795,-25.066068152964107,53.95015536888791
VEN-04296,1.0394069987200527,34.98418969435498,41.29167904771202
VEN-04297,2.5031216213414567,35.89520806934846,16.190472497945635
VEN-04298,0.7618595646112586,19.143763111741603,47.340114862727575
VEN-04299,2.6379876438284424,-46.53568832968303,35.02482022511752
VEN-04300,3.92397038683644,-6.502498092402405,33.69641551682164
VEN-04301,1.4966804350565563,10.924453299571375,51.296483493642775
VEN-04302,1.1823581050390188,1.6299790409278296,47.849441573721805
VEN-04303,1.5816478848123452,-50.55213317335427,41.67127499690398
VEN-04304,6.661206555690731,0.9453210631571656,8.746666552947639
VEN-04305,3.393245787359062,-17.12799296060199,44.72728724474042
VEN-04306,0.4641224392537751,23.95241598892528,36.10738284825929
VEN-04307,6.024337884850682,20.95809993470912,25.77123865188412
VEN-04308,4.941065694108111,22.12317182102563,7.70205828898425
VEN-04309,3.3394515483257985,-1.973114777508851,37.29917470714637
VEN-04310,16.61285942313059,8.547635115967294,16.261780712306503
VEN-04311,2.790487179307079,5.734431307847837,31.57743378142947
VEN-04312,4.365868037397077,32.66804206953573,44.17144540730703
VEN-04313,4.555600387197627,-6.39984855668404,11.03858796525593
VEN-04314,7.136032256078902,-12.4442278506221,65.84084845957383
VEN-04315,2.1272890719585336,33.96136836529554,51.02911000795712
VEN-04316,1.3373299034031576,30.1633170650163,3.555920609494002
VEN-04317,7.927821723618001,20.58020979536891,25.08404003806104
VEN-04318,7.489291151800375,50.6423928862372,23.2992851163805
VEN-04319,11.048755079718338,64.38703427000871,32.923312372100014
VEN-04320,4.293600444803047,41.22758110412771,57.507185225916544
VEN-04321,0.4432454406283384,-12.178247334409209,6.586134659641142
VEN-04322,3.255968478284434,30.439613746233743,14.402177177911756
VEN-04323,2.8209113346994874,10.976306105036445,52.70772735063702
VEN-04324,10.510712883186544,-7.182163484982837,29.73338744177345
VEN-04325,8.708290577484053,-12.010393752429582,57.06867155294771
VEN-04326,5.333938588064512,15.270375896039976,16.300976804648297
VEN-04327,0.277955374569479,30.05475565980908,43.430936752473336
VEN-04328,1.0971335284216217,45.24170812388029,15.630069317165718
VEN-04329,1.8208228282372296,26.201080624689933,49.2916176231681
VEN-04330,1.867301694284246,23.49614220201579,28.595923361920967
VEN-04331,3.2659873874047696,2.4415812640199963,57.24642916740509
VEN-04332,13.84917220119242,13.846169624809658,29.4679042325621
VEN-04333,6.4056660283377935,-32.36209634534271,48.92693743303701
VEN-04334,0.9891598768070454,23.261770153958658,41.23468270931303
VEN-04335,1.092494642647838,19.65634952955081,26.27379910549234
VEN-04336,0.9891666422666155,59.68394054961093,26.93674151346705
VEN-04337,2.390433367333085,6.9281238151981706,5.806721693510678
VEN-04338,6.593633159326733,40.16434724201629,46.27321106975111
VEN-04339,7.849265289782768,-4.80816317460433,34.57364615107091
VEN-04340,1.797079489237254,53.81988750099324,26.14038790424786
VEN-04341,2.6296348440621387,47.13603822748051,43.94240067613358
VEN-04342,17.1431528858531,38.5624100565221,41.36853257067688
VEN-04343,0.5308153343698885,9.626151336731668,17.749819206641586
VEN-04344,5.4835838606941065,1.999638208256271,41.19465055071372
VEN-04345,4.869278229125441,-2.016412699659353,25.52952795943184
VEN-04346,1.9614626305385297,-18.26364967452428,11.346559380104043
VEN-04347,2.663677102617571,20.626358284450703,23.316622127781304
VEN-04348,4.315623648407943,1.2940466250553406,50.44097650340984
VEN-04349,1.9659796031684968,18.3323523481096,61.45900127078265
VEN-04350,1.3480159450818954,12.585573957713391,38.05340530407616
VEN-04351,1.2408446464311027,-20.99128527834197,40.53376587592221
VEN-04352,21.08125685177668,36.654557046058905,5.628492911219822
VEN-04353,1.6747717493495389,10.594485669376898,55.90072765715283
VEN-04354,3.3922262373211134,31.27945260038209,73.32993953339775
VEN-04355,6.448049687616505,-23.465323603989734,10.609463951053709
VEN-04356,2.154059293672381,-12.62568708260908,34.51914954382074
VEN-04357,2.827431806177075,-2.593795513855648,22.96390195299525
VEN-04358,4.725718240511789,14.558467470789676,29.71364160897761
VEN-04359,1.06958940216523,5.203609400386135,55.80891252889495
VEN-04360,0.5015267578664114,44.837444485389,10.302323170316486
VEN-04361,1.216934970741475,35.93470668440274,47.79406203847201
VEN-04362,18.19805026338404,-11.73495496273338,9.860399099436105
VEN-04363,1.4438676177137453,87.54917669525383,17.021418733048485
VEN-04364,3.1384025116845917,5.709814016453944,55.71600068362772
VEN-04365,0.6322994089059756,42.86302859536025,20.90525189540386
VEN-04366,11.897860374964196,0.3167734501270205,27.40248738083468
VEN-04367,1.951905606735024,24.867549205417244,54.43938900455358
VEN-04368,1.6479987092645865,33.64704926117177,34.51283046809873
VEN-04369,2.347203005601091,-32.615617212899835,25.84891470340847
VEN-04370,43.135279602206936,55.16681299917142,49.27685838417286
VEN-04371,4.417971432195583,-13.095224833378154,58.72714583075167
VEN-04372,2.2876539409921177,-1.4257214836124206,19.52568180938575
VEN-04373,0.1140522214859458,-8.33961928739414,20.68303405087335
VEN-04374,12.040725743913685,-7.315127826946636,24.103006808996117
VEN-04375,1.2656942749177829,-6.043084132769193,48.307163921865545
VEN-04376,1.0640513511544083,-24.237537298978296,11.944384744871822
VEN-04377,1.174012732411983,28.553418901323184,14.183620063881964
VEN-04378,13.619820208616517,11.11171743008454,4.785866808618635
VEN-04379,2.595088068067388,4.266078046813237,41.25924566438785
VEN-04380,0.5095292786771121,35.43438598202451,16.977778716308304
VEN-04381,2.171573408492142,55.6935057422042,27.77805691859136
VEN-04382,1.0890546827651524,-34.12128352086764,48.93646850586286
VEN-04383,4.036973283169004,51.83604329512113,56.39223048734225
VEN-04384,1.7770242584271363,7.374409433481434,23.42932083833341
VEN-04385,0.4837314379138217,-28.475271021729107,15.267314068201571
VEN-04386,2.4824905221955413,19.14308713327823,16.67453885676157
VEN-04387,2.553653261145387,4.843234188915601,23.24166458665952
VEN-04388,0.68465391149948,31.23460253843584,42.40721318306835
VEN-04389,0.3147177502098938,11.925552886911689,24.517660567983345
VEN-04390,3.7094209306191535,17.63365998096361,52.37640402965395
VEN-04391,1.9962948039795296,-3.750815101445044,60.32032869520834
VEN-04392,2.1453465112620647,-19.76764688168681,30.654061006338534
VEN-04393,6.17442259233161,28.027552477282544,21.21969850262157
VEN-04394,0.3222106002607814,-6.173895445016864,10.521504592147068
VEN-04395,2.9047082682511083,18.864451895973552,15.791699774643684
VEN-04396,5.634090912268774,48.1180320578941,15.493458585885053
VEN-04397,2.223511143287303,3.685593601161085,24.662099295142824
VEN-04398,0.5724866778955199,26.90218201643495,47.68970090437696
VEN-04399,1.3140143147880412,7.173961535456405,19.11417918851787
VEN-04400,1.6543182300697874,-1.845590298347968,15.65608612235217
VEN-04401,0.4786065366960415,-34.18343354120036,41.44151059882503
VEN-04402,4.089863827384479,6.936239368746159,35.20932331929426
VEN-04403,2.727876724247478,3.5657533299695894,56.82325472230464
VEN-04404,1.340143195772635,-15.51157268710708,37.37432244581866
VEN-04405,8.037164213418716,-46.9473510966011,71.01360570347164
VEN-04406,1.5308413487600203,-37.09434658644183,48.37224543968624
VEN-04407,13.844598768330172,56.20165033130346,34.51551590347833
VEN-04408,2.02218520742523,9.020873850137766,40.8382289434571
VEN-04409,0.951233545583822,-30.77776047699154,7.661972614649851
VEN-04410,0.9833513865188372,-8.257203596061867,37.57453350127739
VEN-04411,3.004733844976612,8.27371768667253,37.33499163467368
VEN-04412,0.8373326631996607,20.1188188918941,40.77647818375223
VEN-04413,3.1862385073558293,1.7029228048179084,11.67496612654988
VEN-04414,1.749672459362158,62.57276221288717,26.354697862454024
VEN-04415,1.7060895793683477,63.84569889527631,1.0
VEN-04416,2.5966093611812093,18.3405271911922,46.01451263519858
VEN-04417,8.208352621304067,-1.8885491028986472,56.63105762877028
VEN-04418,1.4958679516790496,18.32996834328666,27.654804285413
VEN-04419,3.3285674959327904,-27.880411924770428,43.09540071099477
VEN-04420,4.431459970035316,34.98588153351737,10.599037646096368
VEN-04421,0.7183287817612182,12.636560511154832,41.39014923481042
VEN-04422,4.8309268670155605,-24.58955352947213,48.47208950020709
VEN-04423,6.665319495540079,-7.775102568634539,15.638734033362503
VEN-04424,7.867637348734089,23.483333798292325,22.602485013400493
VEN-04425,0.8028197697450188,-36.96023283936833,21.909041543116768
VEN-04426,0.8669697026915417,-16.124850644083107,41.31396269546436
VEN-04427,2.560534386500667,-4.578393008076324,31.451827519530944
VEN-04428,2.4051924933122564,34.330856781104394,17.547871136101154
VEN-04429,2.7766501894839912,54.28782837940423,2.9111639545526726
VEN-04430,1.836255793332637,18.225799107708596,26.02222933936618
VEN-04431,3.3348019519302365,-65.0,16.127827896508926
VEN-04432,0.1637389296215224,-22.15276162552227,21.12010538307561
VEN-04433,5.606288041345975,102.38242681794236,5.872803499358467
VEN-04434,13.723016308206867,12.250119303663771,43.04159530697972
VEN-04435,1.4794110431163083,-62.372828120926,26.00684743825619
VEN-04436,3.3959773342103925,72.06482980119745,40.66491755399111
VEN-04437,17.26594440589536,-28.07217862969756,49.4900299699102
VEN-04438,2.8202068124536974,23.483935618742315,36.38099297138508
VEN-04439,3.80367827499421,-22.94997902820257,8.776048714676206
VEN-04440,20.61196391105027,67.45876931108927,18.259273601846186
VEN-04441,25.535536491711216,-30.256126560392023,43.26022954785278
VEN-04442,0.8463333791562407,-7.803291667850203,47.55219039031402
VEN-04443,1.728678824108549,36.32285858701782,9.391550381070472
VEN-04444,7.264126425160168,-6.934382204815424,54.41057619675357
VEN-04445,4.696541907872629,21.13143589618572,24.359987012033763
VEN-04446,5.910001047276096,30.428812806848505,15.292544460299412
VEN-04447,0.1520233940513604,12.78228142009073,40.16433724059485
VEN-04448,0.3168692068430725,-21.999347278347194,44.95625381086904
VEN-04449,19.348920435442192,-13.249300036009014,14.892804992006884
VEN-04450,6.367844777032653,-2.352526974532145,7.292603281876916
VEN-04451,4.010861419614406,23.85871373322679,35.39342672391704
VEN-04452,0.693143100194947,29.915802418854906,4.929077415948354
VEN-04453,1.7220460870156038,13.538054445987411,44.7466692445396
VEN-04454,5.08663915842917,26.9584292809418,30.105913103617805
VEN-04455,0.5936946597764762,-34.974245858484714,48.38546300777027
VEN-04456,1.2513470068920922,16.037999413029482,31.52007212296677
VEN-04457,4.108018387928958,6.248059289599043,15.528571031628925
VEN-04458,5.200302571180574,21.37107356913188,21.89101592463388
VEN-04459,1.529049980203326,28.311342116594325,49.073076516489245
VEN-04460,8.008429451512919,-20.37964424673386,16.888442431713486
VEN-04461,7.727266549227454,5.03003468272554,57.52104885143356
VEN-04462,0.3783148003954839,44.03088027013667,41.66761088466795
VEN-04463,16.473656827743945,16.206821240460894,27.7541886727253
VEN-04464,9.806616780762456,5.293224631589889,19.091372988006068
VEN-04465,3.411750774388599,-24.882327874343687,13.094950576216064
VEN-04466,2.337239077956102,22.656419535398253,15.338369578225487
VEN-04467,6.47713008035842,-29.53704480937018,26.874191673502445
VEN-04468,4.8895032169940045,3.1831861113339883,18.631328020259907
VEN-04469,2.016356250955422,-5.263016805034317,28.76352432067074
VEN-04470,15.90920850809587,18.62268125318422,51.67048312573903
VEN-04471,0.2684282001616146,-8.164664857995522,37.628231674374014
VEN-04472,1.308155395036264,-0.8683282146643982,44.46095626625561
VEN-04473,4.448452715500271,-16.589147506034656,9.436129384701514
VEN-04474,2.566865745170978,1.2922561954810252,31.29630639315693
VEN-04475,5.868209056487065,13.79778694891553,71.75925854447999
VEN-04476,0.5861942933357739,-1.3794183018062078,50.1343220942089
VEN-04477,2.054666377641888,-0.4650185369631074,30.176499869743832
VEN-04478,9.635028476539702,12.4423257064201,19.36475343351184
VEN-04479,0.5256722967542697,35.029647597573,32.26070256843784
VEN-04480,2.086494137475459,28.10449061302008,23.582495754413337
VEN-04481,1.5160369248052192,-26.93209510743401,9.499943844611556
VEN-04482,4.053982549993826,28.71955050607345,60.29110156501629
VEN-04483,4.1887557418854495,44.93201524162656,47.80464092457957
VEN-04484,3.024690461683217,27.05365977575269,17.42537098476171
VEN-04485,1.9761696976811949,-57.16474496405152,68.78660143688738
VEN-04486,2.9141973138958823,15.148384723404943,14.189374361425756
VEN-04487,2.2679684505739037,45.35404358222122,49.080556913157096
VEN-04488,2.622927056000937,-4.112669825270345,5.984438804175573
VEN-04489,13.499650757949537,86.30396033062338,30.492047193589023
VEN-04490,0.7243476833139362,-50.86712611797052,16.911327887219617
VEN-04491,3.958329451092096,11.945991299075112,27.025697178896717
VEN-04492,0.9643277763155076,27.531466098637274,29.29140811231145
VEN-04493,23.34752774393756,12.646279987129718,13.63458745785969
VEN-04494,2.99812225563665,12.157951123742258,46.708694319056384
VEN-04495,0.6739087844338445,-20.083579686341317,36.64538687663251
VEN-04496,2.106220853054189,-7.533596511901292,27.99935926713997
VEN-04497,0.5461785013970647,23.488933502725835,34.18437925293686
VEN-04498,1.3545176251406426,-49.07091677623297,18.07019008024282
VEN-04499,5.351235678680093,32.443546026965706,21.88766680259396
VEN-04500,12.150390430966436,4.920749526507777,36.84798565556894
VEN-04501,8.92409183531216,22.911415441300655,39.50647665475602
VEN-04502,2.422102361415277,30.852403292262576,9.518544513756172
VEN-04503,5.088897230377317,108.71694709635844,48.93992373806114
VEN-04504,6.615113764103074,45.765256805410615,35.99800569343067
VEN-04505,32.288124997841244,-24.447006802530005,46.95141973089426
VEN-04506,1.3988174357102106,66.36630108844416,24.978748616528957
VEN-04507,14.301010619176113,-65.0,70.77921176534177
VEN-04508,0.8177139606427744,-3.980978534900356,52.13689670531312
VEN-04509,9.953564821377723,12.6872870638839,8.943263225263493
VEN-04510,1.3733864238264504,-0.7480447188094033,34.96129182935688
VEN-04511,1.2813261830040212,15.607461680334488,24.05891593337925
VEN-04512,1.9875156985367035,3.443720943268457,25.257280354996126
VEN-04513,1.1576672215308403,42.68828550507172,35.94640726686842
VEN-04514,4.343413450986393,-5.020639698297021,14.849284901665165
VEN-04515,10.477140686358236,4.87772758006024,33.503834411582055
VEN-04516,0.2664102707439039,55.83051380990914,28.596895402830235
VEN-04517,2.2432761611164422,34.13940421729622,41.412811282967766
VEN-04518,0.822655539838974,3.413137943841265,40.89019306001448
VEN-04519,7.356547083127454,20.752541473778045,27.119029910416664
VEN-04520,12.967458120737929,58.56165427781394,41.37235956713842
VEN-04521,2.243177628826905,-29.383418957310177,15.030287433165038
VEN-04522,1.2540338564811393,-21.361895014442236,35.54567066144042
VEN-04523,0.4599100288650719,-7.514347672563893,27.060619276739818
VEN-04524,23.188791868531403,13.86417988914386,31.223839144424858
VEN-04525,11.597891457158228,34.1463763012431,20.2523585874482
VEN-04526,0.3083995667665906,-12.651464582030265,40.30848910567818
VEN-04527,5.590236365821565,-17.424312664591973,56.853417665484194
VEN-04528,0.7998359368078564,-27.414468974262,68.43449976929325
VEN-04529,1.5536712869695706,-17.441088060792012,24.738290661216077
VEN-04530,0.688442591571286,-9.705257648552005,52.730712276159466
VEN-04531,0.3009305947872618,-50.41328632064637,21.198344642645505
VEN-04532,2.5853355372208084,-7.155760023484911,40.47171989505885
VEN-04533,21.866454938301324,-20.3368640585202,18.720401260081697
VEN-04534,0.9815335167205188,3.574827939344491,16.239194300475326
VEN-04535,7.246000107539817,53.8477145913488,42.71340935826565
VEN-04536,8.611708710552271,-35.023164276069686,26.786396907079947
VEN-04537,6.013006647452736,35.37629020455937,9.11905716150794
VEN-04538,24.43711513956306,53.0276737701857,46.9196686423197
VEN-04539,7.773556761249293,34.051500674924526,19.156581752918186
VEN-04540,19.78888491841908,17.24486996576726,32.086758885097595
VEN-04541,0.7696856268027599,43.477468031097374,38.14300960438645
VEN-04542,6.171202883048421,25.08826630471428,7.725804645387295
VEN-04543,14.324756174924646,37.98875364337528,42.25320576288525
VEN-04544,1.1627608985582851,11.204207887266094,31.020446260061235
VEN-04545,0.0587315649618041,-20.628509749392386,27.115897496322617
VEN-04546,0.6743070644125001,39.42131705816477,30.334217522878305
VEN-04547,1.2247710008547394,78.45993408145243,41.12818673306441
VEN-04548,5.0394651661728895,-1.1911987129398245,25.57017327770617
VEN-04549,1.457790131131495,8.609680004757369,37.12728521408248
VEN-04550,2.727627785492532,11.023988240887462,18.671879908749485
VEN-04551,1.3982669001720986,-31.663718111765995,28.01174284624522
VEN-04552,2.3598633088721828,-14.90330527973125,57.45790601385079
VEN-04553,2.5273034456430903,16.222091687791576,5.228247552961672
VEN-04554,1.3557909258294014,5.465109190580772,45.53398608025635
VEN-04555,6.708528304069215,8.451354850711692,40.38027097347381
VEN-04556,12.40806461670866,8.71591719943586,40.19258874113533
VEN-04557,0.7681594617316918,4.862253543480916,13.26995370381003
VEN-04558,3.4523239056320087,-12.674473601703273,10.91558765443934
VEN-04559,0.5641232586830395,19.742979771266175,22.19332686458117
VEN-04560,0.3953446198401689,16.869964726701625,46.23850763435912
VEN-04561,8.501104753158597,-15.766906020493046,63.01019875152412
VEN-04562,24.733194079556966,19.197870975902653,59.67278055588995
VEN-04563,1.8942035508995647,-8.832844713986379,41.40668588179771
VEN-04564,20.42229176880031,25.633403218728084,24.830403428850147
VEN-04565,1.3323971652143425,6.834411284148128,12.328725352239342
VEN-04566,2.1002734929686726,18.64338389293718,28.801487399874613
VEN-04567,17.022041822271696,12.752548064025548,51.26035106926561
VEN-04568,0.996077327332484,6.479296642052309,43.05795595365381
VEN-04569,7.450990851829583,16.830774414166473,41.613168903648514
VEN-04570,1.8531645051790413,30.737167526742645,9.486165737638556
VEN-04571,1.2302581392692085,11.253459862071583,14.06629424179456
VEN-04572,1.5531965006494224,10.815127855187006,32.49550786675614
VEN-04573,0.2502914207582525,-1.554623279988256,41.83190653017802
VEN-04574,10.88296418946669,-41.10449912892454,14.113738477045644
VEN-04575,3.4866110458369777,8.91119591082608,25.32270590443963
VEN-04576,2.3098918721549877,-26.19086804973924,6.882739770460751
VEN-04577,1.2684078903433382,-7.280599671105664,37.4927729306221
VEN-04578,3.830340337977967,-15.382464518002706,22.2051660126308
VEN-04579,7.183566567016825,-11.374422004271617,45.48607207091773
VEN-04580,2.009730446254043,-9.689927712996766,15.021147517766712
VEN-04581,7.845567741811685,21.10939183008976,37.54069313166893
VEN-04582,3.6788844147749407,16.98416158193244,20.65444163038199
VEN-04583,2.4529268051241178,10.995811609669795,18.58138352000908
VEN-04584,7.415697319913214,40.65517730587712,25.617955833550848
VEN-04585,1.554716614218993,90.57921548208412,15.607397821583591
VEN-04586,0.6861318932594317,21.70107863531605,28.19110892033716
VEN-04587,2.56408513286777,32.51768694336198,20.6708425040999
VEN-04588,2.825842706346456,15.569071192108623,47.672633811730925
VEN-04589,2.128559632421533,25.49431721987036,69.80162922011968
VEN-04590,10.063190729586424,-35.85734373253685,39.208889269975714
VEN-04591,4.714022957883224,-65.0,37.71804532598695
VEN-04592,2.3951118066153056,-49.07852852604828,15.537540480383353
VEN-04593,2.701857935363662,-8.863896505523009,46.42167311064429
VEN-04594,2.970387664157277,44.905410396349,14.769538591338296
VEN-04595,4.848444629489971,14.894690504603489,31.86007815496833
VEN-04596,2.879992831494643,-2.5478086743763395,70.12726317585302
VEN-04597,2.293528118295224,23.374910506136125,33.69196399476596
VEN-04598,0.6264888409456035,17.53418949710761,44.53043642599954
VEN-04599,1.24511087483291,-28.589156140606555,31.89646456572254
VEN-04600,3.6865894912512855,20.66008311322538,78.02758301946709
VEN-04601,3.342786496834389,30.47290378572672,32.43353863965496
VEN-04602,0.5305376152373085,64.72194642983371,31.11197186300689
VEN-04603,1.465052505016529,5.852404561510132,27.534438570881463
VEN-04604,0.977527985348036,53.73176551941588,33.37307242621959
VEN-04605,12.195867355707524,-2.9293737194751,30.403959900455668
VEN-04606,3.5831650354050826,70.81449450411155,49.09651858444998
VEN-04607,4.363972064535738,-8.064758477125068,17.086992063239155
VEN-04608,2.525925079843912,25.351750252284766,28.298813629781865
VEN-04609,1.3648443706087905,15.739139449010786,19.73555351606268
VEN-04610,1.6653180185467398,48.22409814943363,52.9658372583813
VEN-04611,4.673909818002342,44.57996817167355,36.192414116919
VEN-04612,2.041925039085919,-20.14612172422035,65.51918947293736
VEN-04613,4.727491070602448,-1.0784933825405485,60.01531498262109
VEN-04614,3.181238218257585,65.41091765773729,14.277697139097018
VEN-04615,3.762562326436526,10.675448806433536,36.38135636135054
VEN-04616,3.979725750058163,29.97618582948116,6.390128242121304
VEN-04617,1.523833394186782,-20.899409839225704,13.087667441016867
VEN-04618,1.9309025911656952,1.3607738318814515,61.30631829181631
VEN-04619,7.38707189122957,-11.134721148546983,40.33418075333491
VEN-04620,20.267057144614736,33.00180020426586,36.93036887107044
VEN-04621,7.461761139376217,27.91529978691407,33.01154191526683
VEN-04622,0.1264607353840207,41.0373749000916,46.09153544687617
VEN-04623,1.180812054899592,-21.30252729856199,54.25519440420241
VEN-04624,3.083879788096812,22.81406222778256,20.212732898831455
VEN-04625,0.8121753821899349,8.544966388248474,32.35933159178662
VEN-04626,0.7713631009301092,-58.00655745095557,54.985189916743735
VEN-04627,1.714997292958869,20.506280076628165,35.85650993018635
VEN-04628,3.974325249280487,42.884256276888415,47.69033449803143
VEN-04629,5.361749065311765,50.41009736345935,36.65165417023813
VEN-04630,1.8146971671342256,7.045593824461702,9.66800784709527
VEN-04631,1.6677284936160583,30.397938251631263,12.261092750510686
VEN-04632,1.0746016539073049,22.72509252607884,45.53678785994845
VEN-04633,4.748394414951358,-12.523645970902006,27.69935862807379
VEN-04634,4.410018029409389,-16.20991998542868,17.50670962516048
VEN-04635,7.372449893273753,6.707406959070727,32.88432125008607
VEN-04636,3.1353092687472386,1.6344896316872424,9.162615241694692
VEN-04637,0.6425405970799025,10.381741444003753,24.06884103530519
VEN-04638,1.851918604454152,-3.278836590731675,20.01001981152696
VEN-04639,6.976947797184223,13.736549055493583,22.02863570037351
VEN-04640,0.402915789771483,-20.792606727571947,18.096487662013093
VEN-04641,2.476110325011512,49.1353189146435,33.86983895570187
VEN-04642,3.7197835007760425,-41.137561451702695,41.00255591091768
VEN-04643,24.632240241019723,5.812002674635302,29.73595685845601
VEN-04644,1.403226209155603,2.503048012158869,46.40033289674932
VEN-04645,2.377751695555215,4.342697252559804,13.940138390393612
VEN-04646,17.398116528388023,-14.786911748773225,39.37264137210863
VEN-04647,1.4231105977395462,-32.798636164231304,48.54872280379311
VEN-04648,8.86557938393647,14.48946205648045,18.08375461964447
VEN-04649,4.186758151426635,2.468021137349158,16.859862207282823
VEN-04650,2.131629189000935,18.381235946186276,22.58077114564597
VEN-04651,4.467276009096074,-36.54931576264384,32.58631933204352
VEN-04652,2.3111308076003656,54.3475621015381,21.82220221801124
VEN-04653,32.57664305807402,5.843996786834791,52.66354799312148
VEN-04654,0.2802390518126989,-65.0,52.22487890442857
VEN-04655,1.992294080009532,13.097032617658904,37.50036858023476
VEN-04656,2.057575064845605,-4.741840530554919,15.875907985630327
VEN-04657,2.3457566813419675,-22.59684004226797,70.99357124926965
VEN-04658,8.9215267757229,41.26466878403773,7.066361245145607
VEN-04659,1.662395245024686,33.10229445896128,32.34473318000357
VEN-04660,4.670397314385271,17.227754442590143,32.29714102913184
VEN-04661,3.5064817438013467,10.07937668220828,61.95750587643353
VEN-04662,6.836829457883832,21.631017296803275,32.25853028994312
VEN-04663,2.337540255393232,-34.603834237013665,37.24625012009673
VEN-04664,3.8745444281734622,13.175471808669556,35.92686353819145
VEN-04665,2.373145516391856,41.41499607962929,42.82623262280842
VEN-04666,0.9188256269891032,36.081718282663886,22.559025936030565
VEN-04667,15.78310646605419,-20.36593944291369,53.88285516361103
VEN-04668,1.1753872715969145,13.010127640855078,46.84290637648665
VEN-04669,1.605866458238401,-22.31541882662019,14.26488672985388
VEN-04670,1.0591805364432292,12.240404257022089,43.06545500454036
VEN-04671,4.230091359718375,-12.309191931648307,15.673193559699698
VEN-04672,1.6064443924863214,-15.490216220605223,3.5371772959078256
VEN-04673,14.393350876001278,17.669036663306372,48.42745114612168
VEN-04674,4.8907501555906965,-11.59536283987389,54.52513303211204
VEN-04675,2.0046503366438877,-13.456473711528869,14.699162248984443
VEN-04676,0.9992746777063988,17.494197473812076,7.460158483319114
VEN-04677,2.4066183167199373,-32.00043228421085,18.65433435982991
VEN-04678,4.816432551024544,-0.694307888145385,13.985815251939163
VEN-04679,2.5844864400489973,-33.500044173122895,55.926307808280974
VEN-04680,2.329398044978476,-28.58559032903134,17.67162603685486
VEN-04681,0.8846910904280657,39.60905430881196,13.063710052549474
VEN-04682,32.05527860530707,-3.2415052282160044,54.93944509515383
VEN-04683,2.178807360673822,-11.3654892556014,7.823561712851585
VEN-04684,0.5993142588549194,30.975481316974893,45.680605328954535
VEN-04685,0.8331417700023478,51.63181578827948,31.355510843541623
VEN-04686,1.8616943875371128,14.794033622629916,35.009244364558185
VEN-04687,23.08662479876716,35.55945045290839,21.37901698914617
VEN-04688,2.2536637099197145,-6.893833325292935,18.36316864408512
VEN-04689,1.799876541871278,9.468294039146087,24.924622622620845
VEN-04690,6.883735821795123,8.197831561944964,50.43854750541995
VEN-04691,7.459238091152779,16.743872264843652,34.7899355240345
VEN-04692,5.612501133562814,34.04513970120831,39.10243599250478
VEN-04693,3.3867255215294936,-31.67722411994071,7.730209195491845
VEN-04694,0.8067270142483078,-16.033320599859486,22.6402309226261
VEN-04695,1.1899146216649907,-5.102489147912285,21.754516630851807
VEN-04696,0.4723568005066751,-18.19427998911329,20.338257791201936
VEN-04697,2.1247218074049177,14.204699469719236,34.427808323564925
VEN-04698,1.7038220791372083,13.868582507470943,48.61033595784764
VEN-04699,1.5199971319295225,9.582411660697655,18.65707488045527
VEN-04700,3.6957713602228206,-2.872696981564303,27.052179434355107
VEN-04701,1.319286266921185,44.38969767713252,27.64336780475265
VEN-04702,1.8691585326252644,13.848706586933314,60.18163383582183
VEN-04703,1.5920691210273976,3.9442806759258646,61.07690392543146
VEN-04704,2.624696329729053,9.796670618974373,29.380570896823887
VEN-04705,4.059667380642625,28.09695697797528,49.38343791265222
VEN-04706,0.6194108716660329,13.776271118391938,68.16025987508259
VEN-04707,4.475137237736109,-15.333278934327945,46.329088256349856
VEN-04708,3.63524961032913,55.59670493595399,39.487041546854265
VEN-04709,4.30806516362139,20.47315430592364,27.15078452593579
VEN-04710,3.1473299732796662,-23.10436392923107,23.73284135688585
VEN-04711,4.045966095345818,-41.02866601512046,16.680207238148267
VEN-04712,1.7207621579860068,26.597928052200995,20.351283509408624
VEN-04713,4.426923763034695,42.89936828776797,13.169030978969914
VEN-04714,9.573737260306132,20.203896367671145,35.94060064426215
VEN-04715,1.5763011834954883,24.54245176579208,18.39968823599516
VEN-04716,1.640491437022253,25.22244175184305,39.90421613964331
VEN-04717,5.4387845598138895,8.128427195991462,20.96702803233719
VEN-04718,1.4778545004092238,-37.3999313996995,8.63280507752445
VEN-04719,1.2322453901935913,-10.869756046918232,85.28137991334034
VEN-04720,4.324900543218228,29.453356985086216,14.019631433100752
VEN-04721,1.6929722600257164,23.82336758731254,34.12696823719277
VEN-04722,10.42202226998698,2.717937345264524,28.855862072269066
VEN-04723,1.62769899668231,-6.7999997511698,50.23544464438471
VEN-04724,1.1040363952676835,12.694252732579384,43.56024321264368
VEN-04725,2.70400951359052,-1.2645118870749172,47.29860755930436
VEN-04726,4.388437963695529,5.852787217688934,22.87167585714666
VEN-04727,3.8664965392789714,11.57034310933286,49.1829758099587
VEN-04728,4.917518390476608,-12.984600474313382,23.46416511895297
VEN-04729,1.4792398486552678,29.601470751888705,42.60162250424734
VEN-04730,9.478658114256511,3.5531498469498475,64.82731940931518
VEN-04731,0.4400429283468666,21.164683935609737,25.83946906523973
VEN-04732,1.151491265034587,9.713895113288787,5.838272193128455
VEN-04733,2.835460451550873,49.64120485336725,31.18514550164336
VEN-04734,1.2625961183880123,22.65854571178649,69.53770616347416
VEN-04735,1.9334966527507735,19.00506823712028,8.482073448347418
VEN-04736,0.9232771860718298,18.024645492286304,30.23631821024481
VEN-04737,2.161986657439929,64.26744748088387,63.78173391431392
VEN-04738,4.523947616762332,6.808425686610111,16.661376389740433
VEN-04739,1.5081667242694583,12.425516651116975,53.490954273339774
VEN-04740,1.033690933799468,10.829631916887784,10.08425282813789
VEN-04741,1.6372039465442814,-45.08171209656352,48.14604947389413
VEN-04742,9.15458008605826,10.51136357684863,57.11166853275392
VEN-04743,9.071437997393042,35.43939914645753,46.7529353792615
VEN-04744,1.6065339773141796,21.899102681717707,28.395747702318484
VEN-04745,4.7546146629902255,48.79880770886108,19.77538091903541
VEN-04746,2.6640087126448915,29.210172153794847,16.405847357192215
VEN-04747,11.16131098362227,21.555037280715112,30.454756113546143
VEN-04748,3.355909822010124,31.998756144916275,45.1932402421159
VEN-04749,2.177746002822728,17.848495534948515,57.97307424218368
VEN-04750,15.797712479051066,0.4230397358512245,56.78579003168116
VEN-04751,0.9839489455140156,4.529775744592644,18.473065710136105
VEN-04752,3.861766169959576,-56.34202069489008,27.1400564546044
VEN-04753,12.215183540452816,51.06676624061657,45.7961976487298
VEN-04754,5.656335534235441,2.646491522235121,25.36480841165018
VEN-04755,1.1745377197214977,-20.17331130799501,31.445143562687505
VEN-04756,1.1070109049528285,-1.890644240735636,46.43681836308035
VEN-04757,0.5773325526320002,55.44308379100856,35.86974503095781
VEN-04758,13.890619308898758,9.9398222286029,22.162098024020903
VEN-04759,0.7817794058813632,14.937969854914774,24.33576703833004
VEN-04760,5.958040502236763,64.32721471791862,52.39435751702315
VEN-04761,0.5659992418656261,30.55666820880469,17.064821808427887
VEN-04762,45.27703763059976,0.219114102458974,23.645137105571667
VEN-04763,0.6137381928507729,-37.89551714462775,19.56082475916479
VEN-04764,2.84844686365525,25.253427487318955,69.50371736323463
VEN-04765,10.31156461902176,-10.312111782127577,24.45944912119552
VEN-04766,1.254352837494261,25.817732414095325,46.20762195507119
VEN-04767,5.053839851791299,6.69826850087743,40.75723409806712
VEN-04768,1.993685216998477,19.03673327579805,48.59325680177099
VEN-04769,4.16622735290714,32.187980417459016,45.12521116652392
VEN-04770,8.924916083120078,-38.689952816468136,21.472632683302628
VEN-04771,1.69688276754016,11.475544537283604,58.79603164968751
VEN-04772,14.10601644620036,7.508896363438138,33.6781082170783
VEN-04773,4.005513841662479,15.773991004576276,29.347275389128207
VEN-04774,23.18052439305359,21.61857530104529,11.44675731927425
VEN-04775,1.0885636300402777,12.104018128304045,20.537856260255225
VEN-04776,1.3414024072801862,-9.492012775850483,44.230635505742185
VEN-04777,2.10540335017861,-22.49389490001163,12.247126938205076
VEN-04778,0.7161124128976633,-34.868052415023506,12.19480294996088
VEN-04779,7.52681492241597,11.2311908288723,23.27070304357426
VEN-04780,2.500713665860768,22.221271494152568,24.43457637442319
VEN-04781,0.7704838146579979,-1.2344241274708343,60.26694697505679
VEN-04782,1.099580130347313,30.430004597567308,67.13813776457658
VEN-04783,1.043978533561564,4.909151219305614,66.53217960782767
VEN-04784,7.508422780967108,5.6879781633106345,29.65996266192064
VEN-04785,4.494677327379018,-30.83215332667137,34.32456738234693
VEN-04786,2.349441739561824,-3.970896442396711,50.24616610592547
VEN-04787,1.8187903342109992,32.85831280591586,35.44019059641263
VEN-04788,2.0904857998821025,45.73383190974255,51.437036583183314
VEN-04789,19.28302496734485,2.861765799508829,17.507490666867383
VEN-04790,2.101620027745706,31.41264719288196,31.42228031149298
VEN-04791,6.98177156453202,46.189735032578,55.01175409339982
VEN-04792,1.8922350120098483,-17.309243944732867,29.757763229755994
VEN-04793,17.30071257130921,16.571177817131076,37.8950574097415
VEN-04794,0.7109799857631017,13.138966722241182,29.65864964207892
VEN-04795,6.604383909111966,37.02554602431742,61.26710892463208
VEN-04796,1.179000687404168,-14.548200654430168,59.27042651206369
VEN-04797,31.0198835166712,16.52412773854815,26.50268910834311
VEN-04798,5.853742804149055,1.025593869325376,39.51525281142326
VEN-04799,0.4172072968126998,19.47423894117607,23.259978144934287
VEN-04800,0.9756879599092866,40.97753454731885,37.51812727512925
VEN-04801,5.775746560850367,47.88699940750608,18.033942089978066
VEN-04802,5.604506949007688,41.21482549264728,16.76352511143856
VEN-04803,5.162585452970095,-18.73700951787073,39.43702004802548
VEN-04804,3.2292273089454,-4.769324397950207,41.12097266291536
VEN-04805,1.9139811520447283,35.171633674623294,75.65271650144989
VEN-04806,8.983791311553476,24.330320885208774,21.100557904453503
VEN-04807,1.05066960698745,0.9067076287929794,23.550867545090377
VEN-04808,2.882842413015281,-16.74440133697048,50.951221799343074
VEN-04809,1.3741617635901178,-65.0,35.92779496770114
VEN-04810,1.258711656624363,-35.04242671885557,31.43384415021817
VEN-04811,1.6406624972632828,-0.2476691232454566,12.755972613377155
VEN-04812,1.2107145105653134,0.1624000560199947,40.381810759777295
VEN-04813,4.976290719000956,19.09908535378913,36.93511691515632
VEN-04814,0.5359512066408575,24.24415150521858,41.949336526671935
VEN-04815,4.367187346478742,68.99369354020145,68.62604108823254
VEN-04816,1.35297638591114,-12.78510273573526,27.3111894873504
VEN-04817,2.810682409232557,-44.68172273785092,3.772211621816296
VEN-04818,2.2625015066782583,-17.080300325384023,28.60237065575107
VEN-04819,1.569655821213018,53.27184499476006,71.96602987327879
VEN-04820,10.323633962915336,8.347955042807763,24.876078769544723
VEN-04821,1.8076532880664136,35.334129756830784,24.638271933411357
VEN-04822,5.893514875673,-7.197135374087258,17.067265874883766
VEN-04823,5.977641909792529,-5.538286512381408,52.541970705570094
VEN-04824,2.014069760891084,-38.28319551810349,37.10228320656428
VEN-04825,0.6813502935209311,-0.9301937595429592,60.56539328806127
VEN-04826,1.0300837268657594,8.293452136118193,3.292386126783784
VEN-04827,11.097036265516982,31.423448780571132,57.4646403745824
VEN-04828,4.673021165117125,23.148476670229428,42.36167499065533
VEN-04829,3.166861398033653,61.65155797971052,12.630062038785065
VEN-04830,1.4568401908384532,3.84671066292338,41.28649624951648
VEN-04831,18.265318996256987,14.54785759220752,7.541906914114606
VEN-04832,1.046113198156957,7.578793710793048,65.19714605448058
VEN-04833,3.1698365170920906,-10.7676550716088,6.939358569173293
VEN-04834,4.720844105778997,19.06091119514077,8.632399460220462
VEN-04835,0.6464387208496808,0.5558364600346772,58.10665290903017
VEN-04836,1.1801860330191063,52.90608932402843,41.44775362285698
VEN-04837,1.643289602538716,-13.314881132420997,56.00795871437104
VEN-04838,7.0153543752968135,-1.1750665295241198,27.14794849985671
VEN-04839,1.6792997837688863,-25.581265966815344,29.73025126585927
VEN-04840,0.5600056842116871,17.136152175359875,58.14992510423015
VEN-04841,0.5038327188486732,-27.8430348217676,20.87478408543412
VEN-04842,1.1691777993246326,7.781045022170599,54.8888005619407
VEN-04843,0.527756973572599,-23.561625765373357,52.33755897319175
VEN-04844,6.331314269880303,-18.55773956238523,74.98881812902428
VEN-04845,6.610269216696455,-12.653082960570266,15.976524147916884
VEN-04846,2.739459029946042,27.69650955079196,26.5701274315407
VEN-04847,2.0351581524521136,5.446829656211892,35.45480263631705
VEN-04848,6.145721708621653,4.6855645473284016,27.4137476010188
VEN-04849,5.872014044387518,23.18570673918429,23.625419942698283
VEN-04850,0.9181930710100644,-9.822113022916838,43.03962543960392
VEN-04851,1.068905627564755,-45.07509320960092,60.96947166612205
VEN-04852,5.913267935037953,-21.67089759442892,25.97498037764484
VEN-04853,3.6605403942634,0.2800633510987973,46.39142672452057
VEN-04854,5.307170045742003,6.67829536360035,3.0295398152360016
VEN-04855,1.0168237191334015,23.08620638919927,22.76460988586839
VEN-04856,1.189072799878372,4.078544018710619,25.073655643881164
VEN-04857,4.527988158279375,35.4569094634236,27.590397486845003
VEN-04858,1.283826319370653,17.761235701100073,31.64079651649937
VEN-04859,0.5107199233908657,-30.019215258870812,88.00919707141573
VEN-04860,1.305397219130939,-60.77683454955198,39.08454115613302
VEN-04861,2.169176696973649,-19.200121559585835,38.61907399731062
VEN-04862,17.663209187829935,11.721622171164952,24.714326881323004
VEN-04863,1.0808081160330338,18.018236595409867,23.936998995543863
VEN-04864,2.539952292324625,5.152999738965107,55.80802037591727
VEN-04865,25.71875793055722,11.246286662600449,29.14707764774024
VEN-04866,0.8164838203172482,43.65497584061572,36.83078794371429
VEN-04867,5.621162909808255,8.378478775570795,32.938458152704094
VEN-04868,1.243495106694772,17.44645704942528,53.1693149053571
VEN-04869,4.22856403936905,51.10559990883832,3.535789313594718
VEN-04870,35.44940190132225,-40.90606141865216,36.421129899021786
VEN-04871,6.492872249782005,54.16152649651554,15.673620451434756
VEN-04872,3.212484834003783,-61.096556085798966,19.37258250036424
VEN-04873,0.9548169834971786,-14.302748908814966,45.66483521999869
VEN-04874,2.24125755050076,-7.096782913203334,14.852073254879668
VEN-04875,1.4595185045627808,-36.09860767542243,25.005736840660024
VEN-04876,0.5512261195657501,3.5487453159942124,50.28330309049871
VEN-04877,0.2613717063565207,6.618216277174685,14.903971735092105
VEN-04878,1.090337387401264,27.980994700055007,15.096589514854635
VEN-04879,2.625571417398448,27.11126574132092,18.75238419772895
VEN-04880,9.311499978001317,12.685951962975157,6.355203220217407
VEN-04881,1.2068237267675264,38.19725133387813,45.05411399831892
VEN-04882,3.356088504255151,25.412871777333773,24.498826866950346
VEN-04883,0.4184022039465349,-0.7731289033275388,47.921143357845615
VEN-04884,1.1269981794092343,11.215047083646152,45.2309736830592
VEN-04885,0.1841393536722434,-9.164160857994272,19.905210138525973
VEN-04886,31.73869702570066,-25.08810351561636,33.851854847981166
VEN-04887,3.3797150681418007,19.553679541463488,39.44912364731465
VEN-04888,3.2643236001707665,-32.46994647194868,14.045146769393044
VEN-04889,4.897582188425584,2.938890416312195,39.11996949538866
VEN-04890,44.061789578243015,-54.04629115715889,4.305994181443222
VEN-04891,1.6840446675333085,9.916433992268612,22.008434772112484
VEN-04892,0.9241768469724048,-11.62839061995684,15.266793650116693
VEN-04893,24.537427972507487,23.34137085174716,62.174865388659306
VEN-04894,0.701892784755842,1.9932700504725287,53.84587169808858
VEN-04895,11.335505127302966,4.55520483473153,55.208950029649706
VEN-04896,2.506277213717479,9.409087058820733,16.809932505012192
VEN-04897,4.378393723336244,-8.509294916520936,21.57055868717992
VEN-04898,0.559683212311173,-7.296982183285754,52.35275159299787
VEN-04899,47.13116162445858,-7.28519620211217,20.817019344933595
VEN-04900,1.7852284133136305,4.620436490441146,59.44968598993562
VEN-04901,1.2567281315318783,-7.037726975097908,41.3733513483704
VEN-04902,4.968946982159729,20.16241338550507,16.51094108695027
VEN-04903,1.3371487063624203,-39.783176996849285,46.27536980187399
VEN-04904,4.335798672307595,-32.47694584617546,26.929346065634864
VEN-04905,0.6790369079909718,58.99169250568322,33.84005095439805
VEN-04906,3.190472968174813,-3.7218651311852753,18.81975358348554
VEN-04907,1.4000639872919869,-19.39689335187989,10.629342177809882
VEN-04908,1.1483794901657791,7.311612120476602,53.89837728410605
VEN-04909,0.9651636026274844,28.711648158564486,63.61510602787919
VEN-04910,7.202658906650866,25.30755092636453,42.512985033637065
VEN-04911,1.8488478658399503,-12.201367996834437,21.108895239672364
VEN-04912,2.2204855209246936,-5.842131446427922,52.88240826874634
VEN-04913,4.348245686130697,-1.0108416866881136,54.87581598903737
VEN-04914,9.527411529192964,16.407270099008464,25.445152855247343
VEN-04915,0.9845416857522534,9.227922671515708,6.14374804404351
VEN-04916,3.4649798086171346,-16.75930653043637,24.440755688687634
VEN-04917,0.9993810456129476,-5.756971448244762,51.91180073502878
VEN-04918,2.161136804800552,0.8368648178577445,43.59386089646321
VEN-04919,8.772270032168173,48.01520289986328,33.11759734096193
VEN-04920,0.2058394689761247,3.211264715920109,52.96795844292116
VEN-04921,0.9849475912050306,97.33513582174088,23.35793028469656
VEN-04922,2.107582897688226,0.7311435648040359,8.157754320205456
VEN-04923,4.131686863203698,-37.44494292253168,39.08810539443594
VEN-04924,10.399186611074756,17.48286921213267,35.85314627638115
VEN-04925,0.4202065399709166,36.27436985142801,39.135732547783306
VEN-04926,12.897425118811835,20.82750506313574,19.019133642920497
VEN-04927,4.820464134501139,13.310436350252395,42.41236679983177
VEN-04928,2.0861266326965477,-2.251613848439579,22.263377481806337
VEN-04929,0.5401335382041432,0.3037612432202872,28.204942641196062
VEN-04930,1.4481978674142597,-54.841011650140445,35.04144190043424
VEN-04931,8.395637414552834,31.19441562116627,32.292570460697654
VEN-04932,2.7984522293995013,-2.2371517438668835,22.511261004679262
VEN-04933,2.2280180363752997,38.95222023364385,32.53808374923325
VEN-04934,0.9336731846472685,-6.380466417587124,12.709039850771443
VEN-04935,6.0988544900311945,6.555888724371598,32.21806660331829
VEN-04936,2.3055501500569946,41.72814566476576,10.807676102900835
VEN-04937,2.09533955245416,44.06935563714238,33.45570459996443
VEN-04938,2.447928030444119,30.71303214108521,23.35314516135864
VEN-04939,1.3367295223908202,-42.52079046577092,67.27149995434945
VEN-04940,1.108681442752377,-26.480016314885567,26.981851035236108
VEN-04941,0.5109526056884084,26.930430839258914,47.940155587074926
VEN-04942,1.3751766216116288,-10.857455287631186,9.961646134467852
VEN-04943,0.3752448414219332,9.991300602050998,49.83978141739339
VEN-04944,4.6379447596701,13.600555544939972,30.28513631033179
VEN-04945,1.3042171200981674,14.916691943964157,63.51783308882273
VEN-04946,1.7655609013699516,-20.504908543425657,46.9011443952794
VEN-04947,2.6094823884984155,35.61713354230194,45.36296519895791
VEN-04948,1.1247819874044485,-6.160188172218545,46.38971808452784
VEN-04949,0.7463920867989084,23.926282461324785,18.048701122795983
VEN-04950,3.469494715370733,2.406230865830831,43.99215117419726
VEN-04951,21.71299779737932,59.86307591213288,7.367517951885406
VEN-04952,7.397562279881551,47.1095622816751,51.41922878118724
VEN-04953,11.110128255605218,65.5533065990363,25.32144335141805
VEN-04954,0.651628655881589,52.62544141951179,36.093161956532136
VEN-04955,2.202054340594933,4.374013128292658,64.700196263883
VEN-04956,2.1862674093683805,-6.416518426594102,34.85867620771402
VEN-04957,13.082388983717475,-22.656488929891744,48.37869537409272
VEN-04958,7.452199317148893,15.188138762165671,47.85070599681959
VEN-04959,2.269250024601951,8.65734052868292,42.18875422466704
VEN-04960,0.2193254019417886,6.838589650609372,42.84917774034485
VEN-04961,0.7598091148289242,-14.385181817074358,30.370293527740643
VEN-04962,5.453418283734081,17.746726609535514,64.23422397422439
VEN-04963,1.9101597496720568,-2.3106331771624635,41.00154745788283
VEN-04964,2.4079329914720446,-5.028332974539049,22.40860110057584
VEN-04965,5.3387694957089815,12.42497440870729,18.228755980739543
VEN-04966,9.440306976728788,5.897504881835443,31.91350887848964
VEN-04967,1.1540664986405598,-30.50686122156429,57.45879374996692
VEN-04968,5.211249575687147,-13.2682295517561,10.43829816290627
VEN-04969,16.000109374076864,22.380457383872564,20.752994611106537
VEN-04970,13.075901316067268,6.711275414528268,27.796926964562363
VEN-04971,1.5160382667451169,-44.448731930266405,4.588293247907052
VEN-04972,3.759792534869821,26.867632088504397,7.299202261043468
VEN-04973,6.207924533659679,6.665132215735699,18.845078648929555
VEN-04974,2.7792064620729278,-20.66683476285856,25.555387557764337
VEN-04975,2.066564657435482,-10.060881721988366,15.236267759711623
VEN-04976,0.4051471340712662,12.461068580696615,28.54661170183969
VEN-04977,1.0496069776662778,-51.63291206075216,62.00016987730873
VEN-04978,1.265085191574071,19.354085788155157,54.72179626659821
VEN-04979,0.6787420822287841,34.641923969775235,38.47120935562741
VEN-04980,3.066228607813696,32.045380795631004,48.1063890302736
VEN-04981,7.05131261959886,39.16464879408683,13.223061089386787
VEN-04982,1.7140383761469322,-13.058305983168632,70.84344080034616
VEN-04983,0.2407313300534361,35.91724888996611,84.94584898581651
VEN-04984,2.386409113914351,15.352424828059071,69.1461018966226
VEN-04985,3.674383019659168,-14.553151261478206,36.50267443776789
VEN-04986,3.4109947865381045,20.60353623586112,47.68255506967971
VEN-04987,1.229664460941902,19.783180888323123,20.36375525992182
VEN-04988,0.7221707567109878,49.5937896367936,62.26953668428544
VEN-04989,7.206905616696527,40.32369016339451,29.766197641807807
VEN-04990,4.002428629039037,-10.64555440869164,19.935944988981184
VEN-04991,1.2848527603080504,17.19814369471331,23.921099357809453
VEN-04992,0.5213662196199474,16.90889911003037,37.98478386104164
VEN-04993,3.4724744190363364,14.785233275348949,5.659637539001963
VEN-04994,1.0127810194823543,-0.2307600295803631,44.38798454812694
VEN-04995,4.141099789798527,55.37643277758113,27.62743040367364
VEN-04996,3.2336776555052285,-8.824088667382313,41.53346455103157
VEN-04997,26.69828072617601,52.99242625954843,29.14525489568404
VEN-04998,2.4950468420441823,-30.469765288186245,22.465230487952734
VEN-04999,24.553018345669024,-2.2983240039428097,36.71896894660442
VEN-05000,2.974583699409487,28.643432278866683,27.488045629448575
