third_party_id,historic_review_timeliness_rate,relationship_owner_changes_24m,required_training_completion_pct,next_review_due_date,risk_assessment_due_date,attestation_due_date
VEN-00001,0.8677548669760997,0,76.28558053940331,2025-12-31,2025-12-31,2025-12-31
VEN-00002,0.9045697258894762,3,90.48750228768507,2025-12-31,2025-12-31,2025-12-31
VEN-00003,0.6576869774746408,1,84.23929689623384,2025-12-31,2025-07-06,2025-12-31
VEN-00004,0.6978309531494692,1,76.23085206855428,2025-12-06,2025-12-31,2025-08-28
VEN-00005,0.9059611924319156,1,97.39927005551316,2025-12-31,2025-12-31,2025-12-31
VEN-00006,0.5496008912673216,1,89.47025043834219,2025-12-31,2025-12-31,2025-08-08
VEN-00007,0.8041455397883628,0,100.0,2025-12-31,2025-12-31,2025-12-31
VEN-00008,0.886305430005608,0,92.64768415840648,2025-12-31,2025-12-31,2025-12-31
VEN-00009,0.7439457769849979,0,90.70359120098853,2025-12-31,2025-11-01,2025-12-31
VEN-00010,0.7457197661369768,1,100.0,2025-12-31,2025-12-31,2025-12-31
VEN-00011,0.8238846118593013,0,90.98199630445193,2025-12-31,2025-11-28,2025-12-31
VEN-00012,0.9385792189967486,0,94.31939959785475,2025-12-31,2025-12-31,2025-12-31
VEN-00013,0.9371801254569602,1,100.0,2025-12-31,2025-08-23,2025-12-31
VEN-00014,0.6651287452779091,1,95.14319590518078,2025-12-31,2025-12-31,2025-12-31
VEN-00015,0.7895962505159587,1,91.13594258125998,2025-12-31,2025-12-31,2025-12-31
VEN-00016,0.8689737980426584,0,100.0,2025-12-31,2025-08-16,2025-12-31
VEN-00017,0.7373849660499312,0,100.0,2025-12-31,2025-12-31,2025-12-31
VEN-00018,0.8934592538361248,0,100.0,2025-12-31,2025-12-31,2025-12-31
VEN-00019,0.6300938820394704,0,100.0,2025-12-31,2025-12-31,2025-12-31
VEN-00020,0.8281273203584179,1,94.7406672544048,2025-12-31,2025-12-31,2025-12-31
VEN-00021,0.9394839165271112,0,94.79957882735476,2025-12-31,2025-12-31,2025-12-31
VEN-00022,0.7807432085050957,2,93.8541402289334,2025-12-31,2025-12-31,2025-12-31
VEN-00023,0.8803315915830041,1,86.83081131230557,2025-12-31,2025-11-13,2025-12-31
VEN-00024,0.9115612004829616,0,96.10093267548808,2025-12-31,2025-12-31,2025-12-31
VEN-00025,0.6314494136029066,0,100.0,2025-10-26,2025-12-31,2025-12-31
VEN-00026,0.8628400256475243,0,100.0,2025-12-31,2025-12-31,2025-12-31
VEN-00027,0.8596125716075909,1,88.22745437763137,2025-12-31,2025-10-14,2025-12-31
VEN-00028,0.7825630207693826,0,88.99516872882135,2025-12-31,2025-10-15,2025-12-31
VEN-00029,0.8402700718567444,2,100.0,2025-12-31,2025-12-31,2025-12-31
VEN-00030,0.7889265921667153,2,88.33197601230107,2025-12-31,2025-12-31,2025-12-31
VEN-00031,0.9349091634870096,0,87.61352920394008,2025-12-31,2025-12-31,2025-12-31
VEN-00032,0.8784649937250711,1,87.53879359711485,2025-07-19,2025-12-31,2025-12-31
VEN-00033,0.7944830651633158,0,92.44022839957132,2025-08-27,2025-08-19,2025-12-31
VEN-00034,0.7813016623711113,2,100.0,2025-12-31,2025-12-31,2025-12-31
VEN-00035,0.8876752435611094,0,94.08304393947051,2025-12-31,2025-12-31,2025-12-31
VEN-00036,0.6907779118359866,1,90.78921503006876,2025-10-12,2025-12-31,2025-12-31
VEN-00037,0.6479763241212978,2,100.0,2025-12-31,2025-12-31,2025-12-31
VEN-00038,0.8836393477761554,0,89.16973612116333,2025-05-25,2025-12-31,2025-12-31
VEN-00039,0.8668754911229882,0,86.6893519714218,2025-12-31,2025-12-31,2025-12-31
VEN-00040,0.8904031897489338,0,91.9870800078408,2025-12-31,2025-12-23,2025-12-31
VEN-00041,0.4310509658297369,0,91.848103023148,2025-09-27,2025-12-31,2025-12-31
VEN-00042,0.7648593507783986,0,96.45048003663167,2025-12-31,2025-12-31,2025-12-31
VEN-00043,0.6857248859001146,0,100.0,2025-12-31,2025-12-31,2025-12-31
VEN-00044,0.8940251015158907,0,85.26496430246814,2025-12-31,2025-12-31,2025-12-31
VEN-00045,0.6771703627804496,2,91.69109548712451,2025-12-31,2025-12-31,2025-12-31
VEN-00046,0.6919584711276677,0,99.82280308847382,2025-12-31,2025-10-18,2025-08-17
VEN-00047,0.6959859700175506,0,100.0,2025-12-31,2025-12-31,2025-12-31
VEN-00048,0.8731988764086245,0,100.0,2025-12-31,2025-12-31,2025-12-31
VEN-00049,0.947288226607829,0,100.0,2025-06-23,2025-12-31,2025-09-08
VEN-00050,0.8963125251778624,3,91.40433935483104,2025-12-31,2025-12-31,2025-12-31
VEN-00051,0.8302473964210915,1,92.76646200624724,2025-12-31,2025-12-31,2025-12-31
VEN-00052,0.9165524313631492,0,87.45786014981488,2025-09-06,2025-10-15,2025-12-31
VEN-00053,0.850257147401545,0,93.35889423843236,2025-12-31,2025-12-31,2025-11-13
VEN-00054,0.6575634583004645,0,99.23344686747696,2025-09-17,2025-12-31,2025-11-11
VEN-00055,0.9085982907074316,1,93.93708439686284,2025-12-31,2025-12-31,2025-12-31
VEN-00056,0.6798409700924268,2,93.02096047880433,2025-12-31,2025-12-31,2025-12-31
VEN-00057,0.7273710843321738,0,99.45207912270465,2025-12-31,2025-10-19,2025-08-30
VEN-00058,0.6196623241578019,1,100.0,2025-12-31,2025-12-31,2025-09-07
VEN-00059,0.8328136506483189,1,100.0,2025-12-31,2025-12-31,2025-12-31
VEN-00060,0.7396688742843897,2,100.0,2025-12-31,2025-12-31,2025-12-31
VEN-00061,0.8057871258023954,0,96.10425047288612,2025-12-31,2025-12-31,2025-08-18
VEN-00062,0.6661529927847161,0,86.10698279408145,2025-12-31,2025-12-31,2025-12-31
VEN-00063,0.5017533785448584,1,90.34472171033444,2025-12-31,2025-12-22,2025-12-31
VEN-00064,0.8814763808867758,1,91.4443052398846,2025-06-19,2025-12-31,2025-12-31
VEN-00065,0.9727401926204589,0,95.39530346867308,2025-12-31,2025-12-31,2025-12-31
VEN-00066,0.607619501787616,0,100.0,2025-12-31,2025-12-31,2025-12-31
VEN-00067,0.8746156732829939,0,96.11750721812248,2025-12-31,2025-12-31,2025-08-03
VEN-00068,0.6136841330772886,0,86.05274285927631,2025-12-31,2025-12-31,2025-12-31
VEN-00069,0.6105963889209811,4,100.0,2025-12-31,2025-12-31,2025-12-31
VEN-00070,0.9781023032892228,0,97.13328277783609,2025-11-10,2025-12-31,2025-12-31
VEN-00071,0.8830657294810079,0,97.6462075310572,2025-12-31,2025-07-07,2025-12-31
VEN-00072,0.8802120067023055,2,100.0,2025-12-31,2025-12-31,2025-12-31
VEN-00073,0.8509681448606932,1,100.0,2025-12-31,2025-09-20,2025-12-31
VEN-00074,0.7665437173242797,0,98.65020891422016,2025-12-31,2025-12-31,2025-12-31
VEN-00075,0.4901194381491101,1,92.75413302898602,2025-07-04,2025-12-31,2025-12-31
VEN-00076,0.8633418907862289,0,100.0,2025-12-31,2025-12-31,2025-12-31
VEN-00077,0.80827921503351,0,74.94935902854911,2025-12-31,2025-12-31,2025-12-31
VEN-00078,0.9139752333190748,2,82.85467697796187,2025-07-06,2025-12-31,2025-12-31
VEN-00079,0.8867535963471587,0,100.0,2025-12-31,2025-12-31,2025-12-31
VEN-00080,0.8887446191374451,0,89.73397765290309,2025-12-31,2025-12-31,2025-12-31
VEN-00081,0.7354671067254276,0,89.60672774258056,2025-12-31,2025-12-31,2025-12-31
VEN-00082,0.7378872947882354,0,100.0,2025-12-24,2025-12-31,2025-12-31
VEN-00083,0.687455139156698,0,95.90322656886958,2025-12-31,2025-07-24,2025-12-31
VEN-00084,0.9734587062149116,0,94.64495639061658,2025-12-31,2025-08-19,2025-12-31
VEN-00085,0.8824280349123127,1,97.0966552308204,2025-12-31,2025-12-31,2025-12-31
VEN-00086,0.7480596621751137,2,100.0,2025-12-31,2025-12-31,2025-12-31
VEN-00087,0.8126014452629264,2,100.0,2025-12-31,2025-12-19,2025-12-31
VEN-00088,0.8375677554401486,0,82.9547032338074,2025-12-31,2025-12-31,2025-11-29
VEN-00089,0.8909006151566689,2,98.35318302801949,2025-07-06,2025-12-31,2025-12-31
VEN-00090,0.8086570924132725,0,100.0,2025-12-31,2025-08-07,2025-12-31
VEN-00091,0.9818194621200276,4,77.17511298264242,2025-12-31,2025-12-31,2025-12-31
VEN-00092,0.950453523040689,1,99.27229756396405,2025-12-31,2025-12-23,2025-12-31
VEN-00093,0.7899045754944396,0,93.39106054813652,2025-09-15,2025-12-31,2025-12-31
VEN-00094,0.7994114190694115,0,83.61832273458683,2025-12-31,2025-12-31,2025-12-31
VEN-00095,0.7465766931155824,0,91.83451778649494,2025-12-31,2025-08-25,2025-12-31
VEN-00096,0.5646103651080339,1,100.0,2025-12-31,2025-12-31,2025-12-31
VEN-00097,0.8906900549455716,0,79.06683167557522,2025-12-31,2025-12-31,2025-12-31
VEN-00098,0.7715548281737477,1,100.0,2025-12-31,2025-12-31,2025-12-31
VEN-00099,0.9126127325799176,0,85.53122074491294,2025-12-31,2025-12-31,2025-12-31
VEN-00100,0.893265982013971,0,100.0,2025-12-31,2025-12-31,2025-12-31
VEN-00101,0.5957530635387559,2,100.0,2025-12-31,2025-12-27,2025-12-31
VEN-00102,0.8186458121190435,0,87.23745661684997,2025-12-31,2025-11-11,2025-12-31
VEN-00103,0.923465025885777,0,93.23956187494004,2025-12-31,2025-12-31,2025-12-05
VEN-00104,0.9356705851913834,1,100.0,2025-12-31,2025-12-31,2025-11-18
VEN-00105,0.7513619217682516,0,100.0,2025-06-22,2025-08-03,2025-12-31
VEN-00106,0.6828662648011656,1,98.54959091428944,2025-10-20,2025-12-31,2025-12-31
VEN-00107,0.8212113764509446,0,82.19874667592661,2025-12-07,2025-12-31,2025-12-31
VEN-00108,0.8042046046836722,0,86.65840793398083,2025-12-31,2025-09-08,2025-12-31
VEN-00109,0.9218961435412938,0,95.1454234207291,2025-12-31,2025-12-31,2025-12-31
VEN-00110,0.9310026195487277,0,89.81105345603811,2025-11-03,2025-12-31,2025-12-31
VEN-00111,0.706488126974576,1,94.63141853872987,2025-12-31,2025-12-31,2025-12-31
VEN-00112,0.6935203197674662,0,83.88263274736612,2025-12-31,2025-12-31,2025-12-31
VEN-00113,0.9494165968679796,0,85.8866347799683,2025-09-18,2025-11-28,2025-12-31
VEN-00114,0.7026079634554898,0,84.01951156952268,2025-12-31,2025-12-31,2025-12-31
VEN-00115,0.9183100790972512,0,98.9724884616878,2025-12-31,2025-12-31,2025-12-31
VEN-00116,0.7548321684231811,2,100.0,2025-12-31,2025-12-31,2025-09-19
VEN-00117,0.7588907539019911,0,94.09061815577832,2025-12-31,2025-12-31,2025-10-16
VEN-00118,0.8800876616380461,0,80.36797744124067,2025-12-31,2025-12-31,2025-12-31
VEN-00119,0.8493582881253992,1,96.2137974192108,2025-12-31,2025-12-31,2025-09-24
VEN-00120,0.8698262226156017,0,93.3986581753054,2025-12-31,2025-12-31,2025-12-31
VEN-00121,0.7669229784349234,0,100.0,2025-12-31,2025-08-22,2025-12-31
VEN-00122,0.7096964517595079,0,93.5108861815478,2025-10-28,2025-09-12,2025-12-31
VEN-00123,0.8871478899855355,0,85.83540919678434,2025-12-31,2025-12-31,2025-09-30
VEN-00124,0.8237335264849058,1,94.62665476494958,2025-12-31,2025-12-31,2025-10-13
VEN-00125,0.941289890618847,0,89.0566332873158,2025-12-31,2025-12-31,2025-12-19
VEN-00126,0.9268022626833528,0,89.36805926796976,2025-10-24,2025-12-31,2025-12-31
VEN-00127,0.7172331938868659,0,90.27027971871006,2025-12-31,2025-12-31,2025-12-31
VEN-00128,0.7223131463451579,0,91.15462092539616,2025-10-29,2025-12-31,2025-12-31
VEN-00129,0.930894703203262,2,91.65976267363902,2025-12-31,2025-12-31,2025-12-31
VEN-00130,0.8197114608172493,0,90.19736177684383,2025-12-31,2025-12-31,2025-12-31
VEN-00131,0.5702936736053551,0,100.0,2025-12-31,2025-12-31,2025-12-31
VEN-00132,0.8953678116752434,0,84.2659075701932,2025-12-31,2025-12-31,2025-12-31
VEN-00133,0.834247235464248,0,94.62622108230416,2025-12-31,2025-12-31,2025-12-31
VEN-00134,0.6980910414300974,0,89.3027990901394,2025-12-31,2025-12-31,2025-12-31
VEN-00135,0.7423632730077007,2,89.00550511167336,2025-12-31,2025-12-31,2025-12-31
VEN-00136,0.9164363262352586,1,100.0,2025-12-31,2025-09-02,2025-12-31
VEN-00137,0.802635203257642,1,100.0,2025-12-31,2025-12-31,2025-12-31
VEN-00138,0.8388958508087042,0,96.33141848716583,2025-12-31,2025-12-31,2025-12-31
VEN-00139,0.8385371710743904,1,100.0,2025-12-31,2025-12-31,2025-12-31
VEN-00140,0.8260146562422174,0,100.0,2025-12-31,2025-12-31,2025-12-31
VEN-00141,0.8706791015846549,0,100.0,2025-12-31,2025-12-31,2025-12-31
VEN-00142,0.958765169407936,1,95.17271463900371,2025-07-17,2025-12-31,2025-12-31
VEN-00143,0.7077847192185595,0,100.0,2025-12-31,2025-07-11,2025-12-31
VEN-00144,0.9856706763616908,1,84.91357277602351,2025-12-12,2025-12-31,2025-12-31
VEN-00145,0.8065760912482223,1,89.34254786397572,2025-12-31,2025-12-31,2025-12-31
VEN-00146,0.9370309055215286,1,93.64043311480096,2025-12-31,2025-12-31,2025-12-31
VEN-00147,0.5669432395442725,1,95.70567534292935,2025-12-31,2025-12-31,2025-12-31
VEN-00148,0.4719777548848912,0,84.2244284632767,2025-12-31,2025-12-31,2025-11-25
VEN-00149,0.6656618317597215,2,81.46671147403354,2025-12-31,2025-12-31,2025-12-31
VEN-00150,0.7972811221362103,0,91.86211448290342,2025-12-31,2025-12-31,2025-12-31
VEN-00151,0.803877452577985,0,96.92978919373247,2025-10-26,2025-12-31,2025-12-31
VEN-00152,0.6120212791042414,0,100.0,2025-12-20,2025-12-31,2025-12-31
VEN-00153,0.5323331934284895,1,93.58345175568024,2025-07-06,2025-12-31,2025-12-31
VEN-00154,0.8873577250068501,0,97.29184640790989,2025-12-31,2025-12-31,2025-12-31
VEN-00155,0.7638894867023012,0,94.00445599689282,2025-12-31,2025-12-31,2025-10-29
VEN-00156,0.7869158614316611,1,100.0,2025-12-31,2025-12-31,2025-12-23
VEN-00157,0.8507532830473591,1,97.49688974657836,2025-12-31,2025-08-17,2025-12-31
VEN-00158,0.844588313642056,0,85.91894279242382,2025-12-31,2025-12-31,2025-11-12
VEN-00159,0.9104990001616314,0,98.00315809619404,2025-10-12,2025-12-31,2025-12-31
VEN-00160,0.7242420015902609,1,94.9402180876396,2025-12-31,2025-10-22,2025-12-31
VEN-00161,0.9332529651424908,1,91.6417305915399,2025-12-31,2025-07-15,2025-12-31
VEN-00162,0.8563615204995441,1,88.62138753904037,2025-10-30,2025-12-31,2025-12-31
VEN-00163,0.8765863594300606,2,94.33631782830896,2025-12-31,2025-12-31,2025-12-31
VEN-00164,0.937424098370193,0,90.94269376625556,2025-12-31,2025-12-31,2025-12-31
VEN-00165,0.963669509850932,0,90.7916248457974,2025-11-20,2025-12-31,2025-12-31
VEN-00166,0.8285839959474288,0,96.43824695055568,2025-12-31,2025-12-31,2025-12-31
VEN-00167,0.5592133532579778,0,98.53202584980124,2025-12-31,2025-12-31,2025-12-31
VEN-00168,0.7709417332076994,2,92.8002399125086,2025-12-31,2025-12-31,2025-12-31
VEN-00169,0.7476596286311633,0,90.14316814417764,2025-09-13,2025-12-31,2025-12-31
VEN-00170,0.5846024674580564,0,90.67472562883384,2025-12-31,2025-09-21,2025-12-31
VEN-00171,0.8401361233957233,1,99.17440677402844,2025-12-31,2025-12-31,2025-12-31
VEN-00172,0.7820318730144696,0,95.15698798941264,2025-12-31,2025-12-31,2025-12-31
VEN-00173,0.9105831601330808,0,87.78215623778206,2025-12-31,2025-12-31,2025-12-31
VEN-00174,0.682133091393279,0,77.2166779444629,2025-12-31,2025-12-31,2025-12-31
VEN-00175,0.8541802222701922,0,100.0,2025-12-31,2025-07-26,2025-12-31
VEN-00176,0.7268379728315845,0,85.69054705829582,2025-12-31,2025-07-13,2025-12-31
VEN-00177,0.7588002081137731,0,84.01740944812359,2025-12-31,2025-12-31,2025-12-31
VEN-00178,0.6316084469027774,0,98.65405489120865,2025-12-31,2025-12-31,2025-12-31
VEN-00179,0.7015708371485225,1,81.38231239315851,2025-06-19,2025-07-07,2025-12-31
VEN-00180,0.8994378870185292,0,88.64692426650498,2025-12-31,2025-12-31,2025-12-31
VEN-00181,0.8450055832068484,2,100.0,2025-12-31,2025-09-11,2025-12-31
VEN-00182,0.6133773361302188,1,97.61352835637663,2025-12-17,2025-12-24,2025-12-31
VEN-00183,0.703961437733425,0,90.75467454819515,2025-12-31,2025-09-16,2025-12-31
VEN-00184,0.8391771738903446,2,90.94698735728544,2025-12-31,2025-12-31,2025-12-31
VEN-00185,0.7825165935055125,0,87.55213104097007,2025-12-31,2025-12-31,2025-12-31
VEN-00186,0.7733713033692958,0,90.72577802276646,2025-12-31,2025-12-31,2025-12-31
VEN-00187,0.8448925248104646,0,90.576085601629,2025-12-31,2025-12-31,2025-12-31
VEN-00188,0.4158780447387663,1,93.39908150991889,2025-12-31,2025-09-29,2025-12-31
VEN-00189,0.9872460808670458,0,100.0,2025-12-31,2025-10-04,2025-12-31
VEN-00190,0.9239480157094064,2,97.3349085432305,2025-12-31,2025-12-31,2025-12-31
VEN-00191,0.8167254647654527,1,93.17882987484242,2025-08-18,2025-12-31,2025-12-31
VEN-00192,0.4413463366621112,0,89.52605566804243,2025-12-31,2025-12-31,2025-12-31
VEN-00193,0.6828835676751394,0,100.0,2025-07-05,2025-10-29,2025-12-31
VEN-00194,0.9135605165349916,0,100.0,2025-12-31,2025-12-31,2025-12-31
VEN-00195,0.7911326593970001,0,94.21981107507648,2025-12-31,2025-12-31,2025-12-31
VEN-00196,0.8995620324801995,0,97.71186236460552,2025-12-31,2025-12-31,2025-12-31
VEN-00197,0.7877979388258004,0,74.93694508419637,2025-12-31,2025-12-31,2025-10-02
VEN-00198,0.7257464548392687,1,88.69746451760894,2025-08-14,2025-12-31,2025-12-31
VEN-00199,0.8479106486964337,2,82.60564414338917,2025-12-31,2025-12-31,2025-11-23
VEN-00200,0.8847561768915572,0,95.28136746114043,2025-07-06,2025-12-31,2025-12-31
VEN-00201,0.6058056723659702,0,84.54203507670009,2025-12-31,2025-09-25,2025-12-31
VEN-00202,0.8619311531137198,0,100.0,2025-12-31,2025-12-31,2025-12-31
VEN-00203,0.7688611308398662,0,100.0,2025-12-31,2025-09-11,2025-12-31
VEN-00204,0.8070132113396111,1,96.4793763213522,2025-12-31,2025-12-31,2025-12-31
VEN-00205,0.6374524688914467,0,89.81339980282986,2025-12-31,2025-12-31,2025-12-31
VEN-00206,0.7230127111667255,1,90.4598256192842,2025-12-31,2025-12-31,2025-10-17
VEN-00207,0.8556709893942293,0,96.04333281858533,2025-12-31,2025-12-31,2025-12-31
VEN-00208,0.6315105769068452,1,100.0,2025-12-31,2025-12-31,2025-12-31
VEN-00209,0.8071304264395427,1,100.0,2025-12-31,2025-08-31,2025-12-31
VEN-00210,0.6571597470362509,0,98.3389527758574,2025-12-31,2025-12-31,2025-12-31
VEN-00211,0.9206791137320306,0,91.86218366797084,2025-10-25,2025-10-14,2025-12-31
VEN-00212,0.8436265458899351,0,78.17160118472874,2025-09-24,2025-12-31,2025-12-31
VEN-00213,0.8758340724599242,0,90.44602920848216,2025-12-31,2025-12-31,2025-12-31
VEN-00214,0.9180422578265772,0,90.11088208383389,2025-12-31,2025-12-31,2025-12-31
VEN-00215,0.8798398516455188,0,92.2253699959699,2025-12-31,2025-07-11,2025-12-31
VEN-00216,0.9362222205094738,0,93.3539641534192,2025-12-31,2025-12-31,2025-12-31
VEN-00217,0.8662347105795798,0,95.0083270230908,2025-12-31,2025-12-31,2025-12-31
VEN-00218,0.7028132060013049,0,87.56719110948262,2025-12-31,2025-08-30,2025-12-31
VEN-00219,0.6627329398218582,1,100.0,2025-12-31,2025-12-31,2025-08-15
VEN-00220,0.5922135917633174,0,100.0,2025-12-31,2025-12-31,2025-11-28
VEN-00221,0.6940932487090217,1,91.27188540237516,2025-12-31,2025-09-13,2025-12-31
VEN-00222,0.8635643279168569,0,94.96334707094488,2025-08-12,2025-12-31,2025-12-31
VEN-00223,0.7293793938768832,0,85.26788980407797,2025-12-27,2025-12-31,2025-12-31
VEN-00224,0.7868757236920784,1,84.50976746880204,2025-12-31,2025-12-31,2025-08-25
VEN-00225,0.6972800063012855,0,100.0,2025-12-31,2025-12-31,2025-12-31
VEN-00226,0.8658252267550616,0,100.0,2025-11-24,2025-12-31,2025-12-31
VEN-00227,0.6887892527771248,0,94.1731781888222,2025-12-31,2025-12-31,2025-12-31
VEN-00228,0.5752654016381246,2,97.08035463551369,2025-07-12,2025-12-31,2025-12-31
VEN-00229,0.9424826652496658,0,97.72858575822168,2025-12-31,2025-12-31,2025-11-24
VEN-00230,0.6796011058307195,0,85.02843268433202,2025-12-31,2025-11-13,2025-12-31
VEN-00231,0.8943740289114862,1,82.66329741514535,2025-12-31,2025-12-31,2025-12-31
VEN-00232,0.7923070706974983,1,80.73325097427058,2025-12-31,2025-12-31,2025-12-31
VEN-00233,0.7582155404022729,1,96.02322126897072,2025-10-30,2025-12-31,2025-12-03
VEN-00234,0.9253690430674728,2,100.0,2025-11-29,2025-12-31,2025-12-31
VEN-00235,0.9586452734230329,1,98.2298262221586,2025-12-31,2025-12-31,2025-09-11
VEN-00236,0.8575548792373022,1,88.38516760900174,2025-12-31,2025-12-31,2025-12-31
VEN-00237,0.8093605541406151,0,77.92144187173562,2025-08-31,2025-12-31,2025-12-05
VEN-00238,0.8435378906782139,4,100.0,2025-12-31,2025-12-31,2025-09-07
VEN-00239,0.6972476198448538,0,94.4517834636602,2025-12-31,2025-12-31,2025-12-31
VEN-00240,0.5809329061040714,0,93.262943413366,2025-08-11,2025-12-17,2025-12-31
VEN-00241,0.4849807450174083,3,95.84714291072606,2025-08-25,2025-12-31,2025-10-28
VEN-00242,0.895119392754255,1,88.27688174517884,2025-07-15,2025-12-31,2025-12-31
VEN-00243,0.8052439302786583,0,90.302594105721,2025-12-31,2025-12-31,2025-12-31
VEN-00244,0.9696727674046056,0,90.20985963657328,2025-12-31,2025-12-31,2025-12-31
VEN-00245,0.9516536117907134,0,98.1020930584652,2025-12-31,2025-12-31,2025-12-31
VEN-00246,0.9291969942930288,1,88.03307414997458,2025-12-31,2025-12-31,2025-12-31
VEN-00247,0.782743884024357,0,90.4820156105935,2025-12-31,2025-12-31,2025-09-03
VEN-00248,0.8308177354124675,0,88.79432583103379,2025-12-31,2025-12-31,2025-12-31
VEN-00249,0.8936454280386061,3,88.01476680895726,2025-12-31,2025-12-31,2025-12-31
VEN-00250,0.3992520532363818,0,90.92829019009156,2025-10-13,2025-12-31,2025-10-15
VEN-00251,0.8220730540989304,0,94.1390430318226,2025-12-31,2025-12-31,2025-12-31
VEN-00252,0.873790490892787,0,98.40912458501012,2025-09-25,2025-12-31,2025-12-31
VEN-00253,0.8247843533230557,0,100.0,2025-11-27,2025-12-31,2025-12-31
VEN-00254,0.762810909043804,0,100.0,2025-12-31,2025-12-31,2025-12-31
VEN-00255,0.8967045001037526,0,100.0,2025-12-31,2025-12-31,2025-12-31
VEN-00256,0.8478522731034117,0,99.95413130073072,2025-09-23,2025-12-31,2025-11-17
VEN-00257,0.7862684813431342,1,92.380759696247,2025-12-31,2025-12-31,2025-12-31
VEN-00258,0.7607450594457349,0,100.0,2025-12-31,2025-12-31,2025-12-31
VEN-00259,0.948975026196486,0,100.0,2025-11-02,2025-12-31,2025-12-31
VEN-00260,0.8540704298138996,0,96.76405186774228,2025-06-09,2025-12-31,2025-12-31
VEN-00261,0.8748979051119863,1,94.34074747728005,2025-12-31,2025-12-31,2025-12-02
VEN-00262,0.90374301154343,0,98.51731273788,2025-08-28,2025-12-31,2025-11-19
VEN-00263,0.8330111028430139,0,100.0,2025-08-11,2025-12-31,2025-12-31
VEN-00264,0.9103709083924636,2,88.57456752712648,2025-12-31,2025-12-13,2025-12-31
VEN-00265,0.9532461731615408,1,100.0,2025-12-31,2025-08-20,2025-12-31
VEN-00266,0.7106853741648768,0,99.85786350708456,2025-12-31,2025-12-31,2025-09-03
VEN-00267,0.9048533678202232,3,89.40235999175208,2025-12-31,2025-12-31,2025-12-31
VEN-00268,0.8378229272742975,0,92.07373566448562,2025-07-12,2025-09-02,2025-12-31
VEN-00269,0.8460300644344158,0,96.79785675417996,2025-11-20,2025-12-07,2025-12-31
VEN-00270,0.8756902714006242,0,88.66519303032496,2025-07-19,2025-12-31,2025-12-31
VEN-00271,0.9781245142673206,3,100.0,2025-12-31,2025-12-31,2025-12-31
VEN-00272,0.8411652496898685,0,100.0,2025-05-29,2025-12-31,2025-12-31
VEN-00273,0.6504819244122617,2,83.15044281716371,2025-12-31,2025-12-31,2025-12-31
VEN-00274,0.9344536404518958,0,99.70519994244091,2025-12-31,2025-12-31,2025-10-21
VEN-00275,0.5988741403461406,0,95.38661741630406,2025-12-31,2025-12-31,2025-10-08
VEN-00276,0.8920148965138275,1,97.20154013114444,2025-11-28,2025-12-31,2025-12-31
VEN-00277,0.9411391959408478,0,99.86220222548414,2025-12-31,2025-12-31,2025-10-17
VEN-00278,0.8730301689144065,1,95.88109888735156,2025-12-31,2025-12-31,2025-12-31
VEN-00279,0.7284206724668425,0,97.64090111119762,2025-12-31,2025-12-31,2025-12-31
VEN-00280,0.9528557419348908,1,89.17317333318978,2025-12-31,2025-12-31,2025-12-31
VEN-00281,0.932152012289074,0,100.0,2025-12-31,2025-12-31,2025-12-31
VEN-00282,0.7848967828548636,0,99.17113319133468,2025-12-31,2025-12-31,2025-12-31
VEN-00283,0.8625021956407677,0,85.18798356340457,2025-12-31,2025-12-31,2025-12-31
VEN-00284,0.8806987815387639,0,99.44279837120376,2025-12-31,2025-09-27,2025-12-31
VEN-00285,0.6803219266470989,0,80.18440523085079,2025-12-31,2025-12-31,2025-12-31
VEN-00286,0.7223301327404865,0,81.80704058494925,2025-12-31,2025-12-31,2025-12-31
VEN-00287,0.7222269626036715,1,100.0,2025-12-31,2025-12-31,2025-12-31
VEN-00288,0.6645865762344066,1,100.0,2025-12-31,2025-12-31,2025-12-31
VEN-00289,0.8708580200294627,0,92.6718197667489,2025-12-31,2025-10-15,2025-09-22
VEN-00290,0.7009255046544665,0,98.12522401559698,2025-08-14,2025-12-31,2025-12-31
VEN-00291,0.8826706760783349,1,97.00081941425351,2025-12-31,2025-07-14,2025-12-31
VEN-00292,0.7518057454948496,1,92.85737752249491,2025-12-31,2025-10-26,2025-12-31
VEN-00293,0.9745990470834676,1,87.33798693914824,2025-12-31,2025-12-31,2025-12-31
VEN-00294,0.8693982169106893,0,83.52147050245468,2025-12-31,2025-12-31,2025-12-31
VEN-00295,0.5501748785421373,1,100.0,2025-12-31,2025-12-31,2025-12-31
VEN-00296,0.6897098200063272,0,91.6064401147363,2025-12-31,2025-12-31,2025-12-31
VEN-00297,0.8817664622621785,0,80.35271299130845,2025-12-31,2025-12-31,2025-12-31
VEN-00298,0.7814110636158916,1,91.94094776102236,2025-05-26,2025-12-31,2025-12-31
VEN-00299,0.8830815694866567,0,91.9253783530621,2025-12-31,2025-12-31,2025-12-31
VEN-00300,0.7489000018601283,0,100.0,2025-10-20,2025-12-18,2025-12-31
VEN-00301,0.7988422132427433,0,90.10877801692062,2025-12-31,2025-12-31,2025-12-31
VEN-00302,0.8660646652698367,0,96.02596696212824,2025-12-31,2025-12-31,2025-12-31
VEN-00303,0.7361481175231774,1,96.20665910111283,2025-12-31,2025-12-31,2025-12-31
VEN-00304,0.8601045932027499,0,94.6134675978856,2025-05-27,2025-12-31,2025-12-31
VEN-00305,0.9374498697366476,1,90.19286737235956,2025-12-31,2025-12-31,2025-10-23
VEN-00306,0.7356472331364964,0,95.5047932504507,2025-12-31,2025-12-31,2025-12-31
VEN-00307,0.8604258348653427,0,88.46041234801235,2025-12-31,2025-12-31,2025-12-31
VEN-00308,0.8174301469880917,0,99.88151425422808,2025-12-31,2025-12-05,2025-11-10
VEN-00309,0.8160254945668949,0,94.15164554864492,2025-12-31,2025-12-31,2025-12-31
VEN-00310,0.8450424021070423,0,88.02974473781858,2025-12-31,2025-12-31,2025-12-31
VEN-00311,0.6496125000033698,0,100.0,2025-12-31,2025-08-05,2025-12-31
VEN-00312,0.943902336354315,0,96.99167335702916,2025-06-29,2025-12-31,2025-12-31
VEN-00313,0.8703198014034293,0,91.08506620471022,2025-12-31,2025-09-15,2025-12-31
VEN-00314,0.6049564970597426,0,100.0,2025-12-31,2025-11-07,2025-12-31
VEN-00315,0.9256147599002584,1,95.47782447144805,2025-12-31,2025-12-31,2025-12-31
VEN-00316,0.8883104290453671,0,100.0,2025-05-25,2025-12-31,2025-12-31
VEN-00317,0.5501481612280472,0,88.40244740356506,2025-12-31,2025-12-31,2025-10-15
VEN-00318,0.8293723908008556,1,92.66687082695708,2025-12-31,2025-12-31,2025-12-08
VEN-00319,0.5885521222294757,2,99.86086065696666,2025-12-31,2025-12-31,2025-12-31
VEN-00320,0.8396624733349058,1,92.51520761396895,2025-12-31,2025-12-31,2025-12-31
VEN-00321,0.8087116052226929,0,90.73633796005088,2025-12-31,2025-12-31,2025-12-31
VEN-00322,0.754833666017879,1,100.0,2025-12-31,2025-12-31,2025-12-31
VEN-00323,0.8067491412578068,0,100.0,2025-11-25,2025-12-31,2025-08-31
VEN-00324,0.7601367653743818,0,94.98753007140115,2025-12-31,2025-12-31,2025-12-31
VEN-00325,0.9679987183783512,1,82.37843158454672,2025-12-31,2025-12-31,2025-12-31
VEN-00326,0.6904883095353626,0,100.0,2025-12-31,2025-12-31,2025-12-31
VEN-00327,0.9624647546751977,1,77.76798276389246,2025-12-18,2025-12-31,2025-12-31
VEN-00328,0.7804348096360337,1,95.46452461790948,2025-12-31,2025-12-31,2025-08-25
VEN-00329,0.7046206803684876,0,100.0,2025-12-31,2025-12-31,2025-12-31
VEN-00330,0.8884267133040161,1,88.70639026108279,2025-12-31,2025-12-31,2025-12-31
VEN-00331,0.8425257781065002,1,99.5257709216119,2025-12-31,2025-12-31,2025-12-31
VEN-00332,0.8359879483758414,0,83.62212230491906,2025-12-31,2025-12-31,2025-12-31
VEN-00333,0.7723111076324003,1,91.09828854146782,2025-07-05,2025-12-07,2025-12-31
VEN-00334,0.6457685383133742,1,100.0,2025-12-06,2025-12-31,2025-12-31
VEN-00335,0.9296220009349724,0,94.16171998079125,2025-12-31,2025-07-27,2025-12-31
VEN-00336,0.8939012229618991,1,74.30907742174782,2025-12-31,2025-12-31,2025-12-31
VEN-00337,0.7372497112187631,1,90.73651413571548,2025-12-31,2025-12-31,2025-12-31
VEN-00338,0.8656792204241225,0,80.47954578017907,2025-12-31,2025-12-31,2025-12-31
VEN-00339,0.8683237112481079,0,92.51788824162784,2025-12-31,2025-11-19,2025-11-09
VEN-00340,0.8920293473234775,1,88.71813113232383,2025-12-31,2025-11-09,2025-12-31
VEN-00341,0.8632462928974886,0,73.60207427848572,2025-10-24,2025-12-31,2025-12-31
VEN-00342,0.8425317707645735,0,88.0104795012591,2025-11-29,2025-12-31,2025-12-31
VEN-00343,0.89269049486895,2,85.35932087910992,2025-12-31,2025-07-22,2025-12-13
VEN-00344,0.869306910973176,0,95.46457695568672,2025-12-31,2025-12-31,2025-12-31
VEN-00345,0.930725496466554,1,87.88432618022374,2025-12-31,2025-11-29,2025-12-31
VEN-00346,0.9531444812995687,0,96.15412565972277,2025-12-31,2025-12-31,2025-12-31
VEN-00347,0.8578689859333541,0,98.91235657223292,2025-12-31,2025-12-31,2025-12-31
VEN-00348,0.7091997560153708,0,100.0,2025-12-31,2025-12-31,2025-10-28
VEN-00349,0.6534647537382748,0,95.68760962406635,2025-12-31,2025-11-16,2025-10-07
VEN-00350,0.8521100082906539,0,98.02125610343646,2025-12-31,2025-12-31,2025-12-31
VEN-00351,0.8060774222709426,1,92.26894400029072,2025-12-31,2025-12-31,2025-12-31
VEN-00352,0.7997120606697595,1,86.94044922791231,2025-12-31,2025-10-04,2025-12-31
VEN-00353,0.7442798510589343,1,98.5248204060739,2025-12-31,2025-12-31,2025-12-31
VEN-00354,0.8958233298770717,1,95.10596426117792,2025-12-31,2025-08-04,2025-12-31
VEN-00355,0.2958735305276038,1,94.30568480721324,2025-12-31,2025-10-08,2025-12-31
VEN-00356,0.9266510440527652,0,93.53880941137672,2025-12-31,2025-12-31,2025-12-31
VEN-00357,0.9430439087896966,0,91.78343897929548,2025-12-31,2025-12-31,2025-12-31
VEN-00358,0.8819891748442547,0,89.15946510936973,2025-12-31,2025-09-14,2025-12-31
VEN-00359,0.784754684616076,1,93.69664793419592,2025-12-31,2025-11-25,2025-12-14
VEN-00360,0.5698214185431141,1,87.1247341021631,2025-12-31,2025-12-31,2025-12-31
VEN-00361,0.9635767522838042,0,100.0,2025-12-31,2025-12-31,2025-12-31
VEN-00362,0.7341182065325448,1,95.9208345814437,2025-12-31,2025-12-31,2025-12-31
VEN-00363,0.8114101560651574,0,71.62608029817602,2025-12-31,2025-12-31,2025-12-31
VEN-00364,0.7497887471427053,1,100.0,2025-12-31,2025-12-31,2025-12-31
VEN-00365,0.8671889844067461,1,100.0,2025-12-31,2025-12-31,2025-09-09
VEN-00366,0.867734067560351,0,92.51980251508586,2025-12-31,2025-12-31,2025-12-31
VEN-00367,0.9567663561583416,0,91.03384571195475,2025-12-31,2025-12-31,2025-12-31
VEN-00368,0.7510313814792721,1,100.0,2025-12-31,2025-12-31,2025-12-31
VEN-00369,0.7375323112548922,0,100.0,2025-12-31,2025-12-31,2025-12-31
VEN-00370,0.8952955986258162,0,80.76392916998218,2025-12-31,2025-07-16,2025-12-31
VEN-00371,0.7019397264968646,0,100.0,2025-12-31,2025-12-31,2025-12-31
VEN-00372,0.8546695866262061,1,100.0,2025-12-02,2025-11-09,2025-12-31
VEN-00373,0.8370238491593409,0,89.07111551565745,2025-12-31,2025-12-31,2025-12-31
VEN-00374,0.914101971060031,1,86.92177506343087,2025-08-31,2025-12-31,2025-12-31
VEN-00375,0.8391398744201654,0,99.2175187316366,2025-12-31,2025-12-31,2025-12-31
VEN-00376,0.8027913883980059,1,100.0,2025-12-31,2025-12-31,2025-12-31
VEN-00377,0.9398898949413208,2,100.0,2025-12-31,2025-12-31,2025-12-31
VEN-00378,0.8813935850764172,0,100.0,2025-12-31,2025-12-07,2025-12-31
VEN-00379,0.91790441225293,1,93.15203487750422,2025-10-30,2025-12-31,2025-09-09
VEN-00380,0.750247045565066,0,94.42848817128848,2025-12-31,2025-12-31,2025-12-31
VEN-00381,0.9597214234865432,0,93.72638188222568,2025-12-31,2025-12-31,2025-10-09
VEN-00382,0.806420602169209,2,91.82506674387405,2025-12-31,2025-12-31,2025-12-31
VEN-00383,0.8952394854622211,1,88.90678463151444,2025-12-31,2025-12-31,2025-12-31
VEN-00384,0.5395920883575145,1,99.65890237183343,2025-06-09,2025-12-31,2025-12-31
VEN-00385,0.6730723074807956,0,83.16625208020224,2025-12-31,2025-12-31,2025-09-03
VEN-00386,0.9730536202762906,0,100.0,2025-12-31,2025-12-31,2025-12-31
VEN-00387,0.7261789982400693,0,90.05114765262613,2025-12-31,2025-12-31,2025-12-31
VEN-00388,0.9397264697785156,1,97.9719335039068,2025-12-31,2025-12-31,2025-12-31
VEN-00389,0.9768676938069032,0,88.05315231640039,2025-12-31,2025-12-16,2025-12-31
VEN-00390,0.8584433370754753,1,81.0284165982029,2025-05-18,2025-12-31,2025-11-11
VEN-00391,0.7229231776832538,0,100.0,2025-06-29,2025-12-31,2025-12-31
VEN-00392,0.9036340535563848,0,100.0,2025-12-31,2025-12-31,2025-09-25
VEN-00393,0.6147922740650348,1,91.40179245676435,2025-12-31,2025-08-09,2025-12-31
VEN-00394,0.6063680949279306,0,100.0,2025-12-31,2025-12-31,2025-12-31
VEN-00395,0.749567349685019,2,100.0,2025-12-31,2025-12-31,2025-12-31
VEN-00396,0.7029008108459655,0,98.66955866510104,2025-09-11,2025-12-31,2025-12-31
VEN-00397,0.9664400864372544,0,82.4492164755512,2025-12-31,2025-12-31,2025-12-31
VEN-00398,0.7247125731772249,0,83.27394991671824,2025-12-31,2025-12-31,2025-12-31
VEN-00399,0.7579788023183274,1,95.4474844853851,2025-12-31,2025-12-31,2025-12-31
VEN-00400,0.7196282331603112,1,100.0,2025-08-17,2025-12-31,2025-12-31
VEN-00401,0.9386210853112198,1,100.0,2025-12-31,2025-12-31,2025-12-31
VEN-00402,0.8878442169995246,3,96.10765881600643,2025-12-31,2025-12-31,2025-12-31
VEN-00403,0.8132319035591883,0,100.0,2025-05-16,2025-11-28,2025-12-31
VEN-00404,0.7912048417332428,0,100.0,2025-12-31,2025-12-31,2025-12-31
VEN-00405,0.7260024720043748,2,80.69964262944217,2025-05-20,2025-12-07,2025-12-31
VEN-00406,0.8326170036482384,0,89.40769778913152,2025-12-31,2025-12-31,2025-12-31
VEN-00407,0.7942766914841128,1,97.48098341902708,2025-12-31,2025-12-14,2025-12-31
VEN-00408,0.7987752744480844,2,98.69246135699812,2025-12-31,2025-12-31,2025-12-31
VEN-00409,0.6521454640922603,1,85.3741702087691,2025-12-31,2025-11-03,2025-12-31
VEN-00410,0.8844157518437057,1,99.618660990209,2025-07-23,2025-12-31,2025-08-17
VEN-00411,0.8242711268735375,1,100.0,2025-07-06,2025-12-31,2025-12-31
VEN-00412,0.8161669996063682,0,95.85367020756034,2025-12-31,2025-12-31,2025-12-31
VEN-00413,0.9748821729554126,0,99.3430001294215,2025-12-31,2025-09-14,2025-12-31
VEN-00414,0.748917851619617,0,96.81542773722953,2025-12-31,2025-12-31,2025-12-31
VEN-00415,0.924533497145669,1,97.96037122665916,2025-12-31,2025-12-31,2025-12-31
VEN-00416,0.8606731218069551,1,92.24347201211856,2025-12-31,2025-12-31,2025-12-31
VEN-00417,0.6662376783532046,0,88.01209639211322,2025-06-23,2025-12-31,2025-12-31
VEN-00418,0.9808943780624936,0,92.356330138522,2025-12-31,2025-12-31,2025-12-31
VEN-00419,0.5472683255816752,0,96.6713868477691,2025-12-31,2025-12-31,2025-12-31
VEN-00420,0.7085314544024607,1,77.1169145627451,2025-12-31,2025-12-31,2025-12-31
VEN-00421,0.7809998115680734,0,84.77539874644648,2025-12-31,2025-12-31,2025-08-05
VEN-00422,0.9180393963052176,1,87.97059418943094,2025-12-31,2025-12-31,2025-12-31
VEN-00423,0.8416097684951022,2,81.98840824567748,2025-12-31,2025-12-31,2025-12-31
VEN-00424,0.7035334541364776,0,93.68052367075587,2025-12-31,2025-12-31,2025-08-10
VEN-00425,0.7331912935876644,0,75.10201570706171,2025-11-21,2025-12-31,2025-10-26
VEN-00426,0.8111241538606828,0,97.1969620483373,2025-12-31,2025-12-31,2025-12-31
VEN-00427,0.971711411823684,0,91.25529248051974,2025-12-31,2025-12-23,2025-12-31
VEN-00428,0.8540358243948585,1,95.53817582246386,2025-12-31,2025-12-31,2025-10-13
VEN-00429,0.9434754458964776,0,100.0,2025-12-31,2025-12-31,2025-12-31
VEN-00430,0.883347676151458,0,100.0,2025-09-14,2025-10-04,2025-12-31
VEN-00431,0.8340767775554496,1,84.27021564447634,2025-12-31,2025-12-31,2025-12-31
VEN-00432,0.8639579104309955,0,86.56076544558702,2025-12-02,2025-12-31,2025-12-31
VEN-00433,0.6147203121334017,1,87.34845684729596,2025-12-31,2025-12-31,2025-12-31
VEN-00434,0.7353394973694425,0,100.0,2025-12-31,2025-12-31,2025-12-31
VEN-00435,0.8691856594899633,0,80.00159763331285,2025-05-11,2025-07-12,2025-12-31
VEN-00436,0.7427387635640259,1,91.5099388381676,2025-12-31,2025-12-31,2025-12-31
VEN-00437,0.8971244887219182,1,100.0,2025-08-21,2025-12-31,2025-12-31
VEN-00438,0.7217949139897671,0,93.31772231969128,2025-12-31,2025-12-31,2025-12-31
VEN-00439,0.8112555500081071,0,91.77577548152271,2025-12-31,2025-12-31,2025-12-31
VEN-00440,0.9161033975664252,1,100.0,2025-12-31,2025-09-16,2025-12-31
VEN-00441,0.8708289295003574,0,79.88555760891497,2025-12-31,2025-12-31,2025-12-31
VEN-00442,0.5849844305348227,0,98.07306215727353,2025-12-31,2025-12-31,2025-12-31
VEN-00443,0.8662931268938269,0,87.97620372421373,2025-12-31,2025-12-31,2025-11-24
VEN-00444,0.8094327180035752,0,95.76201411795935,2025-12-31,2025-12-31,2025-08-23
VEN-00445,0.6439876633144175,0,100.0,2025-12-31,2025-12-31,2025-12-31
VEN-00446,0.8518877384696827,0,89.26285388212939,2025-12-31,2025-12-31,2025-12-31
VEN-00447,0.8189430221162628,1,93.03049906376484,2025-12-31,2025-09-17,2025-12-31
VEN-00448,0.7725709251013622,0,100.0,2025-07-03,2025-12-31,2025-12-31
VEN-00449,0.9326398401268394,0,81.18734629443024,2025-12-31,2025-07-21,2025-10-14
VEN-00450,0.9069118062878652,0,99.9411359429271,2025-12-31,2025-12-31,2025-09-04
VEN-00451,0.5488573536596548,0,89.3921752476085,2025-12-31,2025-12-31,2025-12-31
VEN-00452,0.6315037174485449,1,100.0,2025-12-31,2025-12-19,2025-12-31
VEN-00453,0.7389343769023569,1,92.5071609002634,2025-12-31,2025-12-31,2025-12-31
VEN-00454,0.8648974602195192,0,89.7435384728293,2025-12-31,2025-12-31,2025-12-31
VEN-00455,0.9420649980098476,0,95.30489395238646,2025-12-31,2025-12-31,2025-12-31
VEN-00456,0.7358866646480561,0,100.0,2025-10-17,2025-12-31,2025-12-31
VEN-00457,0.6743366586363949,1,90.50802625226918,2025-12-31,2025-12-24,2025-12-22
VEN-00458,0.797322691492615,0,89.98925727705064,2025-12-31,2025-08-09,2025-12-31
VEN-00459,0.6940768712382388,1,100.0,2025-12-31,2025-09-29,2025-12-31
VEN-00460,0.8596272121156142,0,93.16390758396126,2025-12-31,2025-12-31,2025-12-31
VEN-00461,0.8203932955809151,0,91.1582734679133,2025-12-31,2025-11-12,2025-11-26
VEN-00462,0.8065837285495492,0,91.56238312149864,2025-12-31,2025-12-31,2025-12-16
VEN-00463,0.9806555700830172,0,100.0,2025-08-08,2025-12-31,2025-12-31
VEN-00464,0.6092816104022295,1,100.0,2025-12-31,2025-12-31,2025-12-31
VEN-00465,0.8754861487731499,1,86.39349993245816,2025-12-31,2025-12-31,2025-12-31
VEN-00466,0.9032799751808884,0,89.47856006138943,2025-12-31,2025-10-25,2025-12-31
VEN-00467,0.7274547669068767,0,100.0,2025-12-31,2025-12-31,2025-12-31
VEN-00468,0.730579771375542,0,97.94590457593134,2025-12-31,2025-12-31,2025-12-31
VEN-00469,0.7155109682466142,2,73.89443890397686,2025-12-31,2025-12-31,2025-08-24
VEN-00470,0.8147104141734671,0,95.7691708974099,2025-08-05,2025-12-31,2025-12-31
VEN-00471,0.7156335360970489,0,92.74864702315224,2025-12-31,2025-09-05,2025-12-22
VEN-00472,0.8446189264744497,1,100.0,2025-12-31,2025-07-27,2025-12-31
VEN-00473,0.912631898316989,1,100.0,2025-12-31,2025-12-31,2025-09-28
VEN-00474,0.7241447341512395,0,91.05623819331946,2025-12-31,2025-12-31,2025-12-31
VEN-00475,0.8247339968277957,2,100.0,2025-12-31,2025-11-04,2025-12-31
VEN-00476,0.9059429769662796,2,79.60695297073237,2025-12-31,2025-12-31,2025-12-31
VEN-00477,0.9096246946157276,0,92.7105916816849,2025-12-31,2025-12-31,2025-12-31
VEN-00478,0.9173949198251556,0,94.05130728404232,2025-12-31,2025-12-31,2025-12-31
VEN-00479,0.770716734850961,0,99.50542121832213,2025-12-31,2025-12-31,2025-12-31
VEN-00480,0.841868224484811,3,100.0,2025-09-21,2025-09-11,2025-12-31
VEN-00481,0.8206604565579929,0,100.0,2025-12-31,2025-12-31,2025-09-12
VEN-00482,0.7148377103685085,0,100.0,2025-12-31,2025-12-31,2025-12-31
VEN-00483,0.7008220177402021,0,96.55830038443465,2025-12-31,2025-11-24,2025-12-31
VEN-00484,0.5800268893557282,0,92.43559379515906,2025-12-31,2025-12-31,2025-12-31
VEN-00485,0.6622019090129487,0,84.65617588826301,2025-12-31,2025-12-31,2025-12-31
VEN-00486,0.93918003898129,0,91.81075334263976,2025-11-21,2025-12-31,2025-12-31
VEN-00487,0.9131051469384716,0,92.67134040576266,2025-12-31,2025-12-31,2025-12-31
VEN-00488,0.95869392143066,1,83.43442062350859,2025-12-31,2025-12-31,2025-12-31
VEN-00489,0.8707129926364059,1,100.0,2025-12-31,2025-07-25,2025-12-31
VEN-00490,0.9359961939016588,0,87.96382699794717,2025-07-28,2025-12-31,2025-11-25
VEN-00491,0.9303782434270148,1,98.59421978481414,2025-12-31,2025-12-31,2025-12-31
VEN-00492,0.7883900388625205,1,96.82447706682726,2025-12-31,2025-12-31,2025-10-05
VEN-00493,0.96497110565261,0,84.2936106238527,2025-12-31,2025-12-31,2025-12-23
VEN-00494,0.6579921156893739,0,86.23377770377508,2025-12-31,2025-12-31,2025-12-31
VEN-00495,0.6413790932601519,0,88.76820499207668,2025-12-31,2025-12-27,2025-12-31
VEN-00496,0.5964103422062318,1,90.03658429354027,2025-12-31,2025-12-31,2025-12-31
VEN-00497,0.6772571575371851,1,100.0,2025-12-31,2025-12-31,2025-12-31
VEN-00498,0.8752713132340049,0,95.80181441724356,2025-12-31,2025-08-27,2025-12-31
VEN-00499,0.7771400357077801,0,88.25898328347523,2025-12-31,2025-12-31,2025-12-31
VEN-00500,0.5316322506862922,0,99.59748480928114,2025-12-31,2025-12-31,2025-12-31
VEN-00501,0.7184082367763642,0,100.0,2025-12-31,2025-12-31,2025-12-31
VEN-00502,0.8615353959030378,0,89.95393111080577,2025-12-31,2025-12-31,2025-11-24
VEN-00503,0.7994775874272902,1,93.4487657053275,2025-09-26,2025-12-31,2025-12-31
VEN-00504,0.812173707073687,1,89.07550078921754,2025-12-31,2025-09-05,2025-11-14
VEN-00505,0.7973433672200758,0,98.74569760749868,2025-12-31,2025-12-31,2025-12-31
VEN-00506,0.558426114332835,0,97.97171483733658,2025-12-31,2025-12-31,2025-12-31
VEN-00507,0.9539501909949888,0,96.08913514829058,2025-12-31,2025-12-31,2025-12-31
VEN-00508,0.813826114554058,0,94.752605371505,2025-12-31,2025-12-31,2025-12-31
VEN-00509,0.7730525883000422,0,84.12096613555256,2025-12-31,2025-12-31,2025-12-31
VEN-00510,0.8858358893551398,0,81.81714675844492,2025-12-31,2025-12-31,2025-12-31
VEN-00511,0.7711642717470172,1,93.80274985448332,2025-12-31,2025-12-31,2025-12-31
VEN-00512,0.8718458590153864,4,84.83658644008426,2025-12-31,2025-12-31,2025-12-31
VEN-00513,0.5516171316147539,0,95.8679714544722,2025-12-31,2025-12-31,2025-12-31
VEN-00514,0.9440046723543732,0,82.5121342698359,2025-12-31,2025-12-31,2025-12-31
VEN-00515,0.7541751778035523,1,89.75466441366235,2025-12-31,2025-12-31,2025-12-31
VEN-00516,0.6958574414897756,0,90.2962850962342,2025-12-31,2025-12-31,2025-12-31
VEN-00517,0.8645764593813068,1,74.07885520941547,2025-11-27,2025-12-31,2025-12-31
VEN-00518,0.7885216931464764,1,86.91662450926455,2025-08-31,2025-12-31,2025-12-31
VEN-00519,0.8708736308120316,0,96.11102316734868,2025-12-31,2025-10-22,2025-11-22
VEN-00520,0.9553223607042736,1,100.0,2025-05-13,2025-12-31,2025-12-31
VEN-00521,0.8628248542272015,0,100.0,2025-12-31,2025-12-31,2025-12-31
VEN-00522,0.9056532398648856,0,95.80239379000597,2025-12-31,2025-12-31,2025-12-31
VEN-00523,0.8079755822006309,0,96.39650687840476,2025-11-14,2025-12-31,2025-12-31
VEN-00524,0.8806432303992497,0,100.0,2025-12-31,2025-10-08,2025-12-31
VEN-00525,0.8518025345830487,1,85.81573190758841,2025-12-31,2025-10-16,2025-12-31
VEN-00526,0.7820544561135959,0,82.70499771907767,2025-12-14,2025-12-31,2025-12-31
VEN-00527,0.871555626240068,0,86.8302149187409,2025-05-20,2025-12-31,2025-12-31
VEN-00528,0.8448894893870251,1,90.8896379379116,2025-12-31,2025-12-31,2025-12-31
VEN-00529,0.5604372142334778,0,98.16885725958664,2025-12-31,2025-08-27,2025-12-31
VEN-00530,0.9140155490878228,0,84.4725317133028,2025-12-31,2025-07-06,2025-11-20
VEN-00531,0.893581050511645,0,97.39089532988405,2025-12-31,2025-12-31,2025-12-31
VEN-00532,0.9399976823139664,1,91.5423749408888,2025-12-31,2025-12-31,2025-12-31
VEN-00533,0.8373728614149595,1,85.75203609938404,2025-12-31,2025-10-05,2025-12-31
VEN-00534,0.8617483889973588,0,100.0,2025-12-31,2025-12-31,2025-12-31
VEN-00535,0.7921388684292286,1,100.0,2025-09-13,2025-12-31,2025-09-08
VEN-00536,0.7841587150338786,0,96.9005728189448,2025-05-17,2025-12-31,2025-12-31
VEN-00537,0.8729711148941021,3,100.0,2025-12-31,2025-12-31,2025-09-13
VEN-00538,0.7804215895461086,0,94.09559076727298,2025-07-20,2025-12-31,2025-12-31
VEN-00539,0.8182601330220549,3,92.29849169707616,2025-12-31,2025-12-31,2025-12-31
VEN-00540,0.5560033218147459,0,91.54736707210382,2025-12-31,2025-12-31,2025-12-31
VEN-00541,0.7154190559418996,1,84.63555042565557,2025-12-31,2025-12-31,2025-12-31
VEN-00542,0.9137285921658256,1,92.94971820336424,2025-12-31,2025-12-31,2025-09-16
VEN-00543,0.6455538410598337,1,91.7899038285827,2025-12-31,2025-12-31,2025-12-26
VEN-00544,0.5270046776565895,0,88.71688546285793,2025-08-06,2025-12-31,2025-12-31
VEN-00545,0.6400924900080297,0,86.18345145326114,2025-12-31,2025-12-31,2025-09-15
VEN-00546,0.670198967336991,1,99.69197857083938,2025-05-27,2025-12-31,2025-12-31
VEN-00547,0.7226329381897344,0,98.17900716573592,2025-06-22,2025-11-16,2025-12-31
VEN-00548,0.7288060315983786,0,98.96001312170962,2025-06-08,2025-12-31,2025-12-31
VEN-00549,0.7778565182279833,0,87.15090295051591,2025-12-31,2025-12-31,2025-12-31
VEN-00550,0.9590172613600128,0,100.0,2025-12-31,2025-12-31,2025-12-31
VEN-00551,0.8590416199024895,1,97.51582319454712,2025-08-26,2025-10-02,2025-12-31
VEN-00552,0.7318762241563632,1,88.79897224586732,2025-07-29,2025-12-31,2025-12-31
VEN-00553,0.6193997525582107,3,95.27406750059484,2025-12-31,2025-12-31,2025-12-31
VEN-00554,0.7087492787171238,0,77.54790677184629,2025-12-31,2025-12-31,2025-12-31
VEN-00555,0.7847870859794627,1,100.0,2025-12-31,2025-12-31,2025-12-31
VEN-00556,0.8025240168230131,0,94.34040437462546,2025-12-31,2025-11-23,2025-12-31
VEN-00557,0.8744942646232202,0,85.8818885684106,2025-09-09,2025-12-31,2025-12-31
VEN-00558,0.8970080222253249,2,100.0,2025-08-07,2025-12-31,2025-12-31
VEN-00559,0.7022562026804313,0,83.78080480830745,2025-12-31,2025-09-24,2025-12-31
VEN-00560,0.9345608029121928,1,95.29679824124158,2025-12-31,2025-12-31,2025-12-31
VEN-00561,0.8387912667703908,0,97.27200575431256,2025-05-12,2025-12-31,2025-12-31
VEN-00562,0.7480514278953225,1,98.8097961599266,2025-12-31,2025-12-19,2025-12-31
VEN-00563,0.975107741834713,1,90.94134553070931,2025-06-27,2025-12-31,2025-12-31
VEN-00564,0.918605603098792,0,92.00264876752684,2025-10-19,2025-12-31,2025-12-31
VEN-00565,0.8849297340222997,1,100.0,2025-12-31,2025-11-18,2025-12-31
VEN-00566,0.9273434018971748,0,96.13454809400385,2025-12-31,2025-12-31,2025-12-31
VEN-00567,0.5652675700082435,0,98.83651315142126,2025-10-01,2025-12-31,2025-11-11
VEN-00568,0.8165154080787995,0,86.43749526624377,2025-12-31,2025-12-31,2025-12-31
VEN-00569,0.7521625976214068,0,95.79475484704628,2025-12-31,2025-11-10,2025-09-02
VEN-00570,0.7067636298070816,2,92.38372095981634,2025-12-31,2025-12-31,2025-12-31
VEN-00571,0.6959058937493531,0,80.37072614473796,2025-06-15,2025-12-31,2025-12-31
VEN-00572,0.9224061255524432,1,89.31794358680425,2025-12-31,2025-12-31,2025-12-31
VEN-00573,0.9210370581256876,0,92.47169854680108,2025-12-31,2025-12-31,2025-12-31
VEN-00574,0.9951831994085216,0,99.31205743736848,2025-12-23,2025-12-31,2025-12-31
VEN-00575,0.9442379640638618,0,78.035901671379,2025-12-31,2025-12-31,2025-12-31
VEN-00576,0.747816581499278,0,100.0,2025-12-31,2025-12-31,2025-12-31
VEN-00577,0.8773855547178363,1,100.0,2025-12-31,2025-12-31,2025-12-31
VEN-00578,0.9317873874377764,0,95.7247133022544,2025-12-31,2025-12-31,2025-12-31
VEN-00579,0.9784768455503648,0,88.84790459154891,2025-12-31,2025-07-27,2025-12-31
VEN-00580,0.6896886868962785,1,90.01321129170606,2025-11-12,2025-12-31,2025-12-16
VEN-00581,0.8955297713445536,0,81.80224078471613,2025-12-31,2025-12-31,2025-12-31
VEN-00582,0.7433986751165165,0,90.25688537082418,2025-12-31,2025-12-31,2025-12-31
VEN-00583,0.705505945161905,1,79.25155635125867,2025-12-31,2025-12-31,2025-12-31
VEN-00584,0.9013904292274793,1,92.27995526028168,2025-12-31,2025-12-20,2025-12-31
VEN-00585,0.949248361143028,0,100.0,2025-07-09,2025-08-20,2025-12-31
VEN-00586,0.7008225018052534,2,99.64014965296457,2025-07-24,2025-12-31,2025-12-31
VEN-00587,0.793169129387393,3,88.76704316159046,2025-12-31,2025-12-31,2025-09-03
VEN-00588,0.7964816117578278,2,78.65286634193762,2025-06-19,2025-12-31,2025-12-31
VEN-00589,0.8596645921819847,0,90.32807443213466,2025-12-31,2025-12-31,2025-12-31
VEN-00590,0.9383908543218216,0,100.0,2025-11-29,2025-12-31,2025-10-24
VEN-00591,0.8123763189939224,1,94.08961830873164,2025-12-31,2025-12-31,2025-10-26
VEN-00592,0.8097878304174284,0,99.00420351949896,2025-12-31,2025-12-31,2025-12-31
VEN-00593,0.9738513427463958,1,100.0,2025-09-22,2025-12-31,2025-12-31
VEN-00594,0.5489902276817032,1,100.0,2025-12-31,2025-11-02,2025-12-31
VEN-00595,0.7389194648500179,0,96.88052186938886,2025-12-31,2025-12-31,2025-12-31
VEN-00596,0.7472126089207393,0,91.42627246520432,2025-12-02,2025-12-31,2025-12-31
VEN-00597,0.6907333365413558,0,85.34858493100381,2025-10-17,2025-07-07,2025-12-06
VEN-00598,0.9544000411792474,1,97.93677342666304,2025-12-31,2025-11-10,2025-12-31
VEN-00599,0.9284911948557242,0,100.0,2025-12-31,2025-12-31,2025-12-31
VEN-00600,0.9144603244879882,1,79.79481561715832,2025-12-31,2025-12-31,2025-12-31
VEN-00601,0.8253295186370933,0,100.0,2025-11-13,2025-12-31,2025-12-31
VEN-00602,0.9575530145294502,0,100.0,2025-12-31,2025-12-31,2025-12-31
VEN-00603,0.9142605186208732,0,82.48805497773989,2025-12-31,2025-12-31,2025-12-20
VEN-00604,0.9253933216842388,0,92.98716586695352,2025-11-27,2025-12-31,2025-12-31
VEN-00605,0.9204766838704564,1,96.60469009726938,2025-12-31,2025-12-31,2025-12-31
VEN-00606,0.6808297191092485,0,91.43969593555596,2025-12-31,2025-12-31,2025-12-31
VEN-00607,0.8259129197393499,1,100.0,2025-12-31,2025-12-31,2025-12-31
VEN-00608,0.8403302511484406,0,100.0,2025-12-31,2025-12-31,2025-12-31
VEN-00609,0.7779737714066011,1,90.0551829692954,2025-11-14,2025-10-27,2025-12-31
VEN-00610,0.7451363502885013,0,89.13515035145225,2025-12-31,2025-12-31,2025-12-31
VEN-00611,0.8712482583635257,1,97.09212862984825,2025-12-31,2025-12-31,2025-08-09
VEN-00612,0.9252519896030498,1,97.37384498448854,2025-12-31,2025-11-26,2025-12-31
VEN-00613,0.6718182491404954,0,87.22331623576173,2025-12-31,2025-07-27,2025-12-31
VEN-00614,0.7591482890511367,0,88.52623294723577,2025-11-19,2025-12-31,2025-12-31
VEN-00615,0.8027954409249015,0,83.46701464983374,2025-12-31,2025-12-31,2025-12-31
VEN-00616,0.8435831941264957,1,93.73641310182772,2025-12-31,2025-12-31,2025-12-31
VEN-00617,0.8473331524077793,0,89.19290708276976,2025-12-31,2025-12-31,2025-12-31
VEN-00618,0.9274874352757602,1,85.31755644920179,2025-10-27,2025-09-28,2025-12-31
VEN-00619,0.9959035272725676,0,94.21341084309398,2025-07-12,2025-09-05,2025-12-31
VEN-00620,0.7748637819026579,0,100.0,2025-07-14,2025-12-31,2025-12-31
VEN-00621,0.7126940642063512,1,80.80395585907345,2025-09-11,2025-12-31,2025-12-31
VEN-00622,0.8934444004990635,1,91.94187806748111,2025-12-31,2025-12-31,2025-12-31
VEN-00623,0.809836821086292,1,89.40752552164507,2025-12-31,2025-12-31,2025-12-31
VEN-00624,0.924254822564311,0,90.50618704633251,2025-12-31,2025-12-31,2025-12-31
VEN-00625,0.912122873449534,0,97.5765622228994,2025-12-31,2025-12-04,2025-12-31
VEN-00626,0.8813060365802945,1,88.6578232027241,2025-12-31,2025-12-31,2025-12-31
VEN-00627,0.8117933123998173,1,91.2757168035022,2025-12-31,2025-12-31,2025-12-31
VEN-00628,0.9424398899683316,1,92.26043802952718,2025-12-31,2025-12-31,2025-09-21
VEN-00629,0.7034672816393219,0,99.97186670670138,2025-12-31,2025-12-31,2025-12-31
VEN-00630,0.882674895224581,0,87.27676781613866,2025-12-31,2025-10-02,2025-12-31
VEN-00631,0.5950587843822434,0,97.61509735143984,2025-12-31,2025-12-31,2025-12-31
VEN-00632,0.9189667982988672,0,98.50616393312902,2025-06-14,2025-12-31,2025-12-31
VEN-00633,0.8283605780177791,0,97.77044120550724,2025-12-31,2025-08-08,2025-12-24
VEN-00634,0.69623880983961,1,83.98243259031479,2025-07-14,2025-12-31,2025-12-31
VEN-00635,0.9254243885464126,1,95.77790246987074,2025-12-31,2025-12-31,2025-12-31
VEN-00636,0.7747153544444606,0,97.10164823718556,2025-12-31,2025-12-31,2025-12-31
VEN-00637,0.8907232338318855,0,88.58891573118679,2025-12-31,2025-12-31,2025-12-31
VEN-00638,0.4656714624786669,0,100.0,2025-12-31,2025-12-31,2025-12-31
VEN-00639,0.7963421918147411,0,96.25763203560363,2025-12-31,2025-12-01,2025-08-12
VEN-00640,0.8771050073486878,1,94.75415825426498,2025-12-31,2025-12-31,2025-08-20
VEN-00641,0.9143363555991362,0,94.41852495358378,2025-05-26,2025-12-31,2025-12-31
VEN-00642,0.9751205982170515,1,97.57891788691644,2025-12-31,2025-09-12,2025-09-03
VEN-00643,0.9262384943305292,0,87.72069509609366,2025-12-31,2025-12-08,2025-08-28
VEN-00644,0.7780924631764577,2,89.43531188483956,2025-12-31,2025-12-31,2025-12-31
VEN-00645,0.8320785936985452,0,97.00404584214756,2025-09-18,2025-12-31,2025-12-31
VEN-00646,0.9051472273275052,1,100.0,2025-05-26,2025-12-31,2025-12-31
VEN-00647,0.8473971229817313,2,93.09056321540488,2025-10-16,2025-12-31,2025-12-31
VEN-00648,0.7342523201080292,0,87.74311539353093,2025-12-31,2025-12-31,2025-12-31
VEN-00649,0.7166315950630142,0,94.47364246785196,2025-05-12,2025-12-31,2025-12-31
VEN-00650,0.8168086272122075,0,99.61406527847694,2025-11-01,2025-12-31,2025-12-31
VEN-00651,0.8433638941955576,0,97.36714966858344,2025-12-31,2025-11-02,2025-12-31
VEN-00652,0.979400685755454,0,100.0,2025-12-31,2025-12-31,2025-12-31
VEN-00653,0.9733446547468764,0,100.0,2025-08-14,2025-12-31,2025-12-31
VEN-00654,0.9720913431655914,0,100.0,2025-12-31,2025-12-31,2025-12-31
VEN-00655,0.873216969077627,1,97.14044314563448,2025-11-15,2025-12-31,2025-12-31
VEN-00656,0.6442261340950949,0,96.06399007710849,2025-12-31,2025-12-31,2025-12-31
VEN-00657,0.7820744235333132,1,80.63442572737223,2025-12-31,2025-12-31,2025-12-31
VEN-00658,0.5070324179286952,0,94.63375201066124,2025-12-31,2025-12-19,2025-12-31
VEN-00659,0.7411156554301518,2,97.51579369517326,2025-12-31,2025-12-31,2025-12-31
VEN-00660,0.7203648201908975,0,87.99942975222976,2025-12-31,2025-12-31,2025-12-31
VEN-00661,0.5461232068515186,1,89.57625885436465,2025-12-31,2025-12-31,2025-08-16
VEN-00662,0.9765199397553916,1,94.35737178562718,2025-08-04,2025-12-31,2025-12-31
VEN-00663,0.891544991610771,2,81.94542275939708,2025-12-31,2025-12-31,2025-12-31
VEN-00664,0.8116971052838761,1,100.0,2025-12-31,2025-12-31,2025-12-31
VEN-00665,0.8761562989825706,0,79.33038723784513,2025-12-31,2025-12-31,2025-12-31
VEN-00666,0.9099656034396524,0,83.6272532878017,2025-12-31,2025-12-31,2025-12-31
VEN-00667,0.8075624117189996,1,97.27904358948663,2025-07-27,2025-12-31,2025-12-31
VEN-00668,0.9093153760678042,2,100.0,2025-08-01,2025-12-31,2025-12-31
VEN-00669,0.6990589633324205,0,100.0,2025-12-31,2025-12-31,2025-12-04
VEN-00670,0.6577010394136954,1,100.0,2025-12-31,2025-12-31,2025-12-06
VEN-00671,0.7227919298330698,0,95.02205413801866,2025-12-31,2025-12-31,2025-12-31
VEN-00672,0.9091769238739132,0,91.79117219209375,2025-12-31,2025-12-31,2025-12-31
VEN-00673,0.8071379754758875,0,86.27239901463699,2025-12-31,2025-12-31,2025-12-31
VEN-00674,0.873693531506933,1,96.05599401253176,2025-12-31,2025-12-31,2025-12-31
VEN-00675,0.864646311385698,0,100.0,2025-12-31,2025-12-31,2025-12-31
VEN-00676,0.5362758837673806,1,82.9545192817765,2025-12-31,2025-12-31,2025-12-07
VEN-00677,0.751122460322205,1,96.64424428948324,2025-12-31,2025-12-31,2025-12-31
VEN-00678,0.8940009276577755,0,95.38299487268144,2025-12-31,2025-12-31,2025-12-31
VEN-00679,0.9532992647725566,0,100.0,2025-12-31,2025-12-31,2025-12-31
VEN-00680,0.7992422417006949,0,99.51834745611102,2025-12-31,2025-12-31,2025-12-31
VEN-00681,0.8982402941992942,0,94.8643354475006,2025-12-31,2025-12-31,2025-11-29
VEN-00682,0.7967680413233101,0,100.0,2025-12-31,2025-12-31,2025-12-31
VEN-00683,0.919493938985304,2,90.68773377402889,2025-12-31,2025-09-01,2025-12-31
VEN-00684,0.9591263774678588,0,100.0,2025-12-31,2025-12-31,2025-11-25
VEN-00685,0.7410079480278473,0,80.8078358302945,2025-12-31,2025-12-31,2025-12-31
VEN-00686,0.7863768351262761,1,89.55460516932598,2025-12-31,2025-09-12,2025-12-31
VEN-00687,0.7642112600573566,1,93.81514559907524,2025-12-31,2025-12-31,2025-12-31
VEN-00688,0.597907567828455,0,100.0,2025-12-31,2025-12-31,2025-11-29
VEN-00689,0.9270013323254028,0,84.2108595104784,2025-12-31,2025-12-31,2025-12-31
VEN-00690,0.881737648090011,0,99.73516940573262,2025-12-31,2025-12-31,2025-11-03
VEN-00691,0.9513607978313036,1,96.17338425332656,2025-12-31,2025-12-31,2025-12-31
VEN-00692,0.946184494871461,0,84.3269499995843,2025-12-31,2025-12-31,2025-12-31
VEN-00693,0.7486410973567744,1,91.37580681711482,2025-12-31,2025-12-31,2025-12-31
VEN-00694,0.9092202494445336,0,98.43265261463986,2025-12-31,2025-12-09,2025-12-31
VEN-00695,0.9081516451141156,0,89.64103035080758,2025-12-31,2025-12-31,2025-12-31
VEN-00696,0.5573626701584383,0,96.43101887928508,2025-12-31,2025-12-31,2025-12-31
VEN-00697,0.8308141272093719,0,95.75583217557949,2025-12-31,2025-10-29,2025-11-15
VEN-00698,0.81109274983713,0,94.73493617829358,2025-12-31,2025-12-31,2025-12-31
VEN-00699,0.7764103961416843,0,100.0,2025-12-31,2025-09-22,2025-12-31
VEN-00700,0.7700849833424889,2,78.47557797828823,2025-12-31,2025-12-31,2025-12-31
VEN-00701,0.8717356467271422,0,79.16625086981195,2025-12-31,2025-08-17,2025-12-31
VEN-00702,0.85014172317415,0,82.76628488452252,2025-12-31,2025-07-04,2025-12-31
VEN-00703,0.8674893863838311,0,92.7945320470124,2025-12-31,2025-08-01,2025-12-31
VEN-00704,0.7693691453700442,0,89.30468783589622,2025-12-31,2025-12-31,2025-12-31
VEN-00705,0.7855873183979326,2,96.78313392166164,2025-12-31,2025-12-31,2025-12-31
VEN-00706,0.5860439488641704,0,92.6526565625753,2025-12-31,2025-12-31,2025-10-26
VEN-00707,0.8250133308088246,2,87.40217331792822,2025-10-02,2025-08-21,2025-12-31
VEN-00708,0.8817863779249466,2,99.82768734939803,2025-12-31,2025-08-29,2025-12-13
VEN-00709,0.8735335581342104,0,95.70416570124928,2025-12-31,2025-09-20,2025-12-31
VEN-00710,0.8171135062032711,0,87.00734440360418,2025-12-31,2025-12-31,2025-12-31
VEN-00711,0.9147631554155092,2,91.32089196400676,2025-12-31,2025-12-21,2025-12-31
VEN-00712,0.937067738298068,1,94.3469513722512,2025-12-31,2025-12-31,2025-12-31
VEN-00713,0.5305745150768439,0,100.0,2025-10-11,2025-09-21,2025-12-31
VEN-00714,0.6448353321992619,0,97.30986879880442,2025-12-31,2025-12-31,2025-12-31
VEN-00715,0.793830245974027,0,84.06360750773237,2025-12-31,2025-12-31,2025-12-31
VEN-00716,0.8806632218704435,0,100.0,2025-12-31,2025-12-31,2025-12-31
VEN-00717,0.5052364865680758,0,100.0,2025-12-31,2025-12-31,2025-12-31
VEN-00718,0.9060275834348652,1,100.0,2025-12-31,2025-12-31,2025-12-31
VEN-00719,0.7499326224154377,0,81.31399936913157,2025-09-13,2025-12-31,2025-12-31
VEN-00720,0.9423513081049372,0,89.89626569490878,2025-12-31,2025-11-03,2025-09-29
VEN-00721,0.9271253385533752,1,82.82568248483481,2025-12-31,2025-12-31,2025-12-31
VEN-00722,0.9151810045069804,0,100.0,2025-12-31,2025-12-31,2025-12-31
VEN-00723,0.8175333327807366,1,88.10431928648842,2025-12-31,2025-12-31,2025-11-28
VEN-00724,0.952816100388886,1,74.25204962555785,2025-06-18,2025-12-31,2025-12-31
VEN-00725,0.6145339766565823,0,100.0,2025-12-31,2025-11-07,2025-12-31
VEN-00726,0.6788257686956991,0,100.0,2025-12-31,2025-12-31,2025-12-31
VEN-00727,0.9291691088706044,0,86.47428777862137,2025-12-31,2025-12-31,2025-12-31
VEN-00728,0.7454076363514984,0,96.63972100089292,2025-12-03,2025-12-31,2025-12-31
VEN-00729,0.9354071662135895,1,97.435675221094,2025-12-31,2025-12-31,2025-12-31
VEN-00730,0.6026802697571672,0,88.33090959675847,2025-12-31,2025-12-31,2025-12-31
VEN-00731,0.9145805141134684,0,100.0,2025-12-31,2025-12-31,2025-12-31
VEN-00732,0.9664031264570312,2,100.0,2025-12-31,2025-12-31,2025-12-31
VEN-00733,0.7847485460228528,2,87.05277804729393,2025-12-31,2025-12-31,2025-10-05
VEN-00734,0.8946027175859872,0,87.21263768064307,2025-12-31,2025-12-31,2025-12-31
VEN-00735,0.733732347513102,1,92.83531291677936,2025-11-08,2025-12-31,2025-12-31
VEN-00736,0.5790995864759506,0,89.11719310865601,2025-12-31,2025-12-31,2025-12-31
VEN-00737,0.9715187945561338,0,95.10552347082644,2025-12-31,2025-12-31,2025-12-31
VEN-00738,0.7656971857235355,1,87.49281164355553,2025-12-31,2025-12-31,2025-12-31
VEN-00739,0.6891136157484705,0,98.9961928788516,2025-12-31,2025-10-13,2025-12-31
VEN-00740,0.8785435104758043,0,93.54638617374202,2025-12-31,2025-12-31,2025-09-25
VEN-00741,0.589757716301258,0,88.36337401571036,2025-12-31,2025-12-31,2025-12-31
VEN-00742,0.9683384745315662,1,100.0,2025-12-31,2025-12-31,2025-12-31
VEN-00743,0.8870786760988543,0,92.31432265812876,2025-12-31,2025-12-31,2025-12-31
VEN-00744,0.9417926197005558,0,100.0,2025-12-31,2025-12-31,2025-12-31
VEN-00745,0.7657610594239829,0,86.66128959175958,2025-11-25,2025-12-08,2025-12-31
VEN-00746,0.7978846894168353,1,100.0,2025-12-31,2025-12-31,2025-12-31
VEN-00747,0.863247423063766,2,93.60947970424608,2025-12-31,2025-12-31,2025-09-01
VEN-00748,0.5827453794440308,0,95.23831358029808,2025-06-06,2025-12-31,2025-12-25
VEN-00749,0.633868068434224,0,100.0,2025-12-31,2025-12-31,2025-12-30
VEN-00750,0.4282001313740609,0,78.49063695469067,2025-12-31,2025-12-31,2025-12-31
VEN-00751,0.7692193234220064,0,100.0,2025-12-31,2025-12-31,2025-12-18
VEN-00752,0.8917474662975406,0,100.0,2025-12-31,2025-09-27,2025-12-31
VEN-00753,0.5999691097611372,1,79.65172581075244,2025-12-31,2025-12-31,2025-12-31
VEN-00754,0.7762341622789111,0,99.66031060284392,2025-12-31,2025-12-31,2025-12-31
VEN-00755,0.9585235818851988,2,83.05278047077311,2025-12-31,2025-12-31,2025-12-31
VEN-00756,0.8727734624976637,1,93.90490202128748,2025-06-17,2025-12-31,2025-12-31
VEN-00757,0.7815785247011066,0,97.10674716635704,2025-12-31,2025-12-31,2025-12-31
VEN-00758,0.9842678859814756,0,99.32359715140716,2025-12-31,2025-12-31,2025-12-31
VEN-00759,0.8539040782835295,1,90.55757854540722,2025-12-31,2025-12-31,2025-12-31
VEN-00760,0.6653590453539934,1,85.59545107968144,2025-10-18,2025-12-31,2025-12-31
VEN-00761,0.8416056835504684,1,100.0,2025-06-04,2025-12-31,2025-12-31
VEN-00762,0.7223394817302954,0,75.92861375127211,2025-12-31,2025-12-31,2025-12-31
VEN-00763,0.7852826941128411,0,93.0010973535013,2025-12-31,2025-07-13,2025-12-31
VEN-00764,0.8309877867289178,2,95.93596972929016,2025-11-08,2025-12-31,2025-12-31
VEN-00765,0.551213325069858,0,97.10502498474922,2025-12-31,2025-12-31,2025-12-31
VEN-00766,0.8397015979053968,1,100.0,2025-12-31,2025-09-13,2025-12-31
VEN-00767,0.7464949107267916,0,82.55951236687316,2025-12-31,2025-12-31,2025-12-31
VEN-00768,0.6971944390581631,0,92.17298831750809,2025-05-08,2025-12-31,2025-12-31
VEN-00769,0.6605409205603867,1,90.59131750349616,2025-12-31,2025-12-31,2025-12-31
VEN-00770,0.6615464724264146,2,93.75959200077104,2025-11-02,2025-12-31,2025-11-18
VEN-00771,0.972755619714661,0,99.06256816427856,2025-12-31,2025-10-06,2025-12-31
VEN-00772,0.8680195325073816,0,100.0,2025-07-25,2025-07-17,2025-12-31
VEN-00773,0.8442044542663729,0,100.0,2025-07-15,2025-12-31,2025-12-31
VEN-00774,0.8309652391009682,0,100.0,2025-12-31,2025-10-16,2025-12-31
VEN-00775,0.9101506321258108,0,100.0,2025-10-03,2025-09-06,2025-12-31
VEN-00776,0.9501352109222466,0,100.0,2025-12-31,2025-12-31,2025-08-10
VEN-00777,0.9769972471885496,2,81.97726200669896,2025-12-31,2025-12-31,2025-10-30
VEN-00778,0.9303161965987862,2,98.57576313576304,2025-08-25,2025-12-31,2025-12-31
VEN-00779,0.8209537508989093,1,81.31195741887473,2025-12-31,2025-12-31,2025-12-27
VEN-00780,0.6600052937464151,0,100.0,2025-12-31,2025-12-31,2025-12-31
VEN-00781,0.7219726913300253,0,96.81283699590358,2025-12-31,2025-12-31,2025-12-31
VEN-00782,0.8973468408087337,0,95.87297369712302,2025-05-31,2025-12-31,2025-12-31
VEN-00783,0.7113300519142658,0,97.60526264209076,2025-12-31,2025-12-31,2025-12-31
VEN-00784,0.7354729349273847,1,80.04616827073237,2025-12-31,2025-12-31,2025-11-19
VEN-00785,0.8989884576125557,0,75.59055935635416,2025-12-31,2025-12-31,2025-08-04
VEN-00786,0.8525193268363079,2,91.20098135532946,2025-06-20,2025-12-31,2025-12-31
VEN-00787,0.7187514396540904,1,88.3089695463503,2025-06-11,2025-12-31,2025-12-31
VEN-00788,0.8241657784558329,0,91.72212285307803,2025-12-28,2025-12-31,2025-12-31
VEN-00789,0.7556892834563921,0,90.0678867399088,2025-12-31,2025-09-19,2025-12-31
VEN-00790,0.8335686776212536,0,96.5430561388088,2025-12-31,2025-12-31,2025-12-31
VEN-00791,0.5581413836828796,0,97.436700761709,2025-10-30,2025-12-31,2025-12-31
VEN-00792,0.620210277803124,0,97.6865592191772,2025-12-31,2025-12-31,2025-12-31
VEN-00793,0.9158600747231244,2,91.73724108490086,2025-12-31,2025-11-04,2025-12-31
VEN-00794,0.9096895162581898,0,99.89564565154927,2025-05-20,2025-07-15,2025-11-04
VEN-00795,0.929983270074158,1,86.42812831722824,2025-12-31,2025-12-31,2025-12-31
VEN-00796,0.8607022827433255,0,100.0,2025-12-31,2025-12-31,2025-12-31
VEN-00797,0.9137628686547536,1,95.46842511970593,2025-12-31,2025-12-31,2025-12-31
VEN-00798,0.9710733214017664,2,88.68613210257705,2025-05-31,2025-12-18,2025-12-31
VEN-00799,0.8750597528138997,0,95.8757610044452,2025-12-08,2025-12-31,2025-12-31
VEN-00800,0.8089789096143333,0,86.33794464030974,2025-12-31,2025-12-31,2025-12-31
VEN-00801,0.9354180004655984,3,86.01628564814258,2025-12-31,2025-07-21,2025-12-31
VEN-00802,0.7005475892153853,0,96.00466696946782,2025-07-14,2025-08-18,2025-12-31
VEN-00803,0.8031434124840532,0,87.07008661102013,2025-12-31,2025-11-08,2025-12-31
VEN-00804,0.8551780160929691,1,100.0,2025-12-31,2025-11-17,2025-12-31
VEN-00805,0.7084545358557823,0,86.9425819175394,2025-12-31,2025-12-31,2025-12-31
VEN-00806,0.9647316301444996,0,99.5504305444883,2025-05-28,2025-12-31,2025-12-31
VEN-00807,0.8683259397436685,0,87.52151942128978,2025-12-31,2025-12-31,2025-11-01
VEN-00808,0.9845149313849952,1,100.0,2025-12-31,2025-12-31,2025-09-20
VEN-00809,0.8170326262756069,2,99.84517550866624,2025-12-31,2025-12-31,2025-12-31
VEN-00810,0.5788890624757913,0,76.55455259694492,2025-07-30,2025-12-31,2025-12-31
VEN-00811,0.9148404954119252,1,100.0,2025-12-31,2025-12-31,2025-10-18
VEN-00812,0.6988054785318479,1,97.4415294786923,2025-10-11,2025-12-31,2025-12-31
VEN-00813,0.8822208290149975,0,97.08017914565173,2025-12-31,2025-12-31,2025-12-31
VEN-00814,0.8194755036128573,0,93.88778360110776,2025-12-31,2025-10-08,2025-12-31
VEN-00815,0.9213896051225462,0,91.70400363194156,2025-12-31,2025-09-03,2025-08-18
VEN-00816,0.7523999834042527,0,77.05990765268021,2025-12-31,2025-12-31,2025-10-13
VEN-00817,0.5479868532723351,0,93.12540315068482,2025-12-31,2025-12-31,2025-12-31
VEN-00818,0.9514890283637828,1,93.24241599983492,2025-12-31,2025-12-31,2025-12-31
VEN-00819,0.7071225048516487,1,91.86347796013484,2025-12-31,2025-12-31,2025-12-08
VEN-00820,0.7237857737177159,0,85.7829579448408,2025-12-31,2025-12-31,2025-12-31
VEN-00821,0.8907702307435276,1,100.0,2025-12-31,2025-12-31,2025-12-21
VEN-00822,0.7659862543457261,0,96.05447102823165,2025-12-18,2025-12-31,2025-12-31
VEN-00823,0.8628481043776429,0,89.84071376143844,2025-12-31,2025-09-02,2025-12-31
VEN-00824,0.8115127830016113,0,80.32250166651109,2025-12-31,2025-12-31,2025-12-31
VEN-00825,0.8225197123125879,1,86.97646304782798,2025-12-31,2025-12-31,2025-11-04
VEN-00826,0.8546519122815934,0,91.03864092524746,2025-08-09,2025-12-31,2025-12-31
VEN-00827,0.8205833813948219,1,100.0,2025-05-28,2025-08-22,2025-12-31
VEN-00828,0.6463114755323456,2,93.91142188597762,2025-12-31,2025-12-31,2025-12-31
VEN-00829,0.6522592441396651,1,90.78254144728363,2025-09-07,2025-09-15,2025-11-13
VEN-00830,0.7767904569309154,0,98.94828414276172,2025-12-31,2025-12-31,2025-11-26
VEN-00831,0.7668294247509538,0,99.41780043575427,2025-12-31,2025-12-31,2025-10-29
VEN-00832,0.8654648106712293,0,94.36645081793274,2025-12-31,2025-11-17,2025-12-31
VEN-00833,0.7660234440177931,0,100.0,2025-12-31,2025-12-31,2025-12-31
VEN-00834,0.7461359499170911,0,99.18373286138988,2025-12-31,2025-12-31,2025-12-30
VEN-00835,0.7550700575868393,0,100.0,2025-12-31,2025-08-23,2025-12-31
VEN-00836,0.8121715316381019,1,93.81338654945552,2025-12-31,2025-12-31,2025-12-31
VEN-00837,0.8101479821795476,1,87.31604326093758,2025-12-31,2025-12-31,2025-12-31
VEN-00838,0.9828995853697228,0,91.43098841617498,2025-12-31,2025-12-17,2025-12-31
VEN-00839,0.877498201247917,1,99.9180813902195,2025-12-31,2025-12-31,2025-12-31
VEN-00840,0.8176568383544598,0,100.0,2025-12-31,2025-11-15,2025-12-31
VEN-00841,0.9227814866671016,1,100.0,2025-06-24,2025-12-31,2025-12-31
VEN-00842,0.8225863988768548,0,93.60979507093046,2025-11-06,2025-12-31,2025-12-31
VEN-00843,0.8988242453691091,1,100.0,2025-12-31,2025-12-31,2025-12-31
VEN-00844,0.6828444692159841,1,88.74826422844606,2025-12-31,2025-12-31,2025-12-31
VEN-00845,0.880595703417424,0,100.0,2025-10-26,2025-12-31,2025-12-31
VEN-00846,0.7939622745208647,1,100.0,2025-12-31,2025-12-31,2025-12-31
VEN-00847,0.7812679684542505,1,100.0,2025-09-21,2025-12-31,2025-12-31
VEN-00848,0.8431616236497946,0,85.75782280285891,2025-12-31,2025-12-31,2025-12-31
VEN-00849,0.9830426338720998,0,86.25651937474686,2025-12-31,2025-12-31,2025-12-31
VEN-00850,0.8458810095901093,0,100.0,2025-07-22,2025-10-07,2025-12-31
VEN-00851,0.8904328256453841,0,98.21055530465098,2025-09-16,2025-12-31,2025-12-31
VEN-00852,0.8347998521356169,0,87.89404315830441,2025-12-31,2025-12-31,2025-12-31
VEN-00853,0.8983202335405268,2,88.84902794018583,2025-12-31,2025-12-31,2025-12-31
VEN-00854,0.7813847175958302,0,98.12103052110312,2025-12-31,2025-12-31,2025-12-31
VEN-00855,0.8974110862084105,0,86.48414335557746,2025-12-31,2025-12-31,2025-09-20
VEN-00856,0.9274383247111148,1,97.24321865251324,2025-12-31,2025-12-31,2025-12-31
VEN-00857,0.9415725016339608,0,100.0,2025-12-31,2025-12-31,2025-12-31
VEN-00858,0.8398392521565619,0,95.51527138348774,2025-09-18,2025-12-31,2025-12-31
VEN-00859,0.8108058636694999,1,100.0,2025-12-31,2025-10-27,2025-12-31
VEN-00860,0.7261358474528606,0,98.9586478034532,2025-12-31,2025-12-31,2025-12-31
VEN-00861,0.8289310292755765,2,94.7850040525231,2025-12-31,2025-12-31,2025-12-31
VEN-00862,0.7488537955599667,2,100.0,2025-12-31,2025-12-31,2025-12-06
VEN-00863,0.8201748290135703,0,100.0,2025-08-24,2025-12-31,2025-12-31
VEN-00864,0.7197694607859301,1,87.94408421098306,2025-12-31,2025-12-31,2025-12-31
VEN-00865,0.8651746663151484,1,92.82646941213775,2025-12-31,2025-12-31,2025-12-31
VEN-00866,0.8045329963873525,1,86.34859201701813,2025-12-31,2025-12-31,2025-12-31
VEN-00867,0.6743556763690524,0,81.20628413567057,2025-12-31,2025-08-20,2025-12-31
VEN-00868,0.8738230455089323,0,93.01889529657126,2025-06-29,2025-12-31,2025-12-31
VEN-00869,0.8793444895823885,0,97.4845969235337,2025-12-27,2025-12-31,2025-12-31
VEN-00870,0.7529242455479916,1,91.70683059592449,2025-12-17,2025-12-31,2025-12-31
VEN-00871,0.728071797707609,1,96.32209360120568,2025-12-31,2025-12-31,2025-12-31
VEN-00872,0.6091273560352681,0,91.49194927639913,2025-12-31,2025-12-31,2025-12-31
VEN-00873,0.8501217235234476,1,87.14646021009476,2025-12-31,2025-12-31,2025-12-31
VEN-00874,0.6858110917362609,1,96.73608392929388,2025-12-31,2025-10-01,2025-12-31
VEN-00875,0.6682701398859684,0,85.84398170072896,2025-12-31,2025-12-31,2025-12-31
VEN-00876,0.9210558160850086,2,93.1586144130636,2025-12-31,2025-11-22,2025-12-31
VEN-00877,0.947828263915098,0,86.61758116575815,2025-09-08,2025-07-31,2025-12-31
VEN-00878,0.8962408806962452,0,89.11200980499375,2025-11-18,2025-12-31,2025-12-31
VEN-00879,0.7532305230049334,1,87.85982315924022,2025-08-14,2025-12-31,2025-12-31
VEN-00880,0.916746657801476,1,100.0,2025-05-24,2025-12-31,2025-12-31
VEN-00881,0.7851662754051763,0,94.97382264889274,2025-07-20,2025-09-15,2025-12-31
VEN-00882,0.7953632587006362,0,88.2031773922514,2025-12-31,2025-12-31,2025-12-31
VEN-00883,0.8837144838967411,0,89.82417586947349,2025-12-31,2025-07-16,2025-12-31
VEN-00884,0.6910976062301427,1,100.0,2025-09-10,2025-12-31,2025-12-31
VEN-00885,0.8442160178360119,0,95.27122097031987,2025-12-31,2025-10-24,2025-12-31
VEN-00886,0.5316923868542357,0,99.32535073470284,2025-12-31,2025-12-18,2025-12-31
VEN-00887,0.9422135841230468,1,97.97135801015276,2025-12-31,2025-12-31,2025-12-31
VEN-00888,0.5972136054574763,1,100.0,2025-06-07,2025-12-03,2025-12-31
VEN-00889,0.8856637901079714,0,81.54976608353066,2025-08-01,2025-12-31,2025-12-31
VEN-00890,0.7986704964306225,1,93.65460302329218,2025-12-31,2025-12-31,2025-11-16
VEN-00891,0.8045320433277245,1,81.70826580559219,2025-12-31,2025-12-31,2025-12-31
VEN-00892,0.8489218388064241,1,100.0,2025-12-31,2025-11-03,2025-12-31
VEN-00893,0.7309678659421314,0,92.26217618965914,2025-12-31,2025-12-31,2025-12-31
VEN-00894,0.7690582322978471,0,100.0,2025-12-31,2025-12-31,2025-12-31
VEN-00895,0.6785860245415943,5,99.3622869132002,2025-10-11,2025-12-31,2025-08-07
VEN-00896,0.9101000608099572,0,88.84410226163189,2025-12-31,2025-12-07,2025-12-31
VEN-00897,0.7057903632861852,1,100.0,2025-12-31,2025-11-05,2025-12-31
VEN-00898,0.7455487483653765,0,92.48253735088365,2025-12-31,2025-12-31,2025-12-31
VEN-00899,0.6051953770218527,1,100.0,2025-11-17,2025-12-14,2025-10-29
VEN-00900,0.8748196188956481,0,88.38500544452604,2025-06-03,2025-11-17,2025-12-31
VEN-00901,0.7319658506732661,1,97.74224378858683,2025-12-31,2025-12-31,2025-12-31
VEN-00902,0.8976157056659511,0,93.066151903924,2025-12-31,2025-12-31,2025-12-31
VEN-00903,0.9338917285777808,1,95.77170971647055,2025-12-31,2025-12-31,2025-12-31
VEN-00904,0.6832280350467993,0,87.79050635457622,2025-12-31,2025-12-31,2025-12-31
VEN-00905,0.7899971377959993,0,81.68815489120948,2025-12-31,2025-12-31,2025-12-31
VEN-00906,0.7591826325432913,1,83.3259383549975,2025-12-31,2025-12-31,2025-12-31
VEN-00907,0.835278786072565,0,100.0,2025-07-30,2025-12-31,2025-12-31
VEN-00908,0.8851637467225864,0,85.32793760613838,2025-12-31,2025-12-02,2025-12-19
VEN-00909,0.7803972140214392,0,90.49849675960672,2025-12-31,2025-12-31,2025-12-31
VEN-00910,0.7619761666930117,0,90.95556828799144,2025-12-31,2025-12-31,2025-12-31
VEN-00911,0.763898895529556,1,100.0,2025-12-31,2025-08-23,2025-12-31
VEN-00912,0.6279805551722736,1,100.0,2025-12-31,2025-12-31,2025-12-31
VEN-00913,0.734669787820585,0,100.0,2025-09-27,2025-12-31,2025-12-31
VEN-00914,0.8609901972119511,0,82.78668967115371,2025-12-31,2025-12-31,2025-12-31
VEN-00915,0.7063999439516977,0,82.60566918906912,2025-09-05,2025-12-31,2025-12-31
VEN-00916,0.8608204879763933,2,86.13462992157211,2025-12-31,2025-12-31,2025-12-31
VEN-00917,0.6114270174220969,0,99.9190211479854,2025-12-31,2025-12-31,2025-12-31
VEN-00918,0.908166735207605,0,97.8293144031472,2025-11-07,2025-12-31,2025-12-31
VEN-00919,0.9089862573331544,0,100.0,2025-12-31,2025-12-31,2025-12-31
VEN-00920,0.7490979186034827,1,84.52750227524025,2025-12-31,2025-12-31,2025-12-31
VEN-00921,0.7303389292523778,0,87.53707429823231,2025-12-31,2025-12-31,2025-12-31
VEN-00922,0.7740871388608277,1,96.77931856354571,2025-05-15,2025-12-31,2025-12-31
VEN-00923,0.9879499736491668,1,88.12203576960906,2025-12-31,2025-12-31,2025-12-31
VEN-00924,0.9356853685665804,0,100.0,2025-12-31,2025-10-04,2025-12-04
VEN-00925,0.8299760772063418,1,81.84874636021422,2025-12-31,2025-12-31,2025-12-31
VEN-00926,0.7377889474057981,0,100.0,2025-12-31,2025-12-31,2025-12-31
VEN-00927,0.9131557163568064,0,92.72336376185416,2025-12-31,2025-12-31,2025-12-31
VEN-00928,0.5595827879330405,2,80.15834156273118,2025-12-31,2025-12-31,2025-12-31
VEN-00929,0.6925629032781335,1,100.0,2025-10-25,2025-09-29,2025-12-31
VEN-00930,0.8699797584183995,2,84.6499139510644,2025-12-31,2025-12-31,2025-08-18
VEN-00931,0.8276955325222224,0,100.0,2025-12-31,2025-12-31,2025-09-08
VEN-00932,0.8976816626466524,0,90.24046829250136,2025-12-31,2025-12-31,2025-12-31
VEN-00933,0.950195450186344,0,82.72699448014428,2025-12-31,2025-12-31,2025-12-31
VEN-00934,0.5328426899074271,0,90.33138121799033,2025-12-31,2025-12-31,2025-12-31
VEN-00935,0.825176946217495,0,100.0,2025-12-31,2025-10-03,2025-11-17
VEN-00936,0.7939841042910198,2,97.64498226711446,2025-12-31,2025-12-31,2025-12-31
VEN-00937,0.6098413715757374,0,81.96441701400197,2025-07-26,2025-12-31,2025-12-31
VEN-00938,0.7773194981506414,0,98.33358022456436,2025-12-31,2025-12-31,2025-12-31
VEN-00939,0.7438908132975393,1,91.34566952123204,2025-05-20,2025-12-31,2025-12-31
VEN-00940,0.8724139029169998,0,100.0,2025-12-31,2025-12-31,2025-12-31
VEN-00941,0.9116160022767142,1,80.1470704174087,2025-12-31,2025-12-05,2025-08-23
VEN-00942,0.7479230617386903,1,78.0317900970728,2025-12-31,2025-12-31,2025-12-31
VEN-00943,0.8020617847128542,1,80.76270114371601,2025-12-31,2025-12-31,2025-12-31
VEN-00944,0.9340900930436732,1,100.0,2025-12-31,2025-09-21,2025-12-31
VEN-00945,0.8551962834284379,0,95.92642254914423,2025-12-31,2025-12-31,2025-12-31
VEN-00946,0.58649412267694,2,100.0,2025-12-31,2025-12-31,2025-08-10
VEN-00947,0.9518618682176035,1,88.69702143757634,2025-12-31,2025-07-21,2025-12-31
VEN-00948,0.8633590731947479,0,86.6358982056436,2025-06-24,2025-12-31,2025-12-31
VEN-00949,0.7772930037165712,0,79.97309509624228,2025-07-16,2025-12-31,2025-12-31
VEN-00950,0.625645105878111,0,100.0,2025-12-31,2025-12-31,2025-12-31
VEN-00951,0.690253491178162,1,97.39100037416836,2025-09-16,2025-12-31,2025-10-02
VEN-00952,0.924736559230458,0,97.53441008991024,2025-12-31,2025-12-31,2025-12-31
VEN-00953,0.9510707686121216,0,96.48360154947616,2025-08-06,2025-12-31,2025-12-31
VEN-00954,0.7899356102962696,0,100.0,2025-12-31,2025-12-31,2025-12-31
VEN-00955,0.6102942537456022,2,86.76977715868357,2025-12-31,2025-12-31,2025-12-31
VEN-00956,0.941263385656099,0,100.0,2025-12-31,2025-12-07,2025-08-24
VEN-00957,0.8973179632095338,0,97.70437562301248,2025-12-31,2025-12-31,2025-12-31
VEN-00958,0.8272011609190835,0,89.66601341953664,2025-06-07,2025-09-04,2025-12-31
VEN-00959,0.8500307594155935,0,92.2953520881057,2025-12-09,2025-12-31,2025-12-31
VEN-00960,0.7330112766023723,0,88.451024592703,2025-12-31,2025-12-31,2025-12-31
VEN-00961,0.9450921161086332,0,99.65953993045945,2025-09-02,2025-12-31,2025-12-31
VEN-00962,0.7362230641722892,1,100.0,2025-12-31,2025-12-31,2025-12-31
VEN-00963,0.8359107086570466,0,100.0,2025-12-31,2025-09-25,2025-12-31
VEN-00964,0.9250488448289464,0,100.0,2025-12-31,2025-12-31,2025-12-31
VEN-00965,0.633386468233401,0,93.45935400612466,2025-12-31,2025-12-31,2025-12-31
VEN-00966,0.814265181871108,0,87.25100641470101,2025-12-31,2025-12-31,2025-12-31
VEN-00967,0.715485592037862,0,94.99226536545086,2025-09-30,2025-12-31,2025-12-31
VEN-00968,0.8102954129386538,0,84.73883845632469,2025-09-15,2025-12-31,2025-12-31
VEN-00969,0.9307866574910424,1,95.48313395133871,2025-12-31,2025-12-31,2025-12-31
VEN-00970,0.629476715593156,1,97.71905366572152,2025-12-31,2025-12-31,2025-12-31
VEN-00971,0.7203199781119096,1,97.72185660882536,2025-12-28,2025-12-31,2025-12-31
VEN-00972,0.8824928844682398,0,81.69452153995358,2025-12-31,2025-12-31,2025-12-31
VEN-00973,0.9286432869064634,0,94.34394856677092,2025-12-31,2025-12-31,2025-12-31
VEN-00974,0.7079848053166663,0,83.34455131583742,2025-12-31,2025-12-31,2025-12-31
VEN-00975,0.8399380302309468,2,87.49072951648171,2025-12-31,2025-12-31,2025-12-31
VEN-00976,0.7104523731073016,1,95.73225720993857,2025-12-24,2025-09-16,2025-12-31
VEN-00977,0.7391975684871284,1,94.46472021861943,2025-06-10,2025-12-31,2025-12-31
VEN-00978,0.5296510786187006,1,76.66033149034263,2025-12-31,2025-12-31,2025-12-31
VEN-00979,0.7427108976508269,0,91.497261898295,2025-12-31,2025-12-31,2025-12-31
VEN-00980,0.8907593889742131,0,91.74842700114772,2025-12-31,2025-12-31,2025-12-31
VEN-00981,0.8149511464382186,2,91.7784966332681,2025-12-31,2025-07-22,2025-12-31
VEN-00982,0.6478978069535553,0,91.3253322564678,2025-11-21,2025-12-31,2025-12-31
VEN-00983,0.6735367799752888,0,100.0,2025-12-31,2025-12-31,2025-12-31
VEN-00984,0.8677229938552079,0,69.90310134620984,2025-12-31,2025-12-31,2025-12-31
VEN-00985,0.9470885784670214,0,90.63809395111,2025-12-31,2025-12-31,2025-12-31
VEN-00986,0.6259612665376489,1,76.4389356640162,2025-12-31,2025-12-31,2025-09-30
VEN-00987,0.9085471309192176,0,90.43270369168684,2025-12-31,2025-10-09,2025-12-31
VEN-00988,0.6243950504524,1,100.0,2025-12-31,2025-07-21,2025-12-31
VEN-00989,0.8491986597479676,1,100.0,2025-12-31,2025-12-31,2025-12-31
VEN-00990,0.8676984214740787,0,99.36759293996496,2025-12-31,2025-12-31,2025-12-31
VEN-00991,0.9184808029321264,0,94.4260538429121,2025-12-31,2025-12-31,2025-12-31
VEN-00992,0.91259093142227,2,100.0,2025-10-30,2025-12-22,2025-12-20
VEN-00993,0.9433863201966723,1,89.02989868122033,2025-12-31,2025-12-31,2025-12-31
VEN-00994,0.6256585196637197,3,99.09719402769944,2025-12-31,2025-08-02,2025-12-31
VEN-00995,0.7896646476851118,0,96.74449758853896,2025-12-31,2025-12-31,2025-12-31
VEN-00996,0.7962395391836601,0,100.0,2025-12-31,2025-12-31,2025-12-31
VEN-00997,0.6256804455690608,1,93.81510170863667,2025-12-31,2025-12-31,2025-12-31
VEN-00998,0.8132456001329789,0,97.16297064988292,2025-07-26,2025-12-31,2025-12-31
VEN-00999,0.8321380804324227,0,90.851448103643,2025-12-31,2025-12-31,2025-12-31
VEN-01000,0.8760445996614367,0,94.3339198567951,2025-12-31,2025-12-31,2025-12-31
VEN-01001,0.6705866982675692,0,94.90582358629716,2025-12-31,2025-08-12,2025-12-31
VEN-01002,0.8116102121423928,0,98.30342531768378,2025-12-31,2025-12-31,2025-12-31
VEN-01003,0.8833770250420716,1,95.11976421159724,2025-12-31,2025-12-31,2025-12-31
VEN-01004,0.8493163920106509,0,92.4160315104111,2025-12-31,2025-12-31,2025-12-31
VEN-01005,0.7645245192026631,0,88.64950066928644,2025-12-31,2025-12-31,2025-12-31
VEN-01006,0.895142389735508,0,92.61779885699244,2025-11-14,2025-12-31,2025-12-31
VEN-01007,0.7591239785893581,1,90.56702839853536,2025-12-31,2025-12-31,2025-12-31
VEN-01008,0.73634285724567,0,93.82986917851866,2025-12-31,2025-12-31,2025-10-27
VEN-01009,0.90447414356208,0,84.49594116022355,2025-12-31,2025-12-31,2025-11-28
VEN-01010,0.715159480844767,2,100.0,2025-12-31,2025-12-31,2025-12-31
VEN-01011,0.5578300238612113,1,88.6701411398005,2025-12-31,2025-12-06,2025-12-31
VEN-01012,0.9593207272631782,0,100.0,2025-12-31,2025-07-07,2025-12-31
VEN-01013,0.7122950597805293,0,85.09850149327596,2025-12-31,2025-12-31,2025-12-31
VEN-01014,0.8170653409688073,0,100.0,2025-10-27,2025-12-31,2025-12-31
VEN-01015,0.8822821196317624,1,100.0,2025-12-31,2025-12-31,2025-12-31
VEN-01016,0.699771585306382,1,85.19121855163469,2025-12-31,2025-12-31,2025-12-31
VEN-01017,0.6796901506733972,0,96.44762273509228,2025-12-31,2025-12-31,2025-12-31
VEN-01018,0.9906678339608752,1,97.74460938660526,2025-12-31,2025-12-31,2025-12-31
VEN-01019,0.7990301520255568,0,100.0,2025-10-28,2025-12-31,2025-12-31
VEN-01020,0.7969216533282049,1,93.20279877564352,2025-12-31,2025-12-31,2025-08-28
VEN-01021,0.6624518645979915,1,100.0,2025-12-31,2025-12-31,2025-09-10
VEN-01022,0.8326682733814105,1,93.74352145140266,2025-12-31,2025-12-31,2025-12-19
VEN-01023,0.901326092963642,2,82.78254147142106,2025-12-31,2025-12-31,2025-12-31
VEN-01024,0.7594837709957212,1,98.03842307651686,2025-08-26,2025-12-11,2025-12-31
VEN-01025,0.8225825643487693,0,91.61130594832592,2025-12-31,2025-12-31,2025-12-31
VEN-01026,0.8417021597457228,0,94.94688788393655,2025-12-31,2025-12-31,2025-12-31
VEN-01027,0.5121128870709147,0,100.0,2025-12-31,2025-12-31,2025-12-31
VEN-01028,0.9772120552859596,0,100.0,2025-12-31,2025-12-31,2025-12-31
VEN-01029,0.918752381630575,0,87.43841976711506,2025-12-31,2025-10-30,2025-11-13
VEN-01030,0.7955480604554683,0,90.43115707096304,2025-05-18,2025-12-31,2025-10-20
VEN-01031,0.8381177493312082,3,90.81619597598132,2025-12-31,2025-12-31,2025-12-31
VEN-01032,0.9152194081829442,2,96.8201946283456,2025-12-31,2025-12-31,2025-12-31
VEN-01033,0.8622069493287969,0,94.05619991187191,2025-12-31,2025-11-20,2025-12-31
VEN-01034,0.705771746801148,0,92.88045449156874,2025-11-11,2025-12-31,2025-12-31
VEN-01035,0.835858438608365,0,89.67096656808566,2025-12-31,2025-12-31,2025-12-31
VEN-01036,0.8388815298527296,0,85.88295474412135,2025-12-31,2025-12-31,2025-10-15
VEN-01037,0.6511524653276621,2,87.64247033783637,2025-12-31,2025-12-31,2025-12-31
VEN-01038,0.7450358111799428,2,89.57580535149836,2025-08-07,2025-12-31,2025-12-31
VEN-01039,0.5553984385273114,0,99.15337790926736,2025-12-31,2025-12-31,2025-12-31
VEN-01040,0.865842949572901,0,87.4066679653189,2025-12-31,2025-12-31,2025-10-01
VEN-01041,0.6878225733997962,0,100.0,2025-12-31,2025-12-31,2025-12-31
VEN-01042,0.7756341222399362,1,78.23181359118773,2025-12-31,2025-12-31,2025-10-05
VEN-01043,0.9737905949284116,0,90.43941437933884,2025-10-29,2025-12-31,2025-12-31
VEN-01044,0.7895929802570771,0,94.27024412368507,2025-07-22,2025-12-31,2025-12-31
VEN-01045,0.8395686704246169,0,96.27896910319252,2025-12-31,2025-12-31,2025-12-31
VEN-01046,0.9593313428700156,0,96.07649345692668,2025-12-31,2025-12-31,2025-12-31
VEN-01047,0.6649295381572328,0,93.05949475371996,2025-12-31,2025-12-31,2025-12-31
VEN-01048,0.6432723452353556,1,99.4419774527568,2025-12-31,2025-12-31,2025-12-31
VEN-01049,0.9627758516154752,0,83.94716838074785,2025-08-16,2025-12-31,2025-12-31
VEN-01050,0.904348704307692,2,100.0,2025-12-31,2025-12-31,2025-12-31
VEN-01051,0.6509959483086818,1,84.4700251566396,2025-12-31,2025-12-31,2025-12-31
VEN-01052,0.7018154607228901,2,88.40527139759566,2025-12-31,2025-12-31,2025-11-08
VEN-01053,0.9036714260225454,0,92.8431548524912,2025-12-31,2025-12-31,2025-10-30
VEN-01054,0.7949854964432492,0,100.0,2025-12-31,2025-12-31,2025-12-31
VEN-01055,0.9178302406245766,0,97.78046797862837,2025-12-31,2025-12-31,2025-12-31
VEN-01056,0.7852858900993799,0,100.0,2025-12-31,2025-12-31,2025-12-31
VEN-01057,0.8709835954246536,0,91.20031074318112,2025-12-31,2025-12-31,2025-12-31
VEN-01058,0.6900059097915108,0,98.85737619713484,2025-06-06,2025-12-31,2025-12-31
VEN-01059,0.7385703004298161,0,86.19924771735687,2025-12-31,2025-12-31,2025-12-31
VEN-01060,0.6290833574515168,1,99.51472597682285,2025-11-13,2025-12-31,2025-12-31
VEN-01061,0.7850696246401176,0,97.3195290605431,2025-12-31,2025-12-31,2025-12-31
VEN-01062,0.7375385612884029,0,90.72117687887858,2025-12-31,2025-12-31,2025-12-31
VEN-01063,0.8802510091893341,0,89.45004696371186,2025-12-31,2025-12-31,2025-10-28
VEN-01064,0.8088765621294887,1,100.0,2025-09-04,2025-12-31,2025-12-31
VEN-01065,0.9555813407083672,0,96.4060387311357,2025-12-31,2025-12-31,2025-12-31
VEN-01066,0.6243376550173163,1,100.0,2025-12-31,2025-10-02,2025-10-13
VEN-01067,0.7841181543576939,1,93.3080346362566,2025-12-31,2025-12-31,2025-12-31
VEN-01068,0.848890873888667,1,100.0,2025-12-31,2025-12-31,2025-12-31
VEN-01069,0.8750397173884626,0,100.0,2025-09-12,2025-12-31,2025-10-03
VEN-01070,0.8772984292532462,0,99.7149960577447,2025-12-31,2025-12-31,2025-12-31
VEN-01071,0.8343365409257059,0,100.0,2025-12-31,2025-12-31,2025-12-31
VEN-01072,0.9059787138296508,0,100.0,2025-08-01,2025-11-09,2025-12-31
VEN-01073,0.8348580318885565,0,100.0,2025-12-31,2025-12-31,2025-12-31
VEN-01074,0.811670897716068,0,95.81444093866672,2025-12-31,2025-08-26,2025-12-31
VEN-01075,0.9437405711883534,1,100.0,2025-12-31,2025-12-31,2025-12-31
VEN-01076,0.7004181542650197,0,97.062571217795,2025-12-31,2025-12-31,2025-12-31
VEN-01077,0.8434227391712001,0,93.71139442919048,2025-12-31,2025-12-31,2025-12-31
VEN-01078,0.9671942146156376,0,93.50771989399058,2025-05-07,2025-12-31,2025-12-31
VEN-01079,0.587902795762875,1,98.16168002021158,2025-12-31,2025-12-31,2025-12-31
VEN-01080,0.7930807934682788,0,96.46353105289376,2025-12-31,2025-12-18,2025-12-31
VEN-01081,0.7188547034435655,1,84.0052645603275,2025-12-31,2025-12-31,2025-12-31
VEN-01082,0.9542765087689046,0,100.0,2025-12-31,2025-12-31,2025-12-31
VEN-01083,0.7528961368421381,1,93.99376048721446,2025-12-31,2025-12-31,2025-12-31
VEN-01084,0.8413295435071789,0,98.17299171277702,2025-12-31,2025-12-31,2025-12-31
VEN-01085,0.9427462976432472,1,100.0,2025-08-01,2025-11-17,2025-12-31
VEN-01086,0.5388774451697745,0,85.11996883082952,2025-12-31,2025-12-31,2025-12-31
VEN-01087,0.9736578662088808,0,100.0,2025-12-31,2025-11-23,2025-12-31
VEN-01088,0.481489011762395,0,87.6495255728009,2025-12-31,2025-12-31,2025-12-31
VEN-01089,0.92640513390974,2,94.8547513494264,2025-12-31,2025-12-31,2025-08-13
VEN-01090,0.9168353827444912,0,100.0,2025-12-31,2025-12-31,2025-12-31
VEN-01091,0.7735849381637367,0,100.0,2025-12-31,2025-12-31,2025-12-31
VEN-01092,0.7535484952993089,1,90.03219837317326,2025-10-23,2025-12-31,2025-12-31
VEN-01093,0.8468229040006284,0,82.40819005002265,2025-12-31,2025-12-31,2025-12-31
VEN-01094,0.8448905516116475,0,76.41688991462975,2025-12-31,2025-12-31,2025-12-31
VEN-01095,0.7329527686115979,0,100.0,2025-12-31,2025-12-31,2025-12-31
VEN-01096,0.8577704869528563,0,76.86774125549965,2025-12-31,2025-12-31,2025-12-31
VEN-01097,0.8320003595262311,0,93.5434399336763,2025-12-31,2025-12-31,2025-12-31
VEN-01098,0.7004926750617045,1,87.35850839160348,2025-12-31,2025-12-31,2025-10-30
VEN-01099,0.8225575926662511,0,79.93073496828889,2025-12-31,2025-12-31,2025-12-31
VEN-01100,0.7000406213178569,1,87.70954430033436,2025-12-31,2025-11-29,2025-12-31
VEN-01101,0.8671052032983572,0,91.0331513196869,2025-11-03,2025-12-31,2025-12-27
VEN-01102,0.91413195071952,2,100.0,2025-09-11,2025-12-31,2025-12-30
VEN-01103,0.7945067045512241,1,96.23781883551372,2025-12-31,2025-12-31,2025-10-31
VEN-01104,0.8387708837364587,0,87.74740742075947,2025-12-31,2025-12-31,2025-12-31
VEN-01105,0.536562003922625,0,82.83526445516311,2025-12-31,2025-12-31,2025-09-03
VEN-01106,0.7246730220611256,0,100.0,2025-10-07,2025-12-31,2025-12-31
VEN-01107,0.9227598847745166,1,90.58575955779224,2025-12-31,2025-12-31,2025-11-27
VEN-01108,0.7909033362590082,0,88.3683383761568,2025-10-12,2025-07-27,2025-12-31
VEN-01109,0.6227409770291589,0,100.0,2025-12-31,2025-12-31,2025-12-31
VEN-01110,0.8568481098913503,2,89.59487361309367,2025-10-19,2025-11-21,2025-12-31
VEN-01111,0.9211901172298372,0,93.29585445323956,2025-12-31,2025-12-31,2025-12-31
VEN-01112,0.5713899522430734,2,99.53983027862851,2025-12-31,2025-12-31,2025-12-04
VEN-01113,0.905305292641734,1,97.85571949466772,2025-12-31,2025-12-31,2025-10-20
VEN-01114,0.8965415986486731,0,87.36247996120105,2025-12-31,2025-12-15,2025-12-31
VEN-01115,0.8932259502169589,1,86.88075795060665,2025-12-31,2025-08-04,2025-08-19
VEN-01116,0.9842010064873284,1,97.73419053928392,2025-08-16,2025-12-31,2025-12-31
VEN-01117,0.7414812371886962,2,87.8458129849842,2025-12-31,2025-12-31,2025-12-31
VEN-01118,0.938175018833914,0,95.96400218388251,2025-12-31,2025-12-31,2025-12-31
VEN-01119,0.7920563850189734,0,85.89270456080827,2025-09-23,2025-12-31,2025-12-31
VEN-01120,0.5632359000473123,0,99.67271064961491,2025-10-05,2025-12-31,2025-12-31
VEN-01121,0.9161443227418128,0,100.0,2025-12-31,2025-12-26,2025-12-31
VEN-01122,0.8729756292351554,1,97.79977227541416,2025-12-31,2025-12-31,2025-12-31
VEN-01123,0.9385426708139284,3,98.15294459084916,2025-12-31,2025-12-31,2025-12-31
VEN-01124,0.859762574191737,1,83.32946142794471,2025-12-31,2025-12-02,2025-12-31
VEN-01125,0.8501844652031154,2,79.02228797938865,2025-12-31,2025-12-31,2025-08-17
VEN-01126,0.8874948426651383,0,89.62901168482298,2025-10-06,2025-12-31,2025-12-31
VEN-01127,0.7441131121286101,1,85.53587148664327,2025-12-31,2025-12-31,2025-12-08
VEN-01128,0.9411590503456838,1,94.88800271129816,2025-12-31,2025-12-27,2025-12-31
VEN-01129,0.5992857384718678,1,100.0,2025-12-31,2025-12-31,2025-12-31
VEN-01130,0.8368361306353586,0,74.10090267292287,2025-12-20,2025-08-10,2025-12-31
VEN-01131,0.9503775147289232,1,97.43630767141116,2025-12-31,2025-08-31,2025-11-05
VEN-01132,0.6394297939904601,0,94.42215704431716,2025-12-31,2025-12-31,2025-12-31
VEN-01133,0.968565490305935,0,97.390501520192,2025-12-31,2025-11-30,2025-12-31
VEN-01134,0.9019225769825372,1,100.0,2025-11-09,2025-12-31,2025-12-31
VEN-01135,0.531239096093446,0,89.97959111175604,2025-12-31,2025-10-24,2025-12-22
VEN-01136,0.6711533814373828,0,96.5956985825756,2025-12-31,2025-10-04,2025-12-31
VEN-01137,0.8330255195881132,0,91.41605747787152,2025-12-31,2025-12-31,2025-12-31
VEN-01138,0.8973636254426373,0,100.0,2025-12-31,2025-12-31,2025-12-31
VEN-01139,0.8106999266287268,1,92.32174126189952,2025-12-31,2025-12-31,2025-12-31
VEN-01140,0.5978643841442999,0,97.2823770148943,2025-12-31,2025-12-31,2025-12-31
VEN-01141,0.8659842995480368,0,90.4279457145609,2025-09-10,2025-12-31,2025-12-31
VEN-01142,0.8855963285224909,1,94.40638663373048,2025-12-31,2025-12-31,2025-12-31
VEN-01143,0.8294133470406012,2,98.0129030520494,2025-12-31,2025-12-31,2025-12-31
VEN-01144,0.9843852234119248,0,92.67814555391752,2025-12-31,2025-12-31,2025-12-31
VEN-01145,0.8459897796801072,0,87.19223167285611,2025-12-31,2025-12-31,2025-12-31
VEN-01146,0.503874238367322,2,87.074819000472,2025-12-31,2025-10-15,2025-12-31
VEN-01147,0.9053798449869884,0,100.0,2025-09-07,2025-12-31,2025-12-31
VEN-01148,0.7322897643371499,0,92.04868000484112,2025-12-31,2025-12-31,2025-12-31
VEN-01149,0.9109798596774604,0,100.0,2025-08-03,2025-12-31,2025-12-31
VEN-01150,0.623898032920751,0,97.55038692763284,2025-12-31,2025-12-31,2025-12-31
VEN-01151,0.9097915358984804,0,100.0,2025-12-31,2025-12-31,2025-09-06
VEN-01152,0.9008196552251644,0,89.97376364859605,2025-05-05,2025-07-11,2025-12-31
VEN-01153,0.9189497827640764,2,100.0,2025-12-31,2025-12-31,2025-12-31
VEN-01154,0.8986280062283007,0,100.0,2025-12-31,2025-12-31,2025-12-31
VEN-01155,0.9273391960188604,0,100.0,2025-12-31,2025-10-03,2025-12-31
VEN-01156,0.8623827332132179,1,88.21414836177932,2025-12-31,2025-12-31,2025-12-31
VEN-01157,0.7762542775086948,0,97.09293401510392,2025-11-15,2025-12-31,2025-12-31
VEN-01158,0.7085628226258683,0,100.0,2025-12-31,2025-12-31,2025-12-31
VEN-01159,0.7826647412544154,0,88.21675259968518,2025-12-31,2025-12-31,2025-12-31
VEN-01160,0.8189209484652337,1,88.04881105853842,2025-06-17,2025-09-28,2025-08-24
VEN-01161,0.913454013128662,0,98.97554975039895,2025-12-31,2025-12-31,2025-12-31
VEN-01162,0.6426331096782532,0,93.0720714158474,2025-12-31,2025-12-31,2025-12-31
VEN-01163,0.7457541178816028,1,96.149506155744,2025-12-31,2025-11-19,2025-12-31
VEN-01164,0.963272544469943,0,87.58686523539077,2025-12-31,2025-12-31,2025-12-31
VEN-01165,0.8814980617262116,0,94.77242658731193,2025-12-31,2025-12-31,2025-12-31
VEN-01166,0.8984415834662424,0,100.0,2025-12-31,2025-11-20,2025-12-31
VEN-01167,0.9488216145729992,0,94.0978859096171,2025-12-31,2025-12-31,2025-09-18
VEN-01168,0.9648618903431728,1,100.0,2025-12-31,2025-12-31,2025-12-31
VEN-01169,0.8988301204872784,1,79.99257034950753,2025-12-17,2025-12-31,2025-10-31
VEN-01170,0.7261024399408426,1,98.14060191863229,2025-12-31,2025-12-31,2025-12-31
VEN-01171,0.8128991212074625,0,97.282091297033,2025-12-31,2025-11-29,2025-12-31
VEN-01172,0.7739638507744203,0,93.86991828563468,2025-05-29,2025-08-18,2025-08-24
VEN-01173,0.9156133232290568,1,100.0,2025-12-31,2025-12-31,2025-12-31
VEN-01174,0.640730660123374,1,95.33706317338287,2025-12-31,2025-12-31,2025-12-31
VEN-01175,0.857934849161701,0,90.14009803814535,2025-12-31,2025-08-28,2025-12-31
VEN-01176,0.5280813485117721,0,97.09538032144644,2025-05-10,2025-12-31,2025-12-31
VEN-01177,0.8187159567820367,0,81.70369354470277,2025-12-31,2025-12-31,2025-12-31
VEN-01178,0.8141344447309735,0,90.62222923478366,2025-12-31,2025-12-31,2025-09-27
VEN-01179,0.9460334244390748,0,87.45925399262921,2025-12-31,2025-12-31,2025-08-12
VEN-01180,0.7735815936833021,2,77.46334729764372,2025-12-31,2025-12-31,2025-12-26
VEN-01181,0.7963026392345466,0,88.52332954333855,2025-12-23,2025-12-31,2025-12-31
VEN-01182,0.7492038510124602,0,98.39011090933944,2025-12-31,2025-11-11,2025-12-31
VEN-01183,0.7549278494135766,0,94.1067068266704,2025-12-31,2025-12-31,2025-12-31
VEN-01184,0.8209762621516936,0,100.0,2025-07-07,2025-12-31,2025-12-31
VEN-01185,0.8429627678222901,0,90.17958509284024,2025-12-31,2025-12-31,2025-12-31
VEN-01186,0.7167444143221493,1,86.99491525578411,2025-12-31,2025-12-31,2025-12-31
VEN-01187,0.8651177201712902,1,96.02663303724356,2025-12-31,2025-10-05,2025-12-31
VEN-01188,0.902120985226768,0,100.0,2025-12-31,2025-12-31,2025-12-31
VEN-01189,0.8224179507468363,1,96.19161929495324,2025-12-31,2025-07-15,2025-12-31
VEN-01190,0.8950598923404561,0,92.95607465433778,2025-12-31,2025-12-31,2025-12-31
VEN-01191,0.7690677559106631,1,99.64398408112562,2025-12-31,2025-08-01,2025-12-31
VEN-01192,0.9237630878900832,1,91.92489009393742,2025-05-30,2025-12-31,2025-12-31
VEN-01193,0.9613395018869088,0,100.0,2025-05-30,2025-12-31,2025-12-31
VEN-01194,0.7703990315282122,0,87.65447046810192,2025-12-31,2025-12-31,2025-12-31
VEN-01195,0.8840711295543813,0,92.29584263152373,2025-12-31,2025-12-31,2025-12-31
VEN-01196,0.8673050523474525,0,92.05463831596232,2025-12-31,2025-12-31,2025-10-04
VEN-01197,0.697019742784135,0,100.0,2025-12-31,2025-08-14,2025-12-31
VEN-01198,0.8753030486781603,0,98.08538606417108,2025-07-04,2025-12-31,2025-12-31
VEN-01199,0.7731631791218306,2,75.30773662537868,2025-11-16,2025-12-31,2025-12-31
VEN-01200,0.9167446354552454,1,100.0,2025-12-31,2025-12-31,2025-12-31
VEN-01201,0.6380885091358867,0,100.0,2025-12-31,2025-12-16,2025-12-31
VEN-01202,0.6789956726256297,0,100.0,2025-11-17,2025-12-31,2025-12-31
VEN-01203,0.7850790357405397,0,100.0,2025-12-31,2025-12-31,2025-12-04
VEN-01204,0.9539557380998408,2,87.00334521400114,2025-12-31,2025-12-31,2025-10-10
VEN-01205,0.909198676404033,0,88.52474945661729,2025-12-31,2025-12-31,2025-12-31
VEN-01206,0.8699634066823618,0,85.7052051032011,2025-12-31,2025-12-31,2025-10-22
VEN-01207,0.8678971480473773,0,95.1239031455088,2025-12-31,2025-09-02,2025-12-31
VEN-01208,0.9419921873884642,0,79.71372933689192,2025-12-31,2025-12-31,2025-09-09
VEN-01209,0.7649241087054173,2,96.8443540524015,2025-06-14,2025-12-31,2025-12-31
VEN-01210,0.6598685229314282,0,94.99738921608972,2025-11-06,2025-12-31,2025-12-31
VEN-01211,0.8152103425248284,2,88.04118475869811,2025-06-18,2025-12-31,2025-12-31
VEN-01212,0.7791434308426559,0,100.0,2025-12-31,2025-12-31,2025-12-31
VEN-01213,0.9627094366032352,0,100.0,2025-12-31,2025-12-31,2025-12-31
VEN-01214,0.2836956832859904,0,69.32351137412563,2025-12-31,2025-12-31,2025-12-31
VEN-01215,0.808278935447217,0,99.74693146805306,2025-12-31,2025-12-31,2025-12-31
VEN-01216,0.845676175451041,1,91.27676794197222,2025-12-31,2025-12-31,2025-12-31
VEN-01217,0.4956794339934555,0,92.70447639087293,2025-12-31,2025-12-31,2025-12-31
VEN-01218,0.9496042141051068,0,100.0,2025-12-31,2025-12-31,2025-12-31
VEN-01219,0.8154592235209925,1,94.0690490821476,2025-12-31,2025-12-31,2025-12-31
VEN-01220,0.8912518711775734,1,91.40746336984712,2025-12-31,2025-12-31,2025-12-31
VEN-01221,0.8051878452185102,0,84.81100785379103,2025-12-31,2025-12-31,2025-12-31
VEN-01222,0.8038572828835181,1,94.72256250088166,2025-12-31,2025-12-31,2025-12-31
VEN-01223,0.8986617141097379,1,90.21845616415791,2025-12-31,2025-12-31,2025-11-10
VEN-01224,0.6254756126689095,0,98.44971002391527,2025-12-31,2025-12-31,2025-12-31
VEN-01225,0.9196336459621708,0,97.1266570364274,2025-12-31,2025-12-31,2025-12-31
VEN-01226,0.7742394336851539,1,100.0,2025-12-31,2025-12-31,2025-12-31
VEN-01227,0.8091445573780808,0,87.65152491199635,2025-12-31,2025-12-31,2025-12-31
VEN-01228,0.8200804802924476,0,88.31202492097896,2025-12-31,2025-12-31,2025-12-31
VEN-01229,0.6197278863451933,1,98.44961145457086,2025-12-31,2025-12-31,2025-12-31
VEN-01230,0.9329399533648652,0,87.67360230713456,2025-12-31,2025-12-31,2025-12-31
VEN-01231,0.6838910663256779,0,86.60675825419482,2025-12-31,2025-12-31,2025-12-31
VEN-01232,0.8342148511169704,0,84.56577036425294,2025-12-31,2025-12-31,2025-12-31
VEN-01233,0.8063944556825394,0,100.0,2025-12-31,2025-12-31,2025-09-11
VEN-01234,0.8858288543413576,0,90.127790640346,2025-11-20,2025-12-31,2025-12-31
VEN-01235,0.9151731557113968,0,93.82546767609308,2025-12-31,2025-12-31,2025-12-31
VEN-01236,0.8277610745462496,0,86.45738320763941,2025-12-31,2025-12-31,2025-12-31
VEN-01237,0.669494028901096,1,99.38497733263203,2025-09-16,2025-12-31,2025-12-31
VEN-01238,0.7254538038263415,2,97.11355785552912,2025-12-31,2025-12-31,2025-12-31
VEN-01239,0.6956852196567521,0,97.4923298068484,2025-12-31,2025-12-31,2025-12-31
VEN-01240,0.9465126313756212,2,89.55263528018176,2025-12-31,2025-12-31,2025-12-31
VEN-01241,0.954100001788395,0,95.69095133922303,2025-12-31,2025-12-31,2025-12-31
VEN-01242,0.5313860866226721,0,94.8655707704854,2025-08-02,2025-12-31,2025-12-31
VEN-01243,0.6158758067471846,1,94.3400639613528,2025-12-31,2025-12-31,2025-12-31
VEN-01244,0.7534213145522288,0,100.0,2025-12-31,2025-12-31,2025-08-30
VEN-01245,0.9351925138543647,0,92.54043747154486,2025-12-31,2025-12-31,2025-12-31
VEN-01246,0.870694629642158,1,98.62512342612798,2025-08-25,2025-08-08,2025-09-01
VEN-01247,0.8683977043260321,1,87.96473647479661,2025-12-31,2025-12-31,2025-12-31
VEN-01248,0.727914068771199,0,98.08833626076002,2025-12-31,2025-12-31,2025-12-31
VEN-01249,0.7622618989857789,0,86.9291172528557,2025-12-31,2025-12-31,2025-12-31
VEN-01250,0.7491132364314066,0,100.0,2025-11-13,2025-12-31,2025-12-31
VEN-01251,0.7737473295169963,1,100.0,2025-12-31,2025-12-31,2025-12-31
VEN-01252,0.8840428912346437,0,86.2436460796707,2025-12-31,2025-12-31,2025-12-31
VEN-01253,0.886884236778123,1,94.14023753587212,2025-12-31,2025-12-21,2025-09-06
VEN-01254,0.9387929494971432,1,93.52714655036984,2025-12-31,2025-12-31,2025-12-31
VEN-01255,0.9168173418084724,1,95.12398355781863,2025-12-31,2025-12-31,2025-12-31
VEN-01256,0.8872304951216753,0,87.56537534736373,2025-12-31,2025-12-31,2025-12-31
VEN-01257,0.8155988270853415,1,77.40826325868974,2025-12-31,2025-12-31,2025-12-31
VEN-01258,0.8877601238809026,2,100.0,2025-05-30,2025-12-31,2025-10-20
VEN-01259,0.8918195358641761,0,93.56036336399832,2025-12-31,2025-12-31,2025-12-31
VEN-01260,0.983680516643312,0,100.0,2025-12-31,2025-12-31,2025-12-31
VEN-01261,0.9569175041004778,1,84.4774910630608,2025-12-31,2025-12-31,2025-12-31
VEN-01262,0.8819218768422156,0,100.0,2025-12-31,2025-12-31,2025-10-12
VEN-01263,0.9193508788573588,0,93.78863041400008,2025-12-31,2025-12-31,2025-12-31
VEN-01264,0.9493873010373656,0,93.35528532631784,2025-12-31,2025-07-29,2025-12-31
VEN-01265,0.9915721795255856,1,83.84852383999772,2025-12-31,2025-12-31,2025-12-31
VEN-01266,0.6831703816677701,0,93.87369002759388,2025-12-31,2025-12-31,2025-12-31
VEN-01267,0.7074498252410987,1,100.0,2025-12-31,2025-12-31,2025-12-31
VEN-01268,0.8959904510020394,0,93.63057837915775,2025-12-31,2025-12-31,2025-12-31
VEN-01269,0.846841820420626,1,100.0,2025-12-31,2025-12-31,2025-12-31
VEN-01270,0.7970987908364627,0,98.2048532573128,2025-12-31,2025-12-31,2025-12-31
VEN-01271,0.9071650286708062,0,100.0,2025-12-31,2025-12-31,2025-10-31
VEN-01272,0.8918440208842179,1,88.26218781669081,2025-12-31,2025-12-31,2025-12-31
VEN-01273,0.8032381622497822,1,84.69450467022807,2025-12-31,2025-12-31,2025-12-31
VEN-01274,0.852830980435528,0,89.8772921283,2025-12-31,2025-12-31,2025-09-05
VEN-01275,0.8036743747799454,1,87.91681482245733,2025-12-31,2025-12-31,2025-12-31
VEN-01276,0.7387084383677786,2,90.06595586557744,2025-12-31,2025-08-23,2025-12-31
VEN-01277,0.6985754946184928,0,96.0017080234245,2025-12-31,2025-12-31,2025-12-31
VEN-01278,0.743459000290457,0,96.86212128586314,2025-12-17,2025-12-31,2025-12-31
VEN-01279,0.8741739978614065,1,89.30472146144764,2025-12-31,2025-12-31,2025-12-31
VEN-01280,0.8914842242588058,1,95.73552593201012,2025-12-31,2025-12-31,2025-12-31
VEN-01281,0.7844731727231373,1,85.71517297053657,2025-12-31,2025-12-31,2025-12-31
VEN-01282,0.900324770782236,0,92.39576628039973,2025-12-31,2025-12-31,2025-12-31
VEN-01283,0.9796482511214284,0,89.47979967797043,2025-12-31,2025-12-31,2025-12-18
VEN-01284,0.8942290525804873,0,88.18735141350874,2025-12-31,2025-12-31,2025-12-31
VEN-01285,0.861276275123698,0,100.0,2025-08-25,2025-12-31,2025-12-31
VEN-01286,0.8896121059772966,1,90.89151435606853,2025-12-31,2025-12-31,2025-12-31
VEN-01287,0.935875028398068,1,96.8646378254372,2025-12-31,2025-12-31,2025-11-04
VEN-01288,0.8587014652083103,1,87.92739885690388,2025-12-31,2025-12-31,2025-12-31
VEN-01289,0.7738213479226984,0,94.72041080852742,2025-09-08,2025-12-31,2025-12-23
VEN-01290,0.7773059544036134,1,97.70292531098433,2025-12-31,2025-12-31,2025-12-31
VEN-01291,0.9695075433153052,0,100.0,2025-09-05,2025-12-31,2025-12-31
VEN-01292,0.925795200742825,0,90.2591940329816,2025-12-26,2025-12-31,2025-12-31
VEN-01293,0.9090657873332544,0,84.95506882723404,2025-12-31,2025-12-31,2025-12-31
VEN-01294,0.3446602083007337,0,93.550939904823,2025-12-31,2025-12-31,2025-12-31
VEN-01295,0.6083649386068858,2,81.71352725604905,2025-12-31,2025-12-31,2025-12-31
VEN-01296,0.7446998316064186,0,99.59233736478248,2025-12-07,2025-12-31,2025-12-31
VEN-01297,0.909972886073785,0,92.68529832817684,2025-11-25,2025-12-31,2025-12-31
VEN-01298,0.8650585410079739,1,83.52816574786122,2025-12-31,2025-12-31,2025-12-31
VEN-01299,0.7865548590180347,0,89.88567277386912,2025-12-31,2025-10-21,2025-10-07
VEN-01300,0.8947068623637384,0,100.0,2025-12-12,2025-12-31,2025-12-31
VEN-01301,0.7108808854530468,0,85.53485346475534,2025-12-17,2025-12-31,2025-12-31
VEN-01302,0.9177638716356434,0,99.00446814183128,2025-06-24,2025-12-31,2025-12-31
VEN-01303,0.8525586471915432,1,100.0,2025-12-31,2025-12-31,2025-12-31
VEN-01304,0.8452832226559409,0,100.0,2025-12-31,2025-07-29,2025-10-15
VEN-01305,0.8925457282586007,0,97.14956980172252,2025-12-31,2025-12-31,2025-12-31
VEN-01306,0.6837714013797954,0,93.69186972494524,2025-12-31,2025-12-31,2025-08-31
VEN-01307,0.8940343931604869,1,87.6130943688857,2025-12-31,2025-12-31,2025-12-31
VEN-01308,0.896802314834256,0,100.0,2025-12-31,2025-12-31,2025-08-29
VEN-01309,0.9149070585135805,2,99.10105094134974,2025-12-31,2025-12-31,2025-12-31
VEN-01310,0.6905193923930655,0,100.0,2025-09-13,2025-12-31,2025-12-31
VEN-01311,0.856185408036612,0,96.61394226032284,2025-12-31,2025-12-31,2025-12-31
VEN-01312,0.7997019995022635,1,95.1305515344144,2025-12-31,2025-12-31,2025-12-31
VEN-01313,0.7324097423358535,0,100.0,2025-12-31,2025-12-31,2025-12-31
VEN-01314,0.9073138028752696,0,100.0,2025-09-01,2025-11-03,2025-12-31
VEN-01315,0.9258753319727496,2,78.33498391794792,2025-12-31,2025-12-31,2025-12-31
VEN-01316,0.8816386762154255,1,100.0,2025-12-31,2025-11-02,2025-08-30
VEN-01317,0.7646938967117988,2,100.0,2025-07-04,2025-12-31,2025-12-31
VEN-01318,0.7404892010282701,0,90.73789901943164,2025-12-31,2025-07-10,2025-12-31
VEN-01319,0.7147395746615415,3,95.78127758207188,2025-12-31,2025-12-31,2025-12-31
VEN-01320,0.8140241346115106,1,100.0,2025-11-02,2025-12-31,2025-09-07
VEN-01321,0.8954278011613584,1,100.0,2025-10-02,2025-11-04,2025-12-31
VEN-01322,0.93192282904441,0,99.53199175784276,2025-12-31,2025-12-31,2025-12-31
VEN-01323,0.8523078948731609,1,96.86848459229836,2025-12-31,2025-12-31,2025-12-31
VEN-01324,0.7954092195014775,0,99.2518935702704,2025-12-31,2025-12-31,2025-10-20
VEN-01325,0.7116471205517778,0,99.43197232891649,2025-12-31,2025-12-31,2025-12-31
VEN-01326,0.9477621534912394,1,100.0,2025-06-06,2025-12-31,2025-12-31
VEN-01327,0.8519489754409975,0,100.0,2025-12-31,2025-12-31,2025-12-21
VEN-01328,0.9031338579597612,2,99.23093885436242,2025-12-31,2025-12-31,2025-12-31
VEN-01329,0.8505503129129418,1,87.30037137752491,2025-12-31,2025-07-20,2025-11-22
VEN-01330,0.8222424317878135,1,100.0,2025-12-31,2025-12-31,2025-12-31
VEN-01331,0.8638018807764348,0,92.079946546528,2025-12-31,2025-12-31,2025-09-25
VEN-01332,0.6250693144924692,0,92.49109801747896,2025-06-10,2025-12-17,2025-12-31
VEN-01333,0.5959329954586454,0,86.93507821028685,2025-12-31,2025-12-31,2025-12-31
VEN-01334,0.8841584800454488,1,95.33031469667586,2025-12-31,2025-12-31,2025-12-31
VEN-01335,0.8686471811006148,2,95.33786965336054,2025-12-31,2025-12-31,2025-12-31
VEN-01336,0.9562635199336844,0,100.0,2025-12-31,2025-12-31,2025-12-31
VEN-01337,0.8475863259646372,1,91.89768318459843,2025-12-31,2025-12-31,2025-12-31
VEN-01338,0.7049443082798403,0,97.05589439560542,2025-12-31,2025-12-31,2025-12-31
VEN-01339,0.7592642986175379,0,100.0,2025-12-31,2025-12-31,2025-12-31
VEN-01340,0.9108405116104908,0,98.62892194121552,2025-10-11,2025-10-08,2025-12-31
VEN-01341,0.789579270840366,1,94.77218526839968,2025-12-31,2025-12-31,2025-10-15
VEN-01342,0.7074151887150024,0,100.0,2025-12-31,2025-12-31,2025-12-31
VEN-01343,0.8291380000813624,2,71.02581760395533,2025-12-31,2025-09-17,2025-12-31
VEN-01344,0.8126845441902212,0,100.0,2025-12-31,2025-12-31,2025-12-31
VEN-01345,0.7117457128604815,0,77.40242350259021,2025-12-31,2025-12-31,2025-12-31
VEN-01346,0.565217579763815,0,100.0,2025-12-31,2025-12-31,2025-12-31
VEN-01347,0.8141471084556133,1,100.0,2025-12-31,2025-08-29,2025-12-31
VEN-01348,0.6219621553976706,0,96.3219925865923,2025-12-31,2025-12-31,2025-12-31
VEN-01349,0.7891215752269085,1,100.0,2025-12-31,2025-12-31,2025-12-31
VEN-01350,0.631323506615775,0,94.43254952284911,2025-12-31,2025-12-31,2025-12-31
VEN-01351,0.7514816618838301,1,97.3668068919833,2025-12-31,2025-12-31,2025-12-31
VEN-01352,0.7459136533822252,0,88.1561917295477,2025-09-07,2025-07-27,2025-12-31
VEN-01353,0.6377418421139701,0,94.634398899992,2025-12-31,2025-12-31,2025-12-31
VEN-01354,0.8387800736060134,1,100.0,2025-12-31,2025-12-31,2025-12-31
VEN-01355,0.6766359940237848,0,99.17718967299312,2025-12-31,2025-12-31,2025-12-31
VEN-01356,0.5229021911712889,0,100.0,2025-12-31,2025-11-06,2025-12-31
VEN-01357,0.8032630011551897,0,94.65502527105288,2025-12-31,2025-12-31,2025-12-31
VEN-01358,0.7887146801305892,0,94.05851917046743,2025-12-31,2025-12-31,2025-12-31
VEN-01359,0.349702160496561,2,88.34823305034205,2025-12-31,2025-12-31,2025-12-31
VEN-01360,0.8800923927261032,1,95.68494683660042,2025-12-31,2025-12-31,2025-12-31
VEN-01361,0.795772649898749,1,83.90172052065489,2025-11-08,2025-09-12,2025-12-31
VEN-01362,0.9599414900542372,1,89.27272612257,2025-12-31,2025-12-31,2025-12-31
VEN-01363,0.8969914971207069,0,87.32641061216869,2025-12-31,2025-12-31,2025-12-31
VEN-01364,0.9531497704359534,1,100.0,2025-12-31,2025-12-31,2025-12-31
VEN-01365,0.880193575285554,1,100.0,2025-12-31,2025-12-31,2025-12-31
VEN-01366,0.8366875851638517,1,100.0,2025-12-31,2025-12-31,2025-12-31
VEN-01367,0.6697276332229777,1,95.78233233986973,2025-09-26,2025-12-31,2025-12-31
VEN-01368,0.7903018718057002,0,100.0,2025-12-31,2025-12-31,2025-12-31
VEN-01369,0.935218097907038,2,99.72984289163736,2025-11-30,2025-12-31,2025-12-31
VEN-01370,0.7782814209410618,0,86.60377943441907,2025-12-31,2025-12-31,2025-12-31
VEN-01371,0.6135711599314839,0,77.28783816271246,2025-05-20,2025-12-31,2025-12-31
VEN-01372,0.9187930547955768,1,89.93285286413027,2025-12-31,2025-12-31,2025-12-31
VEN-01373,0.912413058004712,1,98.44775406660824,2025-11-01,2025-11-01,2025-12-31
VEN-01374,0.5893295096587421,0,100.0,2025-12-31,2025-10-30,2025-08-17
VEN-01375,0.7668204951547212,1,100.0,2025-12-31,2025-12-31,2025-12-31
VEN-01376,0.7339104216926671,1,86.51216992114277,2025-12-31,2025-11-05,2025-12-31
VEN-01377,0.6020977128375707,0,96.17445512892547,2025-12-31,2025-12-31,2025-11-07
VEN-01378,0.7314639839339379,0,100.0,2025-09-07,2025-12-31,2025-12-31
VEN-01379,0.6173851322581405,2,100.0,2025-12-31,2025-12-31,2025-12-31
VEN-01380,0.8359558112853238,2,93.3260315996218,2025-12-31,2025-12-31,2025-12-31
VEN-01381,0.802350900810923,0,86.59867653082628,2025-06-06,2025-12-31,2025-12-31
VEN-01382,0.8664863665180026,0,100.0,2025-12-31,2025-12-31,2025-12-31
VEN-01383,0.7224481040351143,1,84.01267076246152,2025-12-31,2025-12-31,2025-12-31
VEN-01384,0.6919145086050623,2,98.92914128814344,2025-12-31,2025-12-31,2025-09-26
VEN-01385,0.9800934242189104,0,87.70894817795327,2025-12-31,2025-12-31,2025-12-31
VEN-01386,0.8962828459410981,1,73.59173775409096,2025-12-31,2025-12-31,2025-12-31
VEN-01387,0.8688210884988299,0,93.6471428413443,2025-12-31,2025-08-10,2025-12-31
VEN-01388,0.7208405833831647,1,93.18800199780408,2025-12-31,2025-12-18,2025-12-31
VEN-01389,0.9259887210847426,0,87.9646421046034,2025-12-31,2025-12-31,2025-12-31
VEN-01390,0.8275594928378193,0,100.0,2025-12-31,2025-12-31,2025-12-31
VEN-01391,0.9519995433575064,0,80.55893596253313,2025-12-31,2025-09-08,2025-12-31
VEN-01392,0.7090223349888944,0,98.27834383560392,2025-12-31,2025-12-31,2025-12-31
VEN-01393,0.8832628610637318,0,99.30420966323264,2025-09-07,2025-12-31,2025-12-31
VEN-01394,0.8743327012844928,0,96.01250396279048,2025-12-31,2025-07-23,2025-12-31
VEN-01395,0.8301806564973084,0,92.5990255849626,2025-12-31,2025-12-31,2025-12-31
VEN-01396,0.7998324156756532,0,85.95338439372955,2025-12-31,2025-12-31,2025-12-31
VEN-01397,0.7185504293650896,0,92.70717494812124,2025-10-19,2025-12-31,2025-12-31
VEN-01398,0.6430653812323601,1,99.87745111410266,2025-12-31,2025-12-31,2025-12-31
VEN-01399,0.3135571228735533,0,85.17141992983665,2025-12-31,2025-12-31,2025-12-31
VEN-01400,0.9679672591580916,1,76.57576781769504,2025-05-09,2025-12-31,2025-12-31
VEN-01401,0.7318219349366093,0,89.76780847091793,2025-12-04,2025-12-31,2025-12-31
VEN-01402,0.8406180333913688,1,89.9927845587801,2025-11-08,2025-12-31,2025-12-29
VEN-01403,0.6835190899535659,2,78.79189312215374,2025-10-17,2025-12-31,2025-12-31
VEN-01404,0.7090734433413857,1,88.62741710745277,2025-06-15,2025-12-31,2025-12-31
VEN-01405,0.8362033394202818,0,100.0,2025-11-24,2025-12-31,2025-12-31
VEN-01406,0.8640657674116937,0,100.0,2025-12-31,2025-12-31,2025-12-31
VEN-01407,0.8044670272813407,0,98.88300649775216,2025-12-31,2025-12-31,2025-12-31
VEN-01408,0.683563470927874,0,96.3167638026779,2025-12-31,2025-12-31,2025-12-31
VEN-01409,0.8337324024783878,1,75.20979327359369,2025-12-31,2025-08-02,2025-12-31
VEN-01410,0.918234097312979,1,100.0,2025-12-31,2025-12-31,2025-11-07
VEN-01411,0.9281784273020128,1,82.59660789952562,2025-12-12,2025-12-31,2025-12-31
VEN-01412,0.944638151378412,0,88.06279274869615,2025-12-31,2025-12-31,2025-10-21
VEN-01413,0.7178313878015844,0,90.88143308362952,2025-09-07,2025-12-31,2025-12-31
VEN-01414,0.8444922158204011,0,95.03552144719151,2025-08-24,2025-12-31,2025-12-31
VEN-01415,0.9418611480740666,0,85.39142270345883,2025-12-31,2025-12-31,2025-08-16
VEN-01416,0.787242077880359,0,86.18675608509373,2025-12-31,2025-12-31,2025-12-31
VEN-01417,0.666841659804452,0,100.0,2025-12-31,2025-12-31,2025-12-31
VEN-01418,0.9805756131572486,0,100.0,2025-12-31,2025-08-02,2025-12-31
VEN-01419,0.8500685815650323,0,91.96149058412166,2025-12-31,2025-12-31,2025-11-23
VEN-01420,0.705853376344584,0,100.0,2025-12-31,2025-12-31,2025-12-31
VEN-01421,0.921198165611454,1,92.42578407213048,2025-05-25,2025-12-31,2025-12-31
VEN-01422,0.744038062783863,0,100.0,2025-12-31,2025-12-11,2025-12-31
VEN-01423,0.7654237901769677,1,98.24983881599594,2025-12-31,2025-12-31,2025-08-21
VEN-01424,0.9409021756938036,0,98.5251225867228,2025-12-31,2025-12-31,2025-12-31
VEN-01425,0.9729606479454854,2,86.72615435986056,2025-12-31,2025-12-17,2025-12-31
VEN-01426,0.6791165464681658,1,90.00143643880058,2025-10-26,2025-12-31,2025-12-31
VEN-01427,0.9618662730149624,4,94.18939097503392,2025-12-31,2025-12-31,2025-10-12
VEN-01428,0.7787705069120325,0,91.43875798685238,2025-12-31,2025-12-31,2025-12-31
VEN-01429,0.7252938022689275,0,98.6658597185486,2025-12-31,2025-12-31,2025-10-07
VEN-01430,0.9483438993784752,1,80.24710117021148,2025-12-31,2025-07-20,2025-12-31
VEN-01431,0.7158288954007055,0,100.0,2025-12-31,2025-10-17,2025-12-31
VEN-01432,0.8284907008733052,0,100.0,2025-12-31,2025-12-31,2025-12-31
VEN-01433,0.623639951361454,0,98.0452794969088,2025-12-31,2025-12-31,2025-12-31
VEN-01434,0.9113365872396036,0,91.85139171360456,2025-12-31,2025-12-31,2025-12-31
VEN-01435,0.9543776642948002,0,91.5127098411977,2025-10-22,2025-12-31,2025-12-31
VEN-01436,0.6678290257035812,3,90.5224119661422,2025-12-31,2025-12-31,2025-12-31
VEN-01437,0.865206169935374,1,97.2680960116654,2025-12-28,2025-12-31,2025-12-31
VEN-01438,0.6058326396982169,0,89.96223778170705,2025-12-31,2025-12-31,2025-12-31
VEN-01439,0.936100724376596,0,90.35406708347708,2025-10-10,2025-12-31,2025-12-31
VEN-01440,0.9349224931890124,0,80.83435246334977,2025-12-31,2025-12-31,2025-12-31
VEN-01441,0.7504858976424577,1,94.63159582948362,2025-12-31,2025-12-31,2025-12-31
VEN-01442,0.4721851446356189,0,91.4902640711542,2025-12-31,2025-12-31,2025-08-16
VEN-01443,0.8880686881322954,0,100.0,2025-08-02,2025-12-31,2025-12-31
VEN-01444,0.8497912796007148,0,94.42014679137826,2025-09-27,2025-12-31,2025-12-31
VEN-01445,0.8526216768541377,0,74.80961198936637,2025-12-31,2025-12-31,2025-12-31
VEN-01446,0.735082716510379,0,97.34002925456129,2025-10-10,2025-12-31,2025-12-31
VEN-01447,0.8234928091211923,0,96.05995507250518,2025-12-31,2025-12-31,2025-12-31
VEN-01448,0.7476565298021451,1,88.47382880031849,2025-12-31,2025-12-31,2025-12-31
VEN-01449,0.8194912431800369,2,100.0,2025-12-31,2025-12-31,2025-12-31
VEN-01450,0.7048209146935777,0,96.33973650477547,2025-12-31,2025-12-31,2025-09-13
VEN-01451,0.7512805755500968,0,87.37105786016525,2025-12-31,2025-12-31,2025-12-31
VEN-01452,0.8852082588316178,0,100.0,2025-12-31,2025-12-31,2025-12-31
VEN-01453,0.4841739979643027,1,95.39116847295458,2025-09-27,2025-12-31,2025-12-31
VEN-01454,0.9781264037630212,0,92.96343504183535,2025-06-25,2025-12-31,2025-12-31
VEN-01455,0.9021478974218308,0,88.97827615958661,2025-12-31,2025-12-31,2025-12-31
VEN-01456,0.7692776648590429,0,91.916068227275,2025-12-31,2025-12-31,2025-10-03
VEN-01457,0.7002513220056333,0,82.03753556632287,2025-12-31,2025-09-16,2025-12-06
VEN-01458,0.9549098234466162,0,91.49846910957568,2025-12-31,2025-11-09,2025-12-31
VEN-01459,0.7193103607973703,2,86.10624602159264,2025-12-31,2025-12-31,2025-12-31
VEN-01460,0.8706957706667265,1,100.0,2025-12-31,2025-12-31,2025-12-31
VEN-01461,0.8774963729098068,0,94.33698263407732,2025-12-31,2025-12-31,2025-10-19
VEN-01462,0.8408836603570026,2,100.0,2025-12-31,2025-12-31,2025-12-31
VEN-01463,0.6273137741098366,2,100.0,2025-12-31,2025-12-18,2025-12-31
VEN-01464,0.8064766678636486,2,86.5090089846578,2025-12-31,2025-09-23,2025-12-31
VEN-01465,0.5976854628955723,1,94.9347213102148,2025-12-31,2025-12-31,2025-12-31
VEN-01466,0.8148481759434627,0,94.26506879699905,2025-12-31,2025-12-31,2025-10-24
VEN-01467,0.7223360051279641,0,95.20998549679896,2025-08-02,2025-12-31,2025-12-31
VEN-01468,0.762924519538489,0,100.0,2025-08-29,2025-12-31,2025-12-31
VEN-01469,0.9846035770866632,0,93.36003702192978,2025-12-31,2025-12-31,2025-12-31
VEN-01470,0.8635041802507393,2,94.90273253441612,2025-12-31,2025-12-20,2025-12-31
VEN-01471,0.7438393216156024,0,94.3981928455448,2025-12-31,2025-12-31,2025-12-31
VEN-01472,0.6366639841955558,0,94.2664382111139,2025-12-31,2025-12-31,2025-10-01
VEN-01473,0.7859231507355616,1,86.31695989714842,2025-10-09,2025-12-31,2025-12-31
VEN-01474,0.6570501244272865,1,89.47135944759498,2025-12-31,2025-12-31,2025-12-31
VEN-01475,0.7820315853076892,1,75.78553428624163,2025-12-31,2025-12-31,2025-12-31
VEN-01476,0.8530912814328285,1,97.12179533011054,2025-12-31,2025-12-31,2025-12-31
VEN-01477,0.8978023420943062,0,95.31607762315672,2025-06-24,2025-12-15,2025-12-31
VEN-01478,0.641895737872005,0,95.94153495543829,2025-12-31,2025-12-31,2025-12-31
VEN-01479,0.6752134336215582,2,100.0,2025-12-31,2025-12-31,2025-12-31
VEN-01480,0.7046913635064116,0,99.15159040124104,2025-12-31,2025-12-31,2025-12-31
VEN-01481,0.826921652977498,2,100.0,2025-12-31,2025-12-31,2025-12-31
VEN-01482,0.8789738396537857,0,100.0,2025-11-28,2025-12-31,2025-12-31
VEN-01483,0.9633660194580196,1,100.0,2025-12-31,2025-12-31,2025-10-02
VEN-01484,0.9415954263980368,1,100.0,2025-12-31,2025-12-31,2025-09-07
VEN-01485,0.7896294857067702,2,87.29052401372145,2025-10-26,2025-12-31,2025-12-31
VEN-01486,0.8487801938929393,1,99.1661801559872,2025-12-31,2025-12-31,2025-12-31
VEN-01487,0.9062757767228516,0,99.62999160141332,2025-12-31,2025-12-31,2025-12-31
VEN-01488,0.9556650466289422,0,97.55023640458816,2025-12-31,2025-12-31,2025-12-31
VEN-01489,0.604145018884227,0,100.0,2025-12-31,2025-12-31,2025-12-31
VEN-01490,0.942925190634364,2,96.18998579536408,2025-12-31,2025-12-31,2025-12-31
VEN-01491,0.9798009168373684,0,98.72103150699178,2025-12-31,2025-12-31,2025-12-31
VEN-01492,0.7550718042119676,0,93.66663303777553,2025-12-31,2025-12-31,2025-12-31
VEN-01493,0.4797256381533266,0,92.7091176601443,2025-12-31,2025-12-31,2025-12-31
VEN-01494,0.6024360234598674,1,91.4034853952177,2025-12-31,2025-12-31,2025-12-31
VEN-01495,0.9055289856739484,1,86.93755163009367,2025-12-31,2025-12-31,2025-12-31
VEN-01496,0.910870747170932,0,97.59013749090003,2025-12-31,2025-11-13,2025-12-31
VEN-01497,0.8877519943728389,0,100.0,2025-12-31,2025-12-31,2025-12-31
VEN-01498,0.8707690142262408,1,92.75696092459911,2025-09-17,2025-12-31,2025-12-31
VEN-01499,0.674561552309909,1,96.66948060531138,2025-12-31,2025-12-31,2025-12-31
VEN-01500,0.8766388679566512,0,87.43082535726403,2025-12-31,2025-12-31,2025-12-31
VEN-01501,0.9291401016756116,0,79.87118199419102,2025-07-06,2025-12-31,2025-12-31
VEN-01502,0.8845875559812243,0,94.126285404099,2025-07-11,2025-12-31,2025-12-31
VEN-01503,0.8755480348996507,0,88.87712902915024,2025-12-31,2025-12-31,2025-12-31
VEN-01504,0.7343048418758172,1,86.21268527988083,2025-10-30,2025-12-31,2025-12-31
VEN-01505,0.9744504410035796,1,80.59684185194514,2025-12-31,2025-07-29,2025-12-31
VEN-01506,0.875445567355925,2,81.8028148643126,2025-12-31,2025-12-31,2025-12-31
VEN-01507,0.8427430823455797,0,95.26898716831428,2025-12-31,2025-12-31,2025-12-31
VEN-01508,0.5829360368900889,0,100.0,2025-12-31,2025-08-26,2025-12-31
VEN-01509,0.6745265419674663,3,89.66890273024798,2025-12-31,2025-10-20,2025-12-31
VEN-01510,0.8453472696908239,0,98.2924218818352,2025-12-31,2025-12-31,2025-12-31
VEN-01511,0.8249012807964506,0,86.43087561318153,2025-06-17,2025-12-31,2025-12-31
VEN-01512,0.7599377809692994,1,88.38917438238387,2025-11-03,2025-12-31,2025-10-24
VEN-01513,0.9618182587309662,0,82.05475383814125,2025-12-31,2025-12-31,2025-12-25
VEN-01514,0.8345647010750937,0,91.29970828914134,2025-12-31,2025-12-05,2025-12-18
VEN-01515,0.581494024020077,1,75.81055044547782,2025-12-31,2025-12-31,2025-12-31
VEN-01516,0.7918424557142286,1,85.89401999647933,2025-12-31,2025-12-31,2025-12-31
VEN-01517,0.8339289271025901,0,90.61989150272038,2025-12-31,2025-12-31,2025-11-01
VEN-01518,0.3368968996145346,1,89.6454658710118,2025-12-31,2025-12-31,2025-12-31
VEN-01519,0.8115022592447456,0,97.3444833579861,2025-12-31,2025-12-31,2025-12-31
VEN-01520,0.9220423457751716,0,99.57285199268108,2025-12-31,2025-12-31,2025-12-31
VEN-01521,0.8391715002366015,0,92.73109836540172,2025-11-24,2025-12-31,2025-12-31
VEN-01522,0.7609877730105992,0,100.0,2025-12-31,2025-12-31,2025-12-31
VEN-01523,0.8095013666026548,1,79.59982854378114,2025-12-31,2025-10-24,2025-12-31
VEN-01524,0.8721359520074579,2,99.81757926083,2025-12-31,2025-07-07,2025-12-11
VEN-01525,0.6797252709676119,0,92.75010150626072,2025-12-31,2025-10-11,2025-12-31
VEN-01526,0.6409028393015127,0,81.35379763236679,2025-12-31,2025-12-31,2025-12-31
VEN-01527,0.8973380985434471,2,100.0,2025-12-31,2025-12-31,2025-12-31
VEN-01528,0.870962217069634,0,96.31871620674674,2025-12-31,2025-12-31,2025-12-31
VEN-01529,0.8555083822661189,0,89.69298400882427,2025-12-31,2025-12-31,2025-12-31
VEN-01530,0.9198084915351084,1,100.0,2025-12-31,2025-12-31,2025-08-09
VEN-01531,0.8448338218014134,0,94.30529215964692,2025-09-16,2025-12-31,2025-12-31
VEN-01532,0.4958158559911487,0,100.0,2025-06-22,2025-12-31,2025-12-31
VEN-01533,0.8945146312461738,1,96.86193367510378,2025-12-31,2025-12-31,2025-10-24
VEN-01534,0.8834258462246475,1,85.1379288682761,2025-12-14,2025-12-31,2025-12-31
VEN-01535,0.7795504394904195,0,80.76130107810647,2025-12-31,2025-12-31,2025-12-31
VEN-01536,0.7511316319630509,0,85.21630028932678,2025-12-31,2025-10-28,2025-12-31
VEN-01537,0.9415351603305354,0,96.34922404440518,2025-08-24,2025-12-31,2025-10-28
VEN-01538,0.8716484462393779,0,89.60622106396428,2025-12-31,2025-12-31,2025-12-31
VEN-01539,0.861726356468026,0,96.78198958350367,2025-12-31,2025-12-31,2025-12-31
VEN-01540,0.6944125883397934,0,89.46056618784557,2025-07-14,2025-12-08,2025-12-31
VEN-01541,0.4550544999409502,3,79.99785735264514,2025-12-31,2025-12-31,2025-12-31
VEN-01542,0.979119848340076,2,97.4518338905314,2025-12-31,2025-10-17,2025-12-31
VEN-01543,0.935674269054958,2,100.0,2025-12-31,2025-12-31,2025-12-31
VEN-01544,0.5119035737748676,0,92.643628204561,2025-12-31,2025-12-31,2025-12-31
VEN-01545,0.8478925990033007,1,91.89034567004651,2025-12-31,2025-12-31,2025-12-31
VEN-01546,0.8178659834949016,1,100.0,2025-12-31,2025-12-31,2025-12-31
VEN-01547,0.892804239119848,0,98.593775411067,2025-12-31,2025-12-31,2025-12-31
VEN-01548,0.8825596740846892,0,100.0,2025-12-31,2025-12-31,2025-12-31
VEN-01549,0.8503468361654969,1,100.0,2025-12-31,2025-12-31,2025-12-31
VEN-01550,0.7621318723693409,1,88.80697646850894,2025-12-31,2025-09-14,2025-12-31
VEN-01551,0.9467592335251984,2,90.9720667172161,2025-06-15,2025-12-31,2025-12-31
VEN-01552,0.8809582835187348,2,94.2099427145934,2025-12-31,2025-12-31,2025-12-31
VEN-01553,0.9357537537765016,1,92.14039815575624,2025-12-31,2025-12-31,2025-12-31
VEN-01554,0.9049196817668684,0,90.12322667333812,2025-12-31,2025-12-31,2025-12-31
VEN-01555,0.7073809330025339,0,97.95434948076328,2025-12-31,2025-12-31,2025-12-31
VEN-01556,0.8117561725633019,0,95.47517719393008,2025-12-31,2025-11-17,2025-12-31
VEN-01557,0.835453993310025,0,89.8518775082856,2025-05-08,2025-12-31,2025-12-31
VEN-01558,0.3669679438849109,0,85.29750478411333,2025-11-28,2025-12-31,2025-08-26
VEN-01559,0.8024085463707924,0,95.50808704103244,2025-12-31,2025-12-31,2025-12-31
VEN-01560,0.8113900378148358,0,89.04709575981207,2025-12-31,2025-12-31,2025-12-31
VEN-01561,0.8555468799896823,0,89.61902675727261,2025-11-07,2025-12-31,2025-12-31
VEN-01562,0.5155332803690081,2,87.36015149322151,2025-12-31,2025-12-31,2025-12-31
VEN-01563,0.735095229300444,0,90.91311904910896,2025-12-31,2025-12-31,2025-12-31
VEN-01564,0.7167949260067823,0,89.38020002698156,2025-12-31,2025-12-31,2025-10-10
VEN-01565,0.8727752587983859,0,100.0,2025-12-31,2025-12-31,2025-12-31
VEN-01566,0.7476229279755648,1,91.9448401909675,2025-12-31,2025-12-31,2025-12-31
VEN-01567,0.6249097057554004,0,82.4599391099955,2025-12-31,2025-12-31,2025-12-31
VEN-01568,0.8321016420887779,1,94.68365476035754,2025-05-06,2025-12-31,2025-12-31
VEN-01569,0.9155091070411072,0,100.0,2025-08-10,2025-12-31,2025-12-31
VEN-01570,0.9089942534519764,0,93.32766592111663,2025-12-31,2025-12-31,2025-12-31
VEN-01571,0.8612747809854232,1,92.50658976413754,2025-12-31,2025-12-31,2025-12-31
VEN-01572,0.4027418370236816,1,80.9318538888863,2025-12-31,2025-12-31,2025-12-31
VEN-01573,0.7478887679347377,1,92.54589121581914,2025-12-31,2025-12-31,2025-09-10
VEN-01574,0.9279665745779694,1,88.51975556254534,2025-12-31,2025-12-31,2025-12-31
VEN-01575,0.8062670866744094,1,79.56565501859843,2025-10-01,2025-12-31,2025-12-31
VEN-01576,0.8756096255060845,1,85.66497907224473,2025-12-31,2025-12-31,2025-12-31
VEN-01577,0.7605359577040983,0,100.0,2025-08-09,2025-12-31,2025-12-31
VEN-01578,0.9617201279533376,1,100.0,2025-12-31,2025-12-31,2025-12-31
VEN-01579,0.86197939528577,0,100.0,2025-06-15,2025-12-31,2025-12-31
VEN-01580,0.929232356226523,3,94.32516076786628,2025-12-31,2025-10-02,2025-12-31
VEN-01581,0.9820443456960726,1,77.34754758064763,2025-12-31,2025-12-31,2025-12-31
VEN-01582,0.9837482454664724,0,96.312018731989,2025-12-31,2025-12-31,2025-12-31
VEN-01583,0.5334936782316259,1,100.0,2025-12-31,2025-12-31,2025-12-31
VEN-01584,0.9694412307019568,0,84.21809097993123,2025-12-31,2025-12-31,2025-12-31
VEN-01585,0.8347792267803567,2,80.44995161324896,2025-12-31,2025-12-31,2025-12-31
VEN-01586,0.9097265885231738,1,85.7016666701336,2025-12-08,2025-12-29,2025-12-31
VEN-01587,0.7430144555133955,0,98.86909596509206,2025-10-27,2025-12-31,2025-10-13
VEN-01588,0.7774860466869227,0,76.80868687598804,2025-12-31,2025-11-25,2025-12-31
VEN-01589,0.865036869027189,0,98.13832489949088,2025-11-08,2025-11-25,2025-12-31
VEN-01590,0.7594448035029915,2,90.49589513079088,2025-12-31,2025-12-15,2025-12-31
VEN-01591,0.950330817941269,0,93.27324329142888,2025-06-17,2025-09-09,2025-12-31
VEN-01592,0.91379144087809,1,97.65772815897051,2025-12-31,2025-12-31,2025-12-31
VEN-01593,0.8193495548329371,1,90.93738405234232,2025-12-31,2025-12-31,2025-12-31
VEN-01594,0.807044730380305,1,92.89938920616746,2025-12-31,2025-12-31,2025-08-07
VEN-01595,0.9137325922833668,0,94.339226663414,2025-12-31,2025-12-31,2025-12-31
VEN-01596,0.747014159498848,2,100.0,2025-12-31,2025-09-18,2025-12-31
VEN-01597,0.8776893866922318,0,93.0846842812601,2025-12-31,2025-08-09,2025-12-31
VEN-01598,0.8732996839002147,0,80.94303775643553,2025-12-31,2025-10-06,2025-12-31
VEN-01599,0.8592816853736241,0,96.19190743036776,2025-07-23,2025-12-31,2025-12-31
VEN-01600,0.8622740104468247,2,98.62728496303384,2025-12-31,2025-12-31,2025-12-31
VEN-01601,0.668299089595568,0,100.0,2025-12-31,2025-12-31,2025-12-31
VEN-01602,0.7098550441598217,0,95.32371049671266,2025-12-31,2025-12-31,2025-08-13
VEN-01603,0.7806957495840674,0,100.0,2025-12-31,2025-12-31,2025-12-31
VEN-01604,0.8031449954606675,1,94.59418982480612,2025-12-31,2025-12-31,2025-12-31
VEN-01605,0.9574849731985672,1,95.48185683113113,2025-12-31,2025-08-14,2025-12-31
VEN-01606,0.5516848420980947,0,100.0,2025-12-31,2025-12-31,2025-11-27
VEN-01607,0.8293389149414315,0,100.0,2025-12-31,2025-12-31,2025-12-31
VEN-01608,0.8045196048192713,0,98.35497922018676,2025-12-31,2025-12-11,2025-12-31
VEN-01609,0.8941678014448516,0,100.0,2025-12-31,2025-12-31,2025-12-31
VEN-01610,0.5540924793981875,1,73.26820705941273,2025-09-28,2025-12-31,2025-12-31
VEN-01611,0.9483683053281058,0,85.04791251080907,2025-09-08,2025-12-31,2025-12-31
VEN-01612,0.9234187436556904,0,89.0333772458468,2025-12-31,2025-12-31,2025-12-31
VEN-01613,0.7551198771473548,1,97.052269512292,2025-12-31,2025-12-31,2025-12-31
VEN-01614,0.7069659762901033,1,85.34256278513615,2025-12-31,2025-07-28,2025-12-19
VEN-01615,0.5890252636882,0,90.37897963706504,2025-12-31,2025-07-15,2025-12-31
VEN-01616,0.9338736665087952,0,94.85981414166564,2025-05-23,2025-12-31,2025-12-31
VEN-01617,0.8857169661738711,0,100.0,2025-12-31,2025-12-31,2025-12-31
VEN-01618,0.9976495197625886,1,95.1368596383421,2025-12-31,2025-12-31,2025-12-31
VEN-01619,0.820419866741607,1,99.2482418354277,2025-12-10,2025-12-31,2025-12-31
VEN-01620,0.9644264524099064,1,92.280813841776,2025-12-31,2025-12-31,2025-08-30
VEN-01621,0.9461105662749836,0,89.23427263812881,2025-12-31,2025-12-31,2025-12-31
VEN-01622,0.965784301275983,0,100.0,2025-12-31,2025-12-31,2025-12-31
VEN-01623,0.9247900594119924,0,95.4007626640797,2025-12-31,2025-12-31,2025-12-31
VEN-01624,0.3352516894259026,0,84.55647703359146,2025-12-31,2025-10-24,2025-12-31
VEN-01625,0.929264505659957,1,92.38938238418125,2025-12-31,2025-12-31,2025-09-18
VEN-01626,0.7845962899260281,0,100.0,2025-12-31,2025-12-31,2025-12-31
VEN-01627,0.6624329322543935,0,83.38098409193768,2025-12-31,2025-12-31,2025-12-31
VEN-01628,0.836795781965139,2,86.35347194083054,2025-09-03,2025-12-31,2025-12-31
VEN-01629,0.9067258107903494,0,85.72984727114016,2025-12-31,2025-12-31,2025-12-31
VEN-01630,0.8520356014310556,0,96.6147016730959,2025-12-31,2025-12-31,2025-12-31
VEN-01631,0.8255585885895144,0,89.49700825910284,2025-12-31,2025-12-31,2025-11-04
VEN-01632,0.9233894003151412,1,83.5767218580977,2025-09-09,2025-12-31,2025-08-10
VEN-01633,0.7496081815729524,0,84.08016491060651,2025-12-31,2025-12-31,2025-12-31
VEN-01634,0.9259213792651364,1,100.0,2025-06-06,2025-12-31,2025-12-31
VEN-01635,0.7337545220019533,0,93.78458559292666,2025-12-31,2025-12-31,2025-12-31
VEN-01636,0.976016814334022,0,96.93210451780548,2025-12-31,2025-12-31,2025-12-31
VEN-01637,0.8494749466205275,0,92.20839053140188,2025-12-31,2025-12-31,2025-12-31
VEN-01638,0.8839828789246522,0,82.66397412543414,2025-12-23,2025-12-31,2025-12-31
VEN-01639,0.9526331977418316,1,99.86819632715678,2025-12-31,2025-12-31,2025-12-31
VEN-01640,0.768031938336668,0,89.32323593303323,2025-12-31,2025-12-31,2025-12-31
VEN-01641,0.7600897640042525,1,97.589291160777,2025-08-26,2025-12-31,2025-10-01
VEN-01642,0.7439478566159082,1,90.42721070914531,2025-07-14,2025-12-31,2025-12-31
VEN-01643,0.9184503475550058,0,87.78389151746192,2025-12-31,2025-12-31,2025-12-31
VEN-01644,0.8795524292164133,0,97.17428701234697,2025-12-31,2025-12-31,2025-12-31
VEN-01645,0.8849095239770784,0,90.17737413144856,2025-12-31,2025-12-31,2025-12-31
VEN-01646,0.9187189963339812,1,100.0,2025-12-31,2025-09-22,2025-12-31
VEN-01647,0.9270491084272277,0,100.0,2025-12-31,2025-12-31,2025-12-31
VEN-01648,0.8894445421428386,0,83.24651452610536,2025-12-31,2025-12-31,2025-12-31
VEN-01649,0.8105761465780511,1,94.69483618901302,2025-12-31,2025-12-31,2025-12-31
VEN-01650,0.8206246866733322,0,91.985346349526,2025-12-31,2025-12-31,2025-10-24
VEN-01651,0.5569617012769199,1,88.29565715117302,2025-10-23,2025-12-31,2025-12-31
VEN-01652,0.8132016721463683,1,86.73762016243614,2025-12-31,2025-12-31,2025-12-31
VEN-01653,0.7650801685655084,0,90.3759758623345,2025-12-31,2025-12-31,2025-09-19
VEN-01654,0.9151050313973704,0,100.0,2025-12-31,2025-12-31,2025-12-31
VEN-01655,0.8434360434446094,2,97.54980344003036,2025-12-31,2025-12-31,2025-12-31
VEN-01656,0.7787015955480482,0,94.6817987469085,2025-08-06,2025-12-31,2025-12-31
VEN-01657,0.8985105674034332,0,83.22242996482593,2025-12-31,2025-12-31,2025-12-31
VEN-01658,0.6185095630535863,0,65.09126109027483,2025-12-31,2025-12-31,2025-12-31
VEN-01659,0.4316908942440153,0,85.50801420515641,2025-12-31,2025-12-31,2025-12-31
VEN-01660,0.7844056116406147,1,100.0,2025-12-31,2025-12-31,2025-12-31
VEN-01661,0.8615420000776506,1,90.51482691890548,2025-12-31,2025-12-31,2025-12-31
VEN-01662,0.5489116358172738,2,89.36781930551916,2025-12-31,2025-12-31,2025-12-31
VEN-01663,0.9382497798803214,0,99.79062183382251,2025-12-31,2025-12-31,2025-12-31
VEN-01664,0.8196151816264228,1,94.2455572555608,2025-10-31,2025-12-31,2025-12-31
VEN-01665,0.772014659490749,0,87.97799902944895,2025-08-05,2025-12-31,2025-12-31
VEN-01666,0.8730795761406416,0,97.6127672726033,2025-05-27,2025-12-31,2025-08-24
VEN-01667,0.7071813739195602,1,98.28724713876632,2025-12-31,2025-12-31,2025-12-31
VEN-01668,0.7562173323620546,2,100.0,2025-10-13,2025-12-31,2025-12-31
VEN-01669,0.6967713223509862,3,100.0,2025-12-31,2025-12-31,2025-12-31
VEN-01670,0.6632372792569194,0,91.1964887693972,2025-12-20,2025-11-03,2025-10-18
VEN-01671,0.5261936439912377,1,93.91013610540423,2025-12-31,2025-12-31,2025-11-26
VEN-01672,0.8536069417272218,1,83.4896935752408,2025-06-01,2025-12-31,2025-12-31
VEN-01673,0.9786471378593048,0,92.33992749721156,2025-12-31,2025-07-13,2025-12-31
VEN-01674,0.7803927531433545,2,97.8636309880426,2025-12-31,2025-09-24,2025-12-31
VEN-01675,0.9247827945965358,2,93.7124029013304,2025-05-24,2025-12-31,2025-12-31
VEN-01676,0.9353084652076378,0,84.63964352586343,2025-07-29,2025-12-31,2025-11-04
VEN-01677,0.769845349374955,2,88.8326182679593,2025-12-31,2025-12-31,2025-10-01
VEN-01678,0.9045944103607372,1,88.30884384885614,2025-06-20,2025-12-31,2025-12-31
VEN-01679,0.8554949842950463,0,98.79680565919732,2025-12-31,2025-07-28,2025-12-31
VEN-01680,0.8108587645842694,0,98.482182261949,2025-12-31,2025-09-30,2025-12-31
VEN-01681,0.5720457599311207,0,94.66695215354152,2025-05-24,2025-12-31,2025-12-31
VEN-01682,0.7909261939333845,2,97.84309133314945,2025-12-31,2025-12-31,2025-12-31
VEN-01683,0.6134169751030649,0,91.560801760189,2025-06-12,2025-11-08,2025-12-31
VEN-01684,0.8299683957364463,0,87.01235083924341,2025-12-31,2025-08-15,2025-12-31
VEN-01685,0.9219359530497234,0,92.01048378307632,2025-11-11,2025-12-31,2025-12-31
VEN-01686,0.704884091887855,0,94.71998577988752,2025-12-31,2025-12-31,2025-12-31
VEN-01687,0.7108494937901271,0,95.98142565000204,2025-12-31,2025-12-31,2025-12-31
VEN-01688,0.7272822128761793,0,89.25178274774747,2025-07-18,2025-12-31,2025-12-31
VEN-01689,0.9118540803678936,0,80.20629980300906,2025-12-31,2025-12-31,2025-12-31
VEN-01690,0.8237443759437437,0,95.4964316332344,2025-10-25,2025-12-31,2025-12-31
VEN-01691,0.8001520377949412,1,79.06780042794698,2025-09-09,2025-12-31,2025-12-31
VEN-01692,0.893621909030683,0,90.90838798308536,2025-12-31,2025-12-31,2025-12-31
VEN-01693,0.9063067779831157,2,81.03728883533334,2025-12-24,2025-12-31,2025-12-31
VEN-01694,0.9363387189763556,2,100.0,2025-12-31,2025-11-11,2025-12-31
VEN-01695,0.7670531930455944,0,100.0,2025-12-31,2025-12-31,2025-12-31
VEN-01696,0.9561684379384132,1,100.0,2025-07-20,2025-12-31,2025-12-31
VEN-01697,0.8750873185841967,1,83.98167643679962,2025-12-31,2025-07-12,2025-12-31
VEN-01698,0.5088152940337641,2,82.10233749398995,2025-12-31,2025-12-31,2025-12-31
VEN-01699,0.7519783088226892,0,100.0,2025-07-05,2025-12-31,2025-12-31
VEN-01700,0.8097413833368067,0,94.74278845469972,2025-12-31,2025-12-31,2025-12-31
VEN-01701,0.7455893351121248,0,78.65675182828723,2025-12-31,2025-12-31,2025-12-31
VEN-01702,0.4839175540422277,0,90.4652173343511,2025-09-15,2025-12-31,2025-12-31
VEN-01703,0.8790569357297798,2,86.69376846965149,2025-12-31,2025-08-28,2025-12-31
VEN-01704,0.6662313487328487,2,99.6289744943514,2025-06-25,2025-12-31,2025-12-31
VEN-01705,0.7596564831273063,1,84.82156499327341,2025-12-31,2025-12-31,2025-12-31
VEN-01706,0.6730361803584046,0,89.80315110218396,2025-12-31,2025-12-31,2025-12-31
VEN-01707,0.9115718776104834,0,99.16213648649044,2025-12-31,2025-12-31,2025-12-31
VEN-01708,0.6885919122896297,0,95.6728588994228,2025-12-31,2025-12-31,2025-09-13
VEN-01709,0.7466347919674885,1,90.14865126255634,2025-12-31,2025-11-16,2025-12-31
VEN-01710,0.8139835038500995,0,85.16870518105033,2025-12-31,2025-12-31,2025-09-29
VEN-01711,0.8802731811320478,0,95.86178094606196,2025-12-31,2025-12-31,2025-12-31
VEN-01712,0.7958633776820819,0,78.72648925131672,2025-12-31,2025-12-31,2025-08-27
VEN-01713,0.9305014772704884,1,96.46343219626516,2025-12-31,2025-12-31,2025-08-31
VEN-01714,0.9325249820479622,1,94.01411681977814,2025-12-06,2025-12-31,2025-12-31
VEN-01715,0.7719295404075555,0,91.13404236776158,2025-12-31,2025-12-31,2025-12-31
VEN-01716,0.8556989056748118,1,85.7080732398492,2025-12-31,2025-12-31,2025-12-31
VEN-01717,0.7660592538223422,0,96.58507870198255,2025-12-31,2025-12-31,2025-12-31
VEN-01718,0.8430745304370254,2,95.71831652396524,2025-12-31,2025-07-31,2025-12-31
VEN-01719,0.5819460996103323,0,86.81686591734493,2025-12-31,2025-12-31,2025-12-31
VEN-01720,0.8750886986653601,0,74.54055055153775,2025-12-31,2025-12-31,2025-11-26
VEN-01721,0.8274562298110736,0,94.19455177577102,2025-12-31,2025-12-31,2025-12-31
VEN-01722,0.8870619315238587,0,100.0,2025-12-31,2025-12-31,2025-12-31
VEN-01723,0.8886105806809286,1,91.24750723502886,2025-12-31,2025-12-31,2025-12-31
VEN-01724,0.835131248436275,1,91.04269016921968,2025-11-20,2025-12-31,2025-12-31
VEN-01725,0.7300668882492829,0,95.65702893504128,2025-12-31,2025-12-31,2025-12-31
VEN-01726,0.6007127656280018,0,87.10618848376687,2025-12-31,2025-12-31,2025-12-31
VEN-01727,0.7558153455515235,1,91.68490293473636,2025-12-31,2025-08-03,2025-12-31
VEN-01728,0.8835424094465737,0,100.0,2025-12-31,2025-12-31,2025-12-31
VEN-01729,0.7982976327987225,0,95.49753667545532,2025-06-04,2025-12-31,2025-12-31
VEN-01730,0.9616151112862048,0,100.0,2025-12-31,2025-12-31,2025-10-23
VEN-01731,0.938953881309498,0,95.30673209096416,2025-12-31,2025-12-31,2025-12-31
VEN-01732,0.7971581526270943,1,98.72661750169404,2025-10-08,2025-12-31,2025-12-31
VEN-01733,0.8921020424931599,0,89.71627400112595,2025-12-31,2025-12-31,2025-12-31
VEN-01734,0.9820171325004944,1,91.805339162341,2025-12-27,2025-07-10,2025-12-31
VEN-01735,0.8735290467340322,1,95.32284419557034,2025-12-31,2025-12-31,2025-12-31
VEN-01736,0.8729493574928422,0,100.0,2025-12-31,2025-12-31,2025-12-31
VEN-01737,0.9316263258585096,2,92.66950441542282,2025-12-31,2025-12-31,2025-12-31
VEN-01738,0.967444743658502,0,100.0,2025-09-30,2025-12-31,2025-12-31
VEN-01739,0.7094329214767018,0,100.0,2025-12-31,2025-11-03,2025-12-31
VEN-01740,0.9606123922375912,2,100.0,2025-12-31,2025-12-31,2025-12-31
VEN-01741,0.7907578820900435,0,95.35515084372416,2025-12-31,2025-12-31,2025-12-31
VEN-01742,0.9190958564611494,0,97.12692693094152,2025-12-31,2025-12-31,2025-09-23
VEN-01743,0.8035181662342713,0,89.7054205970963,2025-12-31,2025-12-31,2025-12-31
VEN-01744,0.6325418698872262,1,96.70324679281816,2025-05-05,2025-12-31,2025-12-31
VEN-01745,0.7864391296809957,1,98.01330323296976,2025-12-31,2025-08-26,2025-12-31
VEN-01746,0.719332597971735,1,92.85043443217094,2025-12-31,2025-12-31,2025-12-31
VEN-01747,0.9400366717704036,3,83.45906979273295,2025-12-31,2025-12-31,2025-12-31
VEN-01748,0.9527518780654772,0,91.13011492596458,2025-12-31,2025-12-31,2025-08-19
VEN-01749,0.8288931328618465,0,73.86404653503524,2025-12-31,2025-12-31,2025-12-14
VEN-01750,0.6945268959095394,2,93.09909267548892,2025-08-29,2025-12-31,2025-12-31
VEN-01751,0.8233930005994319,1,85.287485338799,2025-12-31,2025-11-27,2025-12-31
VEN-01752,0.8329719958354392,0,97.20798959806164,2025-11-30,2025-12-31,2025-12-31
VEN-01753,0.9746301864932324,1,100.0,2025-12-13,2025-12-17,2025-12-31
VEN-01754,0.5213972208092935,1,100.0,2025-12-31,2025-12-31,2025-12-31
VEN-01755,0.8347312234322795,0,88.26081680317698,2025-12-31,2025-12-31,2025-12-31
VEN-01756,0.7849086613393069,0,100.0,2025-12-31,2025-12-31,2025-12-31
VEN-01757,0.7339194002111189,1,96.4635789338628,2025-12-31,2025-12-31,2025-12-31
VEN-01758,0.8594877285727083,0,99.01441030990355,2025-12-31,2025-12-31,2025-12-23
VEN-01759,0.5673052481993124,0,92.5071430002978,2025-12-31,2025-12-31,2025-12-31
VEN-01760,0.909378248163276,0,100.0,2025-12-31,2025-12-31,2025-12-31
VEN-01761,0.6006001586900971,0,87.45860876407505,2025-12-31,2025-12-31,2025-12-31
VEN-01762,0.8027429022473109,0,79.34987225496,2025-12-31,2025-12-31,2025-11-03
VEN-01763,0.791821449470872,3,89.12086900665395,2025-12-31,2025-12-31,2025-12-31
VEN-01764,0.903890082328963,0,96.6771201712571,2025-10-27,2025-12-01,2025-12-31
VEN-01765,0.8645006303553114,0,89.47117023100694,2025-12-31,2025-12-31,2025-12-31
VEN-01766,0.8341987497145213,2,100.0,2025-12-21,2025-12-31,2025-11-04
VEN-01767,0.6114826587356681,0,95.59534549851377,2025-12-31,2025-12-31,2025-12-31
VEN-01768,0.7794452082154751,0,89.9265047724628,2025-12-31,2025-12-31,2025-12-31
VEN-01769,0.7331413694412235,1,94.4330610407403,2025-07-11,2025-12-31,2025-12-31
VEN-01770,0.5653802327259073,3,68.90762069686451,2025-12-31,2025-10-30,2025-12-31
VEN-01771,0.723338542566985,0,98.93122012681626,2025-12-31,2025-12-31,2025-12-31
VEN-01772,0.8150374217791931,0,95.90141876294985,2025-12-31,2025-12-31,2025-11-28
VEN-01773,0.6373303655085782,1,87.50739297537784,2025-12-31,2025-12-31,2025-12-31
VEN-01774,0.8288087589607912,1,100.0,2025-12-31,2025-12-31,2025-12-31
VEN-01775,0.8446964708862218,0,90.1500858124495,2025-12-31,2025-12-01,2025-12-31
VEN-01776,0.455059262628884,0,95.26816264224236,2025-12-31,2025-12-31,2025-12-31
VEN-01777,0.9726263253017138,0,91.14726100687496,2025-12-31,2025-12-31,2025-12-31
VEN-01778,0.8460968632919074,0,80.03634766880916,2025-12-31,2025-12-31,2025-12-31
VEN-01779,0.792120466939696,3,91.3287402733979,2025-08-31,2025-12-31,2025-12-25
VEN-01780,0.8344993482221902,3,79.65426332873307,2025-12-31,2025-12-31,2025-12-31
VEN-01781,0.7459842031861846,1,94.31869307261432,2025-12-31,2025-12-31,2025-12-31
VEN-01782,0.5186429949998239,0,94.61838842604251,2025-12-31,2025-12-31,2025-12-31
VEN-01783,0.9409965779384312,1,97.29407526318464,2025-12-31,2025-12-31,2025-12-10
VEN-01784,0.8436520882337292,0,87.98788318313534,2025-12-31,2025-12-31,2025-12-07
VEN-01785,0.7753950088121158,0,85.66287063826235,2025-05-31,2025-12-31,2025-12-31
VEN-01786,0.8884140351594395,0,96.80669842481558,2025-05-25,2025-12-31,2025-12-31
VEN-01787,0.7805822370032685,2,75.94989395750748,2025-12-31,2025-12-31,2025-12-31
VEN-01788,0.8542900591983381,2,95.3667214085147,2025-12-31,2025-12-31,2025-08-25
VEN-01789,0.9324118600708072,0,100.0,2025-12-31,2025-12-31,2025-12-31
VEN-01790,0.8123134893066938,1,90.42121635270328,2025-12-31,2025-12-31,2025-12-31
VEN-01791,0.9276947691108548,1,100.0,2025-12-31,2025-12-31,2025-12-31
VEN-01792,0.8388940588338637,0,96.63266917133052,2025-12-31,2025-10-24,2025-12-31
VEN-01793,0.7462444951140741,0,100.0,2025-12-31,2025-12-31,2025-12-31
VEN-01794,0.867139257973504,0,98.35356842817995,2025-12-31,2025-10-20,2025-11-06
VEN-01795,0.8633021798237742,0,91.44940346345982,2025-12-31,2025-07-14,2025-12-31
VEN-01796,0.6829090782498058,0,93.42525177437008,2025-05-27,2025-12-31,2025-12-31
VEN-01797,0.6848442266488822,1,89.05163932063125,2025-12-31,2025-12-31,2025-12-31
VEN-01798,0.8513265152224807,1,87.39804664724151,2025-12-31,2025-12-31,2025-12-31
VEN-01799,0.9022053887921586,1,97.6051331448145,2025-12-31,2025-12-31,2025-12-31
VEN-01800,0.6912996066677607,0,93.23145974633309,2025-12-31,2025-12-31,2025-12-31
VEN-01801,0.9347123764411912,2,87.99074306374878,2025-12-31,2025-12-31,2025-09-18
VEN-01802,0.9498890470797076,0,100.0,2025-12-31,2025-07-05,2025-10-14
VEN-01803,0.8176863177141964,0,97.67868821259876,2025-12-31,2025-12-31,2025-12-31
VEN-01804,0.922099089292422,1,72.74037000335005,2025-12-31,2025-12-31,2025-08-25
VEN-01805,0.8204693926976744,0,98.58852074132416,2025-06-18,2025-07-07,2025-12-31
VEN-01806,0.9346128924472622,0,87.99321826789114,2025-11-29,2025-12-31,2025-12-31
VEN-01807,0.8934605176374819,0,100.0,2025-12-31,2025-12-31,2025-12-31
VEN-01808,0.8134165206017614,0,100.0,2025-12-31,2025-12-31,2025-08-27
VEN-01809,0.8336699661333236,0,100.0,2025-11-08,2025-12-31,2025-12-31
VEN-01810,0.8229644507106052,0,99.3153096159081,2025-12-31,2025-12-31,2025-12-31
VEN-01811,0.9649947026292373,0,100.0,2025-12-31,2025-12-31,2025-09-17
VEN-01812,0.6047538203684621,0,76.28892224639337,2025-12-31,2025-12-31,2025-11-04
VEN-01813,0.8423537360978732,0,80.89396465239238,2025-12-31,2025-12-31,2025-12-31
VEN-01814,0.9048046827421212,1,100.0,2025-12-31,2025-12-31,2025-12-31
VEN-01815,0.5148900953795682,2,83.05400775938799,2025-12-31,2025-12-31,2025-12-31
VEN-01816,0.6847565256867612,0,91.0934246589774,2025-12-31,2025-12-31,2025-12-31
VEN-01817,0.7349090162870809,0,100.0,2025-10-30,2025-12-31,2025-12-21
VEN-01818,0.8837121346518734,1,100.0,2025-12-31,2025-12-31,2025-12-20
VEN-01819,0.9428253239291668,1,96.44361596262324,2025-12-31,2025-07-20,2025-12-11
VEN-01820,0.8618098549780214,2,94.81846478526523,2025-12-31,2025-12-31,2025-12-31
VEN-01821,0.5990646130811483,0,77.62558605478561,2025-12-31,2025-12-31,2025-12-31
VEN-01822,0.516561462504858,2,97.12310859380868,2025-12-31,2025-12-31,2025-12-31
VEN-01823,0.8997052018779433,1,93.77108406929813,2025-12-31,2025-10-28,2025-12-31
VEN-01824,0.7188322485736006,0,100.0,2025-12-31,2025-12-31,2025-12-31
VEN-01825,0.6066887527252665,0,98.4676735537906,2025-12-31,2025-12-31,2025-12-31
VEN-01826,0.8421211348982373,0,100.0,2025-12-31,2025-12-03,2025-12-31
VEN-01827,0.8998749007511128,2,85.33498967954245,2025-12-31,2025-12-14,2025-12-31
VEN-01828,0.6742563590862564,0,100.0,2025-12-31,2025-12-31,2025-12-31
VEN-01829,0.8260424829042738,3,89.2266042880938,2025-12-31,2025-12-31,2025-10-18
VEN-01830,0.8808669546152241,0,85.1008595534413,2025-12-31,2025-12-31,2025-09-23
VEN-01831,0.894467781265281,1,91.27035054991508,2025-12-31,2025-12-31,2025-12-31
VEN-01832,0.8085477705691722,1,94.11224464169932,2025-12-31,2025-12-31,2025-11-07
VEN-01833,0.6359278282688661,0,95.55868549677946,2025-12-31,2025-09-03,2025-12-31
VEN-01834,0.9777193599301944,0,83.7862428460994,2025-12-31,2025-12-31,2025-12-31
VEN-01835,0.8529475254863861,0,100.0,2025-12-31,2025-12-31,2025-12-31
VEN-01836,0.8469516700086774,2,100.0,2025-12-31,2025-12-31,2025-12-31
VEN-01837,0.9015738030883064,0,100.0,2025-12-31,2025-12-31,2025-12-31
VEN-01838,0.804936494838656,3,100.0,2025-12-31,2025-12-31,2025-12-31
VEN-01839,0.9200298966192576,1,89.77541198734681,2025-12-31,2025-07-10,2025-12-31
VEN-01840,0.9189123324649606,0,100.0,2025-12-31,2025-12-31,2025-10-23
VEN-01841,0.8335284576784032,0,89.97837128582783,2025-12-31,2025-12-31,2025-12-31
VEN-01842,0.9522920273190736,0,96.4366325343338,2025-12-31,2025-11-13,2025-12-31
VEN-01843,0.967899793503772,0,100.0,2025-12-31,2025-12-31,2025-11-20
VEN-01844,0.9268892111014142,0,93.79793865660376,2025-06-30,2025-12-31,2025-08-20
VEN-01845,0.842878096750386,0,100.0,2025-12-31,2025-12-31,2025-12-31
VEN-01846,0.8026492657260113,0,87.59562077594794,2025-12-31,2025-12-31,2025-12-31
VEN-01847,0.9087025207945372,0,94.51426117295335,2025-12-31,2025-12-31,2025-12-31
VEN-01848,0.9029839135671478,0,99.09135665032812,2025-09-12,2025-12-31,2025-12-31
VEN-01849,0.9738397775792133,1,96.55686397920704,2025-12-31,2025-08-07,2025-12-31
VEN-01850,0.6447728809615411,0,83.1412116406691,2025-12-31,2025-08-12,2025-12-31
VEN-01851,0.9925686797259868,0,89.53249648207054,2025-10-05,2025-12-31,2025-12-31
VEN-01852,0.7823774689308507,1,90.55559395693284,2025-05-05,2025-12-31,2025-12-31
VEN-01853,0.7367514807836587,0,96.88745584557007,2025-12-31,2025-12-31,2025-12-31
VEN-01854,0.5830046824578906,1,100.0,2025-12-31,2025-12-31,2025-12-31
VEN-01855,0.841351311559099,0,83.04750084461486,2025-12-31,2025-12-31,2025-12-31
VEN-01856,0.8246086101232163,3,86.36409593567247,2025-06-08,2025-12-31,2025-12-31
VEN-01857,0.7664508630351583,1,100.0,2025-12-31,2025-12-31,2025-12-31
VEN-01858,0.7465511266657784,1,100.0,2025-12-31,2025-12-31,2025-12-31
VEN-01859,0.5481115411610856,0,95.50737973662916,2025-12-31,2025-12-31,2025-12-31
VEN-01860,0.8141374773766655,0,97.43909898437678,2025-12-31,2025-10-07,2025-12-31
VEN-01861,0.7951144197613944,1,99.08350531434996,2025-12-31,2025-12-31,2025-12-31
VEN-01862,0.9458118390332484,0,95.59421343148158,2025-06-13,2025-12-31,2025-12-31
VEN-01863,0.5945966719211049,0,94.78981882819686,2025-12-31,2025-12-31,2025-12-31
VEN-01864,0.775176225799471,1,100.0,2025-12-31,2025-08-17,2025-12-31
VEN-01865,0.671297954322046,0,81.00144943385126,2025-09-21,2025-12-31,2025-12-31
VEN-01866,0.8603967842235805,0,100.0,2025-08-18,2025-12-31,2025-12-10
VEN-01867,0.8432694175940044,0,83.85330456004787,2025-07-23,2025-12-31,2025-12-31
VEN-01868,0.9365833899863504,0,100.0,2025-12-31,2025-12-31,2025-12-31
VEN-01869,0.8988245989850401,0,92.9473537671311,2025-12-31,2025-12-31,2025-12-31
VEN-01870,0.667296226617425,1,92.05722549682612,2025-12-31,2025-12-31,2025-12-31
VEN-01871,0.7665293383340436,1,84.21270454885197,2025-12-31,2025-12-31,2025-12-31
VEN-01872,0.849983429049536,0,100.0,2025-12-31,2025-10-04,2025-12-31
VEN-01873,0.6802471581424383,3,97.3652332214764,2025-12-31,2025-12-31,2025-12-31
VEN-01874,0.6550608933474097,0,93.39400618476772,2025-12-31,2025-12-31,2025-12-13
VEN-01875,0.7171653918499623,0,86.93404636646686,2025-12-31,2025-12-31,2025-12-31
VEN-01876,0.943541981318638,1,100.0,2025-12-31,2025-12-31,2025-12-31
VEN-01877,0.9160592289471512,1,92.22358362647252,2025-12-31,2025-12-31,2025-12-31
VEN-01878,0.9517267777462268,0,90.64873855639568,2025-12-31,2025-10-24,2025-12-31
VEN-01879,0.7851881440184292,0,100.0,2025-12-31,2025-12-31,2025-12-31
VEN-01880,0.8859292723442724,1,98.60092517012411,2025-12-31,2025-12-11,2025-12-31
VEN-01881,0.9461045690422736,1,100.0,2025-12-31,2025-12-31,2025-12-31
VEN-01882,0.6771598944579457,0,94.95692327966336,2025-09-05,2025-12-31,2025-12-31
VEN-01883,0.7998513551548028,1,100.0,2025-08-29,2025-12-31,2025-12-31
VEN-01884,0.6263147282883776,0,98.41945564509778,2025-12-31,2025-07-31,2025-12-31
VEN-01885,0.7305989579260761,1,100.0,2025-12-31,2025-12-31,2025-12-31
VEN-01886,0.5126075247291586,2,94.95610873758862,2025-05-06,2025-12-31,2025-08-06
VEN-01887,0.8596225256972321,0,98.89540156317138,2025-12-31,2025-12-31,2025-12-31
VEN-01888,0.8207004124697319,0,100.0,2025-12-31,2025-12-31,2025-12-31
VEN-01889,0.5511532041101748,0,94.39407677564664,2025-08-29,2025-12-31,2025-12-31
VEN-01890,0.7321234340564372,0,89.16576642620345,2025-12-31,2025-12-31,2025-12-31
VEN-01891,0.9056935183336904,1,89.90459167595297,2025-08-13,2025-12-31,2025-12-31
VEN-01892,0.7941449397456936,0,96.6593532043915,2025-12-31,2025-11-09,2025-12-31
VEN-01893,0.8020793574216626,1,91.91516764223432,2025-08-13,2025-12-31,2025-12-02
VEN-01894,0.712351368232495,3,95.4808652045269,2025-12-31,2025-12-31,2025-12-31
VEN-01895,0.7077548466916793,2,99.68217376006166,2025-05-22,2025-12-31,2025-12-31
VEN-01896,0.474205529055247,3,97.69456833613938,2025-12-31,2025-12-31,2025-12-31
VEN-01897,0.9019828348987464,0,100.0,2025-12-31,2025-12-31,2025-12-31
VEN-01898,0.6395059780767567,0,95.53141860305102,2025-12-31,2025-10-15,2025-12-31
VEN-01899,0.8761924412790311,1,87.36051551083632,2025-12-31,2025-12-31,2025-12-31
VEN-01900,0.5958569159886665,0,90.95376468137933,2025-12-31,2025-12-31,2025-12-31
VEN-01901,0.8016037715269227,0,98.39728695063872,2025-11-02,2025-12-31,2025-12-31
VEN-01902,0.4645576678866491,0,100.0,2025-12-31,2025-07-24,2025-12-31
VEN-01903,0.5805159690029649,0,95.40331994626646,2025-09-24,2025-12-31,2025-12-31
VEN-01904,0.7686912986663745,1,88.7173748026445,2025-06-25,2025-12-31,2025-12-31
VEN-01905,0.94491771353768,0,98.23873080367454,2025-12-31,2025-12-31,2025-12-31
VEN-01906,0.8931241390896576,1,100.0,2025-12-31,2025-09-18,2025-12-31
VEN-01907,0.783320236635597,1,96.3590392395542,2025-12-31,2025-12-31,2025-12-20
VEN-01908,0.6048378055900239,1,86.59405362576383,2025-12-31,2025-12-31,2025-12-31
VEN-01909,0.5790001506545895,1,82.18335085849931,2025-12-31,2025-12-31,2025-12-31
VEN-01910,0.8312178151391593,0,100.0,2025-12-31,2025-07-22,2025-12-31
VEN-01911,0.7800475495397462,2,95.11484074096296,2025-11-30,2025-12-31,2025-12-31
VEN-01912,0.7497251226148927,0,85.76675185519895,2025-09-13,2025-12-31,2025-12-31
VEN-01913,0.8545707249978682,0,91.53012796921496,2025-12-31,2025-12-31,2025-12-31
VEN-01914,0.8476453459344715,0,100.0,2025-12-31,2025-08-29,2025-12-31
VEN-01915,0.8108888110386651,0,100.0,2025-12-31,2025-12-31,2025-12-31
VEN-01916,0.6036801782097878,2,93.018973957002,2025-11-15,2025-09-03,2025-08-03
VEN-01917,0.9035897492745208,0,86.36949267622664,2025-12-31,2025-12-31,2025-12-31
VEN-01918,0.845818514569431,0,100.0,2025-08-05,2025-12-31,2025-12-31
VEN-01919,0.8630545043053688,1,100.0,2025-12-31,2025-12-31,2025-12-31
VEN-01920,0.6670707784932824,1,94.9901214329105,2025-12-31,2025-12-31,2025-12-31
VEN-01921,0.9576108127285128,0,73.40856002005805,2025-12-18,2025-12-31,2025-12-31
VEN-01922,0.7692757637437626,0,95.36500482212898,2025-10-19,2025-12-31,2025-12-31
VEN-01923,0.8813541299585901,0,100.0,2025-12-31,2025-12-31,2025-12-31
VEN-01924,0.8981400328301545,1,92.37334693312962,2025-12-22,2025-12-31,2025-12-31
VEN-01925,0.9282043374917404,0,88.46827762373553,2025-12-31,2025-12-31,2025-12-31
VEN-01926,0.7481458516004166,0,84.907821452119,2025-12-31,2025-12-31,2025-12-31
VEN-01927,0.4933847469641085,0,95.31130914358168,2025-06-05,2025-12-31,2025-12-31
VEN-01928,0.7379766309257865,1,83.30205613823541,2025-12-31,2025-12-31,2025-12-31
VEN-01929,0.6641805776392781,0,97.76626623651693,2025-12-31,2025-08-04,2025-12-31
VEN-01930,0.9580962765966884,1,83.26538509759098,2025-12-31,2025-12-31,2025-12-31
VEN-01931,0.7071082558517332,0,89.37989778498846,2025-10-20,2025-12-31,2025-12-31
VEN-01932,0.8657708641901232,1,86.71237981529694,2025-12-24,2025-11-15,2025-12-31
VEN-01933,0.948127104835656,0,85.39578203450907,2025-12-31,2025-09-30,2025-12-31
VEN-01934,0.575215552825694,0,84.10711604153173,2025-12-31,2025-12-31,2025-12-31
VEN-01935,0.6843160286229479,2,100.0,2025-12-31,2025-12-31,2025-09-05
VEN-01936,0.9435393503096402,0,92.98702079044983,2025-12-31,2025-12-31,2025-12-31
VEN-01937,0.857584249310116,1,83.77858536924114,2025-08-10,2025-08-07,2025-12-31
VEN-01938,0.6799940750584285,0,99.47525835854694,2025-07-21,2025-12-31,2025-12-31
VEN-01939,0.9193089120500983,1,87.9907361403667,2025-12-31,2025-12-31,2025-12-31
VEN-01940,0.9882858266375304,0,100.0,2025-12-31,2025-12-31,2025-12-31
VEN-01941,0.6771581244773348,1,89.96279712837864,2025-12-31,2025-12-31,2025-12-31
VEN-01942,0.6871916541897308,0,90.74100365072768,2025-12-31,2025-12-31,2025-12-31
VEN-01943,0.9505061370458066,2,82.88735235153784,2025-12-31,2025-12-31,2025-12-31
VEN-01944,0.6483216084894076,2,100.0,2025-12-31,2025-12-31,2025-12-31
VEN-01945,0.8825868465673572,1,86.57316841112092,2025-12-31,2025-12-31,2025-12-31
VEN-01946,0.8933984396983187,2,89.8605605625957,2025-12-31,2025-12-31,2025-12-31
VEN-01947,0.9323369899375804,1,85.46919180985749,2025-12-31,2025-12-31,2025-12-31
VEN-01948,0.8744155171431852,2,84.99513396061981,2025-12-26,2025-12-31,2025-08-14
VEN-01949,0.8878134242020636,1,97.59888298260026,2025-12-31,2025-12-31,2025-12-31
VEN-01950,0.8353644277704257,2,100.0,2025-12-31,2025-10-15,2025-12-31
VEN-01951,0.95805656134928,0,99.65530214525434,2025-11-19,2025-12-31,2025-12-31
VEN-01952,0.527783581827228,0,79.83407375436263,2025-10-19,2025-12-31,2025-12-31
VEN-01953,0.8745157129170861,0,100.0,2025-12-31,2025-12-31,2025-12-31
VEN-01954,0.7546885728520438,0,93.26755782586696,2025-12-31,2025-12-31,2025-12-31
VEN-01955,0.5500842731235716,1,86.79158819301364,2025-12-31,2025-12-31,2025-12-31
VEN-01956,0.8837190244515397,0,96.5660941473284,2025-12-31,2025-12-31,2025-12-31
VEN-01957,0.7537469511857865,1,88.10832776390552,2025-12-31,2025-12-31,2025-12-31
VEN-01958,0.6125706297197206,0,100.0,2025-12-31,2025-09-16,2025-12-31
VEN-01959,0.7819450435846828,0,98.51611593398948,2025-08-04,2025-12-31,2025-12-05
VEN-01960,0.8285392764046451,1,85.11149345916,2025-12-31,2025-12-31,2025-12-31
VEN-01961,0.9021661532316988,2,94.755490002042,2025-12-31,2025-12-31,2025-12-31
VEN-01962,0.7810516028866304,0,73.55089278383366,2025-12-31,2025-12-31,2025-12-31
VEN-01963,0.6888146310370517,2,89.51929712323783,2025-12-31,2025-12-31,2025-12-31
VEN-01964,0.721050273894839,0,100.0,2025-12-31,2025-12-31,2025-12-31
VEN-01965,0.6740147014135845,0,100.0,2025-12-31,2025-12-31,2025-12-31
VEN-01966,0.8745188971844404,0,89.7689796182325,2025-08-21,2025-11-17,2025-12-31
VEN-01967,0.8333979734781445,0,94.56686979752372,2025-10-18,2025-12-31,2025-09-25
VEN-01968,0.923321419516826,0,95.49428254852434,2025-12-31,2025-12-31,2025-12-31
VEN-01969,0.8359902975634612,2,100.0,2025-06-19,2025-12-31,2025-12-31
VEN-01970,0.929629753724916,1,86.59082098916119,2025-12-29,2025-10-04,2025-12-31
VEN-01971,0.8475612070652035,1,100.0,2025-09-25,2025-12-31,2025-12-31
VEN-01972,0.857864909006448,0,96.50673865801362,2025-12-31,2025-07-22,2025-08-10
VEN-01973,0.8191958520539905,0,96.2112566074714,2025-12-31,2025-10-26,2025-12-31
VEN-01974,0.8894970986492607,0,96.57946104574968,2025-05-13,2025-10-31,2025-12-31
VEN-01975,0.4868906795364213,0,94.18215433841378,2025-11-13,2025-12-31,2025-12-31
VEN-01976,0.8335667429781968,0,100.0,2025-12-31,2025-12-31,2025-12-31
VEN-01977,0.9241721354994336,1,87.00584813368454,2025-12-31,2025-12-31,2025-09-06
VEN-01978,0.932484471091502,0,85.76911063350032,2025-12-31,2025-12-31,2025-12-31
VEN-01979,0.7163332103584555,1,90.46351488580108,2025-12-31,2025-12-31,2025-12-31
VEN-01980,0.5930667815735909,0,100.0,2025-12-31,2025-12-31,2025-12-31
VEN-01981,0.669488265399947,0,100.0,2025-12-31,2025-10-14,2025-12-31
VEN-01982,0.9354071119279924,0,88.88003293320298,2025-12-31,2025-10-07,2025-12-31
VEN-01983,0.8646704935899104,1,92.2178916522616,2025-12-31,2025-12-31,2025-12-31
VEN-01984,0.6742025733441536,0,89.49122462821693,2025-12-31,2025-12-31,2025-11-21
VEN-01985,0.6915728555393105,0,96.55561713308786,2025-08-09,2025-12-31,2025-10-22
VEN-01986,0.8332722414827785,1,91.14060261272029,2025-12-31,2025-12-31,2025-12-31
VEN-01987,0.9761304835121508,0,89.67866824255984,2025-12-31,2025-12-31,2025-12-31
VEN-01988,0.8274031471555037,0,92.03557658183648,2025-12-31,2025-12-31,2025-08-16
VEN-01989,0.8376752217227205,0,95.70939699236952,2025-12-31,2025-12-31,2025-08-07
VEN-01990,0.87818734587541,1,100.0,2025-12-31,2025-12-31,2025-12-31
VEN-01991,0.6322218682386423,0,90.62446055426506,2025-12-31,2025-07-22,2025-12-31
VEN-01992,0.8296452806156562,0,95.61241742824656,2025-12-31,2025-10-10,2025-12-31
VEN-01993,0.7896332314654755,0,100.0,2025-08-09,2025-10-31,2025-10-02
VEN-01994,0.8300699982998165,0,87.42299608592157,2025-12-31,2025-07-12,2025-12-31
VEN-01995,0.8178143927950947,1,95.42389761350977,2025-12-31,2025-12-31,2025-12-31
VEN-01996,0.7457787784256201,0,99.68190266579914,2025-08-29,2025-12-31,2025-12-31
VEN-01997,0.6924722360279172,1,99.0965169141634,2025-12-31,2025-12-31,2025-10-26
VEN-01998,0.5670280159520544,1,100.0,2025-12-31,2025-12-31,2025-12-31
VEN-01999,0.7713465078707892,1,98.20348565528391,2025-12-31,2025-11-07,2025-12-31
VEN-02000,0.9836633762842284,0,94.44638850193756,2025-12-31,2025-12-31,2025-09-28
VEN-02001,0.8767182292265395,0,97.39275780255986,2025-12-31,2025-12-31,2025-12-31
VEN-02002,0.5527318083425669,1,92.42612437799568,2025-12-31,2025-12-31,2025-12-31
VEN-02003,0.970738011183213,0,100.0,2025-12-31,2025-12-31,2025-12-31
VEN-02004,0.715624386247367,0,93.36100827400308,2025-06-15,2025-12-31,2025-12-31
VEN-02005,0.993345533546674,0,92.65986939229172,2025-11-30,2025-12-31,2025-12-31
VEN-02006,0.7051492854115942,1,88.04391704693064,2025-12-31,2025-12-31,2025-12-31
VEN-02007,0.8927230183953133,1,90.45322881305272,2025-12-31,2025-12-31,2025-12-31
VEN-02008,0.9680670697898026,1,98.46897241652655,2025-12-31,2025-12-31,2025-12-31
VEN-02009,0.7312118532550436,0,83.67084883897262,2025-12-31,2025-11-23,2025-12-31
VEN-02010,0.717432782878952,0,90.80245049231569,2025-12-31,2025-12-31,2025-12-31
VEN-02011,0.9635515505568536,0,90.87701800311105,2025-06-02,2025-12-31,2025-12-31
VEN-02012,0.8225794896550286,1,98.99472424007573,2025-12-31,2025-12-31,2025-12-31
VEN-02013,0.6344473770245675,1,100.0,2025-10-07,2025-10-21,2025-09-18
VEN-02014,0.6438913829861327,1,100.0,2025-12-31,2025-12-31,2025-12-31
VEN-02015,0.8751945942173968,0,88.37717474688465,2025-12-31,2025-12-31,2025-09-16
VEN-02016,0.9150516050110574,0,100.0,2025-12-31,2025-12-31,2025-12-31
VEN-02017,0.5565924051534241,0,96.11416294635538,2025-09-10,2025-12-31,2025-12-31
VEN-02018,0.7881106477937263,0,93.49546642564177,2025-12-31,2025-12-31,2025-12-31
VEN-02019,0.9524878653872116,2,99.84246121574044,2025-12-31,2025-12-31,2025-12-31
VEN-02020,0.8974616726817887,2,83.36905314391335,2025-12-31,2025-12-31,2025-08-27
VEN-02021,0.7936750384727889,1,89.7749814056063,2025-07-25,2025-12-31,2025-12-31
VEN-02022,0.4645485044356661,0,85.31503759886124,2025-12-31,2025-12-31,2025-12-31
VEN-02023,0.8449793283957968,0,100.0,2025-12-31,2025-08-30,2025-12-31
VEN-02024,0.9763290420178378,0,100.0,2025-12-31,2025-12-31,2025-12-31
VEN-02025,0.7779730024951828,0,85.42037735892484,2025-09-29,2025-12-31,2025-12-31
VEN-02026,0.9394831102395592,2,83.26436696103274,2025-12-31,2025-12-31,2025-12-31
VEN-02027,0.8938227812305831,0,98.7894409040792,2025-12-31,2025-12-31,2025-12-31
VEN-02028,0.8644329801856973,0,87.08376552111308,2025-12-31,2025-12-31,2025-12-31
VEN-02029,0.7507669381920243,1,99.31703598557138,2025-12-31,2025-12-31,2025-12-31
VEN-02030,0.5238019509347448,0,100.0,2025-12-31,2025-12-31,2025-12-31
VEN-02031,0.8143778831331403,0,87.10852219018335,2025-12-31,2025-12-31,2025-12-31
VEN-02032,0.7734331053797171,0,98.82854928066244,2025-12-31,2025-11-09,2025-12-31
VEN-02033,0.8028401881118159,1,92.1365995349409,2025-12-31,2025-12-31,2025-08-07
VEN-02034,0.6269268303415096,0,100.0,2025-12-31,2025-12-31,2025-12-31
VEN-02035,0.7340120834364767,0,81.61242195479355,2025-12-31,2025-12-31,2025-12-31
VEN-02036,0.9006202008418503,1,83.40409499507378,2025-12-31,2025-12-31,2025-12-31
VEN-02037,0.9046542722554042,1,95.4133138733069,2025-12-31,2025-07-04,2025-12-31
VEN-02038,0.6557804937477352,1,100.0,2025-12-23,2025-12-31,2025-12-31
VEN-02039,0.7516569125069145,1,91.88695840867622,2025-12-31,2025-12-31,2025-12-31
VEN-02040,0.7931284132215972,0,87.80733859405527,2025-12-31,2025-12-19,2025-08-27
VEN-02041,0.957878864304798,0,80.27368113614335,2025-12-31,2025-12-31,2025-12-31
VEN-02042,0.8978331878011125,0,97.5424287382578,2025-10-09,2025-12-31,2025-12-31
VEN-02043,0.7973735682577942,0,83.00539821667104,2025-12-24,2025-12-31,2025-12-31
VEN-02044,0.7110635556718553,0,100.0,2025-10-28,2025-12-31,2025-12-31
VEN-02045,0.9281203824943312,0,95.05413328654642,2025-12-31,2025-12-31,2025-12-31
VEN-02046,0.8442238528447751,0,94.48891674700624,2025-12-31,2025-12-31,2025-12-31
VEN-02047,0.629242995076401,0,91.57685281291091,2025-12-31,2025-12-31,2025-10-17
VEN-02048,0.8799848127630284,0,87.13497440652932,2025-12-31,2025-09-20,2025-12-31
VEN-02049,0.766843460500464,0,92.30681451827236,2025-08-29,2025-12-31,2025-12-31
VEN-02050,0.7245741635606573,1,97.89926954949652,2025-12-31,2025-12-31,2025-12-31
VEN-02051,0.5401221077425948,0,100.0,2025-12-31,2025-12-31,2025-12-31
VEN-02052,0.749040639428642,0,93.8644129928088,2025-12-31,2025-12-31,2025-12-31
VEN-02053,0.8603111162899981,0,92.69291424955688,2025-12-31,2025-12-31,2025-12-31
VEN-02054,0.8606222295258464,0,94.98813411394296,2025-08-01,2025-12-31,2025-12-31
VEN-02055,0.9837827878858048,1,87.93085254567151,2025-12-31,2025-12-31,2025-12-31
VEN-02056,0.6298520187497312,0,100.0,2025-12-31,2025-12-31,2025-12-31
VEN-02057,0.8518284744016628,0,89.19180620702954,2025-12-31,2025-09-27,2025-08-18
VEN-02058,0.9127164640548104,0,88.2643810960618,2025-12-31,2025-12-31,2025-12-31
VEN-02059,0.7842195543986674,1,98.57997016991678,2025-12-31,2025-12-31,2025-12-31
VEN-02060,0.7905513827548402,1,90.76414782856968,2025-12-31,2025-12-31,2025-08-31
VEN-02061,0.8617449174688588,0,100.0,2025-08-15,2025-12-31,2025-12-31
VEN-02062,0.8180696518593022,1,97.6888933882824,2025-05-27,2025-12-31,2025-12-31
VEN-02063,0.8181430498114909,0,86.38055920023491,2025-06-18,2025-12-31,2025-12-31
VEN-02064,0.6605912976176687,1,100.0,2025-12-31,2025-12-31,2025-12-31
VEN-02065,0.6939925897697308,0,93.71605265280436,2025-05-07,2025-12-31,2025-12-31
VEN-02066,0.8155154444301276,0,100.0,2025-12-31,2025-07-19,2025-12-31
VEN-02067,0.7880573874474506,2,88.17107396490057,2025-11-18,2025-12-31,2025-12-31
VEN-02068,0.5809429616829631,2,96.38359378406066,2025-10-17,2025-12-31,2025-08-12
VEN-02069,0.8751091608806713,0,100.0,2025-12-31,2025-12-31,2025-12-31
VEN-02070,0.8314187412201166,0,86.07592651757392,2025-12-31,2025-12-31,2025-12-31
VEN-02071,0.5490137075706643,0,100.0,2025-12-31,2025-12-31,2025-12-31
VEN-02072,0.8394676148813445,1,94.38044828880064,2025-08-14,2025-12-31,2025-12-31
VEN-02073,0.5305929263587729,0,96.61952983084709,2025-12-04,2025-12-31,2025-12-31
VEN-02074,0.9264029771896828,0,75.47018831012188,2025-12-31,2025-12-31,2025-12-31
VEN-02075,0.7777828375306236,0,85.29859079938103,2025-12-31,2025-07-21,2025-12-31
VEN-02076,0.8783598987683366,2,86.42626082874776,2025-11-21,2025-12-31,2025-12-31
VEN-02077,0.922611095989096,0,100.0,2025-12-31,2025-12-31,2025-12-31
VEN-02078,0.8164176599825352,0,79.07637165530528,2025-06-06,2025-12-31,2025-09-17
VEN-02079,0.946782253261807,0,87.21883743298791,2025-12-31,2025-12-31,2025-12-31
VEN-02080,0.8200973564488709,1,94.7855466338002,2025-12-31,2025-12-31,2025-12-31
VEN-02081,0.5984625614392217,0,97.95128071707916,2025-12-31,2025-12-31,2025-12-31
VEN-02082,0.7960908103489291,1,100.0,2025-12-31,2025-12-31,2025-12-31
VEN-02083,0.9034430605764712,0,97.25215131750345,2025-12-31,2025-12-31,2025-12-31
VEN-02084,0.804317135627265,0,89.98967790428732,2025-08-19,2025-12-31,2025-10-18
VEN-02085,0.6136200839658593,0,85.76064029547668,2025-12-31,2025-12-31,2025-08-16
VEN-02086,0.7886970550935192,0,100.0,2025-12-31,2025-12-31,2025-12-31
VEN-02087,0.9488693304886572,0,100.0,2025-12-31,2025-12-31,2025-12-31
VEN-02088,0.923637333533981,1,93.3370126178166,2025-12-31,2025-11-21,2025-12-31
VEN-02089,0.8252211650702348,0,88.67498032521229,2025-12-31,2025-10-10,2025-12-31
VEN-02090,0.6406604744821239,1,93.35499943614094,2025-12-31,2025-12-31,2025-12-31
VEN-02091,0.8409156991991878,0,91.82713275977076,2025-12-31,2025-12-31,2025-12-31
VEN-02092,0.9531228635514716,0,91.0926454685844,2025-10-27,2025-11-07,2025-12-31
VEN-02093,0.7129968207587651,1,87.93774287801264,2025-12-31,2025-12-31,2025-12-31
VEN-02094,0.8171351227576658,0,100.0,2025-12-31,2025-12-31,2025-12-31
VEN-02095,0.5378964195507014,0,89.60279320507395,2025-12-31,2025-12-31,2025-12-31
VEN-02096,0.9209357239955211,0,90.83411705375184,2025-05-13,2025-12-31,2025-12-31
VEN-02097,0.6624036010956985,0,100.0,2025-12-04,2025-11-25,2025-12-31
VEN-02098,0.8522965078946223,0,96.56063546820114,2025-05-05,2025-12-31,2025-12-31
VEN-02099,0.5940399556650147,0,100.0,2025-12-31,2025-12-31,2025-12-31
VEN-02100,0.517157688322147,0,79.85550953701475,2025-08-27,2025-11-19,2025-12-31
VEN-02101,0.9177937559787092,2,93.55590587645844,2025-12-31,2025-12-31,2025-12-31
VEN-02102,0.8818297647872975,0,94.2546764239101,2025-12-31,2025-12-31,2025-12-31
VEN-02103,0.8726941695092594,1,98.00856968257987,2025-12-31,2025-12-31,2025-12-17
VEN-02104,0.923483741091057,3,92.68641392634972,2025-12-31,2025-10-28,2025-12-31
VEN-02105,0.8542557644756265,0,96.03491598720842,2025-12-31,2025-12-31,2025-08-13
VEN-02106,0.773453355364044,0,100.0,2025-12-02,2025-12-31,2025-12-31
VEN-02107,0.7813059215453345,0,88.26799041063767,2025-12-31,2025-12-31,2025-12-31
VEN-02108,0.8404217411503203,1,100.0,2025-12-31,2025-12-31,2025-10-22
VEN-02109,0.8634648329886558,0,88.77387565022678,2025-12-31,2025-12-31,2025-12-31
VEN-02110,0.7867741315962455,1,95.14256584658813,2025-12-31,2025-12-31,2025-12-31
VEN-02111,0.8005817349212208,0,80.74331711783906,2025-12-31,2025-12-31,2025-12-31
VEN-02112,0.9635837474451656,0,83.19595509621752,2025-12-31,2025-12-31,2025-12-31
VEN-02113,0.8203396589132766,2,88.49669688581824,2025-12-31,2025-12-31,2025-12-14
VEN-02114,0.978896137518544,1,82.8911182406673,2025-12-31,2025-12-31,2025-12-31
VEN-02115,0.7400632914943271,0,91.99833675835306,2025-12-31,2025-12-31,2025-12-31
VEN-02116,0.8205572403286516,0,100.0,2025-12-31,2025-12-31,2025-12-31
VEN-02117,0.9667147610828868,1,92.52442316376924,2025-12-31,2025-12-31,2025-12-31
VEN-02118,0.7287676855973269,1,95.6191789321402,2025-12-31,2025-12-31,2025-12-31
VEN-02119,0.8188472333835837,0,100.0,2025-12-31,2025-12-31,2025-12-31
VEN-02120,0.6623954194492946,0,95.9089445754486,2025-12-31,2025-12-31,2025-12-31
VEN-02121,0.8326265356132803,2,94.4123766263863,2025-12-31,2025-12-31,2025-12-31
VEN-02122,0.8963933581374087,0,86.29179977742479,2025-12-31,2025-12-31,2025-11-21
VEN-02123,0.8270574607404084,0,96.3057944923176,2025-12-31,2025-12-31,2025-12-31
VEN-02124,0.8203436614102703,0,100.0,2025-10-20,2025-12-31,2025-12-31
VEN-02125,0.8750841279481824,1,88.76723988786708,2025-12-31,2025-12-31,2025-12-31
VEN-02126,0.7782464497599632,0,96.0011278380767,2025-12-31,2025-12-31,2025-12-31
VEN-02127,0.6140322695127841,0,84.03669757250265,2025-12-31,2025-08-08,2025-12-31
VEN-02128,0.8058647496913744,0,96.84880599792764,2025-12-31,2025-12-31,2025-12-31
VEN-02129,0.7843600028024484,0,91.3567859894284,2025-09-22,2025-12-31,2025-12-31
VEN-02130,0.7523578507058755,0,97.70937616047767,2025-12-31,2025-12-31,2025-12-31
VEN-02131,0.8098330540772037,1,78.5593764896891,2025-12-31,2025-12-30,2025-12-31
VEN-02132,0.9396337746736542,1,93.72171080775183,2025-12-31,2025-12-31,2025-12-31
VEN-02133,0.6751015980269343,1,100.0,2025-12-31,2025-12-31,2025-12-31
VEN-02134,0.9282829122111996,0,97.90166585635866,2025-07-10,2025-12-31,2025-12-31
VEN-02135,0.973603086393761,0,92.31792016977936,2025-11-15,2025-12-31,2025-12-31
VEN-02136,0.8426505475709833,1,73.83518057023755,2025-12-31,2025-12-31,2025-08-10
VEN-02137,0.8917108212453149,1,100.0,2025-12-31,2025-12-31,2025-12-31
VEN-02138,0.9543575580468664,1,85.72230160986601,2025-12-31,2025-12-31,2025-12-31
VEN-02139,0.7359626592901496,0,100.0,2025-12-26,2025-12-31,2025-12-31
VEN-02140,0.7623703315911322,1,87.53362822803624,2025-12-31,2025-12-31,2025-12-31
VEN-02141,0.8659457435101474,0,85.64601205767951,2025-12-31,2025-09-23,2025-12-31
VEN-02142,0.8896625166720984,0,92.60365036865576,2025-05-21,2025-11-21,2025-12-31
VEN-02143,0.9353301401578302,1,81.48419619676339,2025-12-31,2025-12-31,2025-12-27
VEN-02144,0.9349477928568528,0,84.04407982360254,2025-06-12,2025-12-31,2025-12-31
VEN-02145,0.7605406087312029,2,100.0,2025-12-31,2025-12-31,2025-12-31
VEN-02146,0.5180901791313608,0,100.0,2025-12-31,2025-12-31,2025-12-31
VEN-02147,0.8680551957928095,3,86.44529879046773,2025-12-31,2025-11-03,2025-08-28
VEN-02148,0.7685200207903091,0,89.27588821003656,2025-12-31,2025-12-31,2025-12-31
VEN-02149,0.917619849207158,1,77.83388095900483,2025-12-31,2025-12-31,2025-09-28
VEN-02150,0.6436347985254095,1,90.57543499609798,2025-12-31,2025-12-31,2025-12-31
VEN-02151,0.7929999897631289,1,89.28680790694686,2025-07-13,2025-07-06,2025-12-31
VEN-02152,0.886445208940142,1,100.0,2025-12-18,2025-12-31,2025-12-31
VEN-02153,0.9190981724294284,1,94.78838705647222,2025-12-31,2025-12-31,2025-12-31
VEN-02154,0.9507128415636198,0,94.79400190565876,2025-12-31,2025-12-31,2025-12-31
VEN-02155,0.8266619603731039,1,97.31558231921196,2025-12-31,2025-12-31,2025-12-31
VEN-02156,0.7383236382949229,0,89.73103002094946,2025-12-19,2025-12-31,2025-12-31
VEN-02157,0.7126813810204836,0,99.09858337651988,2025-06-24,2025-12-31,2025-12-31
VEN-02158,0.8307639211187879,0,97.91680188399638,2025-12-31,2025-12-31,2025-12-31
VEN-02159,0.8512980774615396,0,95.78772243263748,2025-12-31,2025-12-31,2025-12-31
VEN-02160,0.9338452630227836,1,97.45310892928995,2025-12-31,2025-12-31,2025-12-31
VEN-02161,0.9250475035757904,0,100.0,2025-12-31,2025-12-31,2025-12-31
VEN-02162,0.9283213797935256,0,75.05743465219746,2025-12-31,2025-07-13,2025-12-31
VEN-02163,0.8263266781598649,1,84.43866678589198,2025-12-31,2025-10-03,2025-12-31
VEN-02164,0.8110140921575115,1,90.27820978947946,2025-12-31,2025-12-31,2025-12-31
VEN-02165,0.8884479571897955,2,100.0,2025-08-17,2025-12-31,2025-12-31
VEN-02166,0.9145824131800552,1,94.29930855656852,2025-09-05,2025-08-04,2025-12-31
VEN-02167,0.8715589606595748,1,99.56571325069764,2025-12-31,2025-12-31,2025-12-31
VEN-02168,0.8160221393706405,1,92.89233935466834,2025-12-31,2025-12-31,2025-12-31
VEN-02169,0.9677236282200076,0,88.23810995426996,2025-12-31,2025-12-31,2025-12-31
VEN-02170,0.6650018123175623,0,99.35270331004996,2025-12-31,2025-12-31,2025-12-31
VEN-02171,0.8930947379915017,0,91.17603047395802,2025-12-31,2025-12-31,2025-12-31
VEN-02172,0.6931795614200591,2,100.0,2025-12-31,2025-12-31,2025-12-31
VEN-02173,0.7116389220912037,0,84.22752825442315,2025-12-31,2025-09-11,2025-12-31
VEN-02174,0.6827828662213964,1,100.0,2025-11-14,2025-12-31,2025-12-31
VEN-02175,0.7629983861499599,0,100.0,2025-12-31,2025-12-31,2025-12-31
VEN-02176,0.8864993710308774,0,92.1070299186096,2025-12-31,2025-12-31,2025-12-31
VEN-02177,0.9064804112134358,1,83.7473868480424,2025-12-31,2025-12-31,2025-12-31
VEN-02178,0.5878619376829457,0,89.35381054709465,2025-12-31,2025-12-31,2025-12-31
VEN-02179,0.8825668369564668,0,92.21990864893144,2025-12-31,2025-12-31,2025-12-31
VEN-02180,0.6224799406727185,1,100.0,2025-07-17,2025-12-31,2025-12-31
VEN-02181,0.8742605490182218,1,92.46402259008376,2025-05-22,2025-12-31,2025-09-07
VEN-02182,0.7861856532323556,0,100.0,2025-12-31,2025-12-31,2025-12-31
VEN-02183,0.9466646623818004,0,88.9151205722277,2025-09-08,2025-12-31,2025-12-31
VEN-02184,0.622693993495179,0,92.41572240214664,2025-08-09,2025-10-15,2025-12-31
VEN-02185,0.9740334039872794,0,93.00609969300672,2025-12-31,2025-12-31,2025-12-31
VEN-02186,0.9062443461867836,0,100.0,2025-12-31,2025-12-31,2025-12-31
VEN-02187,0.903916851419162,0,100.0,2025-09-23,2025-12-28,2025-12-31
VEN-02188,0.4185556458751905,0,98.72021322923844,2025-12-31,2025-12-31,2025-12-31
VEN-02189,0.8254569895721414,0,97.70767209305538,2025-12-31,2025-12-31,2025-12-31
VEN-02190,0.7340954724458577,0,100.0,2025-12-31,2025-12-31,2025-08-28
VEN-02191,0.669772884173405,0,81.54228876472503,2025-12-31,2025-12-31,2025-12-31
VEN-02192,0.8622568957462219,0,74.87810513008907,2025-12-31,2025-12-31,2025-12-31
VEN-02193,0.7580175475665946,0,96.55626071039664,2025-12-31,2025-12-31,2025-12-31
VEN-02194,0.956750208818292,0,91.0809167433032,2025-10-10,2025-12-31,2025-12-31
VEN-02195,0.9418946179485868,0,87.75003502685136,2025-12-31,2025-12-31,2025-12-31
VEN-02196,0.8199251212048961,0,99.64088684256043,2025-12-31,2025-12-31,2025-12-31
VEN-02197,0.8907633429890875,1,76.59296060614105,2025-12-31,2025-12-31,2025-12-31
VEN-02198,0.7435887467131713,1,100.0,2025-12-31,2025-12-31,2025-12-31
VEN-02199,0.6625425728763247,1,100.0,2025-12-31,2025-12-31,2025-12-31
VEN-02200,0.8653947988490361,0,84.7470540218032,2025-12-31,2025-12-31,2025-12-31
VEN-02201,0.7563694042139898,0,100.0,2025-12-31,2025-12-31,2025-12-31
VEN-02202,0.8985599747035973,1,100.0,2025-12-31,2025-12-31,2025-12-31
VEN-02203,0.7889589624198297,0,91.55889344601788,2025-12-31,2025-12-31,2025-12-22
VEN-02204,0.6385970476623932,1,92.39981437669545,2025-08-04,2025-08-18,2025-12-31
VEN-02205,0.8478418812533729,0,94.18509716277386,2025-12-31,2025-12-31,2025-10-07
VEN-02206,0.7776628742354189,2,95.61807257708168,2025-12-31,2025-12-31,2025-12-31
VEN-02207,0.8559699208928316,1,97.3660767759244,2025-12-31,2025-12-31,2025-12-31
VEN-02208,0.9905083826978094,0,100.0,2025-12-31,2025-12-31,2025-12-31
VEN-02209,0.8828774969198155,0,89.24321343961701,2025-12-31,2025-12-31,2025-12-31
VEN-02210,0.785658062344544,0,93.98693258967631,2025-12-31,2025-12-31,2025-12-31
VEN-02211,0.8170806692223658,1,95.66201132514315,2025-12-31,2025-12-31,2025-12-31
VEN-02212,0.9595904793983024,2,81.99063158081168,2025-12-31,2025-12-31,2025-12-31
VEN-02213,0.6820619932232085,2,98.1620332649941,2025-12-31,2025-12-31,2025-12-31
VEN-02214,0.7449078872335482,0,90.43541715963148,2025-12-31,2025-12-31,2025-12-31
VEN-02215,0.8771661151730089,1,97.88001462077284,2025-12-31,2025-08-17,2025-12-31
VEN-02216,0.5540572326188073,2,92.40435178159925,2025-09-05,2025-12-31,2025-12-31
VEN-02217,0.9392451912084148,1,100.0,2025-12-30,2025-12-31,2025-12-31
VEN-02218,0.8452715542091661,0,81.18732974293005,2025-12-31,2025-12-31,2025-12-31
VEN-02219,0.6791240292573155,0,78.71857827170838,2025-12-31,2025-12-13,2025-12-31
VEN-02220,0.912095275815698,0,100.0,2025-11-22,2025-12-31,2025-09-17
VEN-02221,0.7736108519032073,0,91.5029122657331,2025-12-31,2025-12-31,2025-12-31
VEN-02222,0.9338527874120228,1,100.0,2025-12-31,2025-12-31,2025-12-31
VEN-02223,0.7859112028931603,2,100.0,2025-12-31,2025-12-31,2025-12-31
VEN-02224,0.6386756776328126,0,91.20929106884854,2025-12-31,2025-12-31,2025-12-31
VEN-02225,0.723503417300585,0,90.73978328455716,2025-12-31,2025-12-31,2025-12-31
VEN-02226,0.7174039325797762,0,96.0287487160911,2025-12-31,2025-12-31,2025-12-31
VEN-02227,0.6798463972792456,0,81.99141978387664,2025-09-15,2025-12-31,2025-12-31
VEN-02228,0.6860016620654028,0,90.73893205595988,2025-12-31,2025-12-31,2025-12-31
VEN-02229,0.8323404485014104,1,99.95458009249064,2025-12-31,2025-12-31,2025-12-31
VEN-02230,0.9050349936941344,0,90.95725930798886,2025-12-31,2025-12-31,2025-12-31
VEN-02231,0.7420503390698181,0,93.46231017461248,2025-12-31,2025-12-31,2025-12-31
VEN-02232,0.8285522935941065,0,79.61579819290354,2025-12-31,2025-12-31,2025-12-31
VEN-02233,0.8188332877241412,1,100.0,2025-12-31,2025-08-10,2025-12-31
VEN-02234,0.8126893792918629,0,100.0,2025-12-31,2025-12-31,2025-12-31
VEN-02235,0.8217131059456564,2,77.2831602922351,2025-12-31,2025-12-31,2025-12-31
VEN-02236,0.804501431657096,1,97.99044370099286,2025-09-03,2025-12-06,2025-12-31
VEN-02237,0.6030242549302423,0,100.0,2025-12-31,2025-12-31,2025-12-31
VEN-02238,0.9127234244712596,3,95.20571424935764,2025-10-23,2025-12-31,2025-10-17
VEN-02239,0.7478961162535182,0,96.60829746410973,2025-09-24,2025-12-31,2025-12-31
VEN-02240,0.8793570492652013,0,100.0,2025-12-31,2025-12-31,2025-12-31
VEN-02241,0.7685068517857713,1,100.0,2025-12-31,2025-12-31,2025-12-31
VEN-02242,0.7348566692230489,0,96.122136522628,2025-10-22,2025-12-31,2025-12-31
VEN-02243,0.7992329823423905,0,84.61202532611382,2025-12-31,2025-12-31,2025-12-31
VEN-02244,0.9734522977404904,1,91.8526871849406,2025-10-04,2025-12-31,2025-12-31
VEN-02245,0.8634625562327377,0,95.22870252750128,2025-05-24,2025-12-31,2025-12-31
VEN-02246,0.8092538022033828,0,84.18381571513977,2025-06-08,2025-12-31,2025-12-31
VEN-02247,0.8182626987746864,0,99.01602636597686,2025-12-31,2025-08-07,2025-10-01
VEN-02248,0.5495257391776724,0,86.76461137857606,2025-12-31,2025-08-08,2025-12-31
VEN-02249,0.7953625696526009,0,100.0,2025-12-31,2025-12-31,2025-08-26
VEN-02250,0.7442109427903563,0,83.49470107786995,2025-12-08,2025-12-31,2025-12-31
VEN-02251,0.8478041260341432,2,100.0,2025-08-08,2025-12-31,2025-12-31
VEN-02252,0.7649027080338424,0,84.88426356781544,2025-09-30,2025-12-31,2025-12-31
VEN-02253,0.7681173042687681,0,78.16660808888413,2025-12-31,2025-12-31,2025-12-31
VEN-02254,0.6729174391825145,0,100.0,2025-12-31,2025-12-31,2025-11-22
VEN-02255,0.4729529756196178,0,86.62342457676475,2025-08-10,2025-08-22,2025-12-31
VEN-02256,0.5827977304323599,0,96.88555568791236,2025-12-31,2025-10-31,2025-12-31
VEN-02257,0.821042123791708,1,95.57970317307137,2025-12-31,2025-12-31,2025-12-31
VEN-02258,0.9344498288328414,0,84.13470716836194,2025-12-31,2025-12-31,2025-12-31
VEN-02259,0.3203918573919594,0,74.6346924628865,2025-09-15,2025-12-31,2025-12-31
VEN-02260,0.728967945802489,0,90.77346912546544,2025-12-31,2025-12-31,2025-12-31
VEN-02261,0.7383203321691434,0,98.82592556364028,2025-12-31,2025-12-31,2025-12-31
VEN-02262,0.9643007603287608,2,90.99698957318417,2025-12-31,2025-12-31,2025-12-31
VEN-02263,0.709845607939307,1,93.20318767528074,2025-12-31,2025-12-31,2025-12-31
VEN-02264,0.7753488025395446,0,98.6771113631212,2025-12-01,2025-12-31,2025-12-31
VEN-02265,0.8377320495320777,1,79.94159612122016,2025-12-31,2025-12-31,2025-12-31
VEN-02266,0.7899021122147554,1,89.86262632794426,2025-12-31,2025-12-31,2025-12-31
VEN-02267,0.8612872248227257,1,100.0,2025-12-31,2025-12-31,2025-10-13
VEN-02268,0.887982516845936,1,89.5249833407316,2025-12-31,2025-12-31,2025-12-31
VEN-02269,0.6839009772745608,0,95.23019695075666,2025-12-31,2025-12-31,2025-09-02
VEN-02270,0.8012003660193717,1,89.33407838763819,2025-12-31,2025-12-31,2025-12-31
VEN-02271,0.9786945209700624,0,91.48013470555972,2025-12-31,2025-12-31,2025-09-09
VEN-02272,0.8521316194418405,0,93.96834184689928,2025-12-31,2025-12-31,2025-12-31
VEN-02273,0.8770854671642272,1,83.53924961034721,2025-12-31,2025-12-31,2025-09-13
VEN-02274,0.9911465588442556,0,100.0,2025-12-31,2025-12-31,2025-12-31
VEN-02275,0.8460941667804651,1,100.0,2025-12-31,2025-12-31,2025-11-28
VEN-02276,0.8727407449980378,2,100.0,2025-06-27,2025-12-31,2025-12-31
VEN-02277,0.9552964890050184,0,92.801007897129,2025-12-31,2025-08-04,2025-12-31
VEN-02278,0.6987846859168206,0,80.89489464769464,2025-12-31,2025-12-31,2025-12-31
VEN-02279,0.8843577138776366,0,90.42027474464535,2025-12-31,2025-12-31,2025-12-31
VEN-02280,0.8199040139960361,0,97.91901944141698,2025-12-31,2025-12-31,2025-12-31
VEN-02281,0.8172035818515635,1,100.0,2025-12-31,2025-12-31,2025-12-10
VEN-02282,0.6963600761965545,0,93.47903962609232,2025-11-05,2025-09-29,2025-10-21
VEN-02283,0.917810011953312,0,84.2988835350284,2025-12-31,2025-12-31,2025-12-31
VEN-02284,0.8135627566392462,1,100.0,2025-06-05,2025-12-31,2025-12-31
VEN-02285,0.5855366310641702,1,92.71470768579042,2025-12-31,2025-12-31,2025-12-31
VEN-02286,0.9499841369138934,2,91.00370762245925,2025-12-31,2025-12-31,2025-12-31
VEN-02287,0.9871482977087972,1,95.24941551361526,2025-12-31,2025-12-31,2025-12-31
VEN-02288,0.8507613790268558,1,96.43830440381576,2025-12-31,2025-11-15,2025-12-31
VEN-02289,0.698663131308304,2,93.20128186295912,2025-12-31,2025-10-13,2025-12-31
VEN-02290,0.7256958691691452,0,100.0,2025-12-31,2025-12-31,2025-08-12
VEN-02291,0.650433169519257,0,100.0,2025-12-31,2025-12-31,2025-12-31
VEN-02292,0.8637746729687096,0,98.9096579516497,2025-05-19,2025-12-31,2025-10-30
VEN-02293,0.8084820972100747,1,89.13666010881141,2025-12-31,2025-12-31,2025-09-21
VEN-02294,0.67790188728291,0,89.0476081705915,2025-12-31,2025-12-31,2025-12-31
VEN-02295,0.742544437376626,0,92.29579934081774,2025-12-31,2025-12-31,2025-08-22
VEN-02296,0.8572710918017082,1,99.58874263949636,2025-12-31,2025-12-31,2025-12-31
VEN-02297,0.7067052403849525,0,85.02397316695621,2025-12-31,2025-12-31,2025-12-31
VEN-02298,0.8698540702004102,1,96.50671739366145,2025-12-31,2025-07-27,2025-12-31
VEN-02299,0.7606545652494291,0,95.52560340328112,2025-12-31,2025-12-31,2025-12-31
VEN-02300,0.9440912201287316,1,98.06604643224073,2025-12-31,2025-12-31,2025-12-31
VEN-02301,0.8157286867162618,1,96.61445469789966,2025-12-31,2025-12-31,2025-10-11
VEN-02302,0.8274150843327631,2,97.21374229082126,2025-12-31,2025-12-31,2025-12-31
VEN-02303,0.8017632744085798,1,90.41328491334352,2025-12-31,2025-12-31,2025-12-31
VEN-02304,0.8879360009554058,0,80.78364401627236,2025-12-31,2025-12-31,2025-12-31
VEN-02305,0.8238398745950822,1,90.17952068172016,2025-12-31,2025-12-31,2025-12-31
VEN-02306,0.9643072628293148,0,98.97276740425966,2025-12-31,2025-10-30,2025-12-31
VEN-02307,0.5656223843560234,0,100.0,2025-10-27,2025-09-26,2025-12-03
VEN-02308,0.7136623601382923,1,94.11340386658571,2025-10-15,2025-12-31,2025-12-31
VEN-02309,0.8265662166849302,1,100.0,2025-12-31,2025-12-31,2025-12-31
VEN-02310,0.790943864425983,0,95.73740158490898,2025-05-26,2025-12-31,2025-12-31
VEN-02311,0.9489658810938,1,91.243496097851,2025-12-31,2025-12-31,2025-12-31
VEN-02312,0.719500927926596,0,95.29785336217884,2025-10-02,2025-12-31,2025-11-21
VEN-02313,0.8789721959512912,0,92.9604945813493,2025-12-31,2025-12-31,2025-12-31
VEN-02314,0.5920823517365338,0,100.0,2025-12-31,2025-10-05,2025-12-31
VEN-02315,0.6488566637146093,0,92.76200303380092,2025-12-31,2025-12-31,2025-12-31
VEN-02316,0.8555725431514845,0,92.7055004055353,2025-12-31,2025-12-31,2025-12-31
VEN-02317,0.8528514824705876,1,87.36530624478961,2025-12-31,2025-12-31,2025-12-31
VEN-02318,0.8058639512332318,2,100.0,2025-12-31,2025-09-07,2025-12-31
VEN-02319,0.878362364160067,0,83.45689753733689,2025-12-31,2025-12-31,2025-12-31
VEN-02320,0.697178908237409,1,82.79261592176688,2025-12-31,2025-12-31,2025-12-31
VEN-02321,0.6754854618532009,2,82.06722029039399,2025-12-31,2025-12-31,2025-12-31
VEN-02322,0.864823064661776,2,83.2502475908203,2025-10-27,2025-12-31,2025-12-31
VEN-02323,0.8598535033344686,0,96.64919215821648,2025-12-31,2025-07-17,2025-12-31
VEN-02324,0.7245986778269033,0,94.43866952951564,2025-07-17,2025-12-31,2025-12-31
VEN-02325,0.9406437442670764,2,82.83387746289303,2025-12-31,2025-12-31,2025-12-31
VEN-02326,0.7611503778094946,1,93.65516905032558,2025-12-31,2025-12-31,2025-12-31
VEN-02327,0.7963656278207887,1,95.8932681704169,2025-12-08,2025-12-31,2025-12-31
VEN-02328,0.8674325229069293,1,93.72936760200358,2025-12-31,2025-12-31,2025-12-31
VEN-02329,0.9071618695423264,0,72.94347342426003,2025-12-31,2025-12-31,2025-12-31
VEN-02330,0.7576753509291902,1,100.0,2025-06-24,2025-12-31,2025-12-31
VEN-02331,0.934402356214704,0,98.88482562798468,2025-12-28,2025-12-31,2025-12-31
VEN-02332,0.8251703428094759,0,93.65516730410266,2025-12-31,2025-12-31,2025-12-31
VEN-02333,0.8638269811281178,0,100.0,2025-12-31,2025-12-31,2025-12-31
VEN-02334,0.8203217545876759,1,100.0,2025-12-31,2025-12-31,2025-12-31
VEN-02335,0.7246648570103572,2,81.87226354644035,2025-12-31,2025-12-31,2025-12-31
VEN-02336,0.935688763371051,1,100.0,2025-08-14,2025-12-31,2025-12-31
VEN-02337,0.7667231990310971,1,87.72498484881935,2025-12-31,2025-12-31,2025-12-31
VEN-02338,0.741704471533139,0,84.00520390565788,2025-11-13,2025-09-05,2025-12-31
VEN-02339,0.6777044101939546,0,96.65726115839982,2025-12-06,2025-12-21,2025-12-31
VEN-02340,0.9491183530820452,0,87.2949699355372,2025-12-31,2025-12-31,2025-12-31
VEN-02341,0.9073601284395156,0,100.0,2025-12-31,2025-12-31,2025-08-30
VEN-02342,0.9325885915484784,0,96.34076546243494,2025-10-02,2025-12-31,2025-12-31
VEN-02343,0.7657732424668376,0,100.0,2025-12-31,2025-12-31,2025-12-31
VEN-02344,0.9521760928088489,0,92.29456316037874,2025-12-31,2025-12-31,2025-12-31
VEN-02345,0.7040783142036253,0,100.0,2025-12-31,2025-12-31,2025-12-31
VEN-02346,0.781451077045793,0,90.59422166782552,2025-12-31,2025-12-31,2025-10-03
VEN-02347,0.7236550303608322,1,100.0,2025-12-31,2025-10-01,2025-12-31
VEN-02348,0.7122550404134164,0,97.4055016137893,2025-12-31,2025-12-31,2025-12-31
VEN-02349,0.6310343456489534,1,92.11961284362032,2025-12-31,2025-12-31,2025-12-31
VEN-02350,0.6493290484618842,1,100.0,2025-12-31,2025-12-31,2025-12-31
VEN-02351,0.8605094196325511,0,86.49545294510132,2025-12-31,2025-10-17,2025-12-31
VEN-02352,0.8817678091182327,1,92.82451195469818,2025-12-31,2025-12-31,2025-12-31
VEN-02353,0.9603354641748614,0,98.92827360279256,2025-12-31,2025-12-31,2025-12-31
VEN-02354,0.868819477026358,0,98.96859341177566,2025-12-31,2025-12-24,2025-12-31
VEN-02355,0.939127382939263,0,85.12978656551154,2025-12-31,2025-11-29,2025-12-31
VEN-02356,0.49174080741208,0,83.10585662277266,2025-12-31,2025-12-31,2025-08-09
VEN-02357,0.8370414939254616,1,89.88677428644144,2025-12-31,2025-12-31,2025-12-31
VEN-02358,0.9448891825245324,0,94.9241685782341,2025-10-17,2025-12-31,2025-12-31
VEN-02359,0.8067258807814066,0,89.53351251348768,2025-12-31,2025-12-31,2025-12-31
VEN-02360,0.9312557158252862,1,94.82691851763576,2025-12-31,2025-12-31,2025-11-14
VEN-02361,0.9407871045918345,0,100.0,2025-12-31,2025-12-31,2025-12-31
VEN-02362,0.9134827354506984,0,96.63326127721372,2025-05-23,2025-12-31,2025-10-31
VEN-02363,0.6740843958685915,1,93.43434011040812,2025-12-31,2025-12-31,2025-12-31
VEN-02364,0.754117361642811,0,99.05038770673993,2025-12-31,2025-07-24,2025-12-31
VEN-02365,0.7769336747179607,0,89.83384697411556,2025-12-31,2025-12-31,2025-12-31
VEN-02366,0.663387590718312,0,88.87675562158655,2025-12-31,2025-12-31,2025-12-31
VEN-02367,0.8686742041196497,0,89.78222844045712,2025-12-31,2025-08-01,2025-12-31
VEN-02368,0.9397756610959652,0,94.446538125619,2025-12-31,2025-12-31,2025-12-31
VEN-02369,0.7072006523663623,1,100.0,2025-12-31,2025-10-24,2025-12-31
VEN-02370,0.921704952909112,1,100.0,2025-12-31,2025-11-23,2025-12-31
VEN-02371,0.9326407687732235,0,100.0,2025-12-31,2025-12-31,2025-12-31
VEN-02372,0.930577101387508,1,83.80194761508645,2025-12-31,2025-09-26,2025-12-31
VEN-02373,0.7492827672024058,0,89.10812849814127,2025-12-31,2025-12-31,2025-12-31
VEN-02374,0.6516051491877638,0,100.0,2025-12-31,2025-08-01,2025-12-31
VEN-02375,0.8053050319047033,1,94.53983755743862,2025-12-31,2025-12-31,2025-12-31
VEN-02376,0.8771733431899154,0,86.59104389151683,2025-12-31,2025-12-31,2025-12-31
VEN-02377,0.8722802037414256,0,100.0,2025-07-07,2025-12-31,2025-12-31
VEN-02378,0.8403862497147289,1,81.1059959919707,2025-12-31,2025-09-07,2025-12-31
VEN-02379,0.8980337319354326,0,97.95450796475254,2025-09-19,2025-12-31,2025-12-31
VEN-02380,0.6238136544616071,0,84.15549189959512,2025-12-31,2025-12-31,2025-12-31
VEN-02381,0.7883697511311135,2,100.0,2025-12-31,2025-07-05,2025-09-26
VEN-02382,0.7385006687464196,1,93.25415627672903,2025-12-31,2025-12-31,2025-12-31
VEN-02383,0.8734416748276483,0,100.0,2025-12-31,2025-12-31,2025-12-31
VEN-02384,0.7354558006901617,0,88.51249466605061,2025-12-31,2025-12-31,2025-12-31
VEN-02385,0.5482196066718101,1,80.7173566652679,2025-11-03,2025-12-31,2025-12-31
VEN-02386,0.8580832538786247,1,89.72443016290704,2025-12-31,2025-12-31,2025-12-31
VEN-02387,0.9748164252142528,0,83.59207793720444,2025-06-21,2025-12-31,2025-09-08
VEN-02388,0.8417786900614674,0,92.88258760922196,2025-12-31,2025-12-31,2025-12-31
VEN-02389,0.7661116226505641,0,90.91653188086654,2025-12-31,2025-10-13,2025-12-31
VEN-02390,0.7691942095761346,1,100.0,2025-12-31,2025-12-31,2025-12-14
VEN-02391,0.8416402185240439,0,87.18152285384856,2025-12-31,2025-12-31,2025-12-31
VEN-02392,0.543247793275993,2,88.67381227043494,2025-12-31,2025-12-31,2025-12-31
VEN-02393,0.9458497833640944,1,87.6882385277716,2025-12-31,2025-12-31,2025-12-31
VEN-02394,0.8605011950507458,3,99.64752861072128,2025-12-31,2025-12-31,2025-12-31
VEN-02395,0.7013311701257368,2,95.60114943235418,2025-12-31,2025-12-31,2025-12-31
VEN-02396,0.7605907248649058,1,79.53511997735656,2025-12-31,2025-08-12,2025-12-31
VEN-02397,0.7792519129664005,0,100.0,2025-12-31,2025-12-31,2025-12-31
VEN-02398,0.3995748502266492,0,100.0,2025-12-31,2025-12-31,2025-12-31
VEN-02399,0.9142122355886964,1,90.56562094031896,2025-08-24,2025-12-31,2025-12-31
VEN-02400,0.8675147290731389,1,77.63874070974504,2025-12-31,2025-12-31,2025-08-19
VEN-02401,0.6428764048436912,3,94.85136817809406,2025-12-31,2025-12-31,2025-12-31
VEN-02402,0.8953527362264965,0,90.98328747756108,2025-12-27,2025-12-31,2025-12-31
VEN-02403,0.8677756169799503,1,90.24311071664162,2025-12-31,2025-12-31,2025-12-31
VEN-02404,0.8415704290721754,1,98.34427211803474,2025-12-31,2025-12-31,2025-12-31
VEN-02405,0.8494104898444683,0,99.0229161628562,2025-12-31,2025-12-31,2025-11-26
VEN-02406,0.899070685294762,1,100.0,2025-12-31,2025-12-31,2025-12-31
VEN-02407,0.8401940961422452,3,83.9834282222369,2025-10-21,2025-12-31,2025-12-31
VEN-02408,0.8990248652646814,1,100.0,2025-12-31,2025-12-31,2025-12-31
VEN-02409,0.8936705079457329,0,85.07781707833803,2025-05-09,2025-12-31,2025-12-31
VEN-02410,0.7453342258414498,1,99.73367218874826,2025-10-30,2025-12-31,2025-12-31
VEN-02411,0.5514505549974198,0,93.88863366342532,2025-12-31,2025-10-27,2025-12-31
VEN-02412,0.9030724925073496,0,98.93414413972025,2025-12-31,2025-12-31,2025-12-31
VEN-02413,0.9408695035349492,0,100.0,2025-12-31,2025-12-31,2025-12-31
VEN-02414,0.7922384809418307,1,83.51756005596533,2025-12-31,2025-11-03,2025-12-31
VEN-02415,0.770200752357703,0,82.37610606559393,2025-08-01,2025-12-31,2025-12-31
VEN-02416,0.832659385655838,1,96.14960675874582,2025-12-31,2025-12-31,2025-12-31
VEN-02417,0.8762933372296013,1,78.91287525162134,2025-12-31,2025-12-31,2025-09-09
VEN-02418,0.9523748563890968,1,98.56320324045484,2025-12-31,2025-12-31,2025-12-31
VEN-02419,0.9297774617863008,0,96.28031920148354,2025-12-31,2025-12-31,2025-12-31
VEN-02420,0.9741875016121364,1,81.11090190982742,2025-12-31,2025-12-31,2025-11-08
VEN-02421,0.8250821658308118,0,99.23130695616068,2025-08-31,2025-12-31,2025-08-23
VEN-02422,0.759387892998986,0,99.32224579264982,2025-06-28,2025-09-23,2025-12-31
VEN-02423,0.7379783053991178,2,85.1520500032137,2025-12-31,2025-12-31,2025-12-31
VEN-02424,0.8783940715366289,0,99.35570637160068,2025-12-31,2025-12-31,2025-12-31
VEN-02425,0.8797310645522737,0,91.97332293163788,2025-12-31,2025-12-31,2025-12-31
VEN-02426,0.7450315464842189,1,80.44830300680312,2025-12-31,2025-08-17,2025-12-31
VEN-02427,0.7945571505425935,0,100.0,2025-12-25,2025-12-31,2025-12-31
VEN-02428,0.8279916791772393,2,94.66961060754478,2025-06-14,2025-12-31,2025-12-31
VEN-02429,0.9883650872606224,0,100.0,2025-12-31,2025-12-31,2025-12-31
VEN-02430,0.8026559910340754,1,87.22750847013032,2025-12-31,2025-12-31,2025-12-31
VEN-02431,0.6061993592271053,0,92.82433437240152,2025-06-25,2025-12-31,2025-12-31
VEN-02432,0.7902230939669356,0,96.54218928289116,2025-12-31,2025-12-31,2025-12-31
VEN-02433,0.9472041920295936,0,100.0,2025-12-31,2025-12-31,2025-12-31
VEN-02434,0.785543962008117,0,89.30057625438052,2025-11-29,2025-12-22,2025-12-31
VEN-02435,0.9388201583096136,0,98.84327961275736,2025-12-31,2025-12-31,2025-09-04
VEN-02436,0.8251649799036231,1,87.48682730061024,2025-12-19,2025-08-01,2025-12-31
VEN-02437,0.8870050225256753,0,100.0,2025-11-03,2025-12-31,2025-12-31
VEN-02438,0.7454681429867214,0,74.61585884741453,2025-12-31,2025-12-31,2025-12-31
VEN-02439,0.8628731311713854,0,100.0,2025-09-24,2025-12-31,2025-12-31
VEN-02440,0.9004350318563449,0,87.63080523441405,2025-12-31,2025-12-31,2025-12-31
VEN-02441,0.7837160559192313,2,82.02520796552051,2025-12-31,2025-09-21,2025-12-31
VEN-02442,0.4883439331133439,2,100.0,2025-12-31,2025-12-31,2025-12-31
VEN-02443,0.9093523622328038,0,90.01377482662858,2025-12-31,2025-12-31,2025-12-06
VEN-02444,0.8105262575434952,0,93.18708656284667,2025-12-31,2025-08-05,2025-12-31
VEN-02445,0.7912436838371518,0,100.0,2025-12-31,2025-12-31,2025-12-31
VEN-02446,0.7303288635690863,0,97.9928256497953,2025-12-31,2025-12-31,2025-11-29
VEN-02447,0.8561194961186678,0,99.25415244339624,2025-12-31,2025-12-31,2025-12-31
VEN-02448,0.5175536604669828,1,96.11809873975128,2025-12-31,2025-12-31,2025-12-31
VEN-02449,0.8383978073202409,0,88.01056206199537,2025-12-31,2025-09-09,2025-12-31
VEN-02450,0.6767465740220544,0,97.55965580482308,2025-12-31,2025-12-31,2025-12-31
VEN-02451,0.8318756247691399,1,100.0,2025-12-17,2025-12-31,2025-12-15
VEN-02452,0.6581075187043789,0,99.7391668170998,2025-12-31,2025-12-31,2025-09-25
VEN-02453,0.8002050975527307,1,91.57181651271982,2025-12-31,2025-12-31,2025-12-31
VEN-02454,0.8342463564876461,2,91.20269654999204,2025-12-31,2025-12-31,2025-12-31
VEN-02455,0.6305887419195574,0,93.97911481953966,2025-12-31,2025-12-31,2025-12-31
VEN-02456,0.7128481719431724,0,85.62973470779254,2025-12-31,2025-12-31,2025-12-31
VEN-02457,0.8269039692718021,1,100.0,2025-12-31,2025-12-31,2025-12-31
VEN-02458,0.6276511657395366,0,88.67734975368232,2025-12-31,2025-12-20,2025-12-31
VEN-02459,0.8700870413002627,0,97.69736313353955,2025-12-31,2025-12-31,2025-12-31
VEN-02460,0.7758970095122418,2,100.0,2025-12-31,2025-12-31,2025-10-19
VEN-02461,0.6701439983914758,1,88.59681368757894,2025-07-20,2025-12-31,2025-12-31
VEN-02462,0.7528562184431106,0,90.34696823326892,2025-10-11,2025-12-31,2025-12-31
VEN-02463,0.8444245655960754,1,96.97377657055954,2025-12-31,2025-12-31,2025-12-31
VEN-02464,0.8873216109832786,0,100.0,2025-05-17,2025-12-31,2025-12-31
VEN-02465,0.9571506574379476,1,86.37301682791507,2025-09-04,2025-12-31,2025-12-31
VEN-02466,0.9538338360245052,0,98.50112098824114,2025-12-31,2025-12-31,2025-12-31
VEN-02467,0.8708321669195783,2,96.8981962269804,2025-07-04,2025-12-31,2025-12-21
VEN-02468,0.7417648664164896,0,84.15947750585758,2025-12-31,2025-12-31,2025-12-31
VEN-02469,0.7951506750247321,1,89.7606785520842,2025-12-31,2025-12-31,2025-12-31
VEN-02470,0.8668998459318795,2,100.0,2025-08-21,2025-12-31,2025-12-31
VEN-02471,0.9323412318121164,0,89.3691429732464,2025-12-31,2025-12-31,2025-12-31
VEN-02472,0.6308461383044958,0,79.9528412562489,2025-12-05,2025-12-31,2025-12-31
VEN-02473,0.7540832422088778,0,90.85714345329224,2025-11-26,2025-12-31,2025-12-31
VEN-02474,0.9417113257314672,0,100.0,2025-12-31,2025-12-31,2025-12-31
VEN-02475,0.7952564558154318,0,76.16959237832742,2025-07-01,2025-12-31,2025-12-31
VEN-02476,0.935766331340782,0,94.18498667352064,2025-12-31,2025-12-31,2025-12-31
VEN-02477,0.9916159337548522,1,97.44400457315014,2025-12-31,2025-10-27,2025-12-31
VEN-02478,0.968102995098606,2,93.7022322454433,2025-08-23,2025-12-31,2025-12-31
VEN-02479,0.5725970921230251,0,80.64490139867199,2025-06-19,2025-12-31,2025-12-31
VEN-02480,0.69629594963648,0,90.45854373541816,2025-12-31,2025-12-31,2025-12-31
VEN-02481,0.7320302799711965,0,87.87381103355666,2025-12-31,2025-12-31,2025-12-31
VEN-02482,0.9576521342066474,1,100.0,2025-12-31,2025-12-31,2025-12-31
VEN-02483,0.928342156714328,2,84.00463935495215,2025-12-31,2025-12-31,2025-12-31
VEN-02484,0.7727188507544284,0,98.383652563279,2025-12-31,2025-12-31,2025-12-31
VEN-02485,0.8992494410705232,0,84.45935168170017,2025-12-05,2025-12-31,2025-11-03
VEN-02486,0.8478606216733798,1,99.03671889293516,2025-12-31,2025-12-31,2025-11-27
VEN-02487,0.8989986979024943,0,90.15462620390304,2025-12-31,2025-12-31,2025-12-31
VEN-02488,0.5860929718624914,1,89.13942196091473,2025-12-31,2025-12-31,2025-12-31
VEN-02489,0.9130983742292176,0,100.0,2025-12-31,2025-08-01,2025-08-21
VEN-02490,0.8434709054259625,0,88.90990744508845,2025-12-31,2025-12-31,2025-12-31
VEN-02491,0.8139071158003167,1,80.66042868600215,2025-12-31,2025-12-31,2025-12-31
VEN-02492,0.691523671820185,0,87.21314141923015,2025-12-31,2025-12-31,2025-12-31
VEN-02493,0.847532229227611,2,93.1610726701018,2025-12-31,2025-12-31,2025-12-31
VEN-02494,0.7547322201419562,0,100.0,2025-12-31,2025-12-31,2025-12-31
VEN-02495,0.8051217705487215,0,78.28599539157409,2025-12-31,2025-12-31,2025-12-31
VEN-02496,0.346368647122342,1,91.16943446592664,2025-12-31,2025-12-31,2025-12-31
VEN-02497,0.8736799730357045,0,83.15882712454248,2025-12-31,2025-08-14,2025-08-14
VEN-02498,0.8884236053756348,1,78.08756382218719,2025-07-17,2025-12-31,2025-12-31
VEN-02499,0.8640676038351169,0,100.0,2025-12-31,2025-09-09,2025-12-31
VEN-02500,0.8874591755923369,1,93.04889042707718,2025-12-31,2025-12-31,2025-12-31
VEN-02501,0.8640660359018361,0,82.62948428172999,2025-12-31,2025-12-31,2025-09-06
VEN-02502,0.7508255582734024,1,90.04517450390335,2025-12-31,2025-12-31,2025-12-31
VEN-02503,0.8197408825303042,0,87.11523073986875,2025-05-11,2025-12-31,2025-12-31
VEN-02504,0.5955257072697271,1,86.3777694668247,2025-12-31,2025-12-31,2025-12-31
VEN-02505,0.7218458527072358,0,98.41495093794346,2025-12-31,2025-12-31,2025-12-31
VEN-02506,0.681198313824867,0,100.0,2025-12-31,2025-12-07,2025-12-31
VEN-02507,0.770168559984965,1,100.0,2025-11-05,2025-12-31,2025-10-11
VEN-02508,0.8631335171647322,0,84.53702618742348,2025-12-31,2025-12-31,2025-12-31
VEN-02509,0.7823625420641462,0,88.2515437936135,2025-12-31,2025-12-31,2025-12-14
VEN-02510,0.9523403523716923,1,88.3753148351104,2025-12-22,2025-12-31,2025-12-31
VEN-02511,0.895907987119037,1,97.86665378173014,2025-12-31,2025-10-30,2025-12-31
VEN-02512,0.8864179529404608,0,97.69287608752865,2025-12-31,2025-08-15,2025-12-31
VEN-02513,0.719407714512829,0,86.15590813680511,2025-12-31,2025-12-31,2025-12-31
VEN-02514,0.7174358623965994,1,96.77516352593288,2025-12-31,2025-12-31,2025-08-23
VEN-02515,0.9438680084078442,0,99.37060229174186,2025-12-31,2025-11-07,2025-12-31
VEN-02516,0.7697947061256118,0,96.2600316702993,2025-12-31,2025-12-19,2025-12-31
VEN-02517,0.8883960366964575,1,87.33670835427652,2025-05-18,2025-12-15,2025-11-23
VEN-02518,0.91727428327008,0,100.0,2025-08-23,2025-12-31,2025-12-31
VEN-02519,0.824352519584209,1,99.2091470129974,2025-09-22,2025-12-31,2025-12-31
VEN-02520,0.6508246161261364,0,93.5000814058835,2025-11-30,2025-12-31,2025-12-31
VEN-02521,0.7888266150446479,1,100.0,2025-12-31,2025-12-31,2025-10-07
VEN-02522,0.6495993578411239,1,100.0,2025-12-31,2025-12-31,2025-12-31
VEN-02523,0.7160297557175118,1,100.0,2025-12-31,2025-12-31,2025-12-31
VEN-02524,0.9045222627729704,0,95.38160027347588,2025-12-31,2025-12-31,2025-12-31
VEN-02525,0.9383460018302956,1,95.41758747125476,2025-12-31,2025-10-22,2025-12-31
VEN-02526,0.6155562267723095,1,82.35298078855571,2025-08-21,2025-07-14,2025-12-31
VEN-02527,0.8622185152665608,2,99.33477639860143,2025-05-18,2025-12-31,2025-08-10
VEN-02528,0.8442600183962159,0,92.22247787964592,2025-12-31,2025-12-31,2025-12-31
VEN-02529,0.8047661375902357,0,93.82558126455648,2025-10-23,2025-12-31,2025-12-31
VEN-02530,0.8221851416184025,0,81.65609631847047,2025-11-01,2025-12-31,2025-09-10
VEN-02531,0.8543489903068221,1,86.11973395642087,2025-09-13,2025-12-31,2025-12-31
VEN-02532,0.9525102460578628,1,91.81850543057584,2025-11-18,2025-12-31,2025-12-31
VEN-02533,0.7532551378643038,0,82.47846031261177,2025-12-31,2025-12-31,2025-12-31
VEN-02534,0.9037783977294837,0,100.0,2025-12-31,2025-12-31,2025-12-31
VEN-02535,0.840842358329299,1,97.44610671009744,2025-12-31,2025-12-31,2025-12-31
VEN-02536,0.7369879798018927,0,99.86095895016363,2025-12-31,2025-10-26,2025-10-12
VEN-02537,0.7995686797911004,1,93.04424756285442,2025-06-27,2025-12-31,2025-12-31
VEN-02538,0.938181254640442,0,100.0,2025-06-22,2025-12-31,2025-12-31
VEN-02539,0.8959210947023007,0,100.0,2025-12-31,2025-08-12,2025-12-31
VEN-02540,0.6510163219589549,1,92.66012768254804,2025-12-31,2025-12-31,2025-12-31
VEN-02541,0.7390692667464452,0,94.42386966132406,2025-12-31,2025-12-31,2025-12-31
VEN-02542,0.7033152978388211,2,93.5029153198889,2025-12-31,2025-12-31,2025-12-31
VEN-02543,0.803164038633875,0,88.03228758902914,2025-12-31,2025-11-10,2025-12-31
VEN-02544,0.9423709198616772,0,80.63630427479225,2025-08-29,2025-12-31,2025-12-31
VEN-02545,0.7917712174110664,0,91.04129354757598,2025-12-31,2025-11-18,2025-12-31
VEN-02546,0.6380379697126002,2,100.0,2025-08-01,2025-12-31,2025-12-31
VEN-02547,0.8031781297717636,0,94.55654378791664,2025-12-31,2025-12-31,2025-12-31
VEN-02548,0.7665826586542528,2,88.84606376024549,2025-12-31,2025-09-09,2025-12-31
VEN-02549,0.8687225530671701,1,100.0,2025-12-31,2025-12-31,2025-12-31
VEN-02550,0.5661864268690768,0,97.55674471344956,2025-12-31,2025-12-31,2025-12-31
VEN-02551,0.6806515404789665,0,100.0,2025-12-31,2025-12-03,2025-12-31
VEN-02552,0.859148153277142,0,99.95743936751686,2025-12-31,2025-12-31,2025-12-31
VEN-02553,0.9275499850628408,0,98.3911234247509,2025-12-31,2025-12-31,2025-12-31
VEN-02554,0.7243405336943783,0,91.34571055328333,2025-12-31,2025-08-23,2025-12-31
VEN-02555,0.779924703127159,2,100.0,2025-12-31,2025-12-31,2025-12-31
VEN-02556,0.919934072259634,0,85.0624880582087,2025-11-28,2025-12-31,2025-12-31
VEN-02557,0.7384515729345751,1,95.05651254974914,2025-07-10,2025-12-31,2025-12-31
VEN-02558,0.7634346019219306,1,93.20973590167976,2025-12-31,2025-12-31,2025-09-03
VEN-02559,0.8231976518531673,1,98.98928850852528,2025-12-31,2025-12-31,2025-12-31
VEN-02560,0.775203878599112,1,97.3332331080855,2025-12-31,2025-12-31,2025-12-31
VEN-02561,0.8255176121407363,1,95.51303479954944,2025-08-15,2025-12-31,2025-12-31
VEN-02562,0.8551417993866659,1,100.0,2025-12-31,2025-12-31,2025-12-31
VEN-02563,0.6949827146347718,1,100.0,2025-12-31,2025-12-31,2025-12-31
VEN-02564,0.59583556692569,0,100.0,2025-12-31,2025-12-31,2025-12-31
VEN-02565,0.6219459875113695,2,100.0,2025-06-17,2025-12-31,2025-09-11
VEN-02566,0.5803309631760545,1,97.93119458936609,2025-12-31,2025-12-31,2025-12-31
VEN-02567,0.7364609109278465,0,100.0,2025-09-02,2025-12-27,2025-12-31
VEN-02568,0.8563305403521912,0,97.91673779071613,2025-07-21,2025-12-31,2025-12-31
VEN-02569,0.8972971580693099,0,100.0,2025-12-31,2025-09-28,2025-12-31
VEN-02570,0.7388329133700502,0,93.41364113518785,2025-12-31,2025-12-31,2025-12-31
VEN-02571,0.7364426743857642,0,96.2358567827532,2025-12-31,2025-12-31,2025-12-30
VEN-02572,0.746297684015052,0,100.0,2025-12-31,2025-12-31,2025-12-31
VEN-02573,0.7691082293206541,1,100.0,2025-12-31,2025-12-31,2025-12-31
VEN-02574,0.7072246252938379,0,100.0,2025-12-31,2025-12-31,2025-12-31
VEN-02575,0.6652827880871197,0,94.53708315410594,2025-12-31,2025-12-31,2025-11-27
VEN-02576,0.9711800618886588,3,95.1193446972022,2025-12-31,2025-12-31,2025-12-31
VEN-02577,0.8619936031707084,3,86.99565599759961,2025-12-31,2025-12-31,2025-11-09
VEN-02578,0.9156217816304496,2,94.54608006868672,2025-12-31,2025-12-31,2025-08-06
VEN-02579,0.9211253573401296,1,95.8238075945478,2025-12-31,2025-12-31,2025-12-31
VEN-02580,0.8990847603203173,0,96.8416988536356,2025-08-04,2025-12-25,2025-12-31
VEN-02581,0.5059989486637193,0,84.827013735491,2025-12-31,2025-12-31,2025-12-31
VEN-02582,0.9269623930615998,1,100.0,2025-12-31,2025-12-31,2025-12-31
VEN-02583,0.7649781213740222,0,91.42448663992695,2025-12-31,2025-12-07,2025-12-31
VEN-02584,0.6872186830782258,0,82.87846733595266,2025-12-31,2025-12-31,2025-12-31
VEN-02585,0.7002234352039529,1,87.88858589412828,2025-12-31,2025-12-31,2025-12-31
VEN-02586,0.864048573345744,1,85.9385467295717,2025-12-31,2025-12-31,2025-12-31
VEN-02587,0.8822832431436296,0,88.65984258379706,2025-12-31,2025-12-31,2025-12-31
VEN-02588,0.7979016855916132,0,97.67250445093256,2025-08-25,2025-12-31,2025-12-31
VEN-02589,0.933233804463186,1,100.0,2025-12-31,2025-12-31,2025-12-31
VEN-02590,0.8891478993913821,1,91.82814144131493,2025-12-31,2025-12-31,2025-12-31
VEN-02591,0.5070483650265583,0,74.20956918591179,2025-12-31,2025-12-31,2025-12-06
VEN-02592,0.9093243791505122,0,83.1164984074344,2025-12-31,2025-12-31,2025-12-31
VEN-02593,0.6269808507231522,0,97.6244097366823,2025-06-26,2025-12-31,2025-12-31
VEN-02594,0.6656313182745297,2,85.07457900672982,2025-12-31,2025-12-31,2025-12-31
VEN-02595,0.6637395465836653,0,93.34145629358883,2025-06-02,2025-12-31,2025-12-31
VEN-02596,0.4787543664215548,1,84.04533795154693,2025-12-31,2025-12-31,2025-12-31
VEN-02597,0.5316989084408125,0,93.0641003785584,2025-12-31,2025-11-07,2025-12-31
VEN-02598,0.9113355912151088,2,91.7422208042585,2025-10-18,2025-12-31,2025-12-31
VEN-02599,0.4392214222034726,0,92.40718561205504,2025-12-31,2025-12-31,2025-12-31
VEN-02600,0.9482590915306262,0,90.4712374036312,2025-11-17,2025-12-31,2025-08-24
VEN-02601,0.681273741034389,0,82.31237650449849,2025-12-31,2025-12-31,2025-09-15
VEN-02602,0.756019918534937,0,100.0,2025-06-21,2025-12-31,2025-12-31
VEN-02603,0.9055056670221836,1,92.12206960246826,2025-12-31,2025-12-31,2025-12-31
VEN-02604,0.8303016210180785,0,100.0,2025-12-31,2025-12-31,2025-12-31
VEN-02605,0.7859077037466122,2,94.88680759512896,2025-12-31,2025-11-02,2025-12-31
VEN-02606,0.8798096711513302,0,98.48764585214028,2025-12-31,2025-12-31,2025-12-31
VEN-02607,0.9598373098593432,0,91.56864012845728,2025-12-31,2025-12-31,2025-12-31
VEN-02608,0.7689772602129501,1,93.49626100193068,2025-12-31,2025-12-31,2025-08-15
VEN-02609,0.8899635490214856,1,88.1403395294061,2025-12-31,2025-10-13,2025-12-31
VEN-02610,0.9053016324513744,3,94.30270914746782,2025-12-31,2025-12-31,2025-09-26
VEN-02611,0.6048275466866779,0,96.02508712423068,2025-12-31,2025-12-31,2025-08-14
VEN-02612,0.8710102366477454,0,84.34384252411553,2025-05-21,2025-12-31,2025-11-15
VEN-02613,0.933961404030748,2,96.19271129354908,2025-11-18,2025-12-31,2025-12-31
VEN-02614,0.844694574471105,0,99.91813208445282,2025-12-31,2025-12-31,2025-12-31
VEN-02615,0.781271851277059,1,100.0,2025-12-31,2025-12-31,2025-12-31
VEN-02616,0.7946427861949117,0,93.8202505830836,2025-07-02,2025-12-31,2025-12-31
VEN-02617,0.8733630711098677,1,91.54065336562373,2025-05-23,2025-12-31,2025-12-31
VEN-02618,0.8357278875661817,0,80.67966911614587,2025-07-27,2025-11-30,2025-12-31
VEN-02619,0.8326775969560402,0,90.71722986476117,2025-12-19,2025-12-31,2025-12-31
VEN-02620,0.8502069092640583,0,99.30584341078576,2025-12-31,2025-12-31,2025-12-31
VEN-02621,0.8252685551696829,1,92.16560866856618,2025-12-31,2025-12-31,2025-10-23
VEN-02622,0.7811848972836396,1,75.60615916990535,2025-05-12,2025-12-31,2025-12-31
VEN-02623,0.8673197656132119,0,91.5563083248441,2025-12-31,2025-12-31,2025-12-31
VEN-02624,0.9331726284173094,0,93.41520792864368,2025-12-31,2025-12-31,2025-08-16
VEN-02625,0.8156951346513074,1,94.56138003260124,2025-12-31,2025-12-31,2025-12-31
VEN-02626,0.7584052878795228,0,100.0,2025-12-31,2025-12-31,2025-10-25
VEN-02627,0.8744138861051471,0,98.57549016663776,2025-09-06,2025-12-31,2025-12-31
VEN-02628,0.812943420092833,0,87.45937325860004,2025-12-31,2025-10-04,2025-12-31
VEN-02629,0.8629394261538956,0,93.12222612323266,2025-12-31,2025-12-31,2025-12-31
VEN-02630,0.8847370849668739,0,87.20453491778186,2025-12-31,2025-12-31,2025-12-31
VEN-02631,0.6749164583363693,1,97.95003564828616,2025-12-31,2025-12-31,2025-12-31
VEN-02632,0.7415929879398492,1,93.18456769091496,2025-12-31,2025-12-31,2025-12-31
VEN-02633,0.926764485910717,1,95.846729063142,2025-11-30,2025-12-31,2025-12-31
VEN-02634,0.6986877624455182,1,90.16426793726612,2025-12-31,2025-12-31,2025-11-03
VEN-02635,0.937131329608079,0,80.14639019511405,2025-12-31,2025-12-31,2025-12-31
VEN-02636,0.6399907860934736,1,94.75240227105274,2025-12-31,2025-10-18,2025-12-31
VEN-02637,0.9145682782170584,0,97.05115740840506,2025-12-31,2025-12-31,2025-09-21
VEN-02638,0.8779121243371647,1,100.0,2025-12-31,2025-12-31,2025-12-31
VEN-02639,0.7717465560640336,1,95.19440278812276,2025-12-31,2025-12-31,2025-12-31
VEN-02640,0.6367776269864078,0,91.38322788474554,2025-12-31,2025-12-31,2025-12-31
VEN-02641,0.8593243395632587,0,100.0,2025-12-31,2025-12-31,2025-12-31
VEN-02642,0.7595210712960708,1,92.4161023110582,2025-12-31,2025-10-02,2025-12-31
VEN-02643,0.695894656542599,1,89.8485430018068,2025-12-31,2025-12-31,2025-12-31
VEN-02644,0.8031722007885138,1,94.09731865714456,2025-12-31,2025-12-31,2025-12-31
VEN-02645,0.940115281292423,0,93.37382336636811,2025-12-31,2025-12-31,2025-12-31
VEN-02646,0.8101178646719053,1,88.65998024366402,2025-05-28,2025-12-31,2025-12-31
VEN-02647,0.9806324883699734,1,85.13094139847475,2025-12-31,2025-12-17,2025-10-05
VEN-02648,0.649381019414381,1,94.32868646740997,2025-07-25,2025-12-31,2025-12-31
VEN-02649,0.8605156420379179,0,81.30212066778749,2025-12-31,2025-12-31,2025-12-31
VEN-02650,0.9269042125446598,0,90.76161397784604,2025-12-31,2025-12-31,2025-12-31
VEN-02651,0.81624253240592,0,90.93713382702332,2025-12-31,2025-12-31,2025-12-31
VEN-02652,0.8699852770300528,0,93.751586058323,2025-12-31,2025-12-31,2025-12-31
VEN-02653,0.9298116686665544,0,95.197233465993,2025-05-11,2025-12-31,2025-12-31
VEN-02654,0.9650061243938352,0,90.48629654548633,2025-12-26,2025-12-31,2025-10-29
VEN-02655,0.9363840517149388,0,92.40916494294105,2025-12-31,2025-11-25,2025-12-31
VEN-02656,0.7712362307610634,0,95.50454387501738,2025-12-31,2025-12-31,2025-12-31
VEN-02657,0.8275080919849271,1,93.04716449091272,2025-12-31,2025-08-26,2025-12-31
VEN-02658,0.45460814593938,0,88.45053048079014,2025-12-31,2025-12-31,2025-12-31
VEN-02659,0.7703172915375891,0,94.31010652929766,2025-12-19,2025-12-31,2025-12-31
VEN-02660,0.7795482893790652,4,100.0,2025-12-31,2025-12-31,2025-11-26
VEN-02661,0.5881159798902618,0,94.87886577591262,2025-12-31,2025-12-31,2025-10-25
VEN-02662,0.8747274554089591,1,95.94813653689576,2025-07-13,2025-12-31,2025-12-31
VEN-02663,0.8951393722313405,2,89.54317150703314,2025-12-31,2025-12-31,2025-12-31
VEN-02664,0.7811512234404133,0,90.76391443482268,2025-12-31,2025-12-31,2025-12-31
VEN-02665,0.8704813405630865,2,88.49329643429326,2025-12-31,2025-12-31,2025-12-31
VEN-02666,0.9492664038365524,0,92.88957034631812,2025-12-31,2025-12-31,2025-12-31
VEN-02667,0.920535705250932,0,99.85217777840175,2025-12-31,2025-12-31,2025-12-31
VEN-02668,0.4887551621664948,1,92.82511888576828,2025-05-12,2025-12-31,2025-12-31
VEN-02669,0.6926011749460493,0,100.0,2025-12-31,2025-12-31,2025-12-31
VEN-02670,0.9400280701738616,1,94.34981082301286,2025-12-31,2025-12-31,2025-10-22
VEN-02671,0.8690294869797934,0,87.12241599153114,2025-12-31,2025-07-31,2025-12-23
VEN-02672,0.6913438431834179,1,94.15902790629376,2025-07-18,2025-12-31,2025-12-31
VEN-02673,0.8287637910227843,0,87.05249376212755,2025-12-31,2025-12-31,2025-12-31
VEN-02674,0.7189011727335641,0,87.79521967935099,2025-12-31,2025-10-12,2025-12-31
VEN-02675,0.9524656633252728,1,91.22869651453657,2025-05-16,2025-12-31,2025-10-16
VEN-02676,0.678747012085397,0,100.0,2025-12-31,2025-07-24,2025-12-31
VEN-02677,0.7911346840735232,0,100.0,2025-11-19,2025-12-17,2025-12-31
VEN-02678,0.6835565577947877,1,85.00591358230095,2025-08-30,2025-12-31,2025-12-31
VEN-02679,0.7460016608944297,1,93.22320138793276,2025-12-31,2025-09-19,2025-12-31
VEN-02680,0.6668479440782663,0,100.0,2025-12-31,2025-09-12,2025-12-31
VEN-02681,0.7990167413404714,0,97.9013916621889,2025-12-31,2025-12-31,2025-12-31
VEN-02682,0.6113408120786279,1,93.39739324386387,2025-05-19,2025-12-31,2025-12-31
VEN-02683,0.4671476034009273,1,79.66198313432001,2025-12-31,2025-12-31,2025-09-18
VEN-02684,0.8987469709170146,1,85.1572420370156,2025-08-04,2025-12-31,2025-12-31
VEN-02685,0.925716519329312,1,92.46603877346077,2025-12-31,2025-12-31,2025-12-31
VEN-02686,0.7495579152493441,1,100.0,2025-09-26,2025-12-31,2025-10-31
VEN-02687,0.6982832348331275,1,100.0,2025-12-31,2025-12-31,2025-08-22
VEN-02688,0.9475448909178972,0,89.682571303512,2025-12-31,2025-12-31,2025-12-31
VEN-02689,0.8789646839153096,0,100.0,2025-09-04,2025-12-31,2025-12-31
VEN-02690,0.4321638926627666,1,87.49727974075809,2025-12-31,2025-12-31,2025-12-31
VEN-02691,0.8875729533290978,0,98.6217306088791,2025-12-31,2025-12-31,2025-12-31
VEN-02692,0.9159657745178726,0,75.26325586241333,2025-12-31,2025-12-31,2025-12-31
VEN-02693,0.8372883894356864,3,85.52574643032227,2025-12-31,2025-12-31,2025-12-31
VEN-02694,0.9167277804868758,1,85.02743142784988,2025-12-31,2025-12-31,2025-09-02
VEN-02695,0.8010175497710776,0,81.33991419751236,2025-07-02,2025-12-31,2025-09-05
VEN-02696,0.8333997644674305,0,95.63817519086209,2025-11-10,2025-12-31,2025-12-31
VEN-02697,0.8814177527939281,0,86.28357268410167,2025-12-31,2025-12-31,2025-09-29
VEN-02698,0.7239663732223601,2,85.84543534158017,2025-12-31,2025-12-31,2025-12-31
VEN-02699,0.713959705189135,1,93.0374967285476,2025-12-31,2025-12-31,2025-09-28
VEN-02700,0.6954940148607376,0,83.64470059347074,2025-12-31,2025-12-23,2025-12-31
VEN-02701,0.6443000874656986,1,83.66661342832641,2025-12-31,2025-10-13,2025-12-31
VEN-02702,0.6660361783914195,1,97.55009375777568,2025-12-31,2025-11-24,2025-12-31
VEN-02703,0.8890955582969273,0,97.54831227947008,2025-12-31,2025-12-31,2025-12-31
VEN-02704,0.9095852105478271,1,100.0,2025-07-20,2025-12-31,2025-12-31
VEN-02705,0.7876222536831426,1,100.0,2025-12-31,2025-12-31,2025-12-31
VEN-02706,0.9135745650336096,0,84.5902513366672,2025-12-31,2025-12-31,2025-12-31
VEN-02707,0.864633693541307,0,94.04461098291108,2025-12-31,2025-12-31,2025-12-31
VEN-02708,0.679938229942902,1,100.0,2025-12-31,2025-12-31,2025-12-31
VEN-02709,0.8103207980387215,1,99.95419181306542,2025-12-31,2025-12-31,2025-12-31
VEN-02710,0.7600199337295457,0,85.29831522533726,2025-12-31,2025-12-31,2025-08-20
VEN-02711,0.7543349738325829,0,97.97220949915126,2025-05-31,2025-12-31,2025-12-31
VEN-02712,0.7810761192762568,1,88.05995219251874,2025-12-31,2025-12-31,2025-12-31
VEN-02713,0.8420658318214432,2,91.42835343591722,2025-12-31,2025-12-31,2025-12-31
VEN-02714,0.6714373322768461,0,97.46430328392417,2025-12-31,2025-12-31,2025-12-31
VEN-02715,0.823086734491397,0,97.60496964949525,2025-12-31,2025-12-31,2025-12-31
VEN-02716,0.843491113592255,0,91.45428464436036,2025-11-18,2025-12-31,2025-12-31
VEN-02717,0.8252099133849075,0,80.87200110391713,2025-12-31,2025-12-31,2025-09-04
VEN-02718,0.7676792161959342,0,91.38567431946238,2025-12-31,2025-12-31,2025-12-31
VEN-02719,0.8193001211500193,0,94.24009705525732,2025-12-31,2025-12-31,2025-10-23
VEN-02720,0.9109980551166867,0,76.68044481307106,2025-06-08,2025-12-31,2025-12-31
VEN-02721,0.9543882136643216,0,90.68695757970778,2025-12-31,2025-12-31,2025-12-31
VEN-02722,0.8098800263769329,0,87.4733298500741,2025-12-31,2025-12-31,2025-12-31
VEN-02723,0.7585602099686538,0,90.32088505148462,2025-09-30,2025-12-31,2025-12-31
VEN-02724,0.6992826785573417,0,89.36834580606839,2025-06-09,2025-09-21,2025-12-31
VEN-02725,0.8126846454222387,1,78.56178171173103,2025-12-12,2025-12-31,2025-12-31
VEN-02726,0.8279469713948829,0,89.21632425235224,2025-12-31,2025-12-31,2025-12-31
VEN-02727,0.9813844746001702,0,88.96189480915346,2025-12-31,2025-12-31,2025-12-31
VEN-02728,0.8812250737047393,1,96.59613539834454,2025-12-25,2025-12-31,2025-12-31
VEN-02729,0.804747897355265,0,82.25272162171055,2025-12-31,2025-12-31,2025-08-30
VEN-02730,0.8784684771638032,0,93.80605147677744,2025-12-31,2025-12-31,2025-12-31
VEN-02731,0.9237846203320936,0,84.90788017626781,2025-12-31,2025-10-15,2025-12-31
VEN-02732,0.9474484719391566,1,97.53931794055964,2025-12-31,2025-12-31,2025-12-31
VEN-02733,0.732492562927313,1,100.0,2025-12-31,2025-12-31,2025-12-31
VEN-02734,0.702832206973615,0,100.0,2025-12-31,2025-09-15,2025-11-22
VEN-02735,0.7943021927967934,0,100.0,2025-12-31,2025-12-31,2025-12-31
VEN-02736,0.927278935710704,0,70.52038740360207,2025-12-31,2025-12-31,2025-12-31
VEN-02737,0.883544640130009,0,87.61961258253619,2025-12-31,2025-12-31,2025-12-31
VEN-02738,0.814772385148228,1,100.0,2025-12-31,2025-12-31,2025-12-31
VEN-02739,0.8017281995780036,0,85.60507078623368,2025-12-31,2025-12-31,2025-08-10
VEN-02740,0.4792969458210348,0,100.0,2025-12-31,2025-12-31,2025-09-26
VEN-02741,0.5800102320022964,0,94.51881516188573,2025-12-31,2025-12-31,2025-12-31
VEN-02742,0.96296606269601,2,95.48015423697598,2025-12-31,2025-12-31,2025-12-31
VEN-02743,0.8024156735650021,1,89.16604631109576,2025-05-20,2025-12-31,2025-12-31
VEN-02744,0.8582724124911636,0,100.0,2025-12-31,2025-12-31,2025-11-27
VEN-02745,0.941182658621242,0,100.0,2025-12-31,2025-12-31,2025-12-31
VEN-02746,0.849775859796285,1,95.51206919596014,2025-12-31,2025-12-31,2025-11-27
VEN-02747,0.925355333759434,2,76.41733330494321,2025-12-31,2025-12-31,2025-11-21
VEN-02748,0.7337956689531391,0,85.43562632369013,2025-12-31,2025-12-31,2025-12-31
VEN-02749,0.7091689260038496,0,73.96376264890985,2025-12-31,2025-12-31,2025-12-31
VEN-02750,0.7526371659279846,0,100.0,2025-12-31,2025-12-31,2025-10-12
VEN-02751,0.5807020720640628,0,100.0,2025-12-31,2025-12-31,2025-12-31
VEN-02752,0.9645567649213233,2,90.34033745941866,2025-12-31,2025-12-31,2025-12-31
VEN-02753,0.6638449234699652,0,93.81541242515785,2025-06-22,2025-10-08,2025-12-31
VEN-02754,0.9262145484120538,1,91.7194340917807,2025-12-31,2025-12-31,2025-12-31
VEN-02755,0.8649069438130864,1,100.0,2025-07-08,2025-12-31,2025-12-31
VEN-02756,0.8795910399385162,0,94.5517503661514,2025-08-25,2025-12-31,2025-12-16
VEN-02757,0.565801545909033,0,89.47464249987453,2025-12-31,2025-12-31,2025-12-31
VEN-02758,0.7718437829249263,1,93.41985220911914,2025-12-31,2025-07-31,2025-12-31
VEN-02759,0.8338307943190564,1,94.15304926634283,2025-12-31,2025-12-31,2025-12-31
VEN-02760,0.6251622106700577,1,96.79129603426124,2025-12-31,2025-12-31,2025-08-19
VEN-02761,0.895846440935766,1,86.77953601565382,2025-12-31,2025-12-31,2025-12-31
VEN-02762,0.907552510525985,0,86.14382063320224,2025-05-09,2025-12-31,2025-08-08
VEN-02763,0.780450309112947,0,79.05173754914289,2025-12-31,2025-12-31,2025-12-31
VEN-02764,0.7624562959456216,0,87.2884623852234,2025-12-31,2025-12-31,2025-12-31
VEN-02765,0.841300785374066,0,97.75936762814798,2025-12-31,2025-12-31,2025-12-31
VEN-02766,0.8664961746400187,1,96.115755608718,2025-12-31,2025-12-31,2025-12-31
VEN-02767,0.880609884040528,2,100.0,2025-12-31,2025-12-31,2025-12-31
VEN-02768,0.7878241416405882,0,70.6285895464376,2025-12-31,2025-12-31,2025-12-31
VEN-02769,0.8818910415603524,0,97.8084118590448,2025-12-31,2025-12-31,2025-12-31
VEN-02770,0.8280429940580827,1,90.90950033968296,2025-12-31,2025-12-31,2025-12-31
VEN-02771,0.7521882143726346,0,93.35797229667948,2025-12-31,2025-12-31,2025-12-31
VEN-02772,0.9680292699820154,1,91.33692877563884,2025-10-05,2025-09-05,2025-12-31
VEN-02773,0.5955501774224998,2,91.29592562890323,2025-12-31,2025-12-31,2025-12-31
VEN-02774,0.6858649554884065,0,93.60667085458964,2025-12-31,2025-12-31,2025-12-31
VEN-02775,0.7947949769820645,1,100.0,2025-07-01,2025-07-16,2025-12-31
VEN-02776,0.9752849547043442,0,100.0,2025-12-31,2025-09-16,2025-12-31
VEN-02777,0.9607841357579484,0,82.94075023853911,2025-12-31,2025-12-31,2025-12-31
VEN-02778,0.5935463897295022,2,96.4984344238505,2025-05-30,2025-12-31,2025-12-31
VEN-02779,0.754998074892729,1,86.8510181901639,2025-12-31,2025-12-31,2025-12-31
VEN-02780,0.9264641798903978,0,94.16146464851089,2025-09-13,2025-12-31,2025-12-31
VEN-02781,0.7186226718575768,0,94.1900666869018,2025-12-31,2025-08-01,2025-12-31
VEN-02782,0.6102156861170126,0,99.17039826324456,2025-12-31,2025-12-31,2025-12-31
VEN-02783,0.8336292351641815,2,82.46309323190383,2025-07-20,2025-12-31,2025-12-31
VEN-02784,0.8085310689598603,1,97.70620923676178,2025-09-26,2025-12-31,2025-12-31
VEN-02785,0.9872541665622496,1,94.8341317762489,2025-07-07,2025-12-31,2025-12-31
VEN-02786,0.7882186395292755,1,100.0,2025-12-31,2025-12-31,2025-12-31
VEN-02787,0.8613631259648107,2,89.79710665738644,2025-12-31,2025-12-31,2025-12-31
VEN-02788,0.9356418908979238,0,98.47916861289872,2025-12-31,2025-12-31,2025-12-31
VEN-02789,0.94925530931809,0,84.96846795372475,2025-12-13,2025-12-31,2025-12-24
VEN-02790,0.9037100885844492,1,87.00500241198768,2025-12-31,2025-12-31,2025-12-31
VEN-02791,0.9505631760749874,1,95.32186317990636,2025-05-28,2025-12-31,2025-12-31
VEN-02792,0.7955254087137037,1,86.4119642869005,2025-12-31,2025-12-31,2025-12-31
VEN-02793,0.7404985062289724,0,97.21013135386222,2025-12-31,2025-12-31,2025-12-31
VEN-02794,0.3925075299189942,0,75.73958412173873,2025-12-31,2025-12-31,2025-09-15
VEN-02795,0.6666000292140579,5,93.45611205355225,2025-12-31,2025-12-31,2025-12-31
VEN-02796,0.791949225201294,2,93.74577318196803,2025-09-16,2025-10-12,2025-12-31
VEN-02797,0.6621402803812737,1,90.1261405610235,2025-12-31,2025-12-31,2025-12-31
VEN-02798,0.88914369292006,1,100.0,2025-12-31,2025-10-21,2025-12-31
VEN-02799,0.7295827153039884,0,95.70370319020576,2025-12-31,2025-12-31,2025-12-31
VEN-02800,0.843897412466302,0,90.22227674422268,2025-12-31,2025-12-31,2025-12-31
VEN-02801,0.7084102791950544,2,88.57615798022496,2025-12-31,2025-12-31,2025-12-31
VEN-02802,0.6551920568867541,1,94.28615650863168,2025-12-31,2025-12-31,2025-12-31
VEN-02803,0.988422546085572,0,93.73852278731272,2025-12-31,2025-12-31,2025-12-31
VEN-02804,0.8395706424724604,1,92.45815806651468,2025-09-21,2025-12-31,2025-12-31
VEN-02805,0.8935666084196945,2,99.68613867087036,2025-09-08,2025-08-16,2025-12-31
VEN-02806,0.7077612666488381,0,85.66942450340625,2025-06-20,2025-12-31,2025-12-31
VEN-02807,0.877486656603908,0,92.36313001810906,2025-12-31,2025-12-31,2025-12-31
VEN-02808,0.9045106176900872,0,100.0,2025-12-31,2025-12-31,2025-12-31
VEN-02809,0.8846386666335164,1,92.23032940591808,2025-12-31,2025-12-25,2025-09-10
VEN-02810,0.9077616253347436,1,88.83394642656467,2025-12-31,2025-12-31,2025-09-09
VEN-02811,0.9402324962426308,0,92.56385104757614,2025-12-31,2025-12-31,2025-08-22
VEN-02812,0.808904680586592,1,89.89011400733902,2025-09-14,2025-11-26,2025-12-18
VEN-02813,0.8878373880243899,0,91.39623632976794,2025-09-26,2025-12-31,2025-12-31
VEN-02814,0.8155199532722243,1,98.11013221621435,2025-12-31,2025-12-31,2025-12-31
VEN-02815,0.8997186294739877,3,95.64479310707276,2025-06-22,2025-12-31,2025-08-26
VEN-02816,0.5453479723012525,0,77.6930400318951,2025-09-07,2025-12-31,2025-12-31
VEN-02817,0.8983909592499083,2,100.0,2025-12-31,2025-12-31,2025-12-31
VEN-02818,0.479905584686703,0,91.33345215788998,2025-12-31,2025-12-31,2025-12-31
VEN-02819,0.9229778292012384,1,88.08131088673886,2025-07-11,2025-12-31,2025-12-31
VEN-02820,0.8851367121447575,0,97.29696091061348,2025-11-12,2025-11-18,2025-11-13
VEN-02821,0.7439841059206531,1,100.0,2025-12-31,2025-12-31,2025-12-31
VEN-02822,0.9550197253751268,0,100.0,2025-12-31,2025-12-31,2025-12-31
VEN-02823,0.8467952560217967,0,92.26639502803482,2025-12-31,2025-12-31,2025-12-31
VEN-02824,0.7151611194839634,2,96.14599693795004,2025-09-03,2025-12-31,2025-12-31
VEN-02825,0.7397689344283579,0,93.1081629492586,2025-06-07,2025-12-31,2025-12-31
VEN-02826,0.8305985582029195,0,83.05038125339723,2025-12-31,2025-12-31,2025-12-31
VEN-02827,0.7388477176999515,0,87.75308267434322,2025-12-31,2025-12-31,2025-10-27
VEN-02828,0.8155285405581815,0,81.69044507106537,2025-12-31,2025-12-31,2025-12-31
VEN-02829,0.862952661347785,2,100.0,2025-12-31,2025-12-31,2025-12-31
VEN-02830,0.8552158287464962,0,87.61888049025227,2025-12-31,2025-08-03,2025-12-31
VEN-02831,0.8279555251817083,1,95.59098194458802,2025-12-31,2025-12-12,2025-12-31
VEN-02832,0.947152462885422,0,99.5533896042378,2025-12-31,2025-12-31,2025-12-31
VEN-02833,0.6925129127378452,1,93.71712975325018,2025-12-31,2025-12-31,2025-12-31
VEN-02834,0.9335804232691106,0,96.9989727823145,2025-12-31,2025-11-29,2025-12-31
VEN-02835,0.9629778901593652,0,89.54222769118361,2025-12-31,2025-10-16,2025-12-31
VEN-02836,0.582963893711771,1,97.70905079681948,2025-12-31,2025-12-31,2025-12-31
VEN-02837,0.9193484084812134,0,86.40975516631511,2025-12-31,2025-12-08,2025-08-09
VEN-02838,0.7700172922802241,1,90.40395495889456,2025-10-14,2025-10-01,2025-12-31
VEN-02839,0.5962002334200021,1,99.99022943898372,2025-09-01,2025-12-31,2025-12-31
VEN-02840,0.9630475871029186,1,89.37552853589794,2025-12-31,2025-12-31,2025-12-31
VEN-02841,0.8884905769303774,0,98.984206439854,2025-12-31,2025-12-31,2025-12-31
VEN-02842,0.7459862600835819,1,86.39000904933624,2025-12-31,2025-12-31,2025-11-13
VEN-02843,0.7008296960408861,0,100.0,2025-10-13,2025-12-31,2025-11-23
VEN-02844,0.8956646071329342,2,100.0,2025-12-31,2025-12-31,2025-12-31
VEN-02845,0.7042318423556035,0,92.7453989641886,2025-12-31,2025-12-31,2025-12-31
VEN-02846,0.870966630884613,0,100.0,2025-12-31,2025-12-31,2025-12-31
VEN-02847,0.8261595594463952,0,95.17005235352003,2025-12-31,2025-12-31,2025-11-08
VEN-02848,0.6983181531627836,1,85.40371383579468,2025-12-31,2025-12-31,2025-12-31
VEN-02849,0.7711080656486566,0,100.0,2025-12-28,2025-12-31,2025-12-31
VEN-02850,0.9110274365325232,0,82.99390859845288,2025-12-31,2025-12-31,2025-12-31
VEN-02851,0.9263208850257132,1,92.08892985658731,2025-09-25,2025-12-31,2025-12-31
VEN-02852,0.8021450485590728,0,87.78992574956614,2025-12-31,2025-12-31,2025-08-25
VEN-02853,0.7052177381263085,0,100.0,2025-06-22,2025-12-31,2025-12-31
VEN-02854,0.8852151540784751,0,93.52427368314645,2025-05-09,2025-07-16,2025-12-31
VEN-02855,0.8864760851845027,1,92.23008315689836,2025-05-10,2025-12-31,2025-10-02
VEN-02856,0.786304111825093,0,95.05568318488052,2025-12-31,2025-12-31,2025-12-31
VEN-02857,0.7336458955519337,0,100.0,2025-12-31,2025-12-31,2025-12-31
VEN-02858,0.7880962935132048,0,100.0,2025-12-31,2025-12-31,2025-12-31
VEN-02859,0.7642446797486572,2,100.0,2025-12-31,2025-08-01,2025-12-31
VEN-02860,0.8398658519363855,0,89.02219385259237,2025-12-31,2025-12-31,2025-12-31
VEN-02861,0.7360243419698794,2,100.0,2025-06-28,2025-12-31,2025-10-05
VEN-02862,0.9127332268029436,3,89.76404393799797,2025-12-31,2025-12-31,2025-12-28
VEN-02863,0.7894090888659775,0,79.80611395982513,2025-12-31,2025-12-31,2025-12-31
VEN-02864,0.9284450384526364,0,88.81125870968215,2025-12-31,2025-12-31,2025-12-31
VEN-02865,0.8097971855666634,0,90.8903445765756,2025-12-31,2025-12-31,2025-12-31
VEN-02866,0.805557888221483,0,82.71079288659024,2025-12-31,2025-12-31,2025-12-31
VEN-02867,0.8677444001952029,0,100.0,2025-12-31,2025-12-31,2025-12-31
VEN-02868,0.7447325502788996,0,84.60192965439403,2025-12-31,2025-12-26,2025-12-31
VEN-02869,0.9226956176841494,0,93.32342121999892,2025-12-31,2025-12-31,2025-12-31
VEN-02870,0.836172720217609,0,85.04674387227021,2025-12-31,2025-12-31,2025-12-31
VEN-02871,0.9114554720218416,1,100.0,2025-12-31,2025-12-31,2025-12-31
VEN-02872,0.7862709505609208,1,92.9672097314856,2025-12-03,2025-09-08,2025-12-31
VEN-02873,0.8911269121380484,1,94.6894092772476,2025-12-31,2025-12-31,2025-12-31
VEN-02874,0.7010223794410692,1,98.58670157599576,2025-12-07,2025-12-31,2025-12-31
VEN-02875,0.936263155179734,1,87.32994036444101,2025-12-13,2025-12-31,2025-12-31
VEN-02876,0.85812591076025,0,100.0,2025-08-07,2025-09-27,2025-12-31
VEN-02877,0.8651857870683708,2,92.8339371548586,2025-12-31,2025-12-27,2025-10-06
VEN-02878,0.6890669887501452,0,73.45405857087916,2025-12-31,2025-12-31,2025-12-31
VEN-02879,0.8841218410626627,1,86.58154294070053,2025-12-31,2025-12-31,2025-12-31
VEN-02880,0.7210963739382285,1,100.0,2025-12-31,2025-11-20,2025-12-31
VEN-02881,0.9030249716633936,0,99.33137176319696,2025-12-19,2025-12-31,2025-12-31
VEN-02882,0.5626279739532037,0,89.1931125733375,2025-09-21,2025-12-31,2025-12-31
VEN-02883,0.7931861943237387,0,94.95767258351997,2025-12-31,2025-12-31,2025-12-31
VEN-02884,0.7802972327193453,1,98.4866903215209,2025-12-31,2025-12-31,2025-12-31
VEN-02885,0.8323079526158033,1,98.06447365285058,2025-12-31,2025-12-31,2025-12-31
VEN-02886,0.9679663780968526,0,100.0,2025-12-31,2025-12-31,2025-12-31
VEN-02887,0.6737936615647789,1,97.12409660696152,2025-12-31,2025-12-31,2025-10-11
VEN-02888,0.9359453474472808,0,100.0,2025-12-31,2025-07-21,2025-12-31
VEN-02889,0.7651704485716604,0,99.94630339966172,2025-08-10,2025-12-31,2025-12-31
VEN-02890,0.5316928915012464,1,88.47080383568095,2025-12-31,2025-08-20,2025-12-31
VEN-02891,0.9706709069075276,0,100.0,2025-12-31,2025-07-26,2025-08-24
VEN-02892,0.7907946473179344,2,92.8069922612016,2025-12-31,2025-12-31,2025-12-31
VEN-02893,0.640543039878218,1,89.87074936230596,2025-12-31,2025-12-31,2025-12-31
VEN-02894,0.9124317494454408,0,98.42712193602992,2025-10-01,2025-12-31,2025-09-05
VEN-02895,0.8682705495630668,0,100.0,2025-12-31,2025-12-31,2025-09-18
VEN-02896,0.8944058468234832,0,97.72605611733512,2025-12-31,2025-12-31,2025-12-31
VEN-02897,0.9000967761537011,1,100.0,2025-12-31,2025-12-31,2025-12-31
VEN-02898,0.8768782536035489,0,99.97367180989288,2025-12-31,2025-08-12,2025-12-31
VEN-02899,0.8261658032873279,1,100.0,2025-12-31,2025-12-31,2025-12-31
VEN-02900,0.4890818011807546,0,91.94901886110247,2025-12-31,2025-12-31,2025-12-31
VEN-02901,0.5907992065277838,0,79.1826761736013,2025-12-31,2025-12-20,2025-12-31
VEN-02902,0.812102279452247,0,85.48557167751258,2025-12-31,2025-12-31,2025-12-31
VEN-02903,0.4064162396917163,0,96.12552347435428,2025-05-09,2025-12-31,2025-12-31
VEN-02904,0.9125535582790488,1,85.07696408474932,2025-12-31,2025-12-20,2025-12-31
VEN-02905,0.5902088272747632,2,94.61070790855489,2025-12-31,2025-12-31,2025-12-31
VEN-02906,0.9341002623809626,3,96.6684505483558,2025-12-31,2025-12-31,2025-12-31
VEN-02907,0.979967379053716,0,86.95484821971903,2025-12-31,2025-12-31,2025-12-31
VEN-02908,0.8959238787203136,0,98.35220131222904,2025-12-31,2025-08-03,2025-12-31
VEN-02909,0.6260591779534469,0,97.22033062382008,2025-07-11,2025-12-31,2025-12-31
VEN-02910,0.8725218542743403,2,84.3924354900401,2025-12-31,2025-12-31,2025-12-31
VEN-02911,0.8767152261587541,0,94.56922940539134,2025-12-31,2025-12-31,2025-12-31
VEN-02912,0.6143168460437247,0,100.0,2025-12-31,2025-12-31,2025-12-31
VEN-02913,0.7676133202702335,0,93.77706966786668,2025-12-31,2025-12-31,2025-12-31
VEN-02914,0.904260770998072,0,83.06895752565346,2025-12-31,2025-12-31,2025-12-25
VEN-02915,0.9824951136777283,2,82.76765975895414,2025-12-31,2025-12-31,2025-12-31
VEN-02916,0.9891467723094866,1,100.0,2025-12-31,2025-12-12,2025-12-31
VEN-02917,0.7068765981653979,3,90.17408404585416,2025-12-16,2025-12-31,2025-12-31
VEN-02918,0.8138520507076119,1,98.77603946466624,2025-12-31,2025-12-31,2025-12-31
VEN-02919,0.9824882887435736,0,89.1561946111573,2025-12-31,2025-08-01,2025-12-31
VEN-02920,0.8044736898385497,0,90.2248065741354,2025-08-20,2025-12-31,2025-12-31
VEN-02921,0.9287338148870492,1,98.3670011023576,2025-11-03,2025-12-31,2025-12-31
VEN-02922,0.7335944889532241,1,98.39460474389318,2025-12-31,2025-12-31,2025-12-31
VEN-02923,0.8148947342721853,2,98.47796684334928,2025-12-31,2025-12-31,2025-12-31
VEN-02924,0.8388317401237724,3,94.27525657722646,2025-12-31,2025-12-31,2025-12-31
VEN-02925,0.8376087757102113,1,100.0,2025-12-31,2025-10-31,2025-12-31
VEN-02926,0.8597955858146704,0,98.24697632772644,2025-12-31,2025-12-31,2025-12-31
VEN-02927,0.764215224347522,0,87.14660213629307,2025-12-31,2025-12-31,2025-12-25
VEN-02928,0.9125450313358742,0,91.70758927030614,2025-11-25,2025-12-31,2025-10-26
VEN-02929,0.937154944806312,2,94.82636951691325,2025-06-07,2025-12-31,2025-12-31
VEN-02930,0.8307494477197354,1,83.99215696036269,2025-12-31,2025-10-13,2025-12-31
VEN-02931,0.7719812781438715,0,90.48121650521983,2025-12-31,2025-12-31,2025-12-31
VEN-02932,0.9014222046749806,1,100.0,2025-12-31,2025-07-12,2025-12-31
VEN-02933,0.6430180355524854,2,85.8083867897595,2025-12-31,2025-08-27,2025-12-31
VEN-02934,0.8695071927541536,0,90.3963702675853,2025-12-31,2025-12-31,2025-12-31
VEN-02935,0.9192639497235,0,90.90596729763276,2025-12-31,2025-12-31,2025-12-31
VEN-02936,0.810965321563592,1,96.17867957173648,2025-09-04,2025-12-31,2025-12-31
VEN-02937,0.9146012002055048,2,98.5236231719446,2025-12-31,2025-12-31,2025-12-31
VEN-02938,0.9240077787842378,3,91.53344913232564,2025-12-31,2025-12-31,2025-12-31
VEN-02939,0.7340233901264113,0,100.0,2025-08-30,2025-12-31,2025-12-31
VEN-02940,0.87735589597623,0,86.11484555148505,2025-12-31,2025-12-31,2025-12-31
VEN-02941,0.5988129948592915,0,86.8322937423106,2025-09-26,2025-12-31,2025-12-31
VEN-02942,0.8484062514338326,0,100.0,2025-06-04,2025-11-03,2025-12-31
VEN-02943,0.7767874582258465,1,96.3406665225206,2025-12-31,2025-12-31,2025-12-31
VEN-02944,0.682818055141891,2,97.03416206326156,2025-12-31,2025-12-31,2025-12-31
VEN-02945,0.4282944962213325,0,84.77002718358811,2025-12-31,2025-12-11,2025-12-31
VEN-02946,0.9473402151914084,0,97.58074231910015,2025-12-31,2025-12-31,2025-10-17
VEN-02947,0.6631619929678519,0,83.90015319154212,2025-12-31,2025-12-31,2025-12-31
VEN-02948,0.8473085223252934,0,91.95918543108756,2025-12-31,2025-12-31,2025-12-31
VEN-02949,0.7230726328023954,0,86.73010113706661,2025-12-31,2025-07-26,2025-12-31
VEN-02950,0.7434225283393455,1,91.52729661002816,2025-12-31,2025-12-31,2025-12-31
VEN-02951,0.9480401867012312,1,90.41700270363856,2025-12-31,2025-12-31,2025-12-31
VEN-02952,0.6125791081632993,0,99.551285452475,2025-12-31,2025-12-31,2025-10-27
VEN-02953,0.921407201361656,2,91.1563873622507,2025-12-31,2025-12-31,2025-12-31
VEN-02954,0.8341644185388448,0,91.6142185926134,2025-12-31,2025-08-21,2025-12-31
VEN-02955,0.972771509951337,1,93.74528530728544,2025-12-31,2025-12-31,2025-12-31
VEN-02956,0.9121431121305298,2,100.0,2025-12-31,2025-12-31,2025-12-31
VEN-02957,0.5818275461471085,1,100.0,2025-12-31,2025-12-31,2025-12-31
VEN-02958,0.8499524375151407,2,87.17161336743912,2025-12-31,2025-12-31,2025-12-31
VEN-02959,0.9544642642118946,0,88.72145794464284,2025-12-31,2025-12-31,2025-12-31
VEN-02960,0.8058693978700199,4,95.26553800582072,2025-12-31,2025-12-18,2025-12-31
VEN-02961,0.9485259707635814,1,97.74809011714484,2025-12-31,2025-12-31,2025-12-31
VEN-02962,0.9406925596447626,1,100.0,2025-08-08,2025-12-31,2025-12-31
VEN-02963,0.9107355407143264,1,90.78115077889028,2025-08-15,2025-12-31,2025-10-08
VEN-02964,0.7960981210332595,0,97.72963858599226,2025-12-31,2025-12-31,2025-12-31
VEN-02965,0.8307942676881553,0,95.6368926681536,2025-12-31,2025-09-17,2025-12-31
VEN-02966,0.8121892048445958,0,90.77505430099838,2025-12-31,2025-12-31,2025-12-31
VEN-02967,0.6899680812176113,0,92.88713692585549,2025-12-31,2025-12-31,2025-12-31
VEN-02968,0.8446976144376321,0,91.4439129932422,2025-12-31,2025-12-31,2025-12-31
VEN-02969,0.7766211216922412,2,83.55771246244103,2025-12-31,2025-11-03,2025-12-31
VEN-02970,0.7443353727110166,0,100.0,2025-12-31,2025-12-31,2025-12-31
VEN-02971,0.5946198844094306,1,100.0,2025-12-31,2025-12-31,2025-12-31
VEN-02972,0.9441865198030625,0,100.0,2025-06-04,2025-12-31,2025-12-31
VEN-02973,0.86074142761257,0,89.77223825112168,2025-12-31,2025-12-31,2025-12-31
VEN-02974,0.5298436030635589,0,87.2993857443229,2025-12-31,2025-12-31,2025-12-31
VEN-02975,0.9666160466083776,0,100.0,2025-12-31,2025-12-31,2025-12-31
VEN-02976,0.8405619970789491,1,87.25474823354537,2025-12-31,2025-12-31,2025-11-30
VEN-02977,0.8083156149115731,0,100.0,2025-12-31,2025-12-31,2025-12-31
VEN-02978,0.810999323854718,1,95.00427561872375,2025-11-04,2025-10-06,2025-12-31
VEN-02979,0.8062591023058406,0,100.0,2025-05-10,2025-09-21,2025-12-31
VEN-02980,0.6203046424003097,0,79.09754837263712,2025-12-31,2025-12-31,2025-12-31
VEN-02981,0.6932595322692501,0,90.58961217052666,2025-12-31,2025-12-31,2025-12-31
VEN-02982,0.5159101080912929,0,100.0,2025-06-06,2025-12-31,2025-12-31
VEN-02983,0.8260062054885716,0,91.7946397172603,2025-05-30,2025-10-31,2025-12-31
VEN-02984,0.9305326901798971,5,94.91467924748076,2025-12-31,2025-12-31,2025-11-25
VEN-02985,0.8331929298241181,1,93.68302963398308,2025-09-08,2025-12-31,2025-12-31
VEN-02986,0.8363962400107047,0,84.13763477830462,2025-12-08,2025-12-31,2025-12-31
VEN-02987,0.8481848140234763,0,89.55105379169555,2025-12-31,2025-12-31,2025-12-31
VEN-02988,0.9392401951204428,1,100.0,2025-12-31,2025-07-09,2025-12-31
VEN-02989,0.9608812892718324,0,80.99741592319846,2025-11-25,2025-12-31,2025-10-29
VEN-02990,0.9444201287569444,1,91.27761727109753,2025-09-30,2025-12-31,2025-12-31
VEN-02991,0.5105712730206384,0,95.7003967807484,2025-12-31,2025-12-31,2025-12-31
VEN-02992,0.6720360212783388,1,87.84868712872395,2025-12-31,2025-12-31,2025-12-31
VEN-02993,0.8153017064880862,1,97.7510184731257,2025-12-31,2025-12-31,2025-12-31
VEN-02994,0.8777537603772603,0,100.0,2025-12-31,2025-12-08,2025-12-31
VEN-02995,0.8067309854503285,1,98.7827387226636,2025-12-31,2025-12-31,2025-12-31
VEN-02996,0.9289882717754588,1,99.85756794055168,2025-12-17,2025-10-09,2025-12-31
VEN-02997,0.8464224940400868,2,89.0550187821909,2025-12-31,2025-09-18,2025-11-11
VEN-02998,0.9707276909655652,2,92.68631960394346,2025-12-31,2025-12-31,2025-12-31
VEN-02999,0.8111724186844209,0,90.6813881469876,2025-12-31,2025-12-25,2025-12-31
VEN-03000,0.8087811753056576,0,99.60594567547068,2025-12-31,2025-12-31,2025-12-31
VEN-03001,0.9594693789646632,1,100.0,2025-12-31,2025-12-31,2025-09-12
VEN-03002,0.9188536793451246,0,97.3170712925226,2025-12-31,2025-12-31,2025-12-31
VEN-03003,0.8937855629004618,1,87.24357357316593,2025-12-02,2025-12-31,2025-12-31
VEN-03004,0.4251695229259394,2,76.56583355790298,2025-12-31,2025-12-31,2025-12-31
VEN-03005,0.8117673088078696,0,95.50340139898904,2025-12-31,2025-09-11,2025-12-31
VEN-03006,0.8300578097177711,1,100.0,2025-12-31,2025-12-31,2025-12-31
VEN-03007,0.7207226368351742,0,87.29986011801022,2025-12-31,2025-12-31,2025-12-31
VEN-03008,0.8510948966874905,0,94.18059192571374,2025-12-31,2025-07-27,2025-12-31
VEN-03009,0.8403540574285284,1,84.24311023687933,2025-12-31,2025-12-31,2025-12-31
VEN-03010,0.7808718877240461,1,96.18536641188656,2025-12-31,2025-12-31,2025-12-31
VEN-03011,0.8759762394772328,0,81.23988194120915,2025-12-31,2025-12-31,2025-12-31
VEN-03012,0.7059404536125728,0,98.95370389112428,2025-12-31,2025-10-31,2025-12-31
VEN-03013,0.9707965819367838,2,89.20434455863422,2025-06-29,2025-12-31,2025-12-31
VEN-03014,0.8583878192797089,2,96.43988058472694,2025-12-31,2025-10-03,2025-12-31
VEN-03015,0.6938566185668592,0,93.08414898918004,2025-12-31,2025-11-06,2025-12-31
VEN-03016,0.7502892489765738,3,100.0,2025-12-31,2025-12-31,2025-12-31
VEN-03017,0.8698552650424668,0,100.0,2025-12-09,2025-12-31,2025-12-31
VEN-03018,0.965768948462286,2,92.20796022085943,2025-08-21,2025-12-31,2025-12-31
VEN-03019,0.7943253286705466,0,100.0,2025-09-05,2025-07-06,2025-11-13
VEN-03020,0.8355268675549058,1,96.49538854119577,2025-12-31,2025-12-31,2025-12-31
VEN-03021,0.908293742915759,0,78.90888065515902,2025-12-31,2025-12-31,2025-12-31
VEN-03022,0.6464734744942263,1,88.61197655168799,2025-12-31,2025-12-31,2025-12-31
VEN-03023,0.9675882700945152,0,83.84270125819337,2025-12-31,2025-12-31,2025-12-31
VEN-03024,0.9782692853302172,0,85.15399888131365,2025-09-09,2025-08-03,2025-12-31
VEN-03025,0.8733210100249648,0,91.4849113940131,2025-12-31,2025-12-31,2025-12-31
VEN-03026,0.8324863011682782,1,87.79138584361682,2025-12-31,2025-09-16,2025-09-01
VEN-03027,0.743824668753335,0,94.9365279397888,2025-12-31,2025-12-31,2025-12-31
VEN-03028,0.9136690643707028,0,88.93126086676669,2025-12-31,2025-07-06,2025-12-31
VEN-03029,0.7811241373841159,0,100.0,2025-12-31,2025-12-31,2025-12-31
VEN-03030,0.6457108201109727,0,97.29934077135472,2025-12-31,2025-12-31,2025-12-31
VEN-03031,0.8418693639991159,1,79.06941591876277,2025-12-04,2025-12-31,2025-12-31
VEN-03032,0.8994029049853026,0,98.0507152964743,2025-12-31,2025-12-31,2025-12-31
VEN-03033,0.7410953784878827,1,94.10151091881096,2025-12-31,2025-12-31,2025-12-31
VEN-03034,0.9451005510457572,0,81.08848591934088,2025-12-31,2025-12-31,2025-12-31
VEN-03035,0.7307526252824333,0,89.41075262489966,2025-12-31,2025-12-31,2025-12-31
VEN-03036,0.8036378805053734,1,92.71673169722044,2025-12-31,2025-12-31,2025-12-31
VEN-03037,0.8551068910382273,0,92.95760552291988,2025-08-20,2025-12-31,2025-12-17
VEN-03038,0.9424828397897294,1,83.04743949061238,2025-12-31,2025-12-31,2025-12-31
VEN-03039,0.8686438164682245,1,100.0,2025-12-31,2025-12-31,2025-12-31
VEN-03040,0.7215568238535816,1,96.90849240633548,2025-12-31,2025-11-16,2025-12-31
VEN-03041,0.6982530574209248,1,100.0,2025-08-20,2025-12-31,2025-12-31
VEN-03042,0.9463439504867116,0,94.02604740322867,2025-12-31,2025-09-13,2025-12-31
VEN-03043,0.9604826442824164,0,91.62826737541631,2025-08-10,2025-12-31,2025-12-31
VEN-03044,0.799763682695947,1,100.0,2025-12-31,2025-12-31,2025-12-31
VEN-03045,0.7392305369126987,0,94.36066276842456,2025-12-31,2025-10-20,2025-12-31
VEN-03046,0.658727146526618,0,99.64246044415763,2025-12-31,2025-12-31,2025-12-31
VEN-03047,0.9728911601473847,0,97.60240669503148,2025-12-31,2025-08-11,2025-12-31
VEN-03048,0.8067958590309027,1,93.87374341761009,2025-08-12,2025-12-31,2025-12-31
VEN-03049,0.9247586872633844,2,100.0,2025-12-31,2025-12-31,2025-12-31
VEN-03050,0.9172066369106192,0,100.0,2025-07-11,2025-10-28,2025-12-31
VEN-03051,0.6736719269451745,0,100.0,2025-12-31,2025-12-31,2025-12-31
VEN-03052,0.6804732211632093,1,89.40342518199886,2025-11-27,2025-12-31,2025-09-05
VEN-03053,0.8346707035261886,0,81.79566532202205,2025-12-31,2025-12-31,2025-12-31
VEN-03054,0.9366259260337108,0,91.09026976030796,2025-12-31,2025-12-31,2025-12-31
VEN-03055,0.7974448492886779,0,90.36928426135664,2025-12-31,2025-12-31,2025-12-31
VEN-03056,0.9399064756895752,1,100.0,2025-12-31,2025-12-31,2025-12-31
VEN-03057,0.8331851827511003,0,74.90297523556015,2025-12-31,2025-08-19,2025-12-31
VEN-03058,0.7590620621166068,0,100.0,2025-12-31,2025-12-31,2025-12-31
VEN-03059,0.4837829598576803,1,98.26636632768212,2025-12-31,2025-12-31,2025-12-31
VEN-03060,0.745922181234302,0,99.05368337180604,2025-12-31,2025-12-31,2025-12-31
VEN-03061,0.959150719365294,1,100.0,2025-12-31,2025-12-18,2025-12-31
VEN-03062,0.9666898690262026,0,100.0,2025-12-31,2025-12-31,2025-12-31
VEN-03063,0.448356514480108,1,98.3138950859922,2025-12-31,2025-12-31,2025-12-31
VEN-03064,0.8496159536840748,0,96.34519541897868,2025-12-17,2025-12-31,2025-09-26
VEN-03065,0.7454793497030631,1,98.00986284335424,2025-12-31,2025-12-31,2025-12-31
VEN-03066,0.868431616214163,2,97.57380753947736,2025-10-18,2025-12-31,2025-12-31
VEN-03067,0.9028268127743886,0,96.19279260157538,2025-12-31,2025-12-31,2025-12-31
VEN-03068,0.7211405451065351,0,99.51401778771572,2025-12-31,2025-12-31,2025-12-31
VEN-03069,0.6582643949167448,0,89.1083181540814,2025-12-31,2025-08-01,2025-12-31
VEN-03070,0.8609559997450829,0,99.77639757480964,2025-09-13,2025-12-31,2025-12-31
VEN-03071,0.8350695296408758,0,85.29330129323817,2025-12-31,2025-12-31,2025-12-31
VEN-03072,0.8516789648478285,1,94.03833364766496,2025-12-31,2025-12-31,2025-10-25
VEN-03073,0.9756830197421024,1,98.66915217476,2025-12-31,2025-12-31,2025-12-31
VEN-03074,0.7200531219890447,0,78.10685496432387,2025-12-31,2025-12-31,2025-12-31
VEN-03075,0.9714116898963784,0,77.85586371043863,2025-12-31,2025-12-31,2025-12-31
VEN-03076,0.6110892058124523,0,96.18392151109524,2025-12-31,2025-12-31,2025-12-31
VEN-03077,0.8341656880338911,0,80.19295412752389,2025-12-31,2025-12-31,2025-12-02
VEN-03078,0.8167837136740158,2,94.64716280347652,2025-12-31,2025-12-31,2025-12-31
VEN-03079,0.9774004713062144,1,90.04737829070513,2025-12-15,2025-12-31,2025-12-31
VEN-03080,0.6916591493474777,0,97.461745648051,2025-10-17,2025-12-31,2025-12-31
VEN-03081,0.7976790512813887,0,100.0,2025-12-31,2025-12-31,2025-12-31
VEN-03082,0.4732916954699646,1,83.11825305168364,2025-12-31,2025-12-31,2025-12-31
VEN-03083,0.8277077187676274,0,100.0,2025-12-31,2025-12-31,2025-12-31
VEN-03084,0.7044148663187154,1,93.57887754082732,2025-12-31,2025-12-31,2025-12-31
VEN-03085,0.9649243392994952,2,99.57231469569182,2025-12-31,2025-12-31,2025-12-31
VEN-03086,0.7879275938268282,2,100.0,2025-06-16,2025-12-31,2025-12-31
VEN-03087,0.9213599053280888,1,97.43758366013935,2025-06-26,2025-12-31,2025-12-31
VEN-03088,0.591078343204179,0,92.25987786521192,2025-12-31,2025-12-31,2025-12-31
VEN-03089,0.5518427002444408,1,93.21714471090034,2025-12-31,2025-12-31,2025-12-31
VEN-03090,0.8454781317804909,1,95.8544389383262,2025-12-31,2025-12-31,2025-09-15
VEN-03091,0.8020090645216426,0,99.97712447320824,2025-12-31,2025-12-31,2025-12-31
VEN-03092,0.653642010833169,0,100.0,2025-08-24,2025-12-31,2025-12-31
VEN-03093,0.9499749662311288,0,99.04241312913848,2025-12-31,2025-12-31,2025-12-31
VEN-03094,0.8621410267205695,0,76.66692717468044,2025-12-31,2025-09-04,2025-12-31
VEN-03095,0.8686051484471705,0,100.0,2025-12-31,2025-10-27,2025-12-31
VEN-03096,0.7243806140842965,0,95.85278868457137,2025-11-28,2025-12-31,2025-12-31
VEN-03097,0.6682255355858054,2,100.0,2025-12-31,2025-12-31,2025-12-31
VEN-03098,0.5863696391282175,0,97.10711026241243,2025-12-31,2025-12-31,2025-08-13
VEN-03099,0.8404881194496912,0,80.61804950091333,2025-10-18,2025-12-31,2025-12-31
VEN-03100,0.967405920768076,1,78.05630260626468,2025-09-02,2025-08-07,2025-12-31
VEN-03101,0.7003575664447846,0,87.3321538173561,2025-12-31,2025-12-31,2025-12-31
VEN-03102,0.636455762718709,0,95.24849805526028,2025-06-01,2025-12-31,2025-12-31
VEN-03103,0.8444084953564934,0,84.77131060638784,2025-12-31,2025-12-31,2025-12-31
VEN-03104,0.8437012088389326,0,100.0,2025-12-31,2025-12-31,2025-12-31
VEN-03105,0.8746060552130666,1,89.1403844190016,2025-12-31,2025-12-31,2025-12-31
VEN-03106,0.695648566296461,0,97.16536316288268,2025-12-31,2025-12-31,2025-12-31
VEN-03107,0.7662291225119306,0,98.68697434240232,2025-11-19,2025-12-31,2025-11-25
VEN-03108,0.6455585223895267,2,93.50103356652282,2025-12-31,2025-12-31,2025-12-31
VEN-03109,0.7404151597151462,1,87.57061050317127,2025-10-14,2025-12-31,2025-12-31
VEN-03110,0.9599657762782324,0,91.61930034590146,2025-12-31,2025-12-31,2025-12-31
VEN-03111,0.8743597114681219,1,89.47601324971,2025-12-31,2025-12-31,2025-12-31
VEN-03112,0.9680313678214514,0,87.92615455248782,2025-12-31,2025-12-31,2025-12-31
VEN-03113,0.9266624527559558,1,85.6945906040371,2025-05-19,2025-12-31,2025-12-31
VEN-03114,0.6682298219394375,1,99.98435252589428,2025-12-31,2025-12-31,2025-12-31
VEN-03115,0.8216269232525695,0,100.0,2025-12-31,2025-12-31,2025-12-31
VEN-03116,0.7150307920418704,0,94.96976537366164,2025-12-31,2025-12-31,2025-12-31
VEN-03117,0.8864652705707433,0,96.66598983960192,2025-12-31,2025-12-31,2025-12-31
VEN-03118,0.9419026768320288,1,92.44479419515832,2025-12-31,2025-12-31,2025-12-31
VEN-03119,0.96336996141484,1,91.69662629954692,2025-12-05,2025-12-31,2025-12-31
VEN-03120,0.7856401489124166,0,86.1397280160025,2025-12-31,2025-12-14,2025-12-31
VEN-03121,0.8753756529390673,0,100.0,2025-09-02,2025-12-31,2025-12-31
VEN-03122,0.5820283612394211,3,95.49406353250788,2025-12-31,2025-09-06,2025-12-31
VEN-03123,0.7461354126026251,1,97.6526280461416,2025-12-31,2025-07-19,2025-12-31
VEN-03124,0.7237247341859954,1,92.34868569128656,2025-12-31,2025-12-31,2025-12-31
VEN-03125,0.846887859187276,0,80.18779389762756,2025-12-31,2025-12-31,2025-12-31
VEN-03126,0.9096418418360956,0,87.52741428616334,2025-12-31,2025-12-31,2025-12-31
VEN-03127,0.936006228056418,1,97.33971405349324,2025-12-31,2025-12-31,2025-12-31
VEN-03128,0.839289063145502,0,96.17749863582412,2025-12-31,2025-10-20,2025-10-02
VEN-03129,0.7863595444856016,1,94.41240087155887,2025-12-31,2025-12-31,2025-12-31
VEN-03130,0.7407758936433455,0,99.03283172585677,2025-12-31,2025-12-31,2025-12-31
VEN-03131,0.8196601403781683,0,84.91838366927237,2025-12-31,2025-12-31,2025-12-31
VEN-03132,0.9643654607673184,1,100.0,2025-12-31,2025-07-25,2025-11-05
VEN-03133,0.7856370486826803,0,100.0,2025-12-31,2025-12-31,2025-12-31
VEN-03134,0.6858807633678907,0,100.0,2025-09-11,2025-12-31,2025-12-31
VEN-03135,0.7651986223001971,1,91.65930000178848,2025-12-31,2025-12-31,2025-12-31
VEN-03136,0.909665085351646,1,100.0,2025-12-31,2025-12-31,2025-12-31
VEN-03137,0.8179982254279556,0,97.31997419689344,2025-12-31,2025-12-31,2025-12-31
VEN-03138,0.880021578935368,0,93.15843643491893,2025-12-31,2025-12-31,2025-12-31
VEN-03139,0.7335616886589026,0,98.84648842245142,2025-12-31,2025-12-31,2025-12-07
VEN-03140,0.6228340216629837,0,100.0,2025-12-31,2025-12-31,2025-10-28
VEN-03141,0.6129152918119877,0,74.61986103562813,2025-12-31,2025-12-31,2025-11-27
VEN-03142,0.8930389298623564,0,78.03973801438259,2025-12-31,2025-12-31,2025-12-31
VEN-03143,0.7539607958133511,0,81.94926541773759,2025-12-31,2025-10-31,2025-12-31
VEN-03144,0.8331906059683853,0,90.56453308417213,2025-05-17,2025-12-31,2025-10-09
VEN-03145,0.8003886538127492,1,97.7882064768443,2025-12-31,2025-12-23,2025-12-31
VEN-03146,0.8968334073842404,0,100.0,2025-12-31,2025-12-31,2025-12-31
VEN-03147,0.7996252600469005,0,84.30589233812167,2025-12-31,2025-12-31,2025-12-31
VEN-03148,0.912726804953998,0,100.0,2025-12-31,2025-12-31,2025-12-21
VEN-03149,0.5657436690946914,0,90.43946485429844,2025-12-31,2025-12-31,2025-12-31
VEN-03150,0.9137995014355612,3,99.80994195972067,2025-12-31,2025-12-31,2025-12-31
VEN-03151,0.7959978209016423,1,92.0369590456938,2025-11-17,2025-12-31,2025-12-31
VEN-03152,0.8775691962463905,2,83.29254914454617,2025-06-24,2025-12-31,2025-12-31
VEN-03153,0.9435326333299424,1,100.0,2025-12-31,2025-12-31,2025-12-31
VEN-03154,0.8075379168348708,0,86.94484517520789,2025-12-31,2025-12-31,2025-12-31
VEN-03155,0.893620911557322,1,82.47408528490195,2025-12-31,2025-12-31,2025-12-31
VEN-03156,0.825746525106013,2,100.0,2025-12-31,2025-12-31,2025-12-31
VEN-03157,0.9439582075252037,1,98.67982783234642,2025-12-31,2025-12-31,2025-08-27
VEN-03158,0.4963506307850288,1,100.0,2025-12-31,2025-12-31,2025-11-01
VEN-03159,0.8453528501367649,1,100.0,2025-05-28,2025-12-31,2025-12-31
VEN-03160,0.7731465504210416,1,98.5212397447085,2025-12-31,2025-12-31,2025-12-31
VEN-03161,0.859990807223849,0,84.33822587810987,2025-12-31,2025-12-31,2025-12-31
VEN-03162,0.9424424492152296,2,82.40359721631415,2025-12-31,2025-12-31,2025-09-16
VEN-03163,0.8434209228372905,0,86.6266466043694,2025-12-31,2025-12-31,2025-12-31
VEN-03164,0.9235467589975148,0,100.0,2025-11-13,2025-12-31,2025-12-31
VEN-03165,0.8752836445452444,0,97.04436366478308,2025-07-31,2025-12-31,2025-12-20
VEN-03166,0.827636245512476,1,91.40602745659476,2025-12-31,2025-12-31,2025-12-31
VEN-03167,0.8485142104171929,2,100.0,2025-12-31,2025-12-31,2025-12-31
VEN-03168,0.8215391258375622,0,99.37258271522036,2025-12-31,2025-12-31,2025-12-31
VEN-03169,0.5969020278157164,1,94.45040618188284,2025-12-31,2025-11-27,2025-12-03
VEN-03170,0.6890436868871188,1,100.0,2025-12-31,2025-12-31,2025-12-31
VEN-03171,0.8838532011246862,1,84.65044170147331,2025-12-31,2025-12-31,2025-12-31
VEN-03172,0.8540586970190336,0,100.0,2025-11-03,2025-12-31,2025-12-31
VEN-03173,0.949380253513523,1,75.39171901889289,2025-12-31,2025-12-31,2025-12-27
VEN-03174,0.8529485011721588,0,86.43197724479116,2025-12-31,2025-12-31,2025-12-31
VEN-03175,0.8012372327842144,0,88.23723923640785,2025-12-31,2025-12-31,2025-12-31
VEN-03176,0.8636812445143713,0,90.24212907825336,2025-12-31,2025-12-31,2025-12-31
VEN-03177,0.7518016340473761,0,91.9593748519846,2025-12-31,2025-12-31,2025-12-31
VEN-03178,0.6540541478418104,0,100.0,2025-12-31,2025-12-31,2025-12-31
VEN-03179,0.4961185020732233,1,97.02505196262894,2025-12-31,2025-12-31,2025-12-31
VEN-03180,0.7756921830039997,0,91.1396066523506,2025-12-31,2025-12-31,2025-12-12
VEN-03181,0.914799197977736,0,100.0,2025-07-10,2025-12-31,2025-12-31
VEN-03182,0.8017114042891481,0,89.87519990786605,2025-08-27,2025-12-31,2025-12-31
VEN-03183,0.9543565064577164,0,93.44791322784526,2025-12-31,2025-08-23,2025-12-31
VEN-03184,0.9742929228153132,2,87.76284198085234,2025-12-31,2025-12-31,2025-12-31
VEN-03185,0.781582154131954,1,81.27778404340927,2025-08-12,2025-12-31,2025-12-31
VEN-03186,0.8776114684330356,1,91.65276011121966,2025-07-13,2025-12-31,2025-12-31
VEN-03187,0.8494618137484309,0,95.88323874690616,2025-12-17,2025-12-31,2025-12-31
VEN-03188,0.7595713099122214,0,100.0,2025-05-09,2025-08-24,2025-12-31
VEN-03189,0.6914684994500031,2,91.02154027154008,2025-12-31,2025-12-31,2025-11-09
VEN-03190,0.9460971120282748,0,92.85208499978962,2025-12-31,2025-12-31,2025-12-31
VEN-03191,0.741772803097348,0,88.28369878364838,2025-12-31,2025-12-31,2025-12-31
VEN-03192,0.3058726283852287,1,80.10866505570431,2025-10-06,2025-12-31,2025-12-31
VEN-03193,0.7887986414195866,1,87.57506593574854,2025-12-31,2025-12-31,2025-12-31
VEN-03194,0.8764718829511019,0,88.59148338990622,2025-12-31,2025-12-31,2025-08-12
VEN-03195,0.8416407903405271,0,100.0,2025-12-31,2025-12-31,2025-12-31
VEN-03196,0.8897979670684083,0,91.80074352983252,2025-05-27,2025-08-10,2025-12-31
VEN-03197,0.8670986580303887,0,92.4353992095994,2025-12-31,2025-12-31,2025-12-31
VEN-03198,0.8537702493583913,1,100.0,2025-07-16,2025-07-28,2025-12-31
VEN-03199,0.9363071980542303,1,99.83557704614374,2025-12-31,2025-08-31,2025-12-31
VEN-03200,0.9704407944880524,0,99.00715965882053,2025-12-31,2025-12-31,2025-12-31
VEN-03201,0.9447130570218278,1,100.0,2025-12-14,2025-12-31,2025-12-31
VEN-03202,0.7825606378745782,0,84.16692560412454,2025-10-21,2025-12-31,2025-12-31
VEN-03203,0.901948918599816,1,77.19356340395463,2025-12-23,2025-12-31,2025-12-31
VEN-03204,0.6946995132025328,2,94.54108911195702,2025-07-15,2025-12-04,2025-10-02
VEN-03205,0.6860129948142076,0,89.79140131746206,2025-12-31,2025-12-31,2025-12-31
VEN-03206,0.8965280205846683,1,100.0,2025-12-31,2025-12-31,2025-12-31
VEN-03207,0.7239297606552334,0,92.82480294344468,2025-12-31,2025-12-31,2025-12-31
VEN-03208,0.8171246951037353,0,100.0,2025-06-08,2025-12-31,2025-12-31
VEN-03209,0.9197515117530606,1,100.0,2025-12-06,2025-12-31,2025-12-31
VEN-03210,0.9263640359706844,0,100.0,2025-12-31,2025-12-31,2025-12-31
VEN-03211,0.9072783732641913,0,100.0,2025-12-31,2025-10-20,2025-12-31
VEN-03212,0.8958912666092606,1,86.01291825085589,2025-12-01,2025-12-31,2025-12-31
VEN-03213,0.3687767843015661,0,87.21626629639967,2025-12-31,2025-12-31,2025-12-31
VEN-03214,0.799437991573443,0,84.61673466245007,2025-12-31,2025-12-31,2025-12-31
VEN-03215,0.8813108860456289,0,91.38005400524982,2025-12-31,2025-12-31,2025-12-31
VEN-03216,0.930956123466902,1,80.79412787745557,2025-12-31,2025-12-31,2025-12-31
VEN-03217,0.9565937995864636,3,83.95987438299625,2025-12-31,2025-12-31,2025-12-31
VEN-03218,0.9515980226053355,0,89.39659671505555,2025-12-31,2025-10-28,2025-12-31
VEN-03219,0.8713442771543707,0,77.32887145825343,2025-12-31,2025-12-31,2025-12-31
VEN-03220,0.5597947023781361,0,92.15356576905148,2025-08-18,2025-12-31,2025-12-31
VEN-03221,0.6045599886216358,0,80.94541356727335,2025-12-31,2025-07-19,2025-12-31
VEN-03222,0.8627916183769243,1,89.56390611081926,2025-12-31,2025-12-31,2025-12-31
VEN-03223,0.908798486470232,2,78.64642793079024,2025-05-13,2025-12-31,2025-12-31
VEN-03224,0.9550510018695982,0,100.0,2025-12-31,2025-12-31,2025-12-31
VEN-03225,0.9346737465601054,1,100.0,2025-12-31,2025-12-31,2025-12-31
VEN-03226,0.9411559612078836,0,85.8299906402293,2025-12-31,2025-12-31,2025-12-31
VEN-03227,0.8679518720430827,0,93.0916639560486,2025-12-31,2025-12-31,2025-12-31
VEN-03228,0.7495421830888772,1,100.0,2025-12-08,2025-12-31,2025-12-31
VEN-03229,0.9697956034773696,1,100.0,2025-12-31,2025-12-31,2025-12-31
VEN-03230,0.952709049497308,0,90.8228071791321,2025-12-31,2025-12-31,2025-12-31
VEN-03231,0.6009381354311158,0,86.43715225655504,2025-12-31,2025-12-31,2025-12-31
VEN-03232,0.9587525574290994,1,100.0,2025-12-31,2025-12-31,2025-12-31
VEN-03233,0.8173508806865372,1,84.40510727242582,2025-12-31,2025-12-31,2025-11-01
VEN-03234,0.8473653648070852,0,100.0,2025-12-10,2025-12-31,2025-12-31
VEN-03235,0.9300693901724456,0,91.02792754667172,2025-12-31,2025-12-26,2025-12-31
VEN-03236,0.8090964041184951,0,90.76034271549128,2025-12-31,2025-12-31,2025-12-31
VEN-03237,0.8081933555339113,1,88.36546765998841,2025-12-31,2025-12-31,2025-12-31
VEN-03238,0.9259935493735768,0,96.81495846023684,2025-12-31,2025-12-31,2025-12-31
VEN-03239,0.7488328817351503,1,93.98415569803048,2025-12-31,2025-12-31,2025-12-31
VEN-03240,0.7553230958619329,0,82.76416713073486,2025-10-27,2025-12-31,2025-09-03
VEN-03241,0.8297548897036695,0,93.6664971530856,2025-12-31,2025-12-31,2025-08-06
VEN-03242,0.8837821441607248,0,88.12561401062587,2025-12-31,2025-12-31,2025-12-31
VEN-03243,0.743569708652123,0,92.94572776005668,2025-12-31,2025-12-31,2025-12-31
VEN-03244,0.8755894570483181,2,97.97776570148513,2025-12-31,2025-12-31,2025-12-05
VEN-03245,0.7758675340876253,0,89.9724173658983,2025-12-31,2025-12-31,2025-12-31
VEN-03246,0.8794681111926481,0,91.54976637311478,2025-12-31,2025-12-31,2025-12-17
VEN-03247,0.7784700503503592,1,88.29922090418624,2025-12-31,2025-12-31,2025-12-31
VEN-03248,0.8371390649985384,0,97.26367012408404,2025-12-31,2025-12-31,2025-12-31
VEN-03249,0.3799645108746363,1,93.18865566419645,2025-12-31,2025-12-31,2025-12-31
VEN-03250,0.8451109703023938,0,97.19625248932584,2025-12-31,2025-11-05,2025-12-31
VEN-03251,0.7969144203412339,0,94.66946294094105,2025-12-31,2025-09-23,2025-12-31
VEN-03252,0.8840786257328648,0,100.0,2025-12-31,2025-12-31,2025-12-31
VEN-03253,0.6572038177448557,0,97.26599659807468,2025-11-28,2025-10-11,2025-12-31
VEN-03254,0.9143653781383466,0,94.71933571221732,2025-12-31,2025-12-31,2025-12-31
VEN-03255,0.6163038480570057,1,95.37551040204607,2025-12-31,2025-12-31,2025-12-31
VEN-03256,0.9085412609312038,1,100.0,2025-05-26,2025-12-31,2025-12-31
VEN-03257,0.9570906412386578,0,100.0,2025-12-31,2025-10-15,2025-12-31
VEN-03258,0.9065225254104016,0,100.0,2025-12-31,2025-12-31,2025-08-23
VEN-03259,0.9375372854287606,0,93.92976683852696,2025-12-31,2025-12-31,2025-12-31
VEN-03260,0.9159097779995106,0,99.93798813936912,2025-12-31,2025-12-31,2025-12-31
VEN-03261,0.8245877116291407,0,93.19502109563328,2025-10-05,2025-12-31,2025-12-31
VEN-03262,0.7702538442468576,0,99.4368571014272,2025-12-31,2025-11-24,2025-12-31
VEN-03263,0.8756076841985251,1,93.66164242069534,2025-12-31,2025-12-31,2025-12-31
VEN-03264,0.9288614210558064,0,93.01443561778302,2025-12-31,2025-12-31,2025-12-31
VEN-03265,0.8376718576276142,0,91.16249304419942,2025-12-31,2025-12-31,2025-12-31
VEN-03266,0.8387985896202316,1,95.95674718534252,2025-12-31,2025-12-31,2025-12-31
VEN-03267,0.9023431136319622,0,100.0,2025-12-31,2025-12-31,2025-12-31
VEN-03268,0.972868151452671,0,100.0,2025-12-31,2025-12-31,2025-12-31
VEN-03269,0.8397693245513917,1,89.25980697168049,2025-11-18,2025-12-31,2025-12-31
VEN-03270,0.9115247149584216,0,93.60599883008858,2025-12-31,2025-08-26,2025-12-31
VEN-03271,0.8594600275742529,0,85.60624079217057,2025-12-31,2025-12-31,2025-12-31
VEN-03272,0.8585149824272132,1,90.6910997757554,2025-07-08,2025-12-31,2025-12-31
VEN-03273,0.730371254002036,0,88.85374377193028,2025-06-21,2025-12-31,2025-12-31
VEN-03274,0.6268948976234182,1,83.76194458777773,2025-12-31,2025-12-31,2025-12-31
VEN-03275,0.7605780856364073,0,91.78820902083848,2025-11-29,2025-12-31,2025-12-31
VEN-03276,0.916662388737328,0,100.0,2025-12-31,2025-12-31,2025-12-31
VEN-03277,0.9156692754401572,0,93.62882312201744,2025-11-10,2025-12-31,2025-12-31
VEN-03278,0.7583114665546501,0,100.0,2025-12-31,2025-07-30,2025-12-31
VEN-03279,0.6981414229475998,0,94.24679375683264,2025-12-31,2025-12-31,2025-12-31
VEN-03280,0.8960524631937097,1,91.59130504152338,2025-12-31,2025-12-31,2025-12-31
VEN-03281,0.883181886948293,2,100.0,2025-12-31,2025-12-31,2025-08-11
VEN-03282,0.9379484338525064,0,100.0,2025-06-21,2025-12-31,2025-12-31
VEN-03283,0.9657302642181912,0,84.99492000384201,2025-08-28,2025-12-31,2025-12-31
VEN-03284,0.9047929001274756,1,100.0,2025-12-31,2025-09-11,2025-12-31
VEN-03285,0.9512260752865032,0,96.01455843834268,2025-12-31,2025-12-31,2025-12-31
VEN-03286,0.8528581552294443,1,84.6504298792307,2025-06-12,2025-12-31,2025-12-31
VEN-03287,0.8763833513526329,0,91.27513365820376,2025-12-31,2025-12-31,2025-08-27
VEN-03288,0.8944103369593541,0,93.51537113052844,2025-12-31,2025-11-26,2025-12-31
VEN-03289,0.9532271428994448,1,99.8252654322533,2025-12-31,2025-12-31,2025-12-31
VEN-03290,0.9498723166665434,1,97.81619916317702,2025-12-31,2025-12-31,2025-12-31
VEN-03291,0.8906201979691952,0,91.42485757743822,2025-12-31,2025-12-31,2025-12-31
VEN-03292,0.5548347863970247,0,99.8828950622771,2025-12-31,2025-12-03,2025-10-06
VEN-03293,0.8563984094993692,0,89.45538742608333,2025-12-31,2025-12-31,2025-12-31
VEN-03294,0.6269588163125145,0,90.9187774581395,2025-12-31,2025-09-15,2025-12-31
VEN-03295,0.6367799757604767,2,100.0,2025-12-31,2025-12-31,2025-12-31
VEN-03296,0.7205877434443503,1,81.48331540529159,2025-07-26,2025-12-31,2025-12-31
VEN-03297,0.9297661615307816,0,100.0,2025-12-11,2025-12-31,2025-12-31
VEN-03298,0.7229874271766566,0,85.4124344659632,2025-12-31,2025-12-31,2025-12-31
VEN-03299,0.7824461692453902,2,97.32864841427345,2025-12-31,2025-07-22,2025-10-26
VEN-03300,0.5773771865460283,2,94.994773869103,2025-08-17,2025-12-02,2025-12-31
VEN-03301,0.9018919316335916,0,89.12003007246211,2025-06-07,2025-12-31,2025-12-31
VEN-03302,0.656725792264491,0,93.62246414459986,2025-12-31,2025-10-04,2025-12-31
VEN-03303,0.5067626429133635,0,86.60380724489767,2025-12-31,2025-09-27,2025-12-31
VEN-03304,0.8328730804312763,0,98.40014079799596,2025-12-31,2025-12-31,2025-12-31
VEN-03305,0.8566186854239625,1,100.0,2025-12-31,2025-07-09,2025-12-31
VEN-03306,0.7929936157784927,0,100.0,2025-12-19,2025-12-31,2025-12-31
VEN-03307,0.8995272475258295,1,100.0,2025-12-31,2025-12-31,2025-12-31
VEN-03308,0.7587690555736174,1,91.73474208297444,2025-12-31,2025-08-04,2025-12-31
VEN-03309,0.8167746323083638,3,89.3749797949322,2025-12-31,2025-12-31,2025-12-31
VEN-03310,0.8674797809151936,2,89.70526596125244,2025-11-30,2025-12-31,2025-12-31
VEN-03311,0.8532651476370587,0,100.0,2025-05-28,2025-12-31,2025-12-31
VEN-03312,0.8944751483987473,1,90.59990540678068,2025-09-20,2025-10-04,2025-12-31
VEN-03313,0.8106032623454539,0,98.33775396429496,2025-12-31,2025-12-31,2025-12-31
VEN-03314,0.7335616804665477,1,83.9324918986411,2025-11-30,2025-12-31,2025-12-31
VEN-03315,0.8190488850577227,2,93.6447317857676,2025-12-31,2025-12-31,2025-12-31
VEN-03316,0.5816564998004631,0,96.56780687997468,2025-12-31,2025-12-31,2025-10-13
VEN-03317,0.9142998843678616,0,92.3835521682806,2025-12-31,2025-12-31,2025-12-31
VEN-03318,0.9120175980113252,1,90.5194548390404,2025-12-31,2025-12-31,2025-12-31
VEN-03319,0.9642993426976566,0,81.73943178146486,2025-12-31,2025-09-20,2025-09-09
VEN-03320,0.7662268425068278,1,100.0,2025-12-31,2025-12-31,2025-12-31
VEN-03321,0.7899362241469936,0,96.15507614150224,2025-12-31,2025-12-31,2025-12-31
VEN-03322,0.9536133727779188,0,100.0,2025-12-31,2025-10-22,2025-12-31
VEN-03323,0.7859582139606608,1,99.15800375830332,2025-12-31,2025-12-31,2025-12-31
VEN-03324,0.8452812131795094,1,100.0,2025-12-31,2025-12-31,2025-12-31
VEN-03325,0.7051881521600538,1,92.00632233454036,2025-12-31,2025-12-31,2025-12-31
VEN-03326,0.7876480116665369,0,94.91925405695476,2025-12-31,2025-12-31,2025-12-31
VEN-03327,0.8875116070001701,0,95.23852383590987,2025-12-31,2025-12-31,2025-08-19
VEN-03328,0.8685169934907594,0,95.02444137803904,2025-12-31,2025-12-31,2025-09-26
VEN-03329,0.7723029359774304,0,100.0,2025-12-31,2025-12-31,2025-12-31
VEN-03330,0.8019604905606829,0,92.98404062127432,2025-12-31,2025-12-31,2025-12-31
VEN-03331,0.7302437407603711,2,95.21118138406038,2025-12-31,2025-12-31,2025-12-31
VEN-03332,0.5132043199271514,0,89.70284423016236,2025-12-31,2025-12-31,2025-12-31
VEN-03333,0.7911084114832276,0,96.57298267723188,2025-08-02,2025-12-31,2025-12-31
VEN-03334,0.7636978413270278,0,89.1814925700963,2025-07-21,2025-10-22,2025-12-31
VEN-03335,0.8395553669713283,0,91.71732956321073,2025-05-25,2025-12-31,2025-12-31
VEN-03336,0.785208361683239,0,100.0,2025-12-31,2025-12-31,2025-12-31
VEN-03337,0.6594928647313314,2,93.30152697466376,2025-12-31,2025-12-31,2025-12-31
VEN-03338,0.9129177290492272,0,86.3637025934642,2025-12-31,2025-12-31,2025-12-31
VEN-03339,0.7860960429991539,2,100.0,2025-12-31,2025-12-31,2025-09-12
VEN-03340,0.5625320496336518,0,93.41392470494904,2025-12-31,2025-12-31,2025-12-31
VEN-03341,0.8509572715308727,0,100.0,2025-12-31,2025-12-31,2025-12-31
VEN-03342,0.8661578242197375,0,100.0,2025-12-31,2025-12-31,2025-12-31
VEN-03343,0.8950986095014676,0,97.62003602146164,2025-12-15,2025-12-31,2025-09-06
VEN-03344,0.9753955306459956,0,97.57622791757336,2025-12-31,2025-12-31,2025-12-31
VEN-03345,0.8941293036464121,2,89.47595756211635,2025-07-18,2025-12-31,2025-12-31
VEN-03346,0.8796588027868243,0,94.85994836319831,2025-12-31,2025-07-31,2025-08-17
VEN-03347,0.612833309599951,0,100.0,2025-12-31,2025-10-09,2025-12-31
VEN-03348,0.9073415678113133,2,92.40910531400236,2025-12-31,2025-12-31,2025-12-31
VEN-03349,0.8529080855439217,1,87.4799514802487,2025-12-31,2025-12-31,2025-12-31
VEN-03350,0.8500650498761466,0,81.2863508806427,2025-12-31,2025-12-03,2025-12-31
VEN-03351,0.7698986494885479,0,95.559349250822,2025-12-31,2025-08-12,2025-12-31
VEN-03352,0.9217740826528524,0,88.6589414661027,2025-12-31,2025-12-31,2025-12-31
VEN-03353,0.8122385496651137,1,100.0,2025-12-31,2025-12-31,2025-12-31
VEN-03354,0.864409660216209,1,97.77514614210426,2025-12-31,2025-12-31,2025-12-31
VEN-03355,0.6455574778178427,0,95.88334520324509,2025-06-25,2025-11-07,2025-09-30
VEN-03356,0.9693567720900312,0,95.67242185531931,2025-12-31,2025-11-21,2025-12-31
VEN-03357,0.6196432845067231,1,93.9526484616336,2025-12-31,2025-12-31,2025-12-31
VEN-03358,0.9605588668046628,0,95.86286552472907,2025-12-31,2025-12-31,2025-12-31
VEN-03359,0.8055359637961761,0,85.22498276007352,2025-12-31,2025-10-06,2025-12-31
VEN-03360,0.7075192598763421,1,99.6274019696617,2025-12-31,2025-12-31,2025-11-18
VEN-03361,0.9443990430316836,1,92.8051036932936,2025-12-31,2025-07-28,2025-12-31
VEN-03362,0.6554426632401098,1,96.623879375986,2025-08-30,2025-10-03,2025-12-31
VEN-03363,0.8604733216885038,0,85.57385741222531,2025-12-31,2025-12-31,2025-08-07
VEN-03364,0.8911570367444468,1,84.2537684955041,2025-10-06,2025-12-31,2025-12-31
VEN-03365,0.9446693408153456,0,89.05796530685502,2025-11-13,2025-07-17,2025-12-31
VEN-03366,0.9559687631785464,0,93.9740302539088,2025-07-04,2025-12-31,2025-12-31
VEN-03367,0.9442819725804412,0,100.0,2025-11-27,2025-12-31,2025-12-31
VEN-03368,0.9056902538755208,1,68.71385604035612,2025-12-31,2025-12-31,2025-12-31
VEN-03369,0.5478781706227154,1,100.0,2025-12-31,2025-12-31,2025-12-31
VEN-03370,0.9369568480740318,3,85.85816402061153,2025-12-31,2025-07-15,2025-12-31
VEN-03371,0.8809897023311968,0,98.979268474815,2025-12-31,2025-12-31,2025-12-31
VEN-03372,0.7516686958542482,0,100.0,2025-12-11,2025-12-31,2025-09-23
VEN-03373,0.4386825012632204,1,89.51430986670609,2025-08-21,2025-12-31,2025-12-31
VEN-03374,0.7439408840563645,2,97.10484853772124,2025-12-31,2025-12-31,2025-12-31
VEN-03375,0.7823253515677441,0,89.60924472529271,2025-12-31,2025-12-31,2025-12-31
VEN-03376,0.8968168853979234,2,92.6437827421248,2025-12-31,2025-12-31,2025-12-31
VEN-03377,0.749244535751452,0,83.60295969710555,2025-12-31,2025-12-31,2025-11-08
VEN-03378,0.6381063085003781,0,90.5707295801972,2025-12-31,2025-12-31,2025-12-31
VEN-03379,0.7085271747076859,0,100.0,2025-12-31,2025-12-31,2025-12-31
VEN-03380,0.9590242095017064,1,100.0,2025-12-31,2025-08-15,2025-12-31
VEN-03381,0.731589285725957,0,89.80849487846652,2025-12-31,2025-12-31,2025-12-31
VEN-03382,0.8775657773721492,0,89.83249128256259,2025-12-31,2025-12-31,2025-12-31
VEN-03383,0.6917802180969633,0,85.01579436764366,2025-10-20,2025-12-31,2025-10-04
VEN-03384,0.9878954883821378,0,99.68151347937956,2025-12-31,2025-12-31,2025-10-03
VEN-03385,0.71639498664119,2,95.16608025800556,2025-12-31,2025-09-25,2025-12-31
VEN-03386,0.8520856353384367,0,91.5739203852958,2025-12-31,2025-12-31,2025-09-14
VEN-03387,0.9116275133661302,0,89.23020552849182,2025-08-30,2025-12-31,2025-12-07
VEN-03388,0.7600296777928605,0,98.45938203730488,2025-12-31,2025-12-31,2025-10-15
VEN-03389,0.9126011881461552,0,92.66207548068311,2025-12-31,2025-12-31,2025-12-31
VEN-03390,0.6717195428678537,0,98.54196168781436,2025-12-31,2025-12-31,2025-12-31
VEN-03391,0.7844411536994458,1,93.25942378384964,2025-12-31,2025-12-31,2025-12-31
VEN-03392,0.716240361211557,0,100.0,2025-12-31,2025-12-31,2025-08-22
VEN-03393,0.6871372581784126,0,99.07195746012566,2025-12-31,2025-12-31,2025-12-31
VEN-03394,0.7584174018282958,2,88.43996276336642,2025-12-31,2025-12-31,2025-12-31
VEN-03395,0.6955913415783602,0,92.06784797896078,2025-12-31,2025-12-31,2025-12-31
VEN-03396,0.6647252425139604,0,80.14361904898189,2025-05-09,2025-12-31,2025-12-31
VEN-03397,0.7666061305315536,1,96.80015940529468,2025-12-31,2025-12-31,2025-12-31
VEN-03398,0.9360781651260894,0,85.89883547023784,2025-05-13,2025-12-31,2025-12-31
VEN-03399,0.6662625383099833,2,97.28010574453964,2025-12-31,2025-12-31,2025-12-31
VEN-03400,0.93520660836799,0,85.54563508286327,2025-12-31,2025-12-31,2025-12-31
VEN-03401,0.9704199894922206,0,89.36895477519028,2025-12-31,2025-12-31,2025-12-31
VEN-03402,0.8710301531142067,0,83.84605642201666,2025-12-31,2025-12-31,2025-12-31
VEN-03403,0.6642731288848747,0,100.0,2025-10-17,2025-12-31,2025-12-31
VEN-03404,0.8264766032877454,0,97.54815979370692,2025-06-11,2025-09-11,2025-12-31
VEN-03405,0.748201435922266,1,97.7467112267145,2025-12-31,2025-12-31,2025-12-31
VEN-03406,0.7642699625900928,1,81.58442026239064,2025-12-31,2025-12-31,2025-12-31
VEN-03407,0.8316390025018122,0,91.85907966205777,2025-12-31,2025-12-31,2025-12-31
VEN-03408,0.9863103409690444,1,98.46855866509888,2025-12-31,2025-11-30,2025-09-24
VEN-03409,0.8535632943826637,1,100.0,2025-12-31,2025-12-31,2025-12-31
VEN-03410,0.7106832311509131,1,90.45541157197056,2025-06-28,2025-12-25,2025-08-19
VEN-03411,0.8515926219374975,0,89.11629347218945,2025-12-31,2025-12-31,2025-09-23
VEN-03412,0.7770721620914676,1,86.81891820913344,2025-12-31,2025-12-31,2025-12-31
VEN-03413,0.8948560247364084,1,100.0,2025-12-31,2025-12-31,2025-12-31
VEN-03414,0.5382490189257114,0,79.07905199752828,2025-12-30,2025-12-31,2025-12-31
VEN-03415,0.7762542396669939,0,95.16359460931264,2025-08-17,2025-12-31,2025-12-31
VEN-03416,0.7865394145229451,0,74.20164676039401,2025-12-31,2025-12-31,2025-12-31
VEN-03417,0.8242922317370017,0,100.0,2025-12-31,2025-12-31,2025-12-31
VEN-03418,0.8122495182583648,0,87.49654717968059,2025-12-31,2025-12-31,2025-12-31
VEN-03419,0.6763969926685461,0,100.0,2025-12-07,2025-12-31,2025-12-31
VEN-03420,0.7498653423715393,0,85.24679090083843,2025-12-13,2025-12-31,2025-12-31
VEN-03421,0.9158801604314812,2,96.0326747386235,2025-12-31,2025-12-31,2025-12-31
VEN-03422,0.8127038110031475,0,97.9165598354436,2025-12-31,2025-12-31,2025-12-31
VEN-03423,0.8886852443233357,1,90.75641038851364,2025-12-31,2025-12-31,2025-12-31
VEN-03424,0.4197042613214978,0,80.40747990359273,2025-11-24,2025-12-31,2025-12-31
VEN-03425,0.6534342614286065,1,87.39744239821265,2025-12-31,2025-12-31,2025-12-31
VEN-03426,0.6642609241648724,1,87.44534585555893,2025-12-31,2025-12-31,2025-12-31
VEN-03427,0.73091444974306,0,99.85868063196958,2025-12-12,2025-12-31,2025-12-31
VEN-03428,0.7197082376884213,1,92.1027529065686,2025-12-31,2025-12-31,2025-12-31
VEN-03429,0.6733086461633455,0,100.0,2025-09-07,2025-09-30,2025-12-31
VEN-03430,0.8539685072934169,1,100.0,2025-07-28,2025-12-31,2025-11-06
VEN-03431,0.7799364894710267,0,77.62556586058857,2025-11-11,2025-12-31,2025-12-31
VEN-03432,0.8781876645037033,0,95.625551840593,2025-12-31,2025-12-31,2025-12-31
VEN-03433,0.9817779022052776,2,90.7551415355844,2025-12-31,2025-12-31,2025-12-31
VEN-03434,0.868175954391253,0,98.94409056884722,2025-12-01,2025-12-31,2025-09-24
VEN-03435,0.8143568815552236,1,91.53692864573068,2025-12-31,2025-12-31,2025-12-31
VEN-03436,0.6705667706958675,1,94.52173103930492,2025-12-31,2025-12-31,2025-11-27
VEN-03437,0.6062415779646775,1,84.00622617581276,2025-11-14,2025-12-31,2025-12-31
VEN-03438,0.6202471388438829,0,86.73235740939973,2025-12-31,2025-12-31,2025-12-31
VEN-03439,0.867083448281164,1,94.93521363508044,2025-12-31,2025-12-31,2025-12-31
VEN-03440,0.8991115394759158,0,81.94962940294504,2025-12-31,2025-12-31,2025-12-31
VEN-03441,0.850601066203055,2,84.77452567444814,2025-12-31,2025-12-31,2025-12-31
VEN-03442,0.8908848905929664,0,95.36017475353276,2025-12-31,2025-12-31,2025-12-31
VEN-03443,0.9893528332878876,0,94.35258615035085,2025-12-31,2025-12-31,2025-08-21
VEN-03444,0.5256135024172918,0,89.77901474283134,2025-12-31,2025-12-31,2025-12-31
VEN-03445,0.8409391832354975,0,92.14546626798084,2025-12-31,2025-12-31,2025-12-31
VEN-03446,0.8234515834791677,0,90.01326149397198,2025-08-25,2025-07-04,2025-12-31
VEN-03447,0.9532889485097542,0,91.11564053271562,2025-12-31,2025-12-31,2025-12-31
VEN-03448,0.8450519287280002,0,87.87637772611257,2025-12-31,2025-12-31,2025-12-31
VEN-03449,0.921544748048093,1,81.72497649599646,2025-10-13,2025-12-31,2025-12-31
VEN-03450,0.9272695264799607,1,100.0,2025-12-31,2025-12-31,2025-12-31
VEN-03451,0.8220183862346274,0,98.33251239866502,2025-06-21,2025-12-31,2025-12-31
VEN-03452,0.781334486922,0,81.01094210389175,2025-12-31,2025-12-31,2025-11-05
VEN-03453,0.7828551670475604,2,84.22319115588536,2025-12-31,2025-12-31,2025-12-31
VEN-03454,0.7755366726139867,2,100.0,2025-11-20,2025-12-31,2025-09-22
VEN-03455,0.7792696373879312,1,98.0569830875145,2025-12-31,2025-12-31,2025-12-31
VEN-03456,0.7588381420287679,3,100.0,2025-12-31,2025-12-31,2025-12-31
VEN-03457,0.8511135518404265,0,86.31444655595267,2025-12-31,2025-12-31,2025-12-31
VEN-03458,0.9327260787537852,0,100.0,2025-08-09,2025-12-31,2025-12-31
VEN-03459,0.7523020521827657,0,88.48931755140205,2025-12-31,2025-12-31,2025-12-31
VEN-03460,0.7324071547905316,0,85.14981851168048,2025-12-31,2025-12-15,2025-12-31
VEN-03461,0.891432175678549,0,95.5297188905819,2025-07-03,2025-12-31,2025-12-31
VEN-03462,0.6138988647919792,0,84.91835155954891,2025-12-31,2025-07-06,2025-12-31
VEN-03463,0.7452457326682881,1,90.65313219282962,2025-05-10,2025-12-31,2025-10-23
VEN-03464,0.7582628096368519,0,89.61659602263815,2025-12-31,2025-10-28,2025-12-31
VEN-03465,0.8213440100894843,0,75.3057912327789,2025-12-31,2025-12-31,2025-12-31
VEN-03466,0.5396222387083512,1,79.60160460944958,2025-12-31,2025-12-31,2025-12-31
VEN-03467,0.8798780036302186,3,95.27292043345548,2025-10-27,2025-12-31,2025-12-31
VEN-03468,0.8709692990323882,0,88.58800041259441,2025-12-31,2025-12-31,2025-09-06
VEN-03469,0.5673801094462867,0,99.96239113045988,2025-12-31,2025-12-31,2025-12-31
VEN-03470,0.8298833461126341,0,95.2497937931136,2025-12-31,2025-08-10,2025-12-31
VEN-03471,0.7942492043228765,1,92.78875345468175,2025-12-31,2025-12-31,2025-12-31
VEN-03472,0.9286449861685242,0,100.0,2025-07-20,2025-12-31,2025-12-31
VEN-03473,0.8248326086355287,1,97.84747083377069,2025-12-31,2025-12-12,2025-12-31
VEN-03474,0.790135144225039,1,95.35707332987884,2025-12-31,2025-12-31,2025-12-31
VEN-03475,0.6693642457553202,1,98.61799357213944,2025-12-31,2025-12-31,2025-12-31
VEN-03476,0.857040212986546,0,97.09197245318276,2025-12-31,2025-12-31,2025-12-31
VEN-03477,0.6647926057283531,1,93.21270004292226,2025-12-31,2025-12-31,2025-12-31
VEN-03478,0.8019005924214612,0,95.77979083643714,2025-12-31,2025-12-31,2025-12-31
VEN-03479,0.6632884754779718,0,89.06972416802623,2025-12-18,2025-12-23,2025-12-31
VEN-03480,0.6722312471244005,0,99.95422522932992,2025-12-31,2025-12-31,2025-11-10
VEN-03481,0.9362531286897174,1,91.4591119716154,2025-12-31,2025-08-09,2025-11-01
VEN-03482,0.7483371781266578,0,98.20307884498838,2025-12-31,2025-12-31,2025-12-31
VEN-03483,0.4833772072511065,0,90.35985247242606,2025-12-31,2025-12-05,2025-12-31
VEN-03484,0.881819941868827,0,76.58515567331466,2025-08-21,2025-11-03,2025-12-31
VEN-03485,0.552028693109589,2,96.4693431019751,2025-12-31,2025-12-31,2025-12-31
VEN-03486,0.7950053194984396,1,100.0,2025-12-31,2025-12-31,2025-12-15
VEN-03487,0.5454559807270664,0,86.79056253030531,2025-12-31,2025-09-29,2025-12-31
VEN-03488,0.877111197209399,1,92.71395404778248,2025-12-16,2025-12-31,2025-11-10
VEN-03489,0.8760919540344148,1,96.00202770077706,2025-12-31,2025-12-31,2025-12-31
VEN-03490,0.657575343025992,0,96.9023097592747,2025-12-31,2025-12-31,2025-12-31
VEN-03491,0.8089368499874753,1,100.0,2025-12-31,2025-12-31,2025-12-31
VEN-03492,0.8963740937922667,0,90.55777716730248,2025-12-31,2025-09-12,2025-12-31
VEN-03493,0.8067596614870506,0,89.23208685487958,2025-10-05,2025-12-07,2025-12-31
VEN-03494,0.7439556892583855,0,85.78061403427903,2025-12-31,2025-12-31,2025-12-31
VEN-03495,0.9859915434451004,0,97.49621769608972,2025-12-31,2025-12-31,2025-12-31
VEN-03496,0.7699625954623736,1,100.0,2025-12-31,2025-12-31,2025-08-30
VEN-03497,0.8658797297542784,2,96.57276253830864,2025-07-14,2025-12-31,2025-12-31
VEN-03498,0.6978847143141228,0,95.02764309759776,2025-12-31,2025-12-31,2025-10-10
VEN-03499,0.9570533083379114,2,92.58395228635038,2025-12-31,2025-12-31,2025-12-31
VEN-03500,0.8135941649078046,1,100.0,2025-12-31,2025-12-31,2025-12-31
VEN-03501,0.7784236856956456,1,100.0,2025-12-28,2025-12-31,2025-08-10
VEN-03502,0.9143321901981234,0,92.75280192207144,2025-12-31,2025-12-31,2025-12-31
VEN-03503,0.7386413110895591,0,87.08743480282767,2025-12-31,2025-12-31,2025-12-24
VEN-03504,0.7520346904900522,0,84.17516006751244,2025-12-31,2025-12-31,2025-12-31
VEN-03505,0.5477816798590476,0,100.0,2025-12-04,2025-12-31,2025-12-31
VEN-03506,0.9014010662571964,1,84.92675326085919,2025-12-31,2025-12-31,2025-12-31
VEN-03507,0.7059506124502312,0,90.1200562692138,2025-12-31,2025-12-31,2025-12-31
VEN-03508,0.927406436307514,0,88.63167601049908,2025-12-31,2025-08-03,2025-12-31
VEN-03509,0.8165698007543174,2,100.0,2025-12-31,2025-12-31,2025-12-03
VEN-03510,0.9119133279661332,2,100.0,2025-12-31,2025-12-31,2025-12-31
VEN-03511,0.7780943388442474,1,100.0,2025-12-31,2025-12-31,2025-12-31
VEN-03512,0.979219331017644,0,91.16010313635834,2025-12-31,2025-12-31,2025-08-22
VEN-03513,0.6740114444624672,0,100.0,2025-12-31,2025-09-04,2025-12-31
VEN-03514,0.8211437632614876,1,100.0,2025-12-31,2025-12-31,2025-12-31
VEN-03515,0.6948391143514219,1,97.17264916124763,2025-12-31,2025-12-05,2025-09-06
VEN-03516,0.9525705608112388,0,88.9548746114898,2025-12-31,2025-12-31,2025-11-20
VEN-03517,0.7569264121576047,2,94.0656347064706,2025-12-31,2025-12-31,2025-12-31
VEN-03518,0.9809732733212504,0,97.66559420471458,2025-08-28,2025-12-31,2025-12-31
VEN-03519,0.98424270075528,0,92.59579593356708,2025-12-31,2025-12-31,2025-12-31
VEN-03520,0.8525234269883959,0,89.00632111532704,2025-07-23,2025-12-31,2025-12-31
VEN-03521,0.7725429731841489,1,100.0,2025-12-31,2025-12-31,2025-12-31
VEN-03522,0.665811165798206,0,97.50337058797886,2025-12-31,2025-12-31,2025-12-31
VEN-03523,0.81099899231746,0,93.45120863616862,2025-11-23,2025-12-31,2025-12-31
VEN-03524,0.8897708627299843,1,100.0,2025-12-31,2025-12-31,2025-12-31
VEN-03525,0.7280201165244902,1,100.0,2025-12-31,2025-12-31,2025-12-31
VEN-03526,0.7527950936291513,0,86.4680559927822,2025-10-08,2025-07-05,2025-12-04
VEN-03527,0.9577478748312056,2,78.52932756646568,2025-12-31,2025-12-31,2025-12-31
VEN-03528,0.8211967098910178,0,96.59391614442518,2025-12-31,2025-12-31,2025-12-31
VEN-03529,0.4947301387552402,1,100.0,2025-12-31,2025-12-31,2025-12-31
VEN-03530,0.8690624894859768,0,100.0,2025-12-31,2025-12-31,2025-12-31
VEN-03531,0.5997704602532878,1,98.4211265898443,2025-12-31,2025-09-14,2025-12-31
VEN-03532,0.5827382817710006,0,84.60881754863554,2025-12-31,2025-12-13,2025-12-31
VEN-03533,0.7601875279642102,1,96.8323564531078,2025-12-31,2025-12-31,2025-12-31
VEN-03534,0.9190657735982636,0,99.06177938880796,2025-08-04,2025-08-13,2025-12-31
VEN-03535,0.7322133955460405,0,91.620646657128,2025-07-18,2025-12-31,2025-12-03
VEN-03536,0.8914274109865057,0,99.842643694944,2025-12-31,2025-12-31,2025-11-02
VEN-03537,0.6606407342019701,0,83.52280901872163,2025-08-14,2025-12-31,2025-12-31
VEN-03538,0.900682029093275,2,100.0,2025-12-31,2025-12-31,2025-12-31
VEN-03539,0.874473120257749,0,89.15439501064562,2025-12-31,2025-12-31,2025-12-31
VEN-03540,0.859756206781507,0,81.44397298314283,2025-09-01,2025-12-31,2025-12-31
VEN-03541,0.9446852661465424,1,87.92701294867182,2025-12-31,2025-12-31,2025-12-31
VEN-03542,0.8222679786282288,0,99.81777044067796,2025-12-31,2025-12-17,2025-12-31
VEN-03543,0.7614354938287872,0,100.0,2025-12-31,2025-12-31,2025-12-31
VEN-03544,0.8260184907962533,0,95.08595142368252,2025-12-31,2025-12-31,2025-12-31
VEN-03545,0.7689530933195217,1,77.78603828543208,2025-12-31,2025-12-31,2025-12-31
VEN-03546,0.89932830805295,0,85.93023008425098,2025-12-31,2025-12-31,2025-10-05
VEN-03547,0.9399223177268436,0,91.02623352731216,2025-12-31,2025-09-15,2025-12-31
VEN-03548,0.8035587799402126,0,91.3952289366126,2025-12-31,2025-11-17,2025-12-31
VEN-03549,0.6312569747678541,0,84.63261859578253,2025-12-31,2025-12-31,2025-12-31
VEN-03550,0.6419085930571583,1,92.44103486759882,2025-12-31,2025-12-31,2025-11-30
VEN-03551,0.8191726711116327,0,100.0,2025-12-31,2025-12-31,2025-12-31
VEN-03552,0.8815362723871153,0,94.418208993522,2025-12-31,2025-12-31,2025-12-31
VEN-03553,0.848836388832976,0,100.0,2025-12-31,2025-12-31,2025-12-31
VEN-03554,0.9293028516242134,0,93.42711479375538,2025-12-31,2025-12-31,2025-12-31
VEN-03555,0.92132507618608,0,100.0,2025-12-31,2025-12-31,2025-09-05
VEN-03556,0.8437793873810842,0,100.0,2025-12-31,2025-12-31,2025-12-31
VEN-03557,0.7848328664337911,0,97.0030211415136,2025-12-31,2025-07-24,2025-08-10
VEN-03558,0.8379273717146444,2,95.10228071424837,2025-12-31,2025-12-31,2025-12-31
VEN-03559,0.9617001390070292,1,100.0,2025-11-22,2025-12-31,2025-12-31
VEN-03560,0.7535953866903228,1,100.0,2025-12-31,2025-12-31,2025-12-31
VEN-03561,0.7915248050844136,0,91.69789577739223,2025-12-31,2025-12-31,2025-12-31
VEN-03562,0.9122203962422551,2,91.55506739383722,2025-12-31,2025-12-31,2025-12-31
VEN-03563,0.8201367763270573,0,97.5781508499043,2025-12-31,2025-12-31,2025-12-31
VEN-03564,0.7721553918442118,0,84.08262919025645,2025-08-24,2025-12-31,2025-12-31
VEN-03565,0.9008901799240582,1,97.74508985150368,2025-07-21,2025-12-31,2025-12-31
VEN-03566,0.8980136254890888,0,94.29747851845916,2025-05-24,2025-12-31,2025-12-31
VEN-03567,0.8178853596353904,1,85.3950984674243,2025-05-12,2025-12-31,2025-12-31
VEN-03568,0.840956466713634,0,90.85981856657,2025-12-31,2025-12-31,2025-12-31
VEN-03569,0.8414181574191166,1,98.02824341267824,2025-08-18,2025-12-31,2025-08-30
VEN-03570,0.9550037850479248,1,92.4200984212463,2025-12-31,2025-12-31,2025-12-31
VEN-03571,0.8241559681405581,1,96.39500264016132,2025-12-31,2025-12-29,2025-12-31
VEN-03572,0.7046466782033626,0,99.70206195521924,2025-12-31,2025-12-31,2025-12-31
VEN-03573,0.6664050189488518,0,100.0,2025-12-14,2025-12-31,2025-08-26
VEN-03574,0.7720458211626979,1,91.11902894334033,2025-12-31,2025-12-31,2025-12-31
VEN-03575,0.8962218740455496,0,93.03860822497252,2025-05-26,2025-12-31,2025-12-31
VEN-03576,0.6631219584026672,0,95.3574360608984,2025-12-31,2025-12-18,2025-12-31
VEN-03577,0.7980216502188544,0,100.0,2025-12-31,2025-12-31,2025-12-31
VEN-03578,0.8874880597629863,0,100.0,2025-12-31,2025-12-31,2025-09-20
VEN-03579,0.9529978684458276,1,87.02110534345945,2025-12-31,2025-12-31,2025-12-31
VEN-03580,0.9685008689860756,0,82.38298905746039,2025-12-31,2025-12-31,2025-12-31
VEN-03581,0.8498222054277695,0,100.0,2025-08-01,2025-12-31,2025-12-31
VEN-03582,0.7695110420501792,0,95.64158214014483,2025-12-31,2025-12-31,2025-08-29
VEN-03583,0.8616427673728335,1,100.0,2025-12-31,2025-12-31,2025-12-31
VEN-03584,0.7322438700073474,1,100.0,2025-12-31,2025-12-31,2025-12-31
VEN-03585,0.8709925942703367,2,90.46578729340874,2025-12-31,2025-12-31,2025-12-31
VEN-03586,0.9415120337894002,1,93.58962432268764,2025-12-31,2025-12-22,2025-09-05
VEN-03587,0.68815689986643,0,100.0,2025-12-31,2025-12-31,2025-12-31
VEN-03588,0.8539549675823777,1,87.67794450622124,2025-12-31,2025-10-05,2025-09-08
VEN-03589,0.7402998521829426,0,95.02582418566098,2025-12-31,2025-12-31,2025-12-31
VEN-03590,0.851572689182055,1,92.61830619613347,2025-12-31,2025-12-31,2025-11-05
VEN-03591,0.7296617645617778,0,90.48146518346104,2025-11-05,2025-12-31,2025-12-31
VEN-03592,0.7267527880959435,0,99.59861382552847,2025-06-17,2025-12-31,2025-12-31
VEN-03593,0.8785570834766876,1,93.51256002434822,2025-12-31,2025-12-31,2025-12-31
VEN-03594,0.9361051189576776,1,87.72475992744526,2025-12-31,2025-12-31,2025-12-31
VEN-03595,0.8399572196127448,0,100.0,2025-12-31,2025-12-31,2025-08-03
VEN-03596,0.497953144468051,0,100.0,2025-12-31,2025-12-31,2025-08-08
VEN-03597,0.9236135591114946,0,100.0,2025-12-31,2025-12-31,2025-12-31
VEN-03598,0.7227081261419314,0,89.6543542239893,2025-11-13,2025-12-31,2025-12-31
VEN-03599,0.7869071571673114,0,97.4681526038819,2025-07-28,2025-12-31,2025-12-31
VEN-03600,0.9087389999589032,0,95.29604340160051,2025-12-31,2025-12-31,2025-12-31
VEN-03601,0.7116646610111,3,94.93900124836968,2025-12-31,2025-12-31,2025-12-31
VEN-03602,0.9579222108575668,0,98.41359887105234,2025-12-31,2025-12-31,2025-12-31
VEN-03603,0.8056798458247426,0,99.26477310758928,2025-12-31,2025-12-31,2025-09-27
VEN-03604,0.7813223194075621,0,100.0,2025-12-31,2025-12-31,2025-12-31
VEN-03605,0.8706247678855195,0,98.24339493025433,2025-12-01,2025-12-31,2025-09-14
VEN-03606,0.8631642511164622,0,97.2764684862478,2025-12-31,2025-12-10,2025-11-27
VEN-03607,0.7830727179874423,0,97.55181607479416,2025-12-31,2025-12-31,2025-10-20
VEN-03608,0.926708739045455,0,100.0,2025-12-31,2025-12-31,2025-12-31
VEN-03609,0.7879514661875593,1,83.36653820000669,2025-06-15,2025-12-31,2025-12-31
VEN-03610,0.7817210742361511,0,100.0,2025-12-31,2025-12-31,2025-12-31
VEN-03611,0.6533729632114941,0,98.74191310548557,2025-12-31,2025-12-23,2025-12-31
VEN-03612,0.9586972946839272,0,94.67063461805829,2025-12-31,2025-12-31,2025-12-31
VEN-03613,0.9455107333083508,1,97.106613543883,2025-12-01,2025-12-31,2025-11-24
VEN-03614,0.9228360867288872,0,100.0,2025-12-31,2025-12-31,2025-10-17
VEN-03615,0.6608224082600872,0,98.48082022127484,2025-12-31,2025-12-31,2025-12-31
VEN-03616,0.9042315285845632,0,98.87312104156516,2025-12-31,2025-08-25,2025-12-31
VEN-03617,0.4205374197515074,1,94.16393792565702,2025-12-31,2025-12-31,2025-12-31
VEN-03618,0.5974198364276208,0,100.0,2025-08-30,2025-12-31,2025-12-31
VEN-03619,0.6866211830699109,1,100.0,2025-09-30,2025-12-31,2025-12-31
VEN-03620,0.667669630603809,2,78.37755841739394,2025-06-04,2025-12-31,2025-12-31
VEN-03621,0.7275502565933865,0,96.99795730632871,2025-12-31,2025-12-31,2025-12-31
VEN-03622,0.9101305952210208,1,100.0,2025-12-31,2025-12-31,2025-12-31
VEN-03623,0.6272177519099976,0,100.0,2025-12-31,2025-12-31,2025-12-31
VEN-03624,0.9204608787554664,1,100.0,2025-12-31,2025-12-31,2025-12-31
VEN-03625,0.956386474608556,0,94.84570535236996,2025-11-15,2025-12-31,2025-12-31
VEN-03626,0.8175248479711829,0,100.0,2025-12-31,2025-10-27,2025-12-31
VEN-03627,0.9457360791097424,1,96.92259177268184,2025-12-31,2025-12-31,2025-12-31
VEN-03628,0.8913915975243666,1,81.02823094319434,2025-12-31,2025-12-31,2025-12-31
VEN-03629,0.8027566387779406,1,93.66405247209138,2025-12-31,2025-12-31,2025-12-31
VEN-03630,0.7873922754537291,1,82.7214573361164,2025-12-31,2025-12-31,2025-12-31
VEN-03631,0.8625321901051715,1,94.18438584627329,2025-12-31,2025-08-26,2025-12-31
VEN-03632,0.698909220707136,0,100.0,2025-12-31,2025-12-31,2025-12-31
VEN-03633,0.9187125728663428,0,89.26877600821106,2025-12-31,2025-12-31,2025-12-31
VEN-03634,0.9278909511043644,3,100.0,2025-12-31,2025-12-31,2025-12-31
VEN-03635,0.7666938050348924,0,83.32349545085614,2025-12-31,2025-12-31,2025-12-14
VEN-03636,0.9652261177016376,1,96.20600444290515,2025-12-16,2025-11-14,2025-12-31
VEN-03637,0.5271860650956447,0,81.53814398338251,2025-07-04,2025-07-20,2025-11-24
VEN-03638,0.6664990817411363,0,83.63189711934169,2025-12-31,2025-12-31,2025-12-31
VEN-03639,0.9125407723888476,1,99.80743033981868,2025-12-31,2025-08-26,2025-12-31
VEN-03640,0.9714829786622564,1,92.92181891751868,2025-12-31,2025-11-28,2025-12-31
VEN-03641,0.963413164847797,3,93.43611718091556,2025-12-31,2025-08-14,2025-09-24
VEN-03642,0.8146482038860005,2,94.12851468941945,2025-12-31,2025-08-23,2025-12-31
VEN-03643,0.9225876674191834,1,77.08628666569511,2025-12-31,2025-12-31,2025-08-04
VEN-03644,0.8822759700028946,0,90.58712272252949,2025-07-29,2025-12-31,2025-12-31
VEN-03645,0.5544136486975054,1,93.97256874923396,2025-12-31,2025-12-31,2025-12-31
VEN-03646,0.5682544721664969,1,97.1554105255868,2025-12-31,2025-12-31,2025-12-31
VEN-03647,0.9032431003548106,1,72.9362364462988,2025-08-01,2025-12-31,2025-08-11
VEN-03648,0.712973469848539,0,100.0,2025-12-31,2025-12-31,2025-12-31
VEN-03649,0.7634624083552577,0,85.62417662090907,2025-12-31,2025-12-31,2025-12-31
VEN-03650,0.6184534210225017,3,98.44794125116748,2025-12-31,2025-11-25,2025-12-31
VEN-03651,0.404215741106106,2,94.63371206951744,2025-12-31,2025-12-31,2025-12-27
VEN-03652,0.6098874854352276,0,100.0,2025-11-16,2025-12-21,2025-12-31
VEN-03653,0.811194964840085,1,100.0,2025-12-31,2025-12-31,2025-12-31
VEN-03654,0.9263956426701566,1,94.71255599885347,2025-12-31,2025-07-15,2025-12-31
VEN-03655,0.9735364289730232,2,96.22522048742644,2025-12-31,2025-12-31,2025-08-03
VEN-03656,0.7079742930422034,3,75.39536277544767,2025-12-31,2025-12-31,2025-12-31
VEN-03657,0.9275763392214176,0,87.90725543664485,2025-08-10,2025-12-31,2025-12-31
VEN-03658,0.7121643369136536,0,86.3429703736525,2025-08-10,2025-12-31,2025-12-31
VEN-03659,0.8230742623979552,1,93.5295829054832,2025-12-31,2025-12-31,2025-12-26
VEN-03660,0.8309096610187443,1,93.54990409458564,2025-12-31,2025-12-31,2025-12-31
VEN-03661,0.6806855187592415,0,93.16662440035294,2025-12-31,2025-12-31,2025-12-31
VEN-03662,0.8811409995636575,1,96.56732838721794,2025-12-31,2025-12-11,2025-12-31
VEN-03663,0.9219355403562848,0,100.0,2025-07-20,2025-12-31,2025-12-10
VEN-03664,0.7673220008588603,0,100.0,2025-08-05,2025-12-31,2025-12-31
VEN-03665,0.6247950006165406,0,99.14856286983331,2025-12-31,2025-12-31,2025-12-31
VEN-03666,0.4578415277302142,0,94.36037569252709,2025-12-10,2025-12-31,2025-12-31
VEN-03667,0.4364977046186195,0,94.48583520473773,2025-12-31,2025-10-07,2025-12-31
VEN-03668,0.8652673530490238,0,97.65535512523088,2025-11-04,2025-12-31,2025-12-31
VEN-03669,0.6812699029556096,1,94.27334548149058,2025-12-31,2025-12-31,2025-12-31
VEN-03670,0.6347528976028681,0,100.0,2025-12-31,2025-12-31,2025-12-31
VEN-03671,0.812420423413786,1,87.56232317122232,2025-12-31,2025-12-31,2025-12-31
VEN-03672,0.7366071824485008,0,99.7844499498988,2025-12-31,2025-12-31,2025-12-31
VEN-03673,0.6023549960275584,1,88.44700492844021,2025-06-03,2025-12-31,2025-12-31
VEN-03674,0.5249942587722446,0,97.428202933588,2025-12-31,2025-12-31,2025-12-31
VEN-03675,0.6880978576327133,0,98.31955964638654,2025-12-31,2025-12-31,2025-12-31
VEN-03676,0.7469230157598493,1,97.48041261140912,2025-12-31,2025-12-31,2025-12-31
VEN-03677,0.8772504381776459,2,92.53701219292424,2025-12-31,2025-10-13,2025-11-12
VEN-03678,0.8926964141310464,0,84.38187762313895,2025-05-23,2025-12-31,2025-12-31
VEN-03679,0.5665196209605227,1,91.274396103045,2025-12-14,2025-12-31,2025-12-31
VEN-03680,0.8723446486399756,2,97.85066341737712,2025-06-20,2025-12-31,2025-12-31
VEN-03681,0.8494028672159771,0,76.62281528090216,2025-12-31,2025-12-31,2025-12-31
VEN-03682,0.6914703628394676,0,97.0226191914292,2025-12-31,2025-12-31,2025-12-31
VEN-03683,0.8104650831455483,0,91.99024747489057,2025-12-31,2025-12-31,2025-12-31
VEN-03684,0.7681783047382701,0,84.0176827087545,2025-10-20,2025-12-31,2025-12-31
VEN-03685,0.8560981086808038,0,95.34134469311972,2025-12-31,2025-12-31,2025-12-31
VEN-03686,0.9397646544827012,1,100.0,2025-08-21,2025-12-31,2025-12-31
VEN-03687,0.887153463214294,1,100.0,2025-12-31,2025-10-14,2025-11-08
VEN-03688,0.7775367990009867,1,87.26406002523275,2025-12-31,2025-09-15,2025-12-31
VEN-03689,0.7911610150290831,1,100.0,2025-12-31,2025-12-31,2025-12-31
VEN-03690,0.6254580645252944,0,98.7069448536254,2025-12-31,2025-12-25,2025-12-31
VEN-03691,0.8343451474661554,1,100.0,2025-12-31,2025-12-31,2025-12-31
VEN-03692,0.5829231593455384,0,94.70817174243976,2025-12-31,2025-10-09,2025-12-31
VEN-03693,0.8630942267541338,1,91.58393911730587,2025-12-31,2025-12-31,2025-09-04
VEN-03694,0.9037782693814868,0,81.1184814257297,2025-12-31,2025-10-31,2025-12-31
VEN-03695,0.8729840445269011,0,100.0,2025-12-31,2025-12-31,2025-12-31
VEN-03696,0.8475486452124832,1,97.21114579280946,2025-07-10,2025-12-31,2025-12-31
VEN-03697,0.7020951122736481,2,92.4594519454191,2025-12-31,2025-12-31,2025-12-31
VEN-03698,0.8261289733097011,3,100.0,2025-08-20,2025-12-31,2025-12-31
VEN-03699,0.6869252713888605,0,96.01463972369014,2025-08-07,2025-11-22,2025-12-31
VEN-03700,0.958832729117272,0,84.07059392761947,2025-12-31,2025-12-20,2025-12-31
VEN-03701,0.9422570859134048,0,94.08856417788246,2025-12-31,2025-12-31,2025-12-31
VEN-03702,0.8841032224875394,1,90.20844118347932,2025-12-31,2025-12-31,2025-11-27
VEN-03703,0.8753917676622325,1,90.61600330408484,2025-12-31,2025-12-31,2025-12-31
VEN-03704,0.8408427964966547,0,100.0,2025-07-27,2025-12-31,2025-11-29
VEN-03705,0.612327228767784,0,98.33632293874032,2025-12-31,2025-12-31,2025-12-31
VEN-03706,0.6681117163184243,0,100.0,2025-12-31,2025-12-31,2025-12-31
VEN-03707,0.8813875217734594,1,100.0,2025-12-31,2025-12-31,2025-12-31
VEN-03708,0.6947204278640036,1,99.85129773332687,2025-12-31,2025-11-19,2025-12-31
VEN-03709,0.8714893407977241,0,99.7976890235807,2025-06-13,2025-12-31,2025-12-31
VEN-03710,0.9368753339598128,0,99.1410855029291,2025-12-31,2025-12-31,2025-12-31
VEN-03711,0.7776305711098198,0,95.46380184815074,2025-06-03,2025-09-07,2025-12-31
VEN-03712,0.9161412241834028,0,95.55096098969469,2025-06-05,2025-12-31,2025-08-18
VEN-03713,0.7813533370995401,0,88.46570500442013,2025-11-14,2025-12-31,2025-12-31
VEN-03714,0.6037832404357076,0,91.58909766100172,2025-12-31,2025-12-31,2025-12-31
VEN-03715,0.8592725597986682,1,96.96347142559284,2025-08-12,2025-12-31,2025-12-31
VEN-03716,0.9632974255544068,1,96.06025450300714,2025-07-17,2025-12-31,2025-12-31
VEN-03717,0.702577353822762,1,88.87742929537328,2025-12-31,2025-12-31,2025-12-31
VEN-03718,0.917924089955436,0,92.92740629055258,2025-12-31,2025-12-31,2025-12-31
VEN-03719,0.790258067679339,0,91.42273981875522,2025-12-31,2025-12-31,2025-12-31
VEN-03720,0.7223964038730688,0,100.0,2025-11-16,2025-11-11,2025-12-31
VEN-03721,0.7941061198288613,1,93.73497335525698,2025-12-31,2025-12-31,2025-12-31
VEN-03722,0.4899754125988388,0,90.6253193704025,2025-12-31,2025-12-31,2025-12-31
VEN-03723,0.7102532923915627,1,85.61500137065642,2025-12-31,2025-12-31,2025-12-31
VEN-03724,0.8366991777945182,1,85.08807443768069,2025-12-31,2025-12-31,2025-12-31
VEN-03725,0.7054805704975765,0,82.37142330496235,2025-12-31,2025-12-31,2025-12-31
VEN-03726,0.8459474777988496,1,98.57820854923744,2025-06-30,2025-12-31,2025-12-31
VEN-03727,0.8503531069593407,0,84.94473902181716,2025-12-31,2025-12-31,2025-12-31
VEN-03728,0.6522708486975705,1,85.78675940051873,2025-12-31,2025-12-31,2025-12-31
VEN-03729,0.9240746472276667,1,76.48566855678196,2025-12-31,2025-12-31,2025-12-31
VEN-03730,0.9677310102372249,0,88.86654431521524,2025-12-31,2025-12-31,2025-12-20
VEN-03731,0.9244954527930812,0,80.37433075701117,2025-12-31,2025-12-31,2025-12-31
VEN-03732,0.744897045267885,2,81.20271713996573,2025-12-31,2025-12-31,2025-12-31
VEN-03733,0.93572200888478,0,99.8542245240956,2025-12-31,2025-12-31,2025-12-31
VEN-03734,0.857261562227491,1,93.9298709885423,2025-12-31,2025-12-31,2025-11-20
VEN-03735,0.6228245181093025,1,89.47105391649522,2025-12-31,2025-07-05,2025-12-31
VEN-03736,0.9032297691528214,0,100.0,2025-12-31,2025-12-31,2025-12-31
VEN-03737,0.7763935770306505,0,91.57928084162236,2025-12-31,2025-12-31,2025-12-31
VEN-03738,0.6750650277377566,0,83.7812953195444,2025-12-31,2025-12-31,2025-12-31
VEN-03739,0.8636446141018703,0,100.0,2025-10-27,2025-12-31,2025-12-31
VEN-03740,0.8614305589219418,1,99.46971038389113,2025-10-23,2025-12-31,2025-12-31
VEN-03741,0.7637727034538699,0,87.0802146868314,2025-12-31,2025-12-31,2025-12-31
VEN-03742,0.7300142866261946,1,89.27850358596488,2025-12-31,2025-12-31,2025-12-31
VEN-03743,0.7955250051293377,0,89.8635257569054,2025-12-31,2025-12-31,2025-12-31
VEN-03744,0.7200218585990195,1,100.0,2025-12-31,2025-12-03,2025-12-31
VEN-03745,0.8279781039512022,0,89.69439035613152,2025-12-31,2025-12-31,2025-09-12
VEN-03746,0.8843091788474724,0,90.75539069876412,2025-12-31,2025-07-16,2025-12-31
VEN-03747,0.7679186643722704,0,87.84254488680891,2025-12-31,2025-12-31,2025-12-31
VEN-03748,0.9823087391747338,1,87.45109878616098,2025-12-31,2025-12-31,2025-12-31
VEN-03749,0.8780504930468936,0,97.69420915930284,2025-08-28,2025-12-31,2025-12-31
VEN-03750,0.8771429280006127,2,100.0,2025-12-31,2025-12-31,2025-10-23
VEN-03751,0.9403316500384288,0,87.18903812231049,2025-12-22,2025-07-22,2025-12-31
VEN-03752,0.8380558998443086,0,74.23616520030674,2025-12-31,2025-10-09,2025-10-21
VEN-03753,0.815215290353766,3,94.65569436347408,2025-07-12,2025-07-04,2025-12-31
VEN-03754,0.8081873800770453,0,72.59366364958704,2025-12-31,2025-12-31,2025-12-31
VEN-03755,0.5465070546232844,0,91.656192986136,2025-12-31,2025-12-31,2025-10-24
VEN-03756,0.9145428631646288,1,93.70137542840745,2025-12-31,2025-12-12,2025-12-31
VEN-03757,0.636548114566295,2,82.15855298175497,2025-12-31,2025-12-31,2025-10-28
VEN-03758,0.7011603958678972,2,95.2991876467654,2025-10-21,2025-12-31,2025-12-31
VEN-03759,0.5096632507795783,0,92.498790600452,2025-10-01,2025-12-31,2025-12-31
VEN-03760,0.8832445485348756,2,79.28372450445204,2025-05-30,2025-12-31,2025-12-31
VEN-03761,0.8749486958915833,1,86.57962803151389,2025-12-01,2025-12-31,2025-12-31
VEN-03762,0.6536914079150102,1,93.35424112101036,2025-12-31,2025-12-31,2025-12-31
VEN-03763,0.8731255488858004,0,100.0,2025-06-06,2025-12-31,2025-09-26
VEN-03764,0.8617033283214302,1,88.9425941761646,2025-12-31,2025-11-24,2025-12-31
VEN-03765,0.544315166924631,1,90.77244169667968,2025-12-31,2025-12-31,2025-12-31
VEN-03766,0.786265525385466,0,85.45329502801397,2025-12-04,2025-12-31,2025-12-31
VEN-03767,0.7773186195015216,0,95.30228120603964,2025-12-31,2025-09-09,2025-12-31
VEN-03768,0.4236873994160126,2,92.6667504628445,2025-12-31,2025-12-31,2025-09-24
VEN-03769,0.6463227433576826,0,97.707248364693,2025-07-04,2025-12-31,2025-12-31
VEN-03770,0.7852946929337823,0,88.44656238698124,2025-12-31,2025-12-31,2025-12-31
VEN-03771,0.4773089009883152,0,86.55819387779911,2025-06-09,2025-12-31,2025-12-31
VEN-03772,0.4884714953010687,0,90.67969689308612,2025-12-31,2025-07-25,2025-12-31
VEN-03773,0.8899953632363214,0,92.22230772517516,2025-12-31,2025-12-31,2025-12-31
VEN-03774,0.8500441447387596,0,96.05292799122051,2025-12-31,2025-12-31,2025-12-31
VEN-03775,0.935925118137421,0,98.06094493942432,2025-12-31,2025-12-31,2025-12-31
VEN-03776,0.5966484866281226,0,96.87900584306368,2025-09-04,2025-12-31,2025-12-31
VEN-03777,0.8847630217524686,0,90.42141539094038,2025-08-14,2025-12-31,2025-08-27
VEN-03778,0.8489101094492627,0,100.0,2025-09-08,2025-08-27,2025-12-31
VEN-03779,0.8975389762879943,0,95.53474686033982,2025-11-12,2025-12-31,2025-12-31
VEN-03780,0.8969154544985696,1,100.0,2025-12-31,2025-12-31,2025-12-31
VEN-03781,0.8628733729224064,1,98.60020369031774,2025-12-31,2025-12-31,2025-12-31
VEN-03782,0.8637005790273227,0,78.1947079696961,2025-12-31,2025-12-31,2025-12-31
VEN-03783,0.816906267964158,0,81.9178911313807,2025-12-31,2025-12-31,2025-12-31
VEN-03784,0.8458840177303958,0,100.0,2025-12-31,2025-12-31,2025-12-31
VEN-03785,0.8092305967120293,0,98.62571893218352,2025-12-31,2025-12-31,2025-11-24
VEN-03786,0.8501449663701818,0,94.35766302674546,2025-12-31,2025-12-31,2025-10-04
VEN-03787,0.6956079778060357,0,100.0,2025-12-31,2025-12-31,2025-12-31
VEN-03788,0.7353796130071993,0,76.38536831985738,2025-12-31,2025-08-23,2025-12-31
VEN-03789,0.8469908673179372,1,86.50793879659247,2025-11-25,2025-07-20,2025-12-31
VEN-03790,0.895055357093164,1,95.86766948275228,2025-05-18,2025-12-31,2025-12-31
VEN-03791,0.9442390411109928,1,91.6679049247626,2025-12-31,2025-12-31,2025-12-31
VEN-03792,0.926599378268224,2,100.0,2025-12-31,2025-12-31,2025-12-31
VEN-03793,0.8979505258170373,0,100.0,2025-12-31,2025-12-08,2025-08-07
VEN-03794,0.7964738604780328,0,100.0,2025-12-31,2025-12-31,2025-12-31
VEN-03795,0.9369587886542556,2,78.07045925068095,2025-08-13,2025-12-31,2025-12-31
VEN-03796,0.8569214208534403,0,100.0,2025-12-31,2025-12-31,2025-12-31
VEN-03797,0.8371656549163473,0,93.59660582191522,2025-12-31,2025-12-31,2025-08-23
VEN-03798,0.7515492982219236,2,88.64382608211085,2025-12-31,2025-08-02,2025-12-31
VEN-03799,0.660975475295221,1,79.41603310258297,2025-11-12,2025-12-31,2025-08-05
VEN-03800,0.7769985009360101,0,94.25368143776322,2025-12-31,2025-12-31,2025-12-31
VEN-03801,0.8655312809095951,1,80.92228399727648,2025-12-31,2025-11-10,2025-12-31
VEN-03802,0.8544788023739569,0,87.68167757357855,2025-12-31,2025-12-31,2025-12-31
VEN-03803,0.8176418724982679,1,82.4546037549295,2025-07-16,2025-12-31,2025-12-31
VEN-03804,0.6759765554823595,2,91.03845184265325,2025-12-31,2025-12-31,2025-12-31
VEN-03805,0.7693825943832174,0,90.93628809334838,2025-12-31,2025-12-31,2025-12-08
VEN-03806,0.9583156600844842,2,84.4232097193364,2025-12-31,2025-12-31,2025-12-31
VEN-03807,0.6189551682451412,0,91.84542833311669,2025-12-31,2025-12-31,2025-12-31
VEN-03808,0.8877951165206507,0,98.059468474486,2025-09-26,2025-10-24,2025-12-31
VEN-03809,0.8867957250726906,2,92.77351058259876,2025-12-31,2025-12-31,2025-12-31
VEN-03810,0.687656359966223,0,100.0,2025-12-31,2025-12-31,2025-12-31
VEN-03811,0.798284749538812,0,89.95813912669453,2025-12-31,2025-12-31,2025-12-31
VEN-03812,0.7674824313626235,1,92.67433263406848,2025-12-31,2025-12-31,2025-10-29
VEN-03813,0.6889705827107975,0,100.0,2025-09-30,2025-11-25,2025-12-31
VEN-03814,0.8062785153503422,0,86.53617470863873,2025-12-31,2025-12-31,2025-12-31
VEN-03815,0.6846021328804449,0,99.03615176195606,2025-12-31,2025-08-26,2025-12-31
VEN-03816,0.8036752645483374,1,85.39827451012748,2025-12-31,2025-12-31,2025-12-31
VEN-03817,0.9191521183908746,1,88.3956172738353,2025-12-31,2025-12-31,2025-12-04
VEN-03818,0.8893049119804123,0,96.10763599458784,2025-12-31,2025-12-31,2025-12-31
VEN-03819,0.688629817590375,2,87.58091453650827,2025-12-31,2025-12-31,2025-12-31
VEN-03820,0.5191904276702547,0,89.99675480049763,2025-12-31,2025-07-17,2025-11-05
VEN-03821,0.7246790092489347,1,77.80245429345513,2025-12-31,2025-12-31,2025-12-31
VEN-03822,0.7559338768340662,0,100.0,2025-12-31,2025-12-31,2025-12-31
VEN-03823,0.9239569704584334,0,99.42236251870632,2025-12-31,2025-12-31,2025-12-31
VEN-03824,0.7397397444467565,1,96.77860296555964,2025-06-19,2025-12-31,2025-12-31
VEN-03825,0.5301733068751889,0,88.97442923456993,2025-12-31,2025-12-31,2025-12-31
VEN-03826,0.7963501095747145,0,78.85864575682079,2025-08-11,2025-10-26,2025-12-31
VEN-03827,0.9150262888527442,0,96.93014366852437,2025-10-02,2025-09-06,2025-11-16
VEN-03828,0.9295770060201248,0,96.76818777889903,2025-12-31,2025-12-31,2025-12-31
VEN-03829,0.8568938903627424,0,78.45353207399567,2025-12-31,2025-12-31,2025-12-31
VEN-03830,0.7854785293742744,0,82.02309301566278,2025-12-31,2025-12-31,2025-11-10
VEN-03831,0.878518481835236,2,93.29795455555308,2025-12-31,2025-12-31,2025-12-31
VEN-03832,0.6946502480127731,1,96.25091553744672,2025-05-24,2025-12-31,2025-12-31
VEN-03833,0.8189340232015757,0,92.63528072753772,2025-12-31,2025-12-31,2025-12-31
VEN-03834,0.8335760988990173,1,71.89550511890135,2025-12-31,2025-12-31,2025-12-31
VEN-03835,0.673304910565251,1,95.0552865862544,2025-07-04,2025-12-31,2025-12-31
VEN-03836,0.8733256464813828,1,92.64106015595662,2025-12-31,2025-12-31,2025-12-17
VEN-03837,0.9187124622803295,0,82.26142599540287,2025-12-31,2025-12-31,2025-12-31
VEN-03838,0.8425011982391458,0,93.88197645574677,2025-10-03,2025-07-11,2025-12-31
VEN-03839,0.393974349377815,0,88.57627746326801,2025-12-31,2025-12-31,2025-12-31
VEN-03840,0.8408201242011262,0,76.71653648329836,2025-12-31,2025-11-28,2025-10-28
VEN-03841,0.8114215024415803,1,94.01679996799348,2025-12-31,2025-09-13,2025-12-31
VEN-03842,0.8587685134295646,1,100.0,2025-12-31,2025-12-31,2025-09-15
VEN-03843,0.8140990800637657,0,100.0,2025-12-31,2025-12-31,2025-12-31
VEN-03844,0.9636083350015492,0,100.0,2025-12-31,2025-12-31,2025-12-31
VEN-03845,0.5801597910334275,1,91.34465082717728,2025-09-28,2025-12-31,2025-12-31
VEN-03846,0.8276008926189126,0,88.28784404141476,2025-12-31,2025-12-31,2025-12-31
VEN-03847,0.8952421822335848,0,84.04504148475984,2025-12-31,2025-10-05,2025-12-31
VEN-03848,0.646556760184846,1,75.89830145224127,2025-08-05,2025-12-31,2025-12-31
VEN-03849,0.8336491268613704,3,94.6236487496184,2025-12-31,2025-12-31,2025-12-31
VEN-03850,0.6832800132749404,0,94.86215401557308,2025-12-31,2025-12-31,2025-12-31
VEN-03851,0.7860225230351651,0,90.2208653494353,2025-12-31,2025-12-31,2025-12-31
VEN-03852,0.8570859215055858,1,100.0,2025-08-19,2025-12-31,2025-12-31
VEN-03853,0.7966541921747945,0,100.0,2025-12-31,2025-12-31,2025-12-31
VEN-03854,0.8742737538692859,0,98.21809760492084,2025-12-31,2025-10-13,2025-08-25
VEN-03855,0.9237028560034756,0,87.94921641998704,2025-12-31,2025-12-31,2025-12-31
VEN-03856,0.7731737235974067,0,100.0,2025-12-31,2025-12-31,2025-08-10
VEN-03857,0.9167131202677554,0,100.0,2025-12-31,2025-12-31,2025-12-31
VEN-03858,0.9330718607599788,1,82.72615681696027,2025-08-26,2025-12-31,2025-12-31
VEN-03859,0.7057144806657918,1,95.81276411238012,2025-12-31,2025-12-31,2025-12-31
VEN-03860,0.9750972619928218,1,98.48208293002266,2025-11-16,2025-12-31,2025-12-11
VEN-03861,0.546614965608922,0,85.23611136357339,2025-12-31,2025-12-31,2025-12-31
VEN-03862,0.8654839395475129,0,100.0,2025-07-11,2025-12-31,2025-12-31
VEN-03863,0.8040440923069411,1,100.0,2025-12-31,2025-12-31,2025-12-31
VEN-03864,0.6427674610487257,0,88.04797198293207,2025-12-31,2025-10-13,2025-12-31
VEN-03865,0.6449159292684284,1,91.34197570245648,2025-12-31,2025-12-31,2025-12-31
VEN-03866,0.8480844237219637,0,98.34809956693252,2025-12-31,2025-12-31,2025-12-31
VEN-03867,0.9923598447378724,0,100.0,2025-08-12,2025-12-31,2025-12-31
VEN-03868,0.9290438917729922,1,98.40580934245278,2025-12-31,2025-12-31,2025-12-31
VEN-03869,0.7727236597291015,3,89.48537669070694,2025-08-05,2025-07-06,2025-08-21
VEN-03870,0.7214545907835269,2,90.46236672048954,2025-12-31,2025-12-31,2025-12-31
VEN-03871,0.5381152460421461,0,96.64809538315978,2025-12-31,2025-12-31,2025-12-31
VEN-03872,0.9079409448292768,0,94.581624689412,2025-12-31,2025-12-31,2025-12-31
VEN-03873,0.9184135647035097,2,93.88820722431956,2025-12-31,2025-12-31,2025-12-31
VEN-03874,0.8049516668391911,0,83.66093182453307,2025-12-31,2025-12-31,2025-12-31
VEN-03875,0.8174008596763656,0,95.65521701134604,2025-12-04,2025-12-31,2025-12-31
VEN-03876,0.9897091958040446,0,98.04003771784603,2025-12-31,2025-12-31,2025-12-31
VEN-03877,0.6645549529783827,1,89.20310315644387,2025-12-31,2025-12-31,2025-12-31
VEN-03878,0.8784591104632141,0,98.19417661953396,2025-10-13,2025-12-31,2025-12-31
VEN-03879,0.9058262375053416,2,100.0,2025-12-31,2025-12-31,2025-12-31
VEN-03880,0.8773266526708704,1,100.0,2025-12-31,2025-12-31,2025-12-31
VEN-03881,0.7766968629466657,0,100.0,2025-12-31,2025-12-31,2025-12-24
VEN-03882,0.7319414179990725,0,84.89685130330514,2025-12-31,2025-12-31,2025-12-31
VEN-03883,0.6755444103539132,1,98.2918759560332,2025-12-31,2025-12-31,2025-12-31
VEN-03884,0.9112322299483652,2,100.0,2025-12-31,2025-12-31,2025-12-31
VEN-03885,0.9395624203849168,1,100.0,2025-12-31,2025-12-31,2025-12-31
VEN-03886,0.8015318149515596,0,76.45780673141554,2025-12-31,2025-12-31,2025-12-31
VEN-03887,0.7140258959699164,0,90.02734494138151,2025-12-31,2025-12-31,2025-12-31
VEN-03888,0.8150227337186288,1,95.74897288669447,2025-12-31,2025-12-31,2025-12-31
VEN-03889,0.6934901187784733,0,76.05017743114422,2025-12-31,2025-12-31,2025-12-31
VEN-03890,0.8295382256417304,0,96.76195576824736,2025-12-31,2025-12-31,2025-12-31
VEN-03891,0.8070626802220273,1,80.34787131943206,2025-06-23,2025-12-31,2025-12-31
VEN-03892,0.7848532274417052,0,90.61086918809306,2025-12-31,2025-12-31,2025-12-31
VEN-03893,0.7023869088266487,0,88.7914856183218,2025-12-31,2025-12-31,2025-12-31
VEN-03894,0.6666434042092682,1,89.14872520979986,2025-12-31,2025-12-31,2025-12-31
VEN-03895,0.6307922042552342,3,91.32663233450526,2025-12-31,2025-12-31,2025-12-31
VEN-03896,0.9193589887454628,0,77.27270994246442,2025-06-27,2025-12-31,2025-12-31
VEN-03897,0.914462405646126,0,97.66142415484838,2025-12-31,2025-12-31,2025-12-27
VEN-03898,0.849738101744164,0,95.6829351997648,2025-12-31,2025-12-31,2025-12-31
VEN-03899,0.4710898689798224,0,97.22210912160284,2025-08-03,2025-12-31,2025-12-31
VEN-03900,0.8901474458694577,0,100.0,2025-12-23,2025-10-10,2025-12-31
VEN-03901,0.6577009084364661,1,100.0,2025-12-31,2025-09-23,2025-08-21
VEN-03902,0.7300607210403617,0,93.8857210311883,2025-12-31,2025-08-14,2025-12-31
VEN-03903,0.8089020819449071,0,96.91591227182144,2025-12-31,2025-12-31,2025-12-31
VEN-03904,0.8737925382100619,2,100.0,2025-12-31,2025-12-31,2025-12-31
VEN-03905,0.725811497904219,2,85.40978247502485,2025-12-31,2025-12-31,2025-12-31
VEN-03906,0.9582933016520908,1,97.053152770224,2025-12-31,2025-10-06,2025-12-31
VEN-03907,0.707178565262278,0,85.28128302221734,2025-12-31,2025-12-31,2025-12-31
VEN-03908,0.9515568252359932,0,84.09556854289795,2025-12-28,2025-12-31,2025-12-31
VEN-03909,0.8634385257251865,0,88.53662994767869,2025-12-31,2025-12-31,2025-12-31
VEN-03910,0.6479163967018184,2,93.3833315923531,2025-09-11,2025-12-31,2025-12-31
VEN-03911,0.7905053681095187,0,97.26491890631269,2025-12-31,2025-12-31,2025-12-31
VEN-03912,0.8814247117056154,0,86.61887957520142,2025-12-31,2025-10-23,2025-12-31
VEN-03913,0.7456738719965117,0,100.0,2025-12-31,2025-12-31,2025-12-31
VEN-03914,0.8863721722150131,0,95.37102853521375,2025-08-22,2025-12-31,2025-12-31
VEN-03915,0.912687195389703,0,91.5331132191764,2025-11-30,2025-12-31,2025-12-18
VEN-03916,0.708517190496797,0,90.44025727159764,2025-12-31,2025-12-31,2025-12-31
VEN-03917,0.8675664475536046,0,90.2632846367558,2025-12-31,2025-12-31,2025-09-19
VEN-03918,0.8003595498863398,0,85.08060701545793,2025-12-31,2025-12-31,2025-12-31
VEN-03919,0.7722722763400782,0,84.75783801543957,2025-11-10,2025-12-31,2025-08-28
VEN-03920,0.8598307641205125,2,91.41001040155496,2025-12-31,2025-12-31,2025-12-31
VEN-03921,0.9099585490839792,1,91.8135075743139,2025-12-31,2025-12-31,2025-12-31
VEN-03922,0.8017724326514557,3,99.22827080319382,2025-12-31,2025-10-23,2025-10-03
VEN-03923,0.731560584371999,3,100.0,2025-12-31,2025-12-31,2025-12-31
VEN-03924,0.8562625462649447,1,96.80625930106494,2025-12-31,2025-12-31,2025-12-31
VEN-03925,0.603178420503126,0,85.46603893893725,2025-12-31,2025-12-31,2025-12-31
VEN-03926,0.941775469347812,0,90.512872916424,2025-12-31,2025-12-31,2025-12-31
VEN-03927,0.6704115492063406,0,100.0,2025-12-31,2025-12-31,2025-10-05
VEN-03928,0.8051341671349259,0,100.0,2025-12-31,2025-12-31,2025-12-31
VEN-03929,0.797822161764784,1,94.82838707568524,2025-11-01,2025-12-31,2025-12-31
VEN-03930,0.8764330945239542,0,100.0,2025-12-31,2025-12-31,2025-12-31
VEN-03931,0.9819361561894931,1,100.0,2025-12-31,2025-08-18,2025-12-30
VEN-03932,0.7178334996210215,0,97.4187788422026,2025-12-31,2025-12-31,2025-12-31
VEN-03933,0.7062824046653595,2,96.14797029767684,2025-12-31,2025-12-31,2025-12-31
VEN-03934,0.5584439764563232,0,100.0,2025-12-31,2025-12-31,2025-12-31
VEN-03935,0.984996253484294,1,100.0,2025-12-31,2025-12-31,2025-12-31
VEN-03936,0.809838759058868,0,84.29954307321098,2025-12-31,2025-12-28,2025-12-31
VEN-03937,0.7629095572564633,1,87.70004233424994,2025-12-31,2025-10-07,2025-12-31
VEN-03938,0.7916913804829059,0,95.08777451132934,2025-12-31,2025-12-31,2025-12-31
VEN-03939,0.9363996954494596,2,91.18236410447534,2025-12-31,2025-12-31,2025-12-31
VEN-03940,0.7687514768394168,0,84.30735016359708,2025-12-31,2025-08-12,2025-08-15
VEN-03941,0.6705596417008838,0,80.2501559481117,2025-12-31,2025-12-31,2025-12-31
VEN-03942,0.813934176455532,1,89.8599037955023,2025-12-31,2025-12-31,2025-12-31
VEN-03943,0.9879589241497344,2,87.73222182951488,2025-12-31,2025-12-31,2025-12-31
VEN-03944,0.8323253409029183,0,100.0,2025-12-31,2025-07-14,2025-12-31
VEN-03945,0.9087876764467492,1,100.0,2025-12-31,2025-12-31,2025-12-31
VEN-03946,0.9331298903625914,0,92.6471389157189,2025-12-31,2025-12-31,2025-12-31
VEN-03947,0.7855032030701524,1,99.13916722830189,2025-12-31,2025-12-31,2025-12-31
VEN-03948,0.8175086095861543,2,90.35634362522836,2025-06-06,2025-12-31,2025-12-31
VEN-03949,0.6791514874347748,1,100.0,2025-08-27,2025-12-31,2025-12-31
VEN-03950,0.8856804875112083,0,97.81951824654122,2025-12-31,2025-12-31,2025-12-31
VEN-03951,0.7787565475301976,0,100.0,2025-12-31,2025-12-31,2025-09-06
VEN-03952,0.9497472529292608,1,95.31973226235829,2025-12-31,2025-10-09,2025-12-31
VEN-03953,0.8281892365020772,1,100.0,2025-12-31,2025-12-31,2025-12-31
VEN-03954,0.6341126871555787,1,100.0,2025-05-24,2025-12-22,2025-09-10
VEN-03955,0.5850410975719879,0,83.30626965122187,2025-12-31,2025-12-31,2025-12-31
VEN-03956,0.7571436883042126,1,98.75189932025587,2025-12-31,2025-12-31,2025-12-31
VEN-03957,0.7567490928553424,0,95.40959220667384,2025-05-11,2025-12-31,2025-12-09
VEN-03958,0.8098677027785024,1,83.9043067055423,2025-12-31,2025-12-31,2025-11-09
VEN-03959,0.7810010688926652,2,93.04200633608428,2025-12-31,2025-08-19,2025-12-31
VEN-03960,0.8995670269753049,0,87.52394307263657,2025-12-31,2025-12-31,2025-12-31
VEN-03961,0.7364564775350337,1,100.0,2025-12-31,2025-12-31,2025-12-31
VEN-03962,0.8968455064570705,1,88.23958587530757,2025-12-31,2025-12-31,2025-12-31
VEN-03963,0.7047060860489759,1,100.0,2025-12-31,2025-12-31,2025-12-31
VEN-03964,0.6517956336171208,0,89.85641861817457,2025-12-31,2025-12-31,2025-12-31
VEN-03965,0.5736683037485927,2,86.22202764584509,2025-10-15,2025-12-31,2025-12-31
VEN-03966,0.8216732978786406,0,85.75948258566112,2025-12-31,2025-12-31,2025-12-31
VEN-03967,0.7627744521473121,1,100.0,2025-12-31,2025-09-28,2025-12-31
VEN-03968,0.7855366665422767,0,96.39600037543714,2025-12-31,2025-12-31,2025-12-31
VEN-03969,0.7807746524219777,1,91.76512980275666,2025-12-31,2025-12-31,2025-12-31
VEN-03970,0.8596998100501019,1,100.0,2025-12-31,2025-12-31,2025-12-31
VEN-03971,0.8369270612805726,1,100.0,2025-06-08,2025-12-31,2025-12-31
VEN-03972,0.7648729946059218,0,88.91052512920822,2025-12-31,2025-12-31,2025-11-03
VEN-03973,0.8766903346866187,0,100.0,2025-12-31,2025-12-31,2025-10-16
VEN-03974,0.902941222675915,2,92.34688970464036,2025-12-31,2025-12-31,2025-12-31
VEN-03975,0.8437175192297988,0,95.67531617531112,2025-12-31,2025-12-31,2025-12-31
VEN-03976,0.9612224943303878,0,89.38104981411958,2025-12-31,2025-12-31,2025-12-31
VEN-03977,0.808533041636544,1,97.13615691721095,2025-12-31,2025-12-31,2025-12-31
VEN-03978,0.7921477975126647,0,99.92786265193864,2025-06-02,2025-12-31,2025-12-31
VEN-03979,0.8199116709413307,0,100.0,2025-12-31,2025-12-31,2025-12-31
VEN-03980,0.9576143835157268,1,87.40134555034362,2025-12-31,2025-08-01,2025-12-31
VEN-03981,0.9142066210725884,1,100.0,2025-12-31,2025-12-31,2025-08-06
VEN-03982,0.8853464518485138,0,100.0,2025-12-31,2025-12-31,2025-12-31
VEN-03983,0.6552177034023241,1,99.94911627517894,2025-06-29,2025-12-31,2025-12-31
VEN-03984,0.7467162943999494,0,100.0,2025-12-31,2025-12-31,2025-12-31
VEN-03985,0.8608804284836662,0,81.87289516301736,2025-12-31,2025-12-27,2025-12-28
VEN-03986,0.6596951978539165,0,87.78600812158938,2025-12-31,2025-12-31,2025-12-10
VEN-03987,0.7844112313459519,1,100.0,2025-12-31,2025-12-31,2025-12-31
VEN-03988,0.495928316345285,0,100.0,2025-12-31,2025-08-03,2025-12-31
VEN-03989,0.8530162815173802,0,96.18192459418631,2025-12-31,2025-12-31,2025-12-31
VEN-03990,0.9103970335816178,1,91.14047944493092,2025-07-25,2025-12-31,2025-12-31
VEN-03991,0.8183408455795337,2,95.04648494086192,2025-12-31,2025-12-06,2025-12-31
VEN-03992,0.7472888454573475,0,98.48620922273152,2025-09-25,2025-12-31,2025-12-31
VEN-03993,0.6556995011131509,0,100.0,2025-12-31,2025-12-31,2025-12-31
VEN-03994,0.6222319477402769,0,92.74498730775484,2025-12-31,2025-12-07,2025-12-31
VEN-03995,0.78393042498465,0,81.93772594879204,2025-12-31,2025-12-31,2025-12-31
VEN-03996,0.8919831618558822,0,96.69443964504434,2025-12-31,2025-12-31,2025-12-31
VEN-03997,0.966007677048308,1,83.08594014799873,2025-12-31,2025-12-31,2025-09-11
VEN-03998,0.8691774945263749,0,100.0,2025-12-31,2025-10-26,2025-12-31
VEN-03999,0.699393546257529,1,99.97725866003016,2025-12-31,2025-12-31,2025-12-31
VEN-04000,0.82111333421835,1,100.0,2025-12-31,2025-12-31,2025-10-27
VEN-04001,0.7515863098590094,1,100.0,2025-12-25,2025-11-23,2025-12-31
VEN-04002,0.8598822520668705,0,99.46145675833664,2025-12-31,2025-12-31,2025-12-31
VEN-04003,0.8709815479359808,0,86.13548630442438,2025-12-31,2025-10-13,2025-12-31
VEN-04004,0.9308696126312148,0,90.4024057816744,2025-08-21,2025-12-31,2025-09-09
VEN-04005,0.8640702313600361,1,88.09729353547472,2025-12-31,2025-12-31,2025-12-31
VEN-04006,0.8872290143731464,0,90.77800309800384,2025-12-31,2025-12-31,2025-08-06
VEN-04007,0.970872336953594,0,94.19917596265849,2025-12-31,2025-12-31,2025-12-31
VEN-04008,0.8675149643281514,0,88.26160203053948,2025-12-31,2025-12-31,2025-12-31
VEN-04009,0.7236354718964705,0,84.49869584963585,2025-12-08,2025-12-31,2025-12-31
VEN-04010,0.8676158055248849,0,79.90056245980517,2025-10-09,2025-08-14,2025-12-31
VEN-04011,0.8739058149895504,0,85.49600805450069,2025-12-31,2025-12-31,2025-12-31
VEN-04012,0.8895474607761654,0,98.15472457379852,2025-12-31,2025-12-31,2025-08-30
VEN-04013,0.6687418637201361,1,94.54051252850672,2025-12-31,2025-12-31,2025-12-31
VEN-04014,0.6315663552240509,0,98.61648252634532,2025-12-31,2025-12-31,2025-12-31
VEN-04015,0.8240276272667851,0,91.60594273268065,2025-12-31,2025-12-31,2025-12-31
VEN-04016,0.7399664945837853,1,91.21145841613972,2025-11-19,2025-12-31,2025-12-31
VEN-04017,0.9431615810177996,0,97.57366335704972,2025-07-13,2025-12-31,2025-12-31
VEN-04018,0.6956120518918769,1,96.04836604426808,2025-12-31,2025-11-11,2025-12-31
VEN-04019,0.9735670006289118,0,96.30875905589603,2025-12-31,2025-12-31,2025-12-31
VEN-04020,0.8440764105565498,2,93.41575284166991,2025-12-31,2025-12-31,2025-08-21
VEN-04021,0.6195773811764794,1,97.35663252912022,2025-07-09,2025-12-31,2025-12-31
VEN-04022,0.912775314590578,1,82.83031248414909,2025-12-31,2025-12-31,2025-12-31
VEN-04023,0.8677150222115059,1,96.59283761382592,2025-12-31,2025-12-31,2025-12-31
VEN-04024,0.6515511410232027,0,89.70759146028173,2025-12-31,2025-10-17,2025-12-31
VEN-04025,0.8876410398533464,0,95.08459254676625,2025-12-31,2025-12-31,2025-10-16
VEN-04026,0.5705631173072938,0,88.19376381546668,2025-12-31,2025-09-04,2025-12-31
VEN-04027,0.8762387686199438,0,81.59215157106338,2025-12-31,2025-07-29,2025-12-31
VEN-04028,0.8454931793662451,1,85.84961228884526,2025-12-31,2025-12-31,2025-12-31
VEN-04029,0.9706540161798696,0,99.354677469211,2025-12-31,2025-09-26,2025-12-31
VEN-04030,0.9552505107180748,0,91.14192564042324,2025-12-31,2025-12-31,2025-10-18
VEN-04031,0.9171290916902078,0,94.12064167313234,2025-12-31,2025-12-31,2025-12-31
VEN-04032,0.95453963027882,0,95.80605667253468,2025-12-31,2025-12-31,2025-12-31
VEN-04033,0.4523500943911133,0,85.14722873027492,2025-12-31,2025-12-31,2025-12-31
VEN-04034,0.9457828482645686,0,79.49095785056912,2025-12-31,2025-12-31,2025-12-31
VEN-04035,0.8953537183338355,0,93.79552764273788,2025-12-17,2025-12-31,2025-12-31
VEN-04036,0.7303947380140187,0,90.41791158136822,2025-12-31,2025-12-31,2025-12-14
VEN-04037,0.6029861757010028,0,98.49023735917326,2025-12-31,2025-12-31,2025-12-31
VEN-04038,0.7532791647900052,1,91.24362475736632,2025-12-31,2025-12-31,2025-12-31
VEN-04039,0.8565532945905723,1,70.9350678541933,2025-12-31,2025-12-31,2025-12-31
VEN-04040,0.9460825756574602,1,100.0,2025-09-30,2025-12-31,2025-12-31
VEN-04041,0.961755644454214,2,99.15207035482923,2025-12-31,2025-12-31,2025-12-31
VEN-04042,0.7540555584622713,0,87.93399993845195,2025-12-31,2025-12-31,2025-12-31
VEN-04043,0.7688893506096607,1,93.08924227688684,2025-11-28,2025-12-05,2025-12-31
VEN-04044,0.6893732398866977,0,88.54859577317943,2025-12-31,2025-12-31,2025-10-23
VEN-04045,0.6559430109623244,1,93.16543234042764,2025-12-31,2025-09-26,2025-12-31
VEN-04046,0.7225914362141199,0,98.42526433941626,2025-12-31,2025-12-31,2025-12-31
VEN-04047,0.8423150275310516,0,93.614153770856,2025-12-31,2025-12-31,2025-08-11
VEN-04048,0.5875184254654454,2,97.60800126633852,2025-08-11,2025-12-31,2025-11-14
VEN-04049,0.6139931120273436,2,83.49440983940127,2025-12-31,2025-10-28,2025-09-19
VEN-04050,0.8923945172865011,0,82.93998376120469,2025-12-31,2025-12-31,2025-12-31
VEN-04051,0.6736969620740054,0,100.0,2025-08-31,2025-12-31,2025-12-31
VEN-04052,0.7427064685298531,0,94.47718163242588,2025-12-31,2025-12-31,2025-09-20
VEN-04053,0.7606351678091849,0,93.2126524255482,2025-12-31,2025-12-31,2025-12-31
VEN-04054,0.7640628086817027,1,100.0,2025-12-31,2025-12-31,2025-12-22
VEN-04055,0.6644844212988488,1,100.0,2025-12-31,2025-12-31,2025-12-26
VEN-04056,0.916319461202611,0,96.2746028002748,2025-12-31,2025-08-28,2025-12-31
VEN-04057,0.8953567765641972,0,89.00781672692129,2025-12-31,2025-12-31,2025-12-31
VEN-04058,0.9345121514811804,1,94.2419748832428,2025-12-31,2025-12-31,2025-12-31
VEN-04059,0.9406520706123652,0,87.66552549956162,2025-05-20,2025-09-17,2025-12-31
VEN-04060,0.9564199826263658,0,94.61106734125444,2025-12-31,2025-08-02,2025-12-31
VEN-04061,0.7988315859376178,1,96.44802632237209,2025-12-31,2025-11-12,2025-12-31
VEN-04062,0.8627678567861613,0,100.0,2025-12-31,2025-12-31,2025-12-31
VEN-04063,0.9217059020044456,1,92.4431723448578,2025-09-11,2025-12-31,2025-12-31
VEN-04064,0.44086637168961,1,95.13510178781824,2025-05-23,2025-12-31,2025-12-31
VEN-04065,0.8394796328315783,1,94.5587089616486,2025-12-31,2025-12-31,2025-12-31
VEN-04066,0.7433582750004091,0,100.0,2025-12-31,2025-12-31,2025-12-31
VEN-04067,0.7837586244555323,0,79.44187783740638,2025-12-31,2025-12-31,2025-12-31
VEN-04068,0.6426437329268361,1,100.0,2025-12-31,2025-12-31,2025-12-31
VEN-04069,0.8279356106920189,1,98.7356981645903,2025-12-31,2025-12-31,2025-12-31
VEN-04070,0.8263164536597656,0,86.50532353001859,2025-12-31,2025-12-31,2025-11-11
VEN-04071,0.5704564539897287,1,86.23061008737737,2025-11-30,2025-12-31,2025-12-31
VEN-04072,0.8951800329428568,0,83.50788421383525,2025-12-31,2025-12-31,2025-12-31
VEN-04073,0.3865897635170618,0,99.68806172282214,2025-12-31,2025-12-31,2025-12-31
VEN-04074,0.6957735968214929,0,100.0,2025-12-31,2025-11-26,2025-12-31
VEN-04075,0.8853984658686029,1,96.955650476993,2025-10-21,2025-12-31,2025-08-10
VEN-04076,0.7985287558929041,0,100.0,2025-11-28,2025-10-01,2025-12-31
VEN-04077,0.870759310872039,2,99.80339833851264,2025-12-31,2025-12-28,2025-12-31
VEN-04078,0.8747157296825321,1,83.09105501082477,2025-09-15,2025-12-31,2025-12-31
VEN-04079,0.8286632915398804,0,84.18216157252752,2025-12-31,2025-10-26,2025-12-31
VEN-04080,0.8854763135905499,0,95.70533912097504,2025-12-31,2025-10-13,2025-12-31
VEN-04081,0.8914164506315955,0,81.90278891537227,2025-12-31,2025-12-31,2025-09-25
VEN-04082,0.7015464870596967,0,85.73458538688196,2025-12-31,2025-12-31,2025-12-31
VEN-04083,0.9569921240799754,1,100.0,2025-10-16,2025-12-31,2025-12-31
VEN-04084,0.8078176168310067,0,100.0,2025-12-31,2025-12-07,2025-11-26
VEN-04085,0.5714817018238465,0,71.47996468607548,2025-12-31,2025-12-31,2025-12-31
VEN-04086,0.9195770704696612,0,84.66406353338716,2025-12-31,2025-12-31,2025-12-31
VEN-04087,0.682927518648632,1,90.2066488910037,2025-12-31,2025-12-31,2025-12-31
VEN-04088,0.7220631786003586,0,83.28045830579221,2025-05-12,2025-12-31,2025-12-31
VEN-04089,0.7631256457314456,0,100.0,2025-12-31,2025-12-31,2025-12-31
VEN-04090,0.883835887431541,1,80.49602780478946,2025-12-31,2025-12-31,2025-12-18
VEN-04091,0.9500261316436291,0,93.8716508946361,2025-12-31,2025-07-04,2025-12-31
VEN-04092,0.7718830949739569,3,92.86888838656012,2025-12-31,2025-12-31,2025-12-31
VEN-04093,0.7512477664557071,0,100.0,2025-12-31,2025-12-31,2025-11-10
VEN-04094,0.8876720786646058,2,86.77392293384092,2025-12-31,2025-12-31,2025-12-31
VEN-04095,0.8191687651523191,0,79.75092368906768,2025-12-31,2025-12-31,2025-12-31
VEN-04096,0.9073715112142312,0,93.4289790720725,2025-12-31,2025-12-31,2025-09-25
VEN-04097,0.8237995084923291,0,84.58788599358058,2025-12-31,2025-12-31,2025-12-31
VEN-04098,0.9332682746204556,0,99.16754249481048,2025-12-31,2025-12-31,2025-12-31
VEN-04099,0.7869903834020956,0,86.45226959010306,2025-12-31,2025-12-31,2025-12-31
VEN-04100,0.8560644067497535,0,98.65673458895816,2025-12-31,2025-12-31,2025-12-31
VEN-04101,0.7339501573068385,0,95.84383586851172,2025-12-31,2025-12-31,2025-12-31
VEN-04102,0.6822512350103199,0,95.83335296100176,2025-12-31,2025-12-31,2025-12-31
VEN-04103,0.9154170130659222,0,75.80255795411617,2025-12-31,2025-12-31,2025-09-01
VEN-04104,0.7800848253254984,1,100.0,2025-12-31,2025-12-14,2025-12-31
VEN-04105,0.9363444621546918,1,95.38140325101752,2025-12-31,2025-10-10,2025-12-31
VEN-04106,0.8758532338772583,0,98.89801875262404,2025-11-28,2025-12-31,2025-12-31
VEN-04107,0.9354865914767518,0,89.54425789829324,2025-09-17,2025-12-31,2025-12-31
VEN-04108,0.7267754842031589,0,90.8020978775665,2025-09-10,2025-12-31,2025-12-31
VEN-04109,0.9022367118197115,1,89.83487351204369,2025-12-31,2025-12-31,2025-12-31
VEN-04110,0.8643120917746713,0,92.26545109150804,2025-06-21,2025-12-31,2025-12-31
VEN-04111,0.9548446136060836,1,85.47267838234247,2025-12-31,2025-12-31,2025-09-30
VEN-04112,0.8726384514704976,0,90.00962521547245,2025-12-31,2025-12-16,2025-12-31
VEN-04113,0.9142019722028476,0,94.58999515613456,2025-12-31,2025-10-04,2025-12-31
VEN-04114,0.8129478809072499,2,87.16744302726786,2025-12-31,2025-12-31,2025-12-31
VEN-04115,0.8825999231615119,0,94.54811045781304,2025-12-31,2025-12-31,2025-12-31
VEN-04116,0.7520620404363902,1,100.0,2025-12-31,2025-12-31,2025-12-31
VEN-04117,0.5949912711083307,0,93.72628076439295,2025-12-31,2025-12-31,2025-12-31
VEN-04118,0.913091795107154,0,100.0,2025-12-31,2025-07-25,2025-12-31
VEN-04119,0.6412303820227677,0,100.0,2025-12-31,2025-12-31,2025-12-31
VEN-04120,0.9123357603738084,0,100.0,2025-11-23,2025-12-31,2025-12-31
VEN-04121,0.8370793357247481,0,100.0,2025-12-31,2025-09-07,2025-12-31
VEN-04122,0.7342385811893177,0,98.21145704895795,2025-08-24,2025-12-31,2025-12-31
VEN-04123,0.6872864059989865,0,88.76620243414757,2025-12-31,2025-12-31,2025-12-31
VEN-04124,0.7769408583129483,1,100.0,2025-12-31,2025-12-31,2025-12-31
VEN-04125,0.5704829035331971,1,88.38855454497298,2025-12-31,2025-12-31,2025-12-31
VEN-04126,0.6843927336971034,1,100.0,2025-12-09,2025-12-31,2025-12-31
VEN-04127,0.8803951353059971,0,100.0,2025-12-31,2025-11-14,2025-09-03
VEN-04128,0.8374357972777461,0,79.81054756407597,2025-12-31,2025-12-31,2025-12-31
VEN-04129,0.8787283171233697,0,94.67617675149548,2025-12-31,2025-12-31,2025-12-31
VEN-04130,0.7664892797169129,0,98.83381350390708,2025-07-02,2025-12-31,2025-08-13
VEN-04131,0.9173909620729952,1,88.11891592736838,2025-12-31,2025-12-31,2025-12-31
VEN-04132,0.5218313140833223,2,97.79978186159693,2025-06-18,2025-12-31,2025-11-27
VEN-04133,0.7889917278028666,0,88.12460160744278,2025-09-22,2025-12-31,2025-12-31
VEN-04134,0.7716867484988092,0,98.78394714963709,2025-12-31,2025-12-31,2025-12-31
VEN-04135,0.8955362184447371,1,85.5927400020806,2025-12-31,2025-12-31,2025-12-31
VEN-04136,0.8559826354466422,1,99.92340157398228,2025-07-17,2025-12-31,2025-12-31
VEN-04137,0.7966361912146037,0,92.8162279189791,2025-12-31,2025-12-31,2025-12-31
VEN-04138,0.6802674578378898,1,90.2955490310716,2025-12-31,2025-12-31,2025-12-31
VEN-04139,0.8458174726254029,1,79.79921481783725,2025-12-31,2025-12-31,2025-12-31
VEN-04140,0.6858837920595626,1,93.69385816652088,2025-08-15,2025-12-31,2025-12-31
VEN-04141,0.7879416622696616,1,87.11461550206634,2025-12-31,2025-12-31,2025-12-31
VEN-04142,0.9285668391170672,1,88.43972353387025,2025-12-31,2025-12-31,2025-12-31
VEN-04143,0.8464229513361936,1,83.14262132799539,2025-12-31,2025-12-31,2025-11-24
VEN-04144,0.5854614245141089,1,95.59541972619684,2025-12-31,2025-12-31,2025-12-21
VEN-04145,0.6655660870721485,1,96.546897473982,2025-12-31,2025-12-31,2025-12-31
VEN-04146,0.834584993651534,0,97.91981250126672,2025-12-31,2025-12-31,2025-12-31
VEN-04147,0.9129221178243884,3,87.65635202233516,2025-12-31,2025-12-31,2025-12-31
VEN-04148,0.6529512831437138,1,92.03058393184936,2025-12-31,2025-12-31,2025-12-31
VEN-04149,0.9219521003302996,0,91.76619516447366,2025-10-21,2025-11-18,2025-11-06
VEN-04150,0.866366716434276,2,98.55192524381307,2025-12-31,2025-08-11,2025-12-31
VEN-04151,0.8687844145164848,0,88.95514987253146,2025-09-19,2025-12-31,2025-12-01
VEN-04152,0.4568672745452977,1,84.81227850372782,2025-10-13,2025-12-31,2025-12-31
VEN-04153,0.869557292620673,0,94.04117701759384,2025-12-31,2025-12-29,2025-12-31
VEN-04154,0.8152405027465364,1,85.26026138638755,2025-12-31,2025-09-08,2025-08-12
VEN-04155,0.8926999507617287,0,87.08478923561164,2025-12-15,2025-12-31,2025-12-31
VEN-04156,0.8781492489785283,0,100.0,2025-11-16,2025-12-31,2025-08-24
VEN-04157,0.8737226295469444,0,85.1952815357714,2025-12-31,2025-12-31,2025-12-31
VEN-04158,0.8484104712483956,1,92.8636898644779,2025-12-31,2025-10-12,2025-12-31
VEN-04159,0.9069569241731564,0,94.36825086193434,2025-08-25,2025-12-31,2025-12-31
VEN-04160,0.7160844588666418,0,89.02171066638333,2025-06-14,2025-12-31,2025-12-31
VEN-04161,0.7920483691124222,2,97.193790014368,2025-12-31,2025-12-31,2025-12-31
VEN-04162,0.8796188915991052,1,87.60364917280461,2025-12-31,2025-12-31,2025-12-31
VEN-04163,0.8886984708133696,2,93.6239046232029,2025-12-31,2025-07-13,2025-12-31
VEN-04164,0.8374616898321484,0,90.18800938104808,2025-12-31,2025-12-31,2025-11-02
VEN-04165,0.6523876267843352,1,100.0,2025-12-31,2025-12-31,2025-12-31
VEN-04166,0.8574888409825455,1,100.0,2025-12-31,2025-12-31,2025-12-31
VEN-04167,0.855255840200444,1,88.81919868152983,2025-12-31,2025-12-31,2025-12-31
VEN-04168,0.6991281991489513,1,95.7614575529782,2025-12-31,2025-12-31,2025-12-31
VEN-04169,0.7225359747032393,0,88.32132219577721,2025-12-31,2025-12-31,2025-12-31
VEN-04170,0.9166431477457524,3,87.42607670449054,2025-12-31,2025-12-31,2025-12-31
VEN-04171,0.9539859598283048,1,99.3743877310864,2025-12-31,2025-12-31,2025-09-11
VEN-04172,0.6568027320064371,2,99.76154905419364,2025-12-31,2025-10-13,2025-12-31
VEN-04173,0.7953959646514828,0,87.20106139186149,2025-06-21,2025-10-07,2025-10-13
VEN-04174,0.4786778639310697,0,98.77230769259282,2025-12-31,2025-12-31,2025-12-31
VEN-04175,0.831545637118276,1,82.59485231544144,2025-12-31,2025-12-31,2025-12-31
VEN-04176,0.7876350039263954,0,100.0,2025-12-31,2025-12-31,2025-12-31
VEN-04177,0.907425660851682,0,99.6476855916529,2025-07-06,2025-12-31,2025-12-31
VEN-04178,0.8512647583333698,1,91.00063545993592,2025-12-31,2025-12-31,2025-12-31
VEN-04179,0.6626514923264054,0,91.99271646223887,2025-12-31,2025-12-31,2025-12-31
VEN-04180,0.7915728926328206,0,94.36597836564266,2025-12-31,2025-12-31,2025-11-23
VEN-04181,0.8723316073836033,0,89.99488701237969,2025-12-31,2025-12-31,2025-10-12
VEN-04182,0.7412526402789181,2,100.0,2025-12-31,2025-12-31,2025-12-31
VEN-04183,0.9532258626652008,0,100.0,2025-12-31,2025-12-31,2025-12-31
VEN-04184,0.9735340846819208,0,94.14783090437562,2025-12-31,2025-12-31,2025-12-31
VEN-04185,0.8551186369855597,1,97.66963762392616,2025-12-31,2025-12-31,2025-12-31
VEN-04186,0.7015667155905585,1,94.0805767788252,2025-12-31,2025-12-31,2025-12-31
VEN-04187,0.7184914875994387,1,96.25911726270488,2025-12-31,2025-12-31,2025-12-31
VEN-04188,0.714508466560658,0,91.78338606823128,2025-12-31,2025-12-31,2025-12-31
VEN-04189,0.7764358486170636,0,84.99812129098896,2025-09-01,2025-12-31,2025-12-31
VEN-04190,0.8042148347311163,0,100.0,2025-12-31,2025-12-31,2025-12-31
VEN-04191,0.7720818490657755,0,100.0,2025-12-31,2025-08-08,2025-08-03
VEN-04192,0.6264061220688923,1,100.0,2025-12-31,2025-12-14,2025-12-31
VEN-04193,0.7596811868612802,1,100.0,2025-12-31,2025-12-31,2025-11-21
VEN-04194,0.8108245479779651,0,89.48887727286935,2025-12-31,2025-12-31,2025-12-31
VEN-04195,0.9753419829177308,0,74.31273587923174,2025-12-31,2025-12-31,2025-12-31
VEN-04196,0.7444039737343858,1,90.1607378561722,2025-12-13,2025-12-31,2025-12-31
VEN-04197,0.7390241601231538,0,85.08866159755856,2025-12-16,2025-12-31,2025-12-31
VEN-04198,0.7965412077468208,1,96.41765928672712,2025-12-31,2025-12-31,2025-12-31
VEN-04199,0.8363157450672113,0,87.15363994801544,2025-11-28,2025-12-31,2025-12-31
VEN-04200,0.9329465898645036,1,99.41791414337489,2025-12-31,2025-12-31,2025-09-29
VEN-04201,0.7935286333570171,1,100.0,2025-12-31,2025-09-26,2025-12-31
VEN-04202,0.9700354249655988,0,78.34758303518478,2025-12-31,2025-12-31,2025-12-31
VEN-04203,0.6491072853464323,2,85.06957112927779,2025-12-31,2025-12-31,2025-12-31
VEN-04204,0.7760081801262717,1,83.6743976226018,2025-12-31,2025-12-31,2025-12-31
VEN-04205,0.7395714633690784,1,73.00718397168674,2025-11-12,2025-12-31,2025-12-31
VEN-04206,0.777453487398734,1,99.52184199771564,2025-12-31,2025-12-31,2025-12-31
VEN-04207,0.9689031336521424,1,84.75503252555515,2025-12-31,2025-09-12,2025-12-08
VEN-04208,0.8085347723537356,1,96.62061077858483,2025-12-31,2025-12-31,2025-12-31
VEN-04209,0.8680025033945447,1,84.11698970039782,2025-09-26,2025-09-17,2025-12-26
VEN-04210,0.8845944912868332,1,86.33543010083396,2025-09-03,2025-12-31,2025-08-20
VEN-04211,0.5461243026286782,3,92.07817228749111,2025-12-31,2025-07-16,2025-12-31
VEN-04212,0.7776138475745779,1,93.01600783284248,2025-12-17,2025-12-31,2025-12-31
VEN-04213,0.731747312414056,0,91.65053843637078,2025-09-17,2025-12-31,2025-12-31
VEN-04214,0.6836775305850239,0,94.17093466152868,2025-08-03,2025-12-31,2025-12-31
VEN-04215,0.8763038852414224,0,99.80363134441416,2025-12-31,2025-12-31,2025-12-31
VEN-04216,0.7316756147544874,0,98.18614721550657,2025-12-31,2025-12-31,2025-12-31
VEN-04217,0.8713305033774278,0,92.5134486387201,2025-10-21,2025-12-31,2025-12-31
VEN-04218,0.7438161764610269,0,92.06971770565912,2025-12-31,2025-11-04,2025-12-31
VEN-04219,0.8156247270743554,0,94.77235910199444,2025-12-31,2025-12-31,2025-12-31
VEN-04220,0.9895452662347076,0,94.26635847167806,2025-07-18,2025-12-31,2025-12-31
VEN-04221,0.7046600426007222,0,88.67327725228536,2025-12-31,2025-12-31,2025-12-31
VEN-04222,0.6720511872552991,0,100.0,2025-12-31,2025-12-31,2025-10-15
VEN-04223,0.7326350157431228,0,94.97898265764414,2025-12-31,2025-12-31,2025-12-31
VEN-04224,0.8448367808559534,0,94.64696719177954,2025-12-31,2025-07-04,2025-08-18
VEN-04225,0.8654438655822163,0,84.34962924024222,2025-12-31,2025-12-31,2025-12-31
VEN-04226,0.9130906319778936,0,85.26379778213351,2025-05-24,2025-12-31,2025-10-07
VEN-04227,0.7605014705304147,0,83.83720626446818,2025-08-24,2025-12-31,2025-12-31
VEN-04228,0.4631716240952583,1,94.41511969374169,2025-12-21,2025-12-31,2025-12-31
VEN-04229,0.8588409546340464,1,95.23848907440572,2025-10-22,2025-12-31,2025-08-09
VEN-04230,0.7372395890092006,0,89.15820407359074,2025-12-31,2025-09-26,2025-08-04
VEN-04231,0.9129359555344676,0,86.38415785602274,2025-12-31,2025-12-31,2025-12-31
VEN-04232,0.8931483860148994,0,93.5710289530546,2025-12-31,2025-12-31,2025-12-31
VEN-04233,0.9393862491180428,2,100.0,2025-12-31,2025-12-31,2025-12-31
VEN-04234,0.6336044901244919,0,90.19466732924175,2025-12-31,2025-12-31,2025-11-08
VEN-04235,0.8881140016747812,0,95.0894262507928,2025-08-30,2025-12-31,2025-12-31
VEN-04236,0.929091274057464,0,92.73999160761012,2025-12-30,2025-12-31,2025-12-31
VEN-04237,0.7489665372986626,0,88.86611878732369,2025-12-31,2025-12-31,2025-12-31
VEN-04238,0.897930234066009,0,91.77746441954083,2025-12-31,2025-11-07,2025-12-31
VEN-04239,0.969851589651368,0,100.0,2025-12-31,2025-10-12,2025-12-31
VEN-04240,0.8590880932267353,1,91.06807908399549,2025-12-31,2025-12-31,2025-10-06
VEN-04241,0.9035650612855066,2,97.88268109604002,2025-12-31,2025-12-31,2025-12-31
VEN-04242,0.8396620204861946,0,93.38904180605208,2025-12-20,2025-12-31,2025-12-31
VEN-04243,0.8279110441313184,0,98.16452075126328,2025-12-31,2025-12-31,2025-12-31
VEN-04244,0.4318565586043328,0,84.43629671247348,2025-12-31,2025-12-31,2025-12-31
VEN-04245,0.804619338550353,0,96.92695314606324,2025-12-31,2025-09-25,2025-12-31
VEN-04246,0.9433026507468262,1,98.51057092283688,2025-07-19,2025-08-18,2025-12-31
VEN-04247,0.760689517467348,0,88.94416049590859,2025-12-31,2025-12-31,2025-12-31
VEN-04248,0.9378841306792746,0,84.9243014395092,2025-12-31,2025-12-31,2025-12-31
VEN-04249,0.634377599135997,2,100.0,2025-08-28,2025-12-31,2025-12-31
VEN-04250,0.868170895375181,0,100.0,2025-12-31,2025-12-31,2025-12-31
VEN-04251,0.7950236813363115,0,100.0,2025-12-31,2025-12-31,2025-12-31
VEN-04252,0.5984583489588905,1,100.0,2025-12-31,2025-12-31,2025-12-31
VEN-04253,0.8992460099098559,1,100.0,2025-12-27,2025-08-10,2025-12-31
VEN-04254,0.7150332898418804,0,89.26736139234347,2025-12-31,2025-12-31,2025-12-31
VEN-04255,0.6983796380382185,1,99.93811501072427,2025-12-31,2025-12-31,2025-12-31
VEN-04256,0.5922175099255096,0,87.80993542307999,2025-12-31,2025-12-31,2025-12-31
VEN-04257,0.5643331992402063,0,89.15235577014431,2025-12-31,2025-12-31,2025-12-31
VEN-04258,0.8895650368479713,0,94.22223574131004,2025-12-31,2025-12-31,2025-12-31
VEN-04259,0.758478245274077,1,84.2826033212635,2025-12-31,2025-08-11,2025-12-31
VEN-04260,0.840456645798614,0,100.0,2025-12-31,2025-12-31,2025-12-31
VEN-04261,0.7757543727657171,0,92.05059679080487,2025-10-15,2025-12-31,2025-12-31
VEN-04262,0.7815253546314807,1,91.88759949423998,2025-12-31,2025-12-31,2025-12-31
VEN-04263,0.9539409719470456,0,99.42689814861488,2025-12-31,2025-12-31,2025-12-31
VEN-04264,0.5344852288304436,1,91.41240426958574,2025-12-31,2025-12-31,2025-12-31
VEN-04265,0.7046152616258384,0,91.0002732959898,2025-12-01,2025-07-11,2025-12-31
VEN-04266,0.748979996008052,0,89.82468585285557,2025-09-23,2025-12-31,2025-12-31
VEN-04267,0.8269035610804104,0,98.90473886021296,2025-12-02,2025-12-14,2025-12-31
VEN-04268,0.7964302041354424,0,86.70654105472343,2025-12-31,2025-12-31,2025-12-31
VEN-04269,0.5316480101733668,1,88.23350410124124,2025-12-31,2025-12-31,2025-12-31
VEN-04270,0.9515096396395892,1,91.15979127678932,2025-12-31,2025-12-31,2025-12-28
VEN-04271,0.8407893550246454,0,93.33283324506944,2025-12-31,2025-12-31,2025-12-31
VEN-04272,0.7548647745054663,0,94.3459910507189,2025-12-31,2025-12-31,2025-12-31
VEN-04273,0.6102604516361703,1,88.51029805329652,2025-12-31,2025-09-17,2025-12-31
VEN-04274,0.6749878438872086,0,89.15989152874018,2025-12-12,2025-12-31,2025-12-04
VEN-04275,0.817927451366093,1,99.99988709068997,2025-06-11,2025-12-31,2025-12-31
VEN-04276,0.6434630270144279,0,97.7353100563794,2025-11-03,2025-12-31,2025-12-31
VEN-04277,0.7614280489702858,1,100.0,2025-12-31,2025-12-31,2025-12-31
VEN-04278,0.8284084818374117,0,92.08513370223038,2025-12-31,2025-12-31,2025-12-31
VEN-04279,0.7931908141134871,1,98.4431736510412,2025-11-12,2025-12-31,2025-12-31
VEN-04280,0.6209866361054379,0,88.00580805451845,2025-12-31,2025-11-08,2025-12-31
VEN-04281,0.7972428450720382,1,92.81434330191836,2025-12-31,2025-12-31,2025-12-24
VEN-04282,0.72340059982121,1,100.0,2025-12-31,2025-12-31,2025-12-31
VEN-04283,0.7455532888579308,1,94.61845696679713,2025-12-31,2025-12-31,2025-12-31
VEN-04284,0.7359744178988823,0,100.0,2025-12-31,2025-12-31,2025-12-31
VEN-04285,0.6307226965827569,0,91.79712775475517,2025-12-31,2025-12-31,2025-12-31
VEN-04286,0.8673255040509122,1,93.10225947628928,2025-12-31,2025-12-31,2025-12-31
VEN-04287,0.7956106514731281,0,100.0,2025-12-31,2025-12-31,2025-12-31
VEN-04288,0.8707794286372242,0,77.54913565071564,2025-12-31,2025-12-31,2025-12-31
VEN-04289,0.9654139218943232,0,100.0,2025-12-31,2025-12-31,2025-12-31
VEN-04290,0.8841678420884939,1,96.19069330226569,2025-10-17,2025-12-31,2025-12-31
VEN-04291,0.8741086569227083,0,95.13497429057183,2025-12-31,2025-12-31,2025-12-31
VEN-04292,0.8760004479959695,0,80.14509783300863,2025-12-31,2025-12-31,2025-12-31
VEN-04293,0.6884553623560696,1,87.9632166232476,2025-07-04,2025-12-31,2025-12-31
VEN-04294,0.8200926178729694,0,100.0,2025-08-11,2025-12-31,2025-12-31
VEN-04295,0.8827957351458423,0,96.66004043037152,2025-07-05,2025-12-31,2025-12-31
VEN-04296,0.941951803764472,2,89.20209620379792,2025-10-19,2025-12-31,2025-12-31
VEN-04297,0.9072060716686065,0,97.33939732939574,2025-06-06,2025-12-31,2025-12-31
VEN-04298,0.4050864528746002,1,89.89405488473359,2025-12-10,2025-12-31,2025-12-31
VEN-04299,0.7627360080102911,0,89.94590759949246,2025-12-31,2025-12-31,2025-12-31
VEN-04300,0.8880409901970403,0,100.0,2025-07-15,2025-12-31,2025-12-31
VEN-04301,0.8844035968919327,1,89.37707218661426,2025-12-28,2025-12-31,2025-12-31
VEN-04302,0.8548505418558473,0,71.04457847574454,2025-12-31,2025-12-31,2025-12-31
VEN-04303,0.8596294394254388,1,88.86328472291508,2025-12-31,2025-12-31,2025-12-31
VEN-04304,0.920469977830174,2,80.74386943536229,2025-12-31,2025-07-20,2025-12-31
VEN-04305,0.7644320164777587,0,87.12291672669566,2025-10-12,2025-12-31,2025-12-31
VEN-04306,0.8875377379788075,1,90.53863673003174,2025-12-31,2025-12-31,2025-10-11
VEN-04307,0.9173421433117284,1,83.81714300737892,2025-12-31,2025-12-07,2025-10-24
VEN-04308,0.7587811687999523,0,100.0,2025-12-31,2025-11-29,2025-12-31
VEN-04309,0.9017572210971022,0,91.6906902217644,2025-12-03,2025-12-31,2025-12-31
VEN-04310,0.941920134418,0,97.19435211295486,2025-12-31,2025-12-31,2025-12-31
VEN-04311,0.960099283916146,1,85.82748133552766,2025-12-31,2025-12-31,2025-11-23
VEN-04312,0.8844769551973904,0,90.20613371119153,2025-12-31,2025-12-31,2025-12-31
VEN-04313,0.7372084824544829,0,93.4415493450142,2025-07-20,2025-12-31,2025-12-31
VEN-04314,0.9491155640758614,1,87.78955083220123,2025-12-31,2025-12-31,2025-12-31
VEN-04315,0.6904031638219192,1,98.73897041534256,2025-12-31,2025-10-07,2025-12-31
VEN-04316,0.7518597449539968,2,88.40078063772901,2025-12-31,2025-12-31,2025-12-31
VEN-04317,0.920417146471768,0,89.38800342129372,2025-12-31,2025-12-05,2025-12-31
VEN-04318,0.7051390311968314,0,100.0,2025-12-31,2025-12-31,2025-12-31
VEN-04319,0.6000457384295337,0,100.0,2025-07-11,2025-12-31,2025-12-26
VEN-04320,0.8857495283060489,1,100.0,2025-09-08,2025-12-31,2025-12-31
VEN-04321,0.7348009736121217,1,100.0,2025-12-31,2025-12-31,2025-12-31
VEN-04322,0.7924642279575421,0,90.317258299201,2025-12-31,2025-12-31,2025-12-31
VEN-04323,0.9800410239590686,1,96.75208546325368,2025-12-31,2025-12-31,2025-12-31
VEN-04324,0.9345226049803824,0,90.51695627492026,2025-12-31,2025-12-31,2025-12-31
VEN-04325,0.875345730756807,0,99.548049767189,2025-12-31,2025-12-31,2025-12-31
VEN-04326,0.8079639232600416,1,100.0,2025-12-31,2025-12-31,2025-12-31
VEN-04327,0.675684276212361,1,99.64696047770704,2025-11-11,2025-12-31,2025-12-31
VEN-04328,0.7121644348086196,0,100.0,2025-12-31,2025-12-31,2025-12-31
VEN-04329,0.8144856315813594,1,87.3613035235969,2025-12-31,2025-12-31,2025-12-31
VEN-04330,0.8857568773061185,0,91.09052358646828,2025-12-31,2025-12-31,2025-09-28
VEN-04331,0.8501082273059185,0,100.0,2025-12-31,2025-12-31,2025-12-31
VEN-04332,0.8386517491567793,1,97.23399256087296,2025-12-31,2025-12-31,2025-12-31
VEN-04333,0.87657800843558,0,80.83550481081981,2025-12-31,2025-12-31,2025-12-31
VEN-04334,0.861219597772731,0,100.0,2025-12-31,2025-12-31,2025-12-31
VEN-04335,0.7960965139973714,0,91.9182747857448,2025-12-31,2025-12-31,2025-12-31
VEN-04336,0.8371070256808371,2,86.5145779552413,2025-12-31,2025-12-31,2025-12-31
VEN-04337,0.7152821314972554,0,88.18030338462623,2025-12-31,2025-11-20,2025-12-31
VEN-04338,0.8051597085115448,1,95.07941655720444,2025-12-31,2025-12-31,2025-12-01
VEN-04339,0.5478821737471125,0,91.18464409429608,2025-06-01,2025-09-21,2025-12-31
VEN-04340,0.7404013115803771,1,100.0,2025-12-31,2025-12-31,2025-12-31
VEN-04341,0.8532332564246258,0,99.7998474987744,2025-12-31,2025-12-31,2025-12-31
VEN-04342,0.8139390690263778,0,91.01115161066406,2025-12-31,2025-12-31,2025-12-31
VEN-04343,0.7455809177895606,0,89.74587675384316,2025-12-31,2025-12-31,2025-12-31
VEN-04344,0.4646402355167742,1,100.0,2025-05-24,2025-12-31,2025-12-31
VEN-04345,0.5765887924774417,0,95.3311661781076,2025-12-31,2025-08-31,2025-12-31
VEN-04346,0.8683746579572731,1,100.0,2025-12-31,2025-12-31,2025-12-31
VEN-04347,0.8019699994305192,2,99.51503499682843,2025-12-31,2025-12-31,2025-12-31
VEN-04348,0.9240583916935874,0,100.0,2025-05-16,2025-12-31,2025-12-31
VEN-04349,0.908583294967898,1,85.92340561769939,2025-12-31,2025-12-31,2025-12-31
VEN-04350,0.7930111535248556,1,91.76134185080868,2025-12-31,2025-12-31,2025-12-31
VEN-04351,0.7344473611149059,0,98.95404049495738,2025-12-31,2025-12-31,2025-12-31
VEN-04352,0.8571577918237316,0,83.5889100945762,2025-12-31,2025-12-31,2025-12-31
VEN-04353,0.962516796965219,2,90.72465154193348,2025-10-26,2025-12-31,2025-12-31
VEN-04354,0.8742111493610896,2,93.24640672748096,2025-12-31,2025-12-31,2025-12-31
VEN-04355,0.8784621768783019,0,87.69356817830798,2025-12-31,2025-12-31,2025-12-31
VEN-04356,0.6801703144226089,1,82.91545296760297,2025-09-09,2025-12-31,2025-12-31
VEN-04357,0.908513967671386,1,100.0,2025-12-31,2025-12-31,2025-12-31
VEN-04358,0.7861789395333979,0,95.3632846124396,2025-12-31,2025-12-31,2025-12-31
VEN-04359,0.8958610233505155,0,100.0,2025-07-14,2025-08-14,2025-12-31
VEN-04360,0.8389197707262092,1,98.71216292221368,2025-12-31,2025-12-31,2025-12-31
VEN-04361,0.9306691112000608,0,96.79152420899496,2025-12-31,2025-12-31,2025-12-31
VEN-04362,0.9325030511130812,1,92.99597601736691,2025-12-31,2025-12-31,2025-12-31
VEN-04363,0.8884466356045901,0,90.3987116604963,2025-12-31,2025-12-31,2025-12-31
VEN-04364,0.9093132536552676,2,100.0,2025-12-31,2025-12-31,2025-12-31
VEN-04365,0.893859430044747,0,98.94890875766662,2025-10-06,2025-12-31,2025-12-31
VEN-04366,0.8038029071986758,1,95.01207745095736,2025-10-03,2025-12-31,2025-10-30
VEN-04367,0.8941048814839645,0,98.91933094423162,2025-12-31,2025-12-31,2025-12-31
VEN-04368,0.9149164200429863,0,97.77017498365242,2025-12-31,2025-12-31,2025-12-31
VEN-04369,0.7183216442244819,1,92.62784272947847,2025-12-31,2025-12-31,2025-12-31
VEN-04370,0.9261444177317446,0,92.3278555122334,2025-12-31,2025-12-31,2025-12-31
VEN-04371,0.9021855783245446,0,88.41952395037973,2025-12-31,2025-12-31,2025-12-31
VEN-04372,0.7361558001458592,0,96.34964308881544,2025-12-31,2025-12-31,2025-12-31
VEN-04373,0.7568280895826099,0,94.9758571480136,2025-12-31,2025-12-31,2025-12-31
VEN-04374,0.916831016279174,0,72.07121020971027,2025-12-31,2025-08-09,2025-12-31
VEN-04375,0.8212098550993296,0,87.9239417316499,2025-12-21,2025-12-31,2025-12-31
VEN-04376,0.8161127031057884,0,100.0,2025-12-31,2025-12-31,2025-12-31
VEN-04377,0.873723803194818,0,87.49382572313465,2025-11-07,2025-12-31,2025-08-16
VEN-04378,0.7153434394216063,1,100.0,2025-12-31,2025-12-31,2025-12-31
VEN-04379,0.9063204258132092,2,88.18887587821055,2025-12-31,2025-08-27,2025-12-31
VEN-04380,0.8261227165605997,2,100.0,2025-12-31,2025-09-03,2025-12-31
VEN-04381,0.8372713453364155,0,93.6126450385843,2025-12-31,2025-12-31,2025-12-31
VEN-04382,0.7681926253654121,0,95.88181926413628,2025-12-31,2025-12-31,2025-12-31
VEN-04383,0.9320206325624018,1,100.0,2025-05-06,2025-12-31,2025-12-31
VEN-04384,0.6241056468711436,0,88.04513717322223,2025-12-31,2025-12-31,2025-12-05
VEN-04385,0.7019642228325258,0,100.0,2025-12-31,2025-12-31,2025-12-31
VEN-04386,0.7241403472701775,0,92.346151273025,2025-12-31,2025-12-31,2025-12-31
VEN-04387,0.6172997331843001,2,100.0,2025-11-17,2025-12-31,2025-12-31
VEN-04388,0.7533125275174481,1,83.85331135523042,2025-12-31,2025-12-31,2025-10-02
VEN-04389,0.6436259889719378,0,100.0,2025-08-23,2025-08-13,2025-12-31
VEN-04390,0.7438576501948491,0,92.24791482544389,2025-12-31,2025-12-31,2025-11-20
VEN-04391,0.9356266087671148,1,91.45476509505347,2025-12-31,2025-12-31,2025-12-31
VEN-04392,0.933043459930782,0,98.5303731522116,2025-12-31,2025-12-31,2025-12-31
VEN-04393,0.7949860720717155,2,83.27478465159666,2025-12-31,2025-12-31,2025-12-31
VEN-04394,0.9037828478985824,1,92.59168108235912,2025-12-31,2025-12-31,2025-12-31
VEN-04395,0.8809234299506128,1,100.0,2025-11-17,2025-12-31,2025-12-31
VEN-04396,0.9527084477089888,2,95.27906966495974,2025-12-31,2025-12-31,2025-12-31
VEN-04397,0.700205610196733,0,93.1780578615599,2025-12-26,2025-12-31,2025-12-31
VEN-04398,0.6251115751190133,0,100.0,2025-06-26,2025-12-31,2025-12-31
VEN-04399,0.7090779295946701,0,91.35689882560531,2025-12-31,2025-11-19,2025-12-31
VEN-04400,0.8144198775610398,2,99.64928321520064,2025-06-18,2025-07-19,2025-10-25
VEN-04401,0.7275150347917644,2,96.54870734583228,2025-12-31,2025-11-07,2025-12-31
VEN-04402,0.7729109749154041,0,100.0,2025-12-31,2025-12-31,2025-12-31
VEN-04403,0.96691235076753,0,100.0,2025-12-31,2025-12-31,2025-12-31
VEN-04404,0.8134626931490819,0,96.5429876084194,2025-12-31,2025-12-31,2025-09-02
VEN-04405,0.8672048766280072,2,81.94175600047029,2025-12-31,2025-12-31,2025-12-31
VEN-04406,0.9008599898754694,3,93.99453688304844,2025-12-31,2025-12-31,2025-12-31
VEN-04407,0.755704801748999,2,100.0,2025-12-31,2025-12-31,2025-09-29
VEN-04408,0.5221968903727536,0,100.0,2025-07-24,2025-12-31,2025-11-16
VEN-04409,0.7835075023514031,0,90.4704296379463,2025-12-31,2025-12-31,2025-09-25
VEN-04410,0.5438063656053493,1,95.61359954233676,2025-10-13,2025-12-31,2025-11-23
VEN-04411,0.8931285752769467,0,82.64607771726406,2025-12-31,2025-12-31,2025-12-31
VEN-04412,0.7121739720458723,2,99.8166201185888,2025-09-10,2025-12-31,2025-12-31
VEN-04413,0.7566578039536701,0,85.79659725590611,2025-11-25,2025-12-31,2025-12-31
VEN-04414,0.681135455005645,1,93.4579343849896,2025-12-31,2025-12-31,2025-12-31
VEN-04415,0.8466732842585819,2,100.0,2025-12-31,2025-12-31,2025-12-31
VEN-04416,0.8928691613122444,0,91.3652890342505,2025-12-21,2025-12-31,2025-12-31
VEN-04417,0.8217222910169965,1,95.31754601419291,2025-12-31,2025-12-31,2025-12-31
VEN-04418,0.928156768593102,1,100.0,2025-06-09,2025-12-31,2025-12-31
VEN-04419,0.8494463532300934,2,100.0,2025-12-31,2025-08-19,2025-12-31
VEN-04420,0.8202622226140697,0,90.11475418537093,2025-12-31,2025-12-31,2025-12-31
VEN-04421,0.6275670878671947,0,85.43158830514226,2025-12-31,2025-12-31,2025-12-31
VEN-04422,0.8039379778494492,0,92.2838605716662,2025-12-31,2025-12-31,2025-10-31
VEN-04423,0.5977762567213666,1,88.87150209174317,2025-12-31,2025-12-31,2025-12-31
VEN-04424,0.6209930377228168,0,82.07258860311516,2025-07-21,2025-12-31,2025-12-31
VEN-04425,0.9198336516945922,0,100.0,2025-12-31,2025-12-31,2025-12-31
VEN-04426,0.9053299318262904,1,83.01378426486063,2025-12-31,2025-12-31,2025-10-18
VEN-04427,0.7862469246686683,2,94.77671698134772,2025-10-11,2025-11-01,2025-12-31
VEN-04428,0.6184066412900433,0,95.25150994450894,2025-11-16,2025-12-31,2025-11-02
VEN-04429,0.9244882554357172,3,85.48684857904365,2025-10-16,2025-12-31,2025-12-31
VEN-04430,0.7945278677072048,0,93.72068008786356,2025-11-03,2025-12-31,2025-12-31
VEN-04431,0.6152077640910534,0,100.0,2025-07-07,2025-12-31,2025-12-31
VEN-04432,0.9645343300902546,2,95.75348085359494,2025-12-31,2025-12-31,2025-12-31
VEN-04433,0.768193924601551,0,87.8531194251335,2025-12-31,2025-12-31,2025-12-31
VEN-04434,0.9244395645548482,0,100.0,2025-12-31,2025-12-31,2025-12-31
VEN-04435,0.7426425333655616,1,92.61963259253469,2025-12-31,2025-12-17,2025-12-31
VEN-04436,0.8244400364775394,0,99.620042095449,2025-12-31,2025-10-15,2025-12-31
VEN-04437,0.9541371740479936,3,97.1464125007432,2025-12-31,2025-12-31,2025-12-31
VEN-04438,0.9442241994665864,0,96.081313074066,2025-12-31,2025-12-31,2025-12-31
VEN-04439,0.7721581310455202,0,91.68600927821892,2025-12-31,2025-12-31,2025-12-31
VEN-04440,0.8772353521687241,1,90.64847586226966,2025-08-22,2025-12-31,2025-12-15
VEN-04441,0.7141777663377836,1,91.55540941049082,2025-06-06,2025-12-31,2025-12-31
VEN-04442,0.8433959775115769,0,89.24227901680156,2025-08-22,2025-12-31,2025-12-31
VEN-04443,0.8224863153662885,0,100.0,2025-07-09,2025-12-31,2025-12-31
VEN-04444,0.8846283772869407,1,95.02365254063834,2025-06-19,2025-12-31,2025-12-31
VEN-04445,0.8802937656182782,3,88.57704631524999,2025-12-31,2025-12-31,2025-12-31
VEN-04446,0.889193162239404,0,98.23829190770552,2025-06-06,2025-12-31,2025-12-31
VEN-04447,0.6715982388624653,1,100.0,2025-12-31,2025-12-31,2025-08-12
VEN-04448,0.8627146658671205,0,88.5940625005863,2025-12-31,2025-12-31,2025-12-31
VEN-04449,0.8685251364538696,0,99.39913706178513,2025-12-31,2025-12-31,2025-12-31
VEN-04450,0.9199944234958632,0,95.0767394890694,2025-09-11,2025-12-31,2025-12-31
VEN-04451,0.8145770827356272,0,78.37306190865523,2025-12-31,2025-12-31,2025-12-31
VEN-04452,0.872223695021081,1,84.04944658004851,2025-12-31,2025-12-31,2025-12-31
VEN-04453,0.7799848275807039,1,88.81554334690676,2025-12-31,2025-10-11,2025-12-22
VEN-04454,0.8696757699272656,0,89.29310440809526,2025-12-31,2025-12-31,2025-12-31
VEN-04455,0.8743824020016273,0,86.73923515731632,2025-12-31,2025-12-31,2025-12-31
VEN-04456,0.8213384449442426,0,92.47951692861317,2025-12-31,2025-12-31,2025-12-31
VEN-04457,0.773774859811184,1,100.0,2025-05-23,2025-12-31,2025-12-31
VEN-04458,0.6522343058653602,0,87.58774020082234,2025-12-31,2025-12-31,2025-12-31
VEN-04459,0.762370406185213,0,100.0,2025-12-31,2025-12-31,2025-12-31
VEN-04460,0.6934591267971254,2,100.0,2025-06-03,2025-09-02,2025-12-31
VEN-04461,0.6704737840920773,0,92.61732716278983,2025-12-31,2025-12-31,2025-10-17
VEN-04462,0.7133352986821924,1,93.47795641069682,2025-12-31,2025-12-31,2025-12-31
VEN-04463,0.9075975396298708,0,100.0,2025-12-31,2025-12-31,2025-12-31
VEN-04464,0.84917636615399,0,87.07424004917212,2025-11-21,2025-12-31,2025-12-31
VEN-04465,0.806377762543963,1,81.85467661359667,2025-12-31,2025-12-31,2025-12-31
VEN-04466,0.7176742708914092,1,79.87827295236958,2025-12-31,2025-12-31,2025-12-31
VEN-04467,0.8808896938784211,0,94.45768500427084,2025-12-31,2025-12-31,2025-12-31
VEN-04468,0.7953624139478382,1,86.4072311081748,2025-12-31,2025-12-31,2025-12-31
VEN-04469,0.9178142766404972,1,71.72504207617271,2025-12-31,2025-12-31,2025-12-31
VEN-04470,0.9340893246319234,0,100.0,2025-12-31,2025-08-13,2025-12-31
VEN-04471,0.788557757327683,0,100.0,2025-12-31,2025-12-31,2025-12-19
VEN-04472,0.726163774546936,0,89.85089645118465,2025-12-31,2025-12-31,2025-12-31
VEN-04473,0.832201289746202,0,100.0,2025-12-31,2025-09-27,2025-12-31
VEN-04474,0.8456396038796969,0,94.8027965489178,2025-12-31,2025-12-31,2025-12-31
VEN-04475,0.9972760982016486,0,100.0,2025-12-31,2025-12-31,2025-12-31
VEN-04476,0.9406778833526128,1,98.21516973482706,2025-10-28,2025-12-31,2025-12-31
VEN-04477,0.7179054502307444,1,93.3501927037447,2025-12-31,2025-12-31,2025-11-09
VEN-04478,0.8650791324483498,0,86.03616017312706,2025-07-22,2025-12-31,2025-12-31
VEN-04479,0.7181011520549879,0,95.13138264062287,2025-12-31,2025-12-31,2025-12-31
VEN-04480,0.9563961962762224,1,82.16571324325592,2025-12-31,2025-12-31,2025-12-31
VEN-04481,0.8104133811236777,0,79.36811185056203,2025-12-31,2025-12-31,2025-12-31
VEN-04482,0.6667688722124104,2,85.85321273635721,2025-12-31,2025-12-31,2025-12-31
VEN-04483,0.7958430042586974,2,97.7041539812986,2025-12-31,2025-12-31,2025-12-31
VEN-04484,0.5898916621702098,0,93.65468510019808,2025-12-31,2025-12-31,2025-12-31
VEN-04485,0.5993241988365309,1,86.6191347820777,2025-12-31,2025-12-31,2025-12-31
VEN-04486,0.8536353784028335,0,98.5587446853965,2025-12-31,2025-12-31,2025-12-31
VEN-04487,0.813899480278899,0,99.17933242168648,2025-12-31,2025-12-31,2025-12-31
VEN-04488,0.6713563460452299,1,85.57914343600233,2025-08-24,2025-12-31,2025-12-31
VEN-04489,0.8857699050766906,0,88.81314056472446,2025-09-19,2025-12-31,2025-12-31
VEN-04490,0.8338663290434578,2,94.51333164662137,2025-12-31,2025-12-31,2025-08-13
VEN-04491,0.8929658688220559,0,93.12358271933049,2025-07-17,2025-12-31,2025-09-03
VEN-04492,0.944103772887638,0,84.3992117972769,2025-12-31,2025-12-31,2025-12-31
VEN-04493,0.9016353016520858,1,95.86552257966932,2025-12-31,2025-12-31,2025-12-31
VEN-04494,0.8226254872866137,1,92.600555224695,2025-12-31,2025-11-20,2025-12-31
VEN-04495,0.9027612308861288,0,93.9742633204387,2025-12-31,2025-12-31,2025-12-31
VEN-04496,0.9847314614032566,0,79.35655878612563,2025-12-31,2025-12-31,2025-12-31
VEN-04497,0.9435936477923238,3,99.98629049756497,2025-12-31,2025-12-31,2025-12-31
VEN-04498,0.7027995083396975,1,95.57440958441202,2025-12-31,2025-12-31,2025-12-31
VEN-04499,0.9303134664687874,0,100.0,2025-07-31,2025-12-31,2025-12-31
VEN-04500,0.9462275838226876,0,99.13893087590154,2025-12-31,2025-12-31,2025-10-22
VEN-04501,0.6724816812576077,2,100.0,2025-12-31,2025-12-31,2025-09-07
VEN-04502,0.7763598264411724,0,93.68792505757898,2025-12-31,2025-12-31,2025-12-31
VEN-04503,0.6451857441432478,0,83.02431673719757,2025-12-31,2025-12-24,2025-12-31
VEN-04504,0.7712737932888762,1,100.0,2025-12-31,2025-12-31,2025-12-31
VEN-04505,0.6683694353690776,1,91.513548225248,2025-10-18,2025-12-31,2025-12-31
VEN-04506,0.5715129488748723,0,97.68363368743192,2025-12-31,2025-12-31,2025-09-01
VEN-04507,0.9196909759854676,1,87.5812031295136,2025-12-31,2025-12-31,2025-12-31
VEN-04508,0.9099049982223092,0,97.10393623881686,2025-12-31,2025-12-31,2025-11-21
VEN-04509,0.8177694877131529,0,83.04458719501388,2025-12-31,2025-12-31,2025-12-31
VEN-04510,0.783825151875392,0,100.0,2025-12-31,2025-12-31,2025-12-31
VEN-04511,0.958839445830636,0,94.49950326914384,2025-12-31,2025-12-31,2025-12-31
VEN-04512,0.678378542473114,1,99.40269031517492,2025-12-31,2025-12-31,2025-12-31
VEN-04513,0.8626657221976533,1,86.42416634053403,2025-12-31,2025-12-31,2025-12-31
VEN-04514,0.6380913205526981,0,93.33295176499334,2025-12-31,2025-12-31,2025-12-31
VEN-04515,0.9145007378251616,0,98.42268194523054,2025-12-31,2025-12-31,2025-12-31
VEN-04516,0.645315750345915,0,97.88243153911476,2025-12-31,2025-12-31,2025-12-31
VEN-04517,0.9037005066272734,1,96.2872505956806,2025-06-22,2025-08-17,2025-12-31
VEN-04518,0.862527176247504,0,88.77399549214016,2025-12-31,2025-12-31,2025-10-09
VEN-04519,0.7381350455121041,0,93.4413763980222,2025-12-31,2025-12-31,2025-10-07
VEN-04520,0.8355310669593141,0,91.53744241382996,2025-12-31,2025-10-16,2025-12-31
VEN-04521,0.80054190494674,1,81.7558750867324,2025-12-31,2025-12-31,2025-12-31
VEN-04522,0.916691784915202,0,88.61860331672443,2025-12-31,2025-12-31,2025-12-31
VEN-04523,0.8166372456584489,1,91.11772219734388,2025-09-20,2025-12-31,2025-12-31
VEN-04524,0.6529319545823037,0,89.5643471164166,2025-12-31,2025-12-31,2025-12-31
VEN-04525,0.4095344037626934,0,93.46747696576084,2025-12-31,2025-12-31,2025-12-15
VEN-04526,0.698134794856961,0,96.58061229890656,2025-07-05,2025-12-31,2025-12-31
VEN-04527,0.8117357999735236,0,93.8159282981524,2025-12-31,2025-12-31,2025-12-31
VEN-04528,0.7042105884046721,0,90.64221617632582,2025-11-18,2025-12-31,2025-12-31
VEN-04529,0.7633934205090365,0,100.0,2025-12-31,2025-12-31,2025-12-31
VEN-04530,0.8082199124896717,0,85.03092714066179,2025-12-31,2025-12-31,2025-12-31
VEN-04531,0.8319757113036254,1,87.85547561318836,2025-12-31,2025-07-17,2025-10-23
VEN-04532,0.7779564538106658,0,85.56723542094026,2025-12-31,2025-12-31,2025-12-31
VEN-04533,0.9631071021300112,0,97.89624456574192,2025-12-31,2025-12-31,2025-12-31
VEN-04534,0.7335806957559827,0,97.78064538747292,2025-12-31,2025-12-31,2025-12-31
VEN-04535,0.7427154715115549,0,97.225461439296,2025-06-06,2025-12-31,2025-12-31
VEN-04536,0.6531165561554917,1,100.0,2025-10-21,2025-12-31,2025-12-31
VEN-04537,0.7470454983694079,0,88.22378425082772,2025-12-31,2025-12-31,2025-12-31
VEN-04538,0.9279755570711552,0,94.3141018921433,2025-12-10,2025-10-24,2025-12-31
VEN-04539,0.9730111663394042,1,98.16763642253473,2025-12-31,2025-12-31,2025-12-31
VEN-04540,0.4252001951749846,0,91.45697498469588,2025-09-28,2025-10-14,2025-12-31
VEN-04541,0.5769899732478216,0,98.6623992208541,2025-12-31,2025-12-31,2025-12-31
VEN-04542,0.6797973532944893,1,100.0,2025-12-31,2025-12-31,2025-11-17
VEN-04543,0.5475626709923984,0,99.8534851766168,2025-12-31,2025-12-31,2025-12-31
VEN-04544,0.5656453117184806,0,100.0,2025-12-31,2025-12-31,2025-11-07
VEN-04545,0.7069301894550525,2,100.0,2025-12-31,2025-12-31,2025-12-22
VEN-04546,0.83721969276222,2,98.1473294603533,2025-06-01,2025-12-31,2025-12-31
VEN-04547,0.3858762051973134,3,88.53570119256145,2025-12-31,2025-12-31,2025-12-31
VEN-04548,0.6436024143052328,0,100.0,2025-12-31,2025-12-31,2025-12-31
VEN-04549,0.9683015166275296,0,84.97719760470514,2025-12-31,2025-12-31,2025-12-31
VEN-04550,0.7445035982162437,1,93.21735659479876,2025-12-31,2025-12-31,2025-12-30
VEN-04551,0.57086054906463,0,100.0,2025-12-31,2025-12-31,2025-12-31
VEN-04552,0.8131075072927252,0,96.32125984127492,2025-12-31,2025-12-31,2025-12-31
VEN-04553,0.7332389072128114,0,95.90938242335795,2025-12-31,2025-09-05,2025-11-20
VEN-04554,0.8577661192074862,1,97.449493154295,2025-12-31,2025-12-31,2025-12-31
VEN-04555,0.9389314145544908,0,100.0,2025-12-31,2025-12-31,2025-12-31
VEN-04556,0.8651138809572846,0,85.21601606052958,2025-12-31,2025-12-31,2025-12-31
VEN-04557,0.7872183018207034,2,100.0,2025-12-31,2025-12-31,2025-12-31
VEN-04558,0.8148669144354157,0,95.38326365560287,2025-12-31,2025-12-31,2025-12-31
VEN-04559,0.8319307627806212,0,100.0,2025-12-31,2025-07-27,2025-12-31
VEN-04560,0.704925522282017,0,94.38827536259004,2025-12-31,2025-12-31,2025-12-31
VEN-04561,0.8414780710119227,3,85.57787238707053,2025-12-31,2025-12-31,2025-12-31
VEN-04562,0.9661327748145856,0,98.9369041786495,2025-12-31,2025-10-30,2025-12-31
VEN-04563,0.7237102854807204,0,83.32969665480948,2025-12-31,2025-12-31,2025-12-31
VEN-04564,0.748415415707917,1,98.15969019109066,2025-11-18,2025-12-31,2025-12-31
VEN-04565,0.6793222303831884,0,100.0,2025-12-31,2025-12-31,2025-08-15
VEN-04566,0.8292367219415375,0,89.19964821816369,2025-07-05,2025-12-31,2025-10-22
VEN-04567,0.5033756467511342,0,86.65239170302118,2025-07-04,2025-07-27,2025-12-19
VEN-04568,0.7091032115627286,3,95.414049872564,2025-05-17,2025-12-13,2025-12-31
VEN-04569,0.6596038613500699,0,91.318082157725,2025-12-31,2025-12-17,2025-12-31
VEN-04570,0.8578406893981315,1,96.29188055911206,2025-11-27,2025-12-31,2025-12-31
VEN-04571,0.8231335835234347,0,88.86008872560038,2025-09-17,2025-12-31,2025-12-31
VEN-04572,0.836845054484066,1,85.13323721117061,2025-12-31,2025-12-31,2025-12-31
VEN-04573,0.8083997876751957,1,70.77488476347976,2025-12-31,2025-12-31,2025-12-31
VEN-04574,0.8909940921452215,0,84.7273205008476,2025-12-31,2025-12-31,2025-09-16
VEN-04575,0.7063904356268885,1,95.21417303490053,2025-12-31,2025-12-31,2025-12-31
VEN-04576,0.6290537443678764,0,100.0,2025-09-05,2025-12-31,2025-12-31
VEN-04577,0.9275773715490324,1,98.52477777931372,2025-07-23,2025-12-31,2025-12-31
VEN-04578,0.8912418919891689,2,99.22136611834694,2025-07-16,2025-12-31,2025-12-31
VEN-04579,0.705543346352196,0,99.61716849283157,2025-06-04,2025-12-31,2025-09-09
VEN-04580,0.9217585518403104,1,88.69760112776588,2025-12-31,2025-12-31,2025-10-25
VEN-04581,0.7703178771907089,1,78.28164007269956,2025-12-31,2025-12-31,2025-12-31
VEN-04582,0.8204022954471604,1,92.56972126107996,2025-12-31,2025-12-31,2025-12-31
VEN-04583,0.6926215657531153,1,81.02514503768302,2025-12-31,2025-12-31,2025-12-31
VEN-04584,0.7367938137555025,0,95.41908307154702,2025-07-12,2025-12-31,2025-09-25
VEN-04585,0.9048200425703012,2,92.91009634037157,2025-12-31,2025-12-31,2025-12-31
VEN-04586,0.6083579016630746,0,100.0,2025-07-09,2025-12-31,2025-12-31
VEN-04587,0.9591666792361868,0,100.0,2025-12-31,2025-12-20,2025-12-31
VEN-04588,0.87683639515885,0,97.85198178034818,2025-12-31,2025-12-31,2025-09-27
VEN-04589,0.6944110724199944,1,89.26951531283963,2025-12-31,2025-12-31,2025-12-31
VEN-04590,0.9342060435702604,0,82.24854148115482,2025-10-06,2025-12-31,2025-12-31
VEN-04591,0.8486717410785908,0,100.0,2025-08-21,2025-08-25,2025-12-31
VEN-04592,0.7485853077798771,1,92.91965539138306,2025-12-31,2025-12-31,2025-12-31
VEN-04593,0.8996472104095125,0,96.9189086757603,2025-09-23,2025-12-31,2025-12-31
VEN-04594,0.764439233537513,0,87.64195710798045,2025-12-31,2025-12-31,2025-12-31
VEN-04595,0.9118676375090932,0,100.0,2025-12-31,2025-12-31,2025-12-31
VEN-04596,0.904540418948452,0,86.55019542406332,2025-06-23,2025-12-31,2025-12-31
VEN-04597,0.8839012872674878,1,90.7028415168443,2025-12-31,2025-12-13,2025-12-31
VEN-04598,0.9390105374177928,0,96.99144498642048,2025-12-31,2025-12-31,2025-12-31
VEN-04599,0.8869644480098358,0,100.0,2025-12-31,2025-07-15,2025-12-31
VEN-04600,0.7773827877229033,0,91.18044840397803,2025-12-31,2025-12-31,2025-12-31
VEN-04601,0.913348376595669,0,94.47831920462755,2025-11-11,2025-12-31,2025-10-29
VEN-04602,0.5210712668843724,1,88.71015914393517,2025-12-31,2025-12-31,2025-12-31
VEN-04603,0.8992183291474404,0,93.26150195834568,2025-12-31,2025-12-31,2025-12-31
VEN-04604,0.6036955283390123,1,98.0606728639317,2025-12-31,2025-09-25,2025-12-31
VEN-04605,0.8729519599522604,0,100.0,2025-12-31,2025-12-31,2025-09-23
VEN-04606,0.8656537934695885,0,94.92697602046462,2025-12-31,2025-12-31,2025-12-31
VEN-04607,0.8756179504323334,2,84.50105004573574,2025-12-31,2025-12-31,2025-12-31
VEN-04608,0.8891319341186698,0,100.0,2025-12-01,2025-08-11,2025-12-31
VEN-04609,0.8733880752372054,0,99.69497518315468,2025-12-31,2025-12-31,2025-12-31
VEN-04610,0.86912857655961,0,97.44907607883594,2025-08-26,2025-12-31,2025-12-31
VEN-04611,0.8552425280835309,0,100.0,2025-12-31,2025-12-31,2025-12-31
VEN-04612,0.8554556651906267,0,100.0,2025-12-31,2025-12-31,2025-12-31
VEN-04613,0.7218778013895016,2,85.67772766839522,2025-12-31,2025-07-07,2025-12-31
VEN-04614,0.8034974560963137,0,92.62086489743083,2025-12-31,2025-10-23,2025-12-31
VEN-04615,0.884180146383288,1,82.81846425943068,2025-12-31,2025-12-31,2025-12-31
VEN-04616,0.8442755072009271,0,93.58098308759996,2025-12-31,2025-11-10,2025-12-31
VEN-04617,0.8157757084052423,2,96.1571699649448,2025-12-31,2025-12-31,2025-12-31
VEN-04618,0.8314942287996843,0,79.99205051383309,2025-06-01,2025-12-31,2025-12-31
VEN-04619,0.8930809134491783,0,93.04273092660162,2025-08-10,2025-12-31,2025-12-31
VEN-04620,0.7913781885744822,0,90.1852990959898,2025-12-31,2025-12-31,2025-12-31
VEN-04621,0.9065067888461396,0,100.0,2025-09-20,2025-12-31,2025-12-31
VEN-04622,0.8965614734461312,0,100.0,2025-05-24,2025-12-31,2025-10-13
VEN-04623,0.9609288828342732,0,100.0,2025-12-31,2025-09-15,2025-12-31
VEN-04624,0.7930415769178067,1,92.1123375456861,2025-12-31,2025-12-31,2025-12-31
VEN-04625,0.6257022583771727,0,100.0,2025-12-31,2025-12-31,2025-12-31
VEN-04626,0.8654742527611023,1,90.76849663579443,2025-12-31,2025-12-31,2025-12-31
VEN-04627,0.7922650727094276,0,87.17479784797314,2025-12-31,2025-12-31,2025-12-31
VEN-04628,0.7726022659733228,3,87.51264254586806,2025-12-31,2025-12-31,2025-12-31
VEN-04629,0.5924476783494932,1,100.0,2025-12-31,2025-12-31,2025-12-31
VEN-04630,0.8937173640037787,0,100.0,2025-12-31,2025-12-31,2025-12-31
VEN-04631,0.6775171873292926,3,93.10659457067231,2025-09-23,2025-12-31,2025-12-31
VEN-04632,0.8067152811777405,0,99.4211694258992,2025-12-31,2025-12-31,2025-12-31
VEN-04633,0.956738950862228,1,89.14873305567654,2025-12-31,2025-12-31,2025-12-31
VEN-04634,0.57770627476536,0,100.0,2025-08-09,2025-12-31,2025-12-31
VEN-04635,0.9244779698124078,0,81.23468041129459,2025-08-24,2025-12-31,2025-11-11
VEN-04636,0.8020105376756889,1,100.0,2025-12-31,2025-12-31,2025-12-31
VEN-04637,0.7426534084951284,0,100.0,2025-06-14,2025-12-31,2025-12-31
VEN-04638,0.8704523146175331,1,88.95138462992158,2025-12-31,2025-12-31,2025-12-31
VEN-04639,0.8844608422816167,0,100.0,2025-12-31,2025-12-31,2025-12-31
VEN-04640,0.8699328801230984,0,69.77568354261271,2025-12-31,2025-12-31,2025-12-31
VEN-04641,0.922041616598286,0,91.47584464865317,2025-12-31,2025-12-31,2025-12-15
VEN-04642,0.6484342421724175,1,100.0,2025-07-31,2025-12-31,2025-12-31
VEN-04643,0.6763384851068263,2,93.14022654435664,2025-12-31,2025-12-31,2025-12-21
VEN-04644,0.928754656946695,0,80.22764751734115,2025-09-28,2025-10-13,2025-12-31
VEN-04645,0.7412521503288495,0,95.47765758261528,2025-12-31,2025-12-16,2025-12-31
VEN-04646,0.8694611229807319,1,87.52875949418267,2025-12-31,2025-12-31,2025-12-31
VEN-04647,0.7132392551105254,0,100.0,2025-07-08,2025-12-31,2025-12-31
VEN-04648,0.9694197332736958,0,80.04228719738927,2025-12-31,2025-12-31,2025-12-31
VEN-04649,0.9653997257622804,2,93.83751415040396,2025-12-31,2025-12-31,2025-12-31
VEN-04650,0.7843720152067352,1,81.84533908816499,2025-07-30,2025-12-31,2025-12-31
VEN-04651,0.8572858772325647,0,94.74036592851115,2025-12-31,2025-12-31,2025-12-31
VEN-04652,0.6608548627688676,0,85.11551216894362,2025-10-02,2025-12-31,2025-12-31
VEN-04653,0.9108586031184096,0,92.78446856898624,2025-12-31,2025-11-12,2025-12-31
VEN-04654,0.7035625242458683,0,89.49085194403148,2025-12-31,2025-12-31,2025-12-04
VEN-04655,0.8858183407767498,0,89.56811223197622,2025-10-04,2025-12-31,2025-12-31
VEN-04656,0.7128096340412668,0,95.01975043538502,2025-12-31,2025-12-31,2025-12-31
VEN-04657,0.5965487824675445,1,99.90532900317254,2025-12-31,2025-12-31,2025-12-31
VEN-04658,0.9524741301701742,1,95.01817241215946,2025-12-31,2025-12-31,2025-12-31
VEN-04659,0.825895390072452,1,92.88231166443128,2025-12-31,2025-12-31,2025-12-31
VEN-04660,0.8713193085177321,1,100.0,2025-06-14,2025-11-19,2025-12-21
VEN-04661,0.6688960944545486,1,87.3020929908598,2025-12-31,2025-12-31,2025-09-20
VEN-04662,0.7800436454491035,2,98.49521768479444,2025-11-05,2025-12-31,2025-12-31
VEN-04663,0.76800860813747,0,91.4680225345992,2025-12-31,2025-12-31,2025-12-31
VEN-04664,0.5443802207837518,0,100.0,2025-12-31,2025-12-31,2025-12-31
VEN-04665,0.7374447144562932,1,87.49326052921003,2025-12-31,2025-12-31,2025-12-31
VEN-04666,0.8007569131363088,1,85.79066382890055,2025-12-31,2025-12-31,2025-12-31
VEN-04667,0.9008662132285952,0,93.08688715299124,2025-12-31,2025-12-31,2025-12-31
VEN-04668,0.9452644360766546,2,92.18250501959548,2025-12-31,2025-12-31,2025-12-31
VEN-04669,0.7395467822839339,1,95.41003239201378,2025-12-31,2025-07-28,2025-12-31
VEN-04670,0.8653843172955067,0,94.10870311924444,2025-11-30,2025-12-31,2025-12-31
VEN-04671,0.9499804148517528,1,93.24667365264057,2025-12-31,2025-12-31,2025-12-31
VEN-04672,0.9413518169396756,0,100.0,2025-12-31,2025-12-31,2025-12-28
VEN-04673,0.8524066680577459,0,100.0,2025-11-22,2025-09-18,2025-12-31
VEN-04674,0.6795429875076274,0,94.27673261108092,2025-12-31,2025-12-31,2025-12-31
VEN-04675,0.8212748203684772,2,93.17155263334703,2025-12-31,2025-12-31,2025-12-31
VEN-04676,0.6785916034377567,0,95.04602701579778,2025-12-31,2025-12-31,2025-12-31
VEN-04677,0.9495867718849283,0,97.6633122168316,2025-12-31,2025-12-31,2025-12-31
VEN-04678,0.917645659279158,0,80.67492621266467,2025-12-31,2025-12-31,2025-12-31
VEN-04679,0.9191533391532262,0,100.0,2025-12-31,2025-12-31,2025-12-31
VEN-04680,0.8226993600838806,0,100.0,2025-12-31,2025-12-31,2025-09-20
VEN-04681,0.8387954380346161,2,91.42895053496602,2025-12-31,2025-10-03,2025-12-31
VEN-04682,0.7661431571035258,0,88.19820817585735,2025-12-31,2025-12-31,2025-12-31
VEN-04683,0.8790344803885617,0,84.02371366979048,2025-12-31,2025-12-31,2025-12-31
VEN-04684,0.7513369075887466,1,98.3852856926862,2025-12-31,2025-10-05,2025-11-24
VEN-04685,0.6829627321138225,0,100.0,2025-12-31,2025-12-07,2025-12-31
VEN-04686,0.8054206964247463,0,73.56204534808639,2025-12-31,2025-12-31,2025-12-31
VEN-04687,0.6760289223896502,1,93.4821239706296,2025-05-31,2025-11-02,2025-12-31
VEN-04688,0.929038885594941,0,80.09876493989178,2025-10-11,2025-12-31,2025-12-31
VEN-04689,0.6718037786089536,0,90.2351067147274,2025-12-31,2025-10-30,2025-12-31
VEN-04690,0.7038267458855473,0,90.46630721267212,2025-12-31,2025-12-31,2025-12-31
VEN-04691,0.916830438996008,1,100.0,2025-12-31,2025-12-31,2025-12-31
VEN-04692,0.8282775851151261,2,95.38149943022064,2025-12-31,2025-10-03,2025-12-31
VEN-04693,0.8164475888625353,0,100.0,2025-10-08,2025-12-31,2025-12-31
VEN-04694,0.7410920801553232,1,89.71970816125253,2025-12-31,2025-12-31,2025-12-31
VEN-04695,0.7109178540256152,2,96.0289995100737,2025-12-31,2025-12-31,2025-12-31
VEN-04696,0.7107881464291421,0,95.4455728971975,2025-12-31,2025-12-31,2025-12-31
VEN-04697,0.7048800579074376,0,100.0,2025-12-31,2025-12-31,2025-10-06
VEN-04698,0.9076654058305356,0,92.93472878190074,2025-11-06,2025-09-12,2025-12-31
VEN-04699,0.8158892086428953,0,95.82991415246852,2025-12-31,2025-12-31,2025-12-31
VEN-04700,0.5618250276056455,0,100.0,2025-11-05,2025-08-11,2025-12-31
VEN-04701,0.7896984831449012,0,88.40757214266662,2025-12-31,2025-12-31,2025-12-31
VEN-04702,0.8539911679031804,0,81.73734406278206,2025-12-31,2025-12-31,2025-12-31
VEN-04703,0.866129708175322,0,90.72227353268087,2025-08-09,2025-12-31,2025-09-26
VEN-04704,0.924147144457364,1,99.07939497227372,2025-12-31,2025-08-23,2025-12-31
VEN-04705,0.9182926251938436,0,91.27335398474958,2025-12-31,2025-12-31,2025-12-31
VEN-04706,0.8044626859427549,1,95.18494367336568,2025-12-31,2025-12-31,2025-10-17
VEN-04707,0.8002278220672355,2,89.6161748379802,2025-12-31,2025-12-31,2025-10-27
VEN-04708,0.7221355598775544,0,92.73345579327275,2025-12-31,2025-12-31,2025-12-31
VEN-04709,0.8397583534321285,1,84.08000398298765,2025-12-31,2025-10-31,2025-12-31
VEN-04710,0.7250331731384417,0,99.5846639289716,2025-12-31,2025-07-22,2025-12-31
VEN-04711,0.9294245357779952,1,99.37885240810284,2025-12-31,2025-12-31,2025-12-31
VEN-04712,0.7913713926090398,0,100.0,2025-12-31,2025-12-30,2025-12-31
VEN-04713,0.8301462933925117,0,85.39871988829651,2025-12-31,2025-12-31,2025-12-31
VEN-04714,0.8687546792328483,1,100.0,2025-11-26,2025-12-31,2025-12-31
VEN-04715,0.9385625430321588,0,90.5474074944128,2025-12-31,2025-12-19,2025-12-31
VEN-04716,0.791281520098361,0,77.73365929337862,2025-12-31,2025-12-31,2025-11-16
VEN-04717,0.7919830110769949,2,100.0,2025-06-06,2025-12-31,2025-12-31
VEN-04718,0.9809969826682838,0,100.0,2025-12-31,2025-12-31,2025-12-31
VEN-04719,0.9814629831248992,0,90.20295447541152,2025-12-31,2025-12-31,2025-09-20
VEN-04720,0.7237824784863791,0,85.39981442074011,2025-12-31,2025-12-31,2025-12-31
VEN-04721,0.73265250394317,1,72.07133950477798,2025-12-31,2025-11-15,2025-12-31
VEN-04722,0.8977512344262651,3,82.7686105824921,2025-12-31,2025-12-31,2025-12-31
VEN-04723,0.9451878280266884,1,86.97905344747794,2025-12-31,2025-12-31,2025-12-31
VEN-04724,0.89349856193726,0,99.7855806374204,2025-12-31,2025-12-31,2025-12-31
VEN-04725,0.8207250159478041,0,96.287461520221,2025-09-27,2025-10-31,2025-12-31
VEN-04726,0.5907702690421777,0,95.19288227203089,2025-11-15,2025-09-15,2025-12-31
VEN-04727,0.8765028021165505,0,90.23581647235967,2025-12-31,2025-12-31,2025-12-31
VEN-04728,0.7529408793545582,0,93.6067708891446,2025-07-30,2025-12-23,2025-09-26
VEN-04729,0.4124470386713801,1,99.53457355982782,2025-12-31,2025-12-31,2025-12-31
VEN-04730,0.7895978490897789,5,98.43998079519976,2025-12-31,2025-12-31,2025-12-31
VEN-04731,0.6481322349088857,1,96.28539109283469,2025-12-31,2025-12-31,2025-12-31
VEN-04732,0.795554460712618,0,100.0,2025-08-30,2025-12-31,2025-12-31
VEN-04733,0.761282524783509,0,84.12048920980895,2025-12-31,2025-12-31,2025-12-31
VEN-04734,0.9302518083612464,2,85.16241555544765,2025-12-31,2025-12-31,2025-12-31
VEN-04735,0.857176350780654,0,100.0,2025-12-31,2025-12-31,2025-12-31
VEN-04736,0.7410554737520132,1,89.79938746052035,2025-05-17,2025-09-01,2025-12-31
VEN-04737,0.9286814161108276,1,91.54776599812418,2025-12-31,2025-12-31,2025-09-05
VEN-04738,0.8326828490914238,0,87.81930607383947,2025-12-31,2025-12-31,2025-12-31
VEN-04739,0.9131859185453708,0,89.3067376469226,2025-06-12,2025-12-31,2025-12-31
VEN-04740,0.6991458276350475,0,88.57930796081332,2025-12-31,2025-12-31,2025-12-31
VEN-04741,0.8938169803367315,0,100.0,2025-05-13,2025-12-31,2025-12-31
VEN-04742,0.6936767262031932,1,94.68031168997372,2025-12-31,2025-12-31,2025-12-31
VEN-04743,0.8349126410805816,1,96.63685018256912,2025-12-31,2025-12-31,2025-12-31
VEN-04744,0.4912874521808606,0,81.76336544859994,2025-12-31,2025-12-31,2025-12-31
VEN-04745,0.6784368946169836,0,87.2995101610746,2025-12-31,2025-12-31,2025-12-31
VEN-04746,0.4510946386113264,0,87.39119094325747,2025-12-31,2025-12-31,2025-12-31
VEN-04747,0.8712620511312223,0,97.21979004949152,2025-12-31,2025-12-31,2025-12-31
VEN-04748,0.8231433736732789,0,87.6917393215446,2025-11-13,2025-12-31,2025-12-31
VEN-04749,0.8969131971531628,0,97.72844369884612,2025-12-31,2025-12-31,2025-12-31
VEN-04750,0.592980809528687,1,80.38583461571783,2025-12-31,2025-12-31,2025-12-31
VEN-04751,0.7622792045230374,1,85.49412921192797,2025-12-31,2025-12-31,2025-11-27
VEN-04752,0.7873510676391788,1,81.47097602468185,2025-06-01,2025-12-31,2025-12-31
VEN-04753,0.9107810707729564,0,93.39342929889344,2025-09-28,2025-12-31,2025-12-31
VEN-04754,0.728042934853886,0,85.15789687842978,2025-12-31,2025-12-31,2025-12-31
VEN-04755,0.931191923733025,0,92.03505564759608,2025-12-31,2025-12-31,2025-12-31
VEN-04756,0.8441297913919593,2,81.93764695864432,2025-12-31,2025-12-31,2025-12-31
VEN-04757,0.9532303395963008,0,80.98000588419315,2025-12-31,2025-12-31,2025-12-31
VEN-04758,0.7575706343456804,1,87.85280322831215,2025-12-31,2025-12-31,2025-11-27
VEN-04759,0.8503715355531362,0,100.0,2025-12-31,2025-12-31,2025-12-31
VEN-04760,0.8332085918463247,0,81.78558205452867,2025-12-31,2025-12-31,2025-12-31
VEN-04761,0.8773358050012425,1,91.64068740157964,2025-12-31,2025-12-31,2025-10-29
VEN-04762,0.9626275105603086,0,96.97816630895076,2025-06-23,2025-12-31,2025-12-31
VEN-04763,0.8724244923686988,0,94.87759747372988,2025-12-31,2025-12-31,2025-12-31
VEN-04764,0.8508744438993814,0,87.03474446711536,2025-12-31,2025-12-31,2025-12-31
VEN-04765,0.8387506576811345,1,85.37000361084705,2025-12-31,2025-07-14,2025-12-31
VEN-04766,0.7701308057604619,1,93.813849383345,2025-12-31,2025-12-31,2025-09-04
VEN-04767,0.794374106175152,0,100.0,2025-12-31,2025-09-15,2025-12-31
VEN-04768,0.9470176133529348,1,90.27067165618176,2025-12-31,2025-12-31,2025-12-31
VEN-04769,0.862887615634339,0,96.253285687943,2025-12-31,2025-12-31,2025-12-31
VEN-04770,0.7114420914525876,0,93.31672024788688,2025-12-31,2025-12-31,2025-12-31
VEN-04771,0.9078250462977486,1,100.0,2025-12-31,2025-10-13,2025-12-31
VEN-04772,0.6634794251081645,1,85.00801218737129,2025-12-31,2025-12-31,2025-11-01
VEN-04773,0.6325862310549564,0,100.0,2025-06-30,2025-12-31,2025-12-31
VEN-04774,0.7002812739142095,1,85.02939258323138,2025-10-30,2025-12-31,2025-12-31
VEN-04775,0.7581688737147873,0,91.0748755954046,2025-12-31,2025-12-31,2025-12-31
VEN-04776,0.7948731211632922,0,100.0,2025-12-31,2025-12-31,2025-12-31
VEN-04777,0.8332347109635905,0,100.0,2025-12-31,2025-12-31,2025-12-31
VEN-04778,0.8862132810068674,0,83.44498289774043,2025-12-19,2025-12-31,2025-12-31
VEN-04779,0.7119900422232468,0,93.9345469579776,2025-12-31,2025-10-13,2025-08-07
VEN-04780,0.6810822564540147,1,100.0,2025-09-18,2025-12-31,2025-12-31
VEN-04781,0.9548399260967968,0,98.26195996210252,2025-12-31,2025-12-31,2025-12-31
VEN-04782,0.8076465544400695,1,84.38895995355222,2025-12-31,2025-12-31,2025-09-12
VEN-04783,0.7061205609086068,1,91.70089898800798,2025-12-31,2025-12-31,2025-12-31
VEN-04784,0.8901330183690823,0,97.46161691841122,2025-12-31,2025-12-31,2025-12-31
VEN-04785,0.6864189106048095,0,91.78599973290588,2025-12-31,2025-12-31,2025-12-01
VEN-04786,0.9339459576843756,0,84.39338529952597,2025-12-31,2025-12-31,2025-12-31
VEN-04787,0.9590477461512084,0,94.80178184739115,2025-07-05,2025-12-31,2025-12-31
VEN-04788,0.8938310017568288,0,100.0,2025-12-31,2025-12-31,2025-12-31
VEN-04789,0.7285767821803701,0,94.37838381439876,2025-10-14,2025-12-31,2025-12-31
VEN-04790,0.8922590248184367,1,80.07742639062562,2025-12-31,2025-12-31,2025-12-31
VEN-04791,0.9418029976236274,1,83.62750638567938,2025-12-31,2025-12-31,2025-12-31
VEN-04792,0.9366493646199094,0,100.0,2025-12-31,2025-12-31,2025-12-31
VEN-04793,0.8191532885907898,0,97.46173822616028,2025-05-25,2025-12-31,2025-12-31
VEN-04794,0.8422975918614068,0,96.86289330738784,2025-12-31,2025-12-31,2025-12-31
VEN-04795,0.8361246508857152,2,97.9627344811135,2025-09-28,2025-12-31,2025-12-31
VEN-04796,0.8308536445664055,1,100.0,2025-12-31,2025-12-31,2025-12-31
VEN-04797,0.940233823233736,0,98.87776541800928,2025-12-31,2025-12-31,2025-12-25
VEN-04798,0.8071317501379403,0,91.68743616687352,2025-09-09,2025-11-28,2025-12-31
VEN-04799,0.8531189554326278,1,92.22111865696996,2025-12-31,2025-12-31,2025-12-31
VEN-04800,0.8911161979598926,0,97.21121380623056,2025-12-31,2025-12-31,2025-12-31
VEN-04801,0.918977618417132,1,77.48913626844576,2025-12-31,2025-08-11,2025-12-31
VEN-04802,0.8677812111722094,1,100.0,2025-12-31,2025-12-31,2025-12-31
VEN-04803,0.9223431086811558,0,91.50545951049162,2025-12-31,2025-12-31,2025-12-31
VEN-04804,0.6633549022011164,0,85.41634988221772,2025-06-05,2025-12-31,2025-12-31
VEN-04805,0.7446083051078224,1,93.65494895040936,2025-10-18,2025-12-31,2025-08-15
VEN-04806,0.861799442390798,0,89.2297374228872,2025-12-31,2025-12-31,2025-12-31
VEN-04807,0.6066245749331471,0,100.0,2025-12-31,2025-12-31,2025-12-31
VEN-04808,0.7937155593973634,1,94.2638892249646,2025-11-16,2025-12-31,2025-12-31
VEN-04809,0.8541877831360045,0,96.42619993248071,2025-12-31,2025-12-31,2025-12-31
VEN-04810,0.8283228088592041,0,99.8514832192017,2025-06-21,2025-12-31,2025-12-05
VEN-04811,0.8267880602065782,1,89.24678415865237,2025-10-09,2025-12-31,2025-12-31
VEN-04812,0.7525381415125232,1,93.285453362558,2025-12-31,2025-12-31,2025-12-31
VEN-04813,0.7043240828745146,0,96.2022416013178,2025-12-31,2025-12-31,2025-12-31
VEN-04814,0.6439933411119331,0,98.38508882462412,2025-12-31,2025-12-31,2025-12-31
VEN-04815,0.8005171666155685,0,84.73562245897354,2025-12-31,2025-12-31,2025-12-31
VEN-04816,0.7272010393739973,1,87.91068225687015,2025-12-31,2025-12-31,2025-12-31
VEN-04817,0.7472905625596445,0,71.17215187921343,2025-12-31,2025-12-31,2025-10-23
VEN-04818,0.7081024749545705,0,89.04939471605098,2025-12-31,2025-12-31,2025-12-31
VEN-04819,0.7212092776419797,0,95.4283148974221,2025-12-31,2025-12-31,2025-12-31
VEN-04820,0.7621042347530592,0,100.0,2025-12-31,2025-12-31,2025-12-19
VEN-04821,0.9754300797430652,0,99.24100004970556,2025-11-14,2025-12-31,2025-12-31
VEN-04822,0.7886466431452219,0,87.51406318496839,2025-12-31,2025-12-31,2025-12-31
VEN-04823,0.7215475775593477,0,90.6186402732541,2025-05-31,2025-07-30,2025-12-31
VEN-04824,0.9182012526966414,0,100.0,2025-12-31,2025-12-31,2025-12-31
VEN-04825,0.9814276856393108,1,91.11810594267268,2025-12-31,2025-12-31,2025-09-20
VEN-04826,0.988084063911858,0,92.00859090838304,2025-12-31,2025-12-31,2025-12-31
VEN-04827,0.7718916157772837,0,100.0,2025-12-31,2025-12-31,2025-10-24
VEN-04828,0.9219716199551612,0,100.0,2025-12-31,2025-12-31,2025-12-31
VEN-04829,0.8013209512279935,1,86.16730186240686,2025-12-31,2025-12-31,2025-10-17
VEN-04830,0.4310255866090546,0,89.37854687559748,2025-12-31,2025-12-31,2025-12-31
VEN-04831,0.7642022609687475,1,100.0,2025-09-04,2025-12-31,2025-10-23
VEN-04832,0.97675836069245,1,96.8452543070371,2025-12-31,2025-12-31,2025-12-31
VEN-04833,0.9033381718604996,0,100.0,2025-05-24,2025-12-31,2025-12-31
VEN-04834,0.7362700544176385,0,84.8492197998368,2025-12-31,2025-12-31,2025-12-31
VEN-04835,0.7747235715172124,0,97.82017475540704,2025-12-31,2025-11-14,2025-12-31
VEN-04836,0.8036900215359344,0,99.1464106802968,2025-12-31,2025-12-31,2025-12-31
VEN-04837,0.8901510922505126,1,100.0,2025-09-29,2025-12-31,2025-12-31
VEN-04838,0.8226231994874552,0,100.0,2025-12-31,2025-12-31,2025-12-31
VEN-04839,0.5800477165984455,0,90.76214163016236,2025-12-31,2025-12-31,2025-12-31
VEN-04840,0.8400594437540462,0,96.52289822710804,2025-12-31,2025-12-31,2025-12-31
VEN-04841,0.9660612994738212,0,92.21519300684102,2025-12-31,2025-12-31,2025-12-31
VEN-04842,0.7519203820200071,1,99.2654725798977,2025-12-31,2025-12-31,2025-12-31
VEN-04843,0.8303446252715194,0,82.11805995461845,2025-12-31,2025-12-31,2025-08-06
VEN-04844,0.7655637237734786,0,78.43880000616386,2025-12-31,2025-12-31,2025-12-30
VEN-04845,0.9710295307073438,0,96.28128158083268,2025-12-31,2025-12-31,2025-08-29
VEN-04846,0.7239482703878845,1,93.91814871604916,2025-09-17,2025-12-31,2025-12-31
VEN-04847,0.7564464341835573,1,96.18015380627544,2025-12-31,2025-12-31,2025-12-31
VEN-04848,0.960470401116987,1,91.42806519325605,2025-12-31,2025-12-31,2025-12-31
VEN-04849,0.830232886689664,1,100.0,2025-09-13,2025-12-31,2025-12-31
VEN-04850,0.6236962459963608,1,98.1079815907591,2025-12-31,2025-12-31,2025-12-31
VEN-04851,0.7576686324543596,1,90.22201997584844,2025-12-31,2025-12-31,2025-12-31
VEN-04852,0.7324302852545852,0,92.8371887063766,2025-12-31,2025-08-19,2025-12-31
VEN-04853,0.781067620874421,0,79.38106015617686,2025-12-31,2025-12-31,2025-12-31
VEN-04854,0.9014916578483269,0,100.0,2025-12-31,2025-12-31,2025-12-31
VEN-04855,0.5793100305032044,0,91.88601269988652,2025-12-31,2025-12-31,2025-12-31
VEN-04856,0.8105502240323216,0,98.88320745318303,2025-12-31,2025-12-31,2025-12-31
VEN-04857,0.9110763247077002,1,96.1477211789655,2025-12-31,2025-12-08,2025-12-31
VEN-04858,0.5393500816617487,0,93.77165382363157,2025-12-31,2025-12-31,2025-12-31
VEN-04859,0.8147329358313504,0,95.57039974521594,2025-12-31,2025-07-24,2025-12-10
VEN-04860,0.7598264628029334,1,76.38781398151652,2025-12-31,2025-12-31,2025-12-31
VEN-04861,0.8131244511307943,1,99.2754310430993,2025-08-26,2025-12-31,2025-12-31
VEN-04862,0.8899526192105189,1,89.95371679197137,2025-12-31,2025-12-31,2025-08-21
VEN-04863,0.8983825483085198,0,99.74763651051975,2025-12-31,2025-12-31,2025-12-31
VEN-04864,0.3888724468140148,2,98.97704429256684,2025-12-31,2025-12-31,2025-12-31
VEN-04865,0.9123169789496036,0,93.2428749150163,2025-12-31,2025-12-31,2025-12-31
VEN-04866,0.8432508244338118,0,100.0,2025-12-31,2025-12-31,2025-08-23
VEN-04867,0.9124689442469708,0,100.0,2025-12-31,2025-12-31,2025-12-31
VEN-04868,0.9246930349125368,0,87.39935522802902,2025-12-31,2025-12-31,2025-12-31
VEN-04869,0.8878506397411754,0,89.71206469955048,2025-12-31,2025-12-31,2025-12-31
VEN-04870,0.9091909198964264,0,79.36562773586448,2025-12-31,2025-12-31,2025-12-31
VEN-04871,0.8001793468628473,1,93.34316320002088,2025-12-31,2025-12-31,2025-12-31
VEN-04872,0.6569534537401466,1,96.48167522197387,2025-12-31,2025-12-31,2025-12-31
VEN-04873,0.940002975510642,0,87.10875610446799,2025-10-26,2025-12-31,2025-12-31
VEN-04874,0.7933531731492622,1,92.1459753904119,2025-12-31,2025-12-31,2025-12-31
VEN-04875,0.6647902197813432,0,100.0,2025-12-31,2025-12-31,2025-12-31
VEN-04876,0.6697314338866083,1,96.60820061307032,2025-12-31,2025-11-04,2025-12-31
VEN-04877,0.8065669223362525,0,93.15743268933916,2025-12-31,2025-12-31,2025-12-31
VEN-04878,0.8451659738012879,1,97.05516171868553,2025-12-31,2025-12-31,2025-12-01
VEN-04879,0.8530482231961312,0,96.78544068344723,2025-12-31,2025-12-31,2025-12-31
VEN-04880,0.7242246148981665,0,77.35610626848259,2025-12-31,2025-12-31,2025-09-23
VEN-04881,0.5300784713915044,0,92.63953082636884,2025-12-31,2025-12-31,2025-12-31
VEN-04882,0.8296572084638381,0,90.48035841096068,2025-12-31,2025-12-31,2025-12-31
VEN-04883,0.7384492985392755,0,100.0,2025-12-31,2025-09-25,2025-12-31
VEN-04884,0.9091797244354872,0,91.53621512956023,2025-12-31,2025-12-31,2025-12-31
VEN-04885,0.7531123449481381,0,100.0,2025-12-31,2025-12-31,2025-12-31
VEN-04886,0.7903697944700847,1,100.0,2025-12-31,2025-12-31,2025-12-31
VEN-04887,0.6742139761749077,0,100.0,2025-12-31,2025-12-31,2025-12-31
VEN-04888,0.8859357765640236,1,88.00647957615698,2025-12-18,2025-12-31,2025-12-31
VEN-04889,0.788120944737646,0,95.28805972676656,2025-11-06,2025-12-31,2025-12-31
VEN-04890,0.5913412285876505,0,100.0,2025-09-15,2025-12-31,2025-12-31
VEN-04891,0.7692249909834268,1,81.83209750873105,2025-12-31,2025-12-31,2025-12-31
VEN-04892,0.8548949216074646,0,98.74684802474675,2025-06-24,2025-11-07,2025-12-31
VEN-04893,0.8703781923290692,0,100.0,2025-12-31,2025-12-31,2025-12-31
VEN-04894,0.7642053920956317,0,93.00141689633948,2025-12-31,2025-12-31,2025-12-31
VEN-04895,0.66971402105263,1,96.28125865718488,2025-12-31,2025-12-31,2025-12-31
VEN-04896,0.7361595114450448,1,100.0,2025-12-31,2025-12-31,2025-12-31
VEN-04897,0.8289316403766523,1,100.0,2025-12-31,2025-12-31,2025-12-31
VEN-04898,0.9188037117129482,0,81.38708930332211,2025-12-20,2025-12-31,2025-12-31
VEN-04899,0.846580062913505,0,100.0,2025-12-31,2025-10-01,2025-12-31
VEN-04900,0.6351012723585413,0,84.80179569027878,2025-12-31,2025-12-31,2025-12-31
VEN-04901,0.9046580572699282,0,99.29548053586136,2025-12-31,2025-08-27,2025-10-27
VEN-04902,0.8768616294576946,1,81.02192452739976,2025-12-31,2025-12-31,2025-12-31
VEN-04903,0.7590302278206221,0,81.86347226706326,2025-12-31,2025-12-31,2025-12-31
VEN-04904,0.9720497857379689,0,100.0,2025-12-31,2025-12-31,2025-12-31
VEN-04905,0.7588106015459682,1,100.0,2025-12-31,2025-09-09,2025-12-31
VEN-04906,0.7174136969525744,0,76.55174350928323,2025-12-31,2025-12-31,2025-12-31
VEN-04907,0.6277826701869215,1,85.43335233042633,2025-11-26,2025-10-16,2025-12-31
VEN-04908,0.950761003376178,0,86.83767268725765,2025-11-06,2025-12-31,2025-10-11
VEN-04909,0.7543485120671961,1,90.57491768045568,2025-12-31,2025-12-31,2025-12-31
VEN-04910,0.6249015061364624,1,86.79868382638895,2025-06-24,2025-12-31,2025-12-31
VEN-04911,0.8981535150195928,2,82.48327619504349,2025-07-14,2025-12-31,2025-12-31
VEN-04912,0.7873388461995777,0,88.97668354416544,2025-12-31,2025-12-31,2025-12-31
VEN-04913,0.8602210095195613,0,92.38270144592336,2025-12-31,2025-12-31,2025-12-31
VEN-04914,0.7371337638175898,1,86.25799224417584,2025-12-31,2025-12-31,2025-12-31
VEN-04915,0.9204752725445722,0,100.0,2025-08-21,2025-12-31,2025-12-31
VEN-04916,0.7817605058551792,2,85.02014261782585,2025-12-31,2025-12-31,2025-08-06
VEN-04917,0.7746895552009454,0,98.01457355563376,2025-12-31,2025-12-31,2025-12-31
VEN-04918,0.6620157359246621,3,96.80775000605789,2025-12-31,2025-12-31,2025-12-31
VEN-04919,0.666960045081412,0,89.7638480400365,2025-12-31,2025-08-26,2025-12-31
VEN-04920,0.9212314133227174,2,88.93053560415068,2025-12-31,2025-07-13,2025-12-31
VEN-04921,0.4677135032730471,2,100.0,2025-12-31,2025-12-31,2025-12-31
VEN-04922,0.9113988013681656,2,87.30713497997289,2025-12-31,2025-12-31,2025-12-31
VEN-04923,0.7285767265730348,2,100.0,2025-08-29,2025-12-31,2025-10-26
VEN-04924,0.8772263934872546,0,93.9702483508932,2025-09-09,2025-12-31,2025-12-31
VEN-04925,0.7857075328538754,2,100.0,2025-12-31,2025-12-31,2025-12-31
VEN-04926,0.8925295433550812,1,81.49601437084729,2025-12-31,2025-08-12,2025-12-31
VEN-04927,0.9198384833993988,0,92.67819659352568,2025-12-31,2025-12-31,2025-12-31
VEN-04928,0.723371435393552,2,88.23180833701657,2025-11-07,2025-07-22,2025-12-31
VEN-04929,0.8388591595479841,0,100.0,2025-12-31,2025-12-31,2025-12-31
VEN-04930,0.9268715604467552,0,95.41990288747508,2025-12-31,2025-11-01,2025-12-31
VEN-04931,0.7634249542588419,0,89.65981523704491,2025-12-31,2025-12-31,2025-12-31
VEN-04932,0.842470809811444,0,84.9164673475516,2025-12-31,2025-12-31,2025-08-15
VEN-04933,0.811505893768219,1,86.56088362851331,2025-07-02,2025-12-31,2025-12-31
VEN-04934,0.7789746961444368,1,97.35221485561368,2025-12-31,2025-12-31,2025-12-31
VEN-04935,0.6497389766525994,0,99.25517429285652,2025-12-31,2025-12-31,2025-12-31
VEN-04936,0.9067460411556554,0,100.0,2025-12-31,2025-12-31,2025-12-31
VEN-04937,0.5591193211506625,0,94.21778082886236,2025-12-19,2025-12-06,2025-09-16
VEN-04938,0.927707798070733,1,77.89976729979347,2025-12-31,2025-12-31,2025-12-31
VEN-04939,0.6925052031046414,0,97.19811208187888,2025-12-31,2025-12-31,2025-12-31
VEN-04940,0.946064234127846,0,97.9716500512665,2025-10-07,2025-12-31,2025-12-31
VEN-04941,0.4815443865801195,0,90.48744094531054,2025-06-05,2025-12-31,2025-12-31
VEN-04942,0.8757165361009972,1,98.84855540649292,2025-12-31,2025-12-31,2025-12-31
VEN-04943,0.9005252087216359,0,95.31199162850304,2025-12-31,2025-12-31,2025-12-31
VEN-04944,0.8215439814590636,1,98.58404467549614,2025-12-31,2025-12-31,2025-12-31
VEN-04945,0.8213751504307591,0,82.81617979050567,2025-12-31,2025-12-31,2025-10-21
VEN-04946,0.956073972657674,0,97.47513747144151,2025-12-11,2025-12-31,2025-12-16
VEN-04947,0.2814333357605526,1,82.61273093714246,2025-08-23,2025-10-11,2025-12-31
VEN-04948,0.6371193369349248,1,85.7576744249659,2025-12-31,2025-12-04,2025-12-31
VEN-04949,0.6016369564378888,0,94.7563385923919,2025-12-31,2025-12-31,2025-12-31
VEN-04950,0.7377959994831179,2,89.35572881453503,2025-12-31,2025-12-31,2025-12-31
VEN-04951,0.5733222600263986,0,89.40249777332163,2025-12-31,2025-12-31,2025-09-09
VEN-04952,0.8393286316480221,0,94.53299045153388,2025-12-31,2025-12-31,2025-12-31
VEN-04953,0.9143320405194646,2,93.81036239952287,2025-12-31,2025-12-31,2025-12-31
VEN-04954,0.9560417820817791,1,82.13626758873025,2025-12-31,2025-12-31,2025-12-31
VEN-04955,0.6907184834037574,1,91.96708881730557,2025-12-31,2025-12-31,2025-12-31
VEN-04956,0.7202192624355441,1,100.0,2025-12-31,2025-12-31,2025-10-08
VEN-04957,0.8809307585028945,2,96.00838712419709,2025-12-31,2025-12-31,2025-12-31
VEN-04958,0.7571937872689091,0,100.0,2025-12-31,2025-12-31,2025-12-31
VEN-04959,0.9128593515627524,2,97.9900472366482,2025-12-31,2025-12-31,2025-12-31
VEN-04960,0.8930373737509089,0,100.0,2025-12-31,2025-12-31,2025-12-31
VEN-04961,0.596332965478614,1,83.43870045872094,2025-12-31,2025-12-31,2025-12-31
VEN-04962,0.738782602336272,0,93.20896891495104,2025-12-31,2025-12-31,2025-12-31
VEN-04963,0.8168854585550203,0,84.98227358911276,2025-12-31,2025-12-31,2025-12-31
VEN-04964,0.9548057030646108,0,87.61944254575012,2025-12-31,2025-12-31,2025-12-09
VEN-04965,0.8611567312920121,1,100.0,2025-12-05,2025-12-31,2025-12-31
VEN-04966,0.93643072250189,2,79.7454941060083,2025-12-31,2025-12-31,2025-12-31
VEN-04967,0.7882192533761949,1,100.0,2025-12-31,2025-12-31,2025-12-31
VEN-04968,0.6259274842217529,2,97.85370940942758,2025-12-31,2025-12-31,2025-12-31
VEN-04969,0.729282128729102,1,99.2974989406995,2025-12-31,2025-12-31,2025-12-31
VEN-04970,0.8719133116103995,1,91.44776823576431,2025-12-31,2025-12-31,2025-12-31
VEN-04971,0.9644489298586107,3,100.0,2025-10-25,2025-08-03,2025-12-31
VEN-04972,0.4318182259005061,0,95.42910633350644,2025-12-31,2025-07-30,2025-12-31
VEN-04973,0.838290694532214,0,98.65953462845704,2025-12-31,2025-12-31,2025-12-31
VEN-04974,0.4962482528212464,3,77.83968721728343,2025-05-23,2025-12-31,2025-12-31
VEN-04975,0.6645706897729554,0,84.75301818972903,2025-10-09,2025-12-31,2025-12-31
VEN-04976,0.8428951802244464,2,90.57076140070572,2025-12-31,2025-12-31,2025-12-31
VEN-04977,0.859190937714994,0,98.43755287619368,2025-12-31,2025-12-31,2025-12-31
VEN-04978,0.7659717800787372,0,83.62196125619126,2025-12-31,2025-12-31,2025-09-13
VEN-04979,0.9905059344345016,3,79.83643950934517,2025-12-31,2025-12-31,2025-12-31
VEN-04980,0.683559092697903,1,94.2929379896394,2025-09-23,2025-12-31,2025-12-31
VEN-04981,0.8813261365435628,0,85.75022676028057,2025-12-31,2025-12-31,2025-10-04
VEN-04982,0.9186305211665228,0,95.57635092406343,2025-12-31,2025-12-31,2025-09-10
VEN-04983,0.8170168273599461,1,90.74100189961848,2025-12-31,2025-12-13,2025-12-31
VEN-04984,0.6998178507929079,0,98.17206277066464,2025-12-31,2025-11-05,2025-09-05
VEN-04985,0.7222580520002501,1,81.65694291134399,2025-08-25,2025-09-18,2025-10-19
VEN-04986,0.6874235705282697,2,88.79386114988107,2025-12-31,2025-12-31,2025-12-31
VEN-04987,0.9914761885379288,0,90.75075024505928,2025-12-31,2025-12-31,2025-12-31
VEN-04988,0.6685412005788114,1,100.0,2025-05-26,2025-12-31,2025-12-31
VEN-04989,0.6685447569351197,0,89.32873072331908,2025-06-28,2025-12-31,2025-12-31
VEN-04990,0.9230619615957816,0,93.54623936671932,2025-12-31,2025-08-10,2025-12-31
VEN-04991,0.59882207132943,1,84.98562165412518,2025-12-31,2025-12-31,2025-12-31
VEN-04992,0.8050246844729496,0,97.69397158753544,2025-12-31,2025-10-05,2025-12-31
VEN-04993,0.733206749453896,2,98.72745270044784,2025-12-31,2025-12-31,2025-12-31
VEN-04994,0.9101044628314736,4,92.51618487772647,2025-12-31,2025-12-31,2025-12-31
VEN-04995,0.5627592453400645,1,88.48754296538246,2025-12-31,2025-08-23,2025-12-31
VEN-04996,0.8506171872856201,0,88.72824581457284,2025-12-31,2025-12-31,2025-12-31
VEN-04997,0.6707946198365204,0,91.0866632598176,2025-09-17,2025-12-31,2025-12-31
VEN-04998,0.7127566600614063,1,97.805670616403,2025-11-30,2025-12-31,2025-12-31
VEN-04999,0.9373863905854491,1,90.81279845528393,2025-06-21,2025-12-31,2025-12-31
VEN-05000,0.8707484750660074,0,100.0,2025-12-31,2025-12-31,2025-12-31
