counterparty_id,amendment_count_24m,obligation_count,schedule_count,contract_start_date,contract_end_date
VEN-00001,5,25,6,01/12/2019,02/03/2026
VEN-00002,1,15,4,01/09/2023,01/03/2028
VEN-00003,3,26,4,01/06/2022,02/05/2027
VEN-00004,0,27,7,01/10/2018,01/06/2026
VEN-00005,0,26,5,01/05/2016,01/11/2027
VEN-00006,1,21,2,01/07/2025,01/11/2027
VEN-00007,0,24,2,31/10/2021,31/08/2028
VEN-00008,4,29,7,31/01/2019,31/10/2029
VEN-00009,2,28,5,02/05/2021,01/12/2026
VEN-00010,3,27,4,01/08/2017,02/05/2029
VEN-00011,2,31,5,02/07/2019,01/07/2029
VEN-00012,0,27,4,01/06/2022,02/05/2029
VEN-00013,0,27,7,02/05/2018,31/08/2030
VEN-00014,4,25,6,01/08/2022,02/07/2026
VEN-00015,0,30,3,31/10/2021,01/07/2029
VEN-00016,1,38,5,02/04/2023,01/06/2025
VEN-00017,2,35,1,01/01/2016,02/04/2027
VEN-00018,2,28,5,01/12/2021,01/06/2029
VEN-00019,3,38,3,01/06/2016,31/08/2030
VEN-00020,3,25,4,01/04/2020,01/12/2025
VEN-00021,2,23,1,31/08/2024,01/07/2029
VEN-00022,1,31,6,02/05/2018,02/07/2027
VEN-00023,1,27,6,01/01/2024,01/05/2028
VEN-00024,1,25,3,30/01/2017,02/03/2030
VEN-00025,3,34,5,01/05/2016,02/03/2030
VEN-00026,4,22,4,01/07/2020,01/09/2027
VEN-00027,4,35,6,31/12/2021,02/05/2030
VEN-00028,2,27,5,01/04/2021,31/12/2027
VEN-00029,3,23,3,02/03/2018,01/08/2026
VEN-00030,2,35,7,01/04/2022,31/10/2030
VEN-00031,2,30,3,01/06/2025,02/05/2027
VEN-00032,3,26,11,31/12/2019,02/07/2030
VEN-00033,2,34,3,01/08/2018,01/08/2030
VEN-00034,2,28,5,01/07/2024,31/10/2025
VEN-00035,0,21,2,02/05/2022,01/06/2029
VEN-00036,5,19,3,01/04/2021,01/04/2030
VEN-00037,3,27,1,01/11/2019,02/07/2026
VEN-00038,1,29,6,31/10/2020,01/03/2028
VEN-00039,2,24,5,01/06/2018,31/12/2030
VEN-00040,5,23,5,01/09/2019,01/12/2029
VEN-00041,6,34,5,31/10/2018,02/04/2027
VEN-00042,1,27,6,01/04/2025,02/05/2027
VEN-00043,1,26,1,30/09/2016,01/12/2025
VEN-00044,4,35,5,31/08/2021,31/10/2030
VEN-00045,3,29,2,01/10/2021,02/05/2030
VEN-00046,3,25,8,02/05/2018,31/10/2029
VEN-00047,3,24,9,31/10/2021,01/08/2027
VEN-00048,0,23,3,30/01/2018,01/12/2027
VEN-00049,4,35,5,01/10/2017,01/06/2027
VEN-00050,1,28,6,01/07/2020,02/05/2027
VEN-00051,1,25,5,01/05/2020,31/08/2025
VEN-00052,3,32,4,01/04/2017,02/07/2026
VEN-00053,2,30,3,02/07/2018,31/10/2028
VEN-00054,1,35,2,01/06/2018,01/12/2026
VEN-00055,1,32,4,31/12/2018,02/03/2026
VEN-00056,3,28,6,31/12/2017,01/11/2027
VEN-00057,1,28,4,01/04/2018,01/12/2029
VEN-00058,3,29,2,31/12/2017,02/05/2027
VEN-00059,1,23,5,01/12/2021,31/08/2029
VEN-00060,4,19,5,01/09/2018,31/12/2028
VEN-00061,1,33,4,31/10/2020,02/03/2027
VEN-00062,4,28,3,01/06/2017,30/11/2028
VEN-00063,2,29,4,31/12/2020,01/04/2028
VEN-00064,5,23,4,31/12/2024,01/06/2026
VEN-00065,1,18,7,31/10/2017,01/10/2027
VEN-00066,1,23,3,30/11/2020,01/10/2026
VEN-00067,2,26,3,01/08/2025,01/06/2028
VEN-00068,2,23,1,31/08/2017,01/08/2025
VEN-00069,0,20,2,01/06/2025,01/10/2025
VEN-00070,1,25,4,31/10/2024,02/07/2027
VEN-00071,0,30,3,31/10/2018,01/04/2028
VEN-00072,2,21,7,01/06/2024,31/12/2027
VEN-00073,1,24,2,02/04/2023,01/10/2025
VEN-00074,2,26,3,01/12/2021,01/12/2025
VEN-00075,0,25,3,01/04/2016,01/12/2025
VEN-00076,2,30,4,01/05/2020,01/10/2025
VEN-00077,2,32,2,01/04/2016,30/01/2030
VEN-00078,0,37,4,01/10/2018,31/10/2026
VEN-00079,5,32,2,31/01/2023,31/10/2029
VEN-00080,2,27,4,01/05/2020,31/01/2028
VEN-00081,1,34,2,01/08/2022,31/12/2030
VEN-00082,3,25,1,01/11/2023,01/12/2030
VEN-00083,1,26,6,01/08/2020,30/09/2028
VEN-00084,2,31,5,01/07/2017,01/08/2030
VEN-00085,1,26,3,30/01/2018,01/08/2027
VEN-00086,3,31,2,02/05/2023,01/08/2027
VEN-00087,1,23,3,02/05/2023,31/12/2025
VEN-00088,0,27,3,01/06/2017,01/07/2028
VEN-00089,1,22,6,01/09/2019,30/01/2029
VEN-00090,1,31,5,31/12/2020,01/07/2028
VEN-00091,3,23,8,01/10/2017,01/08/2026
VEN-00092,2,26,6,01/08/2025,02/04/2027
VEN-00093,0,27,5,01/06/2018,01/10/2026
VEN-00094,1,25,6,02/03/2021,01/04/2030
VEN-00095,1,26,6,30/01/2021,30/01/2026
VEN-00096,0,32,4,01/06/2019,31/12/2026
VEN-00097,2,23,3,01/09/2023,02/03/2027
VEN-00098,0,20,3,02/03/2017,01/10/2027
VEN-00099,3,31,5,30/01/2025,31/01/2027
VEN-00100,2,26,3,01/03/2020,02/07/2030
VEN-00101,1,24,3,02/03/2021,01/03/2028
VEN-00102,1,33,4,31/01/2016,02/04/2027
VEN-00103,0,22,5,01/06/2019,02/04/2027
VEN-00104,2,24,5,02/03/2022,01/04/2028
VEN-00105,2,27,5,01/10/2021,01/06/2027
VEN-00106,0,30,3,02/07/2023,02/05/2030
VEN-00107,3,28,5,01/06/2025,31/12/2025
VEN-00108,3,38,5,01/07/2021,02/03/2027
VEN-00109,1,27,5,01/10/2025,01/10/2027
VEN-00110,3,35,11,02/05/2019,31/10/2030
VEN-00111,0,25,12,30/11/2016,31/12/2026
VEN-00112,3,33,6,31/12/2024,02/07/2026
VEN-00113,0,24,5,01/04/2016,01/08/2027
VEN-00114,0,30,10,30/01/2025,01/04/2029
VEN-00115,3,27,4,02/03/2021,01/12/2030
VEN-00116,2,26,2,01/10/2019,31/08/2025
VEN-00117,3,32,4,01/08/2019,31/12/2028
VEN-00118,0,31,3,30/01/2022,01/06/2028
VEN-00119,4,23,7,01/07/2025,02/04/2027
VEN-00120,1,23,3,02/03/2018,02/03/2026
VEN-00121,3,30,4,02/05/2021,30/01/2029
VEN-00122,3,29,3,02/05/2023,30/11/2028
VEN-00123,4,28,4,01/06/2021,30/01/2026
VEN-00124,3,28,6,01/08/2021,31/10/2028
VEN-00125,2,26,6,31/12/2019,01/04/2028
VEN-00126,1,26,2,31/10/2020,01/09/2027
VEN-00127,1,25,2,31/12/2019,01/05/2028
VEN-00128,3,20,3,01/07/2016,01/08/2030
VEN-00129,1,28,6,30/09/2016,01/10/2027
VEN-00130,1,23,6,01/12/2025,01/06/2030
VEN-00131,2,35,4,02/07/2019,01/07/2025
VEN-00132,0,33,3,01/10/2023,01/07/2029
VEN-00133,2,27,5,01/04/2025,01/08/2029
VEN-00134,0,21,4,31/12/2024,01/06/2029
VEN-00135,0,26,3,01/08/2019,01/06/2027
VEN-00136,4,26,4,31/01/2016,31/08/2025
VEN-00137,5,39,3,02/03/2018,01/08/2025
VEN-00138,2,30,6,31/08/2024,02/03/2027
VEN-00139,2,35,7,01/11/2023,31/12/2025
VEN-00140,1,31,5,01/10/2017,02/07/2026
VEN-00141,2,24,4,01/12/2019,01/06/2025
VEN-00142,1,34,3,30/09/2020,02/07/2027
VEN-00143,1,32,5,01/03/2024,02/07/2030
VEN-00144,1,32,3,02/03/2018,01/12/2025
VEN-00145,1,30,3,01/08/2017,01/06/2027
VEN-00146,2,19,6,01/12/2022,31/01/2027
VEN-00147,4,32,2,01/01/2016,01/11/2027
VEN-00148,3,24,3,02/03/2021,01/08/2028
VEN-00149,1,30,6,01/08/2025,01/08/2030
VEN-00150,2,25,2,01/03/2016,01/04/2026
VEN-00151,0,25,4,01/01/2024,31/12/2026
VEN-00152,5,27,4,31/12/2024,01/12/2025
VEN-00153,2,23,3,01/06/2021,01/08/2025
VEN-00154,2,24,5,01/10/2019,02/05/2029
VEN-00155,1,23,3,01/09/2019,31/12/2026
VEN-00156,4,17,7,01/06/2016,01/10/2026
VEN-00157,1,21,3,02/05/2021,01/11/2027
VEN-00158,3,22,6,31/08/2024,31/12/2027
VEN-00159,1,35,5,01/06/2021,01/11/2027
VEN-00160,1,33,4,01/08/2017,30/01/2030
VEN-00161,1,32,6,31/10/2025,01/04/2029
VEN-00162,0,23,5,02/03/2023,02/07/2027
VEN-00163,4,27,7,02/03/2019,01/06/2026
VEN-00164,2,24,4,01/12/2023,31/10/2025
VEN-00165,5,28,4,30/01/2021,02/05/2029
VEN-00166,2,35,4,01/05/2024,31/10/2029
VEN-00167,3,22,2,31/08/2024,02/05/2029
VEN-00168,1,27,2,01/08/2018,01/07/2029
VEN-00169,0,29,5,02/03/2018,30/11/2028
VEN-00170,0,23,3,01/08/2025,31/10/2028
VEN-00171,4,33,6,01/08/2020,31/10/2030
VEN-00172,2,25,8,01/10/2021,01/06/2028
VEN-00173,0,21,3,01/04/2022,02/07/2030
VEN-00174,3,24,5,31/12/2018,01/08/2029
VEN-00175,3,25,3,01/08/2019,01/11/2027
VEN-00176,2,26,4,01/08/2024,02/05/2027
VEN-00177,2,31,4,01/04/2016,01/04/2026
VEN-00178,0,24,2,01/10/2023,02/03/2027
VEN-00179,3,21,4,01/07/2020,01/05/2028
VEN-00180,2,24,1,01/06/2024,30/11/2028
VEN-00181,4,23,3,01/12/2019,02/03/2030
VEN-00182,0,33,3,31/08/2025,01/04/2026
VEN-00183,1,18,3,02/04/2023,01/04/2026
VEN-00184,1,23,2,01/06/2021,30/11/2028
VEN-00185,1,28,5,31/12/2024,01/06/2025
VEN-00186,1,29,3,31/12/2020,01/04/2030
VEN-00187,3,23,4,01/03/2020,02/07/2026
VEN-00188,0,28,2,01/07/2016,01/04/2028
VEN-00189,1,40,6,01/04/2022,01/10/2025
VEN-00190,2,22,4,01/09/2018,01/10/2025
VEN-00191,5,21,4,02/05/2023,01/06/2030
VEN-00192,0,30,9,01/04/2016,30/01/2029
VEN-00193,2,31,4,01/05/2016,31/08/2030
VEN-00194,4,19,6,01/06/2018,01/04/2030
VEN-00195,1,32,4,01/11/2023,31/12/2030
VEN-00196,3,21,1,01/03/2016,01/06/2026
VEN-00197,3,31,3,31/12/2021,01/07/2029
VEN-00198,2,28,2,02/07/2023,31/10/2028
VEN-00199,1,27,6,01/12/2021,02/07/2026
VEN-00200,2,27,3,01/04/2024,01/06/2026
VEN-00201,1,32,3,02/05/2022,02/07/2027
VEN-00202,0,21,8,30/01/2022,31/12/2029
VEN-00203,1,30,3,01/01/2016,31/12/2027
VEN-00204,1,26,2,31/12/2020,01/10/2026
VEN-00205,1,28,2,01/08/2018,31/08/2028
VEN-00206,1,30,7,01/10/2017,30/11/2028
VEN-00207,1,23,2,01/07/2016,31/10/2028
VEN-00208,5,23,5,01/08/2020,31/08/2028
VEN-00209,1,21,7,31/01/2020,02/07/2027
VEN-00210,2,26,2,01/06/2016,01/06/2027
VEN-00211,2,38,2,02/03/2019,02/07/2027
VEN-00212,1,26,3,31/01/2023,02/07/2030
VEN-00213,2,21,5,31/12/2019,01/10/2027
VEN-00214,1,23,4,01/03/2020,02/07/2030
VEN-00215,2,29,7,31/01/2020,31/01/2027
VEN-00216,1,28,4,01/06/2019,02/04/2027
VEN-00217,2,32,5,31/08/2021,02/05/2027
VEN-00218,4,30,4,01/06/2024,02/05/2027
VEN-00219,1,27,5,02/05/2022,02/03/2027
VEN-00220,4,37,1,30/01/2018,30/01/2029
VEN-00221,1,34,5,01/01/2016,31/10/2030
VEN-00222,2,35,3,01/08/2019,01/12/2026
VEN-00223,1,32,2,02/03/2018,31/01/2027
VEN-00224,1,23,3,01/01/2024,31/12/2026
VEN-00225,1,36,5,30/01/2018,01/09/2026
VEN-00226,2,21,3,31/10/2021,01/06/2025
VEN-00227,3,28,4,01/12/2018,01/05/2025
VEN-00228,2,26,2,01/08/2019,31/10/2025
VEN-00229,0,26,2,02/05/2018,02/03/2026
VEN-00230,2,29,4,01/08/2018,30/01/2029
VEN-00231,3,26,7,02/07/2019,31/12/2025
VEN-00232,1,17,4,01/10/2021,02/03/2027
VEN-00233,1,25,3,31/10/2017,31/12/2027
VEN-00234,0,25,2,01/10/2018,01/10/2025
VEN-00235,1,25,5,01/08/2024,31/12/2027
VEN-00236,1,36,5,02/05/2023,31/08/2030
VEN-00237,1,32,4,02/04/2023,01/05/2025
VEN-00238,1,26,8,01/12/2022,31/12/2026
VEN-00239,1,13,6,01/12/2018,31/10/2025
VEN-00240,3,20,4,31/10/2025,02/07/2026
VEN-00241,4,26,8,02/05/2023,02/03/2030
VEN-00242,1,21,2,30/01/2021,01/05/2028
VEN-00243,3,19,5,01/03/2024,02/04/2027
VEN-00244,2,20,6,31/01/2024,30/01/2030
VEN-00245,0,28,3,31/08/2021,01/08/2030
VEN-00246,1,23,5,01/12/2019,02/05/2030
VEN-00247,3,23,6,01/08/2022,01/04/2028
VEN-00248,0,24,4,01/05/2016,31/01/2027
VEN-00249,1,25,4,01/10/2021,01/04/2028
VEN-00250,5,22,2,01/01/2016,01/08/2029
VEN-00251,1,31,3,01/05/2020,01/11/2027
VEN-00252,2,32,3,01/04/2022,01/05/2028
VEN-00253,2,33,6,31/10/2024,01/10/2029
VEN-00254,1,34,5,01/08/2018,30/09/2028
VEN-00255,2,26,3,01/08/2020,31/08/2029
VEN-00256,5,20,5,01/05/2016,01/11/2027
VEN-00257,3,25,5,01/04/2016,01/12/2029
VEN-00258,1,30,2,30/09/2020,02/05/2026
VEN-00259,2,38,3,02/07/2023,02/05/2029
VEN-00260,1,30,4,01/08/2022,31/12/2029
VEN-00261,1,26,3,01/04/2025,01/09/2027
VEN-00262,3,16,5,01/06/2024,01/06/2028
VEN-00263,2,37,3,31/10/2021,31/10/2028
VEN-00264,5,34,4,01/03/2024,01/08/2027
VEN-00265,0,34,3,01/06/2017,31/01/2028
VEN-00266,5,29,2,01/06/2017,02/03/2029
VEN-00267,1,27,5,01/03/2024,01/08/2029
VEN-00268,0,26,4,02/05/2023,01/10/2027
VEN-00269,0,35,4,31/08/2017,01/06/2030
VEN-00270,3,29,6,02/04/2023,02/03/2030
VEN-00271,0,31,4,02/05/2023,01/07/2029
VEN-00272,2,25,3,02/07/2018,30/01/2026
VEN-00273,2,27,6,01/12/2021,02/07/2027
VEN-00274,2,29,7,01/08/2017,01/07/2025
VEN-00275,1,26,5,31/08/2020,31/08/2030
VEN-00276,0,30,2,01/11/2023,01/08/2028
VEN-00277,1,27,2,01/06/2024,02/03/2027
VEN-00278,1,27,8,31/01/2019,01/10/2026
VEN-00279,2,26,1,01/07/2021,01/04/2029
VEN-00280,1,31,5,01/07/2021,31/12/2025
VEN-00281,1,29,3,02/03/2019,01/06/2027
VEN-00282,7,21,5,02/03/2023,01/07/2025
VEN-00283,2,22,6,01/01/2016,01/08/2029
VEN-00284,2,24,3,30/09/2020,01/10/2029
VEN-00285,3,28,4,01/05/2017,01/08/2029
VEN-00286,0,23,5,02/03/2018,31/10/2030
VEN-00287,3,29,7,01/12/2019,31/01/2028
VEN-00288,0,22,5,31/12/2024,31/10/2028
VEN-00289,1,29,3,01/08/2018,01/04/2030
VEN-00290,3,29,3,01/04/2025,01/10/2029
VEN-00291,2,34,7,01/08/2018,01/12/2027
VEN-00292,5,30,4,31/10/2016,30/01/2030
VEN-00293,2,28,2,31/08/2020,01/10/2029
VEN-00294,0,23,3,01/05/2016,01/12/2029
VEN-00295,2,19,4,01/09/2019,31/01/2028
VEN-00296,2,31,5,31/08/2020,02/03/2027
VEN-00297,3,21,7,31/08/2020,01/10/2029
VEN-00298,1,29,3,01/07/2024,01/05/2025
VEN-00299,0,29,6,01/05/2025,02/05/2030
VEN-00300,1,31,3,02/03/2025,30/11/2028
VEN-00301,2,22,7,31/12/2016,30/01/2030
VEN-00302,2,21,7,01/06/2024,01/10/2030
VEN-00303,1,31,3,01/08/2019,01/07/2029
VEN-00304,1,31,2,02/03/2023,01/06/2030
VEN-00305,0,19,5,02/03/2022,31/12/2028
VEN-00306,2,21,3,31/01/2019,01/05/2025
VEN-00307,3,27,5,01/04/2017,02/07/2027
VEN-00308,2,30,5,31/10/2024,02/07/2030
VEN-00309,0,29,6,30/09/2020,01/08/2026
VEN-00310,2,26,5,01/08/2024,01/05/2025
VEN-00311,1,23,4,01/12/2023,01/09/2027
VEN-00312,2,31,7,31/10/2018,01/05/2028
VEN-00313,3,25,6,31/08/2025,01/03/2028
VEN-00314,2,23,3,01/06/2023,02/03/2030
VEN-00315,4,27,5,01/06/2020,02/05/2026
VEN-00316,3,25,4,01/11/2023,01/09/2027
VEN-00317,1,29,6,30/01/2022,30/09/2028
VEN-00318,4,32,4,01/03/2020,01/04/2029
VEN-00319,2,28,5,30/11/2016,02/03/2030
VEN-00320,5,34,7,02/03/2025,01/09/2026
VEN-00321,1,22,7,30/11/2020,02/05/2030
VEN-00322,2,31,4,01/09/2019,31/10/2030
VEN-00323,4,24,4,02/03/2021,31/12/2030
VEN-00324,1,33,3,01/10/2025,01/08/2025
VEN-00325,3,37,8,02/05/2018,01/06/2027
VEN-00326,1,29,4,01/09/2023,30/11/2028
VEN-00327,2,29,5,31/12/2024,31/12/2026
VEN-00328,6,35,4,01/06/2021,01/07/2025
VEN-00329,1,37,4,31/01/2024,31/10/2026
VEN-00330,3,29,4,01/09/2019,01/07/2025
VEN-00331,2,25,4,01/08/2020,01/07/2029
VEN-00332,2,27,4,01/12/2023,31/10/2026
VEN-00333,3,24,4,30/09/2016,30/01/2029
VEN-00334,1,31,2,02/03/2017,01/06/2025
VEN-00335,2,24,4,31/10/2022,31/10/2029
VEN-00336,4,20,4,30/09/2016,02/07/2026
VEN-00337,1,31,4,31/08/2022,01/09/2026
VEN-00338,3,28,5,02/03/2021,02/03/2026
VEN-00339,5,23,5,01/05/2020,01/10/2025
VEN-00340,3,29,5,02/04/2023,02/07/2030
VEN-00341,2,38,2,01/12/2019,31/08/2030
VEN-00342,2,27,4,31/10/2024,01/07/2025
VEN-00343,3,28,7,01/12/2019,31/10/2026
VEN-00344,2,28,6,01/08/2016,31/10/2028
VEN-00345,4,29,4,01/10/2022,01/08/2028
VEN-00346,3,21,5,01/08/2024,02/03/2029
VEN-00347,2,27,2,01/03/2020,02/07/2030
VEN-00348,2,25,3,31/12/2022,31/12/2029
VEN-00349,5,14,3,02/07/2018,31/01/2027
VEN-00350,1,35,8,31/08/2022,01/06/2027
VEN-00351,1,32,4,01/05/2025,02/04/2027
VEN-00352,3,18,4,02/04/2023,02/05/2026
VEN-00353,2,17,4,31/08/2017,01/08/2028
VEN-00354,2,20,4,01/12/2025,31/12/2025
VEN-00355,0,19,1,30/01/2017,01/12/2025
VEN-00356,0,23,7,01/12/2023,30/01/2026
VEN-00357,3,24,8,02/04/2023,01/08/2029
VEN-00358,3,23,4,02/07/2018,01/05/2028
VEN-00359,2,31,5,31/08/2016,31/01/2027
VEN-00360,2,21,3,01/12/2023,30/09/2028
VEN-00361,0,27,2,31/10/2016,01/06/2029
VEN-00362,4,26,4,02/05/2018,31/10/2029
VEN-00363,0,21,5,31/08/2025,01/12/2027
VEN-00364,5,25,3,31/10/2021,01/12/2029
VEN-00365,4,29,3,01/06/2023,02/03/2027
VEN-00366,2,25,4,02/03/2025,02/03/2030
VEN-00367,4,22,4,30/09/2016,01/06/2026
VEN-00368,3,26,3,31/08/2017,01/04/2026
VEN-00369,1,26,3,01/04/2017,31/08/2029
VEN-00370,4,30,5,01/08/2019,01/08/2029
VEN-00371,1,24,6,01/09/2018,02/05/2030
VEN-00372,1,29,4,01/11/2019,01/10/2025
VEN-00373,3,22,7,01/07/2025,02/07/2030
VEN-00374,0,28,7,01/06/2024,02/05/2030
VEN-00375,2,23,1,30/01/2017,01/07/2028
VEN-00376,0,27,7,01/10/2019,01/05/2028
VEN-00377,4,33,4,01/10/2022,02/03/2026
VEN-00378,2,34,3,31/12/2017,31/12/2028
VEN-00379,0,29,6,31/08/2020,31/08/2029
VEN-00380,3,30,3,01/01/2016,31/10/2028
VEN-00381,1,20,4,31/12/2020,01/08/2026
VEN-00382,3,23,6,02/04/2019,01/07/2028
VEN-00383,1,37,1,01/03/2016,01/04/2026
VEN-00384,1,31,4,31/08/2021,01/05/2028
VEN-00385,0,26,5,31/08/2016,02/05/2030
VEN-00386,2,34,2,01/10/2017,01/08/2030
VEN-00387,0,25,3,01/08/2025,01/06/2029
VEN-00388,1,27,4,01/06/2025,02/05/2027
VEN-00389,1,24,3,31/12/2024,02/04/2027
VEN-00390,1,29,3,01/10/2021,01/10/2029
VEN-00391,3,19,6,31/10/2017,01/05/2025
VEN-00392,0,31,3,01/09/2018,02/05/2027
VEN-00393,2,40,8,01/08/2018,01/07/2028
VEN-00394,2,33,5,02/05/2022,01/08/2025
VEN-00395,1,26,2,01/07/2025,01/12/2029
VEN-00396,2,30,3,01/05/2025,02/07/2027
VEN-00397,4,32,3,01/08/2024,30/01/2030
VEN-00398,1,25,5,31/10/2024,02/03/2026
VEN-00399,3,28,5,01/07/2016,01/07/2025
VEN-00400,2,28,5,01/04/2024,01/11/2027
VEN-00401,0,26,1,01/10/2022,31/10/2030
VEN-00402,3,23,5,31/08/2017,01/10/2025
VEN-00403,3,28,3,01/12/2023,31/12/2025
VEN-00404,3,29,6,01/10/2018,31/10/2029
VEN-00405,6,26,8,02/05/2021,01/12/2025
VEN-00406,1,28,6,02/05/2018,31/08/2028
VEN-00407,0,29,5,01/12/2022,01/07/2025
VEN-00408,1,23,5,31/10/2016,01/07/2025
VEN-00409,4,33,5,01/09/2018,02/07/2027
VEN-00410,0,26,1,01/12/2022,31/12/2028
VEN-00411,0,25,5,02/05/2019,30/09/2028
VEN-00412,1,35,2,02/07/2018,01/10/2030
VEN-00413,1,26,5,31/01/2016,01/08/2025
VEN-00414,2,30,6,02/05/2022,31/08/2025
VEN-00415,0,26,3,01/03/2016,01/10/2029
VEN-00416,2,32,6,30/01/2018,02/05/2027
VEN-00417,1,32,3,01/08/2021,02/07/2026
VEN-00418,1,30,4,31/12/2018,01/06/2030
VEN-00419,3,22,12,01/05/2020,31/01/2027
VEN-00420,2,30,3,31/01/2016,01/07/2025
VEN-00421,0,34,3,01/05/2025,01/06/2025
VEN-00422,4,21,4,01/06/2018,01/08/2030
VEN-00423,1,31,4,31/08/2017,01/04/2026
VEN-00424,0,35,2,01/12/2025,31/12/2030
VEN-00425,2,31,4,31/10/2020,01/06/2026
VEN-00426,0,31,4,31/12/2018,02/07/2027
VEN-00427,2,26,4,01/07/2017,31/08/2025
VEN-00428,2,31,8,30/11/2024,31/12/2027
VEN-00429,2,27,4,02/03/2023,31/10/2030
VEN-00430,0,27,3,01/07/2020,31/12/2030
VEN-00431,0,17,9,02/07/2019,01/06/2027
VEN-00432,1,24,2,01/06/2024,31/08/2025
VEN-00433,4,26,1,01/10/2017,01/04/2029
VEN-00434,1,25,2,31/12/2020,31/01/2027
VEN-00435,2,35,4,01/12/2021,01/04/2030
VEN-00436,1,26,2,31/12/2017,31/08/2025
VEN-00437,0,41,4,31/10/2020,31/10/2025
VEN-00438,3,21,6,31/01/2023,01/08/2029
VEN-00439,0,21,6,01/08/2021,31/12/2028
VEN-00440,1,26,10,01/06/2024,31/12/2028
VEN-00441,3,22,7,01/07/2017,01/06/2028
VEN-00442,0,23,8,31/10/2022,01/04/2030
VEN-00443,1,25,5,02/07/2022,02/03/2029
VEN-00444,3,30,4,01/04/2024,01/06/2026
VEN-00445,1,24,1,01/04/2022,01/12/2029
VEN-00446,2,31,5,31/01/2024,01/06/2028
VEN-00447,0,25,3,01/07/2025,02/05/2026
VEN-00448,2,34,5,31/12/2018,01/06/2029
VEN-00449,2,27,4,02/03/2022,02/03/2029
VEN-00450,0,29,3,01/12/2018,01/12/2026
VEN-00451,3,23,6,01/10/2023,02/05/2026
VEN-00452,3,30,7,31/08/2020,01/06/2030
VEN-00453,4,29,2,01/11/2023,01/04/2030
VEN-00454,2,29,5,01/06/2023,01/06/2026
VEN-00455,1,27,5,01/04/2016,01/04/2029
VEN-00456,2,33,2,31/08/2020,31/12/2025
VEN-00457,1,31,4,01/12/2025,02/07/2030
VEN-00458,4,20,1,01/07/2016,01/12/2026
VEN-00459,1,34,2,01/10/2017,01/04/2026
VEN-00460,3,26,6,30/01/2022,01/12/2029
VEN-00461,4,28,6,01/08/2023,31/10/2030
VEN-00462,2,26,6,01/10/2021,01/06/2029
VEN-00463,3,32,6,01/04/2018,01/06/2030
VEN-00464,0,25,4,31/12/2020,01/06/2030
VEN-00465,0,32,5,01/04/2024,31/12/2026
VEN-00466,2,22,1,01/03/2024,31/10/2028
VEN-00467,0,23,4,01/01/2016,01/04/2029
VEN-00468,2,24,4,02/07/2023,01/08/2030
VEN-00469,5,28,4,01/03/2020,01/06/2028
VEN-00470,2,28,4,31/01/2019,01/06/2028
VEN-00471,0,25,6,01/06/2024,31/12/2029
VEN-00472,3,28,6,01/05/2024,01/08/2030
VEN-00473,1,24,7,31/10/2022,31/08/2025
VEN-00474,2,29,2,01/12/2019,02/05/2030
VEN-00475,4,35,6,01/07/2017,01/08/2027
VEN-00476,4,23,2,30/01/2022,31/12/2027
VEN-00477,7,25,5,31/01/2023,01/10/2027
VEN-00478,2,26,3,01/12/2022,01/05/2025
VEN-00479,1,26,8,01/04/2018,01/08/2028
VEN-00480,2,24,5,01/07/2020,31/12/2030
VEN-00481,1,36,3,01/10/2019,01/06/2029
VEN-00482,0,25,6,01/09/2023,01/03/2028
VEN-00483,0,34,3,02/07/2019,01/06/2025
VEN-00484,2,23,3,31/10/2022,01/08/2029
VEN-00485,2,25,3,30/01/2017,02/03/2029
VEN-00486,1,25,3,30/09/2020,01/12/2027
VEN-00487,3,27,2,01/06/2024,01/06/2027
VEN-00488,0,29,6,01/06/2019,02/05/2027
VEN-00489,2,34,5,31/08/2025,02/07/2026
VEN-00490,0,32,4,01/08/2017,02/05/2027
VEN-00491,4,31,5,01/12/2021,01/04/2026
VEN-00492,0,30,2,01/10/2017,02/05/2027
VEN-00493,0,29,5,01/08/2016,31/08/2030
VEN-00494,1,25,6,31/12/2020,01/08/2028
VEN-00495,2,27,2,31/10/2024,31/08/2028
VEN-00496,0,16,4,01/04/2025,01/12/2029
VEN-00497,2,21,4,01/10/2022,02/05/2030
VEN-00498,2,27,4,31/01/2024,01/08/2028
VEN-00499,2,30,6,31/10/2018,02/05/2027
VEN-00500,0,22,2,01/12/2025,01/05/2028
VEN-00501,2,21,3,31/10/2018,01/04/2030
VEN-00502,1,27,3,31/01/2024,31/01/2027
VEN-00503,0,28,4,31/08/2024,01/12/2030
VEN-00504,3,22,7,31/08/2025,01/12/2027
VEN-00505,1,31,2,01/12/2017,01/07/2029
VEN-00506,1,31,4,31/10/2018,02/05/2026
VEN-00507,3,25,4,31/12/2016,01/12/2030
VEN-00508,6,38,2,01/07/2020,01/08/2029
VEN-00509,3,30,6,31/12/2019,01/06/2030
VEN-00510,2,31,4,01/08/2025,31/10/2029
VEN-00511,0,30,2,01/10/2025,01/10/2027
VEN-00512,2,30,7,01/10/2019,01/09/2026
VEN-00513,2,31,3,31/10/2020,01/12/2029
VEN-00514,2,33,6,31/10/2017,01/08/2028
VEN-00515,2,25,2,01/06/2020,01/09/2026
VEN-00516,2,24,7,31/08/2025,01/12/2026
VEN-00517,3,31,4,02/07/2019,01/06/2026
VEN-00518,1,29,1,31/08/2024,01/12/2030
VEN-00519,1,29,6,30/01/2017,02/05/2029
VEN-00520,2,32,4,01/04/2021,31/12/2026
VEN-00521,3,23,4,01/07/2021,02/07/2026
VEN-00522,2,30,5,01/07/2025,01/04/2030
VEN-00523,3,24,4,01/12/2022,01/06/2029
VEN-00524,1,38,2,01/10/2025,02/05/2029
VEN-00525,1,28,3,31/10/2024,31/08/2025
VEN-00526,1,24,6,01/03/2020,31/10/2030
VEN-00527,3,27,4,30/01/2021,01/11/2027
VEN-00528,2,28,3,01/05/2020,01/06/2029
VEN-00529,1,22,3,01/12/2017,02/05/2026
VEN-00530,0,20,5,01/12/2017,31/10/2028
VEN-00531,2,23,7,02/03/2017,31/10/2025
VEN-00532,0,20,4,02/03/2025,01/12/2027
VEN-00533,2,21,4,01/04/2025,01/09/2026
VEN-00534,4,24,4,31/12/2016,31/12/2027
VEN-00535,1,28,8,01/04/2017,01/04/2030
VEN-00536,4,32,9,01/10/2025,01/05/2025
VEN-00537,1,37,3,31/08/2025,01/12/2027
VEN-00538,1,29,3,01/12/2022,31/12/2030
VEN-00539,4,19,4,01/07/2020,01/12/2030
VEN-00540,0,25,1,01/07/2025,01/08/2028
VEN-00541,2,28,4,01/07/2021,30/01/2029
VEN-00542,0,25,5,02/07/2023,31/08/2028
VEN-00543,2,26,4,30/09/2016,01/12/2027
VEN-00544,3,33,4,31/10/2017,02/05/2026
VEN-00545,1,22,6,30/09/2020,01/12/2029
VEN-00546,2,33,2,31/08/2024,01/10/2027
VEN-00547,1,22,5,02/05/2023,02/05/2030
VEN-00548,0,31,2,01/12/2023,01/08/2026
VEN-00549,4,30,3,01/05/2017,01/06/2026
VEN-00550,1,33,2,01/11/2019,01/08/2026
VEN-00551,1,25,2,02/07/2022,31/12/2028
VEN-00552,3,37,5,01/10/2025,01/06/2028
VEN-00553,3,26,9,31/08/2017,30/01/2029
VEN-00554,1,25,3,01/12/2019,01/09/2026
VEN-00555,2,22,4,01/08/2023,02/05/2027
VEN-00556,1,33,4,31/12/2016,30/01/2029
VEN-00557,2,24,3,01/06/2018,01/03/2028
VEN-00558,1,29,6,01/04/2025,01/06/2027
VEN-00559,1,18,6,01/12/2025,02/03/2027
VEN-00560,3,27,3,01/12/2025,01/06/2027
VEN-00561,2,22,3,02/04/2023,01/12/2026
VEN-00562,2,24,4,01/12/2021,02/05/2029
VEN-00563,0,36,11,31/08/2016,01/04/2026
VEN-00564,1,25,6,01/07/2017,02/03/2029
VEN-00565,2,26,5,01/01/2016,01/10/2025
VEN-00566,5,21,7,01/08/2016,01/08/2027
VEN-00567,1,29,3,01/12/2025,01/03/2028
VEN-00568,3,32,4,01/12/2017,31/08/2030
VEN-00569,1,26,3,30/09/2016,30/01/2029
VEN-00570,2,22,5,02/07/2019,02/03/2027
VEN-00571,1,24,8,01/05/2016,01/06/2027
VEN-00572,1,26,4,31/08/2021,01/06/2029
VEN-00573,4,22,6,30/01/2018,01/04/2030
VEN-00574,3,23,3,30/01/2018,31/10/2029
VEN-00575,5,29,1,01/09/2023,02/07/2030
VEN-00576,3,21,3,01/06/2018,01/08/2026
VEN-00577,1,27,3,02/03/2021,31/01/2028
VEN-00578,1,34,3,31/01/2024,31/12/2027
VEN-00579,2,22,2,30/11/2024,01/09/2027
VEN-00580,3,34,3,31/10/2018,01/06/2025
VEN-00581,2,30,3,31/10/2017,01/08/2026
VEN-00582,4,24,5,31/12/2017,02/03/2027
VEN-00583,1,26,7,01/04/2016,01/09/2027
VEN-00584,3,20,4,30/11/2016,31/10/2026
VEN-00585,2,26,5,31/01/2024,02/05/2027
VEN-00586,2,33,3,01/09/2018,01/10/2029
VEN-00587,1,32,9,01/10/2023,02/03/2027
VEN-00588,0,24,3,01/09/2018,01/08/2026
VEN-00589,1,21,3,31/08/2021,31/12/2027
VEN-00590,1,27,9,30/11/2016,01/06/2025
VEN-00591,0,34,2,30/09/2024,01/08/2026
VEN-00592,3,40,6,01/01/2024,01/06/2025
VEN-00593,3,22,1,01/10/2019,31/08/2025
VEN-00594,0,31,7,01/06/2020,31/08/2029
VEN-00595,2,25,5,01/05/2017,01/06/2025
VEN-00596,1,30,5,31/12/2016,30/01/2026
VEN-00597,3,24,5,02/05/2023,02/05/2026
VEN-00598,3,18,4,01/09/2019,31/12/2028
VEN-00599,1,27,6,01/06/2018,02/03/2027
VEN-00600,3,26,3,31/08/2016,01/06/2026
VEN-00601,4,36,5,01/06/2022,01/07/2029
VEN-00602,2,26,3,01/06/2025,01/08/2026
VEN-00603,3,17,5,01/06/2022,31/08/2030
VEN-00604,1,28,3,01/11/2023,01/12/2029
VEN-00605,2,23,6,01/07/2025,02/05/2030
VEN-00606,2,30,4,01/10/2023,01/04/2029
VEN-00607,2,26,4,01/01/2024,01/12/2026
VEN-00608,2,22,2,02/03/2025,30/01/2029
VEN-00609,3,23,4,01/04/2018,31/08/2029
VEN-00610,2,18,3,01/10/2019,31/08/2030
VEN-00611,3,34,4,01/06/2024,01/08/2025
VEN-00612,3,31,3,01/12/2021,02/05/2030
VEN-00613,1,29,3,01/08/2017,01/12/2029
VEN-00614,0,27,4,02/07/2023,02/03/2030
VEN-00615,2,16,1,01/08/2023,01/06/2026
VEN-00616,3,23,2,01/09/2018,30/01/2026
VEN-00617,5,25,4,31/12/2021,30/01/2029
VEN-00618,0,29,5,02/03/2019,01/04/2026
VEN-00619,2,29,3,01/01/2024,02/05/2026
VEN-00620,0,38,2,01/08/2025,01/12/2030
VEN-00621,1,28,4,01/08/2020,02/07/2030
VEN-00622,1,19,4,01/08/2021,01/08/2028
VEN-00623,4,38,3,01/07/2017,31/12/2028
VEN-00624,1,23,2,01/10/2018,01/06/2028
VEN-00625,2,28,4,01/08/2022,01/08/2029
VEN-00626,2,17,8,30/11/2024,01/03/2028
VEN-00627,1,29,3,01/07/2020,31/10/2028
VEN-00628,2,36,3,31/12/2017,01/07/2029
VEN-00629,3,21,4,01/12/2022,31/10/2029
VEN-00630,3,27,4,01/11/2019,30/09/2028
VEN-00631,1,30,4,31/08/2025,01/08/2029
VEN-00632,1,27,5,01/10/2018,02/03/2026
VEN-00633,1,19,7,01/08/2017,01/08/2025
VEN-00634,0,33,3,01/06/2023,01/12/2025
VEN-00635,0,35,5,02/04/2019,01/08/2029
VEN-00636,1,26,3,02/07/2018,31/12/2026
VEN-00637,2,20,3,01/08/2023,31/10/2029
VEN-00638,1,27,3,01/04/2024,02/05/2030
VEN-00639,1,29,5,30/01/2022,02/05/2029
VEN-00640,2,29,3,01/05/2017,01/08/2027
VEN-00641,3,25,4,01/04/2022,01/12/2025
VEN-00642,2,33,4,01/12/2023,02/05/2030
VEN-00643,1,27,3,31/01/2023,02/04/2027
VEN-00644,1,26,6,02/04/2023,01/08/2028
VEN-00645,0,34,3,31/08/2020,01/06/2029
VEN-00646,1,24,7,02/04/2019,31/08/2030
VEN-00647,3,25,2,02/04/2023,01/04/2028
VEN-00648,0,25,2,01/08/2022,01/06/2030
VEN-00649,3,30,2,30/01/2021,01/07/2029
VEN-00650,2,23,6,31/10/2022,01/06/2027
VEN-00651,1,23,2,01/06/2021,02/05/2027
VEN-00652,1,30,2,01/05/2025,01/07/2028
VEN-00653,1,25,7,02/03/2022,01/06/2029
VEN-00654,6,25,5,01/10/2017,02/05/2029
VEN-00655,3,27,3,01/08/2021,01/07/2029
VEN-00656,2,21,6,02/05/2021,01/08/2025
VEN-00657,2,35,3,01/12/2019,01/10/2027
VEN-00658,3,21,6,31/12/2021,01/04/2026
VEN-00659,2,22,4,01/10/2021,01/07/2025
VEN-00660,1,34,4,02/07/2023,01/07/2029
VEN-00661,1,37,4,01/06/2018,31/12/2030
VEN-00662,1,29,3,01/06/2020,01/08/2030
VEN-00663,2,28,4,31/10/2025,02/05/2030
VEN-00664,2,19,5,01/05/2020,31/12/2026
VEN-00665,1,31,4,02/05/2022,02/03/2026
VEN-00666,1,26,4,01/12/2025,01/08/2027
VEN-00667,3,26,7,30/11/2020,01/11/2027
VEN-00668,0,19,4,30/01/2025,02/05/2030
VEN-00669,1,26,4,01/01/2024,02/03/2027
VEN-00670,3,30,3,01/11/2019,31/10/2026
VEN-00671,4,28,2,31/10/2020,01/12/2030
VEN-00672,1,32,2,31/01/2023,01/08/2030
VEN-00673,1,26,3,01/04/2017,01/06/2029
VEN-00674,1,23,10,31/01/2016,30/01/2026
VEN-00675,0,29,4,31/12/2024,01/07/2028
VEN-00676,5,16,2,02/07/2023,01/10/2026
VEN-00677,2,28,2,01/12/2025,02/03/2026
VEN-00678,1,29,3,01/06/2024,01/07/2025
VEN-00679,4,25,8,02/05/2022,02/03/2027
VEN-00680,3,26,7,01/07/2025,31/10/2025
VEN-00681,2,25,4,30/09/2016,31/10/2025
VEN-00682,4,24,7,31/01/2019,01/10/2026
VEN-00683,0,37,3,02/03/2025,31/12/2027
VEN-00684,0,25,3,31/01/2023,30/01/2029
VEN-00685,4,32,2,31/10/2018,01/04/2030
VEN-00686,3,19,7,02/04/2023,01/06/2026
VEN-00687,1,27,3,02/03/2021,31/10/2029
VEN-00688,1,30,5,31/10/2024,31/08/2030
VEN-00689,4,32,4,01/05/2017,01/10/2029
VEN-00690,2,23,4,01/06/2025,02/05/2027
VEN-00691,0,26,5,31/12/2024,31/01/2027
VEN-00692,1,26,4,01/09/2023,01/04/2028
VEN-00693,1,32,6,02/05/2022,30/01/2030
VEN-00694,0,24,3,31/12/2021,30/01/2029
VEN-00695,2,30,4,31/01/2019,01/12/2027
VEN-00696,4,26,1,02/05/2019,30/01/2026
VEN-00697,2,36,2,01/12/2025,02/03/2029
VEN-00698,2,24,3,30/11/2024,01/04/2029
VEN-00699,0,20,6,01/10/2022,01/03/2028
VEN-00700,3,22,4,02/05/2022,31/12/2025
VEN-00701,1,26,2,01/04/2018,01/11/2027
VEN-00702,1,32,5,01/01/2016,30/01/2030
VEN-00703,0,29,6,01/06/2023,01/10/2030
VEN-00704,7,32,4,02/03/2019,31/01/2028
VEN-00705,1,26,7,02/04/2023,02/03/2030
VEN-00706,1,22,2,01/01/2016,31/10/2025
VEN-00707,2,28,1,01/10/2019,31/08/2025
VEN-00708,2,27,3,02/03/2025,02/05/2029
VEN-00709,0,32,4,31/12/2024,01/12/2030
VEN-00710,2,18,5,01/12/2021,01/10/2025
VEN-00711,1,20,3,01/07/2021,02/03/2026
VEN-00712,4,27,1,01/09/2023,01/12/2030
VEN-00713,3,25,7,02/03/2025,31/10/2030
VEN-00714,3,33,6,01/08/2016,01/12/2027
VEN-00715,1,28,2,31/01/2019,01/07/2025
VEN-00716,1,19,3,30/11/2016,02/07/2027
VEN-00717,3,21,4,31/01/2023,02/03/2029
VEN-00718,1,31,3,01/04/2020,31/01/2027
VEN-00719,0,29,5,01/08/2019,02/03/2027
VEN-00720,4,19,3,01/12/2022,01/12/2027
VEN-00721,1,25,4,02/07/2019,01/12/2027
VEN-00722,3,36,8,01/07/2020,01/10/2029
VEN-00723,2,30,5,01/06/2017,01/03/2028
VEN-00724,2,32,4,01/04/2017,01/04/2028
VEN-00725,4,35,3,31/08/2016,01/09/2027
VEN-00726,0,27,3,01/04/2020,31/12/2028
VEN-00727,2,21,4,01/06/2025,02/05/2029
VEN-00728,1,26,7,02/05/2018,01/08/2025
VEN-00729,2,21,4,31/10/2021,01/07/2025
VEN-00730,2,28,4,31/01/2019,02/03/2030
VEN-00731,3,22,6,02/04/2019,01/08/2025
VEN-00732,0,26,2,31/12/2024,01/05/2028
VEN-00733,1,38,5,31/01/2024,30/01/2030
VEN-00734,4,25,6,01/06/2018,01/05/2028
VEN-00735,1,23,3,01/06/2020,31/10/2025
VEN-00736,3,32,4,01/11/2023,01/10/2026
VEN-00737,2,34,4,01/06/2017,02/03/2026
VEN-00738,2,29,4,01/04/2017,01/10/2025
VEN-00739,2,23,5,01/10/2023,02/05/2027
VEN-00740,2,27,6,31/10/2022,02/04/2027
VEN-00741,2,28,2,01/01/2024,30/01/2029
VEN-00742,1,30,2,01/05/2020,31/12/2029
VEN-00743,2,35,5,01/04/2018,01/08/2028
VEN-00744,1,37,3,31/01/2023,01/06/2028
VEN-00745,3,25,3,01/10/2025,01/12/2029
VEN-00746,1,33,4,31/10/2025,31/10/2026
VEN-00747,3,21,4,02/05/2023,31/12/2027
VEN-00748,1,35,2,02/03/2018,31/08/2028
VEN-00749,4,36,2,02/05/2022,01/12/2029
VEN-00750,1,30,4,31/10/2018,02/05/2027
VEN-00751,0,23,6,30/11/2016,01/03/2028
VEN-00752,0,29,3,30/09/2016,01/08/2026
VEN-00753,2,22,3,31/10/2022,31/01/2027
VEN-00754,3,25,3,01/04/2020,01/08/2029
VEN-00755,1,32,1,01/09/2018,02/03/2030
VEN-00756,3,28,1,31/01/2024,01/04/2026
VEN-00757,1,35,5,31/12/2018,31/12/2030
VEN-00758,0,30,5,01/04/2024,31/08/2028
VEN-00759,1,27,5,01/05/2020,31/12/2030
VEN-00760,1,24,2,30/01/2022,01/07/2029
VEN-00761,1,29,3,02/03/2022,31/12/2025
VEN-00762,0,20,3,31/08/2022,31/08/2025
VEN-00763,3,26,4,30/01/2021,02/07/2030
VEN-00764,2,26,6,01/12/2021,02/05/2029
VEN-00765,1,25,5,02/05/2023,01/04/2030
VEN-00766,1,25,6,01/10/2023,01/05/2025
VEN-00767,2,26,4,30/01/2021,02/03/2026
VEN-00768,0,27,3,31/01/2016,31/12/2029
VEN-00769,0,18,2,01/06/2019,02/03/2030
VEN-00770,1,34,2,30/01/2025,01/12/2026
VEN-00771,1,23,3,01/04/2025,31/12/2030
VEN-00772,6,27,4,01/08/2018,02/03/2026
VEN-00773,1,20,1,01/07/2020,31/01/2027
VEN-00774,2,29,2,01/04/2020,31/12/2025
VEN-00775,4,23,2,01/04/2022,01/08/2028
VEN-00776,4,31,6,01/06/2020,01/11/2027
VEN-00777,3,25,3,31/01/2020,30/09/2028
VEN-00778,1,32,7,01/11/2019,01/12/2026
VEN-00779,6,25,6,01/07/2016,01/05/2028
VEN-00780,0,19,6,30/11/2016,31/12/2027
VEN-00781,1,24,5,01/08/2017,01/12/2026
VEN-00782,1,20,5,02/03/2019,02/03/2030
VEN-00783,4,26,7,31/01/2019,01/04/2030
VEN-00784,0,33,3,02/04/2023,01/12/2025
VEN-00785,1,25,4,01/05/2017,31/12/2026
VEN-00786,3,22,5,02/04/2023,01/10/2026
VEN-00787,0,21,3,30/09/2024,01/12/2026
VEN-00788,2,35,7,31/08/2017,01/12/2025
VEN-00789,3,32,4,31/10/2021,02/07/2027
VEN-00790,2,25,2,02/03/2021,30/11/2028
VEN-00791,2,24,4,01/09/2019,01/06/2027
VEN-00792,3,15,5,01/12/2018,31/10/2028
VEN-00793,1,21,3,02/03/2025,31/08/2025
VEN-00794,2,34,4,02/03/2022,02/03/2030
VEN-00795,0,27,6,30/01/2018,01/04/2028
VEN-00796,3,26,3,01/08/2018,01/07/2029
VEN-00797,1,31,6,01/09/2019,31/01/2028
VEN-00798,1,29,2,01/10/2021,02/05/2029
VEN-00799,2,27,3,01/06/2022,01/07/2028
VEN-00800,2,20,4,31/12/2020,01/04/2026
VEN-00801,1,23,6,01/03/2024,01/08/2026
VEN-00802,2,23,4,31/08/2016,31/12/2029
VEN-00803,3,26,3,31/01/2024,02/04/2027
VEN-00804,2,25,7,31/12/2020,01/05/2025
VEN-00805,2,20,2,01/06/2018,01/05/2028
VEN-00806,4,23,2,01/10/2023,01/06/2029
VEN-00807,2,28,8,31/01/2016,02/03/2030
VEN-00808,2,32,4,31/08/2020,31/12/2029
VEN-00809,1,31,2,01/06/2024,01/10/2030
VEN-00810,2,29,3,31/10/2025,01/08/2026
VEN-00811,2,21,4,31/10/2022,01/06/2029
VEN-00812,2,28,3,02/03/2023,31/01/2027
VEN-00813,4,23,3,01/07/2025,02/05/2030
VEN-00814,0,24,4,01/12/2019,01/09/2026
VEN-00815,0,27,2,30/09/2020,01/06/2029
VEN-00816,1,32,5,01/04/2025,31/12/2029
VEN-00817,2,26,6,31/08/2017,31/08/2028
VEN-00818,0,31,4,01/06/2021,01/10/2027
VEN-00819,1,24,4,31/01/2020,31/12/2027
VEN-00820,2,30,5,31/12/2019,01/06/2027
VEN-00821,4,20,5,01/08/2017,31/12/2025
VEN-00822,0,36,3,01/09/2023,01/03/2028
VEN-00823,3,35,3,01/07/2025,30/09/2028
VEN-00824,3,21,1,01/10/2023,01/07/2029
VEN-00825,1,27,4,02/03/2019,31/08/2025
VEN-00826,1,27,4,02/04/2019,30/01/2029
VEN-00827,2,21,4,31/10/2022,01/12/2026
VEN-00828,2,30,1,01/04/2016,02/05/2029
VEN-00829,0,26,2,31/01/2019,01/03/2028
VEN-00830,2,21,5,01/12/2022,01/10/2030
VEN-00831,2,25,5,31/01/2016,01/12/2025
VEN-00832,0,18,1,01/12/2023,01/10/2026
VEN-00833,1,38,2,31/08/2025,01/06/2029
VEN-00834,3,16,3,31/01/2016,02/07/2026
VEN-00835,3,26,3,01/08/2021,01/10/2026
VEN-00836,1,29,4,01/08/2017,31/12/2028
VEN-00837,4,31,4,01/05/2017,01/04/2028
VEN-00838,3,28,2,01/08/2016,02/03/2026
VEN-00839,1,32,2,02/05/2018,02/03/2027
VEN-00840,2,27,2,01/07/2025,31/12/2028
VEN-00841,2,23,5,01/07/2020,31/08/2025
VEN-00842,2,29,8,01/08/2016,01/10/2030
VEN-00843,2,29,4,02/05/2018,01/08/2027
VEN-00844,1,24,5,01/08/2017,01/12/2027
VEN-00845,3,28,5,30/01/2018,30/01/2029
VEN-00846,3,31,1,31/12/2022,02/07/2026
VEN-00847,0,28,1,02/03/2018,01/07/2028
VEN-00848,2,23,6,01/10/2019,31/12/2030
VEN-00849,3,30,8,01/03/2020,31/10/2030
VEN-00850,4,31,3,01/04/2024,02/07/2027
VEN-00851,0,25,4,31/10/2024,31/12/2030
VEN-00852,2,24,4,01/10/2021,01/12/2025
VEN-00853,1,27,5,02/07/2023,02/07/2030
VEN-00854,2,20,6,01/12/2019,01/09/2027
VEN-00855,3,23,2,31/10/2022,31/01/2027
VEN-00856,0,24,6,31/10/2024,31/10/2025
VEN-00857,4,30,3,01/08/2025,31/10/2028
VEN-00858,1,29,1,01/05/2016,01/10/2025
VEN-00859,3,31,3,30/11/2024,01/07/2029
VEN-00860,4,32,6,31/08/2016,01/08/2025
VEN-00861,2,18,2,01/05/2020,01/05/2028
VEN-00862,1,22,4,01/04/2017,01/12/2027
VEN-00863,2,35,2,31/10/2016,31/12/2030
VEN-00864,0,21,3,31/08/2024,01/12/2027
VEN-00865,1,28,6,01/08/2020,31/01/2027
VEN-00866,6,31,5,02/04/2019,01/07/2029
VEN-00867,4,32,7,01/09/2019,01/04/2030
VEN-00868,2,25,3,30/01/2017,01/06/2028
VEN-00869,4,26,3,01/04/2024,31/08/2029
VEN-00870,1,33,5,01/08/2024,01/04/2030
VEN-00871,3,27,7,01/08/2017,01/12/2027
VEN-00872,4,33,3,02/07/2019,02/05/2030
VEN-00873,2,27,4,30/09/2016,01/12/2029
VEN-00874,3,35,3,01/12/2023,01/04/2026
VEN-00875,3,19,5,01/06/2025,01/10/2027
VEN-00876,2,26,3,31/01/2019,01/07/2025
VEN-00877,3,26,5,01/06/2018,31/08/2029
VEN-00878,0,23,3,02/07/2019,02/05/2029
VEN-00879,2,24,4,01/07/2025,01/07/2025
VEN-00880,2,26,4,01/04/2017,01/05/2025
VEN-00881,0,28,4,01/06/2023,30/09/2028
VEN-00882,0,25,3,30/01/2021,01/08/2027
VEN-00883,2,34,6,01/10/2025,01/08/2025
VEN-00884,4,29,2,02/05/2018,01/08/2025
VEN-00885,1,24,3,01/10/2017,01/04/2030
VEN-00886,3,27,8,01/01/2024,01/12/2027
VEN-00887,1,31,7,02/03/2025,31/08/2029
VEN-00888,0,19,5,02/07/2019,01/12/2027
VEN-00889,3,26,2,01/06/2020,01/08/2030
VEN-00890,2,21,2,02/03/2017,02/03/2030
VEN-00891,0,30,4,31/12/2022,02/07/2030
VEN-00892,6,33,8,01/10/2018,31/12/2028
VEN-00893,4,31,2,01/07/2017,01/06/2025
VEN-00894,1,34,5,02/03/2017,01/08/2027
VEN-00895,1,15,6,30/01/2025,31/10/2025
VEN-00896,2,35,4,01/09/2019,01/04/2028
VEN-00897,7,16,3,02/07/2022,31/01/2028
VEN-00898,3,37,5,01/06/2020,01/06/2028
VEN-00899,1,30,6,02/04/2019,31/08/2030
VEN-00900,2,23,3,31/10/2016,01/08/2026
VEN-00901,3,22,5,01/04/2021,02/05/2030
VEN-00902,1,31,4,01/10/2022,01/10/2029
VEN-00903,1,27,5,01/01/2024,01/11/2027
VEN-00904,1,18,4,02/07/2018,31/12/2027
VEN-00905,1,30,2,01/08/2022,01/08/2027
VEN-00906,3,28,2,31/12/2018,31/12/2028
VEN-00907,1,26,3,02/04/2023,01/10/2029
VEN-00908,3,37,4,31/10/2017,01/07/2025
VEN-00909,0,22,4,02/04/2019,31/12/2030
VEN-00910,3,26,4,31/12/2020,01/12/2025
VEN-00911,3,30,5,31/01/2016,02/03/2026
VEN-00912,2,31,2,31/12/2020,31/08/2028
VEN-00913,5,30,5,01/08/2020,01/12/2025
VEN-00914,4,20,4,01/08/2025,01/08/2029
VEN-00915,3,32,3,02/07/2019,01/08/2026
VEN-00916,1,28,4,31/08/2016,02/03/2027
VEN-00917,2,32,2,01/03/2020,31/08/2028
VEN-00918,2,23,5,30/01/2022,01/10/2030
VEN-00919,2,23,5,02/07/2019,01/06/2026
VEN-00920,0,27,4,01/06/2020,02/03/2030
VEN-00921,1,30,3,01/11/2023,30/01/2029
VEN-00922,0,29,6,01/01/2024,01/05/2028
VEN-00923,4,32,5,31/12/2016,02/05/2030
VEN-00924,1,40,7,01/11/2019,31/12/2028
VEN-00925,3,21,4,30/01/2017,01/12/2029
VEN-00926,0,31,6,02/07/2022,31/08/2028
VEN-00927,1,23,3,01/06/2016,31/12/2027
VEN-00928,2,24,3,31/01/2020,31/01/2027
VEN-00929,2,27,3,01/05/2017,31/10/2026
VEN-00930,1,30,6,01/08/2018,31/08/2025
VEN-00931,0,24,3,31/08/2016,01/12/2026
VEN-00932,2,26,6,01/11/2019,01/12/2029
VEN-00933,4,32,2,01/04/2018,31/12/2026
VEN-00934,1,37,4,31/08/2025,01/12/2027
VEN-00935,1,31,8,01/08/2020,02/07/2027
VEN-00936,1,28,3,01/12/2017,02/03/2030
VEN-00937,0,26,4,01/10/2017,01/08/2028
VEN-00938,3,21,3,01/05/2020,01/06/2027
VEN-00939,2,27,5,01/07/2016,31/08/2030
VEN-00940,0,30,4,01/08/2023,01/05/2025
VEN-00941,2,38,1,31/12/2017,30/01/2026
VEN-00942,0,28,1,01/10/2022,31/12/2025
VEN-00943,2,23,5,02/05/2023,31/10/2025
VEN-00944,1,28,4,31/10/2017,02/03/2026
VEN-00945,2,27,5,01/12/2017,01/04/2029
VEN-00946,3,22,5,01/08/2016,01/07/2029
VEN-00947,1,37,5,31/08/2021,01/10/2025
VEN-00948,2,31,2,31/10/2017,01/07/2025
VEN-00949,2,26,4,01/04/2018,02/07/2030
VEN-00950,0,30,5,30/01/2017,31/12/2029
VEN-00951,3,26,4,31/10/2022,31/10/2029
VEN-00952,3,38,5,30/01/2021,01/04/2029
VEN-00953,0,23,3,01/12/2018,01/09/2027
VEN-00954,1,25,2,01/10/2021,02/03/2027
VEN-00955,1,30,8,01/01/2016,02/03/2027
VEN-00956,0,26,3,01/10/2017,01/05/2028
VEN-00957,2,28,2,01/10/2025,01/08/2025
VEN-00958,3,31,4,31/12/2021,31/08/2030
VEN-00959,3,31,4,01/08/2020,01/12/2030
VEN-00960,1,25,4,01/12/2018,31/08/2025
VEN-00961,2,31,1,01/08/2020,01/05/2028
VEN-00962,2,30,4,01/11/2019,01/06/2027
VEN-00963,1,22,4,31/01/2020,01/06/2027
VEN-00964,1,22,6,01/06/2024,02/07/2027
VEN-00965,4,28,4,01/06/2022,01/05/2028
VEN-00966,3,37,6,31/10/2022,31/10/2030
VEN-00967,2,26,5,01/04/2022,01/07/2029
VEN-00968,2,24,5,01/11/2023,01/12/2030
VEN-00969,3,27,6,01/06/2016,31/10/2026
VEN-00970,1,26,6,31/08/2024,02/03/2030
VEN-00971,3,24,3,31/08/2022,01/09/2027
VEN-00972,0,25,6,01/10/2021,02/07/2027
VEN-00973,2,30,2,01/10/2019,01/08/2025
VEN-00974,1,17,3,01/01/2024,01/06/2030
VEN-00975,2,26,7,01/12/2018,01/12/2025
VEN-00976,2,26,10,01/04/2025,31/01/2028
VEN-00977,1,27,1,01/05/2025,01/12/2030
VEN-00978,1,29,4,01/12/2023,31/12/2028
VEN-00979,3,27,5,01/10/2023,31/12/2025
VEN-00980,2,27,2,01/10/2019,31/08/2030
VEN-00981,3,33,3,01/12/2017,30/09/2028
VEN-00982,0,25,4,31/10/2017,01/10/2026
VEN-00983,3,35,8,01/03/2024,31/10/2026
VEN-00984,1,34,5,02/05/2021,01/04/2030
VEN-00985,0,24,7,01/04/2024,31/08/2028
VEN-00986,1,35,4,01/11/2019,01/08/2027
VEN-00987,3,29,2,01/06/2023,31/12/2026
VEN-00988,2,31,3,01/06/2019,02/05/2030
VEN-00989,0,33,4,01/04/2018,02/05/2027
VEN-00990,2,22,8,01/06/2019,01/06/2028
VEN-00991,4,30,3,01/12/2025,01/10/2025
VEN-00992,0,33,1,31/01/2016,01/10/2026
VEN-00993,3,25,4,01/06/2021,31/10/2029
VEN-00994,0,15,5,01/11/2019,31/08/2029
VEN-00995,1,33,3,31/01/2019,01/12/2030
VEN-00996,3,32,1,01/07/2020,01/12/2025
VEN-00997,3,35,3,01/06/2016,01/04/2028
VEN-00998,0,20,2,01/04/2017,30/01/2026
VEN-00999,2,18,2,01/06/2019,01/08/2029
VEN-01000,1,27,7,01/10/2019,02/03/2026
VEN-01001,3,24,7,02/07/2022,31/12/2025
VEN-01002,2,27,6,01/06/2021,30/01/2030
VEN-01003,2,29,4,01/12/2025,31/12/2025
VEN-01004,2,21,2,02/07/2018,02/05/2030
VEN-01005,0,29,5,31/08/2024,01/08/2029
VEN-01006,3,22,4,01/10/2023,01/08/2028
VEN-01007,0,26,4,01/03/2020,30/01/2026
VEN-01008,1,27,4,02/04/2019,01/12/2026
VEN-01009,4,30,4,01/08/2025,02/07/2026
VEN-01010,2,31,6,01/04/2018,01/08/2027
VEN-01011,1,40,6,01/08/2024,01/06/2026
VEN-01012,2,23,2,01/08/2019,02/05/2026
VEN-01013,2,32,5,02/03/2018,02/03/2027
VEN-01014,5,27,2,31/01/2024,01/05/2025
VEN-01015,1,22,2,31/12/2021,02/07/2030
VEN-01016,3,16,6,31/10/2020,30/01/2030
VEN-01017,0,22,4,01/06/2020,31/10/2026
VEN-01018,1,24,2,31/10/2017,01/06/2026
VEN-01019,1,29,6,01/06/2016,02/05/2030
VEN-01020,3,23,3,01/12/2021,01/10/2025
VEN-01021,3,32,5,31/12/2019,31/08/2029
VEN-01022,4,24,2,31/08/2016,30/01/2026
VEN-01023,3,32,5,01/12/2019,01/10/2025
VEN-01024,2,28,5,01/07/2025,01/08/2030
VEN-01025,2,23,5,31/10/2022,01/06/2028
VEN-01026,1,29,7,02/05/2019,01/06/2027
VEN-01027,0,24,4,31/01/2016,01/08/2025
VEN-01028,5,29,5,01/09/2023,31/12/2028
VEN-01029,1,26,4,01/11/2023,01/08/2028
VEN-01030,2,23,3,02/07/2019,01/07/2025
VEN-01031,1,22,3,31/10/2024,01/06/2029
VEN-01032,0,32,4,01/07/2016,01/05/2028
VEN-01033,3,29,5,31/10/2016,01/04/2030
VEN-01034,2,28,4,01/04/2020,01/08/2029
VEN-01035,3,23,4,01/08/2022,30/09/2028
VEN-01036,2,17,2,01/08/2021,31/08/2025
VEN-01037,1,17,3,01/06/2020,02/07/2026
VEN-01038,0,36,2,01/05/2017,31/12/2026
VEN-01039,3,26,6,01/10/2018,01/10/2030
VEN-01040,0,29,6,02/05/2021,02/03/2027
VEN-01041,1,29,3,01/08/2019,01/05/2028
VEN-01042,1,43,3,01/05/2020,01/06/2030
VEN-01043,2,22,5,30/09/2024,01/07/2025
VEN-01044,0,25,6,01/12/2022,30/01/2029
VEN-01045,2,28,4,01/12/2023,01/06/2030
VEN-01046,2,28,2,01/07/2020,01/04/2030
VEN-01047,2,22,4,01/04/2016,01/04/2028
VEN-01048,1,32,6,31/10/2018,01/06/2027
VEN-01049,2,24,3,02/05/2019,02/05/2026
VEN-01050,0,29,7,31/10/2020,31/08/2028
VEN-01051,0,18,7,01/06/2022,02/07/2030
VEN-01052,3,28,2,01/11/2023,01/04/2028
VEN-01053,3,24,4,30/11/2016,30/01/2029
VEN-01054,3,29,2,01/10/2025,01/12/2026
VEN-01055,1,30,7,31/10/2016,01/08/2029
VEN-01056,4,25,3,01/10/2023,01/10/2027
VEN-01057,2,27,4,01/12/2017,02/05/2027
VEN-01058,5,31,1,01/06/2017,01/09/2026
VEN-01059,2,26,3,30/09/2016,30/01/2029
VEN-01060,3,21,3,01/05/2016,01/06/2025
VEN-01061,2,31,6,30/11/2020,31/08/2030
VEN-01062,4,26,5,01/05/2020,31/10/2030
VEN-01063,5,38,4,31/08/2025,01/10/2030
VEN-01064,2,28,5,31/08/2017,31/10/2030
VEN-01065,1,32,4,01/03/2020,02/03/2030
VEN-01066,5,32,3,01/07/2025,31/12/2029
VEN-01067,0,33,3,02/07/2022,01/10/2027
VEN-01068,2,24,3,01/06/2017,02/05/2026
VEN-01069,3,15,4,30/01/2022,01/05/2025
VEN-01070,2,26,6,31/01/2023,01/06/2025
VEN-01071,1,26,4,02/04/2023,02/05/2029
VEN-01072,2,39,5,01/03/2024,01/06/2026
VEN-01073,2,21,4,01/08/2020,02/03/2026
VEN-01074,3,26,6,02/03/2023,02/05/2030
VEN-01075,2,24,5,31/01/2020,02/03/2026
VEN-01076,1,21,6,31/12/2020,02/03/2026
VEN-01077,1,29,5,01/06/2019,31/12/2027
VEN-01078,1,40,1,31/01/2020,01/09/2026
VEN-01079,2,36,5,01/05/2025,01/10/2025
VEN-01080,1,26,2,01/12/2025,01/04/2029
VEN-01081,1,30,3,01/12/2022,01/04/2028
VEN-01082,0,24,3,02/07/2022,31/12/2027
VEN-01083,3,21,4,01/06/2021,01/09/2026
VEN-01084,3,28,5,01/12/2018,30/01/2029
VEN-01085,0,21,5,01/04/2016,01/07/2028
VEN-01086,4,35,7,01/06/2018,01/07/2028
VEN-01087,1,36,5,02/05/2022,31/08/2030
VEN-01088,2,22,5,01/08/2023,01/08/2028
VEN-01089,3,27,6,01/06/2022,01/08/2030
VEN-01090,2,32,2,02/07/2023,02/05/2030
VEN-01091,2,33,5,01/05/2020,01/12/2025
VEN-01092,3,29,4,02/03/2019,01/08/2026
VEN-01093,3,33,3,02/05/2023,01/04/2029
VEN-01094,1,31,4,01/11/2019,30/01/2026
VEN-01095,1,29,3,01/04/2022,01/07/2029
VEN-01096,2,28,5,31/12/2020,01/08/2027
VEN-01097,2,31,4,01/08/2023,31/01/2027
VEN-01098,2,23,6,01/07/2020,01/05/2028
VEN-01099,6,27,3,30/01/2025,31/12/2026
VEN-01100,0,27,3,31/12/2020,31/01/2028
VEN-01101,4,27,5,01/07/2021,31/08/2029
VEN-01102,1,27,3,01/12/2021,01/06/2028
VEN-01103,3,28,3,30/11/2016,01/12/2030
VEN-01104,2,28,4,30/01/2018,31/01/2028
VEN-01105,2,30,2,01/04/2020,31/12/2029
VEN-01106,3,26,4,30/01/2017,01/04/2028
VEN-01107,1,25,1,02/05/2019,02/03/2030
VEN-01108,4,27,4,01/08/2019,31/08/2030
VEN-01109,3,22,5,02/03/2021,02/05/2030
VEN-01110,2,20,4,02/04/2023,01/08/2025
VEN-01111,5,22,8,31/12/2022,02/03/2026
VEN-01112,1,25,4,01/04/2016,31/08/2030
VEN-01113,2,24,4,02/03/2019,31/10/2029
VEN-01114,2,28,5,30/01/2025,31/08/2028
VEN-01115,3,25,3,01/08/2023,31/12/2028
VEN-01116,1,18,5,01/06/2016,01/08/2025
VEN-01117,1,22,6,01/11/2023,01/04/2028
VEN-01118,2,26,3,01/06/2020,01/08/2025
VEN-01119,2,18,6,01/06/2022,30/11/2028
VEN-01120,3,27,5,31/10/2018,01/08/2028
VEN-01121,1,28,6,01/05/2017,31/12/2028
VEN-01122,1,24,7,01/10/2021,01/04/2029
VEN-01123,0,22,4,31/10/2025,31/12/2030
VEN-01124,0,19,6,01/06/2022,01/04/2028
VEN-01125,2,17,4,01/10/2025,31/12/2029
VEN-01126,2,19,3,01/10/2023,01/11/2027
VEN-01127,1,26,5,30/01/2022,01/08/2029
VEN-01128,4,27,3,31/10/2024,01/12/2026
VEN-01129,2,34,4,01/08/2025,01/10/2027
VEN-01130,3,20,2,31/10/2022,30/09/2028
VEN-01131,1,25,3,31/08/2025,31/10/2030
VEN-01132,2,24,6,01/06/2023,01/06/2030
VEN-01133,0,34,5,30/09/2024,31/10/2026
VEN-01134,0,21,5,01/08/2020,01/10/2027
VEN-01135,5,25,5,31/12/2017,01/10/2025
VEN-01136,2,23,7,01/06/2017,02/05/2029
VEN-01137,2,32,2,01/10/2019,31/08/2025
VEN-01138,0,28,4,30/01/2025,01/06/2025
VEN-01139,0,22,3,01/04/2025,01/08/2029
VEN-01140,1,30,6,02/07/2018,01/12/2027
VEN-01141,1,39,8,02/07/2018,02/05/2026
VEN-01142,2,20,2,02/04/2023,31/08/2029
VEN-01143,1,20,5,01/01/2016,01/10/2029
VEN-01144,6,31,2,01/08/2019,02/03/2030
VEN-01145,0,25,2,01/08/2021,31/12/2029
VEN-01146,0,33,2,01/09/2019,01/06/2028
VEN-01147,1,28,3,01/10/2025,01/10/2030
VEN-01148,1,29,4,01/08/2018,01/08/2028
VEN-01149,1,21,3,01/10/2023,01/04/2029
VEN-01150,1,30,3,31/10/2025,30/01/2026
VEN-01151,2,29,3,01/09/2019,01/06/2028
VEN-01152,0,29,7,01/12/2025,31/12/2026
VEN-01153,3,22,7,31/08/2025,01/12/2029
VEN-01154,0,24,6,01/04/2024,02/03/2029
VEN-01155,3,32,3,01/06/2016,02/05/2029
VEN-01156,3,31,2,01/03/2016,31/08/2029
VEN-01157,2,31,2,01/10/2021,30/11/2028
VEN-01158,1,24,4,02/07/2022,01/10/2025
VEN-01159,3,30,4,31/08/2021,01/08/2026
VEN-01160,6,18,7,01/09/2019,31/10/2030
VEN-01161,2,26,5,01/03/2020,01/04/2029
VEN-01162,1,30,4,01/12/2022,01/10/2030
VEN-01163,4,29,3,01/06/2023,31/08/2025
VEN-01164,1,22,3,30/01/2021,02/05/2026
VEN-01165,3,24,6,31/01/2023,30/01/2029
VEN-01166,0,24,7,01/08/2021,01/08/2025
VEN-01167,2,33,2,31/08/2025,31/08/2025
VEN-01168,2,30,7,31/01/2024,02/04/2027
VEN-01169,0,23,5,01/04/2016,02/03/2029
VEN-01170,3,28,3,01/06/2022,31/10/2030
VEN-01171,2,28,5,01/08/2021,01/12/2030
VEN-01172,2,25,5,31/01/2024,01/11/2027
VEN-01173,1,31,2,01/04/2017,01/07/2029
VEN-01174,1,24,4,02/03/2023,31/01/2027
VEN-01175,6,25,2,31/12/2022,02/05/2029
VEN-01176,2,27,4,01/10/2021,01/06/2030
VEN-01177,3,22,6,01/12/2017,30/11/2028
VEN-01178,1,34,9,31/12/2017,30/01/2026
VEN-01179,3,25,5,01/03/2024,01/12/2026
VEN-01180,3,19,4,01/01/2024,31/08/2030
VEN-01181,4,41,3,01/06/2023,31/10/2029
VEN-01182,3,33,5,01/01/2024,01/12/2029
VEN-01183,2,27,2,30/11/2020,01/08/2025
VEN-01184,2,39,4,02/07/2023,02/07/2027
VEN-01185,2,30,5,01/04/2025,01/04/2028
VEN-01186,0,21,6,30/01/2018,31/10/2029
VEN-01187,0,27,6,02/07/2022,01/12/2025
VEN-01188,3,37,4,02/07/2023,31/08/2029
VEN-01189,0,26,5,01/07/2024,31/10/2028
VEN-01190,1,27,2,01/10/2017,31/08/2028
VEN-01191,2,29,2,01/12/2019,01/04/2030
VEN-01192,2,31,6,01/10/2022,01/10/2029
VEN-01193,0,27,6,31/08/2017,01/06/2029
VEN-01194,2,28,4,01/12/2022,01/03/2028
VEN-01195,1,21,5,02/07/2023,01/12/2030
VEN-01196,2,24,5,02/03/2022,02/03/2030
VEN-01197,3,29,5,01/08/2025,31/12/2026
VEN-01198,2,20,7,01/07/2021,31/10/2029
VEN-01199,1,31,3,01/06/2018,01/08/2028
VEN-01200,3,24,4,01/10/2021,02/07/2030
VEN-01201,2,26,4,01/03/2020,01/06/2027
VEN-01202,3,26,5,31/12/2021,01/12/2029
VEN-01203,0,41,4,01/10/2017,01/10/2026
VEN-01204,1,31,3,01/01/2016,01/08/2030
VEN-01205,1,33,4,01/07/2020,01/04/2026
VEN-01206,0,18,5,31/12/2018,02/05/2026
VEN-01207,1,23,5,01/11/2019,01/12/2030
VEN-01208,1,24,5,02/03/2017,01/12/2026
VEN-01209,1,20,4,30/11/2016,01/04/2028
VEN-01210,3,23,5,31/12/2016,01/12/2027
VEN-01211,0,27,4,01/04/2025,31/10/2029
VEN-01212,3,30,4,31/08/2021,01/09/2026
VEN-01213,3,23,3,30/11/2020,02/04/2027
VEN-01214,4,31,1,02/03/2018,01/06/2030
VEN-01215,3,29,6,01/05/2020,01/08/2030
VEN-01216,1,40,1,01/04/2021,02/05/2026
VEN-01217,3,27,2,31/08/2020,31/01/2028
VEN-01218,1,26,2,31/12/2019,01/12/2027
VEN-01219,0,30,6,01/12/2019,01/04/2028
VEN-01220,1,40,7,01/08/2018,01/04/2028
VEN-01221,3,32,5,01/12/2021,01/08/2025
VEN-01222,2,22,3,01/03/2020,02/05/2030
VEN-01223,1,34,1,30/09/2024,01/10/2026
VEN-01224,1,26,5,30/11/2020,01/10/2026
VEN-01225,3,30,5,01/04/2022,01/12/2029
VEN-01226,1,26,3,31/10/2025,31/10/2030
VEN-01227,2,28,4,01/12/2023,02/07/2030
VEN-01228,0,29,5,01/04/2016,31/12/2026
VEN-01229,2,36,2,01/07/2020,01/08/2029
VEN-01230,1,22,5,01/08/2025,01/04/2026
VEN-01231,5,27,1,30/01/2017,01/08/2027
VEN-01232,1,20,5,30/09/2024,01/10/2026
VEN-01233,4,30,4,01/10/2019,01/08/2026
VEN-01234,2,24,7,01/07/2025,02/05/2030
VEN-01235,0,28,6,01/08/2017,01/06/2030
VEN-01236,1,28,2,01/09/2019,02/03/2026
VEN-01237,4,24,3,01/06/2017,01/06/2027
VEN-01238,1,16,5,01/12/2022,01/07/2025
VEN-01239,5,33,2,31/12/2016,31/12/2029
VEN-01240,2,27,4,31/12/2016,31/12/2026
VEN-01241,0,29,4,02/03/2021,30/09/2028
VEN-01242,0,20,2,31/12/2019,01/06/2028
VEN-01243,2,21,5,02/03/2022,01/06/2026
VEN-01244,1,26,3,02/03/2018,02/05/2027
VEN-01245,2,27,7,01/08/2019,01/12/2025
VEN-01246,1,36,6,01/07/2024,01/04/2026
VEN-01247,3,27,2,31/10/2021,02/03/2030
VEN-01248,0,26,5,31/10/2021,01/06/2027
VEN-01249,1,28,4,01/08/2021,01/12/2027
VEN-01250,1,27,6,01/10/2019,01/04/2029
VEN-01251,2,28,4,02/03/2023,02/05/2030
VEN-01252,0,18,5,31/01/2024,01/11/2027
VEN-01253,0,23,2,01/06/2021,02/05/2030
VEN-01254,0,35,2,02/03/2022,01/08/2028
VEN-01255,0,24,6,30/11/2016,01/08/2025
VEN-01256,2,27,2,01/06/2018,01/10/2030
VEN-01257,1,20,6,02/07/2023,31/10/2026
VEN-01258,0,31,2,02/03/2019,01/08/2029
VEN-01259,2,22,5,01/12/2019,02/05/2030
VEN-01260,1,18,2,30/11/2016,01/12/2029
VEN-01261,0,26,4,02/07/2018,31/10/2028
VEN-01262,2,24,2,01/06/2020,01/12/2026
VEN-01263,2,25,2,01/06/2023,31/12/2028
VEN-01264,1,28,4,01/12/2023,01/04/2028
VEN-01265,4,21,5,01/04/2022,30/01/2029
VEN-01266,2,35,6,02/03/2017,02/04/2027
VEN-01267,1,27,4,31/12/2016,01/04/2029
VEN-01268,1,27,9,01/05/2016,31/01/2028
VEN-01269,1,23,2,01/03/2016,01/12/2030
VEN-01270,1,18,2,30/01/2021,01/12/2025
VEN-01271,1,35,2,01/12/2019,01/06/2029
VEN-01272,2,28,4,30/01/2025,01/04/2028
VEN-01273,2,28,4,01/05/2024,01/08/2028
VEN-01274,3,34,8,01/06/2023,01/05/2028
VEN-01275,3,30,3,01/04/2024,30/01/2026
VEN-01276,4,27,3,01/06/2018,01/08/2028
VEN-01277,3,22,2,01/07/2017,01/09/2027
VEN-01278,1,34,4,01/12/2025,01/09/2026
VEN-01279,2,26,6,31/01/2019,01/08/2030
VEN-01280,1,36,4,31/12/2022,01/08/2026
VEN-01281,0,28,5,31/12/2020,01/10/2027
VEN-01282,1,25,6,01/04/2022,01/06/2027
VEN-01283,4,25,3,01/06/2024,01/12/2027
VEN-01284,2,29,5,30/01/2018,01/06/2028
VEN-01285,2,29,3,01/12/2022,30/11/2028
VEN-01286,4,29,2,01/08/2021,02/04/2027
VEN-01287,0,30,4,31/01/2020,02/04/2027
VEN-01288,2,35,3,31/08/2020,02/05/2029
VEN-01289,0,20,6,31/01/2024,02/05/2029
VEN-01290,2,39,3,02/04/2019,31/08/2028
VEN-01291,0,18,3,01/05/2024,01/04/2028
VEN-01292,2,21,5,30/01/2018,01/12/2025
VEN-01293,2,35,4,02/07/2019,01/08/2028
VEN-01294,3,35,7,01/08/2022,01/08/2026
VEN-01295,0,25,4,01/06/2022,01/10/2025
VEN-01296,2,24,6,01/04/2024,30/09/2028
VEN-01297,1,29,3,01/07/2021,01/05/2028
VEN-01298,3,25,2,01/03/2024,01/05/2028
VEN-01299,1,24,6,30/11/2020,01/07/2029
VEN-01300,2,29,6,01/05/2024,02/04/2027
VEN-01301,1,21,2,30/01/2017,02/04/2027
VEN-01302,1,22,1,31/10/2024,01/04/2026
VEN-01303,0,32,5,01/10/2018,01/10/2025
VEN-01304,2,20,4,01/08/2021,01/08/2030
VEN-01305,3,27,3,01/08/2022,01/12/2026
VEN-01306,3,21,3,01/03/2024,01/12/2027
VEN-01307,3,19,3,01/08/2019,02/07/2030
VEN-01308,0,28,6,02/03/2018,02/07/2026
VEN-01309,1,27,3,02/07/2019,02/05/2026
VEN-01310,2,33,3,01/12/2025,01/06/2029
VEN-01311,4,17,4,31/08/2017,02/05/2027
VEN-01312,1,27,5,01/06/2016,01/10/2026
VEN-01313,2,29,2,01/12/2018,01/10/2029
VEN-01314,0,28,7,31/10/2025,31/10/2026
VEN-01315,2,26,6,30/11/2020,01/05/2025
VEN-01316,3,33,5,31/08/2022,30/01/2030
VEN-01317,0,23,4,01/06/2019,31/10/2030
VEN-01318,0,33,3,01/06/2018,02/07/2030
VEN-01319,1,32,1,30/01/2017,01/12/2025
VEN-01320,2,28,5,01/04/2017,31/12/2027
VEN-01321,3,23,6,01/05/2016,01/06/2030
VEN-01322,0,27,3,30/01/2025,30/11/2028
VEN-01323,4,27,4,30/09/2024,31/12/2026
VEN-01324,2,29,5,01/12/2017,02/05/2027
VEN-01325,1,35,3,31/10/2018,31/01/2027
VEN-01326,1,22,6,01/06/2018,30/11/2028
VEN-01327,2,18,4,01/08/2023,30/01/2029
VEN-01328,2,24,2,02/05/2021,01/07/2029
VEN-01329,1,28,2,02/07/2019,01/12/2026
VEN-01330,3,33,4,01/09/2019,01/06/2029
VEN-01331,3,33,4,01/05/2017,01/11/2027
VEN-01332,0,25,3,01/04/2022,01/07/2025
VEN-01333,0,31,6,01/08/2017,01/10/2029
VEN-01334,0,29,4,31/10/2022,31/10/2025
VEN-01335,2,26,2,02/05/2018,01/05/2025
VEN-01336,0,18,3,31/08/2025,02/05/2029
VEN-01337,1,17,6,01/12/2023,31/10/2025
VEN-01338,3,23,7,01/12/2025,01/05/2028
VEN-01339,3,30,6,01/11/2023,02/04/2027
VEN-01340,2,34,3,31/08/2020,01/10/2030
VEN-01341,3,24,5,01/04/2017,31/01/2027
VEN-01342,1,29,5,31/10/2025,01/12/2025
VEN-01343,1,21,2,31/01/2020,30/01/2026
VEN-01344,1,29,4,30/09/2024,31/12/2030
VEN-01345,1,30,1,01/04/2024,31/10/2030
VEN-01346,0,30,4,31/12/2024,30/01/2026
VEN-01347,2,30,3,31/01/2020,02/04/2027
VEN-01348,3,21,3,01/09/2019,01/07/2025
VEN-01349,1,25,4,02/03/2023,31/12/2029
VEN-01350,2,33,2,02/04/2019,02/07/2030
VEN-01351,3,27,4,01/12/2021,02/05/2029
VEN-01352,0,22,3,01/06/2018,01/03/2028
VEN-01353,2,35,3,30/09/2020,01/06/2027
VEN-01354,1,29,5,01/04/2016,01/12/2026
VEN-01355,1,26,2,02/04/2019,01/06/2029
VEN-01356,3,31,3,01/03/2016,01/08/2028
VEN-01357,3,21,9,31/10/2016,31/12/2027
VEN-01358,1,32,2,01/12/2023,02/07/2027
VEN-01359,4,26,4,02/07/2022,01/07/2029
VEN-01360,0,31,5,01/06/2022,31/12/2030
VEN-01361,0,31,4,01/11/2019,31/12/2025
VEN-01362,0,36,4,01/05/2020,01/10/2029
VEN-01363,1,29,3,01/04/2021,01/12/2027
VEN-01364,3,24,4,01/07/2025,30/01/2029
VEN-01365,2,24,3,01/07/2021,01/12/2029
VEN-01366,3,30,4,01/01/2024,02/03/2027
VEN-01367,3,30,5,01/07/2016,01/06/2026
VEN-01368,3,32,3,01/06/2017,01/06/2025
VEN-01369,1,30,6,01/03/2024,31/10/2030
VEN-01370,5,20,6,01/12/2021,01/12/2029
VEN-01371,3,28,3,01/08/2019,01/06/2029
VEN-01372,1,25,3,30/01/2021,01/08/2025
VEN-01373,2,28,3,01/04/2024,01/08/2030
VEN-01374,2,30,3,01/08/2018,01/12/2025
VEN-01375,2,29,1,30/11/2016,31/12/2026
VEN-01376,3,25,4,31/10/2017,31/08/2028
VEN-01377,5,28,2,01/06/2022,01/05/2025
VEN-01378,2,30,2,01/05/2017,31/08/2029
VEN-01379,1,31,3,02/03/2017,01/08/2030
VEN-01380,3,27,4,31/12/2016,01/09/2027
VEN-01381,6,27,2,31/08/2017,31/12/2025
VEN-01382,0,27,5,31/12/2022,31/08/2028
VEN-01383,0,20,4,30/11/2020,01/10/2029
VEN-01384,0,17,5,02/07/2019,01/12/2030
VEN-01385,3,30,4,31/10/2017,31/10/2026
VEN-01386,5,20,7,31/10/2024,01/12/2026
VEN-01387,2,33,7,01/04/2025,01/10/2025
VEN-01388,2,27,5,01/04/2016,01/08/2025
VEN-01389,3,35,5,31/12/2018,01/07/2029
VEN-01390,1,29,4,02/04/2023,01/08/2026
VEN-01391,4,32,3,01/01/2016,31/12/2026
VEN-01392,2,37,5,30/01/2022,01/11/2027
VEN-01393,3,30,2,01/09/2019,01/10/2025
VEN-01394,5,21,3,31/08/2016,01/10/2029
VEN-01395,1,23,7,01/06/2017,01/08/2028
VEN-01396,1,23,5,01/09/2019,01/09/2027
VEN-01397,4,29,3,01/06/2020,01/09/2026
VEN-01398,1,36,4,31/01/2023,31/08/2028
VEN-01399,1,40,3,01/03/2024,01/06/2029
VEN-01400,0,30,10,30/01/2025,01/08/2028
VEN-01401,2,24,3,31/10/2025,31/08/2029
VEN-01402,3,23,3,30/01/2021,31/01/2028
VEN-01403,0,34,11,02/07/2022,31/12/2025
VEN-01404,1,26,4,31/01/2020,02/03/2026
VEN-01405,2,24,3,31/10/2020,31/10/2029
VEN-01406,0,29,3,02/04/2019,31/08/2025
VEN-01407,0,25,6,01/01/2024,01/12/2027
VEN-01408,0,24,4,01/05/2024,02/07/2026
VEN-01409,0,29,4,31/08/2024,31/08/2029
VEN-01410,0,21,7,01/12/2018,31/10/2026
VEN-01411,2,28,2,31/10/2016,31/08/2029
VEN-01412,1,33,4,02/05/2022,02/05/2026
VEN-01413,2,30,6,01/07/2024,30/09/2028
VEN-01414,1,30,3,01/07/2016,01/06/2026
VEN-01415,3,22,3,01/09/2023,31/12/2027
VEN-01416,1,21,6,01/06/2019,30/09/2028
VEN-01417,4,30,3,02/03/2017,02/03/2026
VEN-01418,2,26,4,30/09/2016,01/12/2027
VEN-01419,1,31,1,01/10/2023,01/06/2029
VEN-01420,1,40,5,31/08/2025,01/10/2026
VEN-01421,0,35,4,01/10/2021,01/08/2025
VEN-01422,0,28,9,30/11/2016,01/09/2026
VEN-01423,2,23,8,01/04/2021,01/08/2027
VEN-01424,1,22,7,02/03/2017,30/01/2026
VEN-01425,1,22,3,01/08/2017,01/12/2029
VEN-01426,2,27,5,31/10/2020,01/04/2029
VEN-01427,1,23,3,01/04/2017,01/03/2028
VEN-01428,2,34,7,01/03/2016,31/12/2027
VEN-01429,1,26,6,02/03/2019,31/10/2029
VEN-01430,0,32,3,02/07/2018,30/01/2029
VEN-01431,1,18,4,01/07/2021,01/04/2029
VEN-01432,0,23,5,01/01/2016,02/07/2027
VEN-01433,3,29,2,01/06/2022,01/05/2025
VEN-01434,3,24,7,01/06/2018,01/10/2025
VEN-01435,5,24,4,01/07/2016,01/07/2029
VEN-01436,1,19,5,31/10/2016,31/12/2029
VEN-01437,2,34,9,02/03/2017,31/10/2025
VEN-01438,6,28,7,01/01/2024,01/07/2025
VEN-01439,2,39,4,01/03/2016,01/09/2026
VEN-01440,1,33,4,01/01/2024,01/06/2027
VEN-01441,1,23,4,01/08/2023,02/05/2026
VEN-01442,2,31,4,30/11/2020,31/08/2028
VEN-01443,2,20,2,01/07/2024,01/06/2030
VEN-01444,1,27,5,01/09/2018,30/01/2029
VEN-01445,2,32,2,31/08/2016,02/03/2027
VEN-01446,3,26,3,02/05/2023,31/01/2028
VEN-01447,0,21,2,31/08/2022,01/10/2030
VEN-01448,3,28,5,01/10/2021,01/12/2029
VEN-01449,0,32,3,30/01/2025,02/03/2026
VEN-01450,2,23,4,01/04/2024,31/01/2028
VEN-01451,3,27,4,01/07/2016,01/10/2025
VEN-01452,2,31,5,31/08/2016,30/01/2030
VEN-01453,2,21,5,30/11/2020,01/04/2029
VEN-01454,0,24,6,02/07/2018,01/10/2026
VEN-01455,1,26,6,01/07/2025,01/08/2029
VEN-01456,3,28,4,01/08/2025,31/12/2027
VEN-01457,1,33,3,30/01/2017,31/10/2029
VEN-01458,4,33,4,01/10/2025,01/07/2025
VEN-01459,1,36,6,01/12/2018,01/10/2027
VEN-01460,1,21,2,01/01/2016,01/08/2028
VEN-01461,3,30,3,31/12/2017,01/12/2025
VEN-01462,4,24,3,31/12/2021,01/08/2027
VEN-01463,1,26,6,01/08/2020,01/07/2029
VEN-01464,2,22,5,01/12/2019,01/04/2029
VEN-01465,0,27,3,01/07/2021,01/12/2025
VEN-01466,1,28,1,01/07/2016,01/08/2029
VEN-01467,1,31,4,01/07/2025,01/07/2029
VEN-01468,3,24,2,01/06/2016,01/10/2027
VEN-01469,2,30,5,01/05/2017,31/12/2029
VEN-01470,6,28,4,31/12/2024,30/09/2028
VEN-01471,0,24,4,01/04/2020,31/12/2030
VEN-01472,2,29,3,01/08/2019,01/07/2029
VEN-01473,3,32,4,31/01/2016,31/12/2030
VEN-01474,1,19,4,01/01/2016,30/01/2030
VEN-01475,2,28,3,01/04/2021,02/04/2027
VEN-01476,1,32,3,01/03/2024,01/12/2025
VEN-01477,3,25,4,01/12/2017,30/11/2028
VEN-01478,2,29,4,02/05/2019,01/06/2028
VEN-01479,4,26,3,31/10/2020,31/12/2030
VEN-01480,3,31,4,01/04/2018,01/08/2030
VEN-01481,3,28,6,02/03/2025,01/05/2025
VEN-01482,2,20,3,02/03/2025,01/12/2026
VEN-01483,0,21,3,02/03/2021,01/04/2028
VEN-01484,2,25,3,30/01/2022,30/11/2028
VEN-01485,5,29,3,01/06/2024,01/08/2027
VEN-01486,0,29,5,01/12/2023,01/12/2026
VEN-01487,0,24,2,30/01/2021,01/12/2027
VEN-01488,1,31,4,01/06/2025,01/12/2029
VEN-01489,0,28,5,31/10/2018,31/08/2030
VEN-01490,1,23,1,31/12/2024,01/08/2029
VEN-01491,1,23,3,02/04/2019,01/04/2026
VEN-01492,2,32,3,02/07/2022,01/10/2030
VEN-01493,1,18,3,01/06/2024,01/05/2028
VEN-01494,2,32,7,01/03/2020,02/05/2029
VEN-01495,2,27,8,01/09/2019,02/03/2029
VEN-01496,2,28,3,01/06/2016,31/01/2028
VEN-01497,4,26,6,01/08/2021,01/05/2028
VEN-01498,2,35,2,01/08/2016,01/06/2028
VEN-01499,2,21,4,02/03/2021,30/01/2026
VEN-01500,2,31,9,01/04/2017,01/10/2029
VEN-01501,1,28,5,02/03/2023,31/01/2027
VEN-01502,0,26,3,01/04/2018,01/07/2029
VEN-01503,2,32,5,01/10/2023,01/06/2025
VEN-01504,3,32,2,01/08/2025,31/12/2025
VEN-01505,0,19,2,31/08/2024,31/10/2026
VEN-01506,1,34,4,01/12/2021,31/12/2026
VEN-01507,3,38,6,31/08/2024,01/12/2025
VEN-01508,1,26,5,02/03/2018,01/04/2029
VEN-01509,0,28,7,30/01/2025,31/08/2025
VEN-01510,4,37,6,01/04/2016,31/10/2025
VEN-01511,1,36,5,01/06/2022,31/10/2028
VEN-01512,0,23,5,02/05/2021,30/01/2029
VEN-01513,0,27,5,02/07/2018,30/01/2029
VEN-01514,2,21,4,01/12/2018,01/04/2030
VEN-01515,3,37,5,01/08/2017,31/10/2029
VEN-01516,4,23,3,01/01/2016,01/06/2027
VEN-01517,1,29,6,01/12/2022,31/12/2028
VEN-01518,4,26,6,01/10/2019,01/08/2026
VEN-01519,2,38,1,02/04/2019,31/12/2029
VEN-01520,2,32,5,02/03/2018,02/03/2030
VEN-01521,1,38,5,31/01/2023,01/07/2028
VEN-01522,3,29,2,01/05/2016,31/01/2028
VEN-01523,2,33,4,01/08/2023,31/10/2028
VEN-01524,2,32,2,31/10/2018,30/01/2030
VEN-01525,2,25,2,30/01/2017,02/07/2030
VEN-01526,1,19,3,31/08/2024,01/10/2025
VEN-01527,1,31,3,01/08/2020,30/09/2028
VEN-01528,0,22,4,01/03/2016,02/07/2026
VEN-01529,2,28,2,01/07/2024,31/08/2025
VEN-01530,3,24,5,01/12/2017,01/05/2025
VEN-01531,5,26,3,01/08/2017,31/10/2025
VEN-01532,1,33,2,02/05/2023,01/11/2027
VEN-01533,3,26,7,01/12/2018,01/04/2030
VEN-01534,4,22,6,31/01/2016,02/05/2030
VEN-01535,3,24,7,30/01/2022,01/10/2029
VEN-01536,2,32,6,02/03/2025,31/12/2028
VEN-01537,1,27,3,02/05/2023,31/10/2028
VEN-01538,1,22,3,01/08/2016,01/06/2025
VEN-01539,1,21,3,30/09/2016,31/12/2029
VEN-01540,1,25,2,01/08/2017,01/06/2025
VEN-01541,2,27,4,01/03/2020,31/10/2029
VEN-01542,2,22,5,02/04/2023,01/06/2029
VEN-01543,2,28,3,01/10/2019,31/10/2026
VEN-01544,3,17,6,01/05/2017,31/10/2025
VEN-01545,2,30,2,01/10/2017,02/05/2030
VEN-01546,4,30,6,01/05/2025,01/08/2026
VEN-01547,3,33,5,31/10/2018,01/05/2028
VEN-01548,1,23,2,01/06/2016,02/05/2029
VEN-01549,2,25,8,31/08/2024,01/12/2027
VEN-01550,0,20,7,01/12/2019,01/10/2026
VEN-01551,1,28,3,01/10/2019,31/01/2028
VEN-01552,3,25,6,30/09/2020,31/01/2028
VEN-01553,1,30,5,01/06/2018,01/11/2027
VEN-01554,0,26,1,31/01/2016,01/08/2027
VEN-01555,1,32,5,01/06/2019,01/08/2025
VEN-01556,3,28,4,31/08/2025,02/04/2027
VEN-01557,4,26,3,30/09/2020,01/06/2027
VEN-01558,0,38,5,31/10/2020,01/10/2026
VEN-01559,2,33,5,02/04/2023,01/12/2025
VEN-01560,3,24,4,01/08/2018,01/09/2027
VEN-01561,2,28,5,01/04/2020,01/08/2030
VEN-01562,1,29,6,31/10/2024,02/05/2026
VEN-01563,1,22,2,02/03/2018,01/04/2029
VEN-01564,3,27,3,31/10/2025,01/10/2030
VEN-01565,4,27,4,01/04/2017,31/10/2030
VEN-01566,2,34,4,01/11/2019,31/01/2027
VEN-01567,4,31,3,01/01/2016,30/01/2026
VEN-01568,2,31,5,01/08/2022,01/07/2029
VEN-01569,0,20,4,01/10/2023,31/01/2027
VEN-01570,2,30,4,02/03/2021,31/12/2026
VEN-01571,1,28,6,01/12/2017,01/06/2029
VEN-01572,0,38,8,01/10/2019,31/10/2026
VEN-01573,2,24,2,01/07/2021,01/04/2028
VEN-01574,0,27,5,30/01/2022,31/01/2028
VEN-01575,0,35,4,30/01/2018,02/03/2030
VEN-01576,2,23,9,01/11/2023,01/07/2029
VEN-01577,2,23,5,01/08/2025,01/06/2027
VEN-01578,2,23,4,01/08/2023,01/05/2025
VEN-01579,2,21,3,01/11/2023,01/10/2026
VEN-01580,1,31,4,31/01/2024,01/04/2026
VEN-01581,0,26,5,31/10/2022,31/10/2029
VEN-01582,1,22,1,31/10/2018,01/10/2029
VEN-01583,1,34,4,02/07/2023,01/07/2025
VEN-01584,1,28,4,01/08/2024,02/05/2027
VEN-01585,5,30,4,31/12/2021,02/03/2026
VEN-01586,0,25,5,01/04/2016,01/04/2030
VEN-01587,2,28,4,01/08/2016,01/06/2029
VEN-01588,0,22,1,01/12/2025,30/01/2026
VEN-01589,0,26,2,31/10/2025,01/04/2029
VEN-01590,2,33,5,01/12/2022,31/12/2029
VEN-01591,3,34,3,01/07/2024,31/08/2025
VEN-01592,1,32,4,01/12/2017,31/10/2028
VEN-01593,1,24,5,01/07/2024,01/05/2028
VEN-01594,1,27,2,30/01/2025,01/04/2026
VEN-01595,1,28,4,01/09/2023,01/08/2030
VEN-01596,5,22,4,31/01/2020,01/05/2025
VEN-01597,0,33,7,01/05/2024,31/01/2028
VEN-01598,0,25,3,31/01/2023,02/05/2030
VEN-01599,1,21,6,30/11/2020,31/01/2027
VEN-01600,1,36,2,01/05/2016,01/12/2026
VEN-01601,0,18,7,01/05/2017,01/07/2029
VEN-01602,1,31,4,01/10/2023,01/09/2026
VEN-01603,2,22,2,31/01/2023,01/03/2028
VEN-01604,2,32,5,01/04/2025,02/05/2026
VEN-01605,2,31,6,31/12/2022,31/08/2025
VEN-01606,1,38,8,01/11/2019,02/05/2027
VEN-01607,1,26,3,30/09/2020,30/01/2026
VEN-01608,3,24,3,02/03/2022,01/05/2028
VEN-01609,1,22,7,01/10/2025,31/01/2028
VEN-01610,1,24,3,30/11/2016,31/12/2027
VEN-01611,1,30,3,30/01/2022,31/10/2030
VEN-01612,5,23,5,31/10/2016,02/03/2030
VEN-01613,2,28,6,01/08/2018,01/10/2027
VEN-01614,2,29,4,31/12/2017,01/06/2026
VEN-01615,0,27,3,01/10/2021,02/07/2026
VEN-01616,1,28,6,31/08/2024,01/08/2029
VEN-01617,0,38,1,01/10/2023,02/03/2030
VEN-01618,3,21,7,01/06/2019,02/07/2030
VEN-01619,0,20,5,31/01/2020,01/08/2030
VEN-01620,5,33,3,31/12/2024,01/07/2025
VEN-01621,4,27,4,01/05/2017,30/01/2030
VEN-01622,1,29,3,31/08/2025,01/08/2029
VEN-01623,1,23,1,01/04/2021,01/04/2026
VEN-01624,4,21,5,01/01/2024,31/10/2026
VEN-01625,3,27,4,01/04/2024,31/10/2030
VEN-01626,1,29,3,31/12/2020,01/11/2027
VEN-01627,1,19,4,31/08/2022,01/04/2029
VEN-01628,2,22,1,01/06/2021,31/08/2025
VEN-01629,0,32,4,01/07/2016,31/12/2028
VEN-01630,2,25,5,02/03/2018,31/12/2026
VEN-01631,5,28,6,31/08/2022,01/10/2029
VEN-01632,4,29,5,30/09/2020,01/12/2025
VEN-01633,1,31,5,01/04/2022,31/12/2030
VEN-01634,0,25,5,02/05/2023,01/09/2026
VEN-01635,3,29,4,01/06/2021,01/09/2027
VEN-01636,1,24,6,01/08/2024,01/07/2025
VEN-01637,2,28,5,01/08/2023,31/10/2025
VEN-01638,0,36,2,01/04/2020,31/08/2030
VEN-01639,3,31,5,01/08/2018,02/05/2029
VEN-01640,2,33,2,02/04/2019,01/06/2030
VEN-01641,2,26,4,31/01/2016,02/03/2030
VEN-01642,0,30,6,01/11/2023,31/12/2028
VEN-01643,1,29,1,30/09/2024,31/12/2028
VEN-01644,1,24,4,01/09/2019,02/03/2027
VEN-01645,0,31,2,01/04/2020,02/05/2029
VEN-01646,3,33,5,01/05/2017,01/10/2030
VEN-01647,7,28,4,31/08/2024,01/09/2026
VEN-01648,2,31,4,02/07/2023,01/12/2030
VEN-01649,1,29,8,31/10/2021,01/05/2028
VEN-01650,1,26,4,01/10/2017,31/10/2029
VEN-01651,0,29,1,01/01/2024,02/05/2027
VEN-01652,2,19,6,01/06/2016,01/04/2029
VEN-01653,2,26,4,31/10/2024,01/07/2028
VEN-01654,1,22,3,01/08/2016,02/03/2027
VEN-01655,1,30,5,02/04/2019,01/06/2025
VEN-01656,1,32,5,01/08/2024,02/05/2030
VEN-01657,1,24,3,31/01/2016,01/04/2029
VEN-01658,1,27,2,01/07/2025,01/03/2028
VEN-01659,0,24,3,30/01/2022,01/06/2028
VEN-01660,2,33,5,01/09/2018,30/11/2028
VEN-01661,2,38,2,02/07/2022,01/06/2025
VEN-01662,3,24,2,02/03/2022,01/04/2026
VEN-01663,3,25,3,31/01/2023,31/12/2030
VEN-01664,2,21,4,01/03/2024,01/06/2025
VEN-01665,1,43,2,01/03/2020,01/12/2025
VEN-01666,4,36,4,01/07/2021,31/12/2030
VEN-01667,2,30,3,31/10/2017,31/10/2029
VEN-01668,4,26,5,01/07/2020,31/10/2028
VEN-01669,3,28,8,31/10/2020,01/08/2030
VEN-01670,6,22,6,01/05/2024,01/04/2029
VEN-01671,3,27,5,01/06/2023,31/10/2025
VEN-01672,2,33,4,01/08/2025,01/08/2025
VEN-01673,3,32,7,01/04/2016,02/05/2030
VEN-01674,2,27,2,02/03/2018,01/10/2027
VEN-01675,2,36,7,02/04/2023,02/05/2027
VEN-01676,3,28,7,01/06/2021,01/12/2026
VEN-01677,2,26,5,01/05/2020,01/12/2029
VEN-01678,0,30,3,02/07/2023,30/01/2030
VEN-01679,2,38,4,31/08/2024,31/10/2028
VEN-01680,2,36,3,01/06/2016,31/01/2028
VEN-01681,0,26,2,01/06/2022,31/08/2028
VEN-01682,4,22,3,02/05/2018,02/07/2027
VEN-01683,0,31,7,01/09/2019,01/06/2027
VEN-01684,1,25,2,01/12/2021,02/03/2026
VEN-01685,1,28,4,01/11/2019,31/12/2027
VEN-01686,0,32,5,02/04/2023,02/07/2027
VEN-01687,1,38,4,01/06/2023,01/12/2026
VEN-01688,2,22,2,01/09/2018,02/05/2027
VEN-01689,1,25,7,02/03/2018,02/05/2029
VEN-01690,0,28,3,01/10/2018,31/10/2029
VEN-01691,2,19,2,31/12/2018,01/12/2029
VEN-01692,2,28,3,30/01/2017,02/03/2030
VEN-01693,1,25,3,01/12/2022,01/12/2030
VEN-01694,0,31,4,31/10/2025,02/07/2027
VEN-01695,3,24,6,02/03/2023,01/06/2030
VEN-01696,1,33,4,01/09/2019,01/09/2027
VEN-01697,2,27,6,31/12/2019,30/01/2030
VEN-01698,2,27,1,02/03/2023,01/12/2030
VEN-01699,3,20,4,02/03/2018,31/10/2029
VEN-01700,3,25,4,01/04/2016,02/07/2027
VEN-01701,3,29,3,30/09/2024,01/06/2027
VEN-01702,3,29,3,01/10/2025,30/11/2028
VEN-01703,2,34,4,31/12/2018,31/12/2030
VEN-01704,0,34,6,30/01/2021,30/01/2026
VEN-01705,3,27,6,02/04/2019,01/10/2026
VEN-01706,0,25,3,31/10/2018,01/10/2027
VEN-01707,1,27,6,01/08/2025,01/12/2029
VEN-01708,2,21,6,01/06/2018,01/09/2026
VEN-01709,1,33,3,01/04/2024,01/12/2027
VEN-01710,1,23,2,01/09/2019,01/09/2026
VEN-01711,3,27,4,31/01/2016,02/05/2029
VEN-01712,2,23,7,01/04/2021,01/09/2026
VEN-01713,1,34,4,02/07/2022,31/10/2025
VEN-01714,0,28,3,31/10/2016,31/12/2027
VEN-01715,1,27,3,01/10/2021,01/05/2025
VEN-01716,3,26,3,01/03/2020,31/12/2026
VEN-01717,1,23,5,01/12/2023,31/10/2030
VEN-01718,3,22,6,30/09/2020,31/12/2029
VEN-01719,4,34,5,01/04/2025,30/11/2028
VEN-01720,2,26,3,01/06/2017,01/11/2027
VEN-01721,2,28,4,01/11/2019,01/12/2029
VEN-01722,3,23,7,01/07/2021,01/08/2025
VEN-01723,1,24,9,02/07/2018,01/10/2027
VEN-01724,3,31,8,01/12/2019,01/11/2027
VEN-01725,3,27,5,01/10/2021,01/06/2025
VEN-01726,0,19,4,31/08/2022,31/10/2025
VEN-01727,1,29,4,01/04/2025,01/10/2027
VEN-01728,1,29,6,01/11/2023,02/03/2026
VEN-01729,1,26,4,01/12/2021,31/12/2030
VEN-01730,2,24,3,02/05/2021,30/01/2026
VEN-01731,2,31,4,01/01/2016,01/07/2025
VEN-01732,3,33,5,01/08/2022,31/10/2029
VEN-01733,0,28,3,02/03/2021,01/08/2027
VEN-01734,3,26,4,01/08/2025,01/10/2027
VEN-01735,0,24,6,30/01/2025,31/10/2026
VEN-01736,0,27,2,30/01/2021,01/05/2025
VEN-01737,2,34,2,02/07/2022,01/06/2029
VEN-01738,2,28,6,01/06/2019,01/04/2028
VEN-01739,1,31,3,01/07/2017,01/08/2027
VEN-01740,3,33,3,01/06/2025,01/06/2026
VEN-01741,2,27,2,01/05/2024,30/01/2026
VEN-01742,2,26,1,01/04/2020,01/06/2029
VEN-01743,2,24,3,31/12/2024,31/08/2025
VEN-01744,3,42,3,31/10/2022,31/08/2030
VEN-01745,2,25,5,01/12/2018,01/05/2028
VEN-01746,1,27,4,01/08/2025,01/04/2026
VEN-01747,1,22,2,01/10/2019,01/06/2030
VEN-01748,2,22,3,31/12/2024,01/12/2026
VEN-01749,3,17,3,02/05/2018,31/12/2026
VEN-01750,1,21,5,31/10/2018,01/06/2029
VEN-01751,1,19,4,01/06/2025,31/12/2025
VEN-01752,0,30,2,01/08/2020,30/11/2028
VEN-01753,2,24,3,01/04/2021,31/10/2026
VEN-01754,0,24,4,01/06/2016,30/01/2030
VEN-01755,1,27,4,01/08/2025,31/12/2027
VEN-01756,3,27,6,02/03/2019,31/12/2028
VEN-01757,2,19,5,01/07/2020,01/12/2027
VEN-01758,3,22,4,01/05/2016,01/06/2026
VEN-01759,4,38,3,01/08/2018,02/03/2027
VEN-01760,2,25,4,31/01/2023,30/01/2030
VEN-01761,1,25,5,31/10/2024,01/04/2028
VEN-01762,3,31,7,01/03/2020,01/04/2026
VEN-01763,3,27,3,01/07/2017,31/08/2025
VEN-01764,1,32,7,01/05/2020,01/10/2025
VEN-01765,0,30,1,01/03/2020,31/12/2029
VEN-01766,4,23,7,30/09/2020,31/08/2030
VEN-01767,1,25,4,01/04/2022,01/03/2028
VEN-01768,6,28,3,31/12/2016,31/08/2028
VEN-01769,4,33,2,01/04/2024,01/04/2028
VEN-01770,0,24,4,31/08/2020,02/03/2027
VEN-01771,2,34,3,01/04/2017,31/08/2029
VEN-01772,1,29,3,02/05/2023,01/10/2026
VEN-01773,2,33,3,01/10/2021,01/07/2029
VEN-01774,1,23,7,01/12/2018,01/10/2025
VEN-01775,4,33,5,31/08/2024,01/08/2028
VEN-01776,1,26,3,02/05/2023,01/07/2028
VEN-01777,1,28,7,01/10/2018,30/01/2026
VEN-01778,2,30,3,30/01/2025,02/05/2030
VEN-01779,2,28,4,02/03/2022,02/05/2026
VEN-01780,1,35,4,31/01/2020,02/03/2029
VEN-01781,2,30,5,01/06/2017,31/12/2027
VEN-01782,0,20,2,01/08/2024,31/08/2029
VEN-01783,3,25,7,01/08/2020,01/11/2027
VEN-01784,2,23,6,31/10/2018,30/09/2028
VEN-01785,2,26,2,31/12/2021,01/07/2029
VEN-01786,6,27,9,01/08/2021,01/05/2025
VEN-01787,0,32,4,02/05/2021,02/07/2026
VEN-01788,2,32,5,01/05/2017,01/11/2027
VEN-01789,1,29,4,01/11/2019,02/05/2027
VEN-01790,3,26,5,01/12/2021,01/07/2025
VEN-01791,0,21,4,31/10/2025,30/11/2028
VEN-01792,1,31,6,31/12/2021,01/10/2025
VEN-01793,1,26,3,31/10/2017,31/08/2029
VEN-01794,2,27,3,31/08/2021,02/05/2026
VEN-01795,2,24,7,31/12/2021,30/09/2028
VEN-01796,1,26,3,31/10/2018,01/06/2030
VEN-01797,1,20,6,01/04/2016,01/06/2027
VEN-01798,4,22,2,01/06/2024,02/07/2026
VEN-01799,1,32,5,01/07/2016,01/08/2026
VEN-01800,4,26,5,01/08/2022,01/12/2027
VEN-01801,1,26,3,31/01/2020,31/12/2026
VEN-01802,0,31,5,02/04/2023,02/05/2030
VEN-01803,1,25,6,01/10/2025,02/03/2030
VEN-01804,0,23,5,30/01/2022,02/03/2029
VEN-01805,3,22,3,02/03/2017,02/04/2027
VEN-01806,3,14,3,31/10/2016,30/01/2026
VEN-01807,1,21,6,02/03/2022,01/08/2026
VEN-01808,3,26,3,01/09/2019,01/12/2027
VEN-01809,1,26,3,01/04/2018,31/12/2029
VEN-01810,2,28,6,30/11/2020,01/10/2029
VEN-01811,4,29,8,31/10/2017,01/12/2030
VEN-01812,2,27,4,31/08/2024,01/11/2027
VEN-01813,1,33,4,31/08/2016,01/07/2028
VEN-01814,2,31,6,01/03/2020,01/08/2026
VEN-01815,2,22,6,01/06/2024,01/04/2029
VEN-01816,1,27,5,31/12/2017,31/12/2028
VEN-01817,4,30,2,31/08/2016,31/08/2025
VEN-01818,0,31,8,02/05/2022,01/09/2027
VEN-01819,4,17,6,02/05/2021,31/08/2030
VEN-01820,1,27,2,30/11/2016,01/04/2028
VEN-01821,1,29,5,01/08/2020,01/11/2027
VEN-01822,1,22,4,01/06/2022,31/12/2025
VEN-01823,0,29,7,01/08/2019,31/10/2029
VEN-01824,1,30,1,01/05/2024,02/07/2030
VEN-01825,1,23,5,01/08/2022,02/07/2030
VEN-01826,1,29,5,31/08/2017,01/08/2030
VEN-01827,3,27,7,31/12/2024,01/10/2030
VEN-01828,2,29,8,01/05/2020,31/12/2026
VEN-01829,0,25,3,02/03/2019,31/08/2029
VEN-01830,0,17,8,30/09/2020,31/12/2026
VEN-01831,0,33,6,30/01/2022,02/05/2027
VEN-01832,3,22,3,31/08/2016,01/04/2026
VEN-01833,3,22,4,31/10/2017,01/07/2025
VEN-01834,1,19,6,01/10/2017,31/08/2028
VEN-01835,3,22,3,31/12/2024,01/10/2025
VEN-01836,3,22,5,01/01/2016,01/06/2026
VEN-01837,2,27,3,30/11/2020,01/06/2026
VEN-01838,0,26,3,31/01/2019,31/10/2028
VEN-01839,2,27,3,02/03/2022,01/03/2028
VEN-01840,2,21,3,01/03/2020,01/10/2030
VEN-01841,1,30,4,31/10/2018,30/01/2029
VEN-01842,0,35,2,01/08/2020,02/05/2026
VEN-01843,1,34,3,01/04/2020,01/10/2026
VEN-01844,0,26,6,01/06/2022,01/08/2026
VEN-01845,3,30,3,01/01/2016,01/12/2027
VEN-01846,3,30,4,01/03/2024,31/10/2025
VEN-01847,1,28,2,01/04/2022,01/10/2027
VEN-01848,2,37,4,31/08/2017,31/01/2027
VEN-01849,0,31,7,02/03/2021,01/12/2025
VEN-01850,4,24,5,01/12/2025,02/05/2030
VEN-01851,2,29,7,30/11/2024,02/04/2027
VEN-01852,1,26,2,30/01/2017,01/06/2025
VEN-01853,2,23,4,31/01/2016,01/07/2029
VEN-01854,1,29,7,02/05/2023,30/11/2028
VEN-01855,2,16,3,01/11/2023,02/05/2027
VEN-01856,0,41,3,01/08/2023,02/07/2027
VEN-01857,0,31,3,31/10/2016,01/06/2026
VEN-01858,1,25,3,01/12/2025,31/01/2027
VEN-01859,2,38,3,31/12/2024,01/04/2026
VEN-01860,0,30,3,02/05/2022,01/04/2026
VEN-01861,3,29,2,01/03/2016,02/07/2027
VEN-01862,1,29,7,30/01/2025,30/01/2030
VEN-01863,6,26,3,31/08/2022,01/04/2026
VEN-01864,3,33,4,31/01/2024,31/12/2029
VEN-01865,0,24,2,31/08/2022,30/01/2030
VEN-01866,2,16,2,31/01/2019,01/07/2025
VEN-01867,1,21,4,01/01/2024,01/12/2026
VEN-01868,6,27,1,31/10/2021,01/08/2028
VEN-01869,1,24,2,01/05/2024,01/04/2026
VEN-01870,4,21,3,31/10/2025,01/09/2027
VEN-01871,1,31,2,31/12/2020,02/05/2029
VEN-01872,3,31,4,01/10/2022,01/05/2025
VEN-01873,4,28,6,02/07/2018,31/12/2028
VEN-01874,1,34,8,01/12/2025,31/01/2027
VEN-01875,1,32,4,01/07/2025,31/10/2029
VEN-01876,2,19,7,31/10/2016,02/05/2026
VEN-01877,2,34,5,31/08/2021,02/05/2029
VEN-01878,1,27,2,01/05/2017,31/08/2029
VEN-01879,2,29,4,30/11/2024,01/11/2027
VEN-01880,2,42,5,01/06/2022,01/11/2027
VEN-01881,2,29,4,31/12/2018,01/08/2027
VEN-01882,2,32,5,01/08/2023,01/12/2029
VEN-01883,7,25,8,01/10/2023,01/09/2027
VEN-01884,1,28,3,30/11/2024,31/10/2030
VEN-01885,3,21,1,02/07/2022,02/03/2026
VEN-01886,5,32,7,01/12/2018,01/08/2027
VEN-01887,2,25,6,31/12/2022,01/06/2028
VEN-01888,4,22,2,30/09/2024,01/07/2028
VEN-01889,3,31,3,01/09/2019,01/12/2027
VEN-01890,0,26,3,02/04/2019,01/12/2030
VEN-01891,1,32,5,31/10/2021,31/01/2028
VEN-01892,3,26,4,02/05/2023,01/04/2026
VEN-01893,2,24,6,01/09/2018,02/07/2027
VEN-01894,1,32,4,01/09/2018,01/08/2025
VEN-01895,5,31,3,31/12/2019,31/12/2026
VEN-01896,1,25,1,31/12/2021,31/12/2027
VEN-01897,0,17,2,30/11/2020,01/10/2025
VEN-01898,0,24,2,01/08/2024,31/01/2028
VEN-01899,0,22,5,01/12/2025,01/08/2026
VEN-01900,1,21,2,02/03/2023,31/08/2030
VEN-01901,1,26,5,30/09/2020,30/01/2026
VEN-01902,0,29,5,31/01/2019,01/12/2027
VEN-01903,0,22,4,01/08/2023,02/05/2026
VEN-01904,3,20,3,31/01/2019,01/11/2027
VEN-01905,1,31,3,01/12/2022,31/01/2028
VEN-01906,0,29,4,31/12/2019,01/03/2028
VEN-01907,2,24,5,31/10/2024,31/12/2027
VEN-01908,2,23,4,01/10/2022,01/11/2027
VEN-01909,1,28,3,01/01/2024,01/12/2026
VEN-01910,0,22,2,01/08/2019,02/07/2030
VEN-01911,4,19,6,31/10/2018,31/12/2028
VEN-01912,1,32,2,01/07/2025,31/10/2028
VEN-01913,2,27,6,31/12/2021,01/09/2027
VEN-01914,1,21,5,01/12/2019,31/10/2029
VEN-01915,2,27,6,01/08/2018,01/04/2029
VEN-01916,1,22,4,02/03/2018,02/03/2026
VEN-01917,1,26,5,01/04/2018,01/10/2027
VEN-01918,0,22,4,01/08/2024,02/05/2030
VEN-01919,3,30,4,01/08/2019,02/05/2030
VEN-01920,3,27,5,31/10/2017,31/10/2030
VEN-01921,0,29,6,01/06/2020,01/08/2029
VEN-01922,1,23,4,30/11/2016,31/10/2030
VEN-01923,3,23,6,01/10/2017,01/10/2026
VEN-01924,0,25,2,01/05/2016,01/12/2030
VEN-01925,0,32,3,01/07/2016,01/10/2030
VEN-01926,1,20,8,31/08/2025,02/05/2029
VEN-01927,0,33,4,31/12/2021,02/03/2029
VEN-01928,0,34,1,31/12/2016,02/03/2029
VEN-01929,1,30,6,02/03/2025,01/12/2025
VEN-01930,4,25,4,01/05/2025,31/08/2025
VEN-01931,2,24,2,02/03/2023,01/09/2026
VEN-01932,1,30,6,02/03/2022,01/12/2026
VEN-01933,2,29,2,01/10/2019,31/08/2025
VEN-01934,1,23,4,01/07/2020,31/10/2029
VEN-01935,3,24,5,01/08/2018,01/07/2025
VEN-01936,1,25,5,01/10/2023,02/05/2027
VEN-01937,2,34,3,02/03/2021,01/12/2025
VEN-01938,4,28,2,02/07/2022,31/10/2028
VEN-01939,2,34,1,30/11/2016,01/10/2030
VEN-01940,2,16,6,30/11/2016,31/08/2028
VEN-01941,3,31,2,01/10/2017,01/07/2028
VEN-01942,0,25,5,01/03/2024,31/08/2028
VEN-01943,1,31,3,31/12/2024,31/10/2026
VEN-01944,2,27,4,01/08/2020,01/06/2027
VEN-01945,1,19,6,01/12/2018,31/01/2027
VEN-01946,0,27,6,31/08/2017,01/06/2030
VEN-01947,2,23,3,31/12/2017,01/06/2027
VEN-01948,5,32,7,01/08/2023,01/10/2026
VEN-01949,3,25,3,02/07/2022,01/03/2028
VEN-01950,1,19,4,01/08/2016,01/10/2029
VEN-01951,3,34,3,01/12/2018,01/06/2027
VEN-01952,0,28,3,01/03/2016,01/06/2025
VEN-01953,1,32,3,01/10/2023,01/09/2027
VEN-01954,1,36,5,02/05/2023,30/01/2030
VEN-01955,1,25,5,01/06/2019,01/04/2030
VEN-01956,1,24,1,01/04/2021,31/08/2029
VEN-01957,4,25,6,01/03/2016,01/05/2028
VEN-01958,2,25,5,31/10/2025,01/12/2030
VEN-01959,2,34,5,01/10/2019,01/12/2025
VEN-01960,1,27,3,01/05/2016,31/12/2025
VEN-01961,1,23,3,31/08/2020,01/06/2029
VEN-01962,3,38,4,01/08/2024,01/12/2029
VEN-01963,2,34,7,01/05/2025,02/07/2026
VEN-01964,2,33,3,31/08/2021,31/01/2027
VEN-01965,2,21,4,02/05/2018,01/08/2026
VEN-01966,0,30,4,02/04/2019,01/10/2026
VEN-01967,0,27,3,30/11/2024,01/06/2025
VEN-01968,1,25,4,01/06/2019,02/07/2026
VEN-01969,2,29,8,31/10/2016,01/04/2029
VEN-01970,1,28,6,01/06/2019,01/06/2029
VEN-01971,1,31,3,02/05/2023,02/05/2030
VEN-01972,0,29,4,01/10/2025,01/10/2030
VEN-01973,4,21,6,01/05/2020,02/07/2026
VEN-01974,1,28,8,01/08/2018,31/12/2028
VEN-01975,0,34,5,01/04/2017,01/08/2027
VEN-01976,0,19,3,02/07/2018,31/10/2026
VEN-01977,4,19,5,02/05/2021,01/04/2029
VEN-01978,1,23,4,01/07/2020,01/08/2027
VEN-01979,0,22,3,01/01/2024,30/09/2028
VEN-01980,1,28,3,01/09/2018,01/09/2026
VEN-01981,4,29,5,02/05/2019,01/10/2027
VEN-01982,2,30,4,01/12/2025,31/08/2025
VEN-01983,3,26,5,01/12/2022,01/07/2025
VEN-01984,2,24,4,01/05/2024,31/08/2029
VEN-01985,1,27,3,01/04/2016,01/06/2030
VEN-01986,1,27,2,01/04/2025,01/12/2025
VEN-01987,1,22,3,30/09/2020,02/03/2029
VEN-01988,1,36,2,31/10/2022,31/12/2028
VEN-01989,3,26,8,31/08/2016,01/12/2026
VEN-01990,3,24,1,01/12/2023,01/10/2027
VEN-01991,2,22,6,01/07/2016,31/12/2026
VEN-01992,1,24,2,31/01/2024,01/10/2025
VEN-01993,1,18,3,01/08/2025,31/12/2029
VEN-01994,1,19,4,01/10/2021,31/12/2026
VEN-01995,3,26,3,31/12/2020,01/05/2028
VEN-01996,2,20,6,01/10/2019,01/10/2025
VEN-01997,3,22,7,30/09/2020,01/07/2025
VEN-01998,0,26,3,01/07/2020,30/11/2028
VEN-01999,2,27,2,01/12/2022,01/09/2027
VEN-02000,0,23,2,01/08/2017,02/03/2029
VEN-02001,3,32,5,01/07/2020,02/05/2030
VEN-02002,2,22,3,31/12/2021,01/06/2030
VEN-02003,3,31,8,02/03/2025,01/10/2025
VEN-02004,1,24,3,01/12/2021,01/12/2026
VEN-02005,2,24,6,01/08/2021,02/07/2026
VEN-02006,3,30,5,31/10/2025,02/05/2026
VEN-02007,3,25,7,01/12/2017,01/12/2027
VEN-02008,2,22,9,02/05/2018,31/12/2027
VEN-02009,3,28,8,01/08/2023,31/10/2030
VEN-02010,2,35,5,01/12/2019,31/12/2029
VEN-02011,5,32,4,01/08/2024,31/08/2025
VEN-02012,0,32,4,31/08/2024,01/08/2028
VEN-02013,2,22,6,02/04/2019,01/08/2026
VEN-02014,0,43,3,31/01/2024,01/10/2030
VEN-02015,4,34,7,30/09/2016,01/10/2026
VEN-02016,3,20,4,01/04/2024,31/10/2025
VEN-02017,2,28,3,01/06/2019,31/08/2030
VEN-02018,0,29,2,01/12/2021,01/06/2029
VEN-02019,2,17,2,02/03/2025,02/05/2029
VEN-02020,2,22,2,01/08/2025,30/01/2029
VEN-02021,4,25,5,01/08/2024,01/07/2029
VEN-02022,1,17,4,02/03/2018,01/09/2026
VEN-02023,2,33,5,31/01/2016,02/03/2029
VEN-02024,0,22,4,01/10/2022,02/07/2026
VEN-02025,1,24,9,02/04/2023,02/07/2030
VEN-02026,4,28,5,30/09/2016,02/07/2027
VEN-02027,5,29,4,01/12/2021,31/08/2030
VEN-02028,2,29,3,02/04/2023,02/03/2027
VEN-02029,5,23,4,01/06/2020,02/05/2026
VEN-02030,0,23,4,02/05/2022,02/04/2027
VEN-02031,3,25,4,01/12/2022,01/07/2028
VEN-02032,0,41,2,30/09/2016,01/06/2029
VEN-02033,1,33,4,01/09/2018,01/06/2025
VEN-02034,2,29,6,01/04/2024,31/10/2025
VEN-02035,1,35,3,31/12/2019,01/12/2026
VEN-02036,2,25,4,01/07/2017,01/08/2029
VEN-02037,3,24,3,30/01/2021,01/12/2026
VEN-02038,2,25,5,01/06/2024,01/03/2028
VEN-02039,0,24,6,30/01/2021,31/12/2030
VEN-02040,1,28,4,31/12/2020,02/05/2026
VEN-02041,4,30,4,01/12/2023,01/06/2026
VEN-02042,0,29,4,01/04/2017,02/03/2029
VEN-02043,2,24,11,01/08/2025,01/10/2029
VEN-02044,2,25,5,01/05/2024,01/06/2027
VEN-02045,5,30,3,30/11/2024,01/06/2026
VEN-02046,4,21,5,01/08/2025,30/01/2026
VEN-02047,3,23,5,31/01/2023,01/12/2030
VEN-02048,1,26,3,01/08/2023,31/08/2028
VEN-02049,4,27,3,31/10/2017,02/07/2027
VEN-02050,2,30,2,02/05/2023,02/03/2027
VEN-02051,2,41,2,02/07/2023,02/03/2026
VEN-02052,4,19,6,01/12/2021,01/12/2026
VEN-02053,1,24,4,30/01/2025,01/10/2029
VEN-02054,2,28,4,02/07/2018,31/12/2027
VEN-02055,0,38,2,31/10/2017,02/07/2030
VEN-02056,1,22,5,01/07/2025,01/04/2028
VEN-02057,0,28,3,01/08/2019,30/09/2028
VEN-02058,3,30,2,01/04/2020,02/05/2029
VEN-02059,0,37,6,01/03/2016,02/05/2026
VEN-02060,2,29,3,01/09/2018,31/01/2028
VEN-02061,2,23,5,30/11/2016,01/04/2030
VEN-02062,0,27,6,01/12/2017,01/05/2028
VEN-02063,1,25,3,01/11/2019,01/10/2026
VEN-02064,0,27,5,01/05/2016,01/08/2028
VEN-02065,1,24,4,01/11/2019,30/01/2029
VEN-02066,0,26,6,31/08/2017,01/08/2030
VEN-02067,4,30,7,01/07/2021,31/08/2029
VEN-02068,2,22,3,30/11/2024,31/10/2025
VEN-02069,3,24,3,02/05/2019,31/08/2028
VEN-02070,3,25,5,01/03/2024,30/01/2029
VEN-02071,1,29,4,30/11/2020,01/08/2029
VEN-02072,1,31,11,01/10/2018,01/07/2025
VEN-02073,1,32,4,01/04/2017,01/12/2026
VEN-02074,0,22,2,01/11/2023,01/10/2026
VEN-02075,2,32,3,31/12/2016,01/06/2026
VEN-02076,0,37,2,02/07/2023,31/10/2029
VEN-02077,1,22,2,30/01/2018,01/12/2027
VEN-02078,3,27,2,01/07/2017,02/05/2027
VEN-02079,2,26,4,01/06/2019,01/06/2028
VEN-02080,4,28,9,02/05/2021,01/06/2025
VEN-02081,3,29,4,31/01/2020,01/09/2026
VEN-02082,4,31,3,31/12/2021,01/04/2028
VEN-02083,3,30,4,30/11/2024,01/06/2026
VEN-02084,2,27,4,01/04/2021,01/11/2027
VEN-02085,1,39,4,01/10/2025,02/03/2027
VEN-02086,0,24,3,01/06/2023,01/08/2030
VEN-02087,2,31,3,31/01/2016,02/05/2030
VEN-02088,1,20,6,30/01/2025,01/10/2030
VEN-02089,1,30,6,01/06/2025,02/07/2027
VEN-02090,0,26,6,01/03/2016,01/12/2026
VEN-02091,2,29,5,01/09/2018,01/04/2028
VEN-02092,3,23,5,31/12/2022,31/12/2029
VEN-02093,2,31,5,31/10/2024,01/12/2029
VEN-02094,1,23,5,31/10/2020,01/04/2028
VEN-02095,2,27,4,01/07/2016,01/07/2028
VEN-02096,2,32,3,01/05/2025,01/06/2028
VEN-02097,3,23,2,01/01/2016,31/12/2027
VEN-02098,0,31,5,01/07/2024,01/12/2025
VEN-02099,2,23,5,01/04/2016,02/04/2027
VEN-02100,1,26,4,30/11/2024,30/01/2030
VEN-02101,2,34,7,02/05/2023,01/04/2030
VEN-02102,1,32,4,01/06/2025,30/09/2028
VEN-02103,0,33,8,01/07/2021,01/12/2030
VEN-02104,2,24,4,01/06/2019,01/10/2030
VEN-02105,1,31,3,01/08/2024,01/03/2028
VEN-02106,4,29,6,01/10/2025,31/10/2029
VEN-02107,1,20,6,31/08/2024,02/07/2026
VEN-02108,1,27,4,01/06/2021,31/12/2027
VEN-02109,2,26,1,31/10/2020,01/09/2027
VEN-02110,4,18,2,02/05/2019,01/04/2030
VEN-02111,0,32,4,01/07/2016,01/09/2027
VEN-02112,5,30,3,02/05/2022,31/01/2027
VEN-02113,2,23,5,31/01/2020,02/07/2027
VEN-02114,1,17,3,01/06/2024,01/04/2030
VEN-02115,2,26,4,02/07/2022,31/10/2028
VEN-02116,1,27,7,01/10/2023,01/12/2025
VEN-02117,2,35,8,31/01/2024,01/06/2025
VEN-02118,2,29,3,01/06/2024,02/04/2027
VEN-02119,3,33,4,01/07/2025,31/12/2029
VEN-02120,3,31,6,31/12/2022,01/04/2030
VEN-02121,4,26,3,01/06/2025,02/03/2026
VEN-02122,1,29,7,01/06/2022,01/06/2025
VEN-02123,3,28,3,01/05/2025,31/10/2026
VEN-02124,3,30,2,31/12/2021,01/04/2030
VEN-02125,0,26,2,31/10/2017,01/10/2027
VEN-02126,3,30,3,01/10/2023,01/07/2025
VEN-02127,0,28,3,02/03/2025,01/03/2028
VEN-02128,3,28,4,01/08/2023,30/01/2029
VEN-02129,1,22,4,31/08/2021,31/10/2025
VEN-02130,1,25,1,01/08/2019,31/12/2028
VEN-02131,5,25,5,01/09/2019,01/12/2029
VEN-02132,2,38,6,01/10/2025,01/08/2025
VEN-02133,1,25,2,31/08/2016,01/08/2025
VEN-02134,1,33,3,01/08/2021,30/01/2030
VEN-02135,1,26,3,31/10/2022,31/12/2027
VEN-02136,1,24,3,31/08/2016,01/10/2025
VEN-02137,0,34,3,31/01/2024,30/01/2026
VEN-02138,6,28,7,02/05/2018,02/03/2030
VEN-02139,1,38,4,31/01/2016,01/04/2030
VEN-02140,1,31,6,31/08/2022,01/12/2030
VEN-02141,1,27,2,31/08/2021,01/04/2029
VEN-02142,1,25,7,01/07/2020,02/03/2029
VEN-02143,2,24,3,31/08/2017,02/07/2030
VEN-02144,2,35,3,01/03/2016,31/08/2030
VEN-02145,2,31,9,01/05/2020,01/06/2025
VEN-02146,3,25,5,31/10/2018,30/11/2028
VEN-02147,2,30,4,01/06/2017,31/08/2029
VEN-02148,2,27,3,31/01/2020,01/12/2030
VEN-02149,2,33,4,30/01/2018,01/08/2025
VEN-02150,3,20,2,01/05/2020,31/10/2029
VEN-02151,2,23,3,01/07/2020,01/07/2028
VEN-02152,0,29,3,31/12/2016,02/03/2029
VEN-02153,0,27,4,01/04/2022,31/12/2030
VEN-02154,0,24,3,01/01/2024,31/12/2030
VEN-02155,2,24,5,01/10/2018,02/05/2026
VEN-02156,1,23,5,01/03/2020,31/01/2028
VEN-02157,1,28,7,01/05/2020,01/09/2027
VEN-02158,1,32,4,01/06/2022,31/01/2028
VEN-02159,3,31,3,31/10/2018,01/09/2027
VEN-02160,3,24,5,01/04/2021,02/03/2030
VEN-02161,5,32,1,01/06/2019,01/06/2030
VEN-02162,3,20,4,01/08/2025,02/03/2029
VEN-02163,0,22,6,31/08/2016,31/12/2028
VEN-02164,3,27,3,31/12/2017,30/01/2026
VEN-02165,1,36,2,31/12/2020,02/04/2027
VEN-02166,1,27,4,31/01/2024,31/01/2027
VEN-02167,2,29,3,31/01/2016,01/12/2025
VEN-02168,1,27,2,01/05/2020,31/08/2028
VEN-02169,1,34,1,02/05/2021,31/12/2028
VEN-02170,1,24,2,30/09/2016,01/06/2025
VEN-02171,2,26,4,30/11/2016,01/12/2027
VEN-02172,2,21,5,01/06/2023,01/04/2028
VEN-02173,1,16,2,02/04/2019,01/12/2027
VEN-02174,3,25,2,31/08/2022,01/09/2026
VEN-02175,1,29,4,01/08/2025,01/06/2025
VEN-02176,2,20,6,01/12/2021,01/09/2026
VEN-02177,2,34,5,01/08/2023,31/12/2030
VEN-02178,1,30,4,01/07/2020,01/06/2030
VEN-02179,3,31,5,01/07/2021,02/05/2029
VEN-02180,1,34,5,01/09/2023,01/12/2026
VEN-02181,1,29,5,01/06/2021,01/06/2025
VEN-02182,2,26,5,01/08/2018,01/06/2030
VEN-02183,3,25,6,01/10/2019,01/10/2027
VEN-02184,1,30,4,01/09/2019,01/05/2028
VEN-02185,0,34,6,31/08/2024,31/10/2030
VEN-02186,4,26,4,31/12/2024,31/08/2030
VEN-02187,2,26,5,01/08/2019,01/07/2028
VEN-02188,3,26,2,31/10/2020,01/07/2029
VEN-02189,0,26,5,01/09/2019,01/07/2028
VEN-02190,2,31,2,02/05/2022,01/09/2027
VEN-02191,2,26,6,30/11/2024,01/09/2026
VEN-02192,0,34,5,01/06/2022,01/07/2025
VEN-02193,3,23,5,02/07/2019,31/08/2030
VEN-02194,2,28,5,01/03/2016,01/06/2030
VEN-02195,1,23,2,01/04/2020,01/08/2027
VEN-02196,1,30,3,01/12/2021,02/05/2029
VEN-02197,1,19,7,02/05/2022,01/12/2025
VEN-02198,1,26,4,01/10/2025,30/01/2026
VEN-02199,0,24,6,01/01/2024,01/04/2030
VEN-02200,2,29,3,01/06/2022,31/08/2030
VEN-02201,1,23,4,01/11/2019,31/10/2028
VEN-02202,3,25,7,31/12/2019,31/01/2028
VEN-02203,3,24,2,31/08/2022,31/12/2028
VEN-02204,0,30,3,31/08/2020,01/07/2025
VEN-02205,5,16,1,01/09/2023,02/03/2027
VEN-02206,1,28,8,02/03/2025,31/12/2026
VEN-02207,0,33,4,31/01/2023,01/05/2028
VEN-02208,2,27,4,01/04/2024,01/04/2030
VEN-02209,3,24,5,01/08/2020,01/10/2025
VEN-02210,4,36,9,01/04/2018,01/09/2027
VEN-02211,1,32,3,01/04/2024,31/08/2029
VEN-02212,1,20,2,01/12/2025,01/12/2029
VEN-02213,1,23,3,01/06/2025,01/04/2030
VEN-02214,1,32,5,01/09/2023,01/08/2027
VEN-02215,2,37,3,01/05/2024,01/10/2030
VEN-02216,1,32,1,01/03/2016,30/01/2026
VEN-02217,1,27,8,01/08/2023,31/12/2029
VEN-02218,1,30,5,01/06/2019,01/06/2026
VEN-02219,1,33,6,31/12/2018,02/03/2029
VEN-02220,2,26,4,02/07/2023,02/05/2030
VEN-02221,3,26,4,01/07/2024,01/04/2029
VEN-02222,3,28,1,01/01/2024,02/05/2026
VEN-02223,1,23,1,02/03/2017,02/05/2030
VEN-02224,2,29,4,31/10/2021,31/08/2030
VEN-02225,0,26,4,01/12/2025,31/01/2028
VEN-02226,1,23,9,02/07/2019,01/12/2026
VEN-02227,4,27,4,31/08/2021,31/12/2028
VEN-02228,3,31,4,01/04/2024,01/12/2030
VEN-02229,3,29,9,01/05/2024,31/10/2030
VEN-02230,4,27,4,02/07/2018,31/10/2025
VEN-02231,3,16,2,31/10/2022,30/01/2026
VEN-02232,1,31,2,01/07/2025,01/06/2028
VEN-02233,1,27,5,02/05/2018,01/04/2030
VEN-02234,4,23,4,01/01/2024,01/07/2025
VEN-02235,1,21,4,01/01/2016,01/04/2029
VEN-02236,0,29,4,31/01/2020,01/10/2026
VEN-02237,2,34,3,01/07/2020,31/12/2026
VEN-02238,4,33,3,01/12/2018,01/04/2030
VEN-02239,2,25,3,01/10/2023,01/12/2026
VEN-02240,0,33,3,02/04/2019,02/05/2026
VEN-02241,2,27,4,01/03/2024,31/10/2030
VEN-02242,1,34,2,02/05/2023,01/06/2030
VEN-02243,0,23,2,01/04/2020,01/08/2030
VEN-02244,4,22,2,30/01/2022,31/08/2028
VEN-02245,1,27,4,30/11/2016,31/10/2026
VEN-02246,0,27,4,01/08/2025,01/07/2029
VEN-02247,3,30,2,31/12/2024,31/08/2029
VEN-02248,3,22,3,01/12/2025,02/05/2027
VEN-02249,0,29,6,30/11/2016,31/08/2028
VEN-02250,1,38,4,31/10/2021,01/12/2030
VEN-02251,1,35,4,02/03/2017,01/08/2028
VEN-02252,2,23,8,01/07/2020,30/01/2030
VEN-02253,2,27,5,01/05/2017,01/07/2025
VEN-02254,2,26,4,01/10/2017,02/07/2030
VEN-02255,0,33,5,31/12/2024,31/10/2030
VEN-02256,4,18,3,01/05/2016,02/03/2026
VEN-02257,0,34,2,31/10/2020,01/10/2027
VEN-02258,3,22,4,31/12/2019,31/10/2026
VEN-02259,1,26,2,02/07/2023,01/07/2028
VEN-02260,1,28,4,31/10/2017,02/03/2030
VEN-02261,2,24,8,02/03/2025,02/05/2026
VEN-02262,3,34,5,31/08/2024,02/03/2029
VEN-02263,5,30,5,01/09/2023,31/12/2025
VEN-02264,1,27,1,31/10/2017,02/07/2027
VEN-02265,0,27,2,31/10/2017,01/06/2028
VEN-02266,7,29,6,01/06/2023,31/12/2027
VEN-02267,1,30,4,01/07/2020,31/12/2025
VEN-02268,0,19,6,31/10/2021,01/11/2027
VEN-02269,0,21,2,01/07/2020,02/04/2027
VEN-02270,1,27,4,01/10/2025,01/07/2028
VEN-02271,3,32,5,01/08/2021,02/03/2027
VEN-02272,5,30,6,01/04/2021,31/01/2028
VEN-02273,2,26,3,31/10/2025,01/10/2030
VEN-02274,3,30,4,01/06/2019,01/12/2027
VEN-02275,3,18,6,30/01/2022,01/07/2029
VEN-02276,0,28,5,01/06/2023,02/03/2027
VEN-02277,1,31,3,30/01/2018,02/03/2029
VEN-02278,2,28,4,31/10/2017,01/11/2027
VEN-02279,2,28,4,01/06/2023,31/10/2028
VEN-02280,4,25,2,31/08/2016,02/05/2026
VEN-02281,1,24,3,31/10/2025,30/01/2030
VEN-02282,2,15,4,01/04/2020,01/06/2026
VEN-02283,2,18,6,31/10/2018,01/04/2026
VEN-02284,3,22,8,02/07/2023,01/04/2029
VEN-02285,1,28,2,02/05/2022,31/12/2026
VEN-02286,5,39,3,01/12/2018,31/10/2030
VEN-02287,1,27,4,02/05/2022,01/04/2029
VEN-02288,3,32,2,31/12/2022,02/07/2026
VEN-02289,1,40,3,02/07/2019,01/12/2030
VEN-02290,1,32,2,01/05/2024,02/07/2030
VEN-02291,3,26,4,01/05/2020,31/12/2026
VEN-02292,3,22,2,31/01/2023,30/11/2028
VEN-02293,1,18,4,01/10/2022,01/11/2027
VEN-02294,3,27,1,01/08/2021,01/10/2030
VEN-02295,0,28,4,01/09/2018,31/10/2030
VEN-02296,1,23,4,01/09/2023,01/08/2027
VEN-02297,0,23,3,02/04/2019,02/07/2030
VEN-02298,2,21,5,01/08/2022,01/04/2029
VEN-02299,1,28,4,30/01/2017,31/10/2025
VEN-02300,2,27,2,31/12/2021,01/06/2028
VEN-02301,3,20,2,01/10/2021,02/07/2027
VEN-02302,2,27,3,01/06/2018,01/12/2030
VEN-02303,2,27,6,01/07/2025,01/06/2026
VEN-02304,4,35,3,01/06/2017,31/08/2025
VEN-02305,2,29,3,31/08/2022,30/01/2026
VEN-02306,2,25,4,01/10/2017,31/08/2025
VEN-02307,3,30,6,01/04/2022,01/03/2028
VEN-02308,0,26,6,01/01/2024,01/04/2030
VEN-02309,3,30,1,30/11/2024,01/03/2028
VEN-02310,3,18,5,31/10/2017,01/08/2025
VEN-02311,4,26,7,01/10/2025,01/04/2030
VEN-02312,2,23,3,01/08/2019,02/07/2030
VEN-02313,3,31,2,01/12/2019,31/08/2029
VEN-02314,2,38,7,01/08/2023,31/10/2025
VEN-02315,0,31,6,01/06/2018,01/08/2026
VEN-02316,0,21,5,02/03/2022,01/12/2025
VEN-02317,4,34,5,31/12/2017,30/01/2029
VEN-02318,2,23,2,02/07/2022,02/03/2027
VEN-02319,2,27,2,02/03/2018,01/08/2025
VEN-02320,2,38,3,01/08/2021,01/07/2029
VEN-02321,2,26,3,02/05/2021,01/08/2029
VEN-02322,3,17,6,01/07/2017,01/08/2028
VEN-02323,5,31,2,31/12/2024,01/04/2026
VEN-02324,0,32,3,31/10/2021,02/07/2030
VEN-02325,2,33,7,01/07/2025,01/08/2027
VEN-02326,3,21,5,01/06/2025,30/11/2028
VEN-02327,3,24,4,01/08/2024,01/05/2025
VEN-02328,1,28,4,01/08/2018,30/09/2028
VEN-02329,1,18,3,30/01/2018,01/06/2030
VEN-02330,2,23,2,30/01/2018,01/08/2028
VEN-02331,4,40,9,01/01/2016,01/12/2026
VEN-02332,4,26,5,01/04/2020,01/09/2027
VEN-02333,0,37,6,01/01/2024,31/10/2026
VEN-02334,0,20,4,02/03/2021,31/12/2028
VEN-02335,0,24,2,01/06/2020,01/05/2028
VEN-02336,2,34,3,01/04/2018,01/12/2030
VEN-02337,3,32,2,02/03/2021,01/06/2025
VEN-02338,1,21,6,01/10/2025,01/12/2030
VEN-02339,4,30,5,01/08/2017,01/12/2026
VEN-02340,3,27,4,31/01/2020,01/12/2025
VEN-02341,2,28,4,30/11/2024,01/10/2026
VEN-02342,3,24,6,01/06/2016,01/12/2027
VEN-02343,1,28,6,01/06/2021,01/08/2029
VEN-02344,1,25,5,31/12/2017,31/08/2028
VEN-02345,2,28,9,01/09/2018,01/08/2026
VEN-02346,5,27,8,02/03/2023,01/06/2029
VEN-02347,1,34,2,31/12/2016,01/07/2025
VEN-02348,2,29,5,30/09/2016,31/12/2026
VEN-02349,0,29,6,01/08/2016,31/10/2030
VEN-02350,1,27,3,01/12/2023,01/12/2030
VEN-02351,1,29,5,01/08/2024,31/01/2027
VEN-02352,3,28,5,01/07/2020,01/09/2027
VEN-02353,2,25,8,02/07/2023,02/05/2027
VEN-02354,2,25,2,01/10/2019,01/12/2026
VEN-02355,1,26,2,02/04/2019,01/06/2026
VEN-02356,1,28,4,01/08/2025,01/10/2029
VEN-02357,1,23,4,02/05/2018,31/12/2028
VEN-02358,3,22,4,31/08/2024,31/08/2028
VEN-02359,2,29,8,01/04/2020,01/10/2029
VEN-02360,2,27,3,01/07/2020,02/07/2030
VEN-02361,1,19,7,01/10/2025,02/03/2030
VEN-02362,4,27,2,01/03/2024,01/12/2025
VEN-02363,1,26,4,01/08/2020,31/08/2029
VEN-02364,0,32,7,01/10/2021,01/08/2025
VEN-02365,1,17,4,01/04/2021,01/06/2029
VEN-02366,1,28,3,01/12/2018,01/10/2030
VEN-02367,3,23,3,31/01/2019,31/08/2030
VEN-02368,3,26,2,01/09/2019,01/11/2027
VEN-02369,2,36,2,01/08/2018,31/10/2030
VEN-02370,3,30,4,01/04/2017,02/07/2026
VEN-02371,5,26,7,01/11/2023,01/08/2030
VEN-02372,4,23,4,30/09/2016,01/08/2029
VEN-02373,3,30,1,01/04/2021,31/10/2029
VEN-02374,3,31,4,31/08/2016,31/12/2030
VEN-02375,2,32,3,01/08/2019,31/08/2029
VEN-02376,1,26,2,31/12/2021,31/12/2030
VEN-02377,2,35,6,01/07/2025,01/11/2027
VEN-02378,4,20,4,30/09/2024,31/10/2030
VEN-02379,1,37,2,01/10/2019,31/12/2029
VEN-02380,8,24,4,02/04/2019,02/03/2026
VEN-02381,1,22,7,01/08/2024,01/06/2027
VEN-02382,1,28,3,30/09/2016,02/03/2030
VEN-02383,1,29,3,31/08/2022,31/10/2028
VEN-02384,4,29,8,01/04/2018,31/12/2025
VEN-02385,1,24,2,01/04/2018,30/09/2028
VEN-02386,2,35,3,31/12/2018,02/05/2027
VEN-02387,2,16,3,31/10/2016,01/12/2025
VEN-02388,1,29,3,01/12/2017,02/05/2026
VEN-02389,2,22,5,01/05/2024,02/07/2026
VEN-02390,2,25,9,31/10/2021,02/05/2027
VEN-02391,2,27,4,01/04/2020,01/06/2030
VEN-02392,1,25,4,30/11/2020,01/10/2026
VEN-02393,1,28,5,30/09/2020,02/05/2026
VEN-02394,2,33,4,01/01/2024,01/06/2030
VEN-02395,1,22,4,01/04/2016,31/01/2028
VEN-02396,3,27,10,02/04/2019,31/12/2030
VEN-02397,1,38,4,01/12/2017,31/01/2027
VEN-02398,4,24,6,02/07/2022,01/04/2026
VEN-02399,4,27,3,02/05/2019,01/04/2030
VEN-02400,2,26,5,02/04/2023,31/12/2025
VEN-02401,2,32,3,31/01/2020,01/07/2029
VEN-02402,2,23,3,01/06/2023,01/04/2026
VEN-02403,2,38,3,31/08/2016,02/03/2030
VEN-02404,1,28,5,31/10/2020,01/08/2028
VEN-02405,4,27,4,31/12/2020,30/01/2026
VEN-02406,0,28,4,01/08/2020,02/05/2030
VEN-02407,2,25,5,01/09/2023,01/12/2026
VEN-02408,3,20,5,31/08/2017,01/08/2029
VEN-02409,0,21,2,31/01/2023,02/05/2026
VEN-02410,3,39,3,31/10/2016,01/10/2027
VEN-02411,3,27,3,01/08/2017,01/10/2026
VEN-02412,5,27,6,31/10/2022,31/10/2030
VEN-02413,1,35,3,01/06/2020,01/12/2025
VEN-02414,2,26,3,31/08/2022,01/06/2028
VEN-02415,1,36,4,01/08/2024,31/10/2026
VEN-02416,1,34,4,02/03/2023,31/10/2029
VEN-02417,0,27,5,01/04/2017,01/07/2028
VEN-02418,1,22,2,01/12/2022,01/03/2028
VEN-02419,2,32,2,31/08/2016,01/12/2029
VEN-02420,1,36,4,01/09/2018,30/01/2029
VEN-02421,1,24,1,01/07/2021,30/01/2029
VEN-02422,2,21,4,01/09/2019,01/06/2027
VEN-02423,1,19,8,02/03/2017,01/09/2026
VEN-02424,4,28,2,02/03/2025,01/08/2025
VEN-02425,1,27,3,01/12/2017,01/07/2028
VEN-02426,2,21,3,01/04/2020,31/10/2028
VEN-02427,0,30,4,01/03/2016,01/09/2026
VEN-02428,3,32,2,01/07/2017,01/12/2026
VEN-02429,2,21,3,31/12/2016,01/08/2025
VEN-02430,1,27,2,01/05/2025,01/06/2028
VEN-02431,4,26,7,01/06/2021,01/10/2030
VEN-02432,0,22,3,30/11/2016,31/12/2028
VEN-02433,3,29,1,02/04/2023,31/08/2025
VEN-02434,1,27,5,01/06/2023,01/12/2027
VEN-02435,0,34,4,02/04/2019,01/08/2030
VEN-02436,1,21,3,31/08/2022,02/03/2026
VEN-02437,2,14,3,31/01/2020,31/10/2026
VEN-02438,1,17,1,31/12/2021,01/12/2029
VEN-02439,0,37,3,01/06/2021,02/03/2029
VEN-02440,1,33,7,01/07/2024,01/04/2026
VEN-02441,0,32,4,01/08/2017,01/05/2025
VEN-02442,2,32,4,31/12/2024,31/12/2025
VEN-02443,0,22,4,01/04/2024,01/07/2028
VEN-02444,0,30,4,01/08/2023,31/01/2027
VEN-02445,4,29,3,02/04/2023,02/05/2026
VEN-02446,4,22,6,01/12/2025,31/08/2025
VEN-02447,2,30,5,01/05/2016,31/10/2025
VEN-02448,0,34,6,01/03/2020,02/05/2027
VEN-02449,0,27,6,30/01/2021,01/08/2026
VEN-02450,1,28,4,01/08/2024,31/08/2029
VEN-02451,4,33,9,01/08/2019,31/08/2029
VEN-02452,0,20,2,31/12/2024,31/10/2029
VEN-02453,1,30,2,02/04/2023,01/06/2029
VEN-02454,0,23,8,01/05/2020,01/12/2027
VEN-02455,2,24,6,01/03/2016,02/05/2026
VEN-02456,4,30,4,31/12/2019,02/05/2026
VEN-02457,0,34,4,02/03/2021,31/10/2028
VEN-02458,4,25,5,02/05/2019,01/12/2030
VEN-02459,3,23,6,01/09/2018,01/07/2029
VEN-02460,1,28,4,30/11/2020,31/12/2029
VEN-02461,0,31,2,01/08/2022,30/01/2030
VEN-02462,0,30,1,30/01/2017,01/05/2025
VEN-02463,2,33,3,01/12/2022,02/07/2030
VEN-02464,3,28,3,30/09/2024,30/09/2028
VEN-02465,0,28,5,31/12/2022,01/04/2030
VEN-02466,3,27,2,30/01/2018,01/10/2030
VEN-02467,0,32,4,02/03/2025,31/12/2025
VEN-02468,5,38,5,31/10/2021,31/08/2030
VEN-02469,5,30,6,01/08/2025,01/06/2028
VEN-02470,3,25,4,30/11/2016,01/08/2027
VEN-02471,3,28,5,31/08/2022,31/10/2030
VEN-02472,2,35,2,01/08/2023,31/10/2028
VEN-02473,3,26,2,31/12/2018,31/12/2028
VEN-02474,5,30,1,01/07/2016,31/10/2028
VEN-02475,2,27,4,01/06/2025,30/11/2028
VEN-02476,3,25,3,01/04/2017,01/07/2029
VEN-02477,2,24,3,31/12/2021,02/05/2027
VEN-02478,5,44,1,01/04/2024,31/08/2030
VEN-02479,1,25,4,01/04/2025,02/03/2029
VEN-02480,2,22,6,01/08/2021,31/12/2027
VEN-02481,1,17,6,01/08/2023,01/05/2028
VEN-02482,2,26,3,02/07/2023,31/08/2025
VEN-02483,0,31,4,31/01/2024,31/10/2025
VEN-02484,1,18,6,01/07/2024,01/06/2029
VEN-02485,3,30,4,30/01/2018,02/07/2027
VEN-02486,3,24,3,30/01/2022,01/10/2030
VEN-02487,2,22,3,01/12/2017,01/10/2027
VEN-02488,0,28,5,01/08/2020,02/05/2030
VEN-02489,1,29,6,02/03/2025,01/06/2029
VEN-02490,1,31,4,01/12/2021,01/06/2025
VEN-02491,1,34,3,30/01/2025,02/04/2027
VEN-02492,3,31,4,31/08/2022,02/05/2030
VEN-02493,2,31,8,01/10/2017,31/10/2029
VEN-02494,3,39,2,31/08/2022,02/03/2026
VEN-02495,2,19,5,01/08/2023,01/08/2026
VEN-02496,3,35,2,01/05/2024,01/12/2030
VEN-02497,2,37,2,31/08/2024,31/12/2027
VEN-02498,2,33,6,01/10/2023,01/08/2029
VEN-02499,2,23,3,31/10/2016,31/01/2028
VEN-02500,3,34,4,31/08/2020,31/12/2025
VEN-02501,3,31,3,02/03/2018,01/07/2028
VEN-02502,3,18,4,01/05/2024,31/10/2025
VEN-02503,2,27,1,01/11/2019,01/08/2030
VEN-02504,3,37,4,31/08/2017,01/12/2026
VEN-02505,4,36,4,02/03/2018,30/01/2030
VEN-02506,1,29,4,01/08/2018,01/08/2026
VEN-02507,2,22,4,01/06/2018,01/10/2025
VEN-02508,2,22,2,31/01/2016,01/05/2025
VEN-02509,1,26,4,30/01/2022,01/12/2025
VEN-02510,1,31,3,01/10/2022,01/06/2030
VEN-02511,3,29,5,31/12/2024,31/10/2025
VEN-02512,1,27,2,01/03/2024,31/12/2025
VEN-02513,1,33,5,01/12/2021,01/08/2026
VEN-02514,0,28,3,02/03/2025,31/12/2030
VEN-02515,4,20,2,01/06/2018,31/12/2029
VEN-02516,2,30,6,02/07/2022,31/10/2026
VEN-02517,0,21,4,01/10/2022,01/10/2027
VEN-02518,4,26,6,30/09/2016,01/08/2028
VEN-02519,2,26,3,01/05/2025,01/12/2026
VEN-02520,2,20,8,31/01/2020,02/05/2029
VEN-02521,0,27,3,31/12/2019,31/10/2026
VEN-02522,2,27,4,01/05/2016,31/12/2026
VEN-02523,0,23,6,31/10/2021,01/08/2030
VEN-02524,4,32,7,31/10/2016,01/12/2027
VEN-02525,2,22,4,02/03/2019,01/08/2030
VEN-02526,1,28,3,02/03/2022,01/10/2029
VEN-02527,3,28,5,31/08/2020,31/01/2027
VEN-02528,0,30,4,01/08/2021,31/08/2025
VEN-02529,4,27,3,01/12/2019,02/03/2026
VEN-02530,2,25,3,31/12/2022,02/05/2027
VEN-02531,2,28,4,31/08/2022,01/08/2029
VEN-02532,3,25,5,02/07/2018,31/10/2029
VEN-02533,2,32,8,01/03/2016,01/08/2027
VEN-02534,0,29,6,01/04/2020,02/03/2027
VEN-02535,1,19,3,31/08/2022,01/06/2029
VEN-02536,5,27,1,01/05/2025,31/08/2025
VEN-02537,0,23,4,01/08/2016,01/08/2027
VEN-02538,2,31,5,30/09/2016,02/05/2026
VEN-02539,5,23,5,01/12/2023,02/03/2029
VEN-02540,2,26,6,30/01/2018,02/03/2029
VEN-02541,0,25,4,02/03/2019,02/03/2030
VEN-02542,2,26,6,31/08/2016,31/10/2030
VEN-02543,0,25,4,30/11/2020,02/07/2026
VEN-02544,2,27,2,02/07/2023,01/08/2026
VEN-02545,2,29,4,02/07/2022,01/09/2027
VEN-02546,0,23,7,01/06/2018,01/04/2028
VEN-02547,2,24,6,01/12/2023,01/07/2029
VEN-02548,1,20,3,01/08/2019,01/09/2026
VEN-02549,3,40,6,31/08/2017,01/07/2028
VEN-02550,2,29,2,30/09/2024,01/08/2030
VEN-02551,4,32,6,31/08/2020,31/08/2025
VEN-02552,3,20,7,02/05/2023,02/07/2030
VEN-02553,0,23,7,31/12/2020,02/05/2026
VEN-02554,2,32,1,01/01/2024,02/07/2027
VEN-02555,2,27,2,01/10/2022,02/03/2026
VEN-02556,2,19,4,01/06/2024,01/07/2025
VEN-02557,2,30,5,31/12/2021,01/12/2026
VEN-02558,2,26,4,02/07/2019,30/09/2028
VEN-02559,5,28,2,01/12/2022,01/06/2027
VEN-02560,1,29,9,01/05/2017,30/11/2028
VEN-02561,1,32,4,01/12/2019,01/07/2029
VEN-02562,0,19,6,31/01/2016,31/10/2028
VEN-02563,1,28,5,02/03/2019,02/03/2029
VEN-02564,4,22,1,01/11/2023,31/12/2026
VEN-02565,1,34,2,01/04/2020,01/12/2029
VEN-02566,2,33,4,02/04/2019,01/06/2025
VEN-02567,2,24,2,01/04/2021,02/03/2030
VEN-02568,0,19,7,02/03/2025,01/07/2025
VEN-02569,0,27,3,01/03/2024,30/11/2028
VEN-02570,2,30,8,01/08/2023,01/10/2029
VEN-02571,1,31,4,31/10/2021,02/07/2030
VEN-02572,3,32,3,01/07/2017,01/05/2028
VEN-02573,1,27,3,31/08/2025,01/12/2029
VEN-02574,1,27,5,01/08/2016,31/10/2026
VEN-02575,0,26,2,31/08/2020,31/12/2026
VEN-02576,3,29,4,01/04/2016,01/08/2030
VEN-02577,0,28,7,02/03/2019,01/06/2028
VEN-02578,4,25,4,02/05/2021,01/06/2030
VEN-02579,1,29,3,31/10/2024,01/04/2028
VEN-02580,0,25,3,01/08/2018,31/12/2029
VEN-02581,0,32,3,01/11/2019,02/05/2026
VEN-02582,3,29,2,01/04/2022,31/10/2028
VEN-02583,0,28,2,31/10/2017,02/07/2026
VEN-02584,2,30,2,01/12/2018,31/10/2028
VEN-02585,3,29,3,31/01/2023,02/03/2027
VEN-02586,3,35,6,01/06/2024,01/05/2028
VEN-02587,0,34,6,02/05/2019,02/07/2030
VEN-02588,3,23,2,30/09/2024,02/05/2026
VEN-02589,2,25,3,31/08/2020,01/07/2029
VEN-02590,0,32,7,31/01/2016,01/07/2029
VEN-02591,1,28,4,02/07/2018,31/01/2027
VEN-02592,1,35,2,31/10/2022,01/04/2028
VEN-02593,0,23,2,01/05/2016,02/07/2030
VEN-02594,2,21,8,31/12/2016,01/06/2028
VEN-02595,0,27,3,30/01/2021,30/01/2026
VEN-02596,4,33,5,01/10/2025,01/04/2029
VEN-02597,2,26,3,30/01/2017,01/12/2025
VEN-02598,3,32,6,31/08/2017,01/06/2027
VEN-02599,5,37,4,01/03/2016,30/01/2030
VEN-02600,1,22,5,01/08/2016,02/05/2029
VEN-02601,2,30,3,31/12/2020,02/03/2029
VEN-02602,0,24,4,31/10/2025,01/10/2026
VEN-02603,2,24,4,31/12/2021,01/06/2025
VEN-02604,1,24,2,30/01/2022,01/04/2030
VEN-02605,1,33,5,01/12/2022,01/09/2026
VEN-02606,3,31,1,01/12/2017,31/12/2030
VEN-02607,5,24,3,31/10/2017,31/01/2027
VEN-02608,2,36,5,01/12/2025,31/08/2028
VEN-02609,1,21,3,31/10/2016,02/05/2029
VEN-02610,2,29,7,01/12/2022,02/07/2027
VEN-02611,3,26,6,01/03/2024,31/10/2029
VEN-02612,1,27,5,01/06/2023,01/12/2026
VEN-02613,2,31,5,01/05/2025,01/11/2027
VEN-02614,1,26,3,01/08/2024,01/06/2030
VEN-02615,3,23,7,31/12/2022,31/01/2027
VEN-02616,4,20,6,30/01/2025,02/03/2027
VEN-02617,3,29,4,01/04/2024,31/10/2025
VEN-02618,1,26,1,02/07/2023,31/12/2029
VEN-02619,2,26,6,01/04/2018,31/08/2025
VEN-02620,1,36,4,01/01/2024,01/09/2027
VEN-02621,1,32,7,30/09/2016,01/12/2026
VEN-02622,1,28,8,01/04/2016,02/05/2030
VEN-02623,1,34,4,01/08/2022,31/12/2027
VEN-02624,1,32,4,01/10/2025,01/10/2027
VEN-02625,3,29,4,31/01/2023,01/05/2028
VEN-02626,1,28,3,31/08/2024,01/08/2028
VEN-02627,1,33,3,31/08/2025,01/08/2026
VEN-02628,2,20,3,01/12/2017,31/12/2025
VEN-02629,2,19,4,31/10/2024,02/05/2026
VEN-02630,0,25,9,02/05/2018,01/12/2030
VEN-02631,0,34,4,02/04/2019,01/08/2025
VEN-02632,1,32,5,01/04/2021,01/07/2028
VEN-02633,2,26,4,01/10/2022,01/08/2029
VEN-02634,1,33,5,30/01/2022,31/10/2028
VEN-02635,1,22,1,31/10/2022,31/12/2029
VEN-02636,4,30,2,02/07/2022,31/12/2025
VEN-02637,4,18,5,02/04/2023,02/07/2027
VEN-02638,3,28,6,01/04/2016,01/04/2029
VEN-02639,1,28,2,30/09/2016,01/08/2025
VEN-02640,3,28,4,01/04/2017,01/10/2027
VEN-02641,1,22,5,01/08/2017,31/10/2029
VEN-02642,3,23,3,02/05/2023,01/10/2027
VEN-02643,1,23,2,01/04/2017,31/10/2029
VEN-02644,0,22,5,02/05/2021,31/12/2027
VEN-02645,1,30,4,01/05/2024,01/12/2025
VEN-02646,4,22,4,02/07/2018,01/05/2028
VEN-02647,2,26,4,01/05/2016,01/09/2027
VEN-02648,3,27,4,01/10/2017,01/12/2029
VEN-02649,1,35,1,01/10/2025,30/01/2030
VEN-02650,5,36,7,30/09/2024,02/04/2027
VEN-02651,3,24,6,31/08/2024,02/07/2030
VEN-02652,4,29,3,01/06/2016,02/05/2030
VEN-02653,3,24,2,31/08/2020,31/01/2028
VEN-02654,2,30,3,01/10/2017,01/12/2025
VEN-02655,1,32,3,01/08/2024,01/06/2029
VEN-02656,2,26,2,30/11/2020,01/05/2028
VEN-02657,2,20,2,01/04/2022,30/01/2029
VEN-02658,1,31,3,30/11/2020,02/03/2029
VEN-02659,2,22,3,02/04/2019,31/08/2029
VEN-02660,2,30,3,30/11/2020,31/10/2030
VEN-02661,2,21,5,01/04/2025,02/03/2027
VEN-02662,1,21,5,31/10/2017,01/08/2027
VEN-02663,0,15,3,30/11/2016,02/05/2026
VEN-02664,3,25,5,01/07/2020,02/03/2029
VEN-02665,3,22,1,01/03/2024,02/05/2029
VEN-02666,2,14,4,31/10/2017,31/10/2029
VEN-02667,4,29,7,31/12/2019,02/03/2026
VEN-02668,2,30,2,01/05/2017,30/01/2030
VEN-02669,4,32,4,01/11/2019,30/09/2028
VEN-02670,2,32,5,01/12/2018,01/08/2030
VEN-02671,2,20,9,30/01/2018,01/05/2025
VEN-02672,0,31,3,01/07/2025,02/04/2027
VEN-02673,3,21,4,02/07/2023,01/10/2030
VEN-02674,5,22,6,01/07/2021,02/03/2030
VEN-02675,0,32,4,01/12/2018,31/12/2028
VEN-02676,2,24,6,01/06/2023,31/10/2030
VEN-02677,4,23,8,01/07/2021,31/12/2028
VEN-02678,2,26,5,01/07/2025,31/12/2027
VEN-02679,3,22,6,01/09/2019,31/10/2026
VEN-02680,3,34,7,02/07/2019,01/04/2029
VEN-02681,2,26,3,01/07/2020,01/05/2028
VEN-02682,1,25,5,31/10/2020,02/03/2027
VEN-02683,2,25,2,01/01/2016,02/03/2026
VEN-02684,4,22,4,01/05/2025,01/10/2026
VEN-02685,1,23,3,31/10/2018,01/04/2028
VEN-02686,2,21,8,01/10/2019,01/12/2026
VEN-02687,2,30,2,01/06/2021,31/08/2028
VEN-02688,3,25,3,31/01/2024,01/08/2025
VEN-02689,3,26,6,01/08/2016,02/04/2027
VEN-02690,1,23,5,01/08/2016,01/08/2028
VEN-02691,2,23,4,01/08/2022,01/07/2029
VEN-02692,0,28,4,31/12/2018,01/04/2030
VEN-02693,2,27,6,30/11/2024,30/01/2026
VEN-02694,1,23,5,01/12/2025,01/12/2026
VEN-02695,3,25,3,01/05/2016,31/12/2028
VEN-02696,0,24,2,01/04/2017,01/07/2025
VEN-02697,2,28,2,31/10/2025,01/06/2028
VEN-02698,2,27,3,01/05/2025,01/12/2026
VEN-02699,2,20,3,01/06/2024,01/04/2028
VEN-02700,0,25,3,31/10/2025,01/10/2029
VEN-02701,0,20,6,01/04/2022,01/04/2026
VEN-02702,2,24,3,31/12/2021,01/11/2027
VEN-02703,2,24,2,02/05/2019,01/08/2029
VEN-02704,1,24,2,01/06/2024,31/08/2029
VEN-02705,2,28,6,02/03/2017,31/12/2026
VEN-02706,1,32,5,01/10/2017,02/07/2026
VEN-02707,1,30,4,01/12/2018,01/09/2027
VEN-02708,2,27,6,01/07/2016,31/12/2028
VEN-02709,1,22,7,01/01/2024,02/05/2029
VEN-02710,2,21,4,30/01/2018,01/07/2029
VEN-02711,2,19,5,01/08/2021,31/12/2026
VEN-02712,1,32,5,01/04/2022,01/12/2029
VEN-02713,2,32,4,02/03/2019,31/10/2029
VEN-02714,2,27,7,31/12/2022,01/04/2029
VEN-02715,3,29,3,01/10/2025,01/08/2029
VEN-02716,2,17,3,02/07/2022,02/07/2030
VEN-02717,3,25,4,02/03/2018,31/12/2029
VEN-02718,3,27,6,30/01/2025,31/12/2025
VEN-02719,0,37,3,01/06/2017,31/08/2029
VEN-02720,3,35,4,30/11/2016,01/06/2028
VEN-02721,3,21,3,01/04/2021,01/10/2027
VEN-02722,2,25,6,02/07/2023,01/12/2027
VEN-02723,2,29,6,31/10/2017,01/04/2026
VEN-02724,2,26,2,01/06/2023,31/12/2030
VEN-02725,1,31,7,01/12/2023,01/08/2025
VEN-02726,3,23,5,31/10/2018,01/06/2028
VEN-02727,2,19,6,01/10/2022,01/08/2030
VEN-02728,1,24,3,01/10/2019,01/04/2029
VEN-02729,1,26,3,01/09/2023,01/10/2030
VEN-02730,2,21,3,01/05/2016,01/08/2030
VEN-02731,1,25,3,01/10/2023,01/06/2025
VEN-02732,0,32,8,01/03/2016,30/01/2026
VEN-02733,4,24,6,01/06/2018,01/12/2025
VEN-02734,3,30,6,01/10/2021,02/04/2027
VEN-02735,1,27,4,31/01/2019,01/08/2027
VEN-02736,2,27,3,30/09/2016,02/03/2027
VEN-02737,5,26,8,01/09/2019,02/03/2026
VEN-02738,2,26,6,01/06/2016,31/12/2025
VEN-02739,1,21,3,30/09/2016,01/03/2028
VEN-02740,2,27,3,01/06/2017,01/07/2028
VEN-02741,2,21,2,30/09/2016,31/12/2026
VEN-02742,2,22,4,31/08/2016,31/01/2027
VEN-02743,4,35,2,01/10/2025,01/03/2028
VEN-02744,3,26,3,31/12/2019,01/04/2026
VEN-02745,3,31,2,02/04/2019,02/03/2026
VEN-02746,2,24,9,31/10/2024,01/06/2025
VEN-02747,3,27,4,02/05/2019,02/05/2027
VEN-02748,0,28,2,01/05/2017,01/06/2025
VEN-02749,3,28,2,01/08/2018,02/05/2027
VEN-02750,3,27,6,01/12/2022,02/07/2027
VEN-02751,0,36,7,30/01/2021,01/10/2026
VEN-02752,1,18,3,31/08/2016,31/10/2028
VEN-02753,1,30,6,02/04/2023,02/03/2026
VEN-02754,2,28,5,30/09/2020,02/07/2026
VEN-02755,2,26,8,01/08/2017,01/10/2030
VEN-02756,0,23,2,30/01/2021,02/07/2030
VEN-02757,1,30,2,31/10/2024,01/12/2025
VEN-02758,2,27,3,31/08/2017,02/07/2026
VEN-02759,1,40,4,01/08/2022,01/08/2028
VEN-02760,2,25,3,30/01/2022,31/10/2026
VEN-02761,2,31,2,01/07/2017,01/04/2026
VEN-02762,2,26,12,30/11/2024,31/12/2026
VEN-02763,0,28,1,02/07/2018,31/12/2030
VEN-02764,1,26,5,30/01/2018,02/03/2026
VEN-02765,1,25,6,31/12/2016,31/10/2028
VEN-02766,1,26,3,31/01/2023,31/12/2030
VEN-02767,0,20,8,01/10/2025,31/12/2029
VEN-02768,2,24,3,01/07/2017,01/06/2029
VEN-02769,1,16,2,01/06/2024,31/12/2026
VEN-02770,2,32,3,31/10/2016,31/12/2026
VEN-02771,2,30,4,31/10/2018,30/09/2028
VEN-02772,1,42,4,31/12/2021,01/12/2030
VEN-02773,0,36,3,01/04/2022,02/05/2027
VEN-02774,1,34,2,02/04/2019,30/11/2028
VEN-02775,1,19,3,01/06/2017,01/12/2030
VEN-02776,0,30,6,01/10/2025,01/10/2029
VEN-02777,0,15,2,01/10/2025,31/10/2030
VEN-02778,7,24,2,31/12/2017,02/04/2027
VEN-02779,0,34,4,31/10/2021,02/03/2029
VEN-02780,1,25,2,02/05/2021,02/07/2026
VEN-02781,2,30,2,31/10/2025,01/07/2025
VEN-02782,3,25,3,02/05/2023,01/12/2027
VEN-02783,3,34,6,01/12/2019,31/10/2029
VEN-02784,2,25,5,02/03/2017,01/09/2027
VEN-02785,1,34,6,31/08/2024,31/10/2026
VEN-02786,1,32,7,31/10/2021,01/12/2030
VEN-02787,5,27,3,01/08/2018,01/08/2027
VEN-02788,1,27,2,01/10/2017,02/03/2026
VEN-02789,0,25,4,30/01/2021,02/05/2026
VEN-02790,0,34,4,01/10/2021,30/01/2026
VEN-02791,2,35,3,01/08/2017,01/12/2030
VEN-02792,5,23,3,01/07/2016,31/10/2028
VEN-02793,1,19,6,01/04/2018,01/06/2025
VEN-02794,3,24,10,02/04/2019,01/07/2028
VEN-02795,1,25,4,31/12/2018,01/09/2027
VEN-02796,5,29,2,02/04/2019,01/06/2028
VEN-02797,3,28,2,30/09/2020,01/04/2030
VEN-02798,1,23,2,30/09/2024,01/09/2027
VEN-02799,2,36,4,31/12/2016,31/12/2026
VEN-02800,3,28,2,02/07/2018,02/05/2027
VEN-02801,1,25,8,02/07/2022,02/05/2029
VEN-02802,0,27,3,30/09/2020,31/10/2025
VEN-02803,2,25,3,01/04/2025,31/10/2028
VEN-02804,2,27,6,01/10/2018,31/10/2029
VEN-02805,1,34,8,31/10/2021,31/12/2030
VEN-02806,1,28,7,01/04/2017,01/11/2027
VEN-02807,1,13,5,01/10/2023,31/12/2027
VEN-02808,0,24,5,01/12/2018,01/06/2030
VEN-02809,0,24,3,01/08/2022,01/12/2029
VEN-02810,4,26,3,31/12/2020,01/03/2028
VEN-02811,2,32,2,01/10/2022,02/07/2027
VEN-02812,1,27,4,01/06/2017,02/07/2030
VEN-02813,1,26,3,01/12/2023,01/09/2027
VEN-02814,2,29,7,01/08/2018,01/08/2030
VEN-02815,2,34,2,31/08/2025,01/11/2027
VEN-02816,2,20,5,02/05/2018,01/07/2028
VEN-02817,1,28,3,01/04/2021,01/05/2028
VEN-02818,2,22,2,31/10/2016,01/12/2029
VEN-02819,1,35,4,31/10/2021,01/10/2029
VEN-02820,1,36,6,01/08/2024,01/12/2025
VEN-02821,2,23,2,02/03/2019,30/01/2030
VEN-02822,3,34,7,31/12/2020,31/12/2025
VEN-02823,2,20,3,01/07/2025,31/12/2029
VEN-02824,2,16,5,30/09/2024,02/05/2029
VEN-02825,3,36,1,31/12/2020,31/08/2028
VEN-02826,0,25,3,02/07/2018,01/08/2025
VEN-02827,4,31,4,31/01/2016,02/03/2030
VEN-02828,0,30,4,31/08/2021,01/06/2029
VEN-02829,3,28,4,01/06/2016,31/08/2028
VEN-02830,3,29,4,01/10/2018,01/08/2026
VEN-02831,1,26,4,01/08/2020,01/10/2029
VEN-02832,1,25,6,30/09/2024,01/09/2026
VEN-02833,1,22,10,01/07/2017,01/11/2027
VEN-02834,2,31,4,01/10/2019,02/05/2027
VEN-02835,1,26,5,30/01/2018,01/09/2027
VEN-02836,3,27,4,31/10/2024,01/08/2030
VEN-02837,1,26,1,01/08/2016,01/10/2029
VEN-02838,0,21,5,01/06/2022,01/06/2029
VEN-02839,0,29,7,01/12/2021,01/04/2029
VEN-02840,1,22,5,01/08/2020,01/08/2029
VEN-02841,1,32,5,31/08/2025,01/07/2029
VEN-02842,2,25,3,31/01/2019,31/10/2029
VEN-02843,4,31,3,02/05/2023,01/08/2025
VEN-02844,2,31,4,30/11/2020,30/01/2030
VEN-02845,1,23,4,30/09/2020,31/01/2027
VEN-02846,0,25,6,01/09/2018,01/04/2026
VEN-02847,3,23,1,01/12/2017,01/06/2026
VEN-02848,6,25,3,01/04/2024,31/08/2030
VEN-02849,1,26,1,01/12/2017,30/01/2030
VEN-02850,3,30,4,02/07/2019,01/08/2027
VEN-02851,0,27,3,31/10/2016,02/07/2030
VEN-02852,2,29,3,30/01/2022,01/07/2028
VEN-02853,4,24,6,01/06/2020,02/03/2030
VEN-02854,1,28,8,01/06/2024,01/12/2029
VEN-02855,1,21,2,01/06/2022,01/10/2026
VEN-02856,4,33,4,01/06/2017,02/03/2030
VEN-02857,1,31,2,02/03/2018,31/10/2030
VEN-02858,0,22,5,01/03/2016,01/03/2028
VEN-02859,4,38,6,01/06/2017,02/03/2027
VEN-02860,1,27,3,01/08/2023,01/06/2028
VEN-02861,0,19,4,01/10/2022,02/03/2030
VEN-02862,1,29,4,01/06/2024,01/09/2027
VEN-02863,2,29,5,30/11/2020,01/08/2025
VEN-02864,3,26,5,02/05/2018,01/08/2025
VEN-02865,0,29,2,31/08/2017,31/08/2029
VEN-02866,1,30,3,31/01/2016,31/12/2028
VEN-02867,1,23,3,02/07/2022,01/08/2026
VEN-02868,2,30,8,01/10/2021,02/03/2029
VEN-02869,1,20,2,01/03/2020,31/01/2027
VEN-02870,0,32,5,30/01/2018,31/12/2027
VEN-02871,2,30,3,01/05/2016,02/07/2026
VEN-02872,2,23,3,01/07/2024,01/08/2025
VEN-02873,1,27,6,02/07/2022,02/07/2030
VEN-02874,3,37,3,01/09/2023,01/08/2028
VEN-02875,2,30,4,02/07/2023,31/10/2030
VEN-02876,0,27,4,01/08/2024,01/12/2025
VEN-02877,0,31,3,31/12/2019,01/08/2027
VEN-02878,0,28,3,02/05/2019,01/12/2027
VEN-02879,5,29,1,01/08/2021,01/07/2025
VEN-02880,1,22,1,31/01/2020,01/12/2029
VEN-02881,1,28,4,31/12/2018,31/12/2030
VEN-02882,2,30,3,02/05/2019,01/08/2026
VEN-02883,3,27,4,01/07/2016,02/05/2030
VEN-02884,0,26,6,01/04/2024,01/08/2030
VEN-02885,3,24,4,01/06/2016,01/09/2027
VEN-02886,1,24,5,02/03/2025,02/05/2029
VEN-02887,2,26,4,31/08/2025,01/11/2027
VEN-02888,4,35,6,01/08/2020,01/10/2026
VEN-02889,1,28,4,02/03/2021,01/12/2026
VEN-02890,0,30,3,31/08/2020,01/08/2026
VEN-02891,2,27,6,01/01/2016,31/12/2030
VEN-02892,0,31,5,01/10/2021,01/10/2025
VEN-02893,4,24,5,01/07/2017,01/11/2027
VEN-02894,3,31,5,02/03/2019,02/05/2030
VEN-02895,0,28,6,01/05/2025,01/03/2028
VEN-02896,0,33,3,01/10/2021,31/08/2025
VEN-02897,1,27,6,31/08/2024,01/06/2027
VEN-02898,0,26,3,01/06/2017,30/11/2028
VEN-02899,2,28,7,02/05/2022,31/12/2025
VEN-02900,1,24,7,02/03/2018,01/08/2029
VEN-02901,2,32,4,01/04/2025,30/01/2029
VEN-02902,3,25,6,01/08/2022,01/10/2026
VEN-02903,1,25,6,01/12/2017,31/10/2029
VEN-02904,1,27,5,31/12/2016,02/07/2027
VEN-02905,2,24,3,31/08/2025,02/07/2027
VEN-02906,4,26,2,31/12/2020,31/12/2026
VEN-02907,0,36,5,02/03/2017,02/07/2027
VEN-02908,0,25,3,02/05/2021,01/12/2029
VEN-02909,2,22,1,31/12/2022,01/06/2025
VEN-02910,1,28,3,01/10/2018,31/12/2030
VEN-02911,2,24,3,31/12/2017,31/08/2029
VEN-02912,0,28,6,01/06/2016,31/10/2030
VEN-02913,1,25,4,31/10/2016,30/01/2029
VEN-02914,4,33,8,31/08/2025,31/08/2025
VEN-02915,0,23,4,31/10/2017,31/08/2029
VEN-02916,0,27,6,01/03/2024,02/03/2029
VEN-02917,1,27,9,01/08/2017,31/12/2027
VEN-02918,5,33,3,01/12/2017,31/08/2028
VEN-02919,2,28,5,01/09/2023,02/04/2027
VEN-02920,2,27,6,01/07/2021,31/08/2030
VEN-02921,4,31,4,01/04/2018,01/06/2030
VEN-02922,3,28,5,01/05/2017,01/08/2028
VEN-02923,3,25,5,01/04/2017,01/10/2030
VEN-02924,1,30,5,01/06/2022,01/12/2027
VEN-02925,1,28,7,02/03/2025,02/07/2026
VEN-02926,1,27,8,01/03/2016,01/11/2027
VEN-02927,1,33,4,01/05/2017,01/08/2030
VEN-02928,1,24,6,01/11/2023,02/03/2030
VEN-02929,1,23,2,01/03/2020,01/06/2025
VEN-02930,3,29,5,01/07/2016,02/03/2029
VEN-02931,2,24,2,01/10/2022,01/12/2029
VEN-02932,1,29,7,30/01/2018,01/10/2025
VEN-02933,0,27,7,30/01/2021,01/07/2028
VEN-02934,0,30,3,01/04/2016,31/08/2030
VEN-02935,2,23,5,01/12/2021,01/06/2027
VEN-02936,0,27,1,01/05/2024,02/03/2029
VEN-02937,0,23,2,01/06/2016,02/07/2027
VEN-02938,1,25,9,01/06/2022,02/03/2026
VEN-02939,0,32,3,02/03/2023,01/08/2027
VEN-02940,2,25,6,01/01/2024,31/12/2027
VEN-02941,3,21,3,31/10/2021,01/10/2027
VEN-02942,3,24,3,31/08/2017,01/10/2026
VEN-02943,5,33,5,02/07/2022,01/10/2030
VEN-02944,1,24,4,02/04/2023,31/08/2028
VEN-02945,4,27,3,01/07/2021,31/12/2028
VEN-02946,0,30,1,31/08/2020,01/07/2028
VEN-02947,3,26,4,31/08/2017,02/05/2027
VEN-02948,2,27,2,01/01/2024,31/10/2030
VEN-02949,4,23,2,01/10/2022,01/09/2027
VEN-02950,1,25,2,01/12/2018,01/08/2025
VEN-02951,3,29,4,31/08/2021,01/11/2027
VEN-02952,1,18,7,02/07/2018,01/12/2027
VEN-02953,2,23,5,01/07/2021,02/07/2027
VEN-02954,2,25,5,31/10/2024,02/05/2026
VEN-02955,3,25,3,01/05/2017,31/01/2028
VEN-02956,1,35,2,31/01/2019,01/06/2025
VEN-02957,2,20,4,01/08/2024,02/05/2027
VEN-02958,5,29,6,01/05/2024,01/10/2029
VEN-02959,1,29,3,01/08/2022,01/06/2029
VEN-02960,3,22,4,01/06/2016,31/08/2029
VEN-02961,4,26,1,31/12/2022,02/03/2026
VEN-02962,3,34,3,02/03/2017,31/08/2030
VEN-02963,2,27,6,30/01/2021,02/05/2026
VEN-02964,2,29,3,01/12/2023,31/08/2028
VEN-02965,1,23,3,31/10/2024,31/10/2030
VEN-02966,0,34,6,01/08/2022,01/10/2026
VEN-02967,2,29,2,01/10/2023,31/10/2025
VEN-02968,3,26,6,31/12/2019,01/06/2027
VEN-02969,3,23,3,01/03/2016,01/05/2025
VEN-02970,4,29,6,01/12/2017,30/09/2028
VEN-02971,1,25,3,31/10/2022,01/10/2029
VEN-02972,2,30,3,01/07/2016,30/11/2028
VEN-02973,2,23,4,01/04/2016,01/10/2026
VEN-02974,1,26,8,01/10/2021,01/07/2025
VEN-02975,1,27,4,30/01/2021,31/01/2027
VEN-02976,4,29,3,30/01/2021,02/07/2030
VEN-02977,3,34,9,31/10/2021,01/06/2027
VEN-02978,0,27,3,01/06/2024,01/08/2030
VEN-02979,1,26,2,31/12/2016,31/10/2030
VEN-02980,3,34,7,02/07/2022,01/12/2029
VEN-02981,0,25,9,30/01/2025,01/09/2026
VEN-02982,2,27,4,01/01/2016,01/10/2026
VEN-02983,2,28,3,30/09/2024,30/01/2026
VEN-02984,1,25,3,01/08/2016,02/05/2027
VEN-02985,3,33,3,01/08/2024,31/01/2028
VEN-02986,2,33,7,31/10/2021,02/05/2029
VEN-02987,1,37,4,30/09/2020,31/08/2025
VEN-02988,3,24,6,01/10/2023,31/01/2027
VEN-02989,2,23,5,01/03/2020,02/05/2027
VEN-02990,0,22,7,01/04/2020,02/07/2027
VEN-02991,5,21,3,01/05/2017,31/08/2028
VEN-02992,1,20,8,01/10/2021,02/03/2029
VEN-02993,0,38,7,02/03/2017,01/10/2030
VEN-02994,1,32,5,01/06/2018,01/07/2025
VEN-02995,2,43,4,31/10/2017,01/04/2026
VEN-02996,2,24,3,01/09/2019,30/01/2026
VEN-02997,3,28,5,01/03/2024,01/12/2026
VEN-02998,5,29,6,02/05/2019,01/07/2025
VEN-02999,2,25,4,31/10/2018,02/07/2027
VEN-03000,3,19,3,01/04/2022,31/10/2026
VEN-03001,2,25,4,01/08/2019,01/05/2028
VEN-03002,1,28,3,01/10/2019,31/01/2028
VEN-03003,2,27,5,02/07/2019,30/01/2029
VEN-03004,1,26,6,31/01/2019,02/03/2030
VEN-03005,4,23,3,02/04/2019,01/12/2025
VEN-03006,1,30,5,02/07/2019,02/05/2026
VEN-03007,1,28,4,01/10/2022,01/06/2029
VEN-03008,0,27,7,31/12/2018,02/05/2027
VEN-03009,1,28,3,01/07/2024,02/07/2030
VEN-03010,0,28,3,30/01/2017,01/05/2025
VEN-03011,1,25,3,31/12/2017,01/12/2025
VEN-03012,0,31,3,02/04/2023,01/12/2027
VEN-03013,2,26,4,01/04/2025,01/03/2028
VEN-03014,3,22,6,01/06/2024,01/06/2025
VEN-03015,1,22,4,31/01/2019,31/01/2028
VEN-03016,2,27,4,01/08/2025,02/03/2027
VEN-03017,2,17,6,31/12/2024,30/11/2028
VEN-03018,3,23,2,01/12/2018,30/01/2030
VEN-03019,1,26,6,30/01/2021,31/08/2028
VEN-03020,5,29,4,01/08/2022,31/08/2030
VEN-03021,1,23,5,02/03/2023,01/07/2028
VEN-03022,3,20,6,30/11/2020,01/06/2027
VEN-03023,1,15,6,31/12/2022,01/12/2025
VEN-03024,3,25,4,01/04/2025,01/12/2026
VEN-03025,1,27,4,01/06/2021,02/05/2027
VEN-03026,0,35,5,31/08/2016,31/08/2029
VEN-03027,2,33,5,31/10/2020,31/12/2027
VEN-03028,1,25,7,31/01/2020,02/05/2029
VEN-03029,1,26,2,31/08/2022,30/01/2026
VEN-03030,4,29,4,30/09/2024,02/07/2027
VEN-03031,3,31,4,02/07/2018,31/10/2029
VEN-03032,5,22,1,01/12/2021,02/07/2030
VEN-03033,2,24,4,02/03/2025,01/06/2027
VEN-03034,2,30,4,31/10/2022,01/12/2027
VEN-03035,2,32,5,01/08/2025,31/10/2026
VEN-03036,3,21,5,01/04/2017,31/08/2030
VEN-03037,1,25,5,31/01/2016,01/12/2025
VEN-03038,1,22,2,02/03/2017,02/05/2030
VEN-03039,1,31,2,31/10/2017,02/03/2029
VEN-03040,0,26,5,30/01/2018,01/10/2030
VEN-03041,3,29,3,01/04/2021,02/03/2026
VEN-03042,0,28,5,30/01/2022,01/12/2025
VEN-03043,0,26,4,02/03/2025,02/05/2026
VEN-03044,3,27,5,01/07/2016,31/10/2026
VEN-03045,2,20,4,31/10/2025,01/08/2026
VEN-03046,6,27,3,02/03/2023,01/06/2027
VEN-03047,2,40,4,31/08/2021,31/10/2026
VEN-03048,2,33,4,02/05/2019,01/08/2029
VEN-03049,6,29,1,01/01/2016,31/10/2026
VEN-03050,1,27,6,30/09/2020,31/12/2026
VEN-03051,1,33,4,31/10/2017,02/03/2030
VEN-03052,0,26,6,01/08/2021,02/07/2026
VEN-03053,3,29,5,31/01/2016,02/05/2027
VEN-03054,6,29,5,31/01/2024,02/04/2027
VEN-03055,3,34,7,01/12/2021,01/12/2027
VEN-03056,1,18,2,01/08/2023,31/01/2027
VEN-03057,1,30,2,02/04/2023,31/08/2028
VEN-03058,2,26,2,01/10/2017,31/12/2029
VEN-03059,1,26,7,31/10/2018,31/12/2027
VEN-03060,1,23,4,02/04/2019,31/12/2030
VEN-03061,3,21,4,30/01/2025,31/12/2028
VEN-03062,6,26,5,31/08/2016,31/12/2026
VEN-03063,1,29,4,01/07/2016,31/10/2026
VEN-03064,3,25,2,02/03/2019,01/08/2025
VEN-03065,1,29,8,01/12/2021,01/05/2025
VEN-03066,2,22,5,01/05/2025,01/06/2029
VEN-03067,5,23,3,01/07/2021,31/08/2029
VEN-03068,4,39,4,31/10/2024,31/01/2028
VEN-03069,2,34,3,01/06/2019,02/03/2026
VEN-03070,2,28,3,01/10/2018,01/10/2027
VEN-03071,2,36,1,01/04/2025,01/07/2028
VEN-03072,0,20,1,01/06/2023,02/05/2027
VEN-03073,3,19,4,02/07/2019,01/03/2028
VEN-03074,1,35,5,02/07/2023,31/12/2027
VEN-03075,1,29,6,01/06/2017,31/12/2025
VEN-03076,2,25,3,01/12/2021,30/01/2026
VEN-03077,1,41,3,02/04/2019,01/08/2025
VEN-03078,1,27,3,02/07/2018,31/10/2028
VEN-03079,4,25,7,01/12/2019,02/05/2030
VEN-03080,3,32,2,01/08/2019,31/08/2030
VEN-03081,0,32,4,01/04/2020,31/12/2028
VEN-03082,1,23,7,01/01/2024,01/08/2030
VEN-03083,2,27,5,31/12/2022,01/06/2027
VEN-03084,0,26,3,31/12/2016,01/07/2029
VEN-03085,5,23,6,01/06/2022,01/04/2028
VEN-03086,1,22,6,01/04/2016,02/07/2027
VEN-03087,1,35,6,01/03/2020,01/04/2029
VEN-03088,4,30,5,31/12/2017,01/08/2030
VEN-03089,1,36,4,01/09/2023,31/12/2027
VEN-03090,0,29,5,01/01/2024,30/01/2029
VEN-03091,2,25,7,02/03/2022,01/08/2026
VEN-03092,2,18,1,31/12/2017,01/03/2028
VEN-03093,3,29,4,31/01/2019,30/01/2029
VEN-03094,4,25,3,30/09/2020,01/12/2026
VEN-03095,2,22,3,01/03/2024,31/10/2029
VEN-03096,4,28,3,31/08/2025,31/08/2029
VEN-03097,3,29,3,31/08/2024,02/03/2030
VEN-03098,3,25,4,02/04/2019,01/12/2029
VEN-03099,2,30,1,01/06/2016,31/10/2028
VEN-03100,0,18,2,01/03/2016,01/07/2028
VEN-03101,2,27,3,02/05/2018,01/10/2030
VEN-03102,1,28,4,31/08/2021,01/12/2026
VEN-03103,1,35,5,01/10/2018,01/08/2025
VEN-03104,2,22,1,01/05/2025,02/07/2027
VEN-03105,3,24,4,01/06/2022,01/10/2027
VEN-03106,2,24,4,01/09/2023,30/11/2028
VEN-03107,3,30,7,01/04/2016,30/01/2026
VEN-03108,1,16,2,01/05/2020,01/08/2026
VEN-03109,1,28,4,01/08/2016,01/08/2030
VEN-03110,1,19,3,30/01/2018,31/12/2027
VEN-03111,3,26,7,01/09/2018,01/12/2027
VEN-03112,1,21,3,31/01/2024,01/07/2025
VEN-03113,0,28,5,02/03/2025,01/07/2025
VEN-03114,1,30,5,01/10/2023,01/12/2029
VEN-03115,3,26,6,31/08/2017,30/11/2028
VEN-03116,2,21,5,30/09/2016,02/07/2027
VEN-03117,0,30,8,31/12/2018,01/08/2027
VEN-03118,1,29,5,02/03/2017,01/11/2027
VEN-03119,1,33,5,01/04/2025,01/12/2029
VEN-03120,2,27,2,31/10/2016,01/06/2030
VEN-03121,3,23,2,30/11/2024,01/10/2027
VEN-03122,1,17,4,01/03/2024,01/08/2027
VEN-03123,0,31,3,31/08/2017,01/09/2027
VEN-03124,1,22,2,31/08/2016,31/12/2027
VEN-03125,3,24,6,01/06/2024,31/12/2026
VEN-03126,2,27,3,01/08/2022,31/12/2026
VEN-03127,2,37,3,31/08/2017,01/12/2027
VEN-03128,1,25,5,30/09/2020,01/12/2029
VEN-03129,1,19,5,01/12/2021,01/12/2026
VEN-03130,1,27,8,01/06/2021,01/11/2027
VEN-03131,1,20,2,31/12/2022,01/10/2026
VEN-03132,2,31,5,01/03/2016,31/01/2028
VEN-03133,2,30,3,31/08/2020,01/12/2025
VEN-03134,2,29,2,02/05/2023,31/01/2028
VEN-03135,2,31,4,31/12/2016,02/05/2029
VEN-03136,2,28,4,01/06/2016,02/03/2029
VEN-03137,2,25,8,01/05/2025,30/11/2028
VEN-03138,4,25,3,01/05/2016,01/06/2028
VEN-03139,0,31,6,01/04/2016,30/09/2028
VEN-03140,2,28,4,30/09/2016,01/10/2027
VEN-03141,2,20,4,01/07/2024,31/08/2030
VEN-03142,1,29,4,01/06/2022,30/01/2029
VEN-03143,1,39,2,01/04/2017,31/12/2026
VEN-03144,1,28,4,02/03/2022,30/11/2028
VEN-03145,0,25,6,01/08/2021,02/03/2027
VEN-03146,2,30,7,01/12/2023,01/06/2029
VEN-03147,2,33,5,01/10/2021,02/05/2027
VEN-03148,1,29,5,02/03/2021,31/12/2027
VEN-03149,1,27,5,01/12/2021,01/08/2028
VEN-03150,1,30,6,02/07/2023,01/12/2030
VEN-03151,4,35,4,30/01/2025,01/06/2028
VEN-03152,1,30,3,01/09/2019,01/08/2028
VEN-03153,2,28,4,01/05/2025,01/08/2030
VEN-03154,3,30,5,01/04/2017,01/12/2029
VEN-03155,3,26,4,01/04/2025,01/07/2025
VEN-03156,2,31,3,01/07/2016,31/12/2027
VEN-03157,1,25,2,01/06/2020,02/05/2029
VEN-03158,4,33,3,01/08/2021,02/04/2027
VEN-03159,1,26,6,01/07/2017,01/09/2026
VEN-03160,3,27,4,31/08/2021,01/05/2028
VEN-03161,3,34,3,01/08/2024,01/04/2026
VEN-03162,0,30,6,31/10/2020,01/08/2028
VEN-03163,2,34,6,30/01/2021,02/03/2029
VEN-03164,0,24,1,31/10/2016,31/01/2027
VEN-03165,1,21,7,30/09/2020,31/12/2028
VEN-03166,1,29,6,02/03/2025,31/08/2029
VEN-03167,0,25,6,01/08/2022,01/12/2026
VEN-03168,1,19,5,01/12/2022,01/10/2027
VEN-03169,2,28,5,01/10/2023,31/08/2028
VEN-03170,1,30,5,01/01/2024,30/01/2029
VEN-03171,2,27,2,02/03/2025,31/10/2028
VEN-03172,3,32,6,02/03/2018,01/12/2026
VEN-03173,1,25,3,31/12/2021,30/01/2026
VEN-03174,4,18,7,02/03/2022,31/01/2028
VEN-03175,5,30,4,01/08/2021,31/12/2026
VEN-03176,0,23,4,01/05/2016,02/05/2027
VEN-03177,1,20,6,01/12/2018,01/12/2029
VEN-03178,2,19,3,01/03/2016,01/09/2027
VEN-03179,1,24,9,31/12/2019,02/07/2030
VEN-03180,6,20,3,02/03/2017,02/03/2029
VEN-03181,3,32,6,31/08/2016,01/04/2026
VEN-03182,2,20,4,31/10/2020,02/03/2026
VEN-03183,3,31,1,31/12/2020,30/01/2029
VEN-03184,2,23,3,31/08/2016,01/09/2026
VEN-03185,1,26,7,01/10/2018,31/08/2030
VEN-03186,0,23,3,02/03/2022,02/05/2027
VEN-03187,0,22,6,01/10/2022,01/07/2025
VEN-03188,4,26,5,31/12/2021,31/10/2026
VEN-03189,3,22,7,01/06/2023,02/03/2030
VEN-03190,1,19,3,01/04/2021,02/05/2026
VEN-03191,0,32,4,02/04/2019,01/12/2027
VEN-03192,2,29,2,31/12/2018,31/12/2029
VEN-03193,1,28,7,01/07/2025,01/04/2030
VEN-03194,2,23,5,01/05/2025,01/04/2026
VEN-03195,3,28,5,01/09/2019,31/10/2029
VEN-03196,2,26,1,01/08/2020,31/12/2028
VEN-03197,2,35,8,01/06/2025,01/06/2026
VEN-03198,2,23,4,01/05/2016,01/12/2027
VEN-03199,1,25,3,01/03/2016,31/12/2025
VEN-03200,1,26,5,01/04/2025,01/04/2026
VEN-03201,3,29,3,01/12/2025,01/06/2030
VEN-03202,3,18,5,30/01/2025,31/12/2026
VEN-03203,4,18,4,01/06/2019,02/05/2027
VEN-03204,3,17,5,01/07/2016,01/12/2025
VEN-03205,0,22,3,01/12/2021,02/05/2027
VEN-03206,0,32,4,31/08/2017,31/10/2025
VEN-03207,0,26,3,01/11/2023,31/10/2029
VEN-03208,0,23,5,01/12/2025,02/05/2027
VEN-03209,1,30,2,02/03/2021,01/12/2030
VEN-03210,0,24,4,01/06/2021,31/08/2029
VEN-03211,2,35,3,01/01/2016,30/01/2030
VEN-03212,2,18,2,31/10/2022,01/08/2027
VEN-03213,1,23,6,31/08/2021,01/10/2030
VEN-03214,2,12,4,01/04/2024,01/08/2028
VEN-03215,0,34,5,01/12/2021,30/01/2026
VEN-03216,3,24,1,01/06/2025,31/12/2025
VEN-03217,3,31,3,02/07/2022,01/08/2030
VEN-03218,2,28,2,02/07/2023,02/05/2030
VEN-03219,3,28,4,02/03/2022,31/10/2028
VEN-03220,5,31,3,01/06/2019,02/03/2027
VEN-03221,2,29,6,30/01/2018,02/03/2029
VEN-03222,1,35,6,01/12/2022,01/06/2026
VEN-03223,0,29,6,01/04/2017,01/04/2030
VEN-03224,3,28,9,01/12/2022,02/05/2027
VEN-03225,2,27,3,02/03/2025,01/08/2027
VEN-03226,1,29,7,02/05/2023,31/10/2030
VEN-03227,5,34,4,01/08/2023,01/04/2030
VEN-03228,2,30,2,31/12/2024,30/11/2028
VEN-03229,1,21,2,02/05/2019,31/10/2025
VEN-03230,3,28,6,31/12/2019,31/12/2025
VEN-03231,3,26,9,01/12/2022,01/05/2028
VEN-03232,2,30,4,01/09/2018,01/04/2026
VEN-03233,4,27,4,01/10/2023,01/10/2026
VEN-03234,0,16,3,01/03/2016,31/08/2029
VEN-03235,1,20,3,02/07/2022,31/01/2027
VEN-03236,2,28,4,01/09/2023,02/03/2030
VEN-03237,2,21,6,02/07/2018,02/05/2029
VEN-03238,2,27,1,01/05/2024,01/10/2025
VEN-03239,1,24,1,01/05/2016,01/07/2025
VEN-03240,1,33,7,01/12/2018,31/12/2026
VEN-03241,2,30,2,01/12/2023,31/08/2025
VEN-03242,0,24,2,01/10/2022,01/08/2025
VEN-03243,3,23,5,01/04/2016,01/03/2028
VEN-03244,3,25,3,31/10/2020,31/12/2025
VEN-03245,1,33,3,01/07/2020,31/12/2030
VEN-03246,2,26,3,31/10/2018,30/01/2026
VEN-03247,1,16,5,01/06/2023,02/07/2030
VEN-03248,3,22,2,01/10/2021,01/11/2027
VEN-03249,4,29,2,01/10/2021,01/07/2028
VEN-03250,2,28,4,01/04/2022,01/05/2025
VEN-03251,1,24,7,31/10/2022,01/12/2029
VEN-03252,0,28,5,01/08/2021,01/06/2029
VEN-03253,3,25,4,30/01/2018,01/04/2028
VEN-03254,3,25,5,01/06/2021,01/08/2027
VEN-03255,1,19,2,30/01/2025,01/05/2028
VEN-03256,1,30,3,01/12/2025,01/08/2027
VEN-03257,0,32,5,01/10/2025,01/04/2030
VEN-03258,4,22,3,31/01/2024,31/10/2030
VEN-03259,0,26,8,02/05/2018,01/12/2027
VEN-03260,1,29,2,01/11/2019,02/03/2027
VEN-03261,3,32,5,02/07/2022,31/08/2029
VEN-03262,4,29,3,01/10/2025,01/07/2025
VEN-03263,1,27,3,31/08/2022,01/06/2028
VEN-03264,1,37,4,02/03/2023,01/08/2027
VEN-03265,1,34,3,31/12/2020,01/08/2028
VEN-03266,1,25,4,01/08/2021,31/12/2027
VEN-03267,2,23,3,01/04/2024,01/08/2029
VEN-03268,0,23,6,01/07/2021,31/12/2027
VEN-03269,2,28,3,30/09/2024,01/08/2026
VEN-03270,1,30,7,01/07/2025,01/12/2027
VEN-03271,1,23,7,30/09/2016,01/12/2029
VEN-03272,1,27,8,02/03/2017,02/04/2027
VEN-03273,6,15,4,01/01/2016,01/11/2027
VEN-03274,4,22,3,30/01/2025,01/06/2028
VEN-03275,2,29,5,02/03/2019,01/05/2028
VEN-03276,2,27,2,02/03/2017,02/05/2030
VEN-03277,3,29,6,01/12/2021,01/12/2030
VEN-03278,1,26,2,31/01/2016,02/05/2027
VEN-03279,4,30,4,01/05/2016,30/01/2029
VEN-03280,1,14,4,01/03/2024,01/05/2028
VEN-03281,4,20,5,01/05/2017,01/04/2029
VEN-03282,6,26,2,01/04/2025,02/03/2030
VEN-03283,3,29,6,01/06/2024,02/03/2030
VEN-03284,0,28,6,30/09/2024,01/08/2027
VEN-03285,1,31,4,01/03/2016,31/10/2030
VEN-03286,3,32,8,01/06/2017,30/01/2026
VEN-03287,1,22,1,02/03/2023,02/05/2029
VEN-03288,1,27,5,01/04/2016,01/10/2027
VEN-03289,3,28,3,31/08/2024,01/11/2027
VEN-03290,2,28,4,31/01/2020,01/03/2028
VEN-03291,2,26,1,01/05/2017,02/03/2029
VEN-03292,0,30,3,01/07/2016,01/04/2030
VEN-03293,0,23,4,01/10/2023,01/12/2026
VEN-03294,3,29,2,01/04/2018,02/03/2030
VEN-03295,2,27,6,31/01/2019,01/04/2030
VEN-03296,0,35,4,01/04/2020,01/10/2029
VEN-03297,1,25,6,01/12/2017,02/05/2029
VEN-03298,3,29,5,31/10/2016,02/07/2027
VEN-03299,3,30,3,01/07/2024,01/10/2026
VEN-03300,0,25,3,01/04/2021,01/12/2026
VEN-03301,0,24,5,01/11/2023,01/08/2027
VEN-03302,2,24,5,31/10/2021,01/11/2027
VEN-03303,1,21,3,02/03/2022,02/07/2026
VEN-03304,0,23,5,01/10/2018,02/03/2027
VEN-03305,3,30,3,01/11/2019,01/09/2026
VEN-03306,0,28,4,02/07/2018,01/12/2030
VEN-03307,4,37,5,01/12/2018,01/04/2028
VEN-03308,2,20,3,01/06/2022,01/10/2025
VEN-03309,6,34,4,02/07/2019,31/01/2028
VEN-03310,1,34,6,02/03/2021,01/03/2028
VEN-03311,0,24,2,01/08/2020,01/11/2027
VEN-03312,2,36,6,01/11/2023,02/07/2027
VEN-03313,1,31,6,02/03/2023,01/05/2028
VEN-03314,3,25,3,30/09/2024,01/10/2029
VEN-03315,2,35,2,01/05/2024,01/08/2029
VEN-03316,0,24,5,01/06/2022,30/09/2028
VEN-03317,1,26,3,31/01/2024,01/07/2029
VEN-03318,1,27,3,31/12/2020,31/08/2025
VEN-03319,2,32,5,01/10/2018,01/08/2025
VEN-03320,3,33,4,01/06/2024,02/03/2029
VEN-03321,0,26,1,01/11/2023,01/08/2027
VEN-03322,5,30,3,01/05/2024,31/01/2028
VEN-03323,2,26,7,31/10/2017,31/12/2029
VEN-03324,0,32,4,30/09/2024,31/10/2028
VEN-03325,2,27,2,30/09/2016,01/08/2028
VEN-03326,1,18,3,02/03/2017,31/10/2025
VEN-03327,1,38,6,30/01/2022,31/10/2030
VEN-03328,2,32,1,31/12/2018,01/04/2028
VEN-03329,2,20,4,01/03/2024,01/06/2027
VEN-03330,2,12,2,01/07/2024,01/05/2028
VEN-03331,0,36,1,02/05/2019,31/10/2030
VEN-03332,1,24,6,02/05/2019,02/03/2026
VEN-03333,1,26,4,01/12/2022,31/12/2025
VEN-03334,0,29,6,30/01/2021,31/10/2028
VEN-03335,1,22,4,31/08/2020,31/12/2029
VEN-03336,1,30,4,01/05/2020,02/07/2030
VEN-03337,2,22,4,31/01/2023,02/03/2030
VEN-03338,3,25,4,31/08/2017,01/06/2025
VEN-03339,0,20,7,01/12/2019,01/08/2028
VEN-03340,1,25,1,02/03/2021,01/10/2026
VEN-03341,3,28,2,30/09/2020,30/01/2026
VEN-03342,0,26,3,31/01/2023,02/03/2027
VEN-03343,0,20,4,02/07/2022,01/10/2030
VEN-03344,1,28,2,02/03/2018,01/06/2028
VEN-03345,1,30,6,31/08/2024,01/06/2026
VEN-03346,2,32,4,01/05/2024,01/08/2029
VEN-03347,0,37,1,01/04/2024,31/12/2030
VEN-03348,2,27,3,30/09/2016,30/01/2029
VEN-03349,0,33,4,31/10/2017,01/10/2027
VEN-03350,1,24,3,01/08/2016,01/12/2027
VEN-03351,1,22,4,31/10/2022,02/03/2027
VEN-03352,2,32,3,02/07/2022,31/10/2030
VEN-03353,2,27,4,02/03/2023,31/10/2026
VEN-03354,1,25,3,01/04/2018,02/04/2027
VEN-03355,2,33,3,01/06/2018,31/10/2025
VEN-03356,2,27,2,30/09/2016,31/10/2029
VEN-03357,3,24,3,31/01/2023,01/09/2027
VEN-03358,0,37,4,30/09/2016,30/01/2030
VEN-03359,3,25,6,01/06/2016,02/03/2026
VEN-03360,3,20,4,31/10/2024,31/10/2025
VEN-03361,3,24,6,02/07/2022,01/10/2027
VEN-03362,0,25,1,01/04/2024,01/08/2025
VEN-03363,4,24,5,01/03/2016,02/03/2029
VEN-03364,2,32,6,30/01/2021,31/12/2030
VEN-03365,2,22,2,31/10/2025,01/10/2030
VEN-03366,0,18,4,01/06/2020,02/05/2027
VEN-03367,1,18,8,01/03/2024,01/09/2026
VEN-03368,3,24,3,02/07/2022,02/03/2029
VEN-03369,1,25,8,01/03/2020,30/01/2026
VEN-03370,3,28,4,02/03/2025,01/07/2025
VEN-03371,2,27,6,31/10/2016,31/12/2027
VEN-03372,1,25,2,31/08/2021,31/08/2029
VEN-03373,2,28,2,02/07/2019,02/03/2030
VEN-03374,1,32,4,02/03/2023,02/05/2027
VEN-03375,1,31,2,01/04/2018,01/10/2025
VEN-03376,0,25,8,01/07/2021,31/08/2028
VEN-03377,2,13,5,31/10/2020,31/10/2029
VEN-03378,0,24,2,02/04/2023,01/08/2025
VEN-03379,0,22,5,31/01/2024,01/10/2027
VEN-03380,1,26,5,01/08/2021,01/12/2025
VEN-03381,3,27,4,01/10/2022,31/01/2028
VEN-03382,1,29,6,31/01/2020,31/12/2029
VEN-03383,2,31,5,31/01/2020,01/07/2028
VEN-03384,2,20,3,02/05/2022,01/07/2028
VEN-03385,2,27,6,01/08/2024,01/04/2026
VEN-03386,3,29,4,01/11/2023,01/10/2029
VEN-03387,2,25,1,02/04/2023,01/12/2029
VEN-03388,1,23,4,31/12/2021,01/04/2026
VEN-03389,2,29,6,01/06/2018,01/06/2029
VEN-03390,2,26,4,02/05/2023,02/03/2027
VEN-03391,2,27,2,01/08/2018,01/12/2030
VEN-03392,3,32,5,01/05/2025,02/03/2030
VEN-03393,1,23,5,01/06/2019,31/10/2029
VEN-03394,1,24,3,01/08/2019,31/08/2028
VEN-03395,1,24,6,31/12/2017,02/07/2027
VEN-03396,2,26,3,01/08/2019,02/03/2029
VEN-03397,0,31,2,31/10/2022,30/09/2028
VEN-03398,2,32,6,01/10/2022,02/07/2026
VEN-03399,0,28,2,31/10/2017,01/06/2028
VEN-03400,3,27,7,01/05/2016,01/07/2028
VEN-03401,6,27,3,31/10/2020,01/08/2030
VEN-03402,2,31,1,30/01/2018,01/07/2029
VEN-03403,0,40,7,31/01/2016,02/03/2030
VEN-03404,0,33,3,30/11/2016,01/04/2026
VEN-03405,0,19,5,01/08/2025,30/11/2028
VEN-03406,2,22,2,01/04/2021,31/12/2026
VEN-03407,5,28,5,01/12/2019,01/09/2026
VEN-03408,2,33,6,30/09/2020,01/05/2025
VEN-03409,1,24,4,31/01/2020,01/07/2028
VEN-03410,1,38,4,31/01/2019,31/10/2030
VEN-03411,3,33,4,01/09/2023,30/11/2028
VEN-03412,3,26,3,31/01/2020,01/06/2030
VEN-03413,2,34,6,02/04/2019,02/03/2029
VEN-03414,1,29,4,02/04/2019,31/10/2025
VEN-03415,3,26,4,31/01/2020,01/07/2029
VEN-03416,0,19,3,31/08/2021,30/01/2030
VEN-03417,1,27,5,01/06/2022,01/12/2029
VEN-03418,0,29,4,31/08/2024,01/06/2028
VEN-03419,0,27,3,02/05/2018,01/05/2028
VEN-03420,0,20,5,31/10/2017,31/10/2030
VEN-03421,0,25,6,31/01/2016,31/12/2030
VEN-03422,2,29,2,30/01/2022,01/04/2028
VEN-03423,2,22,6,01/11/2023,31/08/2029
VEN-03424,2,26,3,01/11/2019,02/07/2026
VEN-03425,2,24,5,01/12/2019,30/01/2029
VEN-03426,5,22,3,01/04/2022,01/04/2030
VEN-03427,0,27,4,02/07/2022,02/07/2030
VEN-03428,0,27,3,02/03/2021,31/08/2030
VEN-03429,3,28,3,01/10/2021,01/04/2026
VEN-03430,1,26,5,01/08/2019,01/05/2028
VEN-03431,2,30,4,01/10/2018,01/07/2028
VEN-03432,3,24,2,01/03/2020,01/09/2027
VEN-03433,0,21,3,31/01/2019,01/05/2025
VEN-03434,0,27,5,01/08/2024,01/10/2029
VEN-03435,2,25,3,31/10/2022,31/08/2029
VEN-03436,2,26,1,01/08/2023,01/10/2025
VEN-03437,0,26,1,31/12/2017,01/06/2027
VEN-03438,0,27,5,01/04/2024,02/03/2030
VEN-03439,2,24,3,01/04/2017,01/12/2026
VEN-03440,0,28,8,01/03/2020,01/04/2030
VEN-03441,2,22,6,01/04/2024,01/07/2025
VEN-03442,1,13,6,31/12/2021,31/12/2026
VEN-03443,2,21,5,01/06/2025,02/05/2030
VEN-03444,4,25,6,02/07/2023,01/05/2025
VEN-03445,4,25,5,01/12/2019,01/06/2028
VEN-03446,0,27,5,01/07/2025,01/05/2025
VEN-03447,1,31,3,30/09/2020,01/04/2026
VEN-03448,0,26,4,01/04/2018,01/12/2030
VEN-03449,5,26,5,02/07/2023,31/12/2027
VEN-03450,0,29,8,01/06/2025,01/10/2029
VEN-03451,1,18,4,01/10/2019,02/05/2030
VEN-03452,3,37,5,02/03/2022,02/05/2027
VEN-03453,4,27,2,31/10/2021,02/03/2029
VEN-03454,2,29,4,01/06/2021,01/06/2030
VEN-03455,1,12,7,31/01/2020,01/10/2027
VEN-03456,2,21,3,01/06/2021,01/06/2030
VEN-03457,0,29,7,01/12/2022,01/10/2025
VEN-03458,0,33,8,01/08/2024,02/07/2030
VEN-03459,0,30,5,31/01/2016,01/08/2027
VEN-03460,0,23,4,31/10/2018,01/03/2028
VEN-03461,0,21,3,02/05/2019,02/07/2026
VEN-03462,2,27,1,01/09/2023,31/12/2029
VEN-03463,0,28,6,01/10/2025,31/10/2026
VEN-03464,1,23,3,01/09/2019,01/07/2025
VEN-03465,1,28,5,30/11/2016,01/12/2025
VEN-03466,0,31,2,02/03/2022,01/04/2026
VEN-03467,1,31,5,30/09/2024,31/10/2028
VEN-03468,2,30,2,30/09/2020,30/11/2028
VEN-03469,2,23,4,31/01/2016,02/05/2026
VEN-03470,4,21,2,01/06/2021,01/12/2025
VEN-03471,1,23,3,01/08/2022,01/08/2026
VEN-03472,2,25,4,01/06/2016,01/07/2025
VEN-03473,2,34,3,01/08/2023,02/03/2027
VEN-03474,2,31,7,02/07/2022,01/12/2025
VEN-03475,0,32,6,02/07/2023,02/07/2026
VEN-03476,1,24,5,01/06/2024,01/12/2027
VEN-03477,0,27,5,30/01/2017,31/12/2026
VEN-03478,3,34,5,02/05/2022,31/01/2028
VEN-03479,3,30,2,31/12/2017,01/08/2026
VEN-03480,2,24,2,31/12/2020,01/08/2030
VEN-03481,1,33,4,01/09/2018,31/08/2025
VEN-03482,2,32,5,01/05/2025,01/10/2027
VEN-03483,0,26,4,01/04/2020,02/05/2026
VEN-03484,2,29,3,30/09/2016,01/04/2028
VEN-03485,1,24,5,31/01/2016,31/12/2027
VEN-03486,3,20,5,01/01/2024,31/12/2029
VEN-03487,0,25,5,02/05/2018,01/06/2029
VEN-03488,2,25,5,31/08/2016,31/12/2029
VEN-03489,2,24,4,01/08/2018,01/10/2027
VEN-03490,1,19,3,01/12/2021,02/03/2027
VEN-03491,4,32,6,31/08/2024,31/12/2028
VEN-03492,1,24,4,01/06/2020,01/06/2029
VEN-03493,0,22,3,31/08/2025,02/05/2026
VEN-03494,3,36,5,02/03/2019,01/06/2030
VEN-03495,2,22,10,31/10/2021,31/01/2028
VEN-03496,1,22,4,01/05/2025,31/12/2029
VEN-03497,0,30,2,01/12/2018,31/08/2025
VEN-03498,2,23,2,31/10/2021,02/03/2027
VEN-03499,1,23,2,30/11/2020,01/06/2027
VEN-03500,2,24,3,02/03/2023,01/08/2029
VEN-03501,2,25,2,01/08/2021,01/09/2026
VEN-03502,1,27,6,01/04/2024,01/07/2029
VEN-03503,1,26,2,31/01/2024,30/01/2030
VEN-03504,0,30,4,02/04/2019,01/09/2026
VEN-03505,4,38,3,31/08/2017,01/12/2030
VEN-03506,1,25,8,01/05/2024,02/03/2029
VEN-03507,0,31,2,01/05/2024,01/04/2028
VEN-03508,3,31,7,01/03/2020,31/10/2025
VEN-03509,0,17,1,01/05/2020,01/04/2028
VEN-03510,2,35,3,30/01/2022,31/10/2026
VEN-03511,0,30,4,31/01/2016,01/09/2027
VEN-03512,1,23,6,01/03/2016,01/06/2025
VEN-03513,1,17,6,01/08/2019,31/10/2029
VEN-03514,2,34,4,30/11/2016,30/01/2026
VEN-03515,4,23,4,01/06/2021,01/04/2028
VEN-03516,1,29,3,01/12/2025,01/12/2025
VEN-03517,2,33,1,30/11/2024,02/03/2027
VEN-03518,4,30,3,31/10/2017,01/10/2030
VEN-03519,2,20,7,31/08/2024,02/05/2026
VEN-03520,0,30,2,01/04/2024,01/04/2026
VEN-03521,0,25,3,02/03/2019,31/08/2030
VEN-03522,1,23,4,01/04/2021,01/10/2025
VEN-03523,0,19,3,01/08/2023,31/10/2030
VEN-03524,4,21,5,31/10/2017,01/08/2029
VEN-03525,3,23,4,01/10/2018,02/07/2027
VEN-03526,2,27,4,31/01/2023,31/12/2028
VEN-03527,3,33,6,01/12/2023,31/08/2028
VEN-03528,5,16,7,01/08/2018,30/11/2028
VEN-03529,0,27,6,01/08/2023,01/06/2026
VEN-03530,3,23,1,01/08/2023,01/06/2030
VEN-03531,4,31,3,02/03/2017,31/12/2027
VEN-03532,3,29,2,01/04/2017,30/01/2029
VEN-03533,2,28,2,01/03/2016,01/06/2029
VEN-03534,1,35,4,01/08/2021,02/03/2029
VEN-03535,3,24,4,01/09/2018,31/01/2028
VEN-03536,5,20,4,01/01/2024,01/12/2027
VEN-03537,2,22,5,31/01/2016,01/08/2028
VEN-03538,0,28,4,01/06/2025,01/08/2028
VEN-03539,3,36,3,01/06/2017,31/12/2029
VEN-03540,1,32,9,01/12/2019,31/08/2029
VEN-03541,2,40,3,01/08/2016,30/01/2029
VEN-03542,0,28,6,02/03/2019,02/05/2027
VEN-03543,0,32,2,01/01/2024,01/03/2028
VEN-03544,2,27,3,02/03/2019,01/07/2025
VEN-03545,1,23,2,02/07/2018,31/10/2026
VEN-03546,3,32,6,31/12/2020,01/10/2027
VEN-03547,0,28,4,31/01/2020,30/09/2028
VEN-03548,1,21,3,01/12/2021,02/07/2027
VEN-03549,1,27,5,02/04/2023,01/08/2025
VEN-03550,2,24,4,01/10/2019,02/05/2026
VEN-03551,2,23,4,30/11/2020,02/05/2026
VEN-03552,4,26,2,31/08/2025,02/05/2029
VEN-03553,1,29,2,01/06/2018,02/07/2030
VEN-03554,1,27,3,01/08/2023,01/12/2029
VEN-03555,2,22,3,01/07/2025,01/03/2028
VEN-03556,2,27,4,01/06/2023,02/03/2026
VEN-03557,4,29,4,31/12/2016,02/07/2030
VEN-03558,0,29,3,02/03/2018,31/01/2028
VEN-03559,3,22,3,01/10/2021,31/08/2029
VEN-03560,1,29,5,01/08/2021,02/03/2027
VEN-03561,1,27,6,31/08/2021,02/03/2027
VEN-03562,3,27,5,01/07/2025,01/08/2028
VEN-03563,4,20,2,02/05/2022,02/05/2029
VEN-03564,2,26,3,31/12/2016,31/10/2025
VEN-03565,1,27,3,01/09/2019,01/08/2027
VEN-03566,1,26,2,30/01/2022,31/08/2030
VEN-03567,5,14,7,31/01/2016,30/09/2028
VEN-03568,1,27,5,02/03/2025,31/08/2025
VEN-03569,2,22,3,01/05/2017,31/12/2028
VEN-03570,2,27,5,01/10/2021,31/12/2029
VEN-03571,1,27,4,30/11/2020,02/03/2030
VEN-03572,2,25,3,01/07/2016,01/06/2026
VEN-03573,0,35,5,31/08/2016,02/05/2026
VEN-03574,0,33,5,01/12/2017,01/10/2029
VEN-03575,3,26,6,31/08/2020,01/06/2030
VEN-03576,1,26,6,31/12/2019,01/12/2026
VEN-03577,0,28,4,30/11/2016,01/04/2026
VEN-03578,1,23,2,02/05/2018,31/10/2029
VEN-03579,2,24,8,01/12/2022,31/08/2029
VEN-03580,3,27,4,31/10/2020,01/08/2030
VEN-03581,1,24,4,01/10/2017,02/05/2029
VEN-03582,3,27,6,01/12/2017,31/08/2030
VEN-03583,1,30,9,31/12/2022,31/12/2029
VEN-03584,2,26,4,01/08/2017,01/04/2030
VEN-03585,1,33,6,01/05/2020,01/10/2029
VEN-03586,2,16,7,01/08/2022,01/10/2027
VEN-03587,1,36,4,31/12/2020,01/12/2025
VEN-03588,0,23,3,01/07/2021,01/10/2027
VEN-03589,1,27,2,01/04/2025,31/10/2026
VEN-03590,0,27,5,01/09/2023,01/10/2030
VEN-03591,1,26,2,01/08/2024,02/05/2027
VEN-03592,1,37,2,31/01/2019,01/06/2030
VEN-03593,1,29,6,01/10/2021,02/05/2027
VEN-03594,0,29,10,01/08/2024,31/01/2028
VEN-03595,2,29,6,31/12/2019,02/05/2029
VEN-03596,1,28,2,01/04/2021,01/08/2027
VEN-03597,3,25,4,02/03/2019,01/04/2029
VEN-03598,0,32,2,01/05/2016,31/10/2025
VEN-03599,2,29,9,31/01/2016,31/08/2028
VEN-03600,3,33,8,02/05/2021,02/05/2027
VEN-03601,1,25,4,31/08/2025,02/05/2026
VEN-03602,1,30,5,01/04/2025,31/12/2027
VEN-03603,1,21,6,01/08/2024,31/12/2025
VEN-03604,3,26,2,01/10/2025,30/01/2030
VEN-03605,4,20,10,02/07/2019,02/07/2030
VEN-03606,4,21,4,01/06/2016,02/03/2027
VEN-03607,0,29,7,01/06/2018,02/04/2027
VEN-03608,0,24,2,01/12/2018,31/12/2026
VEN-03609,3,32,2,01/10/2022,02/03/2030
VEN-03610,1,23,1,31/10/2018,01/06/2025
VEN-03611,3,35,3,31/10/2020,30/01/2026
VEN-03612,3,24,3,01/04/2022,01/07/2025
VEN-03613,1,22,5,01/06/2025,31/10/2028
VEN-03614,3,24,4,30/11/2020,01/12/2029
VEN-03615,3,24,4,01/10/2021,02/03/2029
VEN-03616,1,29,4,01/05/2020,01/04/2026
VEN-03617,2,35,7,01/04/2021,01/08/2027
VEN-03618,2,38,8,01/04/2018,31/10/2030
VEN-03619,1,27,6,30/11/2016,30/01/2030
VEN-03620,2,30,3,31/10/2020,31/08/2025
VEN-03621,2,20,7,01/08/2022,02/03/2026
VEN-03622,3,30,6,01/12/2022,01/12/2029
VEN-03623,0,30,6,02/03/2017,30/01/2029
VEN-03624,2,21,4,31/08/2020,01/12/2025
VEN-03625,0,28,4,01/04/2016,01/10/2026
VEN-03626,5,23,4,02/03/2019,30/11/2028
VEN-03627,2,21,6,01/03/2020,31/10/2029
VEN-03628,2,34,2,01/06/2025,31/08/2029
VEN-03629,1,26,5,01/08/2018,01/10/2025
VEN-03630,0,25,7,01/04/2021,01/08/2026
VEN-03631,5,22,2,30/11/2024,01/07/2028
VEN-03632,2,22,3,02/07/2022,01/07/2028
VEN-03633,2,28,7,01/06/2021,01/12/2030
VEN-03634,0,25,2,31/12/2016,01/10/2029
VEN-03635,2,29,6,01/08/2019,01/12/2026
VEN-03636,2,24,3,30/01/2022,01/04/2026
VEN-03637,4,22,3,01/03/2016,01/08/2025
VEN-03638,3,18,3,01/09/2019,01/05/2028
VEN-03639,3,28,8,01/04/2016,02/03/2026
VEN-03640,2,23,3,01/06/2021,01/05/2028
VEN-03641,1,29,7,01/06/2017,30/11/2028
VEN-03642,2,24,5,31/10/2017,31/08/2029
VEN-03643,0,31,2,31/10/2018,01/05/2028
VEN-03644,5,26,4,31/08/2016,02/05/2027
VEN-03645,0,25,4,01/06/2020,02/03/2030
VEN-03646,1,25,5,30/01/2025,31/12/2028
VEN-03647,1,26,5,02/03/2022,30/01/2029
VEN-03648,0,33,5,01/10/2025,01/10/2030
VEN-03649,5,23,7,02/05/2023,01/10/2030
VEN-03650,4,26,2,01/12/2018,02/05/2029
VEN-03651,2,31,5,31/08/2024,02/03/2026
VEN-03652,0,30,8,01/09/2019,01/06/2025
VEN-03653,2,27,6,01/08/2019,31/08/2028
VEN-03654,2,16,3,01/06/2020,02/03/2026
VEN-03655,4,29,3,31/01/2019,01/08/2030
VEN-03656,3,29,7,31/08/2021,01/08/2027
VEN-03657,1,25,3,02/05/2019,01/10/2026
VEN-03658,4,24,4,02/07/2018,01/08/2027
VEN-03659,2,30,2,31/01/2020,02/05/2029
VEN-03660,1,23,2,01/12/2018,02/03/2027
VEN-03661,4,22,5,02/05/2018,30/01/2026
VEN-03662,0,20,1,31/10/2021,01/11/2027
VEN-03663,1,25,3,31/10/2016,31/12/2027
VEN-03664,1,26,4,01/10/2022,01/10/2030
VEN-03665,3,20,1,01/06/2025,31/08/2025
VEN-03666,0,33,2,01/05/2016,01/12/2029
VEN-03667,2,28,1,01/07/2017,31/12/2026
VEN-03668,2,27,2,01/12/2021,30/01/2026
VEN-03669,2,17,6,01/11/2023,31/12/2025
VEN-03670,1,30,2,01/11/2023,01/11/2027
VEN-03671,0,36,4,01/04/2020,30/11/2028
VEN-03672,0,29,3,01/05/2016,01/04/2029
VEN-03673,2,27,5,31/10/2022,31/08/2029
VEN-03674,2,26,5,01/12/2018,01/04/2026
VEN-03675,1,19,3,02/05/2022,30/09/2028
VEN-03676,2,23,5,01/05/2020,01/08/2025
VEN-03677,3,28,5,01/08/2019,01/10/2027
VEN-03678,1,16,4,01/04/2018,31/10/2030
VEN-03679,0,27,5,01/09/2018,31/10/2028
VEN-03680,0,25,7,01/10/2023,31/10/2029
VEN-03681,0,35,2,31/10/2024,01/08/2025
VEN-03682,0,27,4,01/06/2020,01/06/2030
VEN-03683,0,22,5,01/12/2021,02/07/2027
VEN-03684,2,24,4,02/04/2023,01/10/2029
VEN-03685,2,24,4,01/01/2024,02/05/2027
VEN-03686,1,25,5,01/05/2017,02/03/2029
VEN-03687,3,20,3,30/01/2025,01/06/2028
VEN-03688,3,32,3,01/08/2024,31/08/2029
VEN-03689,2,33,4,02/07/2022,31/08/2030
VEN-03690,0,22,3,01/10/2023,01/05/2028
VEN-03691,3,30,4,01/04/2025,01/07/2025
VEN-03692,1,27,4,02/07/2023,01/10/2026
VEN-03693,1,37,1,02/05/2022,02/04/2027
VEN-03694,2,34,2,01/08/2021,31/10/2025
VEN-03695,1,27,6,31/08/2020,31/01/2028
VEN-03696,2,23,6,31/08/2024,30/09/2028
VEN-03697,0,31,6,01/03/2016,01/03/2028
VEN-03698,2,29,6,01/07/2020,01/08/2026
VEN-03699,0,34,5,01/12/2021,01/06/2027
VEN-03700,3,33,3,01/09/2018,31/12/2029
VEN-03701,0,26,4,01/08/2016,30/01/2026
VEN-03702,3,21,4,01/12/2025,01/05/2028
VEN-03703,2,28,1,30/11/2020,31/10/2029
VEN-03704,1,32,5,30/01/2017,31/12/2030
VEN-03705,1,35,5,01/08/2023,01/04/2028
VEN-03706,2,23,2,01/06/2017,02/07/2027
VEN-03707,0,18,5,31/01/2020,30/11/2028
VEN-03708,1,24,2,01/06/2025,01/09/2027
VEN-03709,1,26,6,01/04/2017,31/10/2029
VEN-03710,3,28,8,01/04/2025,31/10/2026
VEN-03711,4,23,8,31/10/2018,31/01/2027
VEN-03712,1,25,3,01/04/2020,01/12/2026
VEN-03713,0,25,7,31/12/2017,31/10/2029
VEN-03714,1,24,4,31/10/2022,31/12/2027
VEN-03715,3,23,4,30/09/2024,01/07/2029
VEN-03716,1,25,3,30/01/2021,31/08/2025
VEN-03717,4,16,4,02/07/2018,31/08/2029
VEN-03718,0,31,12,01/04/2020,30/01/2030
VEN-03719,1,33,7,30/01/2025,31/12/2025
VEN-03720,4,25,2,01/08/2019,31/10/2025
VEN-03721,2,21,5,01/12/2021,01/07/2028
VEN-03722,0,26,2,01/09/2018,02/07/2030
VEN-03723,2,30,4,31/08/2016,30/01/2030
VEN-03724,1,26,5,01/06/2017,01/08/2027
VEN-03725,2,29,3,01/01/2016,31/08/2030
VEN-03726,1,32,3,01/12/2019,01/12/2027
VEN-03727,1,39,7,01/10/2018,30/01/2029
VEN-03728,0,35,4,30/11/2024,31/10/2030
VEN-03729,0,26,8,01/04/2024,02/05/2026
VEN-03730,1,32,7,01/08/2024,01/07/2029
VEN-03731,1,29,4,01/09/2018,01/10/2027
VEN-03732,0,23,2,01/11/2019,01/12/2026
VEN-03733,0,26,4,30/09/2016,01/09/2027
VEN-03734,2,31,4,31/10/2018,31/01/2027
VEN-03735,1,31,2,01/04/2017,30/09/2028
VEN-03736,3,35,5,01/06/2018,02/03/2026
VEN-03737,0,27,4,01/09/2019,31/08/2028
VEN-03738,1,30,1,30/09/2020,31/12/2028
VEN-03739,1,17,3,01/08/2024,01/12/2029
VEN-03740,2,30,9,01/12/2019,30/01/2029
VEN-03741,0,22,6,31/08/2020,01/04/2029
VEN-03742,0,23,2,01/04/2016,01/06/2030
VEN-03743,1,27,9,31/10/2016,31/08/2028
VEN-03744,3,26,7,02/07/2022,01/12/2026
VEN-03745,2,29,3,31/01/2024,31/08/2029
VEN-03746,3,25,3,01/11/2023,31/08/2025
VEN-03747,2,24,5,30/01/2021,01/08/2027
VEN-03748,2,27,4,01/04/2016,01/08/2026
VEN-03749,0,26,4,01/05/2017,31/12/2029
VEN-03750,3,30,6,30/09/2016,31/10/2030
VEN-03751,2,33,3,01/09/2023,02/03/2027
VEN-03752,0,26,5,01/12/2025,31/12/2030
VEN-03753,2,24,6,02/04/2019,31/10/2030
VEN-03754,3,16,5,01/12/2021,02/05/2027
VEN-03755,3,29,7,02/05/2021,02/07/2026
VEN-03756,0,27,4,01/08/2018,31/01/2028
VEN-03757,2,26,9,31/01/2016,01/04/2030
VEN-03758,3,23,3,01/03/2024,02/03/2030
VEN-03759,0,18,3,01/11/2019,01/07/2029
VEN-03760,1,24,1,31/08/2025,31/12/2027
VEN-03761,4,24,2,30/11/2020,01/10/2027
VEN-03762,1,34,4,01/08/2025,31/10/2030
VEN-03763,2,36,4,31/10/2017,01/07/2028
VEN-03764,1,24,6,01/05/2020,30/01/2030
VEN-03765,5,28,4,01/06/2023,30/01/2030
VEN-03766,1,29,4,01/09/2023,01/08/2029
VEN-03767,3,22,7,01/06/2019,02/05/2030
VEN-03768,0,25,2,01/06/2023,30/11/2028
VEN-03769,2,25,8,30/01/2022,01/11/2027
VEN-03770,0,27,6,31/10/2025,02/07/2026
VEN-03771,0,28,8,02/07/2022,31/08/2025
VEN-03772,3,26,6,01/09/2018,02/05/2026
VEN-03773,2,29,5,01/06/2025,01/12/2030
VEN-03774,0,29,5,01/07/2017,01/04/2030
VEN-03775,3,27,4,02/04/2023,31/12/2027
VEN-03776,1,34,5,01/08/2018,01/09/2026
VEN-03777,4,23,6,01/08/2024,01/12/2025
VEN-03778,0,26,2,01/08/2024,01/09/2026
VEN-03779,1,23,3,01/04/2017,01/09/2026
VEN-03780,2,39,6,01/06/2016,02/03/2030
VEN-03781,4,32,6,02/04/2023,01/06/2029
VEN-03782,3,22,4,01/05/2016,01/08/2025
VEN-03783,2,29,9,01/10/2017,01/05/2025
VEN-03784,0,32,5,02/05/2023,01/06/2029
VEN-03785,3,31,1,01/12/2017,30/01/2026
VEN-03786,1,29,6,01/03/2016,31/10/2028
VEN-03787,3,25,6,01/12/2022,01/11/2027
VEN-03788,5,25,4,01/07/2021,01/07/2025
VEN-03789,1,24,4,31/01/2023,30/01/2029
VEN-03790,2,32,5,01/07/2025,02/05/2026
VEN-03791,0,30,7,01/08/2016,01/08/2026
VEN-03792,1,23,6,01/03/2020,31/12/2026
VEN-03793,4,23,2,01/03/2024,31/08/2030
VEN-03794,1,24,1,31/08/2020,01/08/2026
VEN-03795,0,29,4,02/03/2018,01/10/2026
VEN-03796,1,26,5,01/06/2017,01/04/2026
VEN-03797,3,28,5,02/03/2018,01/06/2030
VEN-03798,2,29,6,01/06/2022,02/03/2030
VEN-03799,1,29,7,30/09/2016,01/10/2030
VEN-03800,1,26,5,02/05/2018,01/08/2030
VEN-03801,2,41,2,01/07/2021,01/03/2028
VEN-03802,2,31,5,30/01/2018,02/05/2026
VEN-03803,1,22,5,01/01/2016,01/10/2027
VEN-03804,3,21,4,01/08/2025,01/08/2028
VEN-03805,0,24,9,01/11/2019,01/12/2029
VEN-03806,1,22,3,02/04/2019,01/10/2027
VEN-03807,3,24,7,01/04/2017,01/07/2025
VEN-03808,2,23,4,02/03/2021,01/06/2027
VEN-03809,2,23,3,02/07/2022,01/07/2028
VEN-03810,1,22,5,01/12/2023,01/10/2030
VEN-03811,2,30,2,31/10/2021,30/09/2028
VEN-03812,2,35,6,01/10/2021,01/08/2025
VEN-03813,2,33,5,31/08/2017,01/05/2028
VEN-03814,1,33,2,01/06/2017,01/12/2030
VEN-03815,1,22,3,30/11/2020,01/08/2027
VEN-03816,3,23,7,31/01/2019,31/01/2027
VEN-03817,2,31,3,01/08/2018,01/05/2025
VEN-03818,0,31,4,01/09/2019,01/08/2028
VEN-03819,2,30,4,01/06/2018,01/12/2026
VEN-03820,1,27,4,02/03/2025,31/08/2030
VEN-03821,0,27,6,02/05/2021,01/10/2026
VEN-03822,1,24,1,02/04/2019,31/12/2028
VEN-03823,6,24,7,30/09/2020,31/12/2028
VEN-03824,1,26,7,02/05/2018,31/08/2029
VEN-03825,2,35,2,31/10/2022,02/07/2027
VEN-03826,1,31,5,01/07/2016,31/10/2025
VEN-03827,0,29,6,30/09/2024,01/04/2026
VEN-03828,3,32,3,31/12/2017,01/08/2028
VEN-03829,0,31,2,01/09/2018,31/12/2026
VEN-03830,3,20,3,02/03/2025,31/01/2027
VEN-03831,1,25,3,02/07/2023,01/12/2025
VEN-03832,0,33,3,01/07/2016,01/09/2027
VEN-03833,2,29,4,02/03/2019,01/08/2028
VEN-03834,2,29,7,31/12/2017,01/09/2026
VEN-03835,0,26,4,01/07/2017,01/08/2029
VEN-03836,2,38,3,01/12/2025,31/10/2028
VEN-03837,2,24,7,01/06/2017,01/06/2027
VEN-03838,1,32,6,31/10/2018,01/05/2028
VEN-03839,2,18,7,02/07/2023,01/12/2029
VEN-03840,2,23,3,01/12/2022,31/12/2025
VEN-03841,2,36,2,31/12/2021,31/01/2027
VEN-03842,1,26,4,01/12/2019,01/07/2029
VEN-03843,2,27,6,02/04/2023,01/06/2029
VEN-03844,1,27,6,02/03/2023,01/12/2026
VEN-03845,3,24,4,01/08/2020,31/10/2028
VEN-03846,2,22,2,01/09/2018,31/08/2028
VEN-03847,1,26,3,31/08/2021,31/08/2028
VEN-03848,0,29,3,31/01/2024,01/04/2030
VEN-03849,1,27,4,31/10/2024,01/09/2026
VEN-03850,3,29,7,01/08/2017,01/08/2027
VEN-03851,3,27,2,30/01/2021,01/10/2027
VEN-03852,0,31,6,01/04/2025,31/12/2028
VEN-03853,1,17,3,01/04/2022,02/05/2029
VEN-03854,2,26,4,01/10/2025,01/04/2030
VEN-03855,4,24,5,01/12/2023,02/03/2026
VEN-03856,2,28,5,31/08/2024,31/10/2028
VEN-03857,1,22,4,31/08/2016,01/04/2026
VEN-03858,2,32,7,30/01/2022,01/12/2030
VEN-03859,0,29,4,01/04/2024,01/05/2025
VEN-03860,0,28,6,01/06/2019,01/10/2025
VEN-03861,5,28,5,01/01/2016,01/06/2030
VEN-03862,2,27,7,02/03/2021,01/06/2027
VEN-03863,1,21,6,01/03/2024,02/05/2027
VEN-03864,4,25,4,02/03/2021,02/05/2029
VEN-03865,3,31,4,01/10/2019,30/01/2026
VEN-03866,2,31,2,01/05/2017,31/01/2028
VEN-03867,2,36,3,01/08/2024,02/03/2027
VEN-03868,2,30,7,01/05/2020,01/10/2026
VEN-03869,0,22,3,01/07/2025,01/06/2026
VEN-03870,6,19,4,30/11/2020,02/04/2027
VEN-03871,1,24,2,31/10/2025,01/03/2028
VEN-03872,3,26,7,01/10/2021,01/06/2029
VEN-03873,1,35,4,31/12/2020,01/06/2026
VEN-03874,1,27,3,01/03/2016,31/10/2029
VEN-03875,1,43,2,01/01/2024,02/05/2026
VEN-03876,3,28,7,02/07/2023,30/11/2028
VEN-03877,3,32,5,01/03/2020,02/07/2027
VEN-03878,1,29,5,01/06/2024,01/06/2030
VEN-03879,8,31,5,01/05/2025,01/04/2029
VEN-03880,0,33,3,31/12/2020,01/04/2028
VEN-03881,1,34,6,01/08/2023,31/08/2025
VEN-03882,3,36,4,02/03/2019,31/12/2029
VEN-03883,1,35,3,31/12/2024,31/12/2030
VEN-03884,3,24,3,01/10/2025,01/12/2025
VEN-03885,4,18,3,01/10/2023,01/06/2028
VEN-03886,0,30,4,01/06/2017,31/12/2030
VEN-03887,0,20,5,01/06/2020,31/10/2028
VEN-03888,3,31,6,02/03/2023,02/05/2030
VEN-03889,6,21,5,31/12/2019,01/12/2029
VEN-03890,0,21,4,02/07/2019,01/06/2030
VEN-03891,1,28,5,01/07/2021,31/12/2026
VEN-03892,2,32,6,01/04/2024,02/05/2030
VEN-03893,1,36,7,01/04/2022,01/04/2026
VEN-03894,4,29,6,01/04/2017,02/03/2030
VEN-03895,1,32,5,01/12/2018,01/07/2028
VEN-03896,0,22,3,02/05/2022,01/10/2025
VEN-03897,0,25,3,31/12/2016,01/04/2029
VEN-03898,1,23,2,31/01/2024,02/07/2030
VEN-03899,1,27,5,01/04/2024,02/05/2030
VEN-03900,7,15,3,01/10/2025,01/04/2026
VEN-03901,1,22,1,30/01/2025,02/03/2030
VEN-03902,0,26,3,31/10/2022,01/04/2030
VEN-03903,3,31,2,01/06/2025,31/10/2030
VEN-03904,2,28,5,02/03/2022,01/07/2028
VEN-03905,1,23,5,01/04/2025,02/07/2030
VEN-03906,3,33,3,01/08/2025,01/12/2026
VEN-03907,1,29,5,01/03/2020,01/04/2028
VEN-03908,1,25,5,01/06/2020,31/01/2027
VEN-03909,2,26,1,31/12/2017,02/05/2027
VEN-03910,3,26,4,01/06/2021,31/10/2026
VEN-03911,1,24,4,01/05/2017,30/01/2029
VEN-03912,2,23,11,31/12/2020,01/07/2029
VEN-03913,2,27,1,02/04/2023,31/12/2029
VEN-03914,1,24,4,01/08/2024,01/07/2029
VEN-03915,4,27,4,30/01/2021,31/12/2025
VEN-03916,1,34,8,02/03/2022,01/10/2027
VEN-03917,1,26,6,31/10/2020,31/10/2028
VEN-03918,0,18,6,01/04/2016,01/10/2027
VEN-03919,2,44,5,01/06/2025,01/04/2026
VEN-03920,3,27,7,01/06/2022,02/07/2026
VEN-03921,1,24,5,01/08/2024,01/06/2028
VEN-03922,1,22,4,31/12/2017,01/08/2027
VEN-03923,0,28,4,01/08/2020,02/05/2029
VEN-03924,4,31,2,30/09/2024,30/01/2029
VEN-03925,2,27,3,31/12/2017,01/10/2026
VEN-03926,3,28,6,30/09/2024,30/11/2028
VEN-03927,4,29,3,01/04/2018,01/08/2028
VEN-03928,3,24,4,01/01/2016,31/12/2025
VEN-03929,1,25,4,31/10/2020,30/01/2030
VEN-03930,3,19,6,02/07/2019,01/07/2029
VEN-03931,1,21,5,01/10/2025,01/06/2030
VEN-03932,1,24,5,02/05/2019,31/12/2030
VEN-03933,0,33,5,01/06/2024,01/12/2026
VEN-03934,2,23,4,31/08/2021,01/12/2029
VEN-03935,2,25,6,31/10/2020,31/10/2030
VEN-03936,1,32,3,02/05/2018,01/05/2025
VEN-03937,3,22,8,30/01/2018,31/12/2028
VEN-03938,4,30,3,31/08/2016,31/12/2029
VEN-03939,4,32,3,01/06/2018,31/12/2025
VEN-03940,1,33,6,02/03/2025,01/07/2025
VEN-03941,2,36,3,31/01/2019,31/01/2027
VEN-03942,2,22,2,01/04/2024,30/01/2026
VEN-03943,2,32,6,01/07/2016,01/06/2026
VEN-03944,2,33,2,01/05/2017,01/09/2026
VEN-03945,3,36,4,31/10/2022,01/09/2026
VEN-03946,0,28,5,02/03/2025,31/01/2028
VEN-03947,0,19,3,30/11/2016,31/08/2030
VEN-03948,0,30,3,02/05/2022,02/03/2030
VEN-03949,2,28,3,01/06/2017,01/12/2025
VEN-03950,2,19,2,02/03/2025,31/12/2029
VEN-03951,3,28,4,01/06/2023,31/08/2029
VEN-03952,3,38,6,01/12/2021,01/06/2027
VEN-03953,1,31,3,31/08/2024,01/09/2027
VEN-03954,3,28,4,01/07/2021,31/12/2027
VEN-03955,1,27,5,30/09/2016,01/06/2030
VEN-03956,3,37,3,01/03/2024,01/04/2026
VEN-03957,4,33,1,01/10/2021,01/03/2028
VEN-03958,1,26,5,02/03/2025,01/10/2030
VEN-03959,3,28,4,01/06/2019,02/03/2029
VEN-03960,2,25,5,01/10/2021,31/10/2026
VEN-03961,3,24,2,31/10/2020,31/12/2029
VEN-03962,2,32,8,31/10/2020,02/07/2026
VEN-03963,1,22,4,01/06/2019,01/09/2026
VEN-03964,2,30,5,01/08/2018,31/12/2030
VEN-03965,1,28,6,01/04/2016,01/10/2029
VEN-03966,2,35,4,01/09/2018,02/07/2026
VEN-03967,2,31,6,01/07/2017,01/10/2029
VEN-03968,1,22,2,01/04/2025,02/05/2026
VEN-03969,4,26,5,30/09/2024,31/12/2026
VEN-03970,0,35,2,01/08/2021,01/12/2030
VEN-03971,2,24,4,01/08/2024,01/06/2027
VEN-03972,0,25,4,01/07/2017,01/10/2025
VEN-03973,0,26,4,01/06/2017,31/12/2030
VEN-03974,2,34,2,31/12/2019,01/07/2025
VEN-03975,4,25,4,30/01/2021,01/12/2030
VEN-03976,1,29,5,01/06/2017,01/12/2027
VEN-03977,0,24,4,01/04/2020,31/10/2026
VEN-03978,3,29,3,01/06/2016,31/12/2026
VEN-03979,1,20,5,01/12/2017,31/12/2025
VEN-03980,0,27,10,01/08/2022,02/05/2030
VEN-03981,0,24,2,02/07/2019,31/10/2030
VEN-03982,3,31,1,31/08/2024,01/07/2029
VEN-03983,2,25,3,01/07/2025,01/08/2026
VEN-03984,3,20,7,30/01/2025,01/06/2028
VEN-03985,2,30,5,31/01/2016,02/05/2029
VEN-03986,3,24,5,31/08/2024,01/05/2025
VEN-03987,3,30,2,01/12/2023,30/11/2028
VEN-03988,2,22,4,02/03/2019,31/10/2026
VEN-03989,2,19,3,01/04/2024,01/07/2029
VEN-03990,1,33,2,30/09/2024,01/06/2030
VEN-03991,5,26,6,31/12/2018,02/05/2027
VEN-03992,2,31,5,01/06/2016,01/10/2026
VEN-03993,5,22,1,31/08/2024,01/08/2027
VEN-03994,0,23,1,02/05/2019,01/06/2025
VEN-03995,1,28,6,01/08/2020,01/10/2026
VEN-03996,2,22,2,01/06/2016,01/08/2026
VEN-03997,2,29,5,01/06/2016,01/06/2025
VEN-03998,4,23,3,01/05/2020,31/08/2029
VEN-03999,0,27,6,30/01/2017,31/12/2027
VEN-04000,1,28,3,01/12/2023,01/04/2030
VEN-04001,0,23,4,31/01/2020,31/12/2026
VEN-04002,1,40,5,01/04/2024,01/12/2026
VEN-04003,3,33,3,01/10/2025,01/10/2027
VEN-04004,3,33,1,01/04/2018,01/09/2026
VEN-04005,0,29,6,01/05/2020,31/08/2029
VEN-04006,2,18,4,01/12/2025,30/01/2030
VEN-04007,3,21,5,01/12/2017,02/03/2029
VEN-04008,4,31,2,02/03/2017,01/06/2026
VEN-04009,4,26,7,31/12/2021,01/10/2029
VEN-04010,1,24,2,31/08/2025,01/06/2027
VEN-04011,3,33,4,31/12/2022,01/12/2030
VEN-04012,2,30,2,01/12/2019,02/07/2027
VEN-04013,1,29,3,01/06/2025,30/09/2028
VEN-04014,0,29,3,30/01/2022,01/08/2027
VEN-04015,0,30,4,01/10/2023,02/05/2030
VEN-04016,3,38,5,01/11/2019,01/10/2025
VEN-04017,2,29,6,01/12/2023,01/12/2030
VEN-04018,0,16,5,02/03/2018,02/03/2030
VEN-04019,2,21,2,01/12/2022,01/07/2025
VEN-04020,2,25,4,31/10/2024,02/07/2026
VEN-04021,1,30,3,02/04/2023,02/03/2027
VEN-04022,2,33,8,01/07/2016,01/06/2027
VEN-04023,2,27,6,31/12/2017,31/08/2028
VEN-04024,0,27,2,31/12/2019,30/11/2028
VEN-04025,4,27,6,01/12/2023,01/04/2026
VEN-04026,2,27,3,02/03/2022,01/12/2029
VEN-04027,2,19,5,02/05/2021,01/05/2025
VEN-04028,1,26,5,01/03/2016,31/08/2028
VEN-04029,0,37,5,01/10/2022,01/08/2029
VEN-04030,3,28,7,31/10/2017,02/05/2027
VEN-04031,3,24,5,31/01/2023,01/09/2027
VEN-04032,3,28,2,01/05/2024,01/05/2025
VEN-04033,1,25,2,01/04/2018,30/01/2026
VEN-04034,2,21,4,30/01/2025,01/03/2028
VEN-04035,4,22,2,01/04/2018,31/12/2025
VEN-04036,0,23,2,30/09/2016,01/07/2028
VEN-04037,1,38,2,01/07/2024,02/07/2030
VEN-04038,4,31,6,31/01/2020,02/05/2027
VEN-04039,0,28,5,01/05/2024,02/05/2029
VEN-04040,2,38,1,02/05/2021,30/11/2028
VEN-04041,0,32,2,02/05/2021,01/07/2029
VEN-04042,5,29,4,02/03/2025,31/10/2029
VEN-04043,2,28,5,31/01/2024,02/05/2029
VEN-04044,2,31,4,01/07/2020,01/07/2025
VEN-04045,1,28,6,01/08/2017,01/12/2029
VEN-04046,5,36,5,02/04/2023,01/12/2029
VEN-04047,2,22,6,01/08/2017,01/08/2027
VEN-04048,1,31,8,01/01/2024,31/08/2028
VEN-04049,2,28,3,01/10/2025,31/12/2029
VEN-04050,1,26,4,30/01/2022,02/03/2027
VEN-04051,3,14,4,01/12/2025,01/04/2026
VEN-04052,2,24,4,01/08/2025,01/04/2029
VEN-04053,0,33,4,01/12/2022,02/03/2027
VEN-04054,2,22,3,31/12/2019,02/05/2029
VEN-04055,1,19,6,01/05/2016,01/08/2027
VEN-04056,1,24,2,01/10/2019,31/08/2029
VEN-04057,2,23,2,02/04/2019,02/05/2026
VEN-04058,2,24,4,31/12/2018,01/09/2027
VEN-04059,2,30,4,30/09/2020,01/06/2028
VEN-04060,2,37,5,01/10/2025,01/08/2028
VEN-04061,2,23,5,01/08/2022,30/01/2030
VEN-04062,3,32,3,01/03/2024,31/12/2027
VEN-04063,2,26,5,01/05/2020,31/12/2030
VEN-04064,2,26,3,01/04/2018,01/06/2027
VEN-04065,1,30,2,31/08/2021,30/01/2030
VEN-04066,2,30,3,01/04/2020,31/12/2025
VEN-04067,1,27,7,01/08/2019,31/12/2027
VEN-04068,1,30,5,31/10/2025,01/08/2030
VEN-04069,2,28,10,02/07/2018,31/08/2030
VEN-04070,1,31,2,01/09/2018,31/12/2025
VEN-04071,2,25,5,01/05/2016,02/03/2027
VEN-04072,2,22,4,31/10/2021,31/12/2028
VEN-04073,1,18,4,01/04/2016,01/08/2025
VEN-04074,1,26,6,02/05/2023,01/08/2027
VEN-04075,1,27,3,01/12/2021,01/08/2030
VEN-04076,2,33,3,01/06/2018,31/12/2029
VEN-04077,2,25,2,31/12/2020,31/01/2028
VEN-04078,2,34,5,02/05/2022,31/12/2027
VEN-04079,2,25,3,01/03/2020,02/05/2027
VEN-04080,1,26,5,01/06/2021,02/05/2026
VEN-04081,3,31,3,31/12/2024,01/04/2029
VEN-04082,3,29,4,01/05/2017,02/03/2026
VEN-04083,0,30,5,02/05/2018,01/08/2029
VEN-04084,0,24,1,01/07/2024,01/08/2027
VEN-04085,1,24,4,01/11/2023,31/10/2029
VEN-04086,1,24,6,01/05/2020,01/05/2028
VEN-04087,3,37,3,01/06/2021,31/10/2030
VEN-04088,6,23,4,30/11/2024,30/11/2028
VEN-04089,1,28,3,01/06/2022,01/08/2030
VEN-04090,2,20,4,01/03/2016,02/03/2030
VEN-04091,2,25,4,02/03/2023,01/07/2029
VEN-04092,3,30,1,31/10/2022,01/06/2027
VEN-04093,0,34,4,01/10/2017,31/08/2025
VEN-04094,2,38,6,31/10/2016,01/10/2029
VEN-04095,2,29,7,31/01/2024,31/10/2028
VEN-04096,0,21,4,01/04/2022,01/08/2026
VEN-04097,0,33,6,01/07/2017,31/08/2025
VEN-04098,2,28,6,01/07/2017,02/05/2030
VEN-04099,4,17,1,01/12/2021,01/07/2028
VEN-04100,2,26,8,02/05/2018,31/10/2025
VEN-04101,2,16,6,01/12/2022,01/04/2030
VEN-04102,2,31,3,01/09/2023,01/12/2029
VEN-04103,3,26,1,01/07/2016,01/12/2027
VEN-04104,2,23,2,02/07/2019,31/10/2026
VEN-04105,1,24,5,02/03/2018,02/07/2026
VEN-04106,0,27,3,01/08/2023,30/01/2029
VEN-04107,0,26,4,01/10/2025,01/10/2026
VEN-04108,1,25,8,01/10/2025,01/06/2028
VEN-04109,1,25,3,31/12/2018,01/06/2025
VEN-04110,0,25,7,01/12/2022,01/08/2028
VEN-04111,1,28,4,30/09/2020,02/07/2027
VEN-04112,3,28,4,31/10/2018,01/12/2030
VEN-04113,2,22,5,01/04/2018,02/03/2029
VEN-04114,0,29,8,01/03/2024,30/09/2028
VEN-04115,1,26,5,01/04/2020,01/11/2027
VEN-04116,4,29,6,01/09/2019,02/07/2026
VEN-04117,1,27,5,01/04/2020,01/07/2029
VEN-04118,3,29,4,02/05/2018,01/09/2027
VEN-04119,4,24,4,02/05/2022,02/03/2026
VEN-04120,1,28,3,31/10/2022,31/10/2025
VEN-04121,5,28,5,01/10/2022,01/08/2028
VEN-04122,0,22,3,30/11/2024,02/04/2027
VEN-04123,1,26,4,01/07/2025,01/08/2025
VEN-04124,4,28,2,31/12/2019,31/12/2026
VEN-04125,2,30,5,01/01/2016,31/12/2030
VEN-04126,1,25,7,31/08/2024,31/12/2028
VEN-04127,1,28,1,01/06/2023,31/12/2025
VEN-04128,3,20,3,01/12/2025,01/08/2030
VEN-04129,1,20,1,02/07/2023,31/12/2030
VEN-04130,1,24,2,31/08/2024,01/12/2026
VEN-04131,0,26,5,01/01/2016,31/01/2028
VEN-04132,3,20,3,02/05/2023,02/03/2030
VEN-04133,2,26,6,31/08/2016,31/01/2028
VEN-04134,1,19,4,02/03/2019,02/05/2030
VEN-04135,0,28,7,31/10/2022,01/06/2028
VEN-04136,0,22,4,31/08/2022,30/11/2028
VEN-04137,1,26,5,31/12/2024,31/12/2029
VEN-04138,0,25,5,30/09/2016,02/05/2029
VEN-04139,2,34,4,01/12/2017,01/07/2025
VEN-04140,2,29,4,02/07/2018,01/12/2029
VEN-04141,1,32,4,01/10/2025,01/10/2025
VEN-04142,2,23,4,31/01/2016,01/06/2027
VEN-04143,1,28,11,02/07/2023,01/06/2025
VEN-04144,0,19,5,02/05/2019,31/12/2030
VEN-04145,2,33,5,01/04/2020,31/10/2028
VEN-04146,1,30,2,01/10/2025,02/07/2027
VEN-04147,3,22,1,31/12/2021,02/03/2030
VEN-04148,1,20,3,01/07/2024,01/10/2025
VEN-04149,0,34,4,01/04/2024,01/08/2026
VEN-04150,0,24,4,02/04/2023,01/07/2029
VEN-04151,1,29,7,01/12/2025,01/08/2030
VEN-04152,1,25,5,01/12/2018,02/04/2027
VEN-04153,1,25,6,02/07/2018,01/04/2029
VEN-04154,0,26,5,02/07/2019,01/06/2025
VEN-04155,2,31,6,01/06/2021,01/09/2026
VEN-04156,2,31,5,01/12/2023,02/05/2026
VEN-04157,0,21,5,01/11/2019,01/03/2028
VEN-04158,2,23,2,31/12/2018,01/06/2027
VEN-04159,3,20,6,01/11/2023,31/10/2025
VEN-04160,3,28,4,02/03/2023,02/07/2026
VEN-04161,3,25,2,01/06/2017,31/10/2025
VEN-04162,5,23,4,02/04/2019,30/01/2026
VEN-04163,1,25,5,31/12/2020,30/01/2029
VEN-04164,1,26,7,31/10/2022,01/04/2026
VEN-04165,4,28,2,01/10/2023,31/08/2025
VEN-04166,2,31,6,01/11/2023,30/11/2028
VEN-04167,3,30,2,30/01/2017,01/08/2029
VEN-04168,0,21,3,31/12/2020,31/12/2025
VEN-04169,3,27,2,01/05/2020,01/06/2027
VEN-04170,4,28,1,01/03/2016,31/10/2029
VEN-04171,1,35,5,31/12/2018,02/03/2026
VEN-04172,1,25,4,02/07/2019,02/03/2030
VEN-04173,1,29,6,01/09/2023,31/10/2028
VEN-04174,4,34,2,01/06/2022,01/06/2029
VEN-04175,2,27,7,01/05/2025,30/01/2030
VEN-04176,5,31,5,30/09/2020,01/09/2026
VEN-04177,3,32,2,02/04/2023,01/09/2026
VEN-04178,5,25,4,01/08/2021,01/08/2028
VEN-04179,5,35,4,01/10/2021,31/10/2029
VEN-04180,2,26,5,31/08/2025,31/08/2025
VEN-04181,3,31,4,30/11/2020,31/10/2028
VEN-04182,4,31,6,02/04/2019,01/10/2030
VEN-04183,1,24,7,01/12/2017,31/10/2028
VEN-04184,1,36,5,01/12/2023,01/05/2025
VEN-04185,2,25,4,31/12/2021,01/04/2026
VEN-04186,3,31,3,01/08/2020,01/08/2026
VEN-04187,2,24,2,31/08/2017,02/07/2027
VEN-04188,3,31,5,01/04/2025,01/10/2025
VEN-04189,2,30,4,31/12/2020,31/10/2029
VEN-04190,1,21,4,30/01/2018,31/12/2030
VEN-04191,2,22,3,01/08/2025,02/07/2027
VEN-04192,5,24,4,01/10/2025,01/07/2025
VEN-04193,1,26,6,30/01/2025,30/01/2029
VEN-04194,2,29,6,01/10/2022,01/05/2025
VEN-04195,2,30,5,30/09/2024,02/05/2027
VEN-04196,1,28,10,02/03/2022,31/10/2025
VEN-04197,2,21,4,31/12/2022,30/11/2028
VEN-04198,2,30,1,01/04/2018,02/05/2030
VEN-04199,2,27,4,02/03/2022,02/07/2027
VEN-04200,2,22,7,01/04/2016,01/08/2027
VEN-04201,2,32,3,01/06/2024,01/04/2028
VEN-04202,4,31,1,31/01/2024,01/10/2030
VEN-04203,4,24,8,01/12/2017,02/03/2029
VEN-04204,1,31,7,01/08/2024,31/10/2030
VEN-04205,1,30,8,02/03/2022,31/01/2027
VEN-04206,1,22,5,01/10/2019,01/07/2029
VEN-04207,0,20,6,31/12/2016,01/10/2030
VEN-04208,5,23,4,01/10/2023,01/04/2026
VEN-04209,1,27,4,02/03/2023,01/10/2027
VEN-04210,0,32,4,01/10/2025,01/12/2030
VEN-04211,2,28,3,01/12/2021,01/04/2028
VEN-04212,1,21,6,01/09/2023,01/11/2027
VEN-04213,4,28,2,31/01/2023,31/10/2028
VEN-04214,1,37,3,01/08/2023,31/12/2027
VEN-04215,2,22,5,01/01/2016,31/01/2028
VEN-04216,4,32,3,01/06/2020,30/11/2028
VEN-04217,0,23,4,30/11/2020,02/05/2026
VEN-04218,2,22,5,01/06/2021,01/06/2029
VEN-04219,1,24,3,31/01/2020,31/12/2029
VEN-04220,1,37,3,01/08/2022,31/10/2030
VEN-04221,1,25,3,01/06/2024,31/08/2029
VEN-04222,2,26,3,31/01/2023,31/10/2030
VEN-04223,3,33,5,01/10/2022,01/04/2028
VEN-04224,1,20,6,02/04/2023,01/09/2027
VEN-04225,2,32,6,01/07/2024,02/05/2029
VEN-04226,1,26,7,01/05/2017,30/01/2026
VEN-04227,2,24,3,31/08/2021,01/10/2027
VEN-04228,2,29,5,02/05/2021,01/08/2030
VEN-04229,2,30,6,30/01/2017,01/06/2025
VEN-04230,3,36,2,01/06/2017,31/12/2025
VEN-04231,1,28,4,02/07/2023,30/01/2029
VEN-04232,0,21,4,01/01/2016,01/07/2028
VEN-04233,4,25,3,01/10/2021,31/08/2029
VEN-04234,1,31,3,31/12/2020,01/04/2026
VEN-04235,1,24,6,01/08/2016,01/10/2027
VEN-04236,1,38,1,31/08/2016,02/05/2027
VEN-04237,0,27,8,01/08/2016,01/10/2030
VEN-04238,1,28,4,01/04/2024,01/05/2028
VEN-04239,5,33,5,02/03/2025,31/12/2025
VEN-04240,1,23,5,31/10/2022,02/05/2029
VEN-04241,4,41,8,31/01/2023,31/10/2028
VEN-04242,3,27,2,02/05/2019,01/12/2030
VEN-04243,0,21,3,01/05/2024,01/08/2027
VEN-04244,5,28,8,01/08/2023,01/08/2030
VEN-04245,4,27,4,31/12/2017,02/03/2027
VEN-04246,2,25,6,31/12/2019,01/04/2028
VEN-04247,4,28,2,31/12/2017,02/03/2027
VEN-04248,3,41,4,31/12/2016,31/01/2027
VEN-04249,1,28,2,01/08/2016,31/08/2028
VEN-04250,0,26,1,01/04/2016,01/06/2028
VEN-04251,3,20,8,02/04/2019,02/07/2030
VEN-04252,2,24,7,01/08/2020,01/06/2027
VEN-04253,4,22,4,02/07/2019,30/09/2028
VEN-04254,1,21,9,01/08/2018,01/12/2027
VEN-04255,3,24,5,01/04/2017,02/05/2030
VEN-04256,1,21,3,01/12/2019,01/08/2030
VEN-04257,3,25,3,01/03/2020,31/12/2026
VEN-04258,2,23,2,01/10/2021,01/04/2028
VEN-04259,1,28,5,31/10/2017,01/06/2027
VEN-04260,0,25,2,01/06/2022,01/07/2025
VEN-04261,1,33,5,02/07/2022,02/05/2030
VEN-04262,0,28,6,01/11/2019,01/04/2029
VEN-04263,2,30,4,01/09/2019,31/08/2030
VEN-04264,2,31,2,02/07/2022,01/12/2026
VEN-04265,1,21,5,31/10/2025,02/04/2027
VEN-04266,1,27,4,02/07/2018,02/07/2026
VEN-04267,1,27,4,30/01/2025,02/05/2027
VEN-04268,2,30,3,31/08/2024,31/08/2029
VEN-04269,2,22,2,31/10/2024,02/03/2030
VEN-04270,2,25,7,01/10/2018,01/04/2026
VEN-04271,2,26,2,01/06/2018,01/07/2025
VEN-04272,0,24,7,31/10/2020,31/10/2028
VEN-04273,1,25,5,31/12/2024,02/03/2026
VEN-04274,2,29,2,02/03/2025,31/12/2029
VEN-04275,1,20,8,01/05/2020,01/12/2025
VEN-04276,1,33,4,01/08/2017,31/12/2026
VEN-04277,0,32,10,01/12/2018,02/03/2027
VEN-04278,1,23,5,01/07/2020,31/12/2027
VEN-04279,2,23,3,30/11/2020,01/04/2030
VEN-04280,2,24,3,01/08/2018,01/08/2028
VEN-04281,1,32,3,01/11/2023,01/12/2026
VEN-04282,3,20,4,30/09/2024,31/12/2028
VEN-04283,2,26,8,01/06/2022,01/04/2028
VEN-04284,1,27,1,01/06/2024,01/12/2030
VEN-04285,2,28,5,02/04/2023,31/10/2030
VEN-04286,1,17,4,02/03/2017,01/06/2030
VEN-04287,1,30,9,02/03/2021,01/04/2026
VEN-04288,1,35,2,01/04/2021,02/07/2026
VEN-04289,0,28,1,02/07/2018,02/05/2026
VEN-04290,1,39,3,31/12/2022,01/06/2028
VEN-04291,3,23,2,01/12/2018,31/12/2029
VEN-04292,1,25,2,30/09/2020,02/03/2026
VEN-04293,4,22,8,01/04/2020,01/12/2030
VEN-04294,1,18,3,01/04/2022,31/08/2025
VEN-04295,3,26,5,31/08/2016,01/04/2028
VEN-04296,1,22,5,01/04/2016,01/06/2027
VEN-04297,2,36,11,30/09/2024,01/08/2030
VEN-04298,1,39,6,01/01/2024,02/03/2027
VEN-04299,2,29,3,02/07/2018,02/05/2026
VEN-04300,3,35,6,31/08/2020,01/08/2028
VEN-04301,2,21,4,01/04/2018,01/08/2025
VEN-04302,2,21,9,31/08/2022,31/12/2028
VEN-04303,1,25,5,02/07/2019,02/03/2026
VEN-04304,6,15,4,01/05/2024,02/07/2027
VEN-04305,4,22,4,01/05/2016,31/08/2028
VEN-04306,1,28,3,02/03/2019,01/04/2030
VEN-04307,4,27,3,02/07/2019,01/04/2029
VEN-04308,4,27,3,01/08/2024,02/03/2030
VEN-04309,1,25,7,31/12/2016,01/12/2029
VEN-04310,4,19,3,02/04/2023,01/06/2029
VEN-04311,4,27,5,30/09/2024,02/04/2027
VEN-04312,1,26,3,30/01/2021,02/05/2027
VEN-04313,1,31,5,01/04/2016,01/04/2030
VEN-04314,0,27,4,01/10/2021,01/09/2026
VEN-04315,4,32,3,01/12/2025,01/04/2030
VEN-04316,2,29,4,31/10/2016,31/12/2025
VEN-04317,5,15,4,01/06/2019,30/01/2030
VEN-04318,3,23,4,01/06/2019,01/10/2026
VEN-04319,0,21,6,01/06/2020,01/07/2029
VEN-04320,2,18,7,01/04/2025,31/10/2030
VEN-04321,1,29,6,31/12/2018,01/08/2030
VEN-04322,1,19,3,01/07/2024,01/09/2027
VEN-04323,1,26,5,01/12/2023,02/03/2026
VEN-04324,3,24,6,31/01/2020,01/09/2027
VEN-04325,4,25,3,30/09/2020,30/09/2028
VEN-04326,2,31,4,01/09/2023,31/12/2027
VEN-04327,2,35,3,01/05/2025,31/08/2029
VEN-04328,1,30,6,01/01/2024,31/12/2028
VEN-04329,1,35,3,01/07/2025,01/07/2025
VEN-04330,0,24,2,31/01/2016,01/08/2030
VEN-04331,0,25,7,02/03/2025,31/10/2026
VEN-04332,3,25,5,31/10/2018,01/12/2025
VEN-04333,1,26,2,02/03/2022,01/09/2026
VEN-04334,2,17,2,01/12/2022,31/12/2029
VEN-04335,1,32,5,01/12/2025,31/10/2029
VEN-04336,1,24,8,31/08/2025,01/11/2027
VEN-04337,2,27,5,01/01/2016,01/04/2028
VEN-04338,0,27,4,31/12/2017,31/10/2026
VEN-04339,1,29,3,02/03/2023,01/12/2030
VEN-04340,0,26,5,01/03/2020,01/06/2028
VEN-04341,3,35,9,31/12/2016,31/12/2025
VEN-04342,1,25,6,31/10/2022,01/06/2028
VEN-04343,1,25,4,01/05/2016,31/08/2025
VEN-04344,2,29,3,31/08/2020,30/01/2026
VEN-04345,2,26,3,01/06/2021,02/07/2026
VEN-04346,5,24,4,31/12/2016,31/10/2025
VEN-04347,1,22,6,01/06/2021,01/04/2030
VEN-04348,0,22,4,01/05/2025,30/11/2028
VEN-04349,0,27,3,01/07/2024,01/03/2028
VEN-04350,1,24,3,01/09/2018,01/07/2029
VEN-04351,0,21,3,01/09/2019,31/10/2028
VEN-04352,3,28,3,01/05/2017,31/10/2028
VEN-04353,1,24,3,01/01/2024,01/07/2028
VEN-04354,2,22,6,30/09/2020,02/05/2027
VEN-04355,2,32,7,01/04/2022,01/05/2025
VEN-04356,3,25,8,01/05/2016,01/07/2028
VEN-04357,0,26,4,31/12/2017,01/10/2029
VEN-04358,0,26,6,01/09/2023,02/07/2030
VEN-04359,2,28,5,02/07/2018,01/09/2026
VEN-04360,3,30,4,01/10/2018,01/08/2030
VEN-04361,4,22,7,30/01/2022,01/08/2025
VEN-04362,1,33,3,01/10/2021,01/09/2026
VEN-04363,1,24,6,01/08/2023,02/03/2030
VEN-04364,2,31,5,02/03/2022,31/10/2025
VEN-04365,2,19,6,30/11/2024,31/12/2027
VEN-04366,0,22,3,01/08/2019,30/01/2029
VEN-04367,0,24,2,30/11/2020,01/07/2025
VEN-04368,1,32,2,01/11/2019,02/05/2026
VEN-04369,2,25,4,01/05/2016,02/07/2027
VEN-04370,0,16,7,01/04/2022,01/12/2029
VEN-04371,1,32,5,31/08/2024,31/08/2029
VEN-04372,2,27,7,02/03/2022,01/12/2026
VEN-04373,1,24,5,01/06/2022,01/08/2027
VEN-04374,3,18,5,02/03/2021,02/03/2026
VEN-04375,1,31,6,01/07/2017,01/11/2027
VEN-04376,1,31,4,01/01/2016,31/12/2029
VEN-04377,2,21,6,01/09/2019,31/10/2025
VEN-04378,0,23,2,31/12/2017,02/07/2026
VEN-04379,3,27,6,31/01/2023,31/12/2026
VEN-04380,1,24,8,02/05/2022,01/05/2025
VEN-04381,2,27,6,02/03/2017,02/07/2030
VEN-04382,2,23,4,02/05/2022,31/12/2029
VEN-04383,2,15,5,01/04/2022,02/03/2027
VEN-04384,5,30,5,31/12/2016,31/10/2025
VEN-04385,3,21,5,01/12/2017,01/03/2028
VEN-04386,3,36,7,02/03/2018,01/09/2027
VEN-04387,0,21,4,01/09/2018,30/01/2026
VEN-04388,1,19,2,01/06/2019,01/08/2027
VEN-04389,2,28,9,01/06/2020,01/08/2030
VEN-04390,1,24,3,31/10/2018,30/01/2026
VEN-04391,4,29,2,01/08/2025,02/05/2030
VEN-04392,0,27,4,01/06/2025,01/07/2025
VEN-04393,2,31,3,01/04/2017,01/11/2027
VEN-04394,2,25,5,31/12/2024,01/10/2025
VEN-04395,2,27,3,02/07/2019,01/04/2029
VEN-04396,3,28,4,31/10/2022,01/10/2027
VEN-04397,0,25,6,02/07/2018,31/10/2028
VEN-04398,0,18,4,01/04/2021,31/10/2030
VEN-04399,0,29,6,01/12/2022,02/05/2030
VEN-04400,2,26,3,31/10/2018,01/07/2029
VEN-04401,2,22,5,01/03/2016,02/05/2027
VEN-04402,1,28,4,02/03/2018,01/06/2029
VEN-04403,1,28,3,01/09/2023,01/06/2028
VEN-04404,2,30,5,30/01/2017,02/03/2029
VEN-04405,1,16,6,01/01/2016,01/04/2029
VEN-04406,3,27,9,02/04/2023,01/10/2029
VEN-04407,2,25,4,02/07/2019,01/07/2029
VEN-04408,2,26,3,02/07/2018,01/05/2028
VEN-04409,2,31,4,01/10/2019,01/06/2026
VEN-04410,0,28,2,01/01/2016,31/12/2030
VEN-04411,2,27,4,01/06/2023,01/10/2025
VEN-04412,1,39,4,01/12/2023,30/09/2028
VEN-04413,1,37,5,30/01/2017,01/08/2026
VEN-04414,1,25,6,01/04/2025,30/11/2028
VEN-04415,1,25,1,31/08/2025,01/12/2027
VEN-04416,2,21,4,31/12/2016,01/06/2025
VEN-04417,2,24,4,01/07/2017,31/08/2030
VEN-04418,0,29,2,01/08/2024,31/08/2029
VEN-04419,1,34,2,31/08/2017,02/04/2027
VEN-04420,2,26,7,01/10/2018,02/05/2027
VEN-04421,2,27,5,30/11/2016,01/07/2028
VEN-04422,1,42,3,30/01/2022,01/10/2029
VEN-04423,1,30,2,01/10/2022,31/12/2030
VEN-04424,2,26,3,01/06/2022,02/03/2030
VEN-04425,3,22,3,01/06/2019,01/10/2025
VEN-04426,3,30,5,01/08/2016,01/06/2025
VEN-04427,3,20,4,01/08/2016,02/05/2026
VEN-04428,4,25,5,01/06/2022,02/07/2027
VEN-04429,2,21,7,01/04/2025,01/08/2025
VEN-04430,2,27,4,01/12/2021,02/07/2030
VEN-04431,0,25,5,01/07/2021,30/01/2029
VEN-04432,0,17,3,31/10/2025,31/12/2025
VEN-04433,0,23,3,01/03/2016,01/04/2030
VEN-04434,0,25,2,31/01/2024,01/08/2029
VEN-04435,0,33,3,01/03/2020,31/01/2027
VEN-04436,2,31,7,02/05/2022,02/03/2027
VEN-04437,1,22,2,31/10/2018,02/05/2029
VEN-04438,0,25,5,02/05/2019,01/04/2028
VEN-04439,1,29,7,31/10/2016,31/10/2030
VEN-04440,2,32,1,01/05/2025,02/07/2030
VEN-04441,1,33,4,02/03/2023,31/08/2030
VEN-04442,2,25,4,02/07/2022,30/11/2028
VEN-04443,2,26,4,31/12/2016,01/10/2029
VEN-04444,1,40,3,02/05/2022,01/10/2027
VEN-04445,0,31,8,31/10/2020,31/08/2029
VEN-04446,4,32,6,30/01/2018,02/05/2029
VEN-04447,1,34,3,30/09/2016,01/04/2028
VEN-04448,4,29,1,02/04/2023,01/08/2026
VEN-04449,2,24,4,02/05/2019,31/10/2030
VEN-04450,2,31,4,31/12/2016,01/05/2025
VEN-04451,1,18,6,02/04/2023,01/12/2025
VEN-04452,2,25,7,01/07/2016,31/10/2028
VEN-04453,2,29,4,31/12/2021,02/07/2027
VEN-04454,0,25,5,01/10/2023,01/04/2030
VEN-04455,0,22,6,31/12/2017,01/08/2025
VEN-04456,2,22,4,02/03/2022,02/05/2029
VEN-04457,5,32,2,31/10/2021,01/09/2026
VEN-04458,1,28,1,01/08/2018,01/04/2028
VEN-04459,3,23,4,01/10/2023,01/11/2027
VEN-04460,0,24,3,02/04/2023,30/01/2026
VEN-04461,1,33,4,31/10/2018,01/09/2027
VEN-04462,1,25,5,31/08/2017,01/10/2025
VEN-04463,4,34,4,01/03/2024,02/03/2030
VEN-04464,2,28,4,01/04/2016,01/12/2026
VEN-04465,3,31,3,01/07/2025,01/12/2025
VEN-04466,0,30,4,01/09/2019,31/10/2030
VEN-04467,1,28,4,01/10/2021,31/10/2028
VEN-04468,1,28,3,01/05/2024,01/12/2027
VEN-04469,2,28,5,02/03/2018,31/01/2028
VEN-04470,2,27,3,01/12/2025,01/12/2029
VEN-04471,1,28,3,02/03/2023,01/09/2027
VEN-04472,2,35,4,31/10/2021,01/05/2025
VEN-04473,2,29,2,31/12/2018,02/03/2029
VEN-04474,3,27,6,01/09/2023,31/12/2027
VEN-04475,0,31,2,01/06/2025,31/12/2025
VEN-04476,1,29,5,01/04/2018,01/10/2026
VEN-04477,2,16,2,02/03/2025,01/06/2027
VEN-04478,2,23,2,01/04/2021,01/10/2030
VEN-04479,2,27,6,02/04/2019,31/12/2029
VEN-04480,2,25,2,01/09/2019,01/06/2026
VEN-04481,2,30,6,30/11/2024,01/08/2026
VEN-04482,5,20,9,01/12/2019,01/08/2025
VEN-04483,0,25,2,31/10/2025,02/07/2026
VEN-04484,5,34,5,01/08/2025,01/04/2026
VEN-04485,3,36,6,01/08/2023,01/05/2028
VEN-04486,1,22,2,01/12/2018,31/08/2025
VEN-04487,1,38,4,01/11/2023,01/06/2028
VEN-04488,0,23,3,31/08/2017,31/01/2027
VEN-04489,2,37,5,01/08/2024,02/03/2029
VEN-04490,3,28,1,01/04/2021,31/12/2030
VEN-04491,2,20,6,02/03/2021,01/10/2030
VEN-04492,4,21,5,01/03/2020,31/08/2030
VEN-04493,0,31,4,02/03/2022,01/08/2028
VEN-04494,2,25,4,01/07/2024,01/08/2028
VEN-04495,1,24,5,01/09/2018,31/08/2028
VEN-04496,4,19,1,02/05/2019,30/01/2030
VEN-04497,2,28,2,01/06/2019,31/10/2026
VEN-04498,0,31,4,01/08/2016,01/08/2027
VEN-04499,4,26,7,30/01/2017,02/04/2027
VEN-04500,1,28,4,31/10/2018,01/06/2030
VEN-04501,2,36,3,01/08/2021,02/07/2026
VEN-04502,4,26,1,31/10/2025,02/07/2026
VEN-04503,2,26,4,01/10/2023,01/06/2027
VEN-04504,5,27,5,31/10/2022,01/08/2027
VEN-04505,0,21,4,31/12/2022,02/05/2029
VEN-04506,1,32,7,01/06/2016,31/12/2025
VEN-04507,3,25,8,01/05/2025,02/07/2026
VEN-04508,1,37,3,02/04/2019,31/08/2030
VEN-04509,3,26,3,30/01/2021,31/12/2028
VEN-04510,4,20,5,01/10/2022,02/04/2027
VEN-04511,2,34,3,01/08/2018,01/12/2030
VEN-04512,2,27,4,01/12/2019,01/09/2026
VEN-04513,1,29,3,01/07/2017,31/12/2028
VEN-04514,2,38,6,01/05/2024,01/08/2026
VEN-04515,1,26,4,02/04/2023,01/04/2029
VEN-04516,2,27,6,30/09/2016,31/12/2027
VEN-04517,3,27,3,01/04/2017,30/01/2026
VEN-04518,3,24,3,30/01/2022,01/03/2028
VEN-04519,2,31,2,01/12/2021,01/11/2027
VEN-04520,2,19,3,01/01/2024,02/03/2029
VEN-04521,1,21,6,02/03/2025,01/06/2030
VEN-04522,1,25,5,01/04/2025,01/12/2029
VEN-04523,1,23,5,01/12/2025,02/03/2027
VEN-04524,2,33,5,01/08/2025,02/05/2029
VEN-04525,1,30,5,01/04/2022,01/07/2028
VEN-04526,5,19,7,02/07/2019,31/01/2028
VEN-04527,2,26,6,02/07/2019,02/07/2026
VEN-04528,0,21,3,02/03/2019,01/05/2028
VEN-04529,2,30,4,02/07/2019,02/04/2027
VEN-04530,0,32,4,02/05/2019,01/12/2030
VEN-04531,0,27,3,30/01/2022,01/12/2027
VEN-04532,3,28,5,31/10/2022,01/11/2027
VEN-04533,2,24,1,31/08/2021,01/10/2025
VEN-04534,3,26,7,31/12/2017,02/03/2027
VEN-04535,3,32,4,01/08/2020,31/12/2030
VEN-04536,3,26,8,01/08/2017,31/12/2028
VEN-04537,0,27,2,31/08/2022,01/07/2029
VEN-04538,1,31,4,01/12/2019,02/03/2029
VEN-04539,0,24,5,02/07/2019,31/12/2027
VEN-04540,0,31,8,01/11/2019,31/08/2030
VEN-04541,2,25,7,30/11/2024,31/01/2027
VEN-04542,3,20,1,01/01/2024,02/05/2027
VEN-04543,5,21,3,01/10/2019,01/07/2029
VEN-04544,2,29,5,01/06/2017,01/04/2028
VEN-04545,3,28,7,30/01/2021,02/07/2027
VEN-04546,1,30,4,30/01/2025,30/11/2028
VEN-04547,2,32,6,01/04/2017,31/12/2029
VEN-04548,2,22,4,01/12/2017,02/05/2029
VEN-04549,2,23,3,31/10/2017,01/10/2027
VEN-04550,0,22,1,01/10/2021,01/07/2025
VEN-04551,3,29,4,02/07/2019,01/12/2029
VEN-04552,2,33,4,31/12/2024,02/07/2030
VEN-04553,0,29,5,31/08/2025,01/08/2029
VEN-04554,0,29,5,01/05/2025,02/05/2026
VEN-04555,2,20,9,31/08/2021,01/04/2030
VEN-04556,2,36,5,31/01/2016,01/08/2026
VEN-04557,3,24,7,01/06/2025,02/05/2030
VEN-04558,3,27,8,01/04/2020,01/04/2029
VEN-04559,3,39,1,01/06/2018,01/03/2028
VEN-04560,5,25,8,01/07/2021,01/06/2026
VEN-04561,4,27,4,01/06/2025,01/10/2027
VEN-04562,1,29,3,31/08/2016,30/01/2026
VEN-04563,2,27,4,31/12/2016,02/05/2029
VEN-04564,3,24,2,02/05/2021,01/10/2030
VEN-04565,2,24,2,01/08/2017,30/01/2030
VEN-04566,1,24,2,01/07/2017,31/12/2028
VEN-04567,3,25,4,01/06/2019,01/12/2030
VEN-04568,4,31,1,01/06/2017,01/10/2030
VEN-04569,4,29,5,31/12/2018,31/12/2030
VEN-04570,4,21,4,01/06/2018,31/08/2025
VEN-04571,1,23,4,31/10/2024,01/12/2030
VEN-04572,1,23,2,31/12/2024,01/07/2025
VEN-04573,0,26,2,01/06/2024,01/08/2027
VEN-04574,0,30,2,01/06/2016,01/12/2026
VEN-04575,2,31,3,31/10/2021,02/03/2030
VEN-04576,5,25,4,01/09/2019,01/07/2025
VEN-04577,0,25,6,01/04/2020,31/10/2030
VEN-04578,8,21,6,31/10/2021,01/11/2027
VEN-04579,1,26,8,31/10/2018,01/10/2025
VEN-04580,2,24,3,02/05/2018,31/10/2030
VEN-04581,2,20,3,01/06/2016,01/08/2025
VEN-04582,2,31,5,01/04/2025,02/05/2027
VEN-04583,0,19,2,01/06/2022,31/10/2026
VEN-04584,1,24,6,01/03/2024,01/07/2029
VEN-04585,0,23,2,01/07/2020,01/09/2026
VEN-04586,1,26,6,02/03/2019,31/12/2028
VEN-04587,2,30,7,01/03/2024,31/10/2025
VEN-04588,2,24,3,01/09/2019,01/07/2025
VEN-04589,2,29,3,01/06/2025,01/10/2025
VEN-04590,3,18,6,30/09/2020,01/09/2026
VEN-04591,1,27,4,01/04/2016,31/01/2028
VEN-04592,2,31,2,02/04/2019,30/11/2028
VEN-04593,1,32,2,02/03/2018,31/10/2028
VEN-04594,2,34,4,01/07/2016,31/10/2025
VEN-04595,1,27,6,30/09/2020,01/06/2027
VEN-04596,3,27,3,31/08/2024,01/12/2027
VEN-04597,2,25,4,31/01/2020,01/08/2027
VEN-04598,2,26,4,02/07/2022,02/03/2029
VEN-04599,0,27,2,01/06/2016,01/03/2028
VEN-04600,2,21,4,31/12/2022,02/04/2027
VEN-04601,3,30,7,31/08/2020,01/08/2026
VEN-04602,0,37,3,01/08/2016,31/01/2027
VEN-04603,1,22,3,02/07/2018,30/01/2030
VEN-04604,1,35,5,31/01/2024,01/06/2029
VEN-04605,3,24,4,01/04/2017,01/10/2027
VEN-04606,1,28,5,01/04/2022,01/09/2027
VEN-04607,1,30,3,31/10/2018,31/12/2026
VEN-04608,2,31,8,30/11/2016,01/05/2028
VEN-04609,1,28,5,01/03/2016,02/05/2030
VEN-04610,1,37,4,02/04/2019,01/06/2026
VEN-04611,2,25,6,01/08/2018,31/08/2028
VEN-04612,2,21,3,31/08/2025,31/10/2029
VEN-04613,4,16,5,01/06/2016,31/08/2025
VEN-04614,2,32,6,01/05/2016,30/09/2028
VEN-04615,1,20,6,01/11/2023,31/08/2028
VEN-04616,2,32,4,01/05/2025,01/12/2030
VEN-04617,0,32,1,01/07/2016,02/07/2027
VEN-04618,1,22,4,30/09/2020,31/08/2029
VEN-04619,0,39,4,01/03/2024,01/10/2025
VEN-04620,0,27,6,02/07/2023,30/09/2028
VEN-04621,1,26,3,02/05/2019,01/10/2026
VEN-04622,2,27,3,01/09/2019,31/10/2028
VEN-04623,0,41,4,01/11/2019,30/09/2028
VEN-04624,1,25,8,31/01/2023,02/03/2027
VEN-04625,3,26,3,02/05/2018,02/03/2030
VEN-04626,3,25,7,01/10/2017,01/11/2027
VEN-04627,0,27,5,01/08/2025,01/10/2026
VEN-04628,2,26,2,01/05/2020,02/03/2029
VEN-04629,3,21,4,31/12/2018,01/05/2028
VEN-04630,2,31,5,31/10/2022,01/04/2028
VEN-04631,3,22,5,31/12/2018,30/01/2026
VEN-04632,4,19,5,01/05/2017,01/10/2030
VEN-04633,0,22,6,31/12/2016,01/06/2027
VEN-04634,3,24,3,02/03/2018,01/07/2028
VEN-04635,1,20,1,01/12/2018,02/03/2026
VEN-04636,1,23,6,31/12/2020,01/05/2025
VEN-04637,4,25,3,31/12/2024,01/06/2029
VEN-04638,2,24,1,30/01/2021,31/12/2025
VEN-04639,3,16,2,30/01/2018,01/04/2029
VEN-04640,1,23,8,01/04/2021,01/08/2025
VEN-04641,3,23,3,31/08/2016,02/03/2027
VEN-04642,3,30,5,01/08/2020,02/07/2030
VEN-04643,1,18,3,01/12/2025,01/06/2028
VEN-04644,0,27,4,01/06/2017,31/01/2027
VEN-04645,1,25,4,01/07/2021,01/12/2025
VEN-04646,3,35,5,01/04/2025,30/01/2030
VEN-04647,3,21,5,31/01/2019,01/08/2028
VEN-04648,2,33,4,30/01/2022,01/11/2027
VEN-04649,3,31,1,30/01/2018,01/10/2029
VEN-04650,2,22,3,01/06/2018,01/08/2030
VEN-04651,1,21,3,01/07/2016,02/03/2029
VEN-04652,1,29,3,01/05/2016,31/01/2028
VEN-04653,2,31,4,01/06/2018,30/11/2028
VEN-04654,0,25,4,01/06/2024,01/04/2030
VEN-04655,3,36,2,01/10/2017,01/12/2026
VEN-04656,1,21,4,01/07/2025,02/03/2029
VEN-04657,1,23,4,02/05/2021,01/05/2028
VEN-04658,2,38,2,01/12/2017,31/10/2026
VEN-04659,1,33,7,30/11/2016,01/08/2026
VEN-04660,1,24,6,01/04/2016,01/08/2028
VEN-04661,3,25,4,31/08/2024,02/05/2026
VEN-04662,2,29,2,31/10/2018,31/10/2026
VEN-04663,0,34,2,02/03/2025,01/06/2027
VEN-04664,1,25,6,01/06/2020,01/06/2026
VEN-04665,5,26,4,02/07/2022,31/01/2027
VEN-04666,2,27,5,01/08/2023,02/03/2027
VEN-04667,2,31,6,02/07/2018,01/08/2025
VEN-04668,2,30,3,01/05/2016,31/12/2026
VEN-04669,1,25,2,02/07/2022,30/01/2029
VEN-04670,1,27,3,01/10/2018,01/03/2028
VEN-04671,1,20,4,02/05/2018,01/06/2027
VEN-04672,4,23,2,31/12/2018,30/11/2028
VEN-04673,0,22,6,31/08/2022,01/06/2026
VEN-04674,2,29,4,02/03/2017,31/10/2030
VEN-04675,4,23,5,01/12/2018,31/08/2025
VEN-04676,3,23,5,02/03/2017,31/12/2027
VEN-04677,3,27,5,02/07/2023,31/10/2029
VEN-04678,2,31,7,02/03/2025,31/08/2029
VEN-04679,3,27,3,31/01/2019,01/12/2027
VEN-04680,2,20,3,01/10/2025,31/01/2028
VEN-04681,2,22,3,01/01/2024,02/05/2030
VEN-04682,1,21,3,01/10/2023,01/10/2027
VEN-04683,5,28,3,01/01/2024,01/07/2025
VEN-04684,1,34,9,31/10/2016,01/09/2027
VEN-04685,3,26,4,01/04/2017,01/07/2025
VEN-04686,1,40,5,01/08/2020,02/05/2030
VEN-04687,3,31,3,02/03/2019,01/08/2026
VEN-04688,2,28,4,02/07/2019,02/03/2026
VEN-04689,8,19,7,01/04/2017,30/11/2028
VEN-04690,0,39,5,02/07/2022,31/12/2026
VEN-04691,2,20,6,01/12/2018,01/07/2029
VEN-04692,4,25,3,01/10/2021,01/06/2029
VEN-04693,5,36,6,31/10/2020,01/04/2028
VEN-04694,1,18,2,01/12/2022,31/12/2026
VEN-04695,4,24,5,01/06/2018,01/12/2026
VEN-04696,2,34,2,01/08/2016,01/05/2025
VEN-04697,6,26,4,01/03/2016,02/05/2030
VEN-04698,1,26,2,31/10/2021,02/07/2026
VEN-04699,1,21,2,30/01/2025,31/12/2027
VEN-04700,5,24,7,01/08/2017,01/07/2025
VEN-04701,1,15,5,31/08/2025,01/04/2028
VEN-04702,1,24,4,01/06/2024,31/12/2026
VEN-04703,1,32,3,31/12/2016,01/03/2028
VEN-04704,2,29,5,01/10/2022,02/03/2027
VEN-04705,2,25,3,01/07/2020,01/10/2029
VEN-04706,4,34,2,01/03/2024,01/10/2030
VEN-04707,1,24,4,02/04/2023,31/12/2028
VEN-04708,2,31,4,31/12/2022,01/12/2029
VEN-04709,4,23,8,01/10/2023,01/12/2027
VEN-04710,4,30,13,02/04/2019,31/12/2025
VEN-04711,3,31,5,02/04/2019,02/05/2027
VEN-04712,0,28,5,01/08/2024,31/12/2025
VEN-04713,1,29,7,01/03/2016,01/08/2025
VEN-04714,3,19,7,01/08/2020,31/12/2030
VEN-04715,3,28,2,01/10/2018,31/01/2028
VEN-04716,1,27,4,01/12/2025,02/03/2029
VEN-04717,3,26,7,30/01/2022,01/10/2027
VEN-04718,1,27,2,01/03/2016,30/11/2028
VEN-04719,4,27,3,01/05/2017,31/12/2026
VEN-04720,1,27,3,01/08/2025,31/08/2028
VEN-04721,2,36,3,02/04/2019,01/05/2028
VEN-04722,2,32,3,01/06/2018,02/03/2026
VEN-04723,3,23,3,01/08/2024,01/06/2028
VEN-04724,1,34,4,01/04/2017,31/10/2026
VEN-04725,2,23,4,01/03/2024,01/07/2028
VEN-04726,1,30,6,01/01/2016,01/10/2027
VEN-04727,2,27,3,31/10/2025,02/03/2027
VEN-04728,0,31,9,01/06/2019,01/11/2027
VEN-04729,8,30,1,01/08/2023,01/10/2025
VEN-04730,1,24,2,01/12/2019,31/10/2030
VEN-04731,3,27,3,02/05/2018,31/08/2028
VEN-04732,0,29,4,01/06/2020,01/08/2025
VEN-04733,2,24,4,02/07/2018,30/01/2026
VEN-04734,2,18,4,02/05/2018,01/06/2025
VEN-04735,1,25,9,31/08/2022,01/10/2026
VEN-04736,0,26,4,01/04/2017,01/08/2030
VEN-04737,1,31,4,02/03/2025,01/07/2029
VEN-04738,0,31,4,31/08/2020,02/05/2030
VEN-04739,4,26,6,01/06/2018,31/01/2028
VEN-04740,1,23,3,01/10/2018,01/12/2026
VEN-04741,2,27,4,01/10/2022,02/07/2027
VEN-04742,3,29,5,01/05/2016,02/03/2027
VEN-04743,2,28,4,31/01/2016,02/05/2030
VEN-04744,1,34,4,31/10/2024,31/08/2028
VEN-04745,0,19,1,31/12/2024,30/01/2030
VEN-04746,1,23,6,31/01/2020,01/06/2026
VEN-04747,2,26,7,31/01/2024,02/07/2030
VEN-04748,1,28,5,01/04/2025,02/05/2030
VEN-04749,1,24,4,31/10/2017,31/08/2028
VEN-04750,3,24,4,01/08/2021,31/10/2026
VEN-04751,1,25,1,01/05/2017,30/09/2028
VEN-04752,2,25,4,01/09/2018,31/08/2025
VEN-04753,1,32,4,02/05/2019,01/06/2026
VEN-04754,3,30,4,02/03/2022,01/05/2028
VEN-04755,3,25,4,02/07/2018,31/10/2030
VEN-04756,3,45,1,30/11/2024,01/07/2029
VEN-04757,1,34,6,31/10/2022,01/09/2026
VEN-04758,2,41,3,31/08/2017,01/10/2030
VEN-04759,4,25,4,02/03/2019,31/01/2028
VEN-04760,3,16,3,02/07/2023,30/11/2028
VEN-04761,1,19,6,01/06/2017,01/12/2029
VEN-04762,3,35,4,30/11/2020,01/12/2025
VEN-04763,1,36,2,01/08/2018,01/06/2026
VEN-04764,0,31,2,01/07/2024,30/01/2029
VEN-04765,5,25,8,01/08/2024,01/10/2027
VEN-04766,2,25,3,31/01/2016,31/10/2025
VEN-04767,1,30,6,31/10/2016,30/01/2026
VEN-04768,4,20,3,02/03/2022,01/06/2026
VEN-04769,3,22,3,31/08/2016,01/03/2028
VEN-04770,0,22,6,01/10/2017,31/12/2026
VEN-04771,3,24,5,02/04/2023,02/07/2030
VEN-04772,3,28,8,30/01/2022,01/08/2025
VEN-04773,3,35,4,31/08/2020,01/10/2027
VEN-04774,3,24,6,02/07/2022,01/06/2027
VEN-04775,3,25,4,31/01/2023,31/12/2025
VEN-04776,1,26,5,01/08/2023,31/08/2029
VEN-04777,5,29,5,01/08/2019,31/08/2029
VEN-04778,3,31,6,01/12/2021,01/08/2025
VEN-04779,1,17,2,01/04/2016,01/06/2028
VEN-04780,4,29,9,02/03/2017,01/03/2028
VEN-04781,1,31,2,31/12/2024,01/08/2025
VEN-04782,1,20,6,02/05/2019,01/08/2026
VEN-04783,2,32,5,01/08/2019,01/06/2027
VEN-04784,1,33,4,01/06/2025,01/08/2028
VEN-04785,0,29,5,30/01/2018,01/12/2027
VEN-04786,2,32,6,01/08/2020,31/01/2028
VEN-04787,1,22,2,31/08/2017,01/07/2029
VEN-04788,1,28,4,31/12/2020,01/04/2026
VEN-04789,1,35,1,01/10/2021,31/08/2025
VEN-04790,5,33,3,31/01/2019,02/03/2030
VEN-04791,0,32,3,02/05/2018,01/09/2026
VEN-04792,0,24,4,01/06/2018,01/03/2028
VEN-04793,2,30,5,02/03/2021,31/08/2025
VEN-04794,1,31,7,01/05/2020,31/12/2030
VEN-04795,3,26,6,01/01/2016,01/06/2029
VEN-04796,2,33,5,02/03/2017,01/12/2030
VEN-04797,2,26,4,31/12/2021,01/10/2030
VEN-04798,2,34,4,02/07/2019,01/10/2026
VEN-04799,2,33,1,01/05/2024,01/09/2027
VEN-04800,0,18,3,01/08/2022,02/05/2030
VEN-04801,0,33,3,01/08/2020,01/05/2028
VEN-04802,3,31,3,02/03/2022,01/06/2029
VEN-04803,1,26,8,31/08/2016,01/12/2027
VEN-04804,4,27,6,01/05/2017,01/10/2027
VEN-04805,1,32,4,31/08/2025,01/09/2027
VEN-04806,3,30,3,02/05/2023,31/12/2029
VEN-04807,1,30,3,01/06/2024,01/03/2028
VEN-04808,2,15,6,01/07/2024,01/10/2027
VEN-04809,0,29,3,01/07/2020,01/03/2028
VEN-04810,1,26,6,01/06/2018,31/01/2028
VEN-04811,1,31,3,01/09/2018,02/07/2026
VEN-04812,0,26,2,31/08/2021,01/06/2027
VEN-04813,2,26,1,01/12/2021,30/11/2028
VEN-04814,2,38,3,01/09/2023,02/03/2030
VEN-04815,1,21,9,01/05/2017,01/08/2027
VEN-04816,0,24,6,31/08/2017,02/07/2030
VEN-04817,0,28,2,01/04/2022,31/12/2030
VEN-04818,2,34,4,31/01/2024,02/03/2026
VEN-04819,2,18,5,01/04/2021,02/07/2026
VEN-04820,2,29,3,01/09/2018,31/08/2028
VEN-04821,3,30,4,02/03/2023,31/10/2026
VEN-04822,2,24,4,01/08/2022,31/12/2025
VEN-04823,1,29,5,01/07/2024,31/10/2029
VEN-04824,0,17,3,31/10/2018,01/06/2030
VEN-04825,1,28,5,02/03/2017,01/09/2026
VEN-04826,0,24,2,01/04/2018,01/08/2026
VEN-04827,2,21,4,01/12/2017,31/12/2029
VEN-04828,0,36,6,01/06/2024,01/07/2025
VEN-04829,1,21,2,01/04/2017,01/06/2025
VEN-04830,2,30,1,01/10/2017,01/08/2029
VEN-04831,2,29,6,01/10/2022,02/05/2026
VEN-04832,1,27,6,01/10/2019,30/01/2029
VEN-04833,1,22,5,01/04/2025,01/08/2027
VEN-04834,3,29,2,01/05/2017,01/09/2027
VEN-04835,0,29,7,01/12/2025,01/10/2030
VEN-04836,0,20,6,31/08/2025,31/10/2028
VEN-04837,0,30,6,01/11/2019,01/10/2026
VEN-04838,4,31,3,01/06/2018,01/10/2029
VEN-04839,2,23,5,01/10/2017,02/03/2026
VEN-04840,0,27,4,31/01/2016,01/04/2026
VEN-04841,1,24,4,01/10/2025,01/08/2027
VEN-04842,3,41,3,01/12/2018,31/01/2027
VEN-04843,4,21,6,01/10/2022,01/12/2030
VEN-04844,2,29,4,30/09/2016,31/01/2028
VEN-04845,2,24,5,31/12/2022,01/09/2027
VEN-04846,1,28,5,31/10/2021,30/11/2028
VEN-04847,0,20,5,31/12/2022,01/11/2027
VEN-04848,1,28,4,01/12/2018,31/10/2028
VEN-04849,2,30,5,30/11/2016,01/09/2027
VEN-04850,1,22,6,01/04/2020,01/03/2028
VEN-04851,2,34,6,02/07/2022,01/08/2030
VEN-04852,3,20,2,01/08/2022,30/01/2029
VEN-04853,1,38,5,31/01/2019,31/10/2025
VEN-04854,3,19,4,01/10/2019,01/06/2025
VEN-04855,2,34,3,01/08/2023,01/11/2027
VEN-04856,1,30,6,02/05/2022,02/03/2027
VEN-04857,2,25,2,01/07/2016,01/06/2028
VEN-04858,2,24,6,01/07/2016,01/08/2028
VEN-04859,2,27,3,30/01/2022,01/04/2030
VEN-04860,2,23,2,31/12/2017,31/01/2027
VEN-04861,2,34,6,01/04/2025,02/03/2029
VEN-04862,2,29,3,01/04/2017,31/08/2030
VEN-04863,0,20,8,01/10/2022,02/07/2026
VEN-04864,1,38,4,01/08/2019,31/10/2030
VEN-04865,1,26,5,01/11/2019,01/10/2030
VEN-04866,3,27,4,01/08/2017,01/06/2027
VEN-04867,0,20,2,01/06/2016,31/10/2029
VEN-04868,6,29,7,01/04/2022,01/08/2026
VEN-04869,0,28,6,01/08/2020,01/07/2025
VEN-04870,1,30,3,02/05/2019,01/08/2026
VEN-04871,3,35,7,31/01/2020,31/12/2025
VEN-04872,3,34,3,01/08/2022,01/11/2027
VEN-04873,1,27,4,02/03/2022,01/10/2026
VEN-04874,1,27,2,31/12/2019,31/10/2030
VEN-04875,3,23,4,01/08/2016,01/03/2028
VEN-04876,0,23,5,01/04/2025,01/09/2026
VEN-04877,0,28,4,01/09/2023,31/12/2026
VEN-04878,1,21,6,31/12/2017,02/03/2027
VEN-04879,2,35,4,31/12/2019,31/10/2025
VEN-04880,2,20,3,01/10/2021,01/07/2028
VEN-04881,1,31,1,01/06/2022,01/06/2025
VEN-04882,1,23,3,31/01/2016,01/08/2028
VEN-04883,3,24,4,30/01/2017,01/06/2029
VEN-04884,4,28,4,01/06/2017,30/01/2029
VEN-04885,2,28,7,31/01/2023,01/05/2025
VEN-04886,1,26,2,01/11/2019,01/07/2029
VEN-04887,0,23,5,01/05/2016,01/03/2028
VEN-04888,3,25,5,02/05/2023,31/10/2029
VEN-04889,3,26,2,01/12/2023,01/10/2027
VEN-04890,2,35,4,01/09/2019,31/01/2028
VEN-04891,1,26,6,01/01/2024,01/11/2027
VEN-04892,1,18,2,01/06/2018,31/08/2025
VEN-04893,3,22,5,01/05/2017,01/12/2027
VEN-04894,1,23,1,01/04/2021,02/03/2029
VEN-04895,1,24,4,31/01/2016,31/12/2029
VEN-04896,3,23,7,31/12/2019,31/08/2028
VEN-04897,2,28,4,31/10/2021,01/06/2027
VEN-04898,0,26,1,02/03/2017,02/07/2026
VEN-04899,1,28,3,01/10/2019,01/12/2029
VEN-04900,1,22,6,01/08/2024,02/03/2030
VEN-04901,4,27,3,01/05/2017,01/12/2026
VEN-04902,3,24,3,31/12/2020,01/08/2029
VEN-04903,0,21,6,02/07/2022,30/01/2030
VEN-04904,2,37,3,01/05/2017,01/10/2027
VEN-04905,5,21,10,01/04/2018,01/08/2028
VEN-04906,2,30,3,30/01/2022,31/10/2030
VEN-04907,3,22,3,31/01/2016,31/10/2028
VEN-04908,2,22,4,30/01/2017,02/03/2029
VEN-04909,2,21,3,01/04/2024,02/07/2030
VEN-04910,2,25,2,01/06/2020,31/08/2030
VEN-04911,2,32,4,01/08/2019,31/10/2029
VEN-04912,0,25,5,01/12/2021,01/07/2029
VEN-04913,0,27,3,31/08/2020,02/07/2026
VEN-04914,2,24,2,31/01/2016,01/06/2029
VEN-04915,2,22,3,01/04/2020,02/05/2027
VEN-04916,2,23,4,01/05/2024,01/08/2026
VEN-04917,3,20,4,01/06/2017,31/12/2030
VEN-04918,4,31,3,02/07/2022,01/09/2027
VEN-04919,3,31,4,01/04/2024,31/12/2028
VEN-04920,2,16,5,01/10/2023,30/11/2028
VEN-04921,1,41,5,31/08/2017,31/10/2028
VEN-04922,1,20,3,01/03/2016,30/01/2030
VEN-04923,0,23,3,31/01/2024,31/12/2029
VEN-04924,1,26,4,01/06/2024,02/07/2030
VEN-04925,3,23,3,01/04/2016,01/06/2030
VEN-04926,0,32,5,30/09/2024,01/10/2025
VEN-04927,1,26,1,01/06/2020,01/08/2027
VEN-04928,2,28,3,02/05/2023,01/06/2029
VEN-04929,1,33,3,01/01/2024,02/03/2030
VEN-04930,2,30,5,01/11/2019,31/10/2026
VEN-04931,2,19,4,01/03/2024,30/01/2030
VEN-04932,1,22,4,02/05/2023,02/05/2029
VEN-04933,0,29,4,02/07/2019,01/04/2028
VEN-04934,2,32,2,31/08/2022,31/01/2027
VEN-04935,1,32,1,31/01/2016,31/08/2028
VEN-04936,1,28,3,01/08/2020,01/08/2028
VEN-04937,3,22,4,31/10/2024,01/12/2026
VEN-04938,1,19,5,01/08/2019,01/05/2028
VEN-04939,2,21,3,01/11/2019,01/07/2028
VEN-04940,1,19,5,01/03/2020,02/05/2030
VEN-04941,1,22,8,01/05/2016,02/05/2026
VEN-04942,0,23,3,01/11/2019,30/01/2029
VEN-04943,1,23,1,01/06/2018,01/10/2025
VEN-04944,0,23,5,02/04/2019,01/09/2026
VEN-04945,2,31,3,01/06/2023,30/01/2030
VEN-04946,2,24,4,02/03/2017,30/11/2028
VEN-04947,3,24,4,02/03/2019,01/08/2026
VEN-04948,1,28,6,02/03/2019,31/12/2028
VEN-04949,1,25,4,01/04/2025,31/10/2030
VEN-04950,1,29,3,01/10/2018,01/06/2027
VEN-04951,3,28,4,31/12/2024,01/08/2029
VEN-04952,0,37,5,31/12/2021,31/10/2026
VEN-04953,0,27,7,01/05/2020,01/06/2027
VEN-04954,2,29,3,01/07/2016,02/07/2030
VEN-04955,1,35,2,01/03/2024,31/12/2025
VEN-04956,3,35,4,01/12/2017,02/03/2026
VEN-04957,2,18,3,01/08/2020,01/08/2025
VEN-04958,2,34,6,01/03/2020,30/01/2026
VEN-04959,1,24,3,31/10/2016,01/10/2029
VEN-04960,3,26,2,01/07/2021,31/08/2028
VEN-04961,0,25,3,01/08/2024,31/12/2025
VEN-04962,1,32,8,01/10/2025,31/01/2027
VEN-04963,3,23,3,01/06/2022,01/12/2029
VEN-04964,1,25,4,31/01/2016,01/03/2028
VEN-04965,0,34,3,01/10/2023,02/05/2029
VEN-04966,2,17,3,01/08/2024,31/10/2026
VEN-04967,0,27,6,01/08/2025,31/08/2030
VEN-04968,1,23,3,31/10/2020,01/06/2027
VEN-04969,2,26,5,02/05/2022,01/10/2030
VEN-04970,0,27,7,02/07/2022,01/09/2027
VEN-04971,1,26,6,31/12/2019,01/08/2029
VEN-04972,2,31,4,31/08/2022,01/07/2028
VEN-04973,3,25,4,01/06/2025,31/10/2028
VEN-04974,1,33,4,01/10/2021,01/10/2025
VEN-04975,0,18,5,01/08/2018,31/10/2029
VEN-04976,3,18,4,01/04/2020,01/10/2027
VEN-04977,3,20,4,01/08/2016,01/10/2026
VEN-04978,1,23,2,31/10/2025,01/04/2029
VEN-04979,0,29,8,01/05/2025,31/08/2029
VEN-04980,2,27,4,01/06/2024,02/05/2029
VEN-04981,1,27,6,01/08/2025,31/08/2030
VEN-04982,2,26,2,01/11/2019,31/10/2026
VEN-04983,1,22,4,01/10/2019,01/06/2026
VEN-04984,1,26,4,01/08/2018,01/06/2028
VEN-04985,1,29,4,01/12/2023,02/04/2027
VEN-04986,1,31,4,02/03/2019,02/07/2027
VEN-04987,1,28,10,01/04/2024,31/12/2028
VEN-04988,1,27,7,31/01/2016,01/07/2025
VEN-04989,1,29,6,01/06/2023,01/10/2027
VEN-04990,1,34,4,01/07/2025,01/10/2027
VEN-04991,2,28,5,31/01/2024,01/06/2025
VEN-04992,1,25,5,31/10/2020,02/03/2029
VEN-04993,5,32,4,31/10/2018,30/01/2030
VEN-04994,3,39,3,01/10/2021,01/10/2030
VEN-04995,2,35,5,01/10/2022,01/10/2030
VEN-04996,7,23,5,01/01/2024,01/12/2025
VEN-04997,2,21,6,30/09/2024,01/10/2026
VEN-04998,8,31,6,30/01/2017,01/10/2027
VEN-04999,4,26,4,02/07/2018,31/08/2028
VEN-05000,2,27,3,01/07/2024,31/08/2030
